,p六库,恐慌,仓位,收益,标的开→开,货基
2015-01-05,-0.5239514685692619,1,0.0,0.0,,0.0
2015-01-06,-0.39209924769547383,1,0.0,0.00011975569837519018,,0.00011975569837519018
2015-01-07,-0.7527217083572252,1,0.0,4.989223277740429e-05,,4.989223277740429e-05
2015-01-08,-0.8671558575173379,1,0.0,0.00022949282086570655,,0.00022949282086570655
2015-01-09,-0.9196890409615427,1,0.0,0.0,,0.0
2015-01-12,-0.7695410747358155,1,0.0,0.0,,0.0
2015-01-13,-0.5799272880559568,1,0.0,0.00019951716845234557,,0.00019951716845234557
2015-01-14,-0.8552434621836782,1,0.0,0.0002692944485447324,,0.0002692944485447324
2015-01-15,-0.8015977745829405,1,0.0,0.00022933721544760033,,0.00022933721544760033
2015-01-16,-0.6868177103828909,1,0.0,0.00039875588164894893,,0.00039875588164894893
2015-01-19,0.05841232750171479,1,0.0,0.000468351403061229,,0.000468351403061229
2015-01-20,0.4159644910943873,1,0.0,0.0011952310281979628,,0.0011952310281979628
2015-01-21,0.7646749558778643,0,0.0,0.0,,0.0
2015-01-22,0.6530394609892164,0,0.0,0.0,,0.0
2015-01-23,0.33099495219554437,0,0.0,2.9871849764440128e-05,,2.9871849764440128e-05
2015-01-26,0.3158414123450707,0,0.0,6.969890074848273e-05,,6.969890074848273e-05
2015-01-27,-0.1239696921307291,0,0.0,0.00012943179442270747,,0.00012943179442270747
2015-01-28,-0.5127976716085293,0,0.0,0.00011946004061647031,,0.00011946004061647031
2015-01-29,-0.5332503048297936,0,0.0,0.00014930721452444118,,0.00014930721452444118
2015-01-30,-0.4420690675544945,0,0.0,0.0,,0.0
2015-02-02,-0.3340396518822743,0,0.0,0.00021901879579466765,,0.00021901879579466765
2015-02-03,-0.12842542053112652,0,0.0,0.0003782223549317898,,0.0003782223549317898
2015-02-04,-0.6669346961193597,0,0.0,0.0003979782703864565,,0.0003979782703864565
2015-02-05,-0.6176951454954592,0,0.0,0.0001591279786767874,,0.0001591279786767874
2015-02-06,-0.06624147742224264,0,0.0,5.9663497872008975e-05,,5.9663497872008975e-05
2015-02-09,0.20824867963769292,0,0.0,0.0,,0.0
2015-02-10,0.3501202174232467,0,0.0,0.0,,0.0
2015-02-11,0.12219696667645856,0,0.0,0.0001392425206874215,,0.0001392425206874215
2015-02-12,-0.19885080058214114,0,0.0,0.0008055052805344687,,0.0008055052805344687
2015-02-13,0.3816073777189343,0,0.0,0.0014308568248890818,,0.0014308568248890818
2015-02-16,0.6699186987456188,0,0.0,0.001031920065884151,,0.001031920065884151
2015-02-17,-0.1230714929106615,0,0.0,0.0,,0.0
2015-02-25,-0.2196506787983926,0,0.0,0.0,,0.0
2015-02-26,-0.5906771668213708,0,0.0,8.928837167787584e-05,,8.928837167787584e-05
2015-02-27,-0.37659911431676535,0,0.0,5.952026665068111e-05,,5.952026665068111e-05
2015-03-02,0.29735640237834077,0,0.0,0.0002479863508313418,,0.0002479863508313418
2015-03-03,0.26813244963240734,0,0.0,7.93359580311126e-05,,7.93359580311126e-05
2015-03-04,0.44410438628162613,0,0.0,0.00011899449650454308,,0.00011899449650454308
2015-03-05,0.053531759110992505,0,0.0,0.00010906531029086786,,0.00010906531029086786
2015-03-06,0.08004949204384952,0,0.0,7.931157552443224e-05,,7.931157552443224e-05
2015-03-09,-0.14431706088301052,0,0.0,2.973948213669253e-05,,2.973948213669253e-05
2015-03-10,-0.07016451376811601,0,0.0,0.0002676473795339973,,0.0002676473795339973
2015-03-11,-0.445619285479576,0,0.0,0.0,,0.0
2015-03-12,-0.40060510738890426,0,0.0,0.00034687465931959593,,0.00034687465931959593
2015-03-13,-0.168082796060092,0,0.0,0.0007331378299118008,,0.0007331378299118008
2015-03-16,0.5516144952119374,0,0.0,0.000732600732600952,,0.000732600732600952
2015-03-17,0.5059131802888076,0,0.0,0.00027699734873931625,,0.00027699734873931625
2015-03-18,0.6952290865475024,0,0.0,0.0,,0.0
2015-03-19,0.004501689370347617,0,0.0,0.0,,0.0
2015-03-20,-0.21383406057647278,0,0.0,0.00014839143682454647,,0.00014839143682454647
2015-03-23,0.2865288420247622,0,0.0,0.00011869553605881045,,0.00011869553605881045
2015-03-24,0.28624891081417325,0,0.0,8.901108682524139e-05,,8.901108682524139e-05
2015-03-25,0.34959788808572895,0,0.0,0.00018789556962017784,,0.00018789556962017784
2015-03-26,0.5905876317937738,0,0.0,9.887382710949133e-05,,9.887382710949133e-05
2015-03-27,0.422903515481017,0,0.0,0.0002669329405133869,,0.0002669329405133869
2015-03-30,-0.11434251772274306,0,0.0,0.0,,0.0
2015-03-31,-0.4883685204686185,0,0.0,1.976772918244052e-05,,1.976772918244052e-05
2015-04-01,0.16267880020963701,0,0.0,0.00025697539954716575,,0.00025697539954716575
2015-04-02,0.3987271608029659,0,0.0,0.0002470282501505494,,0.0002470282501505494
2015-04-03,0.12911736755428113,0,0.0,0.0003556328288616406,,0.0003556328288616406
2015-04-07,0.059466361350564594,0,0.0,8.887659977863116e-05,,8.887659977863116e-05
2015-04-08,0.719357629248214,0,0.0,0.00020736030333856625,,0.00020736030333856625
2015-04-09,0.09710199799732466,0,0.0,0.00010859478350178087,,0.00010859478350178087
2015-04-10,0.3779953458943895,0,0.0,0.0,,0.0
2015-04-13,0.34147386335414925,0,0.0,0.0,,0.0
2015-04-14,-0.15106039969860996,0,0.0,0.00026662979933633757,,0.00026662979933633757
2015-04-15,0.42640855978502845,0,0.0,0.0003060489085902063,,0.0003060489085902063
2015-04-16,0.45786687924673125,0,0.0,0.00045399814452928844,,0.00045399814452928844
2015-04-17,0.04544226824727605,0,0.0,0.0008483939704837518,,0.0008483939704837518
2015-04-20,0.2672661236519871,0,0.0,0.0011532320066238722,,0.0011532320066238722
2015-04-21,-0.030379143646780127,0,0.0,0.00045288517391783856,,0.00045288517391783856
2015-04-22,0.30604486764972094,0,0.0,0.0,,0.0
2015-04-23,-0.05580966252181965,0,0.0,0.0,,0.0
2015-04-24,-0.44148640168802933,0,0.0,7.882006364701155e-05,,7.882006364701155e-05
2015-04-27,-0.6324865298167988,0,0.0,2.9555194325459055e-05,,2.9555194325459055e-05
2015-04-28,-0.23848233694780588,0,0.0,7.881152224453736e-05,,7.881152224453736e-05
2015-04-29,0.3284736355369997,0,0.0,8.865597541274362e-05,,8.865597541274362e-05
2015-04-30,-0.2731345580580404,0,0.0,8.864811622744107e-05,,8.864811622744107e-05
2015-05-04,-0.38183784315913977,0,0.0,0.0,,0.0
2015-05-05,-0.08240641273482402,0,0.0,1.970346288349134e-05,,1.970346288349134e-05
2015-05-06,-0.787440714905907,0,0.0,0.000581240702611785,,0.000581240702611785
2015-05-07,-0.6316216748972295,0,0.0,0.0,,0.0
2015-05-08,-0.08180068047410077,0,0.0,0.0009158952137087173,,0.0009158952137087173
2015-05-11,0.8273978816899811,0,0.0,0.0003050190390916363,,0.0003050190390916363
2015-05-12,0.8201873565556022,0,0.0,5.901794145435346e-05,,5.901794145435346e-05
2015-05-13,0.6452603591925982,0,0.0,0.0,,0.0
2015-05-14,0.17791498297372962,0,0.0,9.83854940428408e-05,,9.83854940428408e-05
2015-05-15,-0.5137636890109699,0,0.0,0.0001180509783476058,,0.0001180509783476058
2015-05-18,-0.48627445146865605,0,0.0,0.0,,0.0
2015-05-19,-0.3975575304064926,0,0.0,0.00014756081965106027,,0.00014756081965106027
2015-05-20,0.03876594230958299,0,0.0,0.0,,0.0
2015-05-21,0.2627235531648637,0,0.0,0.0005213661761234167,,0.0005213661761234167
2015-05-22,0.2955145063924174,0,0.0,0.0006292461827368534,,0.0006292461827368534
2015-05-25,0.2955150839996951,0,0.0,0.0,,0.0
2015-05-26,0.41400205680791685,0,0.0,0.0,,0.0
2015-05-27,0.231915553633027,0,0.0,9.826368076115699e-06,,9.826368076115699e-06
2015-05-28,0.7272555761642217,0,0.0,3.930508607830063e-05,,3.930508607830063e-05
2015-05-29,0.5675398054509354,0,0.0,0.0,,0.0
2015-06-01,0.4481823691506848,0,0.0,9.826271519575158e-06,,9.826271519575158e-06
2015-06-02,0.3735043098751656,0,0.0,0.0,,0.0
2015-06-03,0.07514185514541145,0,0.0,0.0005306551625867684,,0.0005306551625867684
2015-06-04,-0.38090917944993974,0,0.0,0.0010116387565681784,,0.0010116387565681784
2015-06-05,-0.5580653365076221,0,0.0,0.00032378971329882766,,0.00032378971329882766
2015-06-08,-0.5906799528206238,0,0.0,0.0,,0.0
2015-06-09,-0.5935783231581419,0,0.0,0.0,,0.0
2015-06-10,-0.3969017815315958,0,0.0,0.0,,0.0
2015-06-11,-0.630650520171184,0,0.0,9.812676014853139e-06,,9.812676014853139e-06
2015-06-12,-0.7131509156650692,0,0.0,0.0,,0.0
2015-06-15,-0.3834447386581928,0,0.0,0.00015702130582839757,,0.00015702130582839757
2015-06-16,-0.08192688070380998,0,0.0,0.00018643352663549884,,0.00018643352663549884
2015-06-17,-0.11345485990997602,0,0.0,0.00030412431817294916,,0.00030412431817294916
2015-06-18,0.1952151560883224,0,0.0,2.942243755077456e-05,,2.942243755077456e-05
2015-06-19,0.7127676767928359,0,0.0,0.00037267324402256996,,0.00037267324402256996
2015-06-23,0.22961799602749297,0,0.0,0.00015685659385900053,,0.00015685659385900053
2015-06-24,0.16682786205374112,0,0.0,0.0004900999803958417,,0.0004900999803958417
2015-06-25,0.13513805641863916,0,0.0,0.0,,0.0
2015-06-26,0.4535563055227024,1,0.0,3.918917594969429e-05,,3.918917594969429e-05
2015-06-29,0.5460840447699136,1,0.0,0.0,,0.0
2015-06-30,0.6049554462015093,1,0.0,0.0,,0.0
2015-07-01,-0.1309766867881431,1,0.0,0.0002155636990730514,,0.0002155636990730514
2015-07-02,-0.10234330813920454,1,0.0,5.8777429467138376e-05,,5.8777429467138376e-05
2015-07-03,-0.18430465027636236,1,0.0,0.00017632192465177887,,0.00017632192465177887
2015-07-06,-0.17363731761933524,1,0.0,0.0006757815560605174,,0.0006757815560605174
2015-07-07,0.0689699193050528,1,0.0,0.0008025603633055045,,0.0008025603633055045
2015-07-08,-0.17571692493429156,0,0.0,0.0,,0.0
2015-07-09,0.08100743949858878,0,0.0,0.00011743636417005376,,0.00011743636417005376
2015-07-10,-0.3194865553709576,0,0.0,0.00015656343265346706,,0.00015656343265346706
2015-07-13,-0.3978105602174196,1,0.0,8.805314496473926e-05,,8.805314496473926e-05
2015-07-14,-0.050247795516826815,1,0.0,9.7828213657003e-05,,9.7828213657003e-05
2015-07-15,-0.002729652819301584,1,0.0,0.000136946101926938,,0.000136946101926938
2015-07-16,-0.1520778720858228,1,0.0,0.000156488400297361,,0.000156488400297361
2015-07-17,-0.15129820810006026,1,0.0,0.00035204380989628525,,0.00035204380989628525
2015-07-20,-0.5441148373897132,1,0.0,0.0,,0.0
2015-07-21,-0.5499188405553037,1,0.0,3.910221318514928e-05,,3.910221318514928e-05
2015-07-22,-0.5526341797669176,1,0.0,0.0,,0.0
2015-07-23,-0.5814683832326215,1,0.0,6.842619745861533e-05,,6.842619745861533e-05
2015-07-24,-0.5633047562036959,1,0.0,0.00014661753350186935,,0.00014661753350186935
2015-07-27,-0.42869877132213735,1,0.0,0.0001759152479428039,,0.0001759152479428039
2015-07-28,-0.15636518032615396,1,0.0,7.817080320515757e-05,,7.817080320515757e-05
2015-07-29,0.20930223573482423,1,0.0,2.931175987797019e-05,,2.931175987797019e-05
2015-07-30,-0.33485058764334297,1,0.0,0.00029310900723977795,,0.00029310900723977795
2015-07-31,-0.3780589136495862,1,0.0,0.0001074418104922703,,0.0001074418104922703
2015-08-03,-0.0982443397181833,1,0.0,0.00029299163997165145,,0.00029299163997165145
2015-08-04,0.06958849950692937,1,0.0,0.0,,0.0
2015-08-05,-0.6364952816393821,1,0.0,0.0,,0.0
2015-08-06,-0.5987114100343737,0,0.0,0.0,,0.0
2015-08-07,-0.7475315674787221,0,0.0,0.00014647865317751751,,0.00014647865317751751
2015-08-10,-0.5340607098990028,0,0.0,3.90552534197397e-05,,3.90552534197397e-05
2015-08-11,-0.45437447624732047,0,0.0,0.0,,0.0
2015-08-12,-0.6440732814920436,0,0.0,9.763432041620668e-05,,9.763432041620668e-05
2015-08-13,-0.7517723449888548,0,0.0,6.833735222055992e-05,,6.833735222055992e-05
2015-08-14,-0.7802557867466926,0,0.0,0.00018547442405325576,,0.00018547442405325576
2015-08-17,-0.7347167305118365,0,0.0,0.00010736001717748245,,0.00010736001717748245
2015-08-18,-0.26276570939521965,1,0.0,4.879476920072179e-05,,4.879476920072179e-05
2015-08-19,-0.398059730464027,1,0.0,6.830934374235653e-05,,6.830934374235653e-05
2015-08-20,-0.5829546922281549,1,0.0,4.878905563887592e-05,,4.878905563887592e-05
2015-08-21,-0.17465642378913718,1,0.0,0.0001561173612263378,,0.0001561173612263378
2015-08-24,0.621515677025476,1,0.0,4.8779060125125895e-05,,4.8779060125125895e-05
2015-08-25,0.8580170054433846,1,0.0,0.0,,0.0
2015-08-26,0.7467429462274814,1,0.0,7.80434506912897e-05,,7.80434506912897e-05
2015-08-27,0.81928076551227,1,0.0,9.754670048289782e-05,,9.754670048289782e-05
2015-08-28,0.6569149257559502,1,0.0,0.00022433552792011646,,0.00022433552792011646
2015-08-31,0.27932043537385903,1,0.0,3.9006123961460304e-05,,3.9006123961460304e-05
2015-09-01,0.09908728680672918,1,0.0,0.00038029487479507296,,0.00038029487479507296
2015-09-02,-0.17808653345927186,1,0.0,0.00039964519304813706,,0.00039964519304813706
2015-09-07,-0.26529387876153804,1,0.0,0.0,,0.0
2015-09-08,-0.28911198272545646,1,0.0,0.0,,0.0
2015-09-09,-0.3498182505082064,1,0.0,0.0,,0.0
2015-09-10,-0.645182893747649,1,0.0,0.00011694196754863384,,0.00011694196754863384
2015-09-11,-0.8090086290054219,1,0.0,0.0002046245140168157,,0.0002046245140168157
2015-09-14,-0.42140477801286974,1,0.0,5.845218611177927e-05,,5.845218611177927e-05
2015-09-15,-0.15863655102023147,1,0.0,8.767315448010571e-05,,8.767315448010571e-05
2015-09-16,-0.14738102631955077,1,0.0,0.000116887291429002,,0.000116887291429002
2015-09-17,-0.08056967515999987,1,0.0,0.0,,0.0
2015-09-18,-0.20731691890789414,1,0.0,0.0001753138605087301,,0.0001753138605087301
2015-09-21,-0.27267872018091416,1,0.0,2.92138551576393e-05,,2.92138551576393e-05
2015-09-22,-0.6412360476170647,1,0.0,9.737667244436032e-05,,9.737667244436032e-05
2015-09-23,-0.9147986366350347,1,0.0,4.8683595575749194e-05,,4.8683595575749194e-05
2015-09-24,-0.9555941776681102,1,0.0,2.9208735359054216e-05,,2.9208735359054216e-05
2015-09-25,-0.8442250403481878,0,0.0,0.00014603941116897445,,0.00014603941116897445
2015-09-28,-0.707684309836908,0,0.0,0.00017522170412842542,,0.00017522170412842542
2015-09-29,-0.7939597055768647,1,0.0,6.812983600168465e-05,,6.812983600168465e-05
2015-09-30,-0.4806446615999236,0,0.0,0.00042821550918703544,,0.00042821550918703544
2015-10-08,0.06439463807697628,0,0.0,0.0,,0.0
2015-10-09,-0.12889000599577113,0,0.0,0.0002529601198639764,,0.0002529601198639764
2015-10-12,0.4457786120640052,0,0.0,0.0,,0.0
2015-10-13,0.24631107030511523,0,0.0,0.00024317173760768362,,0.00024317173760768362
2015-10-14,0.4209216649373868,0,0.0,0.0002236636099306466,,0.0002236636099306466
2015-10-15,0.23302714495320517,0,0.0,5.833398148902269e-05,,5.833398148902269e-05
2015-10-16,-0.055281673268173015,0,0.0,0.00014582644708438508,,0.00014582644708438508
2015-10-19,0.06540457485924173,0,0.0,0.00010692380221044573,,0.00010692380221044573
2015-10-20,-0.14879756794921586,0,0.0,5.831583858184608e-05,,5.831583858184608e-05
2015-10-21,0.5158897283676379,0,0.0,7.774991739051273e-05,,7.774991739051273e-05
2015-10-22,0.2028301549417587,0,0.0,0.0,,0.0
2015-10-23,-0.10008086212413352,0,0.0,0.00016521536308511386,,0.00016521536308511386
2015-10-26,-0.3669750266973835,0,0.0,0.0001457541807157181,,0.0001457541807157181
2015-10-27,-0.6201337006209512,0,0.0,9.715529302045667e-05,,9.715529302045667e-05
2015-10-28,-0.3212478486924002,0,0.0,7.771668382883234e-05,,7.771668382883234e-05
2015-10-29,-0.3870806406370088,0,0.0,7.771064441564057e-05,,7.771064441564057e-05
2015-10-30,-0.30107567060052814,0,0.0,0.00033024457524710726,,0.00033024457524710726
2015-11-02,0.1150941543486927,0,0.0,7.767895288779414e-05,,7.767895288779414e-05
2015-11-03,0.048774316188902794,0,0.0,4.8545574585334705e-05,,4.8545574585334705e-05
2015-11-04,0.39208709240779843,0,0.0,3.883457442155347e-05,,3.883457442155347e-05
2015-11-05,0.2540625250387147,0,0.0,0.00010679093247900617,,0.00010679093247900617
2015-11-06,0.2970931208058059,0,0.0,9.707229944866391e-05,,9.707229944866391e-05
2015-11-09,0.20845225620025407,0,0.0,3.88251509328974e-05,,3.88251509328974e-05
2015-11-10,-0.13012789495967017,0,0.0,0.0002717655051927004,,0.0002717655051927004
2015-11-11,-0.17711602158127873,0,0.0,0.00014554910826891643,,0.00014554910826891643
2015-11-12,-0.2084752920237288,0,0.0,8.731675608553147e-05,,8.731675608553147e-05
2015-11-13,-0.11840880405836078,0,0.0,0.0001552162356182052,,0.0001552162356182052
2015-11-16,0.03386180981193996,0,0.0,6.789656443384473e-05,,6.789656443384473e-05
2015-11-17,-0.026028213790638872,0,0.0,8.728965617565976e-05,,8.728965617565976e-05
2015-11-18,0.20485465344854503,0,0.0,9.698004150737738e-05,,9.698004150737738e-05
2015-11-19,0.49465064459557234,0,0.0,6.787944610398e-05,,6.787944610398e-05
2015-11-20,0.11265234746567486,0,0.0,0.00012605327205217343,,0.00012605327205217343
2015-11-23,0.1612371984474298,0,0.0,0.00018420848522437971,,0.00018420848522437971
2015-11-24,0.22783079170323925,0,0.0,1.9386795653497657e-05,,1.9386795653497657e-05
2015-11-25,0.2516303936012037,0,0.0,5.8159259438861355e-05,,5.8159259438861355e-05
2015-11-26,-0.2875686463728513,0,0.0,3.877058475709738e-05,,3.877058475709738e-05
2015-11-27,0.12145773008223743,0,0.0,3.876908165745263e-05,,3.876908165745263e-05
2015-11-30,-0.3249078864967065,0,0.0,0.0,,0.0
2015-12-01,-0.020620625213401116,0,0.0,0.0003392360404368411,,0.0003392360404368411
2015-12-02,0.3702548765990899,0,0.0,8.720254243832493e-05,,8.720254243832493e-05
2015-12-03,0.6310080606821687,0,0.0,0.00013563657149506803,,0.00013563657149506803
2015-12-04,-0.25572203938401245,0,0.0,0.00018405323982162436,,0.00018405323982162436
2015-12-07,-0.5482691441544525,0,0.0,0.00016464891041167995,,0.00016464891041167995
2015-12-08,-0.5184008922896352,0,0.0,9.68363562414698e-05,,9.68363562414698e-05
2015-12-09,-0.5737928366243928,0,0.0,0.0,,0.0
2015-12-10,-0.7546969294088113,0,0.0,9.683541852290034e-05,,9.683541852290034e-05
2015-12-11,-0.6410781041517608,0,0.0,0.00016460427196474114,,0.00016460427196474114
2015-12-14,-0.45490737472646514,0,0.0,0.00010649111767269126,,0.00010649111767269126
2015-12-15,-0.6811164742701781,0,0.0,7.743983892516404e-05,,7.743983892516404e-05
2015-12-16,-0.36730305023413795,0,0.0,0.0001548676849216779,,0.0001548676849216779
2015-12-17,0.4494594191860421,0,0.0,6.774412077814596e-05,,6.774412077814596e-05
2015-12-18,0.4547864413616755,0,0.0,0.0001741873675451533,,0.0001741873675451533
2015-12-21,-0.014350796020496345,0,0.0,9.675390643781867e-06,,9.675390643781867e-06
2015-12-22,-0.3774140144052305,0,0.0,0.0,,0.0
2015-12-23,-0.18330345406908868,0,0.0,8.708188600015099e-05,,8.708188600015099e-05
2015-12-24,-0.05164888799576658,0,0.0,5.8049535603732494e-05,,5.8049535603732494e-05
2015-12-25,0.032270571704682026,0,0.0,0.000241859025211566,,0.000241859025211566
2015-12-28,0.4816118731510315,0,0.0,0.00014508032614046762,,0.00014508032614046762
2015-12-29,0.43295024064913457,0,0.0,0.00014505928089292297,,0.00014505928089292297
2015-12-30,0.1270116805894996,0,0.0,1.933843223311804e-05,,1.933843223311804e-05
2015-12-31,-0.15337202624086946,0,0.0,0.00033967391304345895,,0.00033967391304345895
2016-01-04,-0.05556639956324768,0,0.0,0.0,,0.0
2016-01-05,-0.031225581983265843,0,0.0,0.000479520479520712,,0.000479520479520712
2016-01-06,-0.15175414960897085,0,0.0,8.98669968447674e-05,,8.98669968447674e-05
2016-01-07,0.5824805060894026,1,0.0,7.98745968830783e-05,,7.98745968830783e-05
2016-01-08,0.4782699117030287,1,0.0,0.00025957170668378104,,0.00025957170668378104
2016-01-11,0.46494585261144605,1,0.0,0.0001397331097603427,,0.0001397331097603427
2016-01-12,0.11199694464639524,1,0.0,6.985679357329744e-05,,6.985679357329744e-05
2016-01-13,0.07500812355631163,1,0.0,0.0,,0.0
2016-01-14,-0.14268638117256405,1,0.0,9.978844848657076e-06,,9.978844848657076e-06
2016-01-15,-0.4245624969074615,1,0.0,0.00015965992436095533,,0.00015965992436095533
2016-01-18,-0.2544995863226769,1,0.0,0.00010974867553303902,,0.00010974867553303902
2016-01-19,-0.12410271454838377,1,0.0,0.0,,0.0
2016-01-20,-0.1306403980573906,1,0.0,5.985753905712876e-05,,5.985753905712876e-05
2016-01-21,0.16005458963308425,1,0.0,0.0,,0.0
2016-01-22,0.22547901387674985,1,0.0,0.0003391927213234336,,0.0003391927213234336
2016-01-25,0.11310896216269829,1,0.0,0.00012964735918297166,,0.00012964735918297166
2016-01-26,0.5460019672137836,1,0.0,0.00019943161988345004,,0.00019943161988345004
2016-01-27,0.3405645815380786,1,0.0,9.969592742131717e-05,,9.969592742131717e-05
2016-01-28,0.547443045505344,1,0.0,9.968598913423499e-05,,9.968598913423499e-05
2016-01-29,0.18988063945109931,1,0.0,0.0002890605532022139,,0.0002890605532022139
2016-02-01,0.1513439403121267,1,0.0,0.00017936504773108375,,0.00017936504773108375
2016-02-02,-0.013700842163828886,1,0.0,1.9925875742066168e-05,,1.9925875742066168e-05
2016-02-03,-0.46984839024868214,1,0.0,4.981369677414804e-05,,4.981369677414804e-05
2016-02-04,-0.6605909592060972,0,0.0,0.0002590183205652963,,0.0002590183205652963
2016-02-05,-0.5340522773049122,0,0.0,0.00041830586126145874,,0.00041830586126145874
2016-02-15,-0.456137377342786,0,0.0,2.9866496759511918e-05,,2.9866496759511918e-05
2016-02-16,0.029153660973982115,0,0.0,0.0,,0.0
2016-02-17,-0.010564553451907674,0,0.0,9.955498919689276e-06,,9.955498919689276e-06
2016-02-18,-0.3337529648566342,0,0.0,0.00014933099713299036,,0.00014933099713299036
2016-02-19,-0.23558219077257792,0,0.0,0.00019907826762111114,,0.00019907826762111114
2016-02-22,-0.42533883469316836,0,0.0,0.00011942318601154689,,0.00011942318601154689
2016-02-23,-0.3397443665324548,0,0.0,0.0001194089258171882,,0.0001194089258171882
2016-02-24,-0.28147981952054296,0,0.0,0.0,,0.0
2016-02-25,0.2868234279416782,0,0.0,0.0,,0.0
2016-02-26,0.04088606872633199,0,0.0,0.0002587373616749211,,0.0002587373616749211
2016-02-29,0.23848233694780593,0,0.0,0.0001989772568997683,,0.0001989772568997683
2016-03-01,0.08936902198482716,0,0.0,0.00016909702190304188,,0.00016909702190304188
2016-03-02,0.25179053836167303,0,0.0,3.9780807749023595e-05,,3.9780807749023595e-05
2016-03-03,-0.0677403341490087,0,0.0,0.0001491720948731956,,0.0001491720948731956
2016-03-04,-0.03870910807890778,0,0.0,0.00022869643034750808,,0.00022869643034750808
2016-03-07,0.2387135916985849,0,0.0,3.976419830387101e-05,,3.976419830387101e-05
2016-03-08,0.15527985730972635,0,0.0,0.00019881308587743618,,0.00019881308587743618
2016-03-09,-0.19632221151775994,0,0.0,0.00010932546190001169,,0.00010932546190001169
2016-03-10,-0.19514380229745995,0,0.0,0.0001788766546089171,,0.0001788766546089171
2016-03-11,-0.2618532865076088,0,0.0,0.0,,0.0
2016-03-14,0.25405557490872793,0,0.0,0.0,,0.0
2016-03-15,-0.1261144506217566,0,0.0,8.94303288054843e-05,,8.94303288054843e-05
2016-03-16,-0.287506800128481,0,0.0,3.974325854994021e-05,,3.974325854994021e-05
2016-03-17,0.09403543092974932,0,0.0,0.0,,0.0
2016-03-18,0.19757292595541495,0,0.0,1.9873011456894574e-05,,1.9873011456894574e-05
2016-03-21,0.08348157232512865,0,0.0,7.949046611233079e-05,,7.949046611233079e-05
2016-03-22,-0.04322521655151337,0,0.0,0.00021858140667085912,,0.00021858140667085912
2016-03-23,0.021362485472112336,0,0.0,0.00023840033376032466,,0.00023840033376032466
2016-03-24,-0.33004506288114427,0,0.0,0.00013903371567591805,,0.00013903371567591805
2016-03-25,-0.24564571850382877,0,0.0,0.00016880318541567796,,0.00016880318541567796
2016-03-28,-0.5232001962449333,0,0.0,1.9855846553840095e-05,,1.9855846553840095e-05
2016-03-29,-0.37647584582016286,0,0.0,0.0,,0.0
2016-03-30,-0.09201297476687205,0,0.0,0.0,,0.0
2016-03-31,-0.5394490871709227,0,0.0,0.0002184294919529428,,0.0002184294919529428
2016-04-01,0.018174868195149907,0,0.0,0.0003474255764781553,,0.0003474255764781553
2016-04-05,-0.32560424691087725,0,0.0,0.00012899896800844246,,0.00012899896800844246
2016-04-06,-0.31003815070786894,0,0.0,7.937374118194285e-05,,7.937374118194285e-05
2016-04-07,-0.37880758651747554,0,0.0,7.936744149139585e-05,,7.936744149139585e-05
2016-04-08,-0.11108395853815063,0,0.0,0.00028768414265178954,,0.00028768414265178954
2016-04-11,-0.4717301015595739,0,0.0,0.0,,0.0
2016-04-12,-0.3896161272827756,0,0.0,5.9505509218293895e-05,,5.9505509218293895e-05
2016-04-13,-0.1592000600723999,0,0.0,7.93359580311126e-05,,7.93359580311126e-05
2016-04-14,0.06248493193544166,0,0.0,0.0,,0.0
2016-04-15,-0.04934971045236794,0,0.0,0.00025785209207307425,,0.00025785209207307425
2016-04-18,0.13638320287911318,0,0.0,0.0001784669687385776,,0.0001784669687385776
2016-04-19,0.058216688327900924,0,0.0,0.00013878287419344382,,0.00013878287419344382
2016-04-20,0.5172370775824914,0,0.0,2.9735060609992203e-05,,2.9735060609992203e-05
2016-04-21,0.6840013220876967,0,0.0,0.00010902531369549884,,0.00010902531369549884
2016-04-22,0.7411913142885328,0,0.0,0.00018829592190683364,,0.00018829592190683364
2016-04-25,0.6892209590900119,0,0.0,5.945067575607865e-05,,5.945067575607865e-05
2016-04-26,0.5515871432261891,0,0.0,9.907856930446712e-06,,9.907856930446712e-06
2016-04-27,0.2664791857880005,0,0.0,0.0001882474165517678,,0.0001882474165517678
2016-04-28,0.07091050034896025,0,0.0,0.0002179296681525944,,0.0002179296681525944
2016-04-29,-0.027845066184811956,0,0.0,0.00015845977102579845,,0.00015845977102579845
2016-05-03,-0.024674381806186568,0,0.0,0.0,,0.0
2016-05-04,-0.6799163137113963,0,0.0,4.951524574403621e-05,,4.951524574403621e-05
2016-05-05,-0.844036982693289,0,0.0,0.00010892814703344911,,0.00010892814703344911
2016-05-06,-0.37675708935265134,0,0.0,0.00019802960542580905,,0.00019802960542580905
2016-05-09,0.03730542542452934,0,0.0,0.0001286937583526715,,0.0001286937583526715
2016-05-10,0.12538439507977114,0,0.0,0.00022765965870852334,,0.00022765965870852334
2016-05-11,0.5124439065248697,0,0.0,0.0,,0.0
2016-05-12,0.2612934894262535,0,0.0,1.9793749133967253e-05,,1.9793749133967253e-05
2016-05-13,0.12162563551841239,0,0.0,0.00015834685879401178,,0.00015834685879401178
2016-05-16,0.15810558766717048,0,0.0,8.905600633291044e-05,,8.905600633291044e-05
2016-05-17,-0.10778345033134608,0,0.0,6.925961471870856e-05,,6.925961471870856e-05
2016-05-18,0.2668711722177896,0,0.0,5.93612727057824e-05,,5.93612727057824e-05
2016-05-19,0.2413750740516054,0,0.0,6.925070734653538e-05,,6.925070734653538e-05
2016-05-20,-0.1687182453439744,0,0.0,0.0,,0.0
2016-05-23,-0.5435159521559898,0,0.0,0.00022752453308005904,,0.00022752453308005904
2016-05-24,-0.5360076956508054,0,0.0,0.0001186814491005439,,0.0001186814491005439
2016-05-25,-0.5459330889992868,0,0.0,4.944473561896423e-05,,4.944473561896423e-05
2016-05-26,-0.6947373421714828,0,0.0,2.9665374574827652e-05,,2.9665374574827652e-05
2016-05-27,-0.7451780853202838,0,0.0,9.88816485549826e-05,,9.88816485549826e-05
2016-05-30,-0.2101428577369406,0,0.0,0.00014830780791164067,,0.00014830780791164067
2016-05-31,0.14661209811123813,0,0.0,0.0,,0.0
2016-06-01,0.024546047117157577,0,0.0,1.9771442128835304e-05,,1.9771442128835304e-05
2016-06-02,-0.09218773150869107,0,0.0,8.896973052063828e-05,,8.896973052063828e-05
2016-06-03,-0.1343929224013011,0,0.0,0.00014826969268622037,,0.00014826969268622037
2016-06-06,-0.21235616480460928,0,0.0,0.00011859816963522007,,0.00011859816963522007
2016-06-07,-0.2840291021342934,0,0.0,0.0001284661145914967,,0.0001284661145914967
2016-06-08,-0.5962589816365141,0,0.0,0.000414991057930747,,0.000414991057930747
2016-06-13,-0.2124266442352678,0,0.0,0.0,,0.0
2016-06-14,-0.23421392735400737,0,0.0,3.9506563027869035e-05,,3.9506563027869035e-05
2016-06-15,-0.17557519441000016,0,0.0,9.876250580242996e-06,,9.876250580242996e-06
2016-06-16,-0.554671208051618,0,0.0,4.938076520444312e-05,,4.938076520444312e-05
2016-06-17,-0.6080391963138759,0,0.0,0.00024689163432389805,,0.00024689163432389805
2016-06-20,-0.33890981084564614,0,0.0,7.898582204513005e-05,,7.898582204513005e-05
2016-06-21,-0.3573498223066662,0,0.0,3.948979188872492e-05,,3.948979188872492e-05
2016-06-22,-0.5733263422196556,0,0.0,2.9616174379798466e-05,,2.9616174379798466e-05
2016-06-23,-0.7684623728578203,0,0.0,5.923059457679791e-05,,5.923059457679791e-05
2016-06-24,-0.44407863136335485,0,0.0,0.0001480677163021582,,0.0001480677163021582
2016-06-27,-0.4790761321409273,0,0.0,0.0,,0.0
2016-06-28,-0.461616043869803,0,0.0,0.00016782001796689094,,0.00016782001796689094
2016-06-29,-0.5828878648504663,0,0.0,0.0,,0.0
2016-06-30,-0.32044738535984496,0,0.0,0.0004441593051376369,,0.0004441593051376369
2016-07-01,-0.11492372924352652,0,0.0,0.000315706393054338,,0.000315706393054338
2016-07-04,-0.4926337412376836,0,0.0,1.9725422124139413e-05,,1.9725422124139413e-05
2016-07-05,-0.6065352222763933,0,0.0,9.862516519687503e-06,,9.862516519687503e-06
2016-07-06,0.021049888761465796,0,0.0,0.00015779870802323792,,0.00015779870802323792
2016-07-07,0.0716030195434192,0,0.0,0.00011833035863961783,,0.00011833035863961783
2016-07-08,0.2427657867736027,0,0.0,0.00022677301992657384,,0.00022677301992657384
2016-07-11,0.47617849082441,0,0.0,6.900222778605247e-05,,6.900222778605247e-05
2016-07-12,0.3330330941534541,0,0.0,4.9283904862473804e-05,,4.9283904862473804e-05
2016-07-13,0.12619371378442687,0,0.0,1.971259043132001e-05,,1.971259043132001e-05
2016-07-14,-0.041419585033727,0,0.0,0.0001576976148234266,,0.0001576976148234266
2016-07-15,0.38584676664216566,0,0.0,0.00014781820331921658,,0.00014781820331921658
2016-07-18,0.472958157053536,0,0.0,0.00014779635632722332,,0.00014779635632722332
2016-07-19,0.46122121764133023,0,0.0,9.85163438615988e-05,,9.85163438615988e-05
2016-07-20,0.07843288314843629,0,0.0,4.925331967386981e-05,,4.925331967386981e-05
2016-07-21,0.19361323718992862,0,0.0,2.955053634234872e-05,,2.955053634234872e-05
2016-07-22,0.4899142530214206,0,0.0,0.00015759820338034913,,0.00015759820338034913
2016-07-25,0.1829765510544014,0,0.0,0.00014772503446947027,,0.00014772503446947027
2016-07-26,0.37264325729645353,0,0.0,0.0,,0.0
2016-07-27,0.8006463312458827,0,0.0,0.00020679875526852243,,0.00020679875526852243
2016-07-28,0.8287559222388956,0,0.0,0.00013783733225669614,,0.00013783733225669614
2016-07-29,0.8636864337862495,0,0.0,0.00019688333677891912,,0.00019688333677891912
2016-08-01,0.8769030730836934,0,0.0,5.905337440803571e-05,,5.905337440803571e-05
2016-08-02,0.8049022416762238,0,0.0,6.889153519873403e-05,,6.889153519873403e-05
2016-08-03,0.5843934978123667,0,0.0,5.904581955618049e-05,,5.904581955618049e-05
2016-08-04,0.4525319118839745,0,0.0,4.920194446067505e-05,,4.920194446067505e-05
2016-08-05,0.3076746196056361,0,0.0,0.00023615771399332353,,0.00023615771399332353
2016-08-08,0.3490357451618003,0,0.0,3.935032611579459e-05,,3.935032611579459e-05
2016-08-09,0.14631902696077345,0,0.0,5.9023166592897525e-05,,5.9023166592897525e-05
2016-08-10,0.014461822818110101,0,0.0,6.885629690822626e-05,,6.885629690822626e-05
2016-08-11,0.1504763416500767,0,0.0,8.852342920095957e-05,,8.852342920095957e-05
2016-08-12,0.026021535979701933,0,0.0,8.851559349709603e-05,,8.851559349709603e-05
2016-08-15,-0.10439379246567171,0,0.0,9.83419546440878e-06,,9.83419546440878e-06
2016-08-16,-0.040137943890307504,0,0.0,5.900459252417001e-05,,5.900459252417001e-05
2016-08-17,0.16524864309596735,0,0.0,0.00012783574090646788,,0.00012783574090646788
2016-08-18,0.23391952484026568,0,0.0,0.0,,0.0
2016-08-19,0.25633501047456086,0,0.0,0.0003048061039880867,,0.0003048061039880867
2016-08-22,0.39078293299494543,0,0.0,9.829458888299669e-05,,9.829458888299669e-05
2016-08-23,0.055802285269977686,0,0.0,3.931397120227054e-05,,3.931397120227054e-05
2016-08-24,0.1613104772348772,0,0.0,0.0,,0.0
2016-08-25,0.0785081341159451,0,0.0,0.0001081091706061077,,0.0001081091706061077
2016-08-26,0.24184268695891845,0,0.0,0.00023584905660412048,,0.00023584905660412048
2016-08-29,0.09625446465899608,0,0.0,0.00012772144934336538,,0.00012772144934336538
2016-08-30,0.12485203907227203,0,0.0,8.841124984049209e-05,,8.841124984049209e-05
2016-08-31,-0.04983623346370695,0,0.0,5.893562265479879e-05,,5.893562265479879e-05
2016-09-01,-0.025230938091840738,0,0.0,9.822024908645588e-05,,9.822024908645588e-05
2016-09-02,-0.5058373934446599,0,0.0,0.00013749484394343092,,0.00013749484394343092
2016-09-05,-0.17035429394381704,0,0.0,5.891826073289863e-05,,5.891826073289863e-05
2016-09-06,-0.4693665406508362,0,0.0,0.00010801044755615052,,0.00010801044755615052
2016-09-07,-0.7286895805898109,0,0.0,8.836264027545226e-05,,8.836264027545226e-05
2016-09-08,-0.7660880687334406,0,0.0,4.90860183386399e-05,,4.90860183386399e-05
2016-09-09,-0.6351153028642994,0,0.0,0.00011780066164712721,,0.00011780066164712721
2016-09-12,-0.4547278765543033,0,0.0,0.00014723348285716753,,0.00014723348285716753
2016-09-13,-0.3685823369722958,0,0.0,0.00024535301391637176,,0.00024535301391637176
2016-09-14,-0.3825311705892401,0,0.0,0.0003041631099207631,,0.0003041631099207631
2016-09-19,0.004283875343178682,0,0.0,0.0,,0.0
2016-09-20,-0.4465601726489374,0,0.0,0.0,,0.0
2016-09-21,-0.11119363165795065,0,0.0,4.904894103341384e-05,,4.904894103341384e-05
2016-09-22,-0.472905689644989,0,0.0,0.0,,0.0
2016-09-23,-0.4309012321848879,0,0.0,0.00018639511841000989,,0.00018639511841000989
2016-09-26,-0.30577617255811745,0,0.0,8.827597030025558e-05,,8.827597030025558e-05
2016-09-27,-0.4047411455436977,0,0.0,2.9422726113503828e-05,,2.9422726113503828e-05
2016-09-28,-0.20166246761620776,0,0.0,0.0002059530230962281,,0.0002059530230962281
2016-09-29,-0.3707660177871428,0,0.0,9.805267389628725e-05,,9.805267389628725e-05
2016-09-30,-0.1268175504381991,0,0.0,0.0006568885054316631,,0.0006568885054316631
2016-10-10,0.4639766280715596,0,0.0,7.838295954476493e-05,,7.838295954476493e-05
2016-10-11,0.4855951228118851,0,0.0,2.9391306051618216e-05,,2.9391306051618216e-05
2016-10-12,0.0640112544784021,0,0.0,0.00022532672374953044,,0.00022532672374953044
2016-10-13,0.15020610892790534,0,0.0,9.794607089341767e-05,,9.794607089341767e-05
2016-10-14,0.27000441830764493,0,0.0,0.00025463484384014023,,0.00025463484384014023
2016-10-17,0.582408680094578,0,0.0,0.0,,0.0
2016-10-18,0.49287831660176024,0,0.0,0.0,,0.0
2016-10-19,-0.04024197514674266,0,0.0,0.00013709361535463316,,0.00013709361535463316
2016-10-20,0.21649997101353557,0,0.0,0.0,,0.0
2016-10-21,0.6591774127265827,0,0.0,0.00021541594861340663,,0.00021541594861340663
2016-10-24,0.42671982738191616,0,0.0,0.0,,0.0
2016-10-25,0.052329230068989784,0,0.0,5.8737726262636514e-05,,5.8737726262636514e-05
2016-10-26,0.31164585811855927,0,0.0,7.831236845956546e-05,,7.831236845956546e-05
2016-10-27,0.31552015745349193,0,0.0,9.788279514033604e-06,,9.788279514033604e-06
2016-10-28,0.8495210163236834,0,0.0,0.0002642809600252871,,0.0002642809600252871
2016-10-31,0.4543254404186277,0,0.0,0.0001957119511499794,,0.0001957119511499794
2016-11-01,0.4774072757603099,0,0.0,0.00011740419328654106,,0.00011740419328654106
2016-11-02,0.3318677910538699,0,0.0,0.00025434589084660786,,0.00025434589084660786
2016-11-03,0.2855241920249654,0,0.0,2.934014024580378e-05,,2.934014024580378e-05
2016-11-04,0.20912499272931706,0,0.0,0.00020537495599115552,,0.00020537495599115552
2016-11-07,0.035049002689766885,0,0.04205880322772026,5.866651022290448e-05,-0.0029940119760478723,5.866651022290448e-05
2016-11-08,0.3993741929170662,0,0.4792490315004794,3.763366705089477e-05,-0.0010010010010009784,5.86630686647549e-05
2016-11-09,0.5812607634147042,0,0.6975129160976451,4.3628834599775286e-05,0.006012024048096087,9.776604585454152e-06
2016-11-10,0.488887193505529,0,0.5866646322066348,-0.0005711982355105377,-0.0009960159362550902,2.9329527012400547e-05
2016-11-11,-0.023110422036831908,0,-0.02773250644419829,0.005507988947567067,0.007976071784645988,0.0
2016-11-14,0.04775687908494425,0,0.057308254901933094,-0.0002627491266118933,0.0,0.00010753844499400422
2016-11-15,0.06400535018219744,0,0.07680642021863693,3.8635507483181805e-05,0.003956478733926794,0.0001857282502444324
2016-11-16,0.061203005105370356,0,0.07344360612644442,0.00014002663472854242,0.0019704433497536034,3.909342350882916e-05
2016-11-17,0.43157137566543863,0,0.5178856507985263,0.0002215424406047278,0.001966568338249708,7.818379054547187e-05
2016-11-18,0.27619402462320947,0,0.33143282954785136,5.810675370813097e-05,0.0009813542688912325,0.00022476082516531548
2016-11-21,0.08169385440353329,0,0.09803262528423994,-0.0026083302421971554,-0.004901960784313819,4.885006936716785e-05
2016-11-22,0.3029226982883292,0,0.363507237945995,0.001241691859308877,0.003940886699507429,7.815629304697147e-05
2016-11-23,0.3056057564499752,0,0.3667269077399702,0.0006985783788169354,0.007850834151128527,6.838141197840208e-05
2016-11-24,0.3618734577676501,0,0.4342481493211801,-0.0024543945293267065,-0.006815968841285214,3.907242073197814e-05
2016-11-25,0.00388126258242714,0,0.0046575150989125675,-0.0024515437254113022,-0.006862745098039302,0.00015628357654939862
2016-11-28,-0.7084563676348865,0,-0.8501476411618638,-0.001434518495724494,-0.0029615004935833467,0.00011719436685786455
2016-11-29,0.1228451368548129,0,0.14741416422577547,-0.00040434557269022697,0.004950495049504955,0.0
2016-11-30,-0.05996893126566013,0,-0.07196271751879216,0.006201890160650893,-0.007881773399014746,0.0
2016-12-01,0.07267980615232099,0,0.08721576738278518,-0.0006203133550666481,-0.003972194637537285,8.788890841970876e-05
2016-12-02,0.4940459257328909,0,0.5928551108794691,0.0002673537424720141,0.0009970089730808596,0.0003905830428370116
2016-12-05,0.461429288446328,0,0.5537151461355936,-0.0013776546610901005,-0.014940239043824688,0.00019521527364330105
2016-12-06,0.2963642078426403,0,0.3556370494111683,-0.004207766796603288,-0.00707785642062686,1.951771720754003e-05
2016-12-07,0.3469142871284355,0,0.41629714455412253,0.0027246396520832715,0.005091649694501044,9.758668137349602e-06
2016-12-08,-0.042995911415755574,0,-0.051595093698906684,0.0025799514094527114,0.007092198581560183,0.00013662002068803858
2016-12-09,-0.391888047884336,0,-0.4702656574612032,-0.002706938845194427,-0.006036217303822977,6.830067910379434e-05
2016-12-12,0.30326102570731545,0,0.3639132308487785,8.88977127583995e-06,-0.0030364372469635637,5.853944094824648e-05
2016-12-13,0.20546712763545516,0,0.2465605531625462,0.026404889598463484,-0.05685279187817249,5.85360142828506e-05
2016-12-14,0.1795353245981107,0,0.21544238951773284,-0.0028007566574022803,-0.00753498385360607,0.0
2016-12-15,0.06441909669003977,0,0.07730291602804772,0.00025186017323458013,0.0010845986984815426,0.0
2016-12-16,0.0898760465798969,0,0.10785125589587627,0.0023534221245188214,0.009750812567713929,0.000410108190446401
2016-12-19,-0.4898706391131447,0,-0.5878447669357736,0.0009274550722735913,0.008583690987124415,0.00030257481406281705
2016-12-20,-0.3873016485314265,0,-0.4647619782377118,-0.0008027890971906567,-0.00744680851063817,0.00039030101966153197
2016-12-21,-0.2839532127910899,0,-0.3407438553493079,-0.003010498809877945,0.005359056806002016,0.00012679834186779537
2016-12-22,-0.5029275856154979,0,-0.6035131027385975,-0.005169467889811442,0.011727078891258014,0.0002340595681600277
2016-12-23,-0.054273946532534846,0,-0.06512873583904182,-0.0012930844749400605,0.004214963119072657,0.00020475419746079915
2016-12-26,-0.11230632200583583,0,-0.13476758640700298,0.013029627499142547,-0.022035676810073346,0.0
2016-12-27,-0.3626483147199542,0,-0.435177977663945,-0.0008733868395205585,0.012875536480686511,0.0
2016-12-28,-0.25384612017405445,0,-0.3046153442088653,0.0006642755246157714,-0.004237288135593209,0.00021452113033126885
2016-12-29,-0.14728714859915423,0,-0.17674457831898507,0.003677854453205015,-0.006382978723404098,0.0006726719700513861
2016-12-30,-0.2378965162225322,0,-0.2854758194670386,0.0012129177215239313,0.0010706638115631772,0.001228709854652399
2017-01-03,0.02100975125959079,0,0.025211701511508946,-0.0006214605242712994,0.0032085561497325887,0.0
2017-01-04,0.3074058679223021,0,0.36888704150676255,-0.0010427020108118284,0.0031982942430703876,1.997503121087263e-05
2017-01-05,-0.24136558739251548,0,-0.28963870487101856,0.00012287935085954644,0.011689691817215797,0.0
2017-01-06,0.17817511302809078,0,0.21381013563370893,0.0006221973923525375,0.0021008403361344463,0.0002796448510391514
2017-01-09,0.024709134650936344,0,0.02965096158112361,0.0022157409650481736,-0.008385744234800874,2.9953571963448056e-05
2017-01-10,0.2707792493878227,0,0.3249350992653873,0.0032212700407452505,0.014799154334038,0.00018970027356801644
2017-01-11,0.4099536908480294,0,0.49194442901763524,-0.0003868744514549487,-0.009375000000000022,3.992932509455649e-05
2017-01-12,0.492277158135961,0,0.5907325897631532,-0.0038419548141077455,-0.011566771819137789,0.0
2017-01-13,0.6179376381097859,0,0.741525165731743,0.002120060153862889,0.004255319148936065,0.00014973496910464235
2017-01-16,0.7135058176124316,0,0.8562069811349179,-0.0019486396021916957,-0.0031779661016949623,9.980836793266334e-06
2017-01-17,0.6572042830069759,0,0.788645139608371,-0.025273924652032858,-0.03400637619553659,0.0
2017-01-18,0.6251714112088221,0,0.7502056934505865,0.005626362043388617,0.0066006600660066805,5.988980276283584e-05
2017-01-19,0.6087652670032098,0,0.7305183204038517,-0.000881126979481502,-0.0010928961748634114,0.0
2017-01-20,0.8512445218100028,0,1.0,-0.014679401775255799,-0.01969365426695846,0.0004192788403947212
2017-01-23,0.6303509751638909,0,0.7564211701966691,0.007302550090763792,0.010044642857142794,0.00036920989083366607
2017-01-24,0.4322888779671135,0,0.5187466535605362,0.004298100087860843,0.0044198895027625085,0.00013964947980582565
2017-01-25,0.358294044206529,0,0.42995285304783476,-0.004175107695326898,-0.005500550055005493,0.00042886351169402204
2017-01-26,0.5067553886519631,0,0.6081064663823558,0.004087592809069375,0.007743362831858391,0.00023926306974497713
2017-02-03,0.37325148761779703,0,0.4479017851413564,0.0033452993896525077,0.007683863885839637,0.0002292389267632977
2017-02-06,0.6758377441288679,0,0.8110052929546414,-0.003302412400259673,-0.005446623093681935,0.00022918638832125637
2017-02-07,0.31442012451080814,0,0.37730414941296975,0.004420696886276386,0.009857612267250904,0.0003387196397617309
2017-02-08,0.5919540071338153,0,0.7103448085605784,0.004181225854230395,0.005422993492407713,0.0
2017-02-09,0.5295628135867938,0,0.6354753763041525,0.0014615450400614846,0.004314994606256839,0.0
2017-02-10,0.42016815326035456,0,0.5042017839124254,0.0060866887718261245,0.00859291084854985,6.971694918611604e-05
2017-02-13,0.42311849439615073,0,0.5077421932753808,-0.0013973704549472142,-0.0021299254526090383,5.975321920459464e-05
2017-02-14,0.1438193824853704,0,0.17258325898244448,0.003226843139474919,0.006403415154749181,0.0
2017-02-15,0.5194143408731701,0,0.6232972090478041,-0.00012345980234675108,0.0,8.962715105176322e-05
2017-02-16,0.16861670107150342,0,0.2023400412858041,-0.0012080995860087327,-0.006362672322375307,0.00013940751804830676
2017-02-17,0.15417932619229127,0,0.18501519143074951,0.003130549329813027,0.005336179295624133,3.9825167514440096e-05
2017-02-20,0.29494960161318146,0,0.35393952193581774,-0.001194214048504701,-0.006369426751592244,0.00012942663998494197
2017-02-21,0.16006837387040906,0,0.19208204864449088,0.0009282054092223588,0.005341880341880323,2.9863820976583355e-05
2017-02-22,0.0008491238429453041,0,0.0010189486115343648,0.004197999090816845,0.011689691817215797,0.00021899481380449615
2017-02-23,-0.17526845057265664,0,-0.21032214068718796,0.0007027411359074459,0.0031512605042016695,0.0002388511260835724
2017-02-24,-0.20028444464219816,0,-0.24034133357063778,-6.274390090994108e-06,0.0,9.949753743598855e-05
2017-02-27,0.19258617767403707,0,0.23110341320884448,0.00023785579632968072,0.0,0.00020892404118777463
2017-02-28,-0.03731844327392622,0,-0.044782131928711465,0.0005686257221773872,-0.003141361256544517,3.978674305726848e-05
2017-03-01,-0.23355713592622415,0,-0.28026856311146897,-5.3818419528205556e-05,0.0,0.00010940919037194519
2017-03-02,0.11072809059658091,0,0.1328737087158971,-0.0001555226719579855,0.005252100840336116,0.00018895883680913883
2017-03-03,-0.07369189283380835,0,-0.08843027140057001,0.002250824116805057,-0.007314524555903867,0.0003181863378742822
2017-03-06,0.07658529146604047,0,0.09190234975924856,0.0034377408007751358,0.026315789473684292,5.964096141242159e-05
2017-03-07,-0.1773282401589137,0,-0.21279388819069645,0.0008626044510608976,-0.008205128205128198,0.00020873091603057503
2017-03-08,-0.22382419040148274,0,-0.2685890284817793,-0.00024315901155514183,-0.0020682523267838704,0.00010931242484768511
2017-03-09,-0.07773519521747788,0,-0.09328223426097344,0.000946958989089961,-0.0031088082901554737,0.00025834658187573467
2017-03-10,-0.5570033846877495,0,-0.6684040616252993,0.0008740065106385643,-0.0020790020790021346,0.00031788289988665674
2017-03-13,-0.2710372437333399,0,-0.3252446924800079,0.001558649972732935,-0.019791666666666652,0.0
2017-03-14,-0.5858061909802089,0,-0.7029674291762507,-0.020770642157615864,0.03081827842720508,0.0
2017-03-15,-0.6517661837857193,0,-0.7821194205428631,0.002828872891775653,-0.009278350515463885,0.0
2017-03-16,-0.2580174072703629,0,-0.30962088872443544,-0.002234063287596698,0.003121748178980255,0.0
2017-03-17,-0.15750667900323756,0,-0.18900801480388507,-0.008682783640772407,0.011410788381742698,0.000268256333830319
2017-03-20,-0.49372902642657773,0,-0.5924748317118933,0.002818384387613823,-0.008205128205128198,0.00025825163642112514
2017-03-21,-0.7481314074574875,0,-0.897757688948985,-0.0008891093300441744,0.004136504653567741,7.944152607186616e-05
2017-03-22,-0.3312172847110806,0,-0.3974607416532967,-0.0008353619659168835,0.002059732234809486,0.0003375996663721459
2017-03-23,-0.5320478382394652,0,-0.6384574058873582,0.004645758982260291,-0.005138746145940343,0.00014889076380963928
2017-03-24,-0.8023130616263484,0,-0.962775673951618,0.0002901016076074369,-0.0010330578512396382,0.0
2017-03-27,-0.8410807853294188,0,-1.0,-0.0011736913292253726,0.0020682523267838704,0.00018856689162349838
2017-03-28,-0.6343856842476305,0,-0.7612628210971566,0.0020464450843893527,-0.0020639834881320818,3.969080860133367e-05
2017-03-29,-0.39988297317261373,0,-0.47985956780713646,0.002983009900724384,-0.0031023784901758056,0.0
2017-03-30,0.04841998018414776,0,0.05810397622097731,0.006526386165676525,-0.008298755186721962,0.00019846782836485666
2017-03-31,-0.2194980335946416,0,-0.2633976403135699,0.00855498553726415,-0.01673640167364021,0.000535756806095744
2017-04-05,0.2835265922247842,0,0.34023191066974107,6.918092995429303e-05,0.0010638297872340718,0.00017848997481317852
2017-04-06,-0.11989758528701448,0,-0.14387710234441736,-0.005741575394230952,0.022316684378320906,0.0003470019035529681
2017-04-07,-0.27863095547898736,0,-0.3343571465747848,0.0006810719182567557,0.0020790020790020236,0.00032705973300051205
2017-04-10,0.2169950423162688,0,0.26039405077952255,0.0003505910895405526,-0.0020746887966804906,0.0001287995878411774
2017-04-11,0.1933201660394639,0,0.23198419924735666,0.002611448197603022,-0.007276507276507305,0.0003566298479369401
2017-04-12,0.16871764471400885,0,0.20246117365681063,0.0002584590017517622,0.0010471204188482464,0.0
2017-04-13,-0.02304734802469678,0,-0.02765681762963614,-0.0004316226517085646,-0.0020920502092049986,8.914068380794227e-05
2017-04-14,0.4808672814349428,0,0.5770407377219313,0.0011119275124798246,0.00524109014675056,0.00020797638972802623
2017-04-17,0.5472977977730076,0,0.6567573573276091,0.00024216927972078818,-0.015641293013555768,0.00010891736142726316
2017-04-18,0.38101913965950707,0,0.45722296759140846,-0.008555790779106362,-0.01483050847457612,9.900499975268318e-05
2017-04-19,0.3109848251002483,0,0.3731817901202979,-0.0036001392926250726,-0.005376344086021501,8.909567885950764e-05
2017-04-20,0.4394929092361008,0,0.527391491083321,-0.003905044582916346,-0.008648648648648671,0.00016827684510611896
2017-04-21,0.3253471247618369,0,0.3904165497142043,-0.0027459163303208845,-0.007633587786259555,0.00028701220296700747
2017-04-24,0.6284377165050866,0,0.7541252598061039,-0.001802464686652356,-0.003296703296703285,9.894132779297848e-06
2017-04-25,0.6094946665072145,0,0.7313935998086574,-0.007929922596342181,-0.019845644983461974,0.0
2017-04-26,0.5257883153635212,0,0.6309459784362255,-0.00676358515584303,-0.008998875140607487,0.00013852471181929893
2017-04-27,0.4871392049003556,0,0.5845670458804267,0.000825137530013212,0.0011350737797957144,0.00016818528081996575
2017-04-28,0.2979951973013449,0,0.35759423676161384,0.002966012106588209,0.0045351473922903285,0.0003462055867691216
2017-05-02,0.04876434060323587,0,0.05851720872388304,0.002599584122408393,0.004514672686230181,0.000177986967398569
2017-05-03,0.038518954939171755,0,0.046222745927006106,0.0007239059609915091,0.0022471910112360494,0.00010875045724634269
2017-05-04,-0.14073547818065632,0,-0.1688825738167876,-0.00040997595972419327,-0.008968609865470878,0.00012850929221031038
2017-05-05,0.30071264157384053,0,0.3608551698886086,0.0001375543212981537,0.0,0.00025698555938857837
2017-05-08,0.8059941810743503,0,0.9671930172892202,0.001830372878664206,-0.011312217194570096,0.00015810432909435512
2017-05-09,0.7670620841398584,0,0.9204745009678301,-0.005468508736677843,-0.014874141876430214,0.0003161586721334153
2017-05-10,0.8582682684617379,0,1.0,0.004469988092776413,0.004645760743321681,0.0
2017-05-11,0.7637735987117442,0,0.916528318454093,-0.006422985977699335,-0.006936416184971095,1.9754647280656457e-05
2017-05-12,0.5867518022047501,0,0.7041021626457001,-0.020996334210970927,-0.020954598370197974,0.00023705108450866597
2017-05-15,0.3991906579499022,0,0.47902878953988265,0.002083293605373098,0.0023781212841855748,0.00011849745230496644
2017-05-16,0.727981699359305,0,0.873578039231166,-0.0017830044508368894,-0.0023724792408066353,0.0
2017-05-17,0.48812184857613355,0,0.5857462182913602,0.011256339251759506,0.02378121284185486,0.00011848692200588928
2017-05-18,0.44943366983556876,0,0.5393204038026825,-0.017366052039116564,-0.019744483159117365,0.00020732754790753205
2017-05-19,0.17238967231487692,0,0.2068676067778523,0.010403324586580668,0.017772511848341166,3.948277563892155e-05
2017-05-22,0.5052512799114199,0,0.606301535893704,-0.0037923487363028816,-0.006984866123399325,0.00030597943028620733
2017-05-23,0.7965962329435796,0,0.9559154795322955,-0.002789151142666935,-0.01289566236811257,9.867285016529337e-05
2017-05-24,0.7701589895082587,0,0.9241907874099103,-0.02101031415897443,-0.03444180522565321,0.00011839573775329626
2017-05-25,0.7461365563594117,0,0.8953638676312939,0.005872644445093025,0.006150061500614923,0.00021703315674725943
2017-05-26,-0.2905184945080846,0,-0.3486221934097015,0.009035342845518945,0.009779951100244544,0.00014794504334814107
2017-05-31,-0.2511133805661486,0,-0.30133605667937835,0.0026299338494962425,0.00363196125907983,0.0
2017-06-01,0.24282650087527433,0,0.2913918010503292,0.0030847352342811872,-0.007237635705669487,0.0004339079326256545
2017-06-02,0.33144408813523835,0,0.397732905762286,0.007899895683196132,-0.026731470230862642,0.00010842993454796002
2017-06-05,0.2473506290031567,0,0.29682075480378806,0.004472885891646977,0.014981273408239515,0.00022669255561358348
2017-06-06,0.040933389746971194,0,0.049120067696365434,0.002001364884173099,0.004920049200491938,0.00015766342799694577
2017-06-07,0.4367004495116514,0,0.5240405394139817,0.0013917245438283868,0.004895960832313362,8.867169796467067e-05
2017-06-08,-0.11407641060997531,0,-0.13689169273197035,0.001090277746354524,0.02436053593179044,0.00013792152265357238
2017-06-09,-0.40437807290081657,0,-0.48525368748097986,-0.0015298152188378007,-0.0023781212841854638,9.8501787807459e-05
2017-06-12,-0.03919415821986011,0,-0.04703298986383213,-0.0002541574405692266,0.0023837902264600697,0.00021668258955376274
2017-06-13,-0.29845835792163083,0,-0.358150029505957,0.007961212338605032,-0.01664684898929847,6.892952448489531e-05
2017-06-14,-0.2743416585874195,0,-0.3292099903049034,-0.0007917970801571794,0.01571946795646917,9.846396218970987e-05
2017-06-15,-0.2700092603094944,0,-0.3240111123713933,0.0010120985129627642,-0.0023809523809523725,0.0001279905483904109
2017-06-16,-0.41778591771398665,0,-0.5013431012567839,-0.005319338169231378,0.01670644391408116,0.00013781833574499913
2017-06-19,-0.47940772823274974,0,-0.5752892738792996,-0.0005886156553113938,0.0023474178403755097,0.0001968562063840995
2017-06-20,-0.5507969759215666,0,-0.6609563711058799,-0.0029722371451916733,0.005854800936768045,0.0
2017-06-21,-0.7457930189332805,0,-0.8949516227199367,0.002431415270322199,-0.0034924330616996624,0.0002952407195999651
2017-06-22,-0.3221059420091376,0,-0.38652713041096515,-0.0005459768677860653,0.001168224299065379,0.00020660750477174972
2017-06-23,-0.598960685549233,0,-0.7187528226590796,0.017908690304550588,-0.019836639439906656,0.00021640124725808008
2017-06-26,-0.4265294300577806,0,-0.5118353160693367,-0.0020067182290334083,0.004761904761904745,0.0
2017-06-27,-0.7558278985879388,0,-0.9069934783055265,-0.009268253729474025,0.013033175355450233,0.00011801382728648946
2017-06-28,-0.4298404931872237,0,-0.5158085918246684,0.0011632265624397734,-0.002339181286549752,0.00010816657652790163
2017-06-29,-0.6954861596053936,0,-0.8345833915264723,-0.00013934226689968804,0.0,2.9496784850424618e-05
2017-06-30,-0.8096662198309449,0,-0.9715994637971338,0.0016759536640688526,-0.0023446658851113966,0.0004129428074211017
2017-07-03,-0.1984745540940537,0,-0.23816946491286445,-0.003504530776168099,0.004700352526439522,0.00026535365745794515
2017-07-04,-0.22459976683654026,0,-0.2695197202038483,-0.006603809805965303,0.007017543859649145,0.00029475918174859395
2017-07-05,-0.5057627210480493,0,-0.6069152652576592,0.0005316062836489639,0.0,0.0004420084865628393
2017-07-06,-0.4469345931480599,0,-0.5363215117776718,-0.0016216748277602603,0.005807200929152101,8.836264027567431e-05
2017-07-07,-0.47477965933287186,0,-0.5697355911994462,-0.000736122818146023,0.0011547344110853786,0.0
2017-07-10,-0.27880560470852406,0,-0.3345667256502289,-0.002958847306339485,0.005767012687427853,9.817781966692252e-05
2017-07-11,0.0017065660982841329,0,0.0020478793179409594,0.0026345698618067716,-0.004587155963302725,8.835136355611617e-05
2017-07-12,-0.23959930238825425,0,-0.28751916286590506,0.004202594013401016,-0.012672811059907807,9.815950920244454e-05
2017-07-13,-0.40193769011361064,0,-0.4823252281363327,-6.618789611850009e-05,-0.004667444574095736,8.833488737325368e-05
2017-07-14,-0.5152546757941222,0,-0.6183056109529467,-0.00021966145806185544,0.0011723329425556983,0.0001668400494629907
2017-07-17,0.29597197463419894,0,0.3551663695610387,0.0041909464119931255,-0.008196721311475419,0.0002060621522701478
2017-07-18,0.4658778797843408,0,0.5590534557412089,0.030188922696547132,-0.04958677685950408,9.810461876647025e-06
2017-07-19,0.535871882204447,0,0.6430462586453364,0.003446638290626022,0.009937888198757738,2.9431096896903597e-05
2017-07-20,0.5488277882082786,0,0.6585933458499343,0.0013895232061905565,0.002460024600245969,0.00012753099984319505
2017-07-21,0.5126082601461978,0,0.6151299121754373,0.010361447550389388,0.01595092024539868,0.0003138824314117272
2017-07-24,0.3342417655815287,0,0.4010901186978344,2.5136750407575178e-05,0.0,0.00013728047381356134
2017-07-25,0.04488690399543558,0,0.053864284794522696,0.00514618165269309,0.008454106280193274,0.0001372616304722296
2017-07-26,-0.22196993720340175,0,-0.2663639246440821,-0.000993400272983295,-0.0023952095808382756,0.00023527335823314566
2017-07-27,0.3601769321836503,0,0.4322123186203804,4.3641506865674674e-05,0.0012004801920768582,0.00014701126106264617
2017-07-28,0.2981510337591322,0,0.35778124051095866,-0.004032948662944431,0.014388489208633004,0.00011759172154257591
2017-07-31,0.2889860525769646,0,0.34678326309235746,-9.399172144152614e-06,0.0,4.8990789731417905e-05
2017-08-01,-0.023915128498636067,0,-0.02869815419836328,0.003857314694193864,0.010638297872340496,8.817910155278774e-05
2017-08-02,0.34398141772965546,0,0.41277770127558655,4.24257904044884e-06,0.0,0.00029390442228205416
2017-08-03,0.21914420684595762,0,0.2629730482151491,9.147766619987813e-05,-0.007017543859649145,0.00010773329154578626
2017-08-04,0.1017825491229829,0,0.12213905894757948,0.0010815024375997288,0.002355712603062443,0.00031337217842652976
2017-08-07,0.2200862862104347,0,0.2641035434525216,-0.0009180976041961905,-0.003525264394829586,0.00010768793992954606
2017-08-08,0.15671659274383054,0,0.18805991129259664,0.0011929842255919106,0.009433962264151052,0.000127253861665233
2017-08-09,-0.28557063370916214,0,-0.34268476045099455,1.9598953535510382e-05,0.0,7.830010472642535e-05
2017-08-10,0.3858538338832956,0,0.46302460065995465,0.0009284634790460714,0.005841121495327117,0.00011744096144972183
2017-08-11,0.38325376609036144,0,0.4599045193084337,0.0030702655339927064,-0.009291521486643473,0.00021528314626539924
2017-08-14,0.35973631105000964,0,0.43168357326001155,-0.0064523460214743755,-0.014067995310668269,0.00011740189604059204
2017-08-15,0.10608467896830302,0,0.1273016147619636,0.011480397948961468,0.024970273483947647,1.956468574237924e-05
2017-08-16,-0.07679921503554754,0,-0.09215905804265705,0.00038195817344475796,0.0011600928074246841,5.8692908918356324e-05
2017-08-17,-0.07719595402577333,0,-0.09263514483092798,0.0008606967017221769,0.006952491309385911,9.781577377143691e-05
2017-08-18,0.25496748776938843,0,0.3059609853232661,0.00035226774101576526,0.0,0.0003227604823803354
2017-08-21,0.20411186908156978,0,0.24493424289788374,-0.0001031492490940549,0.0,8.799718409013835e-05
2017-08-22,0.12468089621988619,0,0.14961707546386344,0.0021702000402417376,0.0069044879171460405,0.0001270958596080174
2017-08-23,0.27122029990089075,0,0.32546435988106887,-0.0008357658420926407,-0.0034285714285714475,6.842753524027856e-05
2017-08-24,0.29954395678664464,0,0.35945274814397354,-0.0007546383744219146,-0.005733944954128489,0.000224817946336886
2017-08-25,0.6008784868813813,0,0.7210541842576575,-0.0021638723528089035,-0.00692041522491349,0.00015635994058316172
2017-08-28,0.47163397225446513,0,0.5659607667053581,0.004411510814560748,0.012775842044134844,0.0
2017-08-29,0.009361396673208714,0,0.011233676007850456,0.004913816571558909,0.006880733944954143,0.00010748065348242797
2017-08-30,-0.2670711779617211,0,-0.3204854135540653,-0.0015411248579101572,-0.002277904328018221,5.861951052699155e-05
2017-08-31,-0.4858806216140589,0,-0.5830567459368707,0.0002460052134665666,0.005707762557077611,0.00035169644688903823
2017-09-01,-0.41833170264951264,0,-0.5019980431794151,-0.0009131115992667175,0.0034052213393871433,0.0002343818666563635
2017-09-04,-0.4121194363460379,0,-0.4945433236152455,-0.005543849117896527,0.010180995475113086,0.0002733814354478614
2017-09-05,-0.62679757900072,0,-0.7521570948008639,-0.0026238745392880526,0.005599104143336975,0.00012689240500174392
2017-09-06,-0.6171748717437147,0,-0.7406098460924576,0.001683791801365184,-0.0033407572383074013,0.00010735687376772773
2017-09-07,-0.759759300462862,0,-0.9117111605554343,-0.0065408796174568195,0.00893854748603351,0.00010734534950662677
2017-09-08,-0.7636865037601058,0,-0.9164238045121269,0.004287026426038202,-0.0055370985603543366,0.00015612193122827023
2017-09-11,-0.4002247590657546,0,-0.4802697108789055,-0.0028243518937602066,0.0033407572383072903,0.0001170731707316186
2017-09-12,0.22732508854291855,0,0.27279010625150224,-0.01005275912512779,0.011098779134295134,0.00017558919931337513
2017-09-13,-0.11874927405032175,0,-0.1424991288603861,0.00028059654641462853,-0.001097694840834218,8.777918657942863e-05
2017-09-14,-0.25473774662393234,0,-0.3056852959487188,0.000540826754519956,0.00219780219780219,0.00020480012483048426
2017-09-15,0.027962405085975302,0,0.03355488610317036,0.0006325215924588322,-0.004385964912280715,7.800312012462562e-05
2017-09-18,-0.15932997211396585,0,-0.19119596653675902,0.0003325270465631085,-0.0011013215859030367,0.00012674518368327448
2017-09-19,-0.03415146216151314,0,-0.04098175459381576,0.00020243086333734543,0.008820286659316334,1.9496787904138557e-05
2017-09-20,-0.384818154952505,0,-0.46178178594300595,0.001085858848385269,-0.0043715846994535346,0.0002729497090161459
2017-09-21,0.02189849984012748,0,0.026278199808152974,-2.8196506286850035e-05,0.007683863885839637,0.0004775316486536063
2017-09-22,0.09590858546434365,0,0.11509030255721238,0.00630493934220957,-0.013071895424836666,0.0003506721215664754
2017-09-25,-0.15362999698582655,0,-0.18435599638299185,-7.341068692436757e-05,-0.001103752759381904,0.0
2017-09-26,-0.14369465475732382,0,-0.17243358570878858,-0.0018611825857804529,-0.015469613259668558,7.790968319953961e-05
2017-09-27,0.01908449307918293,0,0.022901391695019514,-0.00083359755273549,0.004489337822671136,0.0
2017-09-28,-0.7869316590778076,0,-0.9443179908933691,-0.0010609836099800612,0.005586592178770999,0.0
2017-09-29,-0.7091997954000643,0,-0.8510397544800771,0.0006648945554622884,-0.0022222222222222365,0.0012275078667665085
2017-10-09,-0.3297106002097458,0,-0.39565272025169496,-0.0060155792205683544,0.006681514476614803,0.0001751432769305783
2017-10-10,-0.21418389005396143,0,-0.2570206680647537,-0.011745785072014478,0.014380530973451267,0.0003891391269665867
2017-10-11,-0.22351777567569317,0,-0.26822133081083177,-0.001928046791098602,0.005452562704471031,0.00021394326613566328
2017-10-12,-0.206366051521053,0,-0.24763926182526358,0.0013416658009375443,-0.004338394793926281,0.00018472966272264912
2017-10-13,-0.2693704960507275,0,-0.32324459526087296,0.0006887179772219387,-0.0010893246187363426,0.00032078699743376404
2017-10-16,0.3469460025655446,0,0.4163352030786535,-0.0007267219782046686,0.0032715376226826187,9.717700792011286e-05
2017-10-17,0.389857170935493,0,0.46782860512259156,0.006314574954020724,-0.019565217391304346,0.000272069183306467
2017-10-18,0.35154236465620486,0,0.42185083758744585,-2.574670102196902e-05,0.0,0.0
2017-10-19,0.3662258110757832,0,0.43947097329093987,-0.0036380780400178084,-0.0077605321507761005,2.9144322685636936e-05
2017-10-20,0.6976650046528499,0,0.8371980055834198,-0.004144173456592892,-0.010055865921787754,0.00018457533102145263
2017-10-23,0.6478072659510986,0,0.7773687191413183,0.004821192225700539,0.011286681715575675,0.00010683968220037698
2017-10-24,0.32399568748997454,0,0.3887948249879694,0.0065249244751124655,0.0078125,8.740494712022873e-05
2017-10-25,0.21657337610794838,0,0.2598880513295381,-0.008790049795213887,-0.011074197120708784,5.8264872108804155e-05
2017-10-26,-0.062318713647376844,0,-0.07478245637685221,0.001700808596608376,0.004479283314669624,3.8840985007393414e-05
2017-10-27,-0.08030731685062546,0,-0.09636878022075056,0.0016644694323287989,0.006688963210702337,0.00012622829844244343
2017-10-30,0.8233491234703828,0,0.9880189481644593,0.00047698930064769623,-0.0044296788482834915,0.00014562965408093653
2017-10-31,0.8003005549873725,0,0.9603606659848469,0.0019324090175594274,-0.023359288097886566,0.00020385182884230524
2017-11-01,0.5143723288525796,0,0.6172467946230954,0.005615841990658526,0.005694760820045497,0.00026204179081279477
2017-11-02,0.47783738607469384,0,0.5734048632896326,-0.00016232632153467767,0.0,0.00023286501591246456
2017-11-03,0.20695559853646514,0,0.24834671824375815,-0.005443398500619991,-0.009060022650056676,0.00044622070464095387
2017-11-06,0.3085487958477944,0,0.3702585550173532,-0.005405087822599564,-0.00914285714285712,0.0
2017-11-07,0.08503473397898999,0,0.10204168077478798,0.001400416662171174,0.005767012687427853,3.8786374346733155e-05
2017-11-08,-0.14936637075232048,0,-0.17923964490278457,0.002899211705677319,0.008027522935779796,9.696217505550386e-05
2017-11-09,-0.3977361214936123,0,-0.4772833457923348,0.00026856614444011636,0.0034129692832765013,6.786694201266208e-05
2017-11-10,-0.5044885015200941,0,-0.6053862018241128,-0.0008247127029363479,0.0045351473922903285,0.00011633543383426925
2017-11-13,-0.5085837109878716,0,-0.6103004531854459,-0.002628643728217313,0.0056433408577878375,8.724142610638808e-05
2017-11-14,-0.23338695112640107,0,-0.2800643413516813,0.001403115782260157,-0.002244668911335568,2.9077938568100592e-05
2017-11-15,-0.2430563764791741,0,-0.2916676517750089,0.00158246918733401,-0.0022497187851518996,0.00023261674452856873
2017-11-16,-0.5111028458924557,0,-0.6133234150709468,0.004006389771417174,-0.013528748590755368,0.000174421984922013
2017-11-17,0.400773606005896,0,0.4809283272070752,0.0005229047158908221,-0.0011428571428571122,0.0002712757711984537
2017-11-20,0.3161636365963249,0,0.3793963639155899,0.020598923162690685,-0.034324942791762014,5.811475727401927e-05
2017-11-21,0.028673038933946904,0,0.03440764672073628,0.0034385383754512006,0.007109004739336511,0.00013559322033884769
2017-11-22,-0.2375869330233669,0,-0.2851043196280403,-0.0019218297678908617,-0.004705882352941226,5.810350170443179e-05
2017-11-23,0.027567957731125064,0,0.033081549277350075,7.399833881627102e-05,0.0,0.00024208385784829645
2017-11-24,0.041822129723810074,0,0.05018655566857209,0.004208408793381889,-0.014184397163120588,0.00025170627813531077
2017-11-27,-0.011894245782385071,0,-0.014273094938862085,4.313273652627297e-05,-0.0023980815347721673,0.00013550004355344925
2017-11-28,0.1706795896700347,0,0.20481550760404163,-0.0006170504298806576,-0.012019230769230727,1.9354526540116268e-05
2017-11-29,-0.22969900444821412,0,-0.27563880533785695,-0.0003209262491180192,0.018248175182481674,4.838537987339464e-05
2017-11-30,-0.20946569994141628,0,-0.25135883992969954,-0.0004295381487983175,-0.002389486260453988,0.00037738770296713575
2017-12-01,-0.22772998871177552,0,-0.2732759864541306,0.0008701783194924198,-0.0023952095808382756,0.00017411323163818437
2017-12-04,-0.36463844594274386,0,-0.4375661351312926,-0.0020861065032446134,0.009603841536614643,0.0002707956556640134
2017-12-05,0.3261558722222442,0,0.391387046666693,0.0034258003207607553,-0.01189060642092743,0.00020304175892182919
2017-12-06,0.009716668853600433,0,0.01166000262432052,0.006500204220771178,-0.01564380264741272,4.833346222277157e-05
2017-12-07,-0.32693750783395226,0,-0.3923250094007427,-0.000544789006490645,-0.0012224938875305957,0.0002029907300897804
2017-12-08,-0.4542768914770768,0,-0.5451322697724921,-4.927853200078046e-05,0.00244798041615657,0.00012563542532406657
2017-12-11,-0.4064597199398472,0,-0.4877516639278166,-0.002937125417793734,0.0073260073260073,9.663049465480356e-06
2017-12-12,-0.44771453334217076,0,-0.5372574400106049,-0.002522450400550302,0.00484848484848488,9.662956091527342e-05
2017-12-13,-0.38629727246189455,0,-0.4635567269542734,0.0030895507737155083,-0.006031363088057962,0.00011594426945449321
2017-12-14,-0.6756529828814245,0,-0.8107835794577094,-0.0036667445088237336,0.00728155339805836,0.00018355714423723413
2017-12-15,-0.36832263806549354,0,-0.44198716567859225,0.0007948524817658681,-0.001204819277108471,0.00028011475045652823
2017-12-18,-0.11684206161816173,0,-0.14021047394179406,-0.002140450268307526,0.0024125452352232735,0.0
2017-12-19,0.34221427793892983,0,0.4106571335267158,0.0031099809620596898,-0.0072202166064981865,4.828491965369608e-05
2017-12-20,0.34140174228092607,0,0.40968209073711126,-0.0007460433731199454,0.00484848484848488,0.0001834738356654153
2017-12-21,0.23872026677491465,0,0.2864643201298976,-0.003787014533439237,-0.00965018094089265,0.0002992971344715212
2017-12-22,0.22758371635056748,0,0.27310045962068097,-0.000985546778086302,-0.0024360535931789995,0.00012547414749963792
2017-12-25,0.6677142551909595,0,0.8012571062291514,0.0008305862526121493,0.0024420024420024333,0.00019301293186635426
2017-12-26,0.7104547123223869,0,0.8525456547868643,-0.00292522774713548,-0.00974421437271622,0.0
2017-12-27,0.19096004045425732,0,0.2291520485451088,0.003920416549763178,0.004920049200491938,1.9303528684844196e-05
2017-12-28,-0.0922983865856854,0,-0.11075806390282247,-0.0013552043365196893,-0.001223990208078285,0.0
2017-12-29,0.04772418841531267,0,0.0572690260983752,0.001985997940593085,0.001225490196078427,0.0024325541818910335
2018-01-02,0.026145092214235974,0,0.03137411065708317,-0.000567105566101264,0.008567931456548328,0.0004194211987458285
2018-01-03,0.1580543402868044,0,0.18966520834416528,0.0006241271962717322,0.008495145631068013,0.00015971251746838
2018-01-04,0.18933937439514126,0,0.2272072492741695,0.0012959631345274352,0.00962695547533099,0.0011078286558343642
2018-01-05,-0.1373567925997202,0,-0.16482815111966423,-0.0004142049881620891,-0.0035756853396901045,0.00034892878861914056
2018-01-08,-0.22104226404308602,0,-0.2652507168517032,0.0007502463160222536,0.0035885167464115852,0.0001694205816109573
2018-01-09,-0.447366015080169,0,-0.5368392180962027,-0.00044312701855055847,0.0023837902264600697,0.0
2018-01-10,-0.2291639624121999,0,-0.27499675489463987,0.0002679357606455647,-0.0011890606420927874,6.981290142427099e-05
2018-01-11,-0.3774550951360525,0,-0.452946114163263,0.00370364461194351,-0.0071428571428571175,0.0
2018-01-12,-0.5033900044501155,0,-0.6040680053401386,-0.0019775058770094833,0.008393285371702586,0.00032909498878086474
2018-01-15,0.2585800293653597,0,0.3102960352384316,0.005455091505918731,-0.01189060642092743,9.969294572687026e-05
2018-01-16,0.4481962587100807,0,0.5378355104520968,0.01057449124783006,-0.018050541516245522,7.974640642771647e-05
2018-01-17,0.31748422171545987,0,0.3809810660585518,0.00029399352489658533,0.001225490196078427,3.98700237227434e-05
2018-01-18,0.2005129091691479,0,0.24061549100297747,-0.0039729822887199055,-0.007343941248469932,0.00011960530250165746
2018-01-19,-0.05467506677674467,0,-0.0656100801320936,0.0014995146872123894,0.0036991368680638903,0.00025911383069887606
2018-01-22,0.21175042041497583,0,0.254100504497971,-0.0008356200049978604,-0.003685503685503577,0.00026901004304158427
2018-01-23,-0.011973533914779963,0,-0.014368240697735955,-0.0015139307185816331,0.020961775585696563,1.9921310822512694e-05
2018-01-24,-0.41390329231053963,0,-0.49668395077264754,-0.0015869332106912349,-0.006038647342995196,0.000109565026843228
2018-01-25,-0.5051782702587729,0,-0.6062139243105275,-0.00021182949835872906,0.008505467800729027,0.0001493904868139495
2018-01-26,-0.6935360726320896,0,-0.8322432871585075,0.00043706029603967424,0.0,0.0003286099797854547
2018-01-29,-0.3778708555409353,0,-0.45344502664912234,0.0002707267992587968,0.0,0.00023891056781089048
2018-01-30,-0.4047006393463104,0,-0.4856407672155725,0.013228669704556151,-0.015662650602409678,0.0002089968152865218
2018-01-31,0.2734068908062179,0,0.32808826896746146,0.00327959533637348,-0.006119951040391536,0.0003582053909911842
2018-02-01,0.44310622708062447,0,0.5317274724967493,0.006659655681580743,-0.013546798029556606,0.00032823736534770553
2018-02-02,0.44704036781929263,0,0.5364484413831512,-0.01241186803495223,-0.038701622971285876,0.0005767127373970116
2018-02-05,0.5093782717282092,0,0.611253926073851,-0.006907912075310077,-0.012987012987012991,0.0
2018-02-06,0.44390303253589036,1,0.2663418195215342,-0.007095934865807887,-0.013157894736842146,0.0
2018-02-07,0.2399996533363261,1,0.14399979200179566,-0.018917576452874296,-0.03066666666666673,0.0
2018-02-08,0.33021272779222216,1,0.19812763667533329,-0.0010143301075375894,-0.004126547455295726,0.00019888425930525422
2018-02-09,0.1431343858587485,1,0.08588063151524909,0.00041012637902701997,0.0013812154696133394,0.00027838259711066016
2018-02-12,0.19023429003908157,1,0.11414057402344893,-0.002791211693086072,-0.015172413793103412,0.00033794193362424174
2018-02-13,0.1629720361218427,1,0.09778322167310562,0.0026595642809522464,0.025210084033613578,0.0005564222052205636
2018-02-14,0.23947257045905182,1,0.1436835422754311,0.001396939626632657,0.001366120218579292,0.0014101430997328634
2018-02-22,0.2648971269473332,1,0.15893827616839992,0.0009108595964679257,0.009549795361528002,0.0
2018-02-23,0.16891667162465898,1,0.10135000297479539,0.0014548451322201885,0.008108108108108025,0.00034738419699653633
2018-02-26,0.20493138473127304,1,0.12295883083876381,0.0008818358396155279,0.00536193029490617,6.945271262459585e-05
2018-02-27,0.14071053301490136,1,0.08442631980894082,0.002204822707573629,0.021333333333333426,5.95267622400808e-05
2018-02-28,-0.04346995653089497,1,-0.05216394783707396,0.0007446264771117067,0.005221932114882533,0.00013888751103641184
2018-03-01,-0.12224868397512745,1,-0.14669842077015294,0.00015941180746590315,0.0012987012987013546,0.00012894906511928816
2018-03-02,-0.060633599897195446,1,-0.07276031987663453,-0.000265035088082811,0.01037613488975353,0.0003074542785734824
2018-03-05,-0.22003090149222637,1,-0.26403708179067165,0.00015630941903160709,0.0,0.00016855213714217498
2018-03-06,-0.28885378244839804,1,-0.34662453893807765,-0.00037353720305019944,0.005134788189987249,8.921844640941146e-05
2018-03-07,-0.24666288926273006,1,-0.2959954671152761,-0.00265128421096956,0.010217113665389466,6.938593447980423e-05
2018-03-08,-0.40629952496890454,0,-0.4875594299626854,0.003242367087024469,-0.008849557522123908,0.0001486738294413925
2018-03-09,-0.09109219906085697,0,-0.10931063887302836,-0.002558790149815337,0.008928571428571397,0.0001387416135649744
2018-03-12,0.12740853779880593,0,0.1528902453585671,-0.008730055795143335,0.017699115044247815,5.945244299998542e-05
2018-03-13,0.2610290072551801,0,0.31323480870621606,-0.0014857953592051455,0.014906832298136496,0.00024770378590455167
2018-03-14,0.05957597975183578,0,0.07149117570220294,-0.0012558660131322848,-0.008567931456548217,0.00015849116411770225
2018-03-15,-0.3611671477390001,0,-0.4334005772868001,-0.003919950116398729,-0.012345679012345734,9.904128040560956e-05
2018-03-16,-0.6091754609073163,0,-0.7310105530887796,4.840676352542661e-05,0.0012499999999999734,0.00022777238606441763
2018-03-19,-0.6009530968421045,0,-0.7211437162105254,3.569028941995025e-05,0.0,0.0001287115969146324
2018-03-20,-0.6609106530368987,0,-0.7930927836442784,0.0012332795121472583,-0.0012484394506866447,0.0001880927396202825
2018-03-21,-0.630060930818113,0,-0.7560731169817355,-0.0018047629025401957,0.0024999999999999467,1.979551235731236e-05
2018-03-22,-0.6818546150897736,0,-0.8182255381077284,0.005316398257604977,-0.006234413965087282,0.00021774632553084317
2018-03-23,0.48446200502323533,0,0.5813544060278824,0.009392993093721016,-0.01129234629861986,0.0005046656837230934
2018-03-26,0.574574502808788,0,0.6894894033705455,0.03356600032939801,-0.04187817258883253,0.0
2018-03-27,0.5312739380177596,0,0.6375287256213115,0.008436703273110885,0.014569536423841178,4.946087644674968e-05
2018-03-28,0.2872672503596005,0,0.3447207004315206,0.014397387407785841,0.02088772845953013,6.924180226519638e-05
2018-03-29,-0.08088414500243925,0,-0.0970609740029271,-0.00014640401259489544,0.0,0.0
2018-03-30,-0.2789283834231018,0,-0.33471406010772214,0.0024240521291238686,0.006393861892583175,0.0006727610906642756
2018-04-02,-0.606106489133763,0,-0.7273277869605156,-0.0012300087019027107,0.015247776365946653,0.00033615439373591016
2018-04-03,-0.5955156149457613,0,-0.7146187379349136,0.0006347728751213788,0.0,0.0006226650062266526
2018-04-04,-0.6900225312917568,0,-0.8280270375501082,0.0033728769686853814,-0.003754693366708417,0.0003753420057091006
2018-04-09,-0.7937640848333696,0,-0.9525169018000434,0.0068370991396554835,-0.008793969849246186,0.0003554537465810803
2018-04-10,-0.8563898196245366,0,-1.0,-0.0006606337365041855,0.0012674271229404788,0.00024675516952110677
2018-04-11,-0.8914701693544019,0,-1.0,-2.3741549099978277e-05,0.0,0.0
2018-04-12,-0.78221233707611,0,-0.938654804491332,-0.005063291139240533,0.005063291139240533,0.0
2018-04-13,-0.7282363091811468,0,-0.8738835710173761,0.005480932146904171,-0.005037783375314908,0.00023691068467179832
2018-04-16,-0.8389173813998246,0,-1.0,0.0011557850218596511,-0.0012658227848101333,0.0
2018-04-17,-0.12448974472226133,0,-0.1493876936667136,-0.0010966689730463025,0.0012674271229404788,3.9475761882235005e-05
2018-04-18,-0.02662486542905738,0,-0.03194983851486886,0.02119236669762566,-0.021518987341772156,4.9342754510073306e-05
2018-04-19,-0.1597887622017535,0,-0.1917465146421042,-0.0021845463924321266,0.014230271668822736,0.0
2018-04-20,0.07888539794022521,1,0.04733123876413513,0.0001543322494345278,0.0012755102040815647,0.0002664692820131265
2018-04-23,0.11823297209077284,1,0.0709397832544637,0.0030558811110005164,-0.016560509554140124,0.0
2018-04-24,0.39674093316374864,0,0.4760891197964984,-0.000525990453229977,-0.011658031088082943,3.947108742829997e-05
2018-04-25,-0.046394399998724446,0,-0.055673279998469334,0.001567910634069581,0.019659239842725995,0.0004045626776127964
2018-04-26,0.0706010468431592,0,0.08472125621179104,0.0011181919756935589,0.0025706940874035134,0.0003057651526359173
2018-04-27,0.2882965381305053,0,0.3459558457566064,0.0015580949959724671,-0.014102564102564163,0.0007986905419263834
2018-05-02,0.27599946213652715,0,0.3311993545638326,2.7788563078038486e-05,-0.002600780234070177,0.00041380533414780984
2018-05-03,0.27062630171719887,0,0.32475156206063865,-0.0008772729893883701,-0.0026075619295958807,4.924216310953078e-05
2018-05-04,0.17540885926267644,0,0.2104906311152117,0.0028117664547294354,0.007843137254901933,0.0003249822736941521
2018-05-07,0.37994174324052804,0,0.45593009188863365,0.0004571448991676982,0.0012970168612191912,0.00013782647646620738
2018-05-08,0.05791949730399715,0,0.06950339676479657,0.0028764991067471452,0.014248704663212486,0.0
2018-05-09,-0.3469961584420038,0,-0.41639539013040455,0.001564358864878428,0.003831417624521105,1.9691629088436358e-05
2018-05-10,-0.35585635003038557,0,-0.42702762003646266,-0.00014536136341799317,0.0012722646310432406,9.845620668080812e-06
2018-05-11,-0.11576829694762891,0,-0.13892195633715468,-0.0017172745660382139,0.0050825921219821435,0.0002855201882463465
2018-05-14,-0.13825751193454636,0,-0.16590901432145563,0.0030950947284774815,-0.007585335018963302,0.0
2018-05-15,0.16899783856651393,0,0.2027974062798167,0.0011628390533649782,-0.006369426751592355,0.0002559256634380169
2018-05-16,0.09548265164157634,0,0.1145791819698916,-0.0008860138219130068,0.00512820512820511,0.0001279300911256609
2018-05-17,0.12150060626228776,0,0.1458007275147453,-0.00047516445696845237,-0.0025510204081632404,0.00010823469217058346
2018-05-18,-0.14772892060187695,0,-0.17727470472225235,-0.0004781679446022559,-0.006393861892583175,0.0003049920308533238
2018-05-21,0.11110323661146876,0,0.13332388393376252,0.0007934937770454961,0.006435006435006496,1.967090574672703e-05
2018-05-22,-0.20958382708679038,0,-0.25150059250414847,-0.0012028356121591588,0.007672634271099765,0.0002655520039340775
2018-05-23,0.13036075857770998,0,0.156432910293252,0.0006633148969056459,0.0050761421319796,0.00020648561483560535
2018-05-24,-0.03458528829400178,0,-0.04150234595280213,0.003057666953872853,-0.012626262626262652,6.881432910965657e-05
2018-05-25,0.04732824408094525,0,0.056793892897134296,-0.00046588293540025485,-0.002557544757033292,3.931976801307968e-05
2018-05-28,0.012659507775698515,0,0.015191409330838217,0.0003949713672787541,-0.008974358974358942,6.88068885525972e-05
2018-05-29,-0.06678501013741421,0,-0.08014201216489705,-0.0006085776236422367,-0.010349288486416586,0.0
2018-05-30,0.680138456101079,0,0.8161661473212948,-0.00022638917346361073,-0.0117647058823529,0.0
2018-05-31,0.947619194931027,0,1.0,0.0015981673781136699,-0.022486772486772555,0.00022606866589991448
2018-06-01,0.9096436442019334,0,1.0,0.009916507538571429,0.012178619756427533,0.00037342033372000927
2018-06-04,0.8659863710032417,0,1.0,-0.009358288770053513,-0.009358288770053513,0.0002750491159135837
2018-06-05,0.8797895093008358,0,1.0,0.0013495276653170407,0.0013495276653170407,0.00010802529756048784
2018-06-06,0.5951061113024204,0,0.7141273335629045,0.008086253369272267,0.008086253369272267,9.819420850565308e-05
2018-06-07,0.6730009485685685,0,0.8076011382822822,0.0025308604582253134,0.002673796791443861,0.00011782148081973531
2018-06-08,0.3674522768606278,0,0.4409427322327534,-0.007593932683495659,-0.010666666666666713,0.00024543250115338644
2018-06-11,0.2875169938313608,0,0.34502039259763295,-0.00667980589854553,-0.008086253369272267,0.00017666804075133768
2018-06-12,0.3790098421204653,0,0.4548118105445583,-0.004214279396764735,-0.009510869565217406,4.906578740793144e-05
2018-06-13,0.5443528202575044,0,0.6532233843090053,0.0013649412976011904,0.004115226337448652,0.0
2018-06-14,0.36353973401599315,0,0.4362476808191918,-0.004968181320815743,-0.010928961748633892,0.00018644084428243168
2018-06-15,0.6583761143573253,1,0.3950256686143952,-0.0036153916575645886,-0.0055248618784530246,0.00029432540616913805
2018-06-19,0.8500044121495046,1,0.5100026472897028,-0.011505056281897462,-0.026388888888888906,4.903980070225522e-05
2018-06-20,0.8173835565411808,1,0.49043013392470847,-0.02634107307184958,-0.06704707560627665,0.0003334542922430739
2018-06-21,0.6909633911859306,1,0.41457803471155835,0.004721981518957919,0.00917431192660545,0.00010784630920523952
2018-06-22,0.7393393903095612,1,0.44360363418573673,-0.008929860619483582,-0.018181818181818188,4.9015763469606455e-05
2018-06-25,0.6774759129682942,1,0.4064855477809765,0.007114896489744561,0.016975308641975273,0.0001568427553348961
2018-06-26,0.2973913852858336,1,0.17843483117150014,-0.005338292353543895,-0.012139605462822445,0.00011761361965723083
2018-06-27,0.27478002288437076,1,0.16486801373062246,0.00612999227273948,0.015360983102918668,0.0
2018-06-28,0.31651760697409675,1,0.18991056418445804,-0.0015298444983537429,-0.009077155824508298,0.00011760439840458048
2018-06-29,0.31573841860872215,1,0.18944305116523327,-0.0013816549309579374,-0.010687022900763399,0.00047036227694530197
2018-07-02,0.5762696887947731,1,0.3457618132768639,0.006551000654538528,0.03240740740740744,0.0004897303544668663
2018-07-03,0.3856491822128525,1,0.2313895093277115,-0.002716955502980366,-0.01644245142002987,0.0005873887632528163
2018-07-04,0.4212746105926384,1,0.25276476635558304,0.0042548408394765605,0.010638297872340496,0.0009686225013940675
2018-07-05,0.5698898224773236,1,0.34193389348639414,-0.002941790459533179,-0.015037593984962405,0.0007135456375970683
2018-07-06,-0.027059425760699363,1,-0.03247131091283923,-0.004747445066934488,-0.01984732824427482,0.0004200080094549641
2018-07-09,0.38450992205867934,1,0.2307059532352076,-0.0012524172236525579,-0.0031152647975077885,0.0
2018-07-10,0.04846099091726117,1,0.029076594550356702,-0.0004867435951832039,0.010937500000000044,0.0
2018-07-11,0.34247558041253384,1,0.2054853482475203,0.003108387143094783,0.01391035548686248,0.0
2018-07-12,0.4514347720723905,1,0.2708608632434343,-0.0007087414556671705,-0.021341463414634165,0.0
2018-07-13,0.06096290992629916,1,0.03657774595577949,0.006390645155021042,0.029595015576324046,0.000430439929173021
2018-07-16,-0.2401611286142397,1,-0.2881933543370876,0.0012048702615399985,0.004538577912254205,0.0001271207157873544
2018-07-17,-0.49321823659588165,0,-0.591861883915058,9.993356422238858e-05,0.001506024096385561,0.00021510002150981755
2018-07-18,-0.6009454756718404,0,-0.7211345708062085,-0.0005600231091491495,0.0015037593984963404,1.9550342131191556e-05
2018-07-19,-0.4856085496101477,0,-0.5827302595321773,0.00286593528497338,-0.0045045045045044585,0.00016617465934198883
2018-07-20,-0.4919753972676851,0,-0.5903704767212221,0.012097178279933318,-0.016591251885369585,0.00011728027052648748
2018-07-23,-0.7035682117864939,0,-0.8442818541437926,-0.006105458854596877,0.010736196319018454,9.772209789771225e-05
2018-07-24,-0.514736966426822,0,-0.6176843597121864,-0.00639796226996857,0.01062215477996964,0.0
2018-07-25,-0.7414076016505198,0,-0.8896891219806237,-0.011216129930207788,0.013513513513513598,0.00016612594300924322
2018-07-26,-0.6584996271906349,0,-0.7901995526287618,-0.0007033677651592841,0.001481481481481417,0.00021495080557687452
2018-07-27,-0.6448518996303376,0,-0.7738222795564051,0.0015986293986813092,-0.0014792899408283544,0.00017583104590168652
2018-07-30,-0.45015149104339075,0,-0.5401817892520688,0.005006676997379032,-0.00592592592592589,0.00018556680893455635
2018-07-31,-0.6189338054333139,0,-0.7427205665199766,0.012880571234856362,-0.016393442622950838,0.0001757675181628393
2018-08-01,-0.6530643795566647,0,-0.7836772554679977,-0.0015276656244262229,0.003030303030302939,0.0001366840450665041
2018-08-02,-0.14429637643773502,0,-0.17315565172528202,0.013782976545226184,-0.01812688821752262,0.00019523623584527527
2018-08-03,-0.22465970611529906,0,-0.2695916473383589,0.018284446103553297,-0.023076923076923106,0.00028303728284240215
2018-08-06,-0.21768229396981345,0,-0.26121875276377615,0.0019063710598102596,-0.011023622047244053,3.902857867643661e-05
2018-08-07,0.2128972739502112,0,0.25547672874025346,0.005588919472964592,-0.02070063694267521,9.756763876600516e-06
2018-08-08,-0.01680947660967484,0,-0.020171371931609807,-0.005681602605584592,0.021138211382113914,7.805334946420217e-05
2018-08-09,-0.22321851876918877,0,-0.2678622225230265,-0.0033632506714548756,-0.01273885350318471,3.9023628807255406e-05
2018-08-10,-0.15797632405896095,0,-0.18957158887075312,-0.0002003824123875586,0.016129032258064502,0.0002438881626440903
2018-08-13,-0.3683439714017482,0,-0.4420127656820978,-0.001579104420910893,0.006349206349206327,0.0001267909217699259
2018-08-14,-0.42254400832304695,0,-0.5070528099876563,-0.0009884452440409397,0.004731861198738141,2.925573412393412e-05
2018-08-15,-0.0816803955843909,0,-0.09801647470126908,-0.001861097348787846,0.0047095761381474865,0.0001755292695055921
2018-08-16,-0.14531402259095919,0,-0.174376827109151,0.012604044809000806,-0.025000000000000022,8.774923219423414e-05
2018-08-17,-0.2313234624908144,0,-0.27758815498897726,0.000972005423143944,-0.008012820512820484,0.0002047302435315146
2018-08-20,-0.048641092987272726,0,-0.05836931158472727,0.0037250566700476,-0.021001615508885352,9.747063697052027e-05
2018-08-21,0.2590789554821255,0,0.3108947465785506,-0.0008763237128051803,0.0033003300330032292,0.00011695336484573993
2018-08-22,0.05561823685099598,0,0.06674188422119517,-0.0005853106876141373,0.009868421052631637,0.0001656645585039751
2018-08-23,0.04508814221210795,0,0.05410577065452953,-0.0008594806818964609,-0.0032573289902280145,0.00039947775590931656
2018-08-24,-0.1760164502898529,0,-0.21121974034782348,0.0001481845029576808,0.0016339869281045694,4.869734599477482e-05
2018-08-27,0.3763603354224954,0,0.4516324025069945,4.386504435047146e-05,0.0032626427406199365,0.0
2018-08-28,0.12981782223622196,0,0.15578138668346633,-0.0032454712468702827,0.014634146341463428,0.00014611338398617946
2018-08-29,-0.11457941518589239,0,-0.13749529822307086,-1.4405274775049605e-05,0.0,0.00024348672997298593
2018-08-30,0.1071302042774653,0,0.12855624513295835,-0.0007394027633093893,-0.004807692307692291,0.0001850048685494432
2018-08-31,0.01773646301765851,0,0.021283755621190212,0.0026236204968855784,-0.017713365539452464,0.0002823236207516455
2018-09-03,-0.2924178019584814,0,-0.35090136235017766,-0.0013181239018013747,-0.00983606557377048,0.0
2018-09-04,0.05710843299927063,0,0.06853011959912475,-0.00020893737715623205,-0.0033112582781457123,4.8667010580150105e-05
2018-09-05,0.29034303858663074,0,0.3484116463039569,-0.004289964140395329,0.011627906976744207,0.0
2018-09-06,-0.1430328116152103,0,-0.17163937393825238,-0.0007735104813867498,-0.011494252873563204,0.0001654726678088636
2018-09-07,-0.5048649744774337,0,-0.6058379693729204,-0.0019962961727654,-0.004983388704318914,0.0
2018-09-10,-0.05609123862612503,0,-0.06730948635135003,0.00023904442942259576,0.0,0.0003893209269731912
2018-09-11,-0.42245433081071054,0,-0.5069451969728527,0.003776398325253275,-0.006677796327211993,0.0
2018-09-12,-0.4975822473839231,0,-0.5970986968607077,0.0010683375993704137,-0.015126050420168125,0.000252999503731699
2018-09-13,-0.44888094162438824,0,-0.5386571299492658,-0.006100736099449028,0.011945392491467643,0.0
2018-09-14,-0.45290102700756224,0,-0.5434812324090746,0.0002970570042734223,0.0,0.00020429406671640393
2018-09-17,-0.13347272539991742,0,-0.1601672704799009,0.0047788320966605825,-0.00843170320404718,0.0001556208298481021
2018-09-18,0.09618994903333362,0,0.11542793884000034,0.00905122112123057,-0.017006802721088454,0.0
2018-09-19,-0.18931053275934762,0,-0.22717263931121712,-0.0023546456389838366,0.01384083044982698,0.0
2018-09-20,-0.39865499336610366,0,-0.47838599203932436,0.0014991327878436452,0.013651877133105783,0.0001069726733442522
2018-09-21,-0.4682473950224563,0,-0.5618968740269475,-0.0012729432385419001,0.005050505050504972,0.0
2018-09-25,-0.7806739409275205,0,-0.9368087291130246,-0.0004261514328499747,0.0016750418760469454,0.000282010638607888
2018-09-26,-0.8694274602131314,0,-1.0,-0.0010663452413590497,0.0016722408026756952,3.888705255628011e-05
2018-09-27,-0.5931730035653903,0,-0.7118076042784683,-0.002782935310200384,0.0033388981636059967,0.00019442770205868598
2018-09-28,-0.49287600658092995,0,-0.5914512078971159,0.01491656105414546,-0.01331114808652245,0.0008747545827418879
2018-10-08,0.08389768460383588,0,0.10067722152460305,0.003038703302653616,-0.003372681281618939,0.0004078620261034338
2018-10-09,-0.10866330166353301,0,-0.1303959619962396,0.013803658843343239,-0.02368866328257191,8.736337339088074e-05
2018-10-10,-0.4912094602211427,0,-0.5894513522653713,-0.00024637550658034566,-0.0017331022530329143,4.853096761037179e-05
2018-10-11,0.43295629633979016,1,0.25977377780387406,0.001128763575659592,-0.01041666666666663,0.0
2018-10-12,0.27364990367107894,1,0.16418994220264735,0.03825457430805486,-0.06491228070175425,0.0002620748563442188
2018-10-15,0.36132910602925156,1,0.21679746361755092,-0.018976615155735864,-0.07317073170731714,0.0001067432630443843
2018-10-16,0.3041664986352814,1,0.18249989918116882,0.009280008752802939,0.05668016194331993,0.0
2018-10-17,0.42154596914755,1,0.25292758148853,-0.002863597433172203,-0.013409961685823757,7.762619107687385e-05
2018-10-18,0.6363348312077197,1,0.3818008987246318,-0.00027060540248849944,-0.001941747572815511,0.0001455378107233507
2018-10-19,0.7074076217187896,1,0.42444457303127375,-0.009377662633367142,-0.03696498054474706,4.850554418345254e-05
2018-10-22,0.8344006771005438,1,0.5006404062603262,0.015404977101215656,0.04040404040404044,0.0
2018-10-23,0.7968799463097754,1,0.47812796778586525,0.01742570761793512,0.040776699029126284,0.00027166267257849874
2018-10-24,0.7329803361512331,1,0.4397882016907399,-0.014868561339135387,-0.02985074626865669,0.00017459285915211176
2018-10-25,0.42168636023220457,1,0.2530118161393227,-0.009168388881843396,-0.019230769230769273,8.728119090339881e-05
2018-10-26,0.1614605020677289,1,0.09687630124063734,0.009479158238988379,0.021568627450980316,0.00015515301966551043
2018-10-29,0.40567784145672364,1,0.24340670487403418,0.0005089540854679574,0.0019193857965451588,0.00013573783207299073
2018-10-30,0.4846195981785515,1,0.29077175890713086,-0.001328597184223336,-0.013409961685823757,4.84712177908353e-05
2018-10-31,0.5480617036878086,1,0.3288370222126851,0.002870797696782146,0.011650485436893288,7.755018951338677e-05
2018-11-01,0.12321374707357523,1,0.07392824824414514,0.004445792841009495,0.015355086372360827,0.0
2018-11-02,0.6084476377458987,1,0.3650685826475392,0.011689832978911713,0.035916824196597474,9.693397826859851e-06
2018-11-05,0.5005959900363538,1,0.3003575940218123,0.00041149519429530435,0.0036496350364962904,0.0003101857237020056
2018-11-06,0.30930249994049813,1,0.18558149996429887,0.0006990849866407898,0.0018181818181817189,0.00010659327880913061
2018-11-07,0.0179987370315709,1,0.01079924221894254,0.0005080626163190786,0.001814882032667775,2.9067795789039508e-05
2018-11-08,-0.0737683737244706,0,-0.08852204846936472,0.0009922219672300764,0.005434782608695565,8.720085263047572e-05
2018-11-09,-0.34593833116351475,0,-0.4151259973962177,-8.161290948852689e-05,-0.01981981981981984,0.0001840746374215385
2018-11-12,0.5770232652084553,0,0.6924279182501463,-0.0004887506820713838,0.003676470588235281,0.0
2018-11-13,0.6415895936604131,0,0.7699075123924958,-0.010410313917847977,0.023809523809523725,1.9373086907581438e-05
2018-11-14,0.26682699047865704,0,0.3201923885743884,0.018547574296271876,0.026833631484794118,1.937271159846432e-05
2018-11-15,0.1405291147691385,0,0.1686349377229662,0.0011476467278453873,0.0017421602787457413,0.00013560635412623867
2018-11-16,-0.1328189149216328,0,-0.15938269790595935,0.005061021148647181,0.01565217391304352,0.00018401224165676133
2018-11-19,-0.4777483104163871,0,-0.5732979724996645,0.0020022034020993214,0.011986301369863117,0.00017429531436086165
2018-11-20,0.5895297927073814,0,0.7074357512488576,0.0007367847621276249,-0.005076142131979711,0.00011617662719887178
2018-11-21,0.2453041155290718,0,0.29436493863488616,0.015309866472424114,-0.027210884353741527,0.00022264600253629752
2018-11-22,-0.3393515031237704,0,-0.40722180374852446,0.010975413115355588,0.01573426573426584,0.00017420591138739283
2018-11-23,0.48487797938856064,0,0.5818535752662728,-0.0016659093779042454,-0.005163511187607606,0.0002902926149557228
2018-11-26,0.17049938938018339,0,0.20459926725622005,0.020750445435253072,-0.05190311418685112,7.738889856256925e-05
2018-11-27,0.03270764088510113,0,0.03924916906212135,0.007251898373189817,0.012773722627737127,1.934572749595631e-05
2018-11-28,-0.28509760404517454,0,-0.3421171248542094,-0.00045132237748663124,-0.0018018018018017834,0.0
2018-11-29,0.05483128083234227,0,0.06579753699881072,0.0009127207861388119,0.025270758122743597,0.00011610468772693672
2018-11-30,-0.38045306556851965,0,-0.45654367868222356,0.008999617895461193,-0.02640845070422515,0.00012576547640907876
2018-12-03,0.26165164462557466,0,0.3139819735506896,0.0018805213740375802,0.032549728752260254,0.0
2018-12-04,-0.41965269806031996,0,-0.5035832376723839,-0.003245322652588486,0.007005253940455258,0.00023215546677768373
2018-12-05,-0.35519345108432177,0,-0.4262321413011861,-0.0025531985628141057,-0.006956521739130417,5.802539578136923e-05
2018-12-06,-0.5493213423051871,0,-0.6591856107662245,-0.0014826562939036013,0.003502626970227629,0.0002127474397779494
2018-12-07,-0.7411283573735489,0,-0.8893540288482586,0.004237130238886297,-0.008726003490401424,0.00044474093840340956
2018-12-10,-0.5310978355856256,0,-0.6373174027027507,0.004527067979453516,-0.007042253521126751,0.0
2018-12-11,-0.6560742506623056,0,-0.7872891007947668,0.0014508505324028595,-0.0017730496453900457,0.0
2018-12-12,-0.7613754064268908,0,-0.913650487712269,-0.0034393430252570487,0.005328596802842034,1.9330581947141212e-05
2018-12-13,-0.8446875943547384,0,-1.0,-0.0028451209789526464,0.0035335689045936647,0.0
2018-12-14,-0.15002679933332433,0,-0.1800321591999892,0.0067979622319439305,-0.007042253521126751,0.00021267134543645483
2018-12-17,-0.3920827355516033,0,-0.4704992826619239,0.014045028312113548,-0.014184397163120366,0.00013530753469659373
2018-12-18,-0.6595226200603677,0,-0.7914271440724412,0.0016562128368974535,-0.008992805755395739,0.00015461626176538346
2018-12-19,-0.7628266624737181,0,-0.9153919949684617,-0.0010143646251914611,0.001814882032667775,0.0
2018-12-20,-0.7521080163689845,0,-0.9025296196427813,0.01427546583673387,-0.018115942028985477,0.0
2018-12-21,-0.7875274731331877,0,-0.9450329677598253,-0.0012141338900839413,0.0018450184501845879,0.00025123443071239926
2018-12-24,-0.7716363027495778,0,-0.9259635632994934,0.003523533832801221,-0.0036832412523020164,0.0001159252282276757
2018-12-25,-0.6659999134334038,0,-0.7991998961200846,0.005230943862057182,-0.00554528650646946,0.0
2018-12-26,-0.8101787754931079,0,-0.9722145305917295,0.0016577400312791965,-0.0018587360594795044,0.0
2018-12-27,-0.8171436782071764,0,-0.9805724138486116,-0.017563276857468904,0.022346368715083775,0.00021256449399964517
2018-12-28,-0.8892076836698982,0,-1.0,0.03712900744671345,-0.03642987249544627,0.0008698521251389035
2019-01-02,-0.9501101440377159,0,-1.0,-0.0016259260746995673,0.001890359168241984,0.00011987532965718195
2019-01-03,-0.9329721114825661,0,-1.0,0.005032124999152066,-0.0037735849056603765,0.0006292700467458445
2019-01-04,-0.21509397139319883,0,-0.2581127656718386,0.013000706008970853,-0.011363636363636354,0.0008185348226672495
2019-01-07,-0.3872902029627947,0,-0.4647482435553536,-0.03369672195638765,0.034482758620689724,0.0005784901407330789
2019-01-08,-0.7140162887570899,0,-0.8568195465085079,-0.0039272105637097425,0.014814814814814836,0.0
2019-01-09,-0.7372690003806759,0,-0.8847228004568111,-0.0027402778607212236,0.005474452554744547,0.0
2019-01-10,-0.9069331538312454,0,-1.0,0.00465112757361666,-0.005444646098003658,0.0
2019-01-11,-0.7569848902931865,0,-0.9083818683518238,-0.0013335368220198968,0.0018248175182482562,0.0001796335475630073
2019-01-14,-0.7994610779427959,0,-0.959353293531355,-0.0016677457070998333,0.0018214936247722413,9.977849174824804e-05
2019-01-15,-0.6489419968353306,0,-0.7787303962023967,0.0016832366245234523,-0.0018181818181818299,2.993056109845682e-05
2019-01-16,-0.7159892585597828,0,-0.8591871102717393,-0.01562193866046473,0.016393442622950838,9.976555095514428e-05
2019-01-17,-0.5686088152938603,0,-0.6823305783526323,0.004164238034767647,-0.005376344086021501,9.97555987813925e-06
2019-01-18,-0.7119561007655885,0,-0.8543473209187061,0.0093669972602843,-0.010810810810810811,8.977914330765557e-05
2019-01-21,-0.7137785979418162,0,-0.8565343175301794,-0.008618228805787921,0.012750455373406133,9.974564859605017e-05
2019-01-22,-0.4856575339208317,0,-0.582789040704998,0.00023933451916711038,0.0,0.00012965641051199128
2019-01-23,-0.8210884834756068,0,-0.9853061801707281,0.009421039318309447,-0.010791366906474864,0.00016952871018593996
2019-01-24,-0.7868394660971831,0,-0.9442073593166197,-0.001213531000976355,0.0018181818181817189,2.9911760306866597e-05
2019-01-25,-0.6963070709556102,0,-0.8355684851467322,-0.00858553439208917,0.00907441016333932,0.00018943548226291185
2019-01-28,-0.3669793578103069,0,-0.4403752293723682,0.005098466498926596,-0.0053956834532373765,2.9905200514379615e-05
2019-01-29,-0.18484091036715547,0,-0.22180909244058655,0.015387866381957558,-0.018083182640144635,0.00025917065390745897
2019-01-30,0.025744039334765823,0,0.030892847201718986,0.005567745671141051,-0.012891344383057057,0.0
2019-01-31,0.052233188221780746,0,0.06267982586613689,0.0034155896128197057,-0.014925373134328401,0.0001893561889576567
2019-02-01,0.6868400695679983,0,0.8242080834815979,0.0006867410777319113,-0.007575757575757569,0.0009665301567371998
2019-02-11,0.7662319648446756,0,0.9194783578136106,0.001293887707310437,0.026717557251908497,0.0
2019-02-12,0.6956519346352471,0,0.8347823215622965,0.02294089471035197,0.027881040892193232,4.97779901638129e-05
2019-02-13,0.7592473759776904,0,0.9110968511732285,0.01659035826828107,0.018083182640144413,6.968571741450269e-05
2019-02-14,0.6930494118454785,0,0.8316592942145742,0.011841849581964286,0.014209591474245054,0.00010949849688435265
2019-02-15,0.7537825047959096,0,0.9045390057550915,-0.0016238315220548812,-0.0017513134851138146,0.0001293931461445741
2019-02-18,0.966562244928899,0,1.0,0.005808142377454456,0.007017543859649145,4.976015604785111e-05
2019-02-19,0.8976339429510741,0,1.0,0.025184899995772978,0.027874564459930307,0.00019903072039162417
2019-02-20,0.8239722191721346,0,0.9887666630065615,0.006779661016949268,0.006779661016949268,7.959644601873705e-05
2019-02-21,0.7243398547578472,0,0.8692078257094167,-0.003372620035500071,-0.0033670033670033517,5.96925831966022e-05
2019-02-22,0.9318177057012932,0,1.0,-0.0017296581229905004,-0.0016891891891891442,2.9844510102128297e-05
2019-02-25,0.977649275678579,0,1.0,0.04111534692446835,0.04737732656514382,0.0
2019-02-26,0.9152466413212191,0,1.0,0.042003231017770704,0.042003231017770704,0.00011939110536252073
2019-02-27,0.9445071469184304,0,1.0,-0.015503875968992276,-0.015503875968992276,0.00045761126917476247
2019-02-28,0.6965435962383767,0,0.835852315486052,0.0,0.0,0.0005369501232996843
2019-03-01,0.7516564654392415,0,0.9019877585270897,0.004642335606561827,0.0047244094488188,0.0004869710401302907
2019-03-04,0.8126848053326202,0,0.9752217663991443,0.010447839055734107,0.012539184952978122,0.0
2019-03-05,0.8908765400505158,0,1.0,0.012529775916719966,0.01393188854489158,0.0
2019-03-06,0.7672657902561336,0,0.9207189483073603,0.04019079382937768,0.04122137404580162,0.00012921566093804238
2019-03-07,0.7909787326987483,0,0.949174479238498,0.01608939173221796,0.01612903225806428,0.0001888292585967566
2019-03-08,0.9551461729819261,0,1.0,0.007965242626815095,0.008658008658008587,9.936505728402878e-05
2019-03-11,0.9267816767570832,0,1.0,-0.03396996798734128,-0.03576537911301847,5.9613110910294864e-05
2019-03-12,0.9070521173201366,0,1.0,0.054896142433234374,0.054896142433234374,1.9869852466269933e-05
2019-03-13,0.8974579971046199,0,1.0,0.011251758087201136,0.011251758087201136,0.000417258610926341
2019-03-14,0.8096912145015018,0,0.9716294574018022,-0.03616133518776077,-0.03616133518776077,0.0
2019-03-15,0.610791236859453,0,0.7329494842313437,-0.01300119825831198,-0.01298701298701288,3.9722340837489156e-05
2019-03-18,0.5955882035016331,0,0.7147058442019597,0.01124474723448837,0.011695906432748426,0.0
2019-03-19,0.32811422142723806,0,0.3937370657126857,0.021192952691560858,0.028901734104046284,6.951271586186358e-05
2019-03-20,0.23125128453454477,0,0.2775015414414537,-0.003146389455578892,-0.004213483146067398,8.936727966002422e-05
2019-03-21,0.037315400629852315,0,0.044778480755822775,-0.0010724890832079352,-0.0028208744710860323,0.00015886096686767992
2019-03-22,-0.18883266905105234,0,-0.22659920286126278,0.004351821976327774,0.01555869872701554,0.00020847190096584534
2019-03-25,-0.1841209135171533,0,-0.22094509622058395,-0.0003786336953911333,-0.011142061281337101,0.00026797943505973976
2019-03-26,0.16775641201958844,0,0.20130769442350613,-0.0018082114613065918,0.008450704225352101,8.930254710692864e-05
2019-03-27,0.02818804863530082,0,0.03382565836236098,0.005960524337096507,-0.027932960893854775,0.0
2019-03-28,0.04971984387523331,0,0.059663812650279965,0.0004947293682438528,0.002873563218390718,0.0
2019-03-29,0.16809880805141006,0,0.20171856966169208,-0.0002860638668676046,-0.012893982808022897,0.0001687093732942735
2019-04-01,0.08085259391084323,0,0.09702311269301188,0.0021778160398492567,0.036284470246734424,8.930166101106529e-05
2019-04-02,-0.39547196461532597,0,-0.47456635753839116,0.007232392041901145,0.035014005602240994,0.00027780258157950044
2019-04-03,-0.7149179238585207,0,-0.8579015086302249,0.0003767669387318718,0.004059539918809252,0.00029756295936267385
2019-04-04,-0.847909142300629,0,-1.0,-0.004460237430524207,0.010781671159029615,0.0005751172545092054
2019-04-08,-0.8172948498070046,0,-0.9807538197684055,-0.005514212365318127,0.006666666666666599,0.00014865172881983746
2019-04-09,-0.9606302066123203,0,-1.0,0.018533423267500147,-0.018543046357615944,0.0
2019-04-10,-0.9721652420481846,0,-1.0,-0.009274503978616231,0.009446693657219951,0.0
2019-04-11,-0.890049982542612,0,-1.0,0.0014558492491939523,-0.0013368983957219305,5.947542673601092e-05
2019-04-12,-0.9495431758626404,0,-1.0,0.020338032806828332,-0.02008032128514059,0.00012885576084387118
2019-04-15,-0.9610782112985046,0,-1.0,-0.01067128343028223,0.010928961748633892,0.00012883915917583089
2019-04-16,-0.8509227202828763,0,-1.0,0.02297297297297296,-0.02297297297297296,0.0
2019-04-17,-0.877689582522768,0,-1.0,-0.023156340187302504,0.023513139695712226,0.00017839975420486098
2019-04-18,-0.9211786796377978,0,-1.0,-0.003855867461377116,0.004054054054054124,9.909329633850383e-05
2019-04-19,-0.9721652420481846,0,-1.0,0.004295302102923282,-0.004037685060565233,0.00012880852117902464
2019-04-22,-0.8680785280185171,0,-1.0,-0.01037489965742977,0.010810810810810922,0.00021795557669057608
2019-04-23,-0.766748774991989,0,-0.9200985299903868,0.00819967880539374,-0.008021390374331583,8.914421553107843e-05
2019-04-24,-0.7920785161313568,0,-0.9504942193576281,0.012168661558501753,-0.0121293800539084,3.961611979907964e-05
2019-04-25,-0.30678958706159604,0,-0.36814750447391525,-0.002525698608641087,0.0027285129604366354,0.0
2019-04-26,-0.3790761057007479,0,-0.45489132684089745,0.034914701380929204,-0.03673469387755102,0.0001485575066109135
2019-04-29,-0.333454007777801,0,-0.40014480933336116,0.0009965927907202353,-0.0028248587570621764,0.0
2019-04-30,-0.26611969071035496,0,-0.31934362885242595,0.020724632971772523,-0.04390934844192618,0.0005347646540367901
2019-05-06,0.3439977930954626,0,0.41279735171455506,0.01811798704022457,-0.04444444444444451,0.00026723941682416097
2019-05-07,0.24318431180773015,0,0.29182117416927617,0.007230241215025101,-0.023255813953488413,0.00012863645359195708
2019-05-08,0.08968955538675129,0,0.10762746646410154,-0.0033076091041997417,-0.007936507936507908,4.9469195531948174e-05
2019-05-09,0.09874314060347152,1,0.059245884362082904,0.005114018419198971,0.01760000000000006,9.893349690326403e-05
2019-05-10,0.5187824654714374,0,0.6225389585657248,0.0006968499146300388,0.0062893081761006275,4.9461855017529643e-05
2019-05-13,0.3035884500236849,0,0.3643061400284219,0.00032079936124800127,0.0078125,0.00014837822598989803
2019-05-14,-0.07283042071983843,1,-0.08739650486380611,-0.003963690406719231,-0.006201550387596955,6.92328994738034e-05
2019-05-15,-0.05174501730087544,0,-0.06209402076105053,0.004352305375658614,0.012480499219968744,4.944864757949752e-05
2019-05-16,-0.2919994492924806,0,-0.3503993391509767,-0.001493947934658257,0.016949152542372836,0.0
2019-05-17,0.5464717526998969,0,0.6557661032398763,-0.00029946281103540096,0.007575757575757569,0.0002966772151899999
2019-05-20,0.05499977282567644,1,0.03299986369540586,0.014250573664108862,-0.04210526315789476,0.0
2019-05-21,0.34932518001393736,1,0.20959510800836242,0.0028212397749006403,0.0047095761381474865,0.00012852453830025645
2019-05-22,-0.2015116156247988,1,-0.24181393874975854,0.0005495678643879401,0.018750000000000044,1.9770464902535423e-05
2019-05-23,0.4028849843539155,1,0.2417309906123493,-0.0024525192056096437,-0.010736196319018454,2.9655111058346506e-05
2019-05-24,-0.041292801391134816,1,-0.049551361669361776,0.005590482722805968,-0.023255813953488413,0.0001680406460669026
2019-05-27,0.5399966853097588,1,0.32399801118585525,-0.0008455948254698698,-0.0031746031746031633,8.894774813938966e-05
2019-05-28,-0.221146442986081,1,-0.2653757315832972,-0.0014036706333836796,0.027070063694267565,0.00011858644952189579
2019-05-29,-0.4465434624773379,0,-0.5358521549728055,-0.0002946868713845762,0.0,0.0
2019-05-30,-0.633643502593396,0,-0.7603722031120751,0.0008876837708636824,-0.0031007751937984773,0.00015809651792397794
2019-05-31,-0.7584341665776798,0,-0.9101209998932157,-0.000687674727062035,0.0015552099533437946,0.00016795099782673795
2019-06-03,-0.7396011941203793,0,-0.8875214329444551,-0.002314558382679945,0.0031055900621117516,6.914468030472243e-05
2019-06-04,-0.6787281032681699,0,-0.8144737239218038,0.01571251475065954,-0.017027863777089758,0.00011852554225422196
2019-06-05,-0.9037116058853547,0,-1.0,0.01120077177604647,-0.012598425196850394,2.9627873903592672e-05
2019-06-06,-0.45539317805304136,0,-0.5464718136636496,0.0002835387037957209,0.0,0.00020738897283201219
2019-06-10,-0.2578183757370906,0,-0.3093820508845087,0.028698589467381307,-0.028708133971291905,0.00010860979462878895
2019-06-11,0.3400355059582103,0,0.40804260714985235,-0.006399830095914332,0.011494252873563315,0.0
2019-06-12,-0.1408726925982352,0,-0.16904723111788225,-0.013261922440048373,0.04220779220779214,0.00011847054526059608
2019-06-13,-0.5370416441981942,0,-0.644449973037833,-0.006597601296950427,-0.015576323987538943,7.897100776887989e-05
2019-06-14,-0.3696189004862444,0,-0.4435426805834933,-0.0018561976868070552,0.011075949367088667,0.0002171531225632073
2019-06-17,-0.7515509651536593,0,-0.901861158184391,0.012099262333977718,-0.018779342723004744,5.9210721087721296e-05
2019-06-18,-0.9306001258647684,0,-1.0,0.0026859272805358995,-0.006379585326953707,5.9207215385992384e-05
2019-06-19,-0.8816807056189991,0,-1.0,-0.024658442918716345,0.027287319422151013,0.0
2019-06-20,-0.7773183555343134,0,-0.932782026641176,0.012519736907028678,-0.012499999999999956,9.868453514361164e-06
2019-06-21,-0.7970962336717623,0,-0.9565154804061147,-0.056462743072156193,0.05696202531645578,0.00026644561548949675
2019-06-24,-0.9207306749516134,0,-1.0,0.016973516234280655,-0.017964071856287456,0.00011838872939295975
2019-06-25,-0.839953030529147,0,-1.0,0.003203266090082736,-0.0030487804878048808,0.00015783295354765414
2019-06-26,-0.936532164181347,0,-1.0,0.015408875912354514,-0.015290519877675823,5.9178017339345246e-05
2019-06-27,-0.9381271039156673,0,-1.0,-0.006211180124223503,0.006211180124223503,0.0
2019-06-28,-0.8954782267393672,0,-1.0,-0.010368505569016806,0.010802469135802406,0.00021698178339280005
2019-07-01,-0.2962358009140859,0,-0.3554829610969031,-0.0015267175572519776,0.0015267175572519776,0.0
2019-07-02,-0.7169861351994795,0,-0.8603833622393754,-0.013509268347896555,0.013719512195121908,0.00026625118333845066
2019-07-03,-0.5891133925737714,0,-0.7069360710885256,0.002139691496139899,-0.006015037593984918,0.00018731207177014042
2019-07-04,-0.8460892983139313,0,-1.0,0.0027466008306782043,-0.00302571860816947,0.00011828020580750831
2019-07-05,-0.805792067375096,0,-0.9669504808501151,0.003391321954652108,-0.004552352048558417,0.00018725484398740555
2019-07-08,0.13138964703928924,0,0.15766757644714707,0.01231654861303697,-0.012195121951219523,6.897571069619524e-05
2019-07-09,-0.18908384412624668,0,-0.226900612951496,0.018836388889640693,-0.020061728395061706,0.0
2019-07-10,-0.25998175187155254,0,-0.31197810224586303,-0.0001424856481553344,0.0,5.9119707554344814e-05
2019-07-11,-0.3249807652547074,0,-0.3899769183056489,5.8144003532319935e-06,0.0,3.941080841429745e-05
2019-07-12,-0.2924041405286115,0,-0.3508849686343338,0.0015900251258402429,-0.0047244094488189115,0.00011822776579095695
2019-07-15,-0.16060152980629128,0,-0.19272183576754953,2.153263491992655e-05,0.0,2.9553447409513822e-05
2019-07-16,-0.5054613319069202,0,-0.6065535982883042,-0.0038190845765509883,0.011075949367088667,0.000108359438107275
2019-07-17,-0.8052795313789192,0,-0.966335437654703,-0.0006926335109144533,0.003129890453834161,9.849790691940363e-05
2019-07-18,-0.15291580867962398,0,-0.18349897041554877,-0.002860448729249861,0.004680187207488196,9.848820603730601e-05
2019-07-19,-0.2019821738457743,0,-0.24237860861492916,0.014846160559564043,-0.01552795031055898,0.00011817420847903826
2019-07-22,0.6910050608380679,0,0.8292060730056815,-0.001754369591311692,0.009463722397476282,9.84668708192693e-06
2019-07-23,0.6371420987461748,0,0.7645705184954097,0.004949737616743391,-0.021874999999999978,0.0001476988518875899
2019-07-24,0.7657516974178282,0,0.9189020369013938,0.018518952944214302,0.022364217252396124,3.9380544042177945e-05
2019-07-25,0.24240805388647993,0,0.2908896646637759,0.0059053123925115894,0.0078125,3.9378993276217855e-05
2019-07-26,0.1257124788141447,0,0.15085497457697364,0.0068244342121180366,0.007751937984496138,0.00018704285250192854
2019-07-29,-0.4031513012786889,0,-0.4837815615344267,-0.0009371447373482586,-0.003076923076923088,3.937007873999754e-05
2019-07-30,-0.4497798371044283,0,-0.539735804525314,-0.0005250469619582024,-0.0015432098765432167,2.9526396598589244e-05
2019-07-31,-0.352187082739851,0,-0.4226244992878212,-0.002829057816203482,0.0061823802163833985,0.00012794394087034533
2019-08-01,-0.49238491139593127,0,-0.5908618936751175,0.004253551504455105,-0.007680491551459334,0.00010824640818718478
2019-08-02,0.17789944496249446,0,0.21347933395499336,0.007308244846137119,-0.017027863777089758,0.00013775324458076277
2019-08-05,0.1768648161320754,0,0.21223777935849045,0.002514512158791558,-0.0047244094488189115,7.870529785058977e-05
2019-08-06,0.8572333114211744,0,1.0,-0.002978776112070441,-0.014240506329113889,7.869910381397283e-05
2019-08-07,0.7686117047816875,0,0.9223340457380249,-0.003382427318503792,-0.014446227929374,9.836613844060871e-05
2019-08-08,0.831128485463971,0,0.9973541825567651,-0.0016674974722449948,-0.0016286644951140072,3.93425853979501e-05
2019-08-09,0.8847685558874828,0,1.0,0.015023999621501341,0.01631321370309946,0.00019670518809911108
2019-08-12,0.9255083074869193,0,1.0,-0.0096064259857594,-0.009630818619582704,8.849992625026282e-05
2019-08-13,0.8315853760984749,0,0.9979024513181699,0.008103727714748876,0.008103727714748876,5.899472980397391e-05
2019-08-14,0.6775877150323598,0,0.8131052580388317,0.009645253476462848,0.009646302250803762,2.949562481568968e-05
2019-08-15,0.5699040260648286,0,0.6838848312777943,-0.014393527754449135,-0.014331210191082855,9.831584949937522e-06
2019-08-16,0.36252764338986454,0,0.4350331720678374,0.013098739279076834,0.016155088852988664,0.00014747232436040925
2019-08-19,0.9610782112985047,0,1.0,0.011835404288130643,0.01748807631160565,0.0
2019-08-20,0.9097626076908246,0,1.0,0.01133973224373288,0.026562500000000044,0.0001179662616492827
2019-08-21,0.6234870376184322,0,0.7481844451421186,-0.0015220700152207556,-0.0015220700152207556,0.00015726979633545746
2019-08-22,0.418923298556315,0,0.502707958267578,0.0013984824664734442,0.0015243902439023849,0.00011793379982716345
2019-08-23,0.34373689662092616,0,0.4124842759451114,0.003315899633458415,0.004566210045662045,8.843991981444255e-05
2019-08-26,0.505431425597625,0,0.60651771071715,-0.010664637407221001,-0.021212121212121238,8.843209888675929e-05
2019-08-27,0.7854946990683539,0,0.9425936388820246,0.01140212549553393,0.02786377708978338,9.824919926959552e-06
2019-08-28,0.45749933161427986,0,0.5489991979371358,0.0026070459436162725,0.004518072289156683,8.84234105891224e-05
2019-08-29,0.12629073812319466,0,0.1515488857478336,0.0012259739232968014,0.0014992503748125774,0.00016700723043072685
2019-08-30,0.6128029997323415,0,0.7353635996788098,-0.0009452724249024572,-0.0014970059880239361,0.000166979343672935
2019-09-02,0.8521583525235016,0,1.0,-0.002278468335344031,-0.013493253373313308,6.874472138762577e-05
2019-09-03,0.5722863440200997,0,0.6867436128241197,0.016652079529614814,0.022796352583586588,7.855999528638691e-05
2019-09-04,0.5864204717846497,0,0.7037045661415796,0.004301024109532401,0.004457652303120341,0.0
2019-09-05,0.6052723758285412,0,0.7263268509942494,0.014220172312836548,0.020710059171597406,1.9638648860897945e-05
2019-09-06,0.3104254890404121,0,0.37251058684849453,0.0020924182425340093,0.0028985507246377384,0.00021602089511230105
2019-09-09,0.8740670634408408,0,1.0,0.010319144627959645,0.014450867052023142,0.0
2019-09-10,0.7354441290031963,0,0.8825329548038355,0.0066462001985112314,0.0185185185185186,9.817010916490787e-05
2019-09-11,0.8390363448887159,0,1.0,0.005535672071807412,0.005594405594405494,0.000157056756385332
2019-09-12,0.5781827857010097,0,0.6938193428412116,-0.014753487089292862,-0.016689847009735748,0.00029443517518901174
2019-09-16,0.32231034210286513,0,0.38677241052343814,0.011162326927431868,0.011315417256011262,7.849293563588766e-05
2019-09-17,0.6756355274283878,0,0.8107626329140654,-0.002992560178958675,-0.004195804195804231,0.00023546032493526603
2019-09-18,0.10716955954938585,0,0.128603471459263,-0.008360290276717194,-0.021067415730337102,0.0
2019-09-19,0.5812131494721644,0,0.6974557793665973,-0.0015042971315366994,-0.0014347202295552641,0.0
2019-09-20,-0.06489080905766277,0,-0.07786897086919532,0.0014982200897727636,0.012931034482758674,0.00013733164611595683
2019-09-23,0.5289744024012274,0,0.6347692828814728,-0.0003817276335968209,0.0,1.9616112674869512e-05
2019-09-24,-0.3168457207249655,0,-0.38021486486995854,0.0004908491052893044,-0.009929078014184411,6.865504761721652e-05
2019-09-25,0.25991300685728164,0,0.31189560822873796,0.001372223169790784,0.002865329512893977,0.00016672224074709696
2019-09-26,0.9124171874616397,0,1.0,0.005139720785812053,-0.014285714285714346,3.9222223311430326e-05
2019-09-27,0.6526506896405532,0,0.7831808275686638,-0.010558403972448378,-0.033333333333333215,0.0002647396236776789
2019-09-30,0.7756187376700963,0,0.9307424852041155,0.010386343037472595,0.010494752623688264,0.0007842060893601399
2019-10-08,0.19809876880849808,0,0.23771852257019768,-0.011693674412922496,-0.014836795252225476,0.0
2019-10-09,0.5562741915258216,0,0.6675290298309858,0.0010552086289302204,0.001506024096385561,0.0
2019-10-10,0.123713918932563,0,0.1484567027190756,0.0019822005672406563,0.009022556390977376,6.857971412066455e-05
2019-10-11,-0.6187018412287031,0,-0.7424422094744437,0.012728586509428296,0.019374068554396384,0.00016653931307408776
2019-10-14,-0.43579697466432693,0,-0.5229563695971923,0.0004477404822738614,0.005847953216374213,2.938439688526806e-05
2019-10-15,-0.29022574493327563,0,-0.34827089391993077,-0.001841345915300674,0.0029069767441860517,0.00024486277889868013
2019-10-16,-0.624460056388634,0,-0.7493520676663608,0.004579407646493686,-0.008695652173912882,7.833690745484567e-05
2019-10-17,-0.966562244928899,0,-1.0,0.0023452992809625314,-0.007309941520467822,0.0
2019-10-18,-0.8286229242094016,0,-0.9943475090512819,-0.0004923948156899892,0.0014727540500736325,0.0004210361405672103
2019-10-21,-0.9180201845809254,0,-1.0,0.01176187963687854,-0.0117647058823529,0.0
2019-10-22,-0.8489788054545179,0,-1.0,0.008875276513912055,-0.008928571428571397,0.0
2019-10-23,-0.8948873380437877,0,-1.0,-0.013513513513513598,0.013513513513513598,0.0
2019-10-24,-0.966562244928899,0,-1.0,0.009045504427108053,-0.008888888888888946,7.83077691095535e-05
2019-10-25,-0.9499911805488247,0,-1.0,0.0016317961765069944,-0.001494768310911776,6.85139327976092e-05
2019-10-28,-0.4273329521401519,0,-0.5127995425681823,-0.017866201514915803,0.017964071856287456,4.8935170685826535e-05
2019-10-29,-0.33785605842085803,0,-0.4054272701050296,-0.021989253990754316,0.022058823529411686,0.00015658488368663903
2019-10-30,-0.3548792155856109,0,-0.4258550587027331,0.010468524940975728,-0.020143884892086183,0.00012720529956844473
2019-10-31,-0.6734089412877068,0,-0.8080907295452481,0.0025224046742511413,-0.005873715124816492,0.00010762156344790164
2019-11-01,-0.7278699603337423,0,-0.8734439524004908,0.005581765402730835,-0.013293943870014813,7.826180530412508e-05
2019-11-04,-0.9151276778323276,0,-1.0,-0.008394573210057708,0.010479041916167775,5.869176065509407e-05
2019-11-05,-0.9366511276702383,0,-1.0,-0.005239242186173002,0.00592592592592589,0.0
2019-11-06,-0.9267816767570832,0,-1.0,-0.004085688519396946,0.004418262150220897,0.00016628681541197565
2019-11-07,-0.977649275678579,0,-1.0,0.010420408836372186,-0.01026392961876832,7.823960880193326e-05
2019-11-08,-0.977649275678579,0,-1.0,-0.012805257290383176,0.01333333333333342,0.00026403802147512145
2019-11-11,-0.37715316987281283,0,-0.4525838038473754,0.009162994007970271,-0.00877192982456143,0.0001955320917044201
2019-11-12,-0.6456209899036095,0,-0.7747451878843313,0.020433907613460475,-0.020648967551622488,2.932407995714925e-05
2019-11-13,-0.7418317040245364,0,-0.8901980448294436,-0.0022058870347024286,0.004518072289156683,0.0
2019-11-14,-0.4651746056504111,0,-0.5582095267804933,0.008125075434559387,-0.010494752623688153,2.932407995714925e-05
2019-11-15,-0.17214613193419956,0,-0.20657535832103946,-0.0054133294092860934,0.0060606060606061,7.819525354801904e-05
2019-11-18,-0.5053935511779054,0,-0.6064722614134864,0.007573028492396805,-0.013554216867469937,0.0001172837092926482
2019-11-19,-0.032000671309606876,0,-0.03840080557152825,-0.0023015027577800067,0.010687022900763399,8.795246657800071e-05
2019-11-20,-0.4772202213541085,0,-0.5726642656249302,-0.01202093535942324,0.01963746223564966,0.00010748800531557023
2019-11-21,-0.6489961017852819,0,-0.7787953221423383,7.420876394244124e-05,-0.008888888888888946,0.0
2019-11-22,0.06572948843760816,0,0.07887538612512979,0.00102952291515333,-0.001494768310911776,0.00017587227764370716
2019-11-25,-0.5088490561260004,0,-0.6106188673512004,0.00781907840805066,-0.010479041916167664,4.88448200071101e-05
2019-11-26,-0.8547855086900785,0,-1.0,-0.0008963939671097793,-0.0075642965204235635,4.884243430702817e-05
2019-11-27,-0.821088483475607,0,-0.9853061801707284,-0.0005748730814485532,0.0015243902439023849,0.00034188034188020744
2019-11-28,-0.7313453256793391,0,-0.8776143908152069,-0.0015294169251353915,0.0015220700152207556,0.0
2019-11-29,-0.717240485006437,0,-0.8606885820077244,0.003386941516461644,-0.003039513677811523,0.00022461814914609413
2019-12-02,-0.6436568725294096,0,-0.7723882470352915,6.486780145409683e-05,0.0,3.90552534197397e-05
2019-12-03,-0.3514762388760175,0,-0.42177148665122094,4.6683365119249864e-05,0.0,4.881716020821436e-05
2019-12-04,-0.6261952012316759,0,-0.7514342414780111,-0.004763866580963281,0.0060975609756097615,6.834068809324911e-05
2019-12-05,-0.1288864791748369,0,-0.15466377500980427,-0.002721022205602629,0.0060606060606061,0.0
2019-12-06,-0.32505876007598816,0,-0.39007051209118576,-0.005734497188315506,0.0075301204819278045,0.00012691222555205606
2019-12-09,-0.3432850836564829,0,-0.4119421003877795,-0.0013019453214230074,0.008968609865470878,0.0001757023212232145
2019-12-10,0.01628784784218899,0,0.01954541741062679,0.0005805128743135981,-0.001481481481481528,9.759525296582083e-06
2019-12-11,0.21770697174938705,0,0.26124836609926444,-0.003841544867947173,0.008902077151335286,2.9278290147871644e-05
2019-12-12,-0.10498113900543055,0,-0.12597736680651664,-0.00010182888157978918,-0.004411764705882337,0.00010735058750044324
2019-12-13,0.5913117281040859,0,0.7095740737249031,0.0013643696934533358,0.005908419497784312,1.9516193561441852e-05
2019-12-16,0.8723311401641264,0,1.0,-0.001688929597741528,0.011747430249632762,0.00018540022052859761
2019-12-17,0.9251160922343741,0,1.0,0.01221311633250665,0.01741654571843254,0.0
2019-12-18,0.8350592499218146,0,1.0,0.007132667617689048,0.007132667617689048,7.805030342056263e-05
2019-12-19,0.8082450999429271,0,0.9698941199315125,0.0028328611898016387,0.0028328611898016387,0.00015608842409209345
2019-12-20,0.9496621393515317,0,1.0,0.004222235195558965,0.004237288135593209,0.00018532607635424192
2019-12-23,0.9721652420481846,0,1.0,-0.010922782175355472,-0.011251758087201136,0.00017553954028159957
2019-12-24,0.9610782112985046,0,1.0,-0.02275960170697,-0.02275960170697,0.00018525921664602762
2019-12-25,0.8658792163892657,0,1.0,0.01455604075691408,0.01455604075691408,5.8492074324068e-05
2019-12-26,0.8294207739384484,0,0.995304928726138,0.011477761836441891,0.011477761836441891,0.0
2019-12-27,0.8448628325290869,0,1.0,0.007089851045923252,0.007092198581560183,7.799171338040978e-05
2019-12-30,0.7255719377199178,0,0.8706863252639013,-0.0070115371745533865,-0.007042253521126751,0.0
2019-12-31,0.6166319122844668,0,0.7399582947413601,0.0056091020278801855,0.005673758865248235,0.0005597481133490234
2020-01-02,0.8740737403903481,0,1.0,0.014686718932267149,0.016925246826516194,0.00011987892228848551
2020-01-03,0.795251909602764,0,0.9543022915233168,0.009197541017508404,0.012482662968099856,0.00034960494641045337
2020-01-06,0.7899388982035852,0,0.9479266778443022,-0.0027625748816355908,-0.002739726027397249,3.994088748671132e-05
2020-01-07,0.8189998207242204,0,0.9827997848690644,0.010489125963954104,0.01098901098901095,0.00011981787682735501
2020-01-08,0.9610782112985046,0,1.0,0.011580296715796152,0.012228260869565188,0.00011980352222340507
2020-01-09,0.9220040442217773,0,1.0,0.001311452734337538,0.0013422818791946067,4.991215460781184e-05
2020-01-10,0.6650916455194744,0,0.7981099746233693,0.008042895442359255,0.008042895442359255,0.0001996386540363826
2020-01-13,0.7218850951591701,0,0.8662621141910041,-0.002760519480773384,-0.0026595744680850686,7.983952255963267e-05
2020-01-14,0.430982062758076,0,0.5171784753096912,0.012765903867479122,0.016000000000000014,0.00014968715384844344
2020-01-15,0.0906989221851457,0,0.10883870662217485,-0.004711174386883637,-0.005249343832021025,7.982120051086561e-05
2020-01-16,-0.032390383792098236,0,-0.03886846055051788,0.0004877576981328328,0.0013192612137202797,1.9953707398823184e-05
2020-01-17,0.009294824231841895,0,0.011153789078210274,0.00011170882333733576,-0.0013175230566534468,0.00036913622124212786
2020-01-20,0.2777938088981695,0,0.3333525706778034,0.00018009948495090037,-0.00527704485488123,0.0
2020-01-21,0.030094548143343402,0,0.03611345777201208,0.0001199754953874042,0.01458885941644561,0.00011968880909618562
2020-01-22,-0.18321721117706047,0,-0.21986065341247255,-0.004742472774185709,-0.014379084967320321,0.00029918621349933616
2020-01-23,0.8567961537489514,0,1.0,0.0009667681961466582,0.006631299734747964,0.0008873202927157653
2020-02-03,0.9496621393515317,1,0.569797283610919,0.025750174364380707,-0.11989459815546766,0.0
2020-02-04,0.9037116058853548,1,0.5422269635312129,-0.015185161238434124,-0.014970059880239583,8.968341753612386e-05
2020-02-05,0.9421351613006325,1,0.5652810967803794,0.010510536472580378,0.01823708206686936,0.00030888184771127314
2020-02-06,0.9610782112985046,1,0.5766469267791027,0.020261860611659934,0.03731343283582067,8.964768459973627e-05
2020-02-07,0.8144473435433252,1,0.48866840612599505,0.010667505350106337,0.018705035971223083,0.00022907910200986592
2020-02-10,0.5359341874013824,1,0.32156051244082945,0.004842849102208202,0.008474576271186418,0.0
2020-02-11,0.31185032381064276,1,0.18711019428638564,0.010866998571386958,0.022408963585434094,0.0
2020-02-12,0.26774317958526067,1,0.1606459077511564,-0.0013481665624336314,-0.004109589041095929,5.975500448163196e-05
2020-02-13,-0.04036833420162228,1,-0.048442001041946736,0.0036547520806346186,0.01925722145804687,7.966857871255506e-05
2020-02-14,-0.49028000346616135,1,-0.5883360041593936,-0.00017089420500981554,-0.0013495276653171517,0.00017924002230551572
2020-02-17,0.3961266922052548,1,0.23767601532315288,-0.0005972578194097169,0.006756756756756799,0.0
2020-02-18,0.4753014838008558,1,0.28518089028051347,-0.02301419621167045,0.03892617449664426,0.00018917896329928574
2020-02-19,0.29774669579904955,0,0.3572960349588595,0.005617429690591292,0.023255813953488413,0.0001493235642540114
2020-02-20,0.36664535674334114,0,0.4399744280920094,-0.0025565957440103863,-0.008838383838383868,0.0
2020-02-21,0.25402319876682594,0,0.30482783852019113,0.005484484578554533,0.015286624203821653,9.953814301644215e-05
2020-02-24,0.5447038453320507,0,0.6536446143984609,0.008870940436767142,0.020075282308657405,0.0001891036487049469
2020-02-25,0.27769131367199235,0,0.3332295764063908,0.0017279720370966404,0.006150061500614923,3.980376742673819e-05
2020-02-26,0.809502521174085,0,0.971403025408902,-0.001675646407479134,-0.0024449877750610804,0.00023881309889839386
2020-02-27,0.2355121364990823,0,0.2826145637988987,-0.0019127661669330388,-0.004901960784313597,5.968902020470068e-05
2020-02-28,0.5575315226520616,1,0.334518913591237,-0.02784442761537273,-0.02832512315270941,0.0005272215424712012
2020-03-02,0.5295836107964851,0,0.6355003329557821,-0.00898078626231374,-0.03168567807351075,0.0
2020-03-03,-0.03624544434666426,0,-0.04349453321599711,0.022206430018185733,0.06675392670157065,3.9775269726094464e-05
2020-03-04,-0.44596899809780566,0,-0.5351627977173667,-0.014367838860831327,-0.02208588957055202,1.9886843858563097e-05
2020-03-05,-0.5955391325029178,0,-0.7146469590035013,-0.001555581682042308,0.030112923462985997,0.0
2020-03-06,-0.8607685887685647,0,-1.0,0.004172396449212583,-0.0073081607795371095,0.00022869415636717072
2020-03-09,-0.4757838522746094,0,-0.5709406227295313,0.009707407909191971,-0.013496932515337345,0.00011929140903021995
2020-03-10,-0.5443036413269621,0,-0.6531643695923545,0.029636216580021458,-0.02985074626865669,0.0
2020-03-11,-0.8447433837883774,0,-1.0,-0.02087794430098396,0.03717948717948727,0.00024854353488557024
2020-03-12,-0.7986391773640843,0,-0.9583670128369011,0.016945717616138316,-0.02595797280593326,9.939271053838183e-05
2020-03-13,-0.8284293122047909,0,-0.9941151746457491,0.03812975576235433,-0.038071065989847774,3.975313304405148e-05
2020-03-16,-0.36652814400347866,0,-0.4398337728041744,-0.022425613211047128,0.0237467018469657,0.00017888198757742835
2020-03-17,-0.5260324338943733,0,-0.6312389206732479,0.04343796199733556,-0.04381443298969079,7.948888645992191e-05
2020-03-18,-0.6406025508735494,0,-0.7687230610482593,0.0035324308073514795,-0.008086253369272267,4.967660529953122e-05
2020-03-19,-0.5473322923338788,0,-0.6567987508006545,0.016291652202202418,-0.025815217391304324,3.973931012568599e-05
2020-03-20,-0.6208393432837419,0,-0.7450072119404902,-0.020092733258263936,0.02649930264993028,0.00018875422213393556
2020-03-23,-0.22969693207916433,0,-0.2756363184949972,0.014448060726941929,-0.021739130434782594,0.00012912325311131845
2020-03-24,-0.37906827811509175,0,-0.4548819337381101,0.001834779030889719,-0.002777777777777768,0.0
2020-03-25,-0.8216396663065194,0,-0.9859675995678232,-0.005067582449735206,0.01810584958217265,9.932360624187453e-06
2020-03-26,-0.9195130951150884,0,-1.0,0.0034969987470915005,-0.008207934336525335,1.9864523946644397e-05
2020-03-27,-0.9721652420481846,0,-1.0,-0.014650928469107226,0.015172413793103523,0.0001589130348418344
2020-03-30,-0.977649275678579,0,-1.0,0.021739130434782594,-0.021739130434782594,0.0
2020-03-31,-0.977649275678579,0,-1.0,0.009920835898759917,-0.009722222222222188,9.930683826886444e-05
2020-04-01,-0.9666812084177901,0,-1.0,0.011418790308236337,-0.011220196353436185,9.929697740007626e-05
2020-04-02,-0.8131500537526569,0,-0.9757800645031882,0.008530495721570164,-0.008510638297872353,9.928711848905536e-06
2020-04-03,-0.9443881834295391,0,-1.0,-0.0309693556971347,0.031473533619456484,0.0002581439450350942
2020-04-07,-0.7734588901535518,0,-0.9281506681842622,-0.009466091133474611,0.009708737864077666,9.926050920538998e-06
2020-04-08,-0.8698099808471093,0,-1.0,-0.016360625911102232,0.016483516483516425,7.940761916103156e-05
2020-04-09,-0.8608464593029638,0,-1.0,-0.006173252479732004,0.006756756756756799,6.947614983032757e-05
2020-04-10,-0.62173253992922,0,-0.746079047915064,-0.011683557922864463,0.012080536912751683,0.00019848949494361
2020-04-13,-0.6832848575435864,0,-0.8199418290523036,0.02782372346224046,-0.02785145888594165,4.961252617063927e-05
2020-04-14,-0.7237325060167725,0,-0.868479007220127,0.005086933726745086,-0.006821282401091366,1.984402595578416e-05
2020-04-15,-0.9433527411371575,0,-1.0,-0.014666086965017852,0.017857142857142794,0.0
2020-04-16,-0.966562244928899,0,-1.0,0.0070406137416166486,-0.0080971659919028,3.968765813033848e-05
2020-04-17,-0.977649275678579,0,-1.0,-0.014965986394557929,0.014965986394557929,0.0
2020-04-20,-0.9267816767570832,0,-1.0,0.0015389129891406617,-0.0013404825737265424,9.92152077070596e-05
2020-04-21,-0.9555941776681104,0,-1.0,-0.007815598399105506,0.008053691275167862,0.00011904643803117843
2020-04-22,-0.9164010471024917,0,-1.0,0.002782148113203098,-0.0026631158455392434,5.951613383192722e-05
2020-04-23,-0.8981086087660691,0,-1.0,-0.014646573269859742,0.014686248331108098,1.9837530624178257e-05
2020-04-24,-0.6338958865360851,0,-0.7606750638433021,0.006836830150778406,-0.006578947368421018,0.00012894139117869408
2020-04-27,-0.7983128592281963,0,-0.9579754310738355,0.017178218896703592,-0.017218543046357615,3.966915921216341e-05
2020-04-28,-0.5174535958223792,0,-0.620944314986855,0.0050970342935204626,-0.006738544474393482,3.9667585632230384e-05
2020-04-29,-0.6566495157651564,0,-0.7879794189181877,0.014129625204252603,-0.014925373134328401,0.0
2020-04-30,0.10853912779193464,0,0.13024695335032158,-0.001536889204393153,0.0027548209366390353,0.00015868450544975765
2020-05-06,0.13972232432414583,0,0.16766678918897499,-0.010076507160191104,0.012362637362637319,6.941345629440931e-05
2020-05-07,-0.5210833735904356,0,-0.6253000483085226,0.0029123923657008205,0.02170963364993228,0.00011898623725836721
2020-05-08,-0.4250603980419931,0,-0.5100724776503917,0.0012859525099851957,0.009296148738379806,0.00014871510152292267
2020-05-11,-0.687911909666402,0,-0.8254942915996825,-0.007317480345494571,0.011842105263157876,8.921579317777706e-05
2020-05-12,-0.5521784581688086,0,-0.6626141498025703,0.002026750257786618,-0.0039011703511053764,0.00012885576084364914
2020-05-13,-0.3743938388211116,0,-0.4492726065853339,2.711153661380571e-05,0.0,5.946422731195611e-05
2020-05-14,-0.37722211196100464,0,-0.45266653435320553,-0.006993969593170422,0.010443864229765065,1.98202305095041e-05
2020-05-15,-0.6688816082677776,0,-0.8026579299213331,0.0030442025954852173,-0.006459948320413411,9.909918837758269e-05
2020-05-18,-0.7345810293320661,0,-0.8814972351984793,-0.0019265305795584642,0.0039011703511053764,9.908936869917895e-06
2020-05-19,-0.49424809990548924,0,-0.5930977198865871,0.002093591776167753,-0.002590673575129543,2.9726516052486218e-05
2020-05-20,-0.31625337745942556,0,-0.3795040529513107,-0.010354199703041888,0.011688311688311748,4.954272068813381e-05
2020-05-21,0.009531894595795006,0,0.011438273514954007,0.004524487906169547,-0.007702182284980763,3.963221306269027e-05
2020-05-22,0.4694173441251656,0,0.5633008129501987,0.00633721807865339,-0.01681759379042691,0.0001089842666348595
2020-05-25,0.5990335793768654,0,0.7188402952522385,-0.00044292706748341173,-0.019736842105263164,5.943948565012569e-05
2020-05-26,0.9606302066123203,0,1.0,0.0014344472063662652,0.0026845637583892135,0.0
2020-05-27,0.8828351114002722,0,1.0,0.015267407831049703,0.021419009370816644,3.962396853873784e-05
2020-05-28,0.6175952465981992,0,0.7411142959178391,-0.007863695937090465,-0.007863695937090465,0.0
2020-05-29,0.4168590880106391,0,0.5002309056127668,-0.006734462667100535,-0.006605019815059454,0.00016839852997962979
2020-06-01,0.9432337776482664,0,1.0,0.013676898920339116,0.018617021276595702,0.0
2020-06-02,0.8592542601769503,0,1.0,0.016110838521831303,0.03263707571801566,6.933026959576871e-05
2020-06-03,0.7710255324827616,0,0.9252306389793139,0.005056890012642201,0.005056890012642201,7.922910084867674e-05
2020-06-04,0.6087468310690515,0,0.7304961972828617,-0.007584554491831096,-0.007547169811320753,4.951426506005774e-05
2020-06-05,0.42749165551321133,0,0.5129899866158536,0.004607349879730396,0.005069708491761693,0.00018814489137075618
2020-06-08,0.19321013099179019,0,0.2318521571901482,0.0017442809375336312,0.0025220680958386588,3.960199990116209e-05
2020-06-09,0.39212915400476916,0,0.470554984805723,-0.002066737281588855,-0.0037735849056603765,1.9800215822041167e-05
2020-06-10,-0.034934099464991396,0,-0.041920919357989674,0.0007588764543367384,0.0037878787878788955,0.0
2020-06-11,0.15810304782160658,0,0.1897236573859279,0.0003828305767446256,0.0012578616352201255,8.910361760694485e-05
2020-06-12,-0.3049501926574915,0,-0.36594023118898983,0.000660554606157353,-0.015075376884422176,0.00013859327822607348
2020-06-15,-0.2168351979668682,0,-0.26020223756024186,0.002464309478237064,0.014030612244897878,9.898148056497469e-05
2020-06-16,0.9207306749516134,0,1.0,-0.000973473352006801,0.002515723270440251,0.0
2020-06-17,0.8055457827746365,0,0.9666549393295638,-0.00484935688811163,0.016311166875784266,1.9795512357090317e-05
2020-06-18,0.7595708903104206,0,0.9114850683725046,0.004921599074602987,0.004938271604938205,8.907804226265803e-05
2020-06-19,0.601225295907,0,0.7214703550884,-0.0024026584964846874,-0.002457002457002311,0.0
2020-06-22,0.5934848772881504,0,0.7121818527457804,0.010019925774740849,0.011083743842364324,0.00013857681609863448
2020-06-23,-0.003914398988764787,0,-0.004697278786517745,0.0035187064513209185,0.004872107186357999,2.96909175481197e-05
2020-06-24,-0.022991526585226515,0,-0.02758983190227182,-0.00025304714812223166,0.0,0.00036617711096176286
2020-06-29,-0.12308930597724392,0,-0.1477071671726927,-5.893404510667122e-08,-0.00242424242424244,0.0
2020-06-30,0.6560263973235827,0,0.7872316767882992,5.782537163433383e-05,-0.002430133657351119,4.947213234784975e-05
2020-07-01,0.4404559354991253,0,0.5285471225989503,-0.0027704759436633854,0.01705237515225333,0.0001879848029127107
2020-07-02,0.766356559739444,0,0.9196278716873328,0.002699035004779529,0.00359281437125758,0.0
2020-07-03,0.8761193790614833,0,1.0,0.006826379668522993,0.013126491646778149,0.00017806796260577684
2020-07-06,0.977649275678579,0,1.0,0.020540414126726202,0.022379269729092988,0.0
2020-07-07,0.9611971747873959,0,1.0,0.0426267281105992,0.0426267281105992,0.00048477413482661547
2020-07-08,0.9334201161687504,0,1.0,-0.007734806629834279,-0.007734806629834279,0.00023732534338005706
2020-07-09,0.9160720059051988,0,1.0,0.03340757238307357,0.03340757238307357,5.9317258356283986e-05
2020-07-10,0.9096436442019334,0,1.0,0.022629310344827402,0.022629310344827402,0.000504166790237015
2020-07-13,0.9017876249537414,0,1.0,-0.004214963119072657,-0.004214963119072657,0.0
2020-07-14,0.8906911306484641,0,1.0,0.05291005291005302,0.05291005291005302,0.0004644544142933249
2020-07-15,0.9666812084177901,0,1.0,-0.022110552763819125,-0.022110552763819125,0.00040497426931773717
2020-07-16,0.9275539461580545,0,1.0,-0.02672147995889007,-0.02672147995889007,0.0
2020-07-17,0.8000206561897502,0,0.9600247874277001,-0.04540654699049618,-0.04540654699049618,0.0
2020-07-20,0.802650552964634,0,0.9631806635575607,0.012148153986634306,0.012168141592920456,0.0
2020-07-21,0.5084988673712059,0,0.6101986408454471,0.027282160103470888,0.02841530054644803,0.0001086967262520222
2020-07-22,0.46245376623541484,0,0.5549445194824978,0.004941365861957183,0.005313496280552554,0.0
2020-07-23,0.32702268523651273,0,0.39242722228381527,3.7855993052121175e-05,0.0,0.00016799082967700052
2020-07-24,0.5961381646282903,0,0.7153657975539484,0.002335585270963399,0.0042283298097252064,0.0001580824597631203
2020-07-27,0.38559529716126,0,0.462714356593512,-0.018325041971386864,-0.04631578947368409,1.9757184206214973e-05
2020-07-28,0.3360588002495483,0,0.40327056029945796,0.006979957036678166,0.009933774834437026,0.0
2020-07-29,0.25774561907207727,0,0.3092947428864927,0.0024987718537300904,0.005464480874316946,0.0
2020-07-30,0.13514156844613173,0,0.16216988213535807,0.01409183287535267,0.03478260869565197,0.0001877210662557527
2020-07-31,-0.041729348857338956,0,-0.05007521862880675,-0.0016434262022424677,-0.005252100840336116,7.902561417716392e-05
2020-08-03,0.2058325737615556,0,0.2469990885138667,0.0035065928805372622,0.022175290390707536,1.975484240546166e-05
2020-08-04,0.15552098752350282,0,0.18662518502820338,-0.0015653641840860425,0.03305785123966953,0.00022717619983625426
2020-08-05,-0.03120510483752924,0,-0.03744612580503509,-0.0029941760139092347,-0.01200000000000001,0.0
2020-08-06,-0.3558360352147009,0,-0.4270032422576411,0.0034406305195086233,0.018218623481781382,0.00018762837731078896
2020-08-07,-0.24043277918075087,0,-0.288519335016901,4.904426222958222e-05,-0.005964214711729587,1.974665047432822e-05
2020-08-10,-0.6916363520129667,0,-0.82996362241556,0.007274347098249455,-0.017000000000000015,5.92387816555906e-05
2020-08-11,-0.6224843108420024,0,-0.7469811730104029,-0.0031294862276965785,0.010172939979654183,5.9235272630520086e-05
2020-08-12,-0.4694304877960929,0,-0.5633165853553115,0.019182238196805854,-0.023162134944612278,0.0
2020-08-13,-0.7914337617531491,0,-0.9497205141037788,0.012436462238660906,-0.016494845360824795,0.00011846469752030409
2020-08-14,-0.7573548447247159,0,-0.9088258136696591,-0.0031455949693811277,0.00524109014675056,0.0
2020-08-17,-0.6580633919425306,0,-0.7896760703310367,-0.012817669396481834,0.01355578727841511,3.94862834525167e-05
2020-08-18,-0.813678346000262,0,-0.9764140152003143,-0.022311294766369567,0.024691358024691468,9.871181086795744e-05
2020-08-19,-0.5549542490212042,0,-0.665945098825445,-0.004691473477501181,0.006024096385542244,8.883186102748297e-05
2020-08-20,-0.6199110554936857,0,-0.7438932665924228,0.01873021392053165,-0.01896207584830345,0.00018751727132770846
2020-08-21,-0.8505316979542551,0,-1.0,0.007544616824400617,-0.011190233977619535,7.893983797613302e-05
2020-08-24,-0.9059743687934677,0,-1.0,-0.0062506316925673225,0.008230452674897082,0.0
2020-08-25,-0.977649275678579,0,-1.0,-0.01310743735086528,0.013265306122449028,7.89343857918734e-05
2020-08-26,-0.866585617484354,0,-1.0,0.004304445926433753,-0.004028197381671705,0.00013812427238102387
2020-08-27,-0.886692536819096,0,-1.0,0.02123356926188069,-0.02123356926188069,0.0
2020-08-28,-0.9160720059051987,0,-1.0,-0.006198347107438051,0.006198347107438051,0.0
2020-08-31,-0.9721652420481846,0,-1.0,-0.022291294250351257,0.022587268993839782,0.00014798737174426257
2020-09-01,-0.9496621393515317,0,-1.0,0.003288250412253113,-0.003012048192771122,0.00013810110974099565
2020-09-02,-0.966562244928899,0,-1.0,-0.004680178623054365,0.0050352467270895485,0.00017753405201759165
2020-09-03,-0.938694072090743,0,-1.0,-0.0030060120240480437,0.0030060120240480437,0.0
2020-09-04,-0.9441781057211371,0,-1.0,0.019099362176285384,-0.018981018981018893,5.91715976332452e-05
2020-09-07,-0.7842352176070894,0,-0.9410822611285072,-0.005676080258610883,0.006109979633401208,0.00021694968739516263
2020-09-08,-0.7581259212017631,0,-0.9097511054421157,0.018189164612345637,-0.018218623481781382,0.0
2020-09-09,-0.039869010450849694,0,-0.04784281254101963,-0.00477091360162388,0.005154639175257714,4.929799652941824e-05
2020-09-10,0.3098829317303697,0,0.37185951807644363,0.02034153298664348,-0.022564102564102573,0.0001281684725276122
2020-09-11,0.6504023999401808,0,0.780482879928217,0.0019930567016355634,-0.043022035676809955,0.0001380098972811883
2020-09-14,0.6969532555501262,0,0.8363439066601515,0.008834087572067384,0.02412280701754388,0.00010842138463962314
2020-09-15,0.391686781598028,0,0.4700241379176336,0.008332744104730068,0.01070663811563155,1.9710841948406e-05
2020-09-16,0.3983710520171961,0,0.4780452624206353,0.005135811020886712,0.006355932203389925,1.9710453438959163e-05
2020-09-17,-0.13661307205004947,0,-0.16393568646005935,-0.0039464397777772406,-0.008421052631578996,2.9565097417139086e-05
2020-09-18,0.045972482901267174,0,0.055166979481520606,0.002739314994932914,0.006369426751592355,2.9564223347877672e-05
2020-09-21,-0.5414570884146088,0,-0.6497485060975305,-0.0025543611275754613,0.015822784810126667,0.00012810784709826883
2020-09-22,-0.013459631989431536,0,-0.016151558387317844,-0.00045412720137407407,-0.006230529595015577,0.00025618287516016025
2020-09-23,-0.2913623695559308,0,-0.349634843467117,0.007281584104333164,-0.011494252873563204,7.880531147796965e-05
2020-09-24,0.4641055886459439,0,0.5569267063751326,-0.0002179622293918577,0.003171247357293794,0.0
2020-09-25,0.4788483639939001,0,0.5746180367926801,0.006732904440543286,-0.02002107481559523,0.00013790386130829724
2020-09-28,0.5028590410970545,0,0.6034308493164654,-0.004760338900623754,-0.008602150537634468,8.864025843569046e-05
2020-09-29,0.6136837698949098,0,0.7364205238738918,-0.0061796792653429885,-0.010845986984815648,0.00015756871473171508
2020-09-30,0.13762342408390052,0,0.16514810890068063,0.006792170049867081,0.010964912280701844,0.0006104825766302113
2020-10-09,0.7814725620527301,0,0.937767074463276,0.002917028009646061,0.00433839479392617,2.9521457179271238e-05
2020-10-12,0.8950207584975858,0,1.0,0.0030022586264119074,0.020518358531317338,0.0
2020-10-13,0.5453138717632814,0,0.6543766461159376,0.032716305185155656,0.03492063492063502,0.0
2020-10-14,0.6512909083091489,0,0.7815490899709787,0.002894672985634638,0.0030674846625766694,0.00019682133543286184
2020-10-15,0.42469034594119015,0,0.5096284151294281,-0.006730691665356363,-0.010193679918450549,9.839130220790082e-06
2020-10-16,-0.16999917169579049,0,-0.20399900603494858,-0.005714313834491287,-0.007209062821833201,0.0002558148687474837
2020-10-19,-0.6518036214968819,0,-0.7821643457962583,-0.0003085782258514327,0.0,9.836517086014851e-05
2020-10-20,-0.533963724885553,0,-0.6407564698626635,0.0018862995516671353,-0.010373443983402453,4.917774805268671e-05
2020-10-21,-0.27495389594752667,0,-0.329944675137032,-0.009036787287337596,0.011530398322851187,2.950519783229133e-05
2020-10-22,-0.47430044573665614,0,-0.5691605348839873,0.008492683018352409,-0.013471502590673534,9.834775767103565e-06
2020-10-23,0.08257865280984712,0,0.09909438337181654,0.002319535436926869,-0.007352941176470562,9.834679045361838e-06
2020-10-26,0.1772340943798286,0,0.2126809132557943,0.01001276357521432,-0.01798941798941789,6.884207627710914e-05
2020-10-27,0.20310308466347518,0,0.2437237015961702,-0.0006443331858375335,-0.006465517241379337,5.900343203291136e-05
2020-10-28,-0.5321134013412739,0,-0.6385360816095287,0.002799011693747138,0.013015184381778733,5.8999950833360515e-05
2020-10-29,-0.5918327688927791,0,-0.7101993226713349,-0.005063797823375484,-0.01927194860813708,9.832745007432031e-05
2020-10-30,0.3289447434644219,0,0.39473369215730625,-0.012910052032081714,0.020742358078602585,0.00022613090029599547
2020-11-02,-0.022709982849841954,0,-0.027251979419810345,0.011328609990012492,-0.016042780748663166,0.0002850571097174903
2020-11-03,0.1271604485825465,0,0.15259253829905578,-0.004072518085153511,-0.009782608695652173,0.0
2020-11-04,-0.4657545638303969,0,-0.5589054765964763,-0.0004552644383429229,0.02414928649835346,0.00028500668291542297
2020-11-05,-0.2430288421612806,0,-0.2916346105935367,-0.0008464002559977798,-0.003215434083601254,0.0
2020-11-06,-0.32206119888129253,0,-0.386473438657551,-0.006346094910497728,0.011827956989247213,0.000255467997720471
2020-11-09,0.0068250618724367,0,0.008190074246924039,0.0005724203534356591,-0.002125398512221044,0.0
2020-11-10,-0.029253756790879697,0,-0.035104508149055635,-0.00932314097124323,0.024494142705005384,0.0002456061067501736
2020-11-11,0.19700467280374054,0,0.23640560736448862,7.224522892531852e-05,-0.013513513513513487,0.00020625847133004527
2020-11-12,-0.6356639279373985,0,-0.7627967135248781,0.0006927162909317238,-0.018967334035827066,0.0001571169047971388
2020-11-13,-0.6003674220188112,0,-0.7204409064225734,0.0002621784551229472,0.0032223415682062218,0.0
2020-11-16,-0.7447416723687463,0,-0.8936900068424956,-0.003287973250552627,0.004282655246252487,0.0
2020-11-17,-0.8376474761349287,0,-1.0,-0.005977669052211372,0.008528784648187626,0.00014731156395764167
2020-11-18,-0.966562244928899,0,-1.0,0.007523071953140329,-0.008456659619450302,9.819324430448972e-06
2020-11-19,-0.9440591422322459,0,-1.0,0.004264392324093702,-0.004264392324093702,0.0
2020-11-20,-0.9665622449288991,0,-1.0,-0.010470969701090516,0.01070663811563155,0.00011783420727051741
2020-11-23,-0.8672920185794425,0,-1.0,-0.007238523751279313,0.00741525423728806,8.836524300437354e-05
2020-11-24,-0.9037116058853547,0,-1.0,-0.008235482816089323,0.008412197686645584,8.835743527813023e-05
2020-11-25,-0.4091286180524334,0,-0.49095434166292007,0.003422757365816431,-0.0031282586027111536,0.00014724938155263878
2020-11-26,-0.4502155466734705,0,-0.5402586560081646,0.016501509204787164,-0.01673640167364021,9.815180157746184e-06
2020-11-27,-0.4874483879213172,0,-0.5849380655055807,0.0032847050618616883,-0.006382978723404098,0.00011778100584969309
2020-11-30,-0.6104255035182838,0,-0.7325106042219406,-0.0003438033101701411,0.0010706638115631772,0.00016683677475071157
2020-12-01,-0.2745744750986878,0,-0.3294893701184254,0.002428622567029328,-0.004278074866310155,0.0
2020-12-02,-0.6328524070403448,0,-0.7594228884484138,-0.011080707154595543,0.015037593984962294,7.849909726020954e-05
2020-12-03,-0.7051691976086599,0,-0.8462030371303919,0.0006519429668663539,-0.002116402116402072,0.00012755102040840072
2020-12-04,-0.7861103632781798,0,-0.9433324359338158,0.00042264563527278975,0.0,0.00026487987207257646
2020-12-07,-0.8282420492468284,0,-0.9938904590961941,-0.009810795095409627,0.01166489925768821,5.884660651234164e-05
2020-12-08,-0.9080970231681155,0,-1.0,0.003987169151467831,-0.004192872117400381,2.9421571896559584e-05
2020-12-09,0.4080673927815259,0,0.489680871337831,0.00315510056785154,-0.0031578947368421373,9.80690209773094e-06
2020-12-10,0.3963921825842894,0,0.4756706191011472,0.01620945974517196,-0.0168954593453009,2.9420417769987495e-05
2020-12-11,0.878571929464311,0,1.0,-0.00042788461324084326,-0.0010741138560687036,0.00020593686564085445
2020-12-14,0.926333672070899,0,1.0,-0.007376530587434583,-0.01505376344086018,8.824048473443646e-05
2020-12-15,0.8998958510283003,0,1.0,0.009825327510917026,0.009825327510917026,0.00010783996549101893
2020-12-16,0.5236045247011077,0,0.6283254296413293,0.00108108108108107,0.00108108108108107,3.921030446818463e-05
2020-12-17,0.1781846216717274,0,0.2138215460060729,-0.006665318926648056,-0.006479481641468721,0.0
2020-12-18,-0.02665152986967656,0,-0.03198183584361187,0.006034159735851751,0.009782608695652284,0.00025492695362294704
2020-12-21,0.36151928913514836,0,0.433823146962178,-0.00029911985766761914,-0.0010764262648008671,6.861668757829342e-05
2020-12-22,0.9160189107221903,0,1.0,-0.0005112033754398238,0.01724137931034475,0.00026464620722777
2020-12-23,0.8241000686093455,0,0.9889200823312145,-0.002071389795556854,-0.004237288135593209,8.819206271448721e-05
2020-12-24,0.9038305693742461,0,1.0,-0.008516178256706634,-0.008510638297872242,0.0001763685711206886
2020-12-25,0.8069058623668804,0,0.9682870348402565,-0.010615836277137615,-0.010729613733905574,3.918610460718064e-05
2020-12-28,0.7324913678453702,0,0.8789896414144441,0.0010687422159016708,0.0010845986984815426,8.816528051269756e-05
2020-12-29,0.6960243837781278,0,0.8352292605337533,-0.002138429860401464,-0.0021668472372697867,0.00013713390145952964
2020-12-30,0.5150086785495861,0,0.6180104142595033,-0.004793810925589338,-0.005428881650380024,0.0
2020-12-31,0.6620432280031737,0,0.7944518736038084,0.007271578999928661,0.008733624454148492,0.0005195687579309105
2021-01-04,0.8814283216763101,0,1.0,0.010647591018677731,0.017316017316017174,8.987866380394394e-05
2021-01-05,0.8215908623541991,0,0.9859090348250389,0.01176232829412559,0.014893617021276562,0.00015976993129895867
2021-01-06,0.8913445289160037,0,1.0,-0.0010552635119375482,-0.0010482180293500676,0.00040934504792322635
2021-01-07,0.8584593929523429,0,1.0,-0.005176611892473573,-0.005246589716684125,0.00021955868703904535
2021-01-08,0.7782042796911449,0,0.9338451356293739,-0.016877637130801593,-0.016877637130801593,0.0
2021-01-11,0.8208965730675551,0,0.9850758876810661,-0.010762691166090887,-0.010729613733905574,0.0
2021-01-12,0.8728561605538232,0,1.0,-0.010142864915737942,-0.010845986984815648,0.0001696420552632638
2021-01-13,0.7491087625975344,0,0.8989305151170414,0.019434825200703797,0.019736842105263275,0.0
2021-01-14,0.19491035989868802,0,0.23389243187842562,-0.011878491731688803,-0.011827956989247324,0.0
2021-01-15,-0.027702793284002308,0,-0.033243351940802766,-0.0012915174956102033,-0.0010881392818280489,0.00018960372820808757
2021-01-18,0.05389276012927585,0,0.06467131215513101,0.00046008180625050157,0.002178649237472685,0.00010974977052335966
2021-01-19,-0.07095457619387703,0,-0.08514549143265243,-0.0010245774433541312,0.029347826086956408,0.0
2021-01-20,-0.37069695301816474,0,-0.4448363436217977,-0.0006055434989532788,-0.009503695881731833,8.978810008386517e-05
2021-01-21,-0.4375798028537908,0,-0.5250957634245489,1.2526397779991734e-05,-0.00213219616204674,9.97555987813925e-06
2021-01-22,-0.46103564933205154,0,-0.5532427791984619,-0.006837420391226622,0.01602564102564097,0.0002294355884524535
2021-01-25,-0.31112829543542725,0,-0.3733539545225127,0.0005989178333846282,-0.001051524710830698,3.98926886673312e-05
2021-01-26,0.31396116568033167,0,0.37675339881639797,0.008691938309927502,-0.015789473684210464,2.9918322978383927e-05
2021-01-27,0.02669391532073126,0,0.03203269838487751,0.0036591239639452143,-0.010695187165775444,2.9917427898817905e-05
2021-01-28,0.7698232124477892,0,0.9237878549373469,-0.0038380690954563936,-0.009729729729729741,0.0
2021-01-29,0.6573293256890459,0,0.788795190826855,-0.0002961645497358495,-0.004366812227074246,0.0002991772625278166
2021-02-01,0.7161064756118597,0,0.8593277707342316,-0.019306238406815505,-0.02083333333333337,8.972633467907443e-05
2021-02-02,0.5923594884392379,0,0.7108313861270855,0.007058578665224469,0.008958566629339249,0.00012959307773607875
2021-02-03,0.3449040703290777,0,0.41388488439489324,0.005679092307184662,0.006659267480577213,0.00021928294477069343
2021-02-04,0.6328953046193553,0,0.7594743655432263,-0.015030452769298527,-0.02094818081587657,2.98956641322512e-05
2021-02-05,0.5125434639337797,0,0.6150521567205356,-0.0070005568798657365,-0.016891891891891886,0.0002790178571427937
2021-02-08,0.802528848867436,0,0.9630346186409232,-0.011381680465307084,-0.014891179839633506,0.0
2021-02-09,0.9164669154083745,0,1.0,0.0013407330708072958,0.0023255813953488857,0.00021917371509405648
2021-02-10,0.5676962581219119,0,0.6812355097462943,0.03128179350995538,0.03248259860788871,0.0004980129284155588
2021-02-18,0.42844508198433146,0,0.5141340983811977,0.020065336855996704,0.020224719101123556,0.0
2021-02-19,0.042853813066816994,0,0.05142457568018039,0.002968263145809086,0.004405286343612369,0.00015929115436308372
2021-02-22,-0.11107136241120145,0,-0.13328563489344175,0.013312999023034578,0.026315789473684292,2.9862334637309473e-05
2021-02-23,0.1337227044454452,0,0.16046724533453424,-0.0009645641779540408,-0.021367521367521403,0.00023889154323941675
2021-02-24,-0.3840973107408105,0,-0.4609167728889726,-1.3681050774828657e-06,-0.0010917030567685337,0.0
2021-02-25,-0.7435384515339821,0,-0.8922461418407786,0.0009921172769701777,0.007650273224043769,8.95629328876435e-05
2021-02-26,-0.7310419996372235,0,-0.8772503995646682,0.011413091424311331,-0.024945770065075923,8.955491208673116e-05
2021-03-01,-0.12236091693155489,0,-0.14683310031786587,0.002203403210124123,-0.0022246941045606095,0.0001193958569640774
2021-03-02,-0.4547559337260662,0,-0.5457071204712794,-0.02746858522640492,0.031215161649944312,0.00014922700411879042
2021-03-03,-0.694642510151298,0,-0.8335710121815575,0.0009126993151439191,-0.006486486486486531,0.00013925775615963865
2021-03-04,-0.4387487115939759,0,-0.5264984539127711,-0.0013315426541712803,0.0021762785636560977,0.0
2021-03-05,-0.7268179755558379,0,-0.8721815706670055,0.013842074390401984,-0.016286644951140072,0.00022880791078483398
2021-03-08,-0.5520671036029731,0,-0.6624805243235676,-0.010541981388125303,0.019867549668874274,5.9675366008926645e-05
2021-03-09,0.7788081663342581,0,0.9345697996011096,0.03200703014409535,-0.03679653679653683,9.945300845304317e-06
2021-03-10,0.5316903939553085,0,0.6380284727463702,0.01202093425807033,-0.019101123595505642,9.945201937333614e-05
2021-03-11,0.858827757879484,0,1.0,-0.014060563059047853,-0.014891179839633506,6.960949075685008e-05
2021-03-12,0.2630835253883195,0,0.31570023046598333,0.018434739717203136,0.029069767441860517,0.00018892689523508643
2021-03-15,0.11944311878774692,0,0.1433317425452963,-0.0059918673988913615,-0.005649717514124353,0.00030819091930345266
2021-03-16,-0.6247356644939396,0,-0.7496827973927275,-0.0011624350296398347,-0.003409090909090917,0.0
2021-03-17,-0.8379517566704121,0,-1.0,0.0006975317241211391,0.007981755986316896,0.0
2021-03-18,-0.936532164181347,0,-1.0,-0.00012515860130363627,0.0,0.0
2021-03-19,-0.9208496384405045,0,-1.0,0.0026004189655095544,-0.002262443438914019,0.00016898776329776766
2021-03-22,-0.8602225087703252,0,-1.0,-0.0031827074472949857,0.00340136054421758,0.00010932654846129708
2021-03-23,-0.7550243537251808,0,-0.9060292244702169,-0.02017997999997645,0.02033898305084758,7.950152543556577e-05
2021-03-24,-0.6448310183665735,0,-0.7737972220398882,0.01779097281353707,-0.017718715393133966,5.9621404083998186e-05
2021-03-25,-0.7961406793049658,0,-0.955368815165959,0.012229203380388784,-0.013528748590755368,1.987261652813821e-05
2021-03-26,-0.7389201287870261,0,-0.8867041545444313,-0.003487147359902662,0.004571428571428671,7.948888645992191e-05
2021-03-29,-0.8745638720793455,0,-1.0,-0.00968027507261136,0.010238907849829282,6.954724741925489e-05
2021-03-30,-0.9274880778521717,0,-1.0,-0.006047892210190196,0.006756756756756799,0.0
2021-03-31,-0.9555941776681102,0,-1.0,0.003832566944405258,-0.003355704697986628,0.00023843112320931503
2021-04-01,-0.807589635117556,0,-0.9691075621410672,-0.0020857527197624126,0.002244668911335568,7.945809578657759e-05
2021-04-02,-0.9310481305509527,0,-1.0,-0.010856121483456167,0.011198208286674172,0.00017876651107373576
2021-04-06,-0.8413775340845083,0,-1.0,0.0012141837417792905,-0.001107419712070845,7.943758191997219e-05
2021-04-07,-0.8798164476532557,0,-1.0,-0.01090775413890177,0.011086474501108556,8.936018110339283e-05
2021-04-08,-0.8685830298104465,0,-1.0,0.0010964912280702066,-0.0010964912280702066,0.0
2021-04-09,-0.9499911805488247,0,-1.0,0.005885595077837369,-0.005488474204171201,0.000198560436833084
2021-04-12,-0.14332692089843857,0,-0.17199230507812627,-0.0030730330560500008,0.0033112582781456013,0.00011911261104780024
2021-04-13,0.1412911395870297,0,0.16954936750443564,0.02278755507099827,-0.02310231023102316,4.962434371802438e-05
2021-04-14,0.2430219308250685,0,0.2916263169900822,0.0004684407114380785,-0.0033783783783783994,4.9621881264894085e-05
2021-04-15,-0.1407709338354155,0,-0.1689251206024986,0.0021452503407275326,0.012429378531073398,0.00011908660573412
2021-04-16,0.030565928858441473,0,0.03667911463012977,-0.00020215979452603653,0.0,3.969080860088958e-05
2021-04-19,0.21066204773050254,0,0.25279445727660305,-0.0019881271243406126,0.01116071428571419,0.0
2021-04-20,-0.16853622959463074,0,-0.2022434755135569,0.0005115768800596196,0.013245033112582849,0.00013891369490570682
2021-04-21,-0.1809769294694341,0,-0.21717231536332093,-0.0026762438082442754,-0.009803921568627416,3.9684114448990115e-05
2021-04-22,-0.6435340286205194,0,-0.7722408343446233,-0.00170389586625757,0.008800880088008833,6.944444444467734e-05
2021-04-23,-0.6728655306497285,0,-0.8074386367796742,-0.0012926399551043142,0.005452562704471031,0.00013887924449673683
2021-04-26,-0.22520371095518318,0,-0.2702444531462198,0.003350264806367035,-0.004338394793926281,9.918568552258478e-06
2021-04-27,-0.14094591802760867,0,-0.1691351016331304,0.005995904561598758,-0.007625272331154731,5.9510821051045326e-05
2021-04-28,-0.40235944147368646,0,-0.48283132976842374,0.00148306756215055,-0.005488474204171201,3.9671519815653866e-05
2021-04-29,-0.6730207489139044,0,-0.8076248986966853,-0.0017338094253912517,0.011037527593819041,0.0002479371628056892
2021-04-30,-0.45514591321860604,0,-0.5461750958623273,0.0022694878881632367,-0.004366812227074246,0.00021813062058151367
2021-05-06,-0.8203793818599037,0,-0.9844552582318844,0.0069537040345186785,-0.00877192982456143,0.0
2021-05-07,0.18438788858743282,0,0.2212654663049194,-0.004745998364881513,0.008849557522123908,0.00019826321424321058
2021-05-10,0.29715668856100286,0,0.3565880262732034,0.010388288432477192,-0.010964912280701733,9.911195686651553e-05
2021-05-11,0.29444051176635055,0,0.35332861411962063,-0.0014546019699984965,-0.006651884700665245,0.00010901234812599192
2021-05-12,0.29406301030461685,0,0.3528756123655402,0.0012178060375301269,0.0033482142857141906,3.963653299243752e-05
2021-05-13,0.6275905462599218,0,0.7531086555119062,0.004335853363450602,0.012235817575083408,1.981748099999514e-05
2021-05-14,0.7195363741829836,0,0.8634436490195803,0.0005754342748345949,0.00219780219780219,0.0
2021-05-17,0.4386653189610888,0,0.5263983827533065,0.009905537054774571,0.013157894736842035,0.0002081082955931457
2021-05-18,0.5122234693647744,0,0.6146681632377292,-0.0057509459206263195,-0.006493506493506551,0.00017834142474959513
2021-05-19,-0.22444137758910276,0,-0.2693296531069233,0.0028604910206968255,0.005446623093681824,7.924872211440004e-05
2021-05-20,-0.6504206140968486,0,-0.7805047369162182,0.00022394709750228945,0.0010834236186347823,0.0
2021-05-21,-0.835961907432916,0,-1.0,-0.00032074960801548795,0.0010822510822510178,0.00017829902727983793
2021-05-24,-0.6013449812861184,0,-0.721613977543342,0.00010185614814938268,0.0,0.0001188448282691823
2021-05-25,0.26373793027477604,0,0.31648551632973126,-0.01095000382203925,0.010810810810810922,0.0
2021-05-26,0.4002366105154866,0,0.4802839326185839,-0.007827608092278799,0.010695187165775222,0.0002377061357896615
2021-05-27,0.39656827940803824,0,0.47588193528964584,0.0012577220249972653,0.004232804232804144,0.0
2021-05-28,0.40452311188369494,0,0.4854277342604339,0.006679959295058345,0.013698630136986356,0.00019804725407501778
2021-05-31,0.8377723196468834,0,1.0,-0.001983491965138807,-0.004158004158004158,0.0
2021-06-01,0.7713292816057878,0,0.9255951379269454,0.009426234221714267,0.019832985386221358,0.00010890442151945123
2021-06-02,0.9721652420481846,0,1.0,0.002009880475821206,0.0020470829068577334,9.899323876205735e-05
2021-06-03,0.6708981424129582,0,0.8050777708955498,-0.012324364534574797,-0.013278855975485171,4.949172003509972e-05
2021-06-04,0.7289175586781432,0,0.8747010704137719,-0.0032030511766639766,-0.0031055900621117516,0.0002078549370496674
2021-06-07,0.5729655235335177,0,0.6875586282402212,0.010012741392826176,0.012461059190031154,7.91663780390639e-05
2021-06-08,0.6605874019749,0,0.7927048823698799,0.010685618595927555,0.012307692307692353,0.00010884515292763908
2021-06-09,-0.011090762493788412,0,-0.013308914992546094,-0.008411948546398826,-0.012158054711246202,0.0
2021-06-10,0.43898739700405615,0,0.5267848764048674,0.0036662485580171017,0.00512820512820511,1.978924454548725e-05
2021-06-11,0.5513818780525853,0,0.6616582536631024,-0.00027970426282876166,0.014285714285714235,0.0001780996764522147
2021-06-15,0.5365545658430387,0,0.6438654790116465,-0.006886756948270903,-0.013078470824949728,0.00014838996883814737
2021-06-16,0.9555941776681102,0,1.0,-0.001982117051141717,-0.003058103975535187,0.00014836795252226587
2021-06-17,0.901137013292292,0,1.0,-0.01262682605139729,-0.01942740286298572,0.00016812540177024715
2021-06-18,0.7304549908666033,0,0.8765459890399239,0.014598540145985384,0.014598540145985384,1.977613416137558e-05
2021-06-21,0.5976549047633518,0,0.7171858857160222,0.014326762203152967,0.014388489208633004,0.0
2021-06-22,0.36477425262394636,0,0.43772910314873564,0.02034885840045731,0.023302938196555267,1.977613416137558e-05
2021-06-23,-0.0063884154945214695,0,-0.007666098593425763,-0.001543119884223483,-0.001980198019801982,5.9327229220640376e-05
2021-06-24,0.11888429042344524,0,0.14266114850813427,0.0037467506213052838,0.008928571428571397,0.00010876013446692312
2021-06-25,-0.34812679899465443,0,-0.4177521587935853,0.0001248737993094349,-0.01179941002949858,0.00010874830698659466
2021-06-28,-0.3245881658946714,0,-0.38950579907360566,0.0005715016956514432,0.005970149253731405,0.0
2021-06-29,-0.33224125818209765,0,-0.3986895098185172,-0.001771816542889295,0.004945598417408714,0.0002174858634189647
2021-06-30,-0.2777262464294944,0,-0.3332714957153933,0.0032546488598229023,-0.007874015748031482,0.0001383700013835032
2021-07-01,0.28839146423914525,0,0.3460697570869743,-0.005127754982212521,0.01388888888888884,0.0003162305320580927
2021-07-02,0.5236158458300127,0,0.6283390149960153,0.006834471160035872,-0.021526418786692814,0.0
2021-07-05,0.42556329868730636,0,0.5106759584247677,-0.0032040795877915583,-0.009000000000000008,7.903420205113143e-05
2021-07-06,0.2329659538663351,0,0.2795591446396021,0.01390485359955187,0.022199798183652808,3.951397806956081e-05
2021-07-07,0.04990654901251468,0,0.05988785881501761,-0.005651237263256808,-0.010858835143139123,1.9756208388566066e-05
2021-07-08,0.011675822163309998,0,0.014010986595971997,0.0063712386744191355,0.022954091816367095,8.890118139803782e-05
2021-07-09,-0.11996255956267765,0,-0.14395507147521316,0.00021462764002550075,0.0019512195121951237,0.00012840140253844723
2021-07-12,0.6280343601211186,0,0.7536412321453423,5.937023564051323e-05,0.00778967867575453,2.9627288708145016e-05
2021-07-13,0.5214654210891637,0,0.6257585053069964,-0.003128864814214163,0.019323671497584627,8.887923287348443e-05
2021-07-14,0.642325365757982,0,0.7707904389095784,0.004999771792840234,0.006635071090047573,0.0002567394094994402
2021-07-15,0.3867053255798809,0,0.46404639069585707,-0.01244627172145947,-0.019774011299435124,0.0
2021-07-16,-0.1171362325984641,0,-0.14056347911815692,0.001377284145627602,0.0019212295869357465,0.00021722816856906135
2021-07-19,-0.7420566294865808,0,-0.8904679553838969,-0.002055510806550513,-0.003835091083413289,4.9359316077079995e-05
2021-07-20,-0.9440591422322461,0,-1.0,0.0005833176204374205,-0.006737247353224118,9.871375971304275e-06
2021-07-21,0.08691486925540161,0,0.10429784310648192,-0.017199928926185635,0.019379844961240345,5.922767116794958e-05
2021-07-22,0.3293650656247625,0,0.39523807874971495,-0.019543814377840186,0.019011406844106515,9.8706939097859e-06
2021-07-23,0.5871147442059051,0,0.7045376930470861,0.00032327096955965344,0.003731343283582156,8.88353683212717e-05
2021-07-26,0.6323510744012345,0,0.7588212892814814,-0.003376980888809235,-0.008364312267658103,0.00013817607579946767
2021-07-27,0.7802556196332847,0,0.9363067435599416,-0.0072670911660273185,-0.010309278350515316,7.89468490338674e-05
2021-07-28,0.900175750930687,0,1.0,-0.023069048153661235,-0.030303030303030276,5.9205462690670174e-05
2021-07-29,0.9366511276702383,0,1.0,-0.010089200764144131,-0.010742187500000111,9.866992935148033e-06
2021-07-30,0.6849338917691786,0,0.8219206701230143,0.03060217176702884,0.03060217176702884,0.0003552082408313506
2021-08-02,0.7279930396492773,0,0.8735916475791328,0.007573795584103717,0.00766283524904221,0.0
2021-08-03,0.7319693194582175,0,0.878363183349861,0.014855629145407983,0.018060836501901045,0.00020715370805146627
2021-08-04,0.28368172304975464,0,0.34041806765970556,-0.013868919856442978,-0.015873015873015817,0.0
2021-08-05,-0.15562315430471546,0,-0.18674778516565854,0.0214164260111022,0.024667931688804545,0.00014794504334791903
2021-08-06,-0.5268085784990949,0,-0.6321702941989139,0.0002467538739909319,0.0009259259259257746,0.00029584631769941083
2021-08-09,-0.80002065618975,0,-0.9600247874277,-0.000740975228149385,0.0027752081406107187,0.0
2021-08-10,-0.8514449972552968,0,-1.0,-0.0013302931030700082,0.0018450184501845879,0.0
2021-08-11,-0.923952222897504,0,-1.0,-0.008686076184772686,0.009208103130755152,8.873289426980513e-05
2021-08-12,-0.8971859382648898,0,-1.0,-0.007718762046328598,0.008211678832116709,0.0002464583928940556
2021-08-13,-0.8567961537489514,0,-1.0,-0.00631512981566984,0.0063348416289594756,9.855906644817836e-06
2021-08-16,-0.668539619774939,0,-0.8022475437299268,0.0017985611510791255,-0.0017985611510791255,0.0
2021-08-17,0.05624070563756332,0,0.06748884676507598,0.014414100166981247,-0.014414414414414378,4.928099035095279e-05
2021-08-18,0.3187674589071389,0,0.3825209506885667,0.018684631296010987,-0.02376599634369292,2.9567137112662678e-05
2021-08-19,0.05132735290207244,0,0.06159282348248692,0.00018601383840901684,0.004681647940074862,2.9566262922831044e-05
2021-08-20,-0.7023568198377649,0,-0.8428281838053179,0.0035262095790678408,0.009319664492078328,0.00019710259189897883
2021-08-23,-0.09908192257743097,0,-0.11889830709291715,5.96412150471334e-05,0.008310249307479367,0.0
2021-08-24,-0.2803081433705919,0,-0.33636977204471025,-0.021936625684204073,0.025641025641025772,1.9707928499590466e-05
2021-08-25,-0.3528496316380576,0,-0.4234195579656691,-0.00014464827191688464,0.0017857142857142794,0.00015766032083863735
2021-08-26,-0.2950305190043971,0,-0.3540366228052765,-0.0005641172765442813,0.0017825311942958333,5.9113300492574794e-05
2021-08-27,-0.6132672504400778,0,-0.7359207005280933,0.005714086472628382,-0.013345195729537518,6.896144070323018e-05
2021-08-30,-0.6079274407863765,0,-0.7295129289436518,-0.002013009255136004,0.0054102795311090635,6.895668535045196e-05
2021-08-31,-0.777702814123448,0,-0.9332433769481375,-0.0023867886825680493,0.0035874439461882623,0.00014775413711598517
2021-09-01,-0.20412817150759385,0,-0.2449538058091126,-0.003774991422264576,0.00536193029490617,0.00013788348845245046
2021-09-02,-0.317876913364503,0,-0.3814522960374036,0.019698310051671792,-0.021333333333333315,6.89322396083547e-05
2021-09-03,-0.537661058968898,0,-0.6451932707626776,-0.004619629545434155,0.019981834695731227,0.0002757099531294216
2021-09-06,-0.6566945806908456,0,-0.7880334968290147,0.004963218061667651,-0.013357079252003468,0.0
2021-09-07,-0.3287045548005361,0,-0.3944454657606433,-0.00867641266784916,0.013537906137184086,7.875876191243414e-05
2021-09-08,-0.39931335306649696,0,-0.47917602367979634,-0.014880145653712349,0.018699910952804988,2.953220979673432e-05
2021-09-09,-0.4518125702848654,0,-0.5421750843418385,-0.001325458936040391,0.0034965034965035446,6.890645456603117e-05
2021-09-10,-0.861104855711868,0,-1.0,0.0009925777310564612,-0.0017421602787456303,0.00012796031261674834
2021-09-13,-0.8444169507562395,0,-1.0,-0.0021213211291792843,0.003490401396160525,0.0
2021-09-14,-0.8653680376478291,0,-1.0,-0.004032887155583698,0.004347826086956719,0.00015746946568651055
2021-09-15,-0.8089609503649619,0,-0.9707531404379541,0.008697369826247692,-0.008658008658008698,1.9680584119496913e-05
2021-09-16,0.1968429547387274,0,0.23621154568647287,-0.017324430763662566,0.017467248908296984,7.872078720772002e-05
2021-09-17,0.36164695077671566,0,0.4339763409320588,0.036583709294798476,-0.03776824034334769,0.00026566174372510964
2021-09-22,0.5869963052327635,0,0.7043955662793161,-0.0015738875892421448,-0.006244424620874156,0.0
2021-09-23,0.07056355232304297,0,0.08467626278765156,0.008079081445039578,0.018850987432674993,5.9023166592897525e-05
2021-09-24,0.1620795692938983,0,0.19449548315267795,-0.0008810407921654834,-0.0008810572687225626,0.00016722243534883496
2021-09-27,0.8322501066317938,0,0.9987001279581524,-0.0014376389761026737,-0.016754850088183337,3.933987686610685e-05
2021-09-28,0.8948873380437878,0,1.0,-0.006174470283291006,-0.030493273542600896,0.00019669164650593096
2021-09-29,0.9721652420481846,0,1.0,-0.005543608543788997,-0.005550416281221104,0.00018682031818451073
2021-09-30,0.9390231132880359,0,1.0,-0.022325581395348904,-0.022325581395348904,0.0006881568211085654
2021-10-08,0.9389041497991447,0,1.0,0.03044719314938149,0.03044719314938149,0.0
2021-10-11,0.8491185437319113,0,1.0,-0.007386888273314907,-0.007386888273314907,5.8954732591098846e-05
2021-10-12,0.8274583552246185,0,0.9929500262695422,-0.00651162790697668,-0.00651162790697668,0.00011790251427123977
2021-10-13,0.7518165229873892,0,0.902179827584867,-0.02528442386326984,-0.02528089887640461,0.0001277126661491934
2021-10-14,0.5972079108695136,0,0.7166494930434163,0.008540859271353422,0.008645533141210526,0.0002357471219205376
2021-10-15,0.23574739920659224,1,0.14144843952395533,0.01194206304774534,0.01333333333333342,5.892288957842773e-05
2021-10-18,0.10050868154681732,1,0.06030520892809039,-0.001634686039999205,-0.001879699248120259,0.0
2021-10-19,-0.3900247341096117,1,-0.468029680931534,0.001957287700012145,0.014124293785310549,0.0
2021-10-20,-0.5266251603032305,1,-0.6319501923638765,0.00036899168418784087,0.008356545961002881,0.00013750834872117146
2021-10-21,-0.6541411690115281,1,-0.7849694028138336,-0.0022079589575936163,0.004604051565377354,1.96413489679248e-05
2021-10-22,-0.5390164744869897,1,-0.6468197693843877,0.0030921385528062282,-0.004582951420714854,0.00016694818713891557
2021-10-25,-0.58527997236008,1,-0.702335966832096,0.003720228122893446,-0.004604051565377687,9.818842358488844e-05
2021-10-26,-0.583999678622053,1,-0.7007996143464637,-0.008889877613044774,0.013876040703052928,6.872514849542988e-05
2021-10-27,-0.3181615091832783,1,-0.3817938110199339,0.005359742232202687,-0.007299270072992692,0.00013744085134792527
2021-10-28,0.5587684124904188,1,0.33526104749425123,0.006281670024315239,-0.009191176470588203,0.0
2021-10-29,0.556553134222522,1,0.33393188053351314,0.0077045006794362846,-0.020408163265306145,0.00019635178385613017
2021-11-01,0.45815762336336,0,0.549789148036032,0.0044701835633975265,0.01325757575757569,3.926264748033148e-05
2021-11-02,0.4110403373080411,0,0.4932484047696493,0.0033773170745446768,0.010280373831775602,7.852221197057752e-05
2021-11-03,0.1745458006914196,0,0.2094549608297035,-0.006613469172831215,-0.012025901942645634,5.888703503775794e-05
2021-11-04,-0.3025387040362227,0,-0.3630464448434672,0.0026639742972177976,0.00561797752808979,6.869749548576998e-05
2021-11-05,-0.1989888101719324,0,-0.23878657220631888,0.0023111139828660607,0.012104283054003684,7.850603024439629e-05
2021-11-08,-0.5518411849237946,0,-0.6622094219085536,0.0050547095742590675,-0.013799448022078997,7.849986753161176e-05
2021-11-09,-0.6908984997217447,0,-0.8290781996660935,-0.001203908579452604,0.004664179104477473,9.81171322325114e-05
2021-11-10,-0.7572868394096846,0,-0.9087442072916214,-0.010291523667094248,0.01578458681522754,0.00014716125930802626
2021-11-11,-0.8274583552246183,0,-0.9929500262695419,-0.0007976741369626464,0.000914076782449591,0.0
2021-11-12,-0.6492264906654253,0,-0.7790717887985102,-0.009039966945187201,0.010045662100456765,6.86698647205386e-05
2021-11-15,-0.36977115485058326,0,-0.4437253858206999,-0.018686728207207553,0.018987341772151778,0.000137330298987548
2021-11-16,-0.516616617133103,0,-0.6199399405597236,0.00833706736925881,-0.010647737355811926,0.00011769552168550135
2021-11-17,-0.5153251552247808,0,-0.618390186269737,0.0051844808999682,-0.011659192825111964,6.864764146308211e-05
2021-11-18,-0.5378242857354908,0,-0.645389142882589,-0.012170561831682308,0.019963702359346636,0.0001274797258203897
2021-11-19,-0.7228567669051928,0,-0.8674281202862314,0.005001495870099854,-0.008007117437722533,3.921953132679512e-05
2021-11-22,-0.3663931861387772,0,-0.4396718233665326,-0.011606845281248473,0.017937219730941756,4.9022491519057354e-05
2021-11-23,-0.46857920777084033,0,-0.5622950493250084,-0.017681866919409258,0.02026431718061672,5.8824106118793296e-05
2021-11-24,-0.7875311330037555,0,-0.9450373596045066,0.0011483032505004384,-0.002590673575129432,4.901720503913687e-05
2021-11-25,-0.8563420785313118,0,-1.0,0.0009048208591311422,-0.0017316017316016952,7.842368395238886e-05
2021-11-26,-0.855760075784052,0,-1.0,0.0035370368891789873,-0.003469210754553309,0.00014703287655115638
2021-11-29,-0.7077235674902959,0,-0.849268280988355,0.003481288076588318,-0.003481288076588318,0.0
2021-11-30,-0.6002199218565506,0,-0.7202639062278607,-0.019888251495355086,0.02008733624454151,0.00013722530434612246
2021-12-01,-0.7935603787170947,0,-0.9522724544605137,-0.0004653891190024505,0.0008561643835618415,0.00017640832647303206
2021-12-02,-0.44861904911227063,0,-0.5383428589347248,0.000550701740086335,-0.0008554319931566301,2.9396202010811834e-05
2021-12-03,-0.4401926671612529,0,-0.5282312005935035,0.00980620714359055,-0.010273972602739767,0.00011758135159767313
2021-12-06,0.1032259646778511,0,0.12387115761342131,-0.003534681182214995,0.006920415224913601,0.00012736482183606235
2021-12-07,0.6614258309705584,0,0.7937109971646701,0.005812968152558344,-0.011168384879725046,0.00015673674105154412
2021-12-08,0.8241186986207235,0,0.9889424383448682,-0.0024873292614510626,-0.017376194613379692,0.0
2021-12-09,0.7020695020926153,0,0.8424834025111384,0.01183261146932974,0.015030946065428763,0.0
2021-12-10,0.4900346428625504,0,0.5880415714350604,0.002513281134774901,0.002613240418118501,0.00019591133053165066
2021-12-13,0.3188802324327304,0,0.38265627891927645,0.005010367489426206,0.006081668114682692,8.814283056013394e-05
2021-12-14,0.010142724797207375,0,0.01217126975664885,-0.0020814794640926088,-0.003454231433506094,0.00012730620079137722
2021-12-15,-0.1952360095758379,0,-0.23428321149100545,0.001496892621642475,0.004332755632582508,3.916615261090328e-05
2021-12-16,-0.744154223661378,0,-0.8929850683936535,-7.403777811063218e-05,0.0008628127696288512,3.916461868347376e-05
2021-12-17,0.18184869775231427,0,0.21821843730277712,-0.000265458354268642,0.0008620689655174374,0.00021539696681904807
2021-12-20,0.8741865121815503,0,1.0,0.01184347364728596,-0.013781223083548677,4.894331385396633e-05
2021-12-21,0.9219509490387691,0,1.0,-0.0036308151779837427,-0.014847161572052459,0.0
2021-12-22,0.8023192564108523,0,0.9627831076930228,0.01507092198581561,0.01507092198581561,0.0001566216705661816
2021-12-23,0.5764570204303411,0,0.6917484245164093,0.005221566226335562,0.005240174672489051,3.914928601456147e-05
2021-12-24,0.9132036969007143,0,1.0,-0.0001289610318363516,0.0,0.00017616489033733806
2021-12-27,0.9007427191057625,0,1.0,-0.013971041707224827,-0.019982623805386734,1.9570429081738894e-05
2021-12-28,0.899263014547342,0,1.0,0.005319148936170137,0.005319148936170137,9.785023043717977e-05
2021-12-29,0.6685955577089455,0,0.8023146692507346,0.008818342151675429,0.008818342151675429,3.9136262682815115e-05
2021-12-30,0.6067474735734105,0,0.7280969682880926,-0.0027212202877521245,-0.002622377622377492,4.8918413869225574e-05
2021-12-31,0.36474209223627985,0,0.4376905106835358,0.0077945331531339085,0.009640666082383786,0.0004896376681255976
2022-01-04,0.3455763175558962,0,0.41469158106707543,0.009335226045782368,0.013020833333333481,0.0
2022-01-05,0.9721652420481846,0,1.0,-0.0022618362806619066,-0.005141388174807249,0.0
2022-01-06,0.9496621393515317,0,1.0,-0.013420793793270106,-0.031869078380706184,0.00014983368460996793
2022-01-07,0.9555941776681104,0,1.0,0.01423487544483959,0.01423487544483959,0.00019974831712055163
2022-01-10,0.8847685558874828,0,1.0,-0.025438596491228038,-0.025438596491228038,6.989794899459056e-05
2022-01-11,0.6893933940667228,0,0.8272720728800674,0.00900090009000909,0.00900090009000909,0.00012980140385199235
2022-01-12,0.42882480884368346,0,0.5145897706124202,-0.007222849244559049,-0.007136485280999083,3.9933710041406556e-05
2022-01-13,0.42040880484265886,0,0.5044905658111906,0.011746505534600615,0.014375561545372895,5.9898173105699115e-05
2022-01-14,0.3524142501847951,0,0.42289710022175414,-0.010410748693491366,-0.02037201062887506,0.00015971889474530876
2022-01-17,0.5011550290117758,0,0.6013860348141309,0.0032065831185473103,0.006329113924050445,0.0001097892047270399
2022-01-18,0.5927892981569329,0,0.7113471577883195,0.008310222921448372,0.019766397124887813,6.985818787841325e-05
2022-01-19,0.3276727510598026,0,0.3932073012717631,-0.005353535934298795,-0.008810572687224627,0.0
2022-01-20,0.8709710347671149,0,1.0,-0.007746772944667052,-0.010666666666666713,0.0
2022-01-21,0.9266627132681919,0,1.0,-0.009678604401443577,-0.02425876010781658,0.0002694718352032055
2022-01-24,0.7699730635461864,0,0.9239676762554236,-0.019337016574585753,-0.019337016574585753,9.977749618528264e-06
2022-01-25,0.9433527411371575,0,1.0,0.005595786655029113,0.005633802816901401,0.00012970945083012886
2022-01-26,0.9199610998012727,0,1.0,-0.028500023172126118,-0.03081232492997188,9.976356036189848e-05
2022-01-27,0.8622613844064779,0,1.0,0.0009633911368014392,0.0009633911368014392,0.00019950721717343356
2022-01-28,0.6815187266788025,0,0.817822472014563,-0.020211742059672688,-0.020211742059672688,0.0006283223792475923
2022-02-07,0.3631987369255035,0,0.4358384843106042,0.0058028208627262665,0.005893909626718985,0.00024917771354537877
2022-02-08,0.2157744062137353,0,0.25892928745648236,-0.0009860160899681839,-0.000976562500000111,1.9929251158234962e-05
2022-02-09,0.22474584901345693,0,0.2696950188161483,0.004597980716740819,0.010752688172043223,0.0
2022-02-10,-0.2506197529372178,0,-0.30074370352466134,0.004001259880261898,0.01547388781431347,0.0
2022-02-11,-0.18847822712878107,0,-0.22617387255453728,-0.002480423004219655,-0.008571428571428674,0.00015947850528785779
2022-02-14,-0.320371163327285,0,-0.38444539599274197,0.007788910000081758,-0.025936599423631024,1.993163449354185e-05
2022-02-15,-0.5309093429542073,0,-0.6370912115450488,-0.0003663835192333013,0.0019723865877712132,0.00012955304200512607
2022-02-16,-0.8016155959240702,0,-0.9619387151088842,-0.009530921082008178,0.02460629921259838,3.98573108271183e-05
2022-02-17,-0.7290547363237024,0,-0.8748656835884429,-0.0019331740268943107,0.0028818443804035088,3.9855722285375705e-05
2022-02-18,-0.9180201845809254,0,-1.0,0.00021058543087950997,0.0,0.00012952593507775667
2022-02-21,-0.9310481305509527,0,-1.0,-0.0067478408888678384,0.00766283524904221,9.962243098460277e-06
2022-02-22,-0.9496621393515317,0,-1.0,-0.006574295244610395,0.0066539923954371805,3.9848575413392595e-05
2022-02-23,-0.7424465121358556,0,-0.8909358145630266,-0.0028328611898018607,0.0028328611898018607,0.0
2022-02-24,-0.07880767912323822,0,-0.09456921494788585,-0.010252959585009094,0.010357815442561202,7.969397513529763e-05
2022-02-25,-0.6538299639387096,0,-0.7845959567264515,0.003111461079432569,-0.0037278657968312645,9.960953063981037e-05
2022-02-28,-0.7378448254470039,0,-0.8854137905364047,-0.00036806729257592564,0.00093545369504211,5.975976574190689e-05
2022-03-01,-0.8358700034626785,0,-1.0,-0.007903067331959435,0.010280373831775602,0.00011951238945107079
2022-03-02,-0.8915259587880411,0,-1.0,0.007483307108683697,-0.00832562442183149,8.962358095998546e-05
2022-03-03,-0.9445071469184304,0,-1.0,-0.009049554277819949,0.009328358208955168,0.0001394019655676093
2022-03-04,-0.8062528195422427,0,-0.9675033834506912,0.02609703339529379,-0.025878003696857665,0.00010951484921806198
2022-03-07,-0.5072972281796589,0,-0.6087566738155907,0.006784394798586028,-0.006641366223908984,7.963844147584886e-05
2022-03-08,0.2300718716261546,0,0.27608624595138553,0.01841957395388156,-0.019102196752626588,5.972407477439212e-05
2022-03-09,0.2362556433005202,0,0.28350677196062424,0.018093027979409804,-0.030185004868549137,9.953418003738612e-05
2022-03-10,0.4951800256469898,0,0.5942160307763877,0.0019366549193845994,0.007028112449799062,0.0
2022-03-11,0.2226873063326533,0,0.26722476759918395,-0.003157638678232809,-0.010967098703888234,0.0001492864109555736
2022-03-14,0.35451695380080217,0,0.4254203445609626,0.004693176055682822,0.008064516129032251,0.00015921506970650867
2022-03-15,0.8535746058030608,0,1.0,-0.005690817908063757,-0.02100000000000002,0.0
2022-03-16,0.8770220365725847,0,1.0,-0.012020026603149539,-0.02757916241062308,0.0
2022-03-17,0.6983454442372153,0,0.8380145330846583,0.0262605042016808,0.0262605042016808,9.95074381806571e-05
2022-03-18,0.559327728702673,0,0.6711932744432075,0.005036714533686552,0.0051177072671442225,6.964827620548064e-05
2022-03-21,0.10312833388866727,0,0.12375400066640072,0.02215430656686677,0.026476578411405383,0.0003084208850685499
2022-03-22,-0.28864314103618866,0,-0.3463717692434264,-0.001605452324275715,-0.001984126984126977,0.0
2022-03-23,-0.5814335655837282,0,-0.6977202787004738,0.0003092957177924831,0.003976143141153132,5.968070821116278e-05
2022-03-24,-0.6688303846730164,0,-0.8025964616076197,0.001806862892534804,-0.004950495049505066,0.00019892382212227666
2022-03-25,-0.5508920933683205,0,-0.6610705120419845,0.0028258529947186874,-0.003980099502487566,5.966527779155406e-05
2022-03-28,-0.4909341505595138,0,-0.5891209806714165,0.015163335697090012,-0.018981018981018893,0.0
2022-03-29,-0.4725618048104343,0,-0.5670741657725211,-0.0031211103670657305,0.005091649694501044,0.00016904993934097057
2022-03-30,-0.45207846769716986,0,-0.5424941612366038,0.0029733787236114213,-0.005065856129685908,0.0
2022-03-31,-0.08757628665984274,0,-0.10509154399181128,-0.007941917573194996,0.015274949083503131,0.0004673687141394378
2022-04-01,-0.5593000271494132,0,-0.6711600325792958,0.012342203390990625,-0.02306920762286868,2.9818109531731807e-05
2022-04-06,-0.6329131497380648,0,-0.7594957796856777,-0.0008735584903350859,0.007186858316221789,0.0001490861021935519
2022-04-07,-0.06953303519079909,0,-0.0834396422289589,0.0035759150768280906,-0.0050968399592252744,0.00011925110307275943
2022-04-08,0.007123987538976677,0,0.008548785046772011,0.010022969628102157,-0.013319672131147597,0.00013910969793329286
2022-04-11,0.6410974969555764,0,0.7693169963466916,0.001242391159449624,-0.014537902388369717,6.954517455848297e-05
2022-04-12,0.7962908029845278,0,0.9555489635814334,-0.0006145973946026167,-0.02739726027397249,0.0
2022-04-13,0.6617449935555361,0,0.7940939922666432,0.0007518391997204072,0.0010834236186347823,4.9674137656996464e-05
2022-04-14,0.4560962105606486,0,0.5473154526727783,-0.002145924145504036,-0.0021645021645021467,6.954033836348295e-05
2022-04-15,0.2545939813469263,0,0.3055127776163115,-0.006115485300310308,-0.007592190889370909,0.0001788055787341758
2022-04-18,-0.1752379103968111,0,-0.2102854924761733,-0.00610249098422527,-0.010928961748633892,0.0
2022-04-19,-0.4235443910581169,0,-0.5082532692697402,0.0031938065203503388,0.011049723756906049,0.00010925162635944119
2022-04-20,-0.3371180518880951,0,-0.40454166226571414,-0.0012980849401791525,0.005464480874316946,0.0
2022-04-21,0.6344289524442478,0,0.7613147429330973,0.01105704204140248,-0.021739130434782594,3.9723918764611454e-05
2022-04-22,0.7450446169612851,0,0.8940535403535421,0.01613191654782372,-0.0411111111111111,5.958351125645578e-05
2022-04-25,0.977649275678579,1,0.5865895654071474,-0.020346853006602342,-0.02665121668597914,3.971997418217299e-05
2022-04-26,0.9446261104073216,1,0.5667756662443929,-0.05548938347442047,-0.061904761904761796,9.929599142055601e-05
2022-04-27,0.9262147085820077,1,0.5557288251492046,-0.01933565284972044,-0.032994923857868064,6.950029289409798e-05
2022-04-28,0.901449120200851,1,0.5408694721205106,0.02538690396597326,0.044619422572178546,0.0002382701586483016
2022-04-29,0.7742340824811186,1,0.4645404494886711,0.006403815981107464,0.011306532663316604,0.00028784119106695094
2022-05-05,0.6816030428644853,1,0.40896182571869116,0.017430911606862047,0.032298136645962705,0.0
2022-05-06,0.4208279288460843,1,0.25249675730765053,0.0006640677885576909,0.001203369434416457,0.00024809217120336235
2022-05-09,0.1507845544272519,1,0.09047073265635112,-3.7185773287518265e-05,0.0,6.944857828838913e-05
2022-05-10,-0.15408755646068006,1,-0.18490506775281607,0.0014883048173905064,0.006009615384615419,6.944375551820592e-05
2022-05-11,-0.28847934723287566,1,-0.3461752166794508,0.0031049906896288004,0.03584229390681015,0.0
2022-05-12,-0.46312970508533474,1,-0.5557556461024017,0.00042818505073668653,-0.0023068050749711633,6.944031109257232e-05
2022-05-13,-0.8221213176028331,1,-0.9865455811233997,-0.0066011103928073625,0.01965317919075149,0.0002281451796892764
2022-05-16,-0.9026699718952842,1,-1.0,-0.0039034741797534943,0.006802721088435382,5.950255860986964e-05
2022-05-17,-0.9175891141834751,1,-1.0,0.004437171804631023,-0.0045045045045044585,0.0
2022-05-18,-0.9058554053045764,1,-1.0,-0.007799550459428595,0.007918552036199067,5.950078838523609e-05
2022-05-19,-0.8627093890926623,1,-1.0,0.014709342420185623,-0.014590347923681302,5.949724825216052e-05
2022-05-20,-0.6661108683574769,1,-0.7993330420289723,-0.02503711637202022,0.02505694760820054,9.915618090161615e-06
2022-05-23,-0.597853947539162,1,-0.7174247370469944,-0.013275018495974443,0.01333333333333342,7.932415817224481e-05
2022-05-24,0.5457048833962502,1,0.32742293003775014,-0.0068207287097853,0.00877192982456143,0.00012889153281792076
2022-05-25,0.4699423069723212,1,0.28196538418339273,0.026025150284849276,-0.036956521739130443,1.982691106627854e-05
2022-05-26,0.08288893105153468,0,0.09946671726184161,0.00520433642932629,0.015801354401805856,7.930607187112138e-05
2022-05-27,-0.07787152020257826,0,-0.0934458242430939,0.0040527589800840496,0.014444444444444482,9.912472864614941e-05
2022-05-30,-0.2601849991082245,0,-0.3122219989298694,-0.000968015677208916,-0.008762322015334112,0.0
2022-05-31,-0.7031950539433426,0,-0.8438340647320111,-0.0010985853421721853,0.011049723756906049,3.964831940694857e-05
2022-06-01,-0.8331595130919904,0,-0.9997914157103884,-0.001854880172578514,0.005464480874316946,8.920518182997661e-05
2022-06-02,-0.8520213366305099,0,-1.0,-0.007415666194897938,0.008695652173912993,0.0
2022-06-06,-0.5847463999416472,0,-0.7016956799299766,-0.00826222997392467,0.008620689655172376,0.00017840152235981677
2022-06-07,-0.5924408969032059,0,-0.710929076283847,-0.027689103669901446,0.02777777777777768,0.00011891313395562264
2022-06-08,-0.8669241222372444,0,-1.0,0.002251066770143471,-0.0031185031185031464,3.963299843445789e-05
2022-06-09,-0.5568560974281013,0,-0.6682273169137215,0.0014567726875527078,-0.002085505735140769,6.935499851357108e-05
2022-06-10,-0.3828055586407377,0,-0.4593666703688852,0.01655302692909432,-0.01671891327063746,0.0
2022-06-13,-0.4023102402750336,0,-0.48277228833004027,-0.015165168753009396,0.023379383634431372,0.0003368871626172609
2022-06-14,-0.6485383037270048,0,-0.7782459644724058,-0.0022233219389691185,0.005192107995846351,0.00011886130866289868
2022-06-15,-0.5233351026202109,0,-0.6280021231442531,-0.0021426636493523878,0.004132231404958775,0.0
2022-06-16,-0.6316801357944161,0,-0.7580161629532992,0.0015790436747992107,-0.002057613168724326,2.9712678399906878e-05
2022-06-17,-0.8590586394334552,0,-1.0,-0.000535072046057,0.0010309278350515427,0.0001089432504706167
2022-06-20,-0.6436299163067989,0,-0.7723558995681586,-0.0155774107910495,0.02059732234809486,8.912567710739339e-05
2022-06-21,-0.39345876325792895,0,-0.47215051590951473,-0.008107260171243295,0.008072653884964698,3.960788196866183e-05
2022-06-22,-0.2230973021976073,0,-0.26771676263712874,0.008617553433768767,-0.011011011011010985,0.00014852367467388383
2022-06-23,0.1729625518937928,0,0.20755506227255135,0.006110289911646915,-0.013157894736842146,0.0
2022-06-24,0.27422510021555097,0,0.32907012025866117,-0.006964093290102731,0.025641025641025772,0.00010891628298415057
2022-06-27,0.293513484261921,0,0.35221618111430514,0.0027159135146677935,0.0129999999999999,9.900401956342009e-05
2022-06-28,0.2535158607973195,0,0.30421903295678343,0.0033165998632646333,0.009871668311944637,0.0001187930624850786
2022-06-29,0.7431267453781442,0,0.891752094453773,0.0031387967422467885,0.008797653958944496,9.898246030792812e-05
2022-06-30,0.7502610160052515,0,0.9003132192063018,-0.006765283333866534,-0.02131782945736438,1.9794532750028182e-05
2022-07-01,0.06745505614499274,0,0.08094606737399128,0.007964523309917431,0.008910891089108919,0.0002078384798100963
2022-07-04,0.161119871847943,0,0.1933438462175316,0.004014852343692731,0.004906771344455496,6.92650973173059e-05
2022-07-05,0.09791920868897545,0,0.11750305042677053,0.000794434379947495,0.0078125,0.0002374638857007838
2022-07-06,0.17114374398712048,0,0.20537249278454459,-0.0007234797410468872,-0.003875968992248069,7.913583666385726e-05
2022-07-07,-0.07367361103903622,0,-0.08840833324684345,-0.0013012630817766347,-0.010700389105058439,0.0
2022-07-08,-0.450285716241984,0,-0.5403428594903807,0.002541205627617516,0.012782694198623545,7.913427107464344e-05
2022-07-11,-0.012738787777736996,0,-0.015286545333284395,0.0008793908725317282,-0.011650485436893177,6.923700816985345e-05
2022-07-12,0.3493993732115521,0,0.41927924785386256,0.005121530869543673,-0.00982318271119842,4.945158195623911e-05
2022-07-13,0.29699435053962453,0,0.3563932206475494,4.052590367015224e-05,-0.016865079365079416,0.0
2022-07-14,0.3936776583489854,0,0.47241319001878246,0.0025070791732012166,0.006054490413723412,0.0
2022-07-15,-0.007035116253435145,0,-0.008442139504122174,0.004709984669420207,0.013039117352056095,0.00018791229440884294
2022-07-18,-0.07506150349225786,0,-0.09007380419070943,-0.0044239655653852145,-0.00891089108910903,4.944131316153566e-05
2022-07-19,-0.5189659520794949,0,-0.6227591424953939,-0.00015120000384521732,0.018981018981019115,4.9438868838569405e-05
2022-07-20,-0.1925843070654695,0,-0.23110116847856338,-0.001149419180825961,0.009803921568627416,0.0
2022-07-21,-0.26951567892629913,0,-0.3234188147115589,-0.00673434089582195,0.010679611650485255,6.921167897644409e-05
2022-07-22,-0.11337277511415074,0,-0.1360473301369809,0.0012585815989745123,-0.004803073967339033,0.00015818717497495527
2022-07-25,-0.056202596079748014,0,-0.06744311529569762,0.0031851035680404666,-0.009652509652509633,0.00011862161681253092
2022-07-26,-0.3115361439892083,0,-0.37384337278705,0.0014242949993111336,-0.01072124756335291,0.0
2022-07-27,-0.4753030879621545,0,-0.5703637055545854,-0.0009853506219842701,0.012807881773399199,2.9653059207435106e-05
2022-07-28,-0.05172957495235625,0,-0.062075489942827494,-0.00475795570501775,0.012645914396887115,4.9420299882418917e-05
2022-07-29,0.0585045937545017,0,0.07020551250540204,-0.0033242517589728944,0.0057636887608070175,0.0001383700013835032
2022-08-01,-0.51802718154416,0,-0.6216326178529921,0.0006978046661666337,-0.011461318051575908,4.941102063416025e-05
2022-08-02,0.9666812084177901,0,1.0,-7.459341298441161e-05,0.0038647342995168366,0.0
2022-08-03,0.9666812084177901,0,1.0,0.012528030417838426,-0.02117420596727626,0.00010869887447251259
2022-08-04,0.8855456017709601,0,1.0,-0.003933136676499527,-0.003933136676499527,9.880641846504723e-05
2022-08-05,0.926662713268192,0,1.0,0.000987166831194486,0.000987166831194486,3.951866268825377e-05
2022-08-08,0.8330613523439041,0,0.9996736228126849,0.021696252465483346,0.021696252465483346,4.9396376281762855e-05
2022-08-09,0.6125030588875742,0,0.735003670665089,0.010617597429166773,0.01061776061776043,5.9272723680559025e-05
2022-08-10,0.004748292759842838,0,0.005697951311811405,-0.0010871201915638262,-0.0009551098376312517,3.9512807088470936e-05
2022-08-11,-0.28643516825129095,0,-0.3437222019015491,0.008770191995625534,0.01242829827915859,0.0
2022-08-12,-0.33207500675375967,0,-0.3984900081045116,-4.788241613083092e-07,0.0047214353163362865,0.0001481730265822101
2022-08-15,-0.7418139528785064,0,-0.8901767434542076,0.0036190362493283127,-0.010338345864661758,6.913716814160864e-05
2022-08-16,-0.8713514411447448,0,-1.0,-0.004367172290277931,0.010446343779677125,2.9628166510198284e-05
2022-08-17,-0.9322657103874775,0,-1.0,-0.006747969849733152,0.007518796992481258,0.0
2022-08-18,-0.7449579597307333,0,-0.89394955167688,0.004822191310920987,-0.004664179104477695,7.900610322164603e-05
2022-08-19,0.26030900401871077,0,0.3123708048224529,-0.008191639847565489,0.00843486410496741,0.00014812474078174098
2022-08-22,0.27282099308172375,0,0.3273851916980685,0.017674618759381717,-0.020446096654275103,0.0
2022-08-23,-0.2823290562717711,0,-0.33879486752612525,0.002121377357641878,0.006641366223908873,7.898972146258565e-05
2022-08-24,0.9721652420481846,0,1.0,0.0009742089074670881,0.0037700282752120007,0.00010860228854636667
2022-08-25,0.9326430702852732,0,1.0,0.010782823440359504,-0.03380281690140852,0.0
2022-08-26,0.79278773264331,0,0.951345279171972,-0.0038872691933916625,-0.0038872691933916625,7.89803635072861e-05
2022-08-29,0.8303859698322841,0,0.9964631637987409,-0.015634083457975005,-0.01560975609756099,1.9743531525451274e-05
2022-08-30,0.6411487329639559,0,0.7693784795567471,0.015067996735450373,0.015857284440039754,9.871570863073664e-05
2022-08-31,0.9440591422322462,0,1.0,-0.00983488980927923,-0.009756097560975618,6.909417536071771e-05
2022-09-01,0.8705936748693194,0,1.0,-0.024362473237221703,-0.031527093596058986,3.94796581062451e-05
2022-09-02,0.7177070325234061,0,0.0,0.0,,6.908667416749559e-05
2022-09-05,0.5684982756049632,0,0.6821979307259559,-0.006307694284953758,-0.005807694284953757,5.921305845313363e-05
2022-09-06,0.7585153210374439,0,0.9102183852449326,-0.0003213624478713249,0.010007412898443091,1.973651749165306e-05
2022-09-07,0.2791268326551919,0,0.33495219918623026,0.008400953256438656,0.012477064220183687,9.868063984397324e-06
2022-09-08,0.4701861977858517,0,0.564223437343022,0.008624334376008746,0.009786154403769398,4.9339833033901215e-05
2022-09-09,0.17978043371721178,0,0.21573652046065414,-0.0032077238111700304,-0.009332376166547252,4.9337398734916604e-05
2022-09-13,-0.013430734800891445,0,-0.016116881761069735,0.00252202894134295,0.004710144927536408,8.880293641722048e-05
2022-09-14,0.016095543734192513,0,0.019314652481031015,-0.0034071186034293436,-0.015506671474936784,6.906281756569044e-05
2022-09-15,0.6724632723776112,1,0.40347796342656667,0.00012674714594354642,0.00036630036630014295,0.0001479815319047617
2022-09-16,0.759580584928988,1,0.45574835095739274,-0.0007702321297027867,-0.038447455144635656,0.0001676875881593265
2022-09-19,0.6314094187072095,1,0.3788456512243257,-0.007548972667973298,-0.018659558263518727,9.862321985298905e-06
2022-09-20,0.6686897058235517,1,0.401213823494131,-0.0014479021366423583,-0.0031043849437329962,9.86222472065812e-06
2022-09-21,0.32670732484773396,1,0.19602439490864038,0.0025264038077763224,0.006617360840794229,4.931063729096685e-05
2022-09-22,0.10518286587931647,1,0.06310971952758988,-0.002895266339541911,-0.00696055684454755,0.0
2022-09-23,0.2279050278797329,1,0.13674301672783973,0.002266141572569001,0.011292834890965775,0.00014792461761481412
2022-09-26,0.014420182174145832,1,0.0086521093044875,-0.0017378872558127777,-0.026954177897573928,0.0
2022-09-27,0.36418141350455996,1,0.21850884810273596,-0.0006592861280315521,-0.004352987732489377,0.0
2022-09-28,0.7470609732974055,1,0.4482365839784433,0.0001488591173508322,0.013513513513513598,0.00013806161492646574
2022-09-29,0.43599409295848685,1,0.2615964557750921,-0.003970902363868499,-0.01764705882352946,0.0
2022-09-30,0.6529035710347646,1,0.39174214262085877,-0.0016263295845742422,-0.0043912175648700424,0.0007889157339382447
2022-10-10,0.5601985610674927,1,0.3361191366404956,-0.005729150073517146,-0.02165196471531694,0.0
2022-10-11,0.23974066947535935,1,0.14384440168521562,-0.007513726147754502,-0.019262295081967307,9.854061351388665e-05
2022-10-12,0.7494162708411264,1,0.4496497625046758,0.0006192417551938658,0.0020894274968661364,1.9706180843570564e-05
2022-10-13,0.565066471682441,1,0.3390398830094646,0.003376849983224457,0.024186822351959902,5.911737755326385e-05
2022-10-14,0.6153819633243226,0,0.7384583559891871,0.010202717731490106,0.02280130293159588,9.852313815894576e-06
2022-10-17,0.3003750058359122,0,0.36045000700309465,0.00482015838571203,0.014729299363057446,3.940886699504986e-05
2022-10-18,-0.07203030724227134,0,-0.08643636869072562,0.011706942471642593,0.01608473911337782,6.89627994956421e-05
2022-10-19,-0.5995442515584485,0,-0.7194531018701381,-0.0003437121676369186,-0.00038610038610042974,2.9553447409513822e-05
2022-10-20,-0.8144473435433252,0,-0.9773368122519901,0.0006050394329644712,-0.010042487446890402,4.925429004853932e-05
2022-10-21,-0.9721652420481846,0,-1.0,-0.0019414584654557465,0.002731174404994041,8.865335552954434e-05
2022-10-24,-0.9332100384603486,0,-1.0,0.00010552307551317155,0.0,5.90969978726541e-05
2022-10-25,-0.9555941776681102,0,-1.0,0.013618677042801286,-0.013618677042801286,0.0
2022-10-26,-0.5777872850056051,0,-0.693344742006726,-0.001518810526065284,0.0015779092702170594,2.9549372075887703e-05
2022-10-27,-0.5439916254848415,0,-0.6527899505818098,-0.027959500896583802,0.027963765261913798,7.879599716331676e-05
2022-10-28,0.6446612953902674,0,0.7735935544683209,0.012018515938606526,-0.01685823754789262,0.00020682319571396768
2022-10-31,0.6523534809767818,0,0.7828241771721381,0.023471066114299464,-0.03702260327357754,9.846687082148975e-06
2022-11-01,0.6323683191257644,0,0.7588419829509173,0.015022697766138788,0.019425333872926,0.0
2022-11-02,0.6370795959490236,0,0.7644955151388283,0.01897692537230819,0.024215958713775132,0.00014770757838333815
2022-11-03,0.4182056630628368,0,0.5018467956754041,0.004126792296883751,0.005426356589147252,4.9228588025806985e-05
2022-11-04,0.25054603643289824,0,0.3006552437194779,0.00813465908667967,0.010794140323824086,5.907139762917346e-05
2022-11-07,-0.12206452040865001,0,-0.14647742449038,0.012340304955868372,0.024790236460716875,0.0
2022-11-08,-0.51384294629589,0,-0.616611535555068,-0.0017349828505239737,-0.005210271678451561,7.875798655221367e-05
2022-11-09,-0.6457070695268836,0,-0.7748484834322603,-0.00038654724578311543,0.0014964459408903785,5.906383816500771e-05
2022-11-10,-0.5150459469564701,0,-0.6180551363477641,0.005441408422139214,-0.008591707134852689,0.00013780748294633938
2022-11-11,-0.8736815251378026,0,-1.0,-0.015843964912179175,0.020346646571213434,0.0
2022-11-14,-0.8717575442061894,0,-1.0,0.012590079132234068,-0.020679468242245314,0.0
2022-11-15,-0.5879222561405524,0,-0.7055067073686628,0.010558069381598756,-0.010558069381598756,0.0
2022-11-16,-0.5420056187131376,0,-0.650406742455765,-0.027153166067664446,0.027439024390243816,0.00021655248444751862
2022-11-17,-0.7669032173449609,0,-0.9202838608139531,0.006776298085638984,-0.009643916913946615,0.0
2022-11-18,-0.6834057134752859,0,-0.820086856170343,-0.0031392905358905284,0.004868913857677848,9.841357320006239e-05
2022-11-21,-0.6790951046917889,0,-0.8149141256301466,0.01414540297155855,-0.015281401416325058,6.888272224547798e-05
2022-11-22,-0.6493762783322244,0,-0.7792515339986693,-0.006377793266158526,0.007948523845571653,7.87176888485952e-05
2022-11-23,-0.7521113861620957,0,-0.9025336633945148,0.011610684203224848,-0.014269620728501464,0.0
2022-11-24,-0.8326721835711934,0,-0.9992066202854321,-0.000777146203471573,0.0011428571428571122,9.83942065491128e-05
2022-11-25,-0.704170229952796,0,-0.8450042759433551,0.001818556703291979,-0.0019025875190259445,7.870762086548133e-05
2022-11-28,-0.8892076836698983,0,-1.0,0.022398381327577533,-0.022493328250095312,0.0
2022-11-29,-0.3489496698507408,0,-0.41873960382088893,-0.011612267619445537,0.013650546021841015,0.0
2022-11-30,-0.5792002580882225,0,-0.6950403097058669,-0.013403181294913965,0.013466717968449116,0.00017708343581235297
2022-12-01,-0.3595114371917784,0,-0.4314137246301341,-0.0049073941322238185,0.011389521640091438,0.0
2022-12-02,-0.4745263944745146,0,-0.5694316733694175,0.005025401294981395,-0.007132132132132152,0.00011804749444199736
2022-12-05,-0.7409049066717063,0,-0.8890858880060475,-0.005693219772487462,0.013232514177693666,5.901678043773728e-05
2022-12-06,-0.8749017992249583,0,-1.0,0.001891369445332655,-0.0033582089552239847,8.851994649461403e-05
2022-12-07,-0.9611971747873959,0,-1.0,-0.0009611631898026914,0.001123174840883756,4.91733952263651e-05
2022-12-08,-0.9501101440377159,0,-1.0,1.966839092881756e-05,0.0,9.83419546440878e-06
2022-12-09,-0.9384561451129604,0,-1.0,0.0057865874499732906,-0.005609573672401003,8.850688878614399e-05
2022-12-12,-0.9262147085820077,0,-1.0,-0.004077894198337484,0.004136893569010924,2.9499685336720205e-05
2022-12-13,-0.836348505508235,0,-1.0,0.005657309281597356,-0.005617977528089901,1.966587675372722e-05
2022-12-14,-0.8259197825312148,0,-0.9911037390374577,0.009891171141223065,-0.009792843691148523,4.916372503727118e-05
2022-12-15,-0.673664867646525,0,-0.80839784117583,0.004671265368769617,-0.00418410041841033,0.00024580654042027916
2022-12-16,-0.3089090217190531,0,-0.3706908260628637,-0.0013512052315473484,0.0015278838808250317,0.00012778798989510065
2022-12-19,0.6656777126912606,0,0.7988132552295127,0.0028998288978567413,-0.0038138825324178782,1.9657178801590902e-05
2022-12-20,0.6247612541529103,0,0.7497135049834923,0.007545011078836084,-0.021822358346094917,2.948518860712568e-05
2022-12-21,0.6599259200684585,0,0.7919111040821502,-0.006277491207643569,-0.007827788649706346,0.0
2022-12-22,0.4468871903334904,0,0.5362646284001884,-0.0035675784807399627,-0.004733727810650956,9.82868600307718e-06
2022-12-23,0.36946493515581585,0,0.443357922186979,-0.01799630200646137,-0.022592152199762294,0.00010811448340919405
2022-12-26,0.874010566335096,0,1.0,-0.0009163067649479276,-0.0016220600162205612,0.0
2022-12-27,0.8701873407449048,0,1.0,0.009517138954662016,0.021933387489845524,0.00012776412776438484
2022-12-28,0.8533222218603718,0,1.0,0.0011923688394279708,0.0011923688394279708,3.9307017285050705e-05
2022-12-29,0.7103504613870762,0,0.8524205536644914,-0.012306470821754845,-0.012306470821754845,0.0
2022-12-30,0.33496979774760627,0,0.4019637572971275,0.009974441788086248,0.010048231511254002,0.0013998320201578096
2023-01-03,0.8876544144973476,0,1.0,-0.0029388632685839727,-0.003183446080382013,0.0
2023-01-04,0.8338619806548482,0,1.0,0.00918631274689913,0.023552894211576803,2.9966437589790118e-05
2023-01-05,0.7224017087595439,0,0.8668820505114526,0.0019500780031200815,0.0019500780031200815,0.0
2023-01-06,0.5214218893790058,0,0.6257062672548069,0.008107827946236884,0.008174386920981158,0.0001897931254932761
2023-01-09,0.3613184706710382,0,0.43358216480524586,0.003231764963484934,0.0038610038610040753,3.994886545233278e-05
2023-01-10,-0.31597181817115966,0,-0.3791661818053916,0.000926371025933436,0.0015384615384614886,0.00015978907841640577
2023-01-11,0.10615143110295978,0,0.12738171732355175,0.0004261568651071559,0.0019201228878646948,0.0
2023-01-12,-0.3797620280254527,0,-0.45571443363054326,0.0025079975929048694,-0.007282483710233878,0.0
2023-01-13,-0.29792504298819517,0,-0.3575100515858342,-2.200470098734711e-05,0.0011583011583011782,0.00013980567011873113
2023-01-16,0.0728815528476563,0,0.08745786341718755,-0.0030368173363054534,0.006556112610875298,0.0
2023-01-17,-0.14003958141714856,0,-0.16804749770057828,-0.0035669974825545217,0.009961685823755007,0.00015976993129895867
2023-01-18,-0.3114862886098484,0,-0.37378354633181804,0.00019044232173313403,0.0011380880121394377,0.00023961661341842522
2023-01-19,-0.20135634854680526,0,-0.2416276182561663,-5.623193481217258e-05,0.0,3.9926535175371924e-05
2023-01-20,-0.10858892221273435,0,-0.1303067066552812,-0.00423731443036459,0.012883668056081987,0.00046911805805094353
2023-01-30,0.26901128570420674,0,0.3228135428450481,-0.004846630814040931,0.019827908716797626,0.0
2023-01-31,0.0719027519054014,0,0.08628330228648166,0.0006451430259107057,-0.006603081438004366,9.97725186580034e-06
2023-02-01,0.6014514481918578,0,0.7217417378302293,0.001400056354369018,0.004431314623338123,0.00012970298017545012
2023-02-02,0.5143540111584602,0,0.6172248133901522,0.0013879437700234148,0.01617647058823546,0.00033917918636894306
2023-02-03,0.5138152860118773,0,0.6165783432142528,-0.001496894963753453,-0.0021707670043414895,0.00043878894251858647
2023-02-06,0.4150701147595042,0,0.49808413771140503,-0.0017906780237468645,-0.0029006526468455807,0.0
2023-02-07,0.16269780638204656,0,0.19523736765845587,0.0024070662701054526,0.0039999999999997815,0.0
2023-02-08,-0.002737590475675733,0,-0.0032851085708108796,0.0007756041073080209,0.001810938065918144,4.986486621239017e-05
2023-02-09,0.7076634185732572,0,0.8491961022879086,-0.002146218455068791,-0.010484454085321726,0.0
2023-02-10,0.627447890800127,0,0.7529374689601523,-0.0002681242211107676,0.021921812203141933,0.00022937838457770532
2023-02-13,0.7137662586855549,0,0.8565195104226658,-0.007031150536764518,-0.008223096174472477,0.0
2023-02-14,0.5404482464599979,0,0.6485378957519975,0.010820054586072865,0.014419610670511895,5.982471358922936e-05
2023-02-15,-0.37960790097068203,0,-0.4555294811648184,0.0014279125633599975,0.0017768301350391535,6.979132394135945e-05
2023-02-16,0.8208368501016854,0,0.9850042201220224,-0.0007820932470791699,-0.0003547357218871561,0.0
2023-02-17,0.8268989501381392,0,0.992278740165767,0.007990260870413516,-0.018452803406671547,0.00020936144758509911
2023-02-20,0.9091956395157492,0,1.0,-0.00926253448459607,-0.009399855386840072,0.0
2023-02-21,0.7138918552736292,0,0.856670226328355,0.012671540619310643,0.012773722627737127,3.987081854783803e-05
2023-02-22,0.4000604655085358,0,0.48007255861024295,0.002450857635686674,0.0025225225225224968,4.9836536161418366e-05
2023-02-23,0.007466229487740815,0,0.008959475385288978,0.0035197567081579886,0.004313443565779895,8.970129468877097e-05
2023-02-24,-0.31478913842946654,0,-0.37774696611535985,-0.002563350712449874,-0.005010737294201761,0.00014948874848008664
2023-02-27,-0.6029013042333405,0,-0.7234815650800086,-0.0002578098781984481,-0.007194244604316724,0.0
2023-02-28,-0.3933683976481959,0,-0.4720420771778351,0.000662050626753357,-0.0021739130434781373,9.96472487391209e-06
2023-03-01,-0.31080359206984887,0,-0.3729643104838186,-0.005699079615739925,0.00798838053739992,0.00011957550695029795
2023-03-02,-0.6971381367893911,0,-0.8365657641472692,-0.00314837507665686,0.006844380403458361,8.967090776845765e-05
2023-03-03,-0.8082629212840572,0,-0.9699155055408686,0.001574650366846929,-0.004293381037567268,0.00014943811269629848
2023-03-06,-0.8808970115967892,0,-1.0,0.0022204562540642514,-0.002515271289974863,9.96105228556754e-05
2023-03-07,0.6778045779361038,0,0.8133654935233245,-0.005330646668247265,0.0057636887608067955,0.0001394408422228377
2023-03-08,0.8946917173002925,0,1.0,0.024523116680172135,-0.025429799426933797,0.0
2023-03-09,0.6318878897170807,1,0.37913273383024837,0.007407601679013281,0.009187798603454533,0.00014938602344360952
2023-03-10,0.7755691064923559,1,0.46534146389541353,-0.0032237621108706796,-0.0029133284777858037,0.00011949096847430063
2023-03-13,0.4528287582987652,1,0.2716972549792591,-0.0043356955807878714,-0.011322132943754837,0.0
2023-03-14,0.14435756752460524,1,0.08661454051476314,0.0033572099290347652,0.007388252678241836,2.987274211863067e-05
2023-03-15,-0.014818909902291436,1,-0.017782691882749724,-0.0014438819176337719,-0.005133846718005097,5.97436995291023e-05
2023-03-16,0.1918717202143415,1,0.1151230321286049,-0.00020273303633438531,-0.0018429782528565086,9.956688405532432e-06
2023-03-17,0.4617559221437282,1,0.2770535532862369,0.000175784616013716,-0.008493353028065087,8.960930343704376e-05
2023-03-20,-0.2236536463715396,1,-0.2683843756458475,0.000427084463957732,0.003724394785847185,8.960127432922071e-05
2023-03-21,0.0490591154966184,1,0.02943546929797104,-0.0016831710381732799,-0.0051948051948050855,3.981922073781341e-05
2023-03-22,0.005127314720836028,1,0.003076388832501617,-0.003888908465408433,0.014546810891458373,0.00012940731449972986
2023-03-23,-0.2720311621677957,1,-0.32643739460135485,0.00018815540400501812,0.0025735294117648078,0.00012939057041316815
2023-03-24,-0.5865789847539162,0,-0.7038947817046994,-5.313537496457927e-05,0.004033736707004243,9.95183312766379e-05
2023-03-27,-0.8236528725934088,0,-0.9883834471120905,-0.0003079534541803225,0.00036523009495970093,0.0
2023-03-28,-0.8521583525235016,0,-1.0,-0.003946223722876956,0.005476451259583737,2.985282556999813e-05
2023-03-29,-0.8705163819421977,0,-1.0,0.006813104394264041,-0.006899055918663799,0.0
2023-03-30,-0.9322657103874775,0,-1.0,0.008043875685557533,-0.008043875685557533,0.0
2023-03-31,-0.7073185764957389,0,-0.8487822917948867,-0.0018429782528566196,0.0018429782528566196,0.0
2023-04-03,0.5336833744448168,0,0.6404200493337802,-0.009233171603514376,0.009933774834437026,0.0003881060425126037
2023-04-04,0.22531020209053246,0,0.27037224250863895,-0.012380812364714569,0.014207650273223793,0.00022879425427979605
2023-04-06,0.0035596083932632285,0,0.004271530071915874,-0.0035676164773634335,-0.005387931034482318,0.0001889607160616702
2023-04-07,0.07289116426152911,0,0.08746939711383493,0.0014259029669395236,0.005417118093174134,0.00012926448508010502
2023-04-10,0.16131738857108935,0,0.1935808662853072,4.430485357445264e-06,0.010775862068965747,0.0
2023-04-11,-0.1406181527280335,0,-0.16874178327364017,-0.0011357746695227898,-0.01279317697228144,3.977131493915209e-05
2023-04-12,-0.24682015714895925,0,-0.29618418857875106,0.000595851731595745,0.003599712023038215,9.942433311138643e-05
2023-04-13,-0.41914257758111245,0,-0.5029710930973349,-0.0007086800785539841,0.00430416068866557,6.959011422735806e-05
2023-04-14,-0.593958661945399,0,-0.7127503943344788,0.0016121580280402201,-0.005357142857142727,9.940753111448153e-05
2023-04-17,-0.7908664923200032,0,-0.9490397907840038,-0.0025137766825865273,0.0050269299820464575,7.95181201918016e-05
2023-04-18,-0.7748115712799004,0,-0.9297738855358805,0.0025311398522229233,-0.003215434083601254,0.00020871846860281984
2023-04-19,-0.6803643183975806,0,-0.8164371820770967,0.0006900497244104687,-0.0007168458781361409,9.93690068074038e-06
2023-04-20,-0.7592473759776902,0,-0.9110968511732283,0.004612210556987456,-0.0050215208034434244,0.0
2023-04-21,0.977649275678579,0,1.0,-0.00010699600237014059,0.00036049026676288065,0.0001291822761917416
2023-04-24,0.977649275678579,0,1.0,0.02104210527841553,-0.02414414414414401,0.0
2023-04-25,0.9499911805488247,0,1.0,-0.009601181683899673,-0.009601181683899673,2.9807740076437383e-05
2023-04-26,0.9610782112985046,0,1.0,-0.01752423564504102,-0.01752423564504102,2.9806851601588136e-05
2023-04-27,0.8740737403903481,0,1.0,0.0011385199240985244,0.0011385199240985244,0.00019870642119812487
2023-04-28,0.8725829087901693,0,1.0,0.005307050796057755,0.005307050796057755,0.00020860029204028407
2023-05-04,0.76083085554728,0,0.912997026656736,0.011689291101055765,0.011689291101055765,0.00024828188932590756
2023-05-05,0.7210985857200954,0,0.8653183028641145,-0.0011616528098172651,-0.001118151323145633,0.00024822026073056946
2023-05-08,0.6082871646906088,0,0.7299445976287305,-0.00990328479959981,-0.010820895522388074,0.0
2023-05-09,0.5114494158645888,0,0.6137392990375066,0.00907318709718786,0.01056205205582783,9.927036283441382e-06
2023-05-10,0.4281326046223337,0,0.5137591255468005,-0.011998486240557606,-0.01642403882045529,0.00017868487928840437
2023-05-11,0.0021914601037857917,0,0.00262975212454295,0.0028600386210249225,0.004554079696394542,0.0002977549278442293
2023-05-12,0.11317715437065572,0,0.13581258524478684,-0.002114457697585999,-0.0037778617302606232,0.00016867756786753674
2023-05-15,0.11188399303848247,0,0.13426079164617896,-9.35172062312103e-05,-0.010238907849829393,0.0
2023-05-16,-0.10566300524573267,0,-0.1267956062948792,0.0009878980954041757,0.007279693486590411,0.0
2023-05-17,-0.06252425943961276,0,-0.07502911132753531,-0.001407256913749714,-0.009509319132750105,0.0
2023-05-18,-0.005827929503718909,0,-0.006993515404462691,-0.0005615021680841356,0.004224270353302417,0.0
2023-05-19,-0.03439932791167797,0,-0.041279193494013565,-0.00028231109353762344,0.004588910133843216,8.930786405358937e-05
2023-05-22,-0.03925559694876466,0,-0.04710671633851759,8.855653731538347e-06,0.003425961172440095,4.961104937284411e-05
2023-05-23,-0.06685530252996556,0,-0.08022636303595868,-8.242268360535303e-06,0.0003793626707131459,9.92171764790939e-06
2023-05-24,-0.16927666684313855,0,-0.20313200021176625,0.0004969284866792515,-0.010238907849829393,2.9764857624847707e-05
2023-05-25,-0.49179226354394223,0,-0.5901507162527306,0.00026877619074340065,-0.0034482758620688614,4.960661950725864e-05
2023-05-26,-0.5460658709312408,0,-0.6552790451174889,0.0007903803830334044,-0.0038446751249519018,0.0001686541399632535
2023-05-29,-0.6726283181889409,0,-0.807153981826729,-0.008608939522377136,0.014666152064839899,4.959579427654681e-05
2023-05-30,-0.7523668291236278,0,-0.9028401949483533,0.0029150661609379496,-0.004564473183720219,0.0
2023-05-31,-0.8816807056189994,0,-1.0,-0.003261296719760589,0.004203286205578971,9.9186669311635e-05
2023-06-01,-0.7885710556301538,0,-0.9462852667561845,0.000751743689843295,-0.0007610350076104888,5.95060993751062e-05
2023-06-02,-0.7778207250088457,0,-0.9333848700106148,-0.005060646934577435,0.005331302361005541,0.00014875639652500716
2023-06-05,-0.8436984779403987,0,-1.0,-0.004550396525972433,0.0049242424242423866,5.949370854030356e-05
2023-06-06,0.46417847037079224,0,0.5570141644449507,0.0001392185247171736,0.0,8.923525387416475e-05
2023-06-07,0.3674761916687774,0,0.44097143000253286,0.0178299479191021,-0.01846965699208436,6.939900462010762e-05
2023-06-08,0.17153762590846156,0,0.20584515109015386,-0.0015334136697301537,-0.0026881720430108613,4.95672776659184e-05
2023-06-09,0.3850646075614466,0,0.4620775290737359,-0.002155166974662433,-0.0046207162110128985,0.0
2023-06-12,0.15999510258839592,0,0.19199412310607508,0.0014469471027162097,0.006963249516441117,0.00017844396859412193
2023-06-13,-0.34083988445964514,0,-0.40900786135157413,0.0025383813246074405,0.00576258163657295,1.9823570224897225e-05
2023-06-14,-0.44824163356070756,0,-0.5378899602728491,0.00039956775037146893,0.003437738731856488,4.955794314720485e-05
2023-06-15,-0.5911666420031157,0,-0.7093999704037389,-0.0027112372591967856,0.006471259992386846,0.0
2023-06-16,-0.5139431899676602,0,-0.6167318279611922,-0.0007165916443156096,0.001512859304084735,0.00011893906355298078
2023-06-19,-0.6770963152609119,0,-0.8125155783130942,-0.006506669383344286,0.009441087613293098,0.00013874573852379335
2023-06-20,-0.8346315558051888,0,-1.0,-0.0030492750999408995,0.004863449307893619,2.9727105174570667e-05
2023-06-21,0.5391763266061261,0,0.6470115919273514,0.0003013722125461115,0.0,0.00021799229099994655
2023-06-26,0.7751361043197021,0,0.9301633251836425,0.023082999271525694,-0.023827252419955425,3.9626323766972504e-05
2023-06-27,0.8271462483160595,0,0.9925754979792714,-0.008503530818913066,-0.012967200610220941,7.924950716708956e-05
2023-06-28,0.6827488905348734,0,0.8192986686418481,0.008235314964306689,0.008887171561050788,0.0
2023-06-29,0.50204675533159,0,0.602456106397908,-0.0031278502047238517,-0.003063960168517732,0.0
2023-06-30,0.49135848005235494,0,0.5896301760628259,0.0024794095362294945,0.0030733768728388178,0.00038636813948866866
2023-07-03,0.6828935696201707,0,0.8194722835442048,0.01136272415116855,0.018766756032171594,0.00015844878638127113
2023-07-04,0.52790258855958,0,0.6334831062714961,-0.002960002871697212,-0.00488721804511294,8.911332244165848e-05
2023-07-05,0.38810075404031075,0,0.46572090484837286,0.0036363276449591104,0.004533434076312792,7.920478396905573e-05
2023-07-06,0.17245395287314402,0,0.20694474344777283,-0.004996233143670667,-0.007897705904475472,0.00024749534708745635
2023-07-07,0.12803570804863526,0,0.1536428496583623,-0.0006114260224242235,-0.0011372251705835668,8.90762789869104e-05
2023-07-10,-0.5303724931475996,0,-0.6364469917771195,-0.0002622616604974752,-0.0011385199240986354,0.0
2023-07-11,-0.5862846878858907,0,-0.7035416254630689,-0.0006785428471342335,-0.0018996960486322712,9.897462290853198e-06
2023-07-12,0.07897737514200814,0,0.09477285017040978,-0.004604311066084597,0.007232584697373312,1.9794728663757866e-05
2023-07-13,-0.08617287279824493,0,-0.10340744735789391,0.007644946135911048,-0.011337868480725377,3.95886736805906e-05
2023-07-14,-0.24263836666031333,0,-0.291166039992376,0.000823352865891984,0.008409785932721459,0.00013855487267777633
2023-07-17,-0.09137667578737986,0,-0.10965201094485583,0.0005923764412263739,-0.005686125852918722,8.905865006880731e-05
2023-07-18,-0.5337219651859155,0,-0.6404663582230986,0.00034843598371180827,-0.0007624857033928789,0.00016820691429364487
2023-07-19,-0.6353957061009862,0,-0.7624748473211834,-9.806339501285078e-05,-0.0015261350629531822,0.0
2023-07-20,0.1688480208317098,0,0.20261762499805175,0.0005745378668744205,-0.0007642338555599038,8.904543295873424e-05
2023-07-21,-0.0015832487976267424,0,-0.0018998985571520909,0.010445306904138026,-0.014149139579349934,7.914444851153668e-05
2023-07-24,-0.3459244510292299,0,-0.41510934123507587,-0.0005343884771938162,-0.002327385570209395,4.946136572714366e-05
2023-07-25,0.7028858714739826,0,0.8434630457687792,-0.00021916237121127321,0.006609642301710572,0.0
2023-07-26,0.5954841981314848,0,0.7145810377577817,-0.0036056762846350425,0.007338740826574375,4.945891942176317e-05
2023-07-27,0.28507955336110385,0,0.34209546403332464,-0.0013410640976242998,-0.0015337423312883347,0.00010880424138703937
2023-07-28,0.3788006602776795,0,0.4545607923332154,-0.009516409946526229,-0.013056835637481057,0.0
2023-07-31,0.4653919800647188,0,0.5584703760776626,0.004394999996702524,0.012840466926070215,8.902077151340393e-05
2023-08-01,-0.0603496194240123,0,-0.07241954330881475,0.0031992689443745407,0.006915097963887895,0.00019780632782451235
2023-08-02,-0.25785410651912705,0,-0.30942492782295244,-0.0013327954432960315,-0.0019076688286914223,0.00010877196452074855
2023-08-03,-0.6999527208485751,0,-0.8399432650182901,0.00025966352996336435,-0.002293577981651529,0.00019774569903097117
2023-08-04,-0.6983982246587835,0,-0.8380778695905402,-0.0013881315342958128,0.004214559386973571,0.00013839462238052214
2023-08-07,-0.8172864920214717,0,-0.9807437904257661,-0.0012827995653496645,0.0015261350629531822,0.0
2023-08-08,-0.8520816952688975,0,-1.0,0.004489259424351271,-0.005333333333333523,4.942323089540679e-05
2023-08-09,-0.5107232024991967,0,-0.612867842999036,0.004873431747964659,-0.004978935273841412,0.0
2023-08-10,-0.6763539684613615,0,-0.8116247621536338,0.004928892928268183,-0.005003849114703751,5.930494603245684e-05
2023-08-11,0.41273992712732105,1,0.24764395627639263,0.0006139073731594322,-0.0007736943907155069,0.0001482535729113721
2023-08-14,0.43358502345695243,1,0.26015101407417146,0.01787402887716699,-0.022454510259388383,9.882106469816243e-05
2023-08-15,0.2678299084085501,1,0.16069794504513005,0.0014560314067838865,0.0055445544554457715,0.00011857356007238806
2023-08-16,0.40431533173226075,1,0.24258919903935644,-0.0029260986850306973,-0.011421819614021556,0.00012843946055407507
2023-08-17,0.5258950478790414,0,0.6310740574548497,-0.001577499683205498,-0.009561752988047623,0.0
2023-08-18,0.6621327070618627,1,0.3972796242371176,0.0030556140488238685,0.012872083668543866,0.000167977550294518
2023-08-21,0.7131474522036516,1,0.42788847132219093,-0.014856397580412864,-0.023431294678316172,0.00012843184714617095
2023-08-22,0.8872064098111635,1,0.5323238458866981,-0.0022771648299352827,-0.005693371289142046,0.0
2023-08-23,0.9049318799725103,1,0.5429591279835062,-0.000712676177089757,-0.0016359918200409274,6.915356042003218e-05
2023-08-24,0.9029420307350141,1,0.5417652184410084,-0.006956034621538213,-0.013109381401065212,5.9270381602694044e-05
2023-08-25,0.9499911805488247,1,0.5699947083292948,-0.0024572895615092554,-0.004566210045661934,4.938905736051602e-05
2023-08-28,0.9405232872775783,1,0.5643139723665469,0.024620629268855828,0.045454545454545414,1.9754647280656457e-05
2023-08-29,0.977649275678579,1,0.5865895654071474,-0.02728194576294186,-0.047865975269246075,9.877128521296186e-06
2023-08-30,0.950229107526607,1,0.5701374645159643,0.01610356583958525,0.028487641390867235,8.889327868044639e-05
2023-08-31,0.9278171190494647,1,0.5566902714296789,0.002421969861963977,0.004073319755600879,9.87615304086642e-05
2023-09-01,0.7256206155463318,1,0.4353723693277991,-0.000753607256967177,-0.0016227180527383922,0.00041475746563435223
2023-09-04,0.6980255733055959,1,0.4188153439833575,0.00016554595404041233,0.00040633888663155204,0.0
2023-09-05,0.4565988674757912,1,0.2739593204854747,0.004766316926747204,0.010966693744922873,0.0
2023-09-06,0.262032205336407,1,0.15721932320184417,-0.0032580161624291165,-0.007633587786259444,1.9745090876766014e-05
2023-09-07,0.3780654170518292,1,0.22683925023109752,0.0021063512142774025,0.007692307692307665,7.897880406337876e-05
2023-09-08,0.3678548336134784,0,0.4414258003361741,-0.0028107080280824807,-0.01807955002008843,7.897256690458931e-05
2023-09-11,0.31945634939300444,0,0.3833476192716053,0.00047249035327264876,0.002454991816694063,2.961237402399064e-05
2023-09-12,-0.4089648543078006,0,-0.49075782516936073,0.005567375399407695,0.012653061224489726,1.9740998104866847e-05
2023-09-13,-0.20481343521994613,0,-0.24577612226393536,-7.933365121451412e-05,0.0008061265618704017,7.896243362237598e-05
2023-09-14,-0.5563986844475404,0,-0.6676784213370485,0.005806923065212986,-0.012082158679017407,0.0
2023-09-15,-0.6125030588875741,0,-0.7350036706650889,0.0006256576085844285,-0.002853648593558855,0.00010856691669958174
2023-09-18,-0.6784019851197818,0,-0.8140823821437381,0.0024888754947123195,-0.003679476696647699,3.947459316488988e-05
2023-09-19,-0.8274752895133525,0,-0.992970347416023,-0.0030041933052518703,0.004103405826836326,2.9604776237146524e-05
2023-09-20,-0.7695634112061875,0,-0.923476093447425,0.00696856500476967,-0.008581937065794909,3.947186642716538e-05
2023-09-21,-0.7168676962263377,0,-0.8602412354716052,0.010607144477639155,-0.010717230008243983,0.0
2023-09-22,0.20464034883476293,0,0.2455684186017155,0.004680664218099894,-0.0050000000000000044,4.9338372425822286e-05
2023-09-25,-0.15032071854614815,0,-0.18038486225537778,-0.01529731346626686,0.017587939698492372,0.00020721094073761215
2023-09-26,-0.5035135031153728,1,-0.6042162037384473,-0.000710818876563482,-0.002057613168724437,9.865143488552164e-06
2023-09-27,-0.5467836273322894,0,-0.6561403527987472,0.0006367403918064272,-0.004123711340206171,8.878541551582408e-05
2023-09-28,-0.732804861266358,0,-0.8793658335196296,-0.0029371767203777775,0.006625258799171974,0.0006806277558026874
2023-10-09,-0.7049022278101028,0,-0.8458826733721233,-0.002197930423435983,0.0037021801727683545,0.0002070066833586015
2023-10-10,-0.728879231380147,0,-0.8746550776561763,-2.5220525856149853e-05,0.0004098360655737654,0.0001872529985118554
2023-10-11,-0.8847644871031308,0,-1.0,0.00033214500366384917,-0.0004096681687832948,0.0
2023-10-12,-0.8630994814318703,0,-1.0,-0.002911919422660528,0.003278688524590123,9.854935351771843e-06
2023-10-13,-0.8946917173002925,0,-1.0,0.0036227480325909944,-0.0032679738562091387,0.00017738708819092786
2023-10-16,-0.6091163074234652,0,-0.7309395689081583,-0.004098360655737876,0.004098360655737876,0.0
2023-10-17,-0.6438661918055136,0,-0.7726394301666163,0.011412278298087846,-0.011428571428571455,5.911854253115578e-05
2023-10-18,-0.19822379224774736,0,-0.23786855069729682,0.0042605785665392245,-0.005367464905037256,0.00020690266707390492
2023-10-19,-0.12994129946877708,0,-0.1559295593625325,0.012753903487034843,-0.01660440016604381,0.00010835516854146299
2023-10-20,-0.08234532769260434,0,-0.09881439323112522,0.0022684339091607678,-0.009708737864077777,0.0
2023-10-23,0.2904545314437611,0,0.3485454377325133,0.0019331170703765083,-0.012361466325660597,2.9549081023594326e-05
2023-10-24,0.5051029787496305,0,0.6061235744995566,0.0017807553378038602,-0.02028485110056122,0.0
2023-10-25,0.5866690862831787,0,0.7040029035398144,0.0069342462336850225,0.02026431718061672,0.0
2023-10-26,0.3885924140817449,0,0.46631089689809385,-4.893966452012893e-05,0.0,0.0
2023-10-27,0.6748024167327361,0,0.8097629000792833,0.004785552664972932,0.006908462867011966,0.00013790929508616934
2023-10-30,0.632626159349422,0,0.7591513912193064,0.007468873797748512,0.01629502572898822,7.879444499181432e-05
2023-10-31,0.5655221159245661,0,0.6786265391094793,0.012633424307290655,0.01561181434599157,8.863676653070307e-05
2023-11-01,0.2794499591675233,0,0.3353399510010279,1.9032434645233647e-05,0.0,0.00024619141875192874
2023-11-02,0.3240191223475581,0,0.3888229468170697,-0.002956226698116075,-0.004154549231408566,0.00010829756232033638
2023-11-03,0.1821988583169082,0,0.21863862998028985,-0.002544938877139717,-0.007509386733416612,0.0
2023-11-06,0.6038821186517386,0,0.7246585423820863,0.005798735536165256,0.015132408575031508,0.0
2023-11-07,0.399950832809511,0,0.47994099937141316,0.002314482465813567,0.011180124223602483,0.0001575268287878906
2023-11-08,0.27086539432629503,0,0.32503847319155404,0.0037407856909907385,0.005323505323505229,1.968775224914232e-05
2023-11-09,-0.07318009244930915,0,-0.08781611093917098,0.0015121077382815131,0.0032586558044807035,4.92184116236416e-05
2023-11-10,-0.47191658742158854,0,-0.5662999049059062,-0.002224910748868088,-0.00649614291514411,0.00013780477001357205
2023-11-13,-0.6518674721905012,0,-0.7822409666286014,-0.0005552899831841086,0.00408663669799747,3.9367366421627636e-05
2023-11-14,-0.7545366225406133,0,-0.9054439470487359,-0.003518990901368933,0.006105006105006083,2.9524362519905978e-05
2023-11-15,-0.6009548376560682,0,-0.7211458051872818,-0.010504138666077184,0.013349514563106624,0.0
2023-11-16,-0.44458597889557266,0,-0.5335031746746872,0.00678907069272088,-0.007185628742514716,0.00019682327238390585
2023-11-17,-0.6022604382951303,0,-0.7227125259541564,0.005261047267997307,-0.007237635705669709,7.871381624258156e-05
2023-11-20,-0.7262616264936109,0,-0.871513951792333,-0.0050240566887172645,0.009720534629404698,0.00016725369433912007
2023-11-21,-0.5857997995385112,0,-0.7029597594462135,-0.007321818742944684,0.010028078620136327,0.0
2023-11-22,-0.16849772334511273,0,-0.20219726801413526,0.008660611497003187,-0.009928514694201751,4.9184520647616026e-05
2023-11-23,-0.08092445987763926,0,-0.0971093518531671,0.006318762770035692,-0.00922583233052543,4.918210164972514e-05
2023-11-24,0.09276742633407094,0,0.11132091160088513,-0.001651558860658386,0.009311740890688203,0.00023606247786900347
2023-11-27,-0.09339269792560777,0,-0.11207123751072932,0.0011422747436445541,-0.012835940633774579,0.0
2023-11-28,-0.2730538412696182,0,-0.3276646095235418,-0.0003831001662280116,-0.002438033319788646,0.0
2023-11-29,-0.5319887514553489,0,-0.6383865017464186,-0.0008381998632657536,0.006517311608961407,0.0
2023-11-30,-0.6295446971352169,0,-0.7554536365622603,0.0014077388006228158,-0.004451639012545527,7.867588485788168e-05
2023-12-01,-0.530221929360638,0,-0.6362663152327656,0.004057902971676203,-0.005691056910569037,0.0002950113579371916
2023-12-04,-0.8512354047987128,0,-1.0,-0.006802579849706017,0.008994276369582943,2.9492435190459076e-05
2023-12-05,0.030461895883411586,0,0.0365542750600939,0.004506905288125411,-0.007293354943273878,2.9491565412209653e-05
2023-12-06,0.07270526434970262,0,0.08724631721964314,0.015011587407892664,-0.015510204081632839,9.830231894936148e-06
2023-12-07,-0.2558189436938229,0,-0.3069827324325875,0.0001451378572705918,0.0020729684908789014,9.830135262656192e-05
2023-12-08,-0.48962720217085726,0,-0.5875526426050287,-1.6629797437517108e-05,0.0020686801820439804,0.0
2023-12-11,-0.30684415699267015,0,-0.36821298839120414,0.0022970904306265786,-0.007018992568125659,0.00021627360577247678
2023-12-12,-0.8961846278344557,0,-1.0,-0.008379473490667566,0.01455301455301461,0.00017691287041143866
2023-12-13,-0.550666108641767,0,-0.6607993303701204,-0.0014992699602532726,0.0036885245901638886,0.0001277478061769699
2023-12-14,-0.746948201506203,0,-0.8963378418074436,0.004750009830462815,-0.004899959167006918,9.825499135418525e-06
2023-12-15,-0.637156705161829,0,-0.7645880461941947,0.00406374863255969,-0.006155108740254378,6.87778181711618e-05
2023-12-18,-0.04183393806185013,1,-0.050200725674220154,0.011425288347986305,-0.012799339388934738,9.82472687272029e-06
2023-12-19,-0.27189638676221145,1,-0.32627566411465375,0.00864858612723673,-0.011710581346716875,2.9473891044684564e-05
2023-12-20,0.2814122368306807,1,0.1688473420984084,-5.5497230632078364e-05,0.0,7.859472629401232e-05
2023-12-21,0.5036612917441441,1,0.30219677504648645,0.007208589940901606,-0.022852306390181876,0.0
2023-12-22,0.8254644372027703,1,0.4952786623216622,0.001770356303214169,0.009961022087483506,0.00018665513989302163
2023-12-25,0.4939878117462224,1,0.2963926870477334,-0.0029947939733401467,-0.00986277873070307,0.00011786545658121206
2023-12-26,0.7998752077026681,1,0.4799251246216008,-0.0007429406000081082,-0.0012992637505413462,0.0
2023-12-27,0.8535746058030608,1,0.5121447634818365,-0.0034128439760816617,-0.011274934952298477,2.9463180845068493e-05
2023-12-28,0.977649275678579,1,0.5865895654071474,0.0010363575591260542,0.002192982456140413,0.0
2023-12-29,0.950229107526607,1,0.5701374645159643,0.012119851714770076,0.02319474835886215,0.0005698518385222062
2024-01-02,0.9107980499832062,1,0.5464788299899237,0.008386926312500502,0.014114627887082953,0.00027976779273219954
2024-01-03,0.8613599802628641,1,0.5168159881577185,-0.005293424736563603,-0.009278785322648697,1.997782461460318e-05
2024-01-04,0.7606522874497833,1,0.45639137246986994,-0.0023095525727721013,-0.004257130693912425,6.992098928204626e-05
2024-01-05,0.8926245751356748,1,0.5355747450814049,-0.003478638772755648,-0.0068405301410858765,0.00017978425888931504
2024-01-08,0.8630497625296863,1,0.5178298575178117,-0.0075053136638585155,-0.0163581575548859,0.0
2024-01-09,0.7650587385363189,1,0.45903524312179134,-0.01100651929222182,-0.020568927789934355,3.994487607084096e-05
2024-01-10,0.7744221714442198,1,0.46465330286653184,-0.003230207260061639,-0.006255585344057124,7.988656108337544e-05
2024-01-11,0.9207306749516134,1,0.5524384049709681,-0.001860415679196231,-0.004046762589928199,0.0
2024-01-12,0.702676487327568,0,0.8432117847930817,0.007625636941094114,0.016252821670428963,0.00021967488117602407
2024-01-15,0.4264485718484278,1,0.2558691431090567,-0.004522718393998428,-0.007996446023989301,8.984725965843765e-05
2024-01-16,0.15576219365953287,0,0.18691463239143943,8.394255501700029e-05,0.0004478280340349805,0.0
2024-01-17,0.7648275346686826,1,0.4588965208012095,-0.0014937079978770574,-0.005819158460161122,3.992892651050184e-05
2024-01-18,0.702709529047064,1,0.42162571742823834,-0.004523313387036931,-0.023863124718595197,8.983649757476897e-05
2024-01-19,0.6855137876084468,1,0.4113082725650681,-0.003736849635798944,-0.008302583025830312,0.0001696759189946384
2024-01-22,0.9496621393515317,1,0.569797283610919,-0.002854385693402992,-0.006976744186046546,0.00015966789078714072
2024-01-23,0.9551461729819261,0,1.0,-0.0245458255901897,-0.05948477751756431,0.0
2024-01-24,0.9389041497991447,0,1.0,0.011135442140030927,0.019920318725099584,0.0
2024-01-25,0.9310481305509527,0,1.0,0.0107421875,0.0107421875,0.0
2024-01-26,0.8595698181748915,0,1.0,0.034782608695652195,0.034782608695652195,0.0002794271742929677
2024-01-29,0.8291683899957594,0,0.9950020679949112,-0.010737628384687059,-0.010737628384687059,7.981403330248327e-05
2024-01-30,0.75012744036848,0,0.900152928442176,-0.03256502846104767,-0.03256252949504512,0.00012968745323771458
2024-01-31,0.8437710231957887,1,0.5062626139174732,-0.023830101713001595,-0.023902439024390154,5.98479861153578e-05
2024-02-01,0.6683725524396783,1,0.401023531463807,-0.03662695272047219,-0.040479760119940034,7.979253939738307e-05
2024-02-02,0.6795894272057743,1,0.40775365632346455,-0.001839278529672109,-0.003645833333333237,0.00011967925958433767
2024-02-05,0.9009622603697616,1,0.5405773562218569,-0.019457208996135622,-0.04861474124411924,6.980454726757124e-05
2024-02-06,0.9385751086018517,1,0.563145065161111,-0.026727227840329566,-0.06538461538461537,0.0
2024-02-07,0.9129841556367152,1,0.5477904933820291,0.043927546138117175,0.08112874779541435,0.00017949919723969643
2024-02-08,0.763844853144862,1,0.45830691188691713,0.03746350828086394,0.06579662860250157,0.0009571572429885045
2024-02-19,0.4711375853068343,1,0.2826825511841006,0.018680749564658615,0.03418367346938789,0.0
2024-02-20,0.00949440007567883,1,0.005696640045407298,-0.0057025516901718955,-0.012333497779970615,6.975863512237446e-05
2024-02-21,-0.49893171183369134,0,-0.5987180542004296,0.0012735077995960373,0.004995004995005159,0.0
2024-02-22,-0.7587998999188487,0,-0.9105598799026183,-0.0002130243114042449,0.010437375745526722,2.9895366218113395e-05
2024-02-23,-0.9329721114825661,0,-1.0,-0.011092017471211106,0.018691588785046953,0.00015943718673105955
2024-02-26,-0.9721652420481846,0,-1.0,-0.013541292096416416,0.014968614196040342,6.974264962278376e-05
2024-02-27,-0.9611971747873959,0,-1.0,0.0009913249493039844,-0.0009514747859179495,1.9925081693017432e-05
2024-02-28,-0.548212043048407,0,-0.6578544516580883,-0.03476190476190477,0.03476190476190477,0.0
2024-02-29,-0.6745722330172993,0,-0.8094866796207592,0.05321134784248814,-0.0533824206166591,0.0
2024-03-01,-0.8858671722351165,1,-1.0,-0.02871629016009909,0.04423918327661647,0.00027895670193478495
2024-03-04,-0.8910779541018568,1,-1.0,-0.009695265975272219,0.012104283054003684,0.00010955957052649623
2024-03-05,-0.925445133431667,0,-1.0,0.0038591124635015683,-0.0036798528058877844,8.962982880689196e-05
2024-03-06,-0.9721652420481846,0,-1.0,0.004756216853520678,-0.004616805170821747,6.970584134946556e-05
2024-03-07,-0.9551461729819258,0,-1.0,-0.0027231876548305944,0.002782931354359919,2.9871849764662173e-05
2024-03-08,-0.977649275678579,0,-1.0,0.01315011103927377,-0.01295097132284928,9.956985821224507e-05
2024-03-11,-0.8989339733500487,0,-1.0,-0.007457833004175685,0.007497656982193179,1.9911989008747355e-05
2024-03-12,-0.9543208083979463,0,-1.0,-0.023156255990842478,0.023255813953488413,4.977898132296765e-05
2024-03-13,-0.9666812084177901,0,-1.0,-0.0035368106293651724,0.0036363636363636598,4.9776503499243674e-05
2024-03-14,-0.977649275678579,0,-1.0,-0.0025382048110276223,0.0027173913043476716,8.959324666002466e-05
2024-03-15,-0.9666812084177901,0,-1.0,0.008428698702244497,-0.00813008130081283,0.00014930870071583335
2024-03-18,-0.9021166661510344,0,-1.0,-0.01993690559852479,0.02003642987249532,4.9762136985265215e-05
2024-03-19,-0.9551461729819261,0,-1.0,-0.011547431264137042,0.011607142857142705,2.985579650283121e-05
2024-03-20,-0.926662713268192,0,-1.0,0.006297707352329707,-0.006178287731685939,5.970981032188405e-05
2024-03-21,-0.9610782112985047,0,-1.0,-0.011425880582278003,0.01154529307282437,5.9706245273183356e-05
2024-03-22,-0.7958965087979982,0,-0.9550758105575978,0.003830266798996673,-0.0035118525021948788,0.00015920714840089722
2024-03-25,-0.48766331998479145,0,-0.5851959839817498,0.012229970095451157,-0.011894273127753263,0.00017907953120954723
2024-03-26,-0.5276994388465379,0,-0.6332393266158455,0.020679400130101538,-0.021845742309407168,0.0
2024-03-27,-0.12423421445336678,0,-0.14908105734404015,0.003710136840872706,-0.006381039197812077,0.0
2024-03-28,-0.00016238098266163048,0,-0.00019485717919395657,0.01980081698302155,-0.03165137614678892,0.0
2024-03-29,-0.08313298026680295,0,-0.09975957632016354,-0.002764863916461297,0.022264329701563,0.0005471929004206011
2024-04-01,-0.2355291818131916,0,-0.2826350181758299,-5.285239853832287e-05,0.0157553290083412,0.0
2024-04-02,-0.2527206633891264,0,-0.30326479606695167,-0.0014818161451654295,0.017335766423357546,0.00030827673306221826
2024-04-03,-0.5196779373471895,0,-0.6236135248166274,0.001512898114070898,-0.004035874439461851,0.0002982403817477497
2024-04-08,-0.46764267094860107,0,-0.5611712051383213,0.0024660027365253287,-0.00810445745159849,0.00012919896640806172
2024-04-09,-0.3034559448277229,0,-0.3641471337932675,0.00987639271604909,-0.015887426236949498,0.0
2024-04-10,-0.15659299202069074,0,-0.18791159042482888,-0.006310739398827416,0.011070110701107083,0.0
2024-04-11,-0.6039406407954288,0,-0.7247287689545144,0.007885907055905611,-0.021897810218978186,0.0
2024-04-12,-0.7138535317282941,0,-0.8566242380739529,-0.0011312240606546169,0.005597014925373234,0.0001590425637660875
2024-04-15,-0.051514010187479815,0,-0.06181681222497577,0.005984663509030912,-0.008348794063079867,0.0
2024-04-16,0.7703354175197163,0,0.9244025010236596,0.00816420319104479,-0.009822263797942044,7.950863662586904e-05
2024-04-17,0.9262147085820079,0,1.0,0.0014341031949809677,-0.03117619272555494,0.0
2024-04-18,0.7637368195026824,0,0.9164841834032188,0.02881353581020963,0.03120429058995633,7.950389569111316e-05
2024-04-19,0.551142047511288,0,0.6613704570135456,-0.0019330108633811357,-0.001891252955082745,0.00011924636298576985
2024-04-22,0.3634855908446039,0,0.4361827090135247,-0.002729119226827782,-0.002842254855518811,3.9744048328849146e-05
2024-04-23,-0.02986404740983484,0,-0.035836856891801806,-9.240691292858873e-05,0.0,5.961370320317627e-05
2024-04-24,-0.25920957784200055,0,-0.31105149341040067,-0.0027225620433623233,-0.005700712589073675,0.0
2024-04-25,-0.7503756334861816,0,-0.900450760183418,-0.000723046317951821,0.01863354037267073,7.948019949544083e-05
2024-04-26,0.1844487636080244,0,0.22133851632962928,-0.0005864927791748507,0.0009380863039398779,0.0
2024-04-29,0.8114158603157584,0,0.9736990323789101,-0.021891775473660988,0.02389878163074055,9.934235361885868e-05
2024-04-30,0.7955042935454532,0,0.9546051522545438,0.00403232557605847,0.01876430205949653,0.0003277972027972975
2024-05-06,0.8236431779748417,0,0.98837181356981,0.004802344666906775,0.004941599281222064,9.929993545432225e-06
2024-05-07,0.4975649894425093,0,0.5970779873310111,0.00382778436874256,0.0040232454179705,8.936905447542998e-05
2024-05-08,0.6148671326589876,0,0.7378405591907852,0.0015652805775620952,0.0017809439002671734,5.957404557421775e-05
2024-05-09,0.28321195802464766,0,0.33985434962957717,-0.008562157105748727,-0.014222222222222247,0.0
2024-05-10,-0.021048505404121582,0,-0.025258206484945898,0.016156022916356663,0.02209197475202873,0.00020850294882746034
2024-05-13,-0.14107598496137172,0,-0.16929118195364606,-0.006179104132130067,-0.01764446404940445,0.0
2024-05-14,-0.5809571958706851,0,-0.697148635044822,5.8263530077988605e-05,-0.0031432420296362285,4.9633703269824636e-05
2024-05-15,-0.34382317673133106,0,-0.41258781207759726,-0.0007513030538034661,0.00315315315315301,3.970499191030541e-05
2024-05-16,-0.7853921533081762,0,-0.9424705839698114,0.004274024668368615,-0.006286484059272568,1.98517077429905e-05
2024-05-17,-0.5822996325090698,0,-0.6987595590108837,0.0013527522436942762,-0.0036150022593763875,8.933091147311778e-05
2024-05-20,-0.7535321356945451,0,-0.9042385628334542,-0.014908198883460821,0.01587301587301604,8.932293217411846e-05
2024-05-21,-0.5430552417163385,0,-0.6516662900596061,-0.0012999495512558982,0.0017857142857142794,2.9771651433696533e-05
2024-05-22,-0.9211786796377978,0,-1.0,0.008852179090890757,-0.009803921568627527,5.95415302173663e-05
2024-05-23,-0.09178767303700526,0,-0.11014520764440631,0.0004469019141060418,-0.0004500450045004101,0.00019845995078204837
2024-05-24,0.2561292379985626,0,0.30735508559827507,0.02340447494515613,-0.023412877082395256,0.0002182626294693346
2024-05-27,0.36109498726493006,0,0.43331398471791605,0.00029906547184066295,-0.004610419548178979,0.0
2024-05-28,-0.06765157416044879,0,-0.08118188899253855,0.0013606198352863147,0.004631773969430375,0.0
2024-05-29,-0.3650491623732117,0,-0.43805899484785404,-0.004052990541576518,-0.00875979714153996,0.0
2024-05-30,-0.7955012939374421,0,-0.9546015527249304,0.0002574907468806091,-0.0032558139534883956,0.00015873015873002494
2024-05-31,-0.9129841556367153,0,-1.0,-0.002682709730714821,0.005599626691553894,1.9838120933313164e-05
2024-06-03,-0.11954662394527084,0,-0.143455948734325,0.0006723078774044476,-0.00046403712296982924,0.00012894522803463815
2024-06-04,-0.5253546811108115,0,-0.6304256173329738,0.015356314789594703,-0.01578458681522754,0.0
2024-06-05,-0.054118693981214,0,-0.0649424327774568,-0.0013031156690991106,0.008018867924528328,7.934146583354895e-05
2024-06-06,0.5930513702680802,0,0.7116616443216962,0.004566687996676107,-0.0074871314927468235,7.933517126490486e-05
2024-06-07,0.5549843337787983,0,0.6659812005345579,0.0007192814372627497,-0.014615747289014602,0.00014874164567757475
2024-06-11,0.5785058511911543,0,0.6942070214293851,-0.00683299949769931,-0.009569377990430672,0.0
2024-06-12,0.29416755986473914,0,0.353001071837687,0.006748841458423229,0.010144927536231974,1.9829269985338627e-05
2024-06-13,0.16680457557552167,0,0.200165490690626,0.006475412937460587,0.009564801530368205,1.9828876793193118e-05
2024-06-14,-0.6633781997894638,0,-0.7960538397473566,-0.004224841148264075,-0.011842728564661509,4.9571209041809894e-05
2024-06-17,-0.725239427239163,1,-0.8702873126869956,-0.00011508751604270747,0.0014381591562799834,0.0001189650044612911
2024-06-18,-0.7392088236848604,1,-0.8870505884218325,-0.0026333880321859813,0.003350885591192121,3.965028449059993e-05
2024-06-19,-0.28999128394636575,1,-0.34798954073563887,-0.00863517019651225,0.010019083969465603,4.9560890510225164e-05
2024-06-20,0.43607836460224564,1,0.2616470187613474,0.01407043183168413,-0.016060462919225138,4.955843435006102e-05
2024-06-21,0.24963299388496626,1,0.14977979633097976,0.00667831368796039,-0.019683149303888814,9.911195686629348e-05
2024-06-24,0.9117107863665512,1,0.5470264718199307,-0.0010297747393273535,-0.003917727717923647,6.937149426189393e-05
2024-06-25,0.8880470861909365,1,0.5328282517145619,-0.004175078107593486,-0.02654867256637161,0.0
2024-06-26,0.9721652420481846,1,0.5832991452289107,-0.00551915276852409,-0.010101010101009944,2.9728578081922308e-05
2024-06-27,0.9220040442217775,1,0.5532024265330665,0.013880836960558782,0.02602040816326534,8.918308296013144e-05
2024-06-28,0.8625387049544839,1,0.5175232229726904,-0.012744405884125695,-0.021879661859771193,7.926678226399808e-05
2024-07-01,0.7505122790236048,1,0.4503073674141629,0.0034190342622985466,0.006100660904931221,0.00013870587419373415
2024-07-02,0.45245256871479994,1,0.27147154122887995,0.004992387494860444,0.009600808489135915,0.00011887426075074536
2024-07-03,0.4792130920674698,1,0.28752785524048186,-0.0034701038546404595,-0.007507507507507616,0.0
2024-07-04,0.7640793775757931,1,0.4584476265454759,-0.0010382755244130724,-0.004034291477559293,8.914951363991896e-05
2024-07-05,0.772668195763405,0,0.9272018349160859,-0.0068855543329398765,-0.023797468354430418,5.9427711141646355e-05
2024-07-08,0.7207840858189759,0,0.864940902982771,0.003110690089898224,0.007261410788381717,2.9712089849365242e-05
2024-07-09,0.9117107863665512,0,1.0,-0.020083899295253796,-0.02162718846549949,0.0
2024-07-10,0.7870123851167635,0,0.9444148621401162,0.01814977855457909,0.021052631578947434,5.9425356799813756e-05
2024-07-11,0.7736384774220096,0,0.9283661729064115,0.010796949699111257,0.010824742268041199,9.90363760622337e-06
2024-07-12,0.6504023999401807,0,0.7804828799282167,0.011075349419136604,0.011728709841917428,0.00011884247430016259
2024-07-15,0.533781659874741,0,0.6405379918496892,-0.005681966186400555,-0.006048387096774244,9.902362703728684e-05
2024-07-16,0.156213984940721,0,0.1874567819288652,-0.007985620313493718,-0.010141987829614507,0.0
2024-07-17,-0.03174549301530073,0,-0.03809459161836088,0.0017565629971938472,0.0030737704918031294,3.9605921084984175e-05
2024-07-18,-0.6474182042141212,0,-0.7769018450569455,-0.002306725509524336,-0.011746680286006117,9.90108812959356e-06
2024-07-19,-0.6579185821659815,0,-0.7895022985991779,-0.00025373621642481867,0.0015503875968991832,0.00016831683168305744
2024-07-22,-0.8566583872871923,0,-1.0,-0.006420350547158654,0.008255933952528327,0.0
2024-07-23,-0.22972232063482168,0,-0.275666784761786,-0.0016151321251708947,0.0020470829068577334,5.939829526901974e-05
2024-07-24,0.0050541515657207365,0,0.006064981878864883,0.02829784102997802,-0.02860061287027582,2.9697383660653998e-05
2024-07-25,0.025040115147355695,0,0.030048138176826833,0.004667251540134511,-0.017350157728706628,1.9797667834664523e-05
2024-07-26,0.32892329347163146,0,0.3947079521659577,0.00012868346495193594,0.005350454788657144,0.0001088850174215672
2024-07-29,-0.019187194150578405,0,-0.023024632980694085,0.0003614091874356737,0.016498137307078276,4.9487801257130926e-05
2024-07-30,-0.5532215890584485,0,-0.6638659068701382,-0.0032847044918313546,-0.007853403141361293,3.958828186845231e-05
2024-07-31,0.7671888185183523,0,0.9206265822220228,-0.0004662230621522846,0.006332453825857565,0.0
2024-08-01,0.6232090296312102,0,0.7478508355574521,-0.0294392368174626,0.0435238594651286,0.00014845899562554443
2024-08-02,0.7221764214273575,0,0.866611705712829,-0.012102107465242078,-0.013065326633165952,0.00015833275607834985
2024-08-05,0.8639907143217328,0,1.0,-0.009934697858940853,-0.01323828920570258,9.894230674079019e-05
2024-08-06,0.37993935968986076,0,0.4559272316278329,-0.007668551214799811,-0.008771929824561209,0.0
2024-08-07,0.07570944352352633,0,0.0908513322282316,-0.0002720363841860836,0.0,4.9466259064656626e-05
2024-08-08,-0.17089555899977507,0,-0.20507467079973007,-0.0008945534077339157,-0.001561686621551317,0.0
2024-08-09,-0.37974084572131045,0,-0.4556890148655725,0.0008485673706086867,0.00938477580813335,0.0001582920290068568
2024-08-12,-0.5349464616835733,0,-0.6419357540202879,0.0033120376893111827,-0.016528925619834767,3.9566744151731115e-05
2024-08-13,-0.5045833572884231,0,-0.6055000287461076,0.001132336257368692,-0.002626050420168058,1.9782589343098067e-05
2024-08-14,-0.6661711178970896,0,-0.7994053414765075,-0.0020139697945278836,0.003159557661927437,1.9782197999917983e-05
2024-08-15,-0.768497664908035,0,-0.9221971978896419,0.007896881483373953,-0.013123359580052507,2.9672710008643577e-05
2024-08-16,-0.7952430236544442,0,-0.954291628385333,-0.009999612257193678,0.012765957446808418,0.0001483591478250723
2024-08-19,-0.8047001279769694,0,-0.9656401535723633,0.007752517951946355,-0.008403361344537896,9.889142710273191e-06
2024-08-20,-0.5643578248970793,0,-0.6772293898764952,-0.002903098164887838,0.0031779661016950733,6.92233144126142e-05
2024-08-21,-0.5167339192216008,0,-0.620080703065921,0.020759303750394437,-0.021647307286166928,0.0
2024-08-22,-0.2350824743487773,0,-0.2820989692185327,0.0012834673776070682,-0.0016189962223420729,0.0001285512276643086
2024-08-23,-0.17667228782245933,0,-0.2120067453869512,0.008274550891649446,-0.013513513513513487,3.9549139806194233e-05
2024-08-26,-0.1695139163444921,0,-0.2034166996133905,-0.0003188437141823529,0.0010958904109588108,1.9773787866661507e-05
2024-08-27,-0.45320390920028814,0,-0.5438446910403457,-0.00030448677673650115,0.0016420361247948545,3.954679374373882e-05
2024-08-28,-0.5728252334575347,0,-0.6873902801490416,0.0018781953904831623,-0.00983606557377048,3.954522985649689e-05
2024-08-29,-0.09632130872311419,0,-0.11558557046773701,0.0005284972838565723,-0.001103752759381793,0.0
2024-08-30,0.30083223431550693,0,0.3609986811786083,-0.012684977170814175,0.018232044198894792,7.908967780867471e-05
2024-09-02,0.6478740933287871,0,0.7774489119945445,-0.002039794581000521,0.018448182311448624,0.00029656283672219175
2024-09-03,0.4016300349558531,0,0.4819560419470237,-0.007708996860727993,-0.02077783697389446,0.0
2024-09-04,0.1505030106918673,0,0.18060361283024076,0.002401169230446794,0.0032644178454843686,4.9415904014304957e-05
2024-09-05,-0.13538315591254693,0,-0.16245978709505632,0.0019760770524834175,0.00433839479392617,6.917884708523836e-05
2024-09-06,-0.12697467549102356,0,-0.15236961058922827,0.0015834442289849931,0.009179265658747049,0.00011858410577691991
2024-09-09,-0.4794140753609737,0,-0.5752968904331685,0.0038195833933856345,-0.023542001070090857,0.0
2024-09-10,-0.4936432676385898,0,-0.5923719211663078,0.00022876167601249277,-0.002739726027397249,1.9763041136711124e-05
2024-09-11,-0.52335454565558,0,-0.628025454786696,0.0013025493177932005,-0.00219780219780219,2.9643975850257576e-05
2024-09-12,-0.750246721189875,0,-0.90029606542785,-0.003932178668790165,0.0066079295154184425,0.0
2024-09-13,-0.7347457764867054,0,-0.8816949317840465,0.003358062018330656,-0.004923413566739754,0.0002470282501505494
2024-09-18,-0.7248066799711154,0,-0.8697680159653384,0.011869262143605916,-0.013194062671797568,0.0
2024-09-19,0.10351239934417412,0,0.12421487921300894,0.0009950164040638553,-0.0011142061281338433,9.879372857346524e-06
2024-09-20,-0.347481919444465,0,-0.416978303333358,-0.012629084540186363,0.014500836586726074,0.0002568611566655665
2024-09-23,-0.7624130478006381,0,-0.9148956573607657,-0.0008082463245250638,-0.0043980208905992635,9.87673830588065e-06
2024-09-24,0.8753498039111426,0,1.0,-0.005314404658976165,0.012147984538928958,0.0
2024-09-25,0.9432337776482663,0,1.0,-0.03951087088960426,0.04255319148936154,0.00019756013236538195
2024-09-26,0.977649275678579,0,1.0,-0.0073260073260073,-0.0073260073260073,0.0
2024-09-27,0.977649275678579,0,1.0,0.06747496046389045,0.06747496046389045,0.0006815084052702591
2024-09-30,0.977649275678579,0,1.0,0.12098765432098757,0.12098765432098757,0.0
2024-10-08,0.9557131411570015,0,1.0,0.15770925110132183,0.15770925110132183,5.92335182736381e-05
2024-10-09,0.9274880778521718,0,1.0,-0.07534246575342474,-0.07534246575342474,0.00017769002961509628
2024-10-10,0.8439878702091571,0,1.0,-0.03868312757201653,-0.03868312757201653,0.0005921948715923442
2024-10-11,0.7966802028202083,0,0.95601624338425,-0.02354452054794509,-0.02354452054794509,0.0009272228688670392
2024-10-14,0.7395333304586357,0,0.8874399965503628,-0.03114869069461657,-0.031126698816308696,0.000157678965625907
2024-10-15,0.6377344202045172,0,0.7652813042454206,0.023757971327322436,0.024886877828054432,0.0
2024-10-16,0.5437958765079366,0,0.6525550518095239,-0.025136646577597746,-0.028256070640176767,0.0
2024-10-17,0.434275489343329,0,0.5211305872119948,0.020469346639026637,0.026805997273966264,4.934080682095221e-05
2024-10-18,0.5164717790320413,0,0.6197661348384496,-0.008439206259943046,-0.012831858407079566,0.0
2024-10-21,0.43399988123802347,0,0.5207998574856282,0.027545002175515164,0.05244285073957866,0.0005528570864432591
2024-10-22,0.3164911362109472,0,0.37978936345313663,0.006575652030923897,0.010647359454855287,6.906895054670237e-05
2024-10-23,0.18584286716667586,0,0.22301144060001102,0.004986736858034904,0.00969237252423083,1.9732622958956725e-05
2024-10-24,0.021027055411331236,0,0.02523246649359748,-0.00204111059549282,-0.005425709515859745,0.00015785786872157814
2024-10-25,0.01092783113850152,0,0.013113397366201823,-9.888948705320677e-05,0.0,0.0
2024-10-28,0.0004035871186917848,0,0.0004843045424301418,0.0005598843791314619,0.02014267729752417,5.9187941443328285e-05
2024-10-29,0.01025971765880484,0,0.012311661190565808,0.00026773793366399685,0.020156314273961362,9.86407307324022e-06
2024-10-30,-0.2753287109375132,0,-0.33039445312501586,4.1524467929121954e-05,-0.024193548387096864,5.9183854644206946e-05
2024-10-31,-0.3664767053421838,0,-0.43977204641062057,6.894845741699135e-05,0.012396694214876103,8.87705281849005e-05
2024-11-01,0.03194642619496045,0,0.03833571143395254,-0.0025418497768266483,0.008163265306122547,0.00015780026431544414
2024-11-04,-0.17351464535894578,0,-0.20821757443073494,0.012266714131079794,-0.028340080971659964,2.958288137255849e-05
2024-11-05,0.010907353992764953,0,0.013088824791317944,0.0008990089953063887,0.026666666666666616,0.0
2024-11-06,-0.2503429458482228,0,-0.3004115350178674,-0.007223096848202432,0.03490259740259738,0.00012819754255177784
2024-11-07,-0.26168356691662736,0,-0.3140202802999528,-0.00025427475678107636,-0.0074509803921566364,0.0
2024-11-08,-0.5938828287397976,0,-0.7126593944877571,-0.010275520839812525,0.035163966811536884,0.00022680880018155491
2024-11-11,-0.5750923330071623,0,-0.6901107996085948,0.002835922004505344,-0.009541984732824416,2.9577048210382983e-05
2024-11-12,-0.6790740662700238,0,-0.8148888795240284,-0.020473289526912384,0.028901734104046062,7.886979582605314e-05
2024-11-13,-0.7548330209244066,0,-0.9057996251092879,0.011827160316594788,-0.017228464419475564,0.0
2024-11-14,-0.6433571359774143,0,-0.7720285631728971,0.00095776613947466,-0.0011432926829267887,3.943217665636212e-05
2024-11-15,-0.6248590949435608,0,-0.749830913932273,0.02696452640715139,-0.029759633727584944,3.943062182054646e-05
2024-11-18,-0.8151055182933707,0,-0.9781266219520448,0.014613608021091809,-0.018875344081793255,2.9571800331140707e-05
2024-11-19,-0.7650455799124832,0,-0.9180546958949798,0.021258221929228792,-0.02845691382765536,1.9713950577315842e-05
2024-11-20,-0.8480791475514277,0,-1.0,-0.022796562681719743,0.023514851485148425,0.0001182813716698039
2024-11-21,-0.9721652420481846,0,-1.0,-0.0191882297724997,0.020959290608625558,4.927807618382296e-05
2024-11-22,-0.8796135634543814,0,-1.0,-0.0015797387561937715,0.001973943939992173,0.00019710259189920087
2024-11-25,-0.9555941776681102,0,-1.0,0.030338849487785646,-0.030338849487785646,0.0
2024-11-26,-0.9329721114825661,0,-1.0,0.004161930450862661,-0.00406338886631441,4.927079227412534e-05
2024-11-27,-0.9329721114825661,0,-1.0,0.011423908608731215,-0.011423908608731215,0.0
2024-11-28,-0.977649275678579,0,-1.0,-0.02491919932323139,0.02517540239372673,0.0001281015352476711
2024-11-29,-0.9721652420481846,0,-1.0,0.006058352747202123,-0.006038647342995085,9.852702103518851e-06
2024-12-02,-0.9048660116666274,0,-1.0,-0.01798953990944341,0.018226002430133725,0.00011823126034515852
2024-12-03,-0.9488367747675519,0,-1.0,-0.02018788177857833,0.020286396181383948,4.925720140280809e-05
2024-12-04,-0.927936082538356,0,-1.0,0.004914785494301466,-0.004678362573099282,0.000118211460601092
2024-12-05,-0.9611971747873959,0,-1.0,0.014884449667058264,-0.014884449667058264,0.0
2024-12-06,-0.938694072090743,0,-1.0,-0.014294415338685695,0.014314115308151187,9.849984732746009e-06
2024-12-09,-0.9551461729819261,0,-1.0,-0.010054183108694215,0.010192081536652076,6.89492139789305e-05
2024-12-10,-0.8106321662935482,0,-0.9727585995522577,-0.026387272021730857,0.026387272021730857,0.0
2024-12-11,-0.7238035200656121,0,-0.8685642240787345,0.02503761531702403,-0.024952741020793923,4.9247498226989705e-05
2024-12-12,-0.8512354047987128,0,-1.0,-0.014190807575920809,0.014734393175649396,9.849014606100326e-05
2024-12-13,-0.5639804198569056,0,-0.6767765038282867,-0.0007669699034324651,0.0011463507833398001,0.00015756871473171508
2024-12-16,-0.5696053242943385,0,-0.6835263891532062,0.013275938823239929,-0.01335877862595436,3.9385972685712645e-05
2024-12-17,-0.08315250192998784,0,-0.0997830023159854,0.01100911665586329,-0.016247582205028754,9.846105373023661e-06
2024-12-18,-0.05206977926619876,0,-0.06248373511943851,0.011282563044990887,-0.01690916240660656,9.846008428127107e-06
2024-12-19,-0.2375062162349446,0,-0.2850074594819335,0.0002715711389804727,-0.0027999999999998026,9.845911485450998e-06
2024-12-20,-0.4029308009630823,0,-0.48351696115569875,-0.0005831161476557944,0.009225832330525208,9.845814544218179e-05
2024-12-23,0.23092136173069255,0,0.27710563407683103,-0.0031324594749137366,0.010731319554849073,1.9689690478275068e-05
2024-12-24,0.0192962855011454,0,0.02315554260137448,0.011598284279579598,-0.024773889107353564,0.0
2024-12-25,-0.004100623546791027,0,-0.004920748256149232,0.0026045088820373995,0.009677419354838568,6.891255980612243e-05
2024-12-26,-0.24743200787766054,0,-0.29691840945319264,-0.00027259732877197944,-0.011581469648562104,9.843973027390263e-06
2024-12-27,-0.5668165245014424,0,-0.6801798294017308,-4.339085600411891e-05,0.011313131313131164,0.00015750201799469288
2024-12-30,-0.8295457498935545,0,-0.9954548998722653,6.74059345062113e-05,-0.00039952057530967533,0.00010826558532306407
2024-12-31,0.3957882051837566,0,0.47494584622050795,0.001195255583616936,-0.0011990407673859727,0.00031980491899918917
2025-01-02,0.628705720666806,0,0.7544468648001671,0.0323271272337556,-0.03321328531412571,0.0
2025-01-03,0.7850714698964162,0,0.9420857638756994,-0.011499621624926125,-0.024006622516556164,7.994324029936273e-05
2025-01-06,0.8899310190537207,0,1.0,-0.023445409774287714,-0.03095843935538589,1.9984212472179408e-05
2025-01-07,0.9721652420481846,0,1.0,-0.0037349499936957724,-0.003938730853391803,7.993525244542887e-05
2025-01-08,0.8129188960798414,0,0.9755026752958096,0.011423550087873657,0.011423550087873657,0.00032970656116049213
2025-01-09,0.3922356047045233,0,0.4706827256454279,-0.007831536238373,-0.007819287576020906,0.0
2025-01-10,0.35757369648447884,0,0.4290884357813746,0.007437641816873836,0.007880910683012443,8.990110878048796e-05
2025-01-13,0.31592601585974656,0,0.37911121903169587,-0.013311143438134802,-0.028236316246741944,0.0
2025-01-14,0.8276202729417429,0,0.9931443275300914,0.004962181409647295,0.011622708985247865,0.0
2025-01-15,0.6772506086755493,0,0.8127007304106592,0.01553963341768544,0.04148859827409823,0.00018981967131237454
2025-01-16,0.6093791670235915,0,0.7312550004283098,-0.0009463807016027622,-0.0008620689655171043,0.0
2025-01-17,0.42156709595396213,0,0.5058805151447545,-0.0028305889124007333,-0.00345125107851596,7.991608810731243e-05
2025-01-20,0.07437470092676922,0,0.08924964111212307,0.01191661579470691,0.01645021645021627,0.0
2025-01-21,-0.04071021031572961,0,-0.048852252378875534,0.0024412714467170566,0.005110732538330609,0.0001298610486781815
2025-01-22,0.07097505333961372,0,0.08517006400753646,-0.00021408752482689566,-0.0025423728813559476,8.98921294445465e-05
2025-01-23,0.007302897060894736,0,0.008763476473073684,-0.00021228123748469015,0.0029736618521667424,0.0
2025-01-24,0.5203165687145813,0,0.6243798824574975,-0.001174288362492715,-0.013553578991952642,1.9975430220808832e-05
2025-01-27,0.5682084941776285,0,0.6818501930131542,0.0005426431622422076,0.02361528553027048,0.0006491885143571352
2025-02-05,0.3726206966283589,0,0.44714483595403065,-0.007848373769345184,-0.012583892617449632,9.981036031536661e-05
2025-02-06,0.8793415046146517,0,1.0,-0.002144944586385157,-0.0029736618521665203,0.0
2025-02-07,0.8641096778106241,0,1.0,0.012891359712271745,0.029399233063485353,3.99237456456536e-05
2025-02-10,0.9018446073113046,0,1.0,0.01614238410596025,0.01614238410596025,9.980537950982082e-06
2025-02-11,0.7415486022964859,0,0.889858322755783,0.010183299389002087,0.010183299389002087,8.982394506773517e-05
2025-02-12,0.5770906842175648,0,0.6925088210610778,-0.002877651483783385,-0.0028225806451612767,0.0
2025-02-13,0.5004049854457241,0,0.6004859825348688,0.013942369562288724,0.015770319450060688,6.985818787841325e-05
2025-02-14,0.15897932704373915,0,0.19077519245248697,-0.00715539736933075,-0.010350318471337494,0.00018960183614424864
2025-02-17,-0.008129134711182798,0,-0.009754961653419358,0.005133095921870461,0.008849557522123908,5.986291392723331e-05
2025-02-18,0.600863587499859,0,0.7210363049998308,-0.0003284650680248552,-0.0011961722488039728,0.0
2025-02-19,0.6107493467911282,0,0.7328992161493538,-0.00016289742734746084,-0.02075848303393213,0.0
2025-02-20,0.2538918193818747,0,0.3046701832582496,0.017076024815344818,0.023644516918059688,0.00011973299542011873
2025-02-21,0.7405861697507788,0,0.8887034037009346,0.007374646781795286,0.010354440461967096,0.0
2025-02-24,0.6234106762868915,0,0.7480928115442698,0.004962068451043764,0.016949152542373058,0.00012969909809257274
2025-02-25,0.3160876916840025,0,0.379305230020803,-0.009365138524110543,-0.010465116279069764,4.987779939136239e-05
2025-02-26,0.0037394147965716987,0,0.004487297755886038,0.006555181088015569,0.009009009009009139,0.0
2025-02-27,-0.35701318164683604,0,-0.42841581797620326,0.0045801810223991745,0.012422360248447006,8.977645662300304e-05
2025-02-28,0.8559498632787667,0,1.0,-0.00016493894972749212,-0.008435582822085896,8.976839753449539e-05
2025-03-03,0.7785486295974168,0,0.9342583555169001,0.011342057796848215,-0.0278422273781902,8.976033989260834e-05
2025-03-04,0.8259050860520677,0,0.9910861032624811,-0.008783865253426872,-0.008750994431185322,4.9862379831511205e-05
2025-03-05,0.3352335552013288,0,0.4022802662415946,0.017973487400563763,0.019261637239165186,9.971978739731213e-05
2025-03-06,0.4393490729801437,0,0.5272188875761724,0.01219172121707998,0.012598425196850505,0.0
2025-03-07,-0.10218216482759018,0,-0.12261859779310821,0.005621846657531227,0.013996889580093264,8.974691370333687e-05
2025-03-10,-0.46575991628121244,0,-0.5589118995374549,-0.0013026924980544265,-0.0019171779141102796,6.979689104724685e-05
2025-03-11,-0.7146552425361739,0,-0.8575862910434086,0.0009436560110939563,-0.008835958509412323,6.979201978118965e-05
2025-03-12,-0.791496935808401,0,-0.9497963229700811,-0.010284440447901498,0.01821705426356579,2.9908778226506172e-05
2025-03-13,-0.6618601424489231,0,-0.7942321709387077,0.0018824502579835756,-0.0019033117624666085,0.00015950871316317006
2025-03-14,-0.875291199060639,0,-1.0,0.013687382024999832,-0.014492753623188248,0.0
2025-03-17,-0.9443881834295391,0,-1.0,-0.014205918879557375,0.017801857585139302,1.9937794082380833e-05
2025-03-18,-0.9555941776681104,0,-1.0,-0.003422053231939115,0.003422053231939115,0.0
2025-03-19,-0.9030052047902662,0,-1.0,0.0018148104541669818,-0.0015157256536567631,0.00014954240025510934
2025-03-20,-0.9499911805488247,0,-1.0,0.00569187708215646,-0.005313092979126854,0.00018939205151480287
2025-03-21,-0.6877727673674784,0,-0.825327320840974,0.0055977703279280755,-0.004959938954597676,0.00031891568666519987
2025-03-24,-0.4071406757997334,0,-0.4885688109596801,0.018860414224640975,-0.018788343558282183,7.970350296915285e-05
2025-03-25,-0.6517363379497678,0,-0.7820836055397213,0.00748596278263872,-0.008987885892926761,0.00012950787009358145
2025-03-26,-0.6355103235819163,0,-0.7626123882982995,0.0031283489853262195,-0.006703470031545922,0.0
2025-03-27,-0.6211291282823227,0,-0.7453549539387873,-0.003114474018861961,0.003969829297340466,0.0
2025-03-28,-0.6530433069564853,0,-0.7836519683477823,-0.00031017572718289576,0.00039541320680092085,0.0
2025-03-31,-0.7274851216786175,0,-0.8729821460143409,0.009824605587272557,-0.013043478260869601,6.974681904692304e-05
2025-04-01,-0.8761193790614833,0,-1.0,0.0015838706046972474,-0.0016019223067679222,0.00020922586430205392
2025-04-02,-0.9611971747873959,0,-1.0,-0.001314947317374696,0.0016044925792215725,7.968841828454032e-05
2025-04-03,-0.7334121204252475,0,-0.880094544510297,0.0021020054691427426,-0.002002402883459986,4.980129284137824e-05
2025-04-07,0.977649275678579,1,0.5865895654071474,0.05411340200740765,-0.0541733547351525,0.0
2025-04-08,0.9721652420481846,1,0.5832991452289107,0.058413053300345616,-0.06703436571913457,7.96852432891626e-05
2025-04-09,0.9557131411570015,1,0.5734278846942008,-0.005849620838992609,-0.010004547521600626,4.979930878534766e-05
2025-04-10,0.8866925368190963,1,0.5320155220914577,0.031624096654947705,0.054203031694993076,2.987809736287872e-05
2025-04-11,0.8353238380284079,1,0.5011943028170447,0.0005087509338007492,0.0008714596949892517,6.971347760709179e-05
2025-04-14,0.6054087109935795,1,0.3632452265961477,0.01599852279236247,0.030039181541140714,6.970861797683803e-05
2025-04-15,0.4970255070472062,1,0.2982153042283237,0.001246719458423669,0.002535925612848544,8.96191187451656e-05
2025-04-16,0.3856446529429114,1,0.23138679176574684,-0.0029104519451061627,-0.00801011804384466,4.978393771049028e-05
2025-04-17,0.19176436920052164,1,0.11505862152031299,-0.0038355643313905856,-0.012749681257968715,0.0
2025-04-18,0.14411351830933686,1,0.08646811098560211,0.0006926539991123499,0.0030133448127422913,6.969681883783885e-05
2025-04-21,0.23205379697884598,1,0.13923227818730757,-0.00011305802052086287,-0.0008583690987126191,0.0
2025-04-22,0.2028962303093821,1,0.12173773818562925,0.0018390851755824206,0.021048109965635664,4.978145939338319e-05
2025-04-23,0.1984967386515559,1,0.11909804319093353,0.0008698745948749067,0.006310475389146086,0.0
2025-04-24,0.07922612611203265,1,0.04753567566721959,-4.1900652988685654e-05,-0.0008361204013377366,6.969057385197708e-05
2025-04-25,-0.2495010083761204,1,-0.29940121005134446,-0.0009299688956507324,-0.00794979079497915,5.9730614926811754e-05
2025-04-28,-0.19031434796120164,1,-0.22837721755344195,-9.327329200779177e-05,0.001687051876845258,0.0
2025-04-29,-0.018581729626442927,1,-0.02229807555173151,0.0037722683397233884,-0.012631578947368327,1.9909412174667906e-05
2025-04-30,-0.14794300100524457,1,-0.1775316012062935,-0.0015503443994859427,0.007675906183368886,0.000248862697472374
2025-05-06,0.5262401749225042,1,0.3157441049535025,-0.000379579698779634,0.013542107490478239,0.0
2025-05-07,0.5851121332828163,1,0.3510672799696898,-0.005548548284960687,0.030062630480166996,2.9856093628710667e-05
2025-05-08,0.3874679498722669,0,0.4649615398467203,-0.00356725192096437,-0.011349817592217204,4.975867044820781e-05
2025-05-09,0.22250469583248908,0,0.2670056349989869,0.0037629597132370855,0.010660106601066088,0.00011941486715105754
2025-05-12,0.051666192147507096,0,0.06199943057700851,-0.0025457841173441584,-0.005273833671399775,9.950050745333172e-06
2025-05-13,-0.13425272597614146,0,-0.16110327117136974,0.0038614044344490598,0.014681892332789603,5.969971045649558e-05
2025-05-14,-0.4527438543435123,0,-0.5432926252122147,-0.0007407903616528406,-0.010450160771704242,1.989871553775835e-05
2025-05-15,-0.22628444822841512,0,-0.2715413378740981,-4.091865125950306e-05,0.0,0.00012933907731516037
2025-05-16,-0.2531248369264853,0,-0.30374980431178233,0.008531713145541627,-0.015840779853777298,3.979149257893333e-05
2025-05-19,-0.40202017590927636,0,-0.4824242110911316,8.508479573816942e-05,0.0,7.957981855799545e-05
2025-05-20,-0.6403836171031584,0,-0.7684603405237901,-0.0020951138723903175,0.006603384234420195,0.0
2025-05-21,-0.7688681926733496,0,-0.9226418312080195,-0.003871648954722304,0.007790077900779124,1.989396516544062e-05
2025-05-22,-0.7480339463573143,0,-0.8976407356287772,0.0025647246343724426,-0.0032546786004882255,7.957427761495772e-05
2025-05-23,-0.5856684132698241,0,-0.702802095923789,0.008425427169460363,-0.008979591836734802,7.956794605279427e-05
2025-05-26,-0.3737150425300844,0,-0.4484580510361013,0.00988458227074766,-0.011120263591433366,0.0
2025-05-27,-0.5138265263160412,0,-0.6165918315792495,-0.00217615772484563,0.00291545189504383,0.0
2025-05-28,-0.7700434023001917,0,-0.9240520827602301,-1.2039418539600355e-05,0.0,4.972699877670017e-05
2025-05-29,-0.12318484884605092,0,-0.1478218186152611,0.00013448331023689693,-0.00041528239202659467,1.988981044998006e-05
2025-05-30,-0.08068041066237087,0,-0.09681649279484504,-0.011465089636864406,0.012463647694225255,0.0002287282708144378
2025-06-03,-0.1641186312313124,0,-0.19694235747757488,0.0013696150343203905,-0.009437833401723328,0.0
2025-06-04,-0.5481303546991497,0,-0.6577564256389796,-0.0009506958157066361,0.009527754763877239,1.9885657469576046e-05
2025-06-05,-0.5035054416483461,0,-0.6042065299780153,-0.0019845012395513025,0.009027492819039695,1.9885262038110696e-05
2025-06-06,-0.6916581498233446,0,-0.8299897797880135,-0.005178777282451026,0.008133387555917304,0.0001193091997335749
2025-06-09,-0.7616367151451341,0,-0.9139640581741608,0.00037456826212856656,-0.0008067769261800306,0.0
2025-06-10,-0.6221523004116564,0,-0.7465827604939876,-0.007657833848349143,0.00928542591844983,4.9706236144420046e-05
2025-06-11,-0.9109828817779803,0,-1.0,0.008690364309632007,-0.009600000000000164,0.0
2025-06-12,-0.977649275678579,0,-1.0,-0.0003761493465178088,0.00040387722132484427,2.982225933445548e-05
2025-06-13,-0.3913360139943573,0,-0.46960321679322875,-0.0025476664059636,0.002825999192571871,0.00013916639330413538
2025-06-16,-0.4968619315539624,0,-0.5962343178647549,0.013019825762986045,-0.013285024154589431,0.0
2025-06-17,-0.7226550719732812,0,-0.8671860863679374,-0.004455430243618859,0.009383924928600518,9.939172265660545e-06
2025-06-18,-0.8065727523852352,0,-0.9678873028622822,0.0012916360206211923,-0.0020210185933711156,0.00013914702871398177
2025-06-19,-0.44197989716257463,0,-0.5303758765950896,0.002649478901008306,-0.0028351559335763055,0.0001291899788327111
2025-06-20,0.15355785826054583,0,0.184269429912655,0.010847559609260683,-0.011372867587327251,2.9809220985832496e-05
2025-06-23,0.7003367087159428,0,0.8404040504591314,0.00596186404405829,-0.01191454396055891,0.0
2025-06-24,0.9721652420481846,0,1.0,0.003043182135114213,0.018295218295218296,0.0
2025-06-25,0.9436111375460619,0,1.0,0.016048822021791184,0.019191506737443964,0.0
2025-06-26,0.9180201845809254,0,1.0,0.012820512820512775,0.012820512820512775,7.949441551757808e-05
2025-06-27,0.8832058231593347,0,1.0,-0.0003955696202528891,-0.0003955696202528891,0.00017884821747937707
2025-06-30,0.8535746058030608,0,1.0,0.002374356944993883,0.002374356944993883,0.00048677753273307367
2025-07-01,0.7237206099612644,0,0.8684647319535173,0.011448874851954116,0.011448874851954116,0.0
2025-07-02,0.8016686447494029,0,0.9620023736992834,0.0003245524284280801,0.00039032006245132145,0.0
2025-07-03,0.6643992720682809,0,0.797279126481937,-0.0061355611268112354,-0.007023019898556471,7.946756729926285e-05
2025-07-04,0.6232716440350808,0,0.7479259728420969,0.0018159265756930011,0.0019646365422396617,0.0002185184449432498
2025-07-07,0.1389141648528601,0,0.1666969978234321,-0.002213285943633037,-0.002745098039215632,0.0
2025-07-08,0.37987861814504925,0,0.4558543417740591,0.0014740555231286102,0.0023594180102239903,0.0
2025-07-09,-0.1413910194691053,0,-0.16966922336292634,0.0024141815153447053,0.015300117693213267,9.9321633242333e-06
2025-07-10,-0.17911683117676755,0,-0.21494019741212106,-0.0022178919374331112,-0.00425038639876385,5.959238806574341e-05
2025-07-11,0.34717692300868896,0,0.4166123076104267,-0.0004912713788444761,0.0031043849437333293,4.9657364187050135e-05
2025-07-14,0.0596212303783234,0,0.07154547645398808,-0.0024052572999544563,0.010058027079303589,5.958587814691718e-05
2025-07-15,0.3597749018375344,0,0.43172988220504127,-0.0010835499237259031,-0.0022979701263883268,7.944310384222497e-05
2025-07-16,-0.08667298801964596,0,-0.10400758562357515,-0.00028956516100820924,-0.002303262955854146,5.957759485242242e-05
2025-07-17,0.3390036979086221,0,0.4068044374903465,0.0007457414088407212,0.002308580223162826,2.9787022787219897e-05
2025-07-18,0.09661697104686585,0,0.11594036525623902,-0.0016598628065346039,0.013819577735124655,2.9786135546716608e-05
2025-07-21,0.7461787702382394,0,0.8954145242858873,0.0006247391821532684,0.0018932222642940033,0.0
2025-07-22,0.697293355053567,0,0.8367520260642805,0.000661876210791217,0.009070294784580657,0.0
2025-07-23,0.502872830346036,0,0.6034473964152433,0.005007317697247089,0.00561797752808979,5.957108816523338e-05
2025-07-24,0.7776713565160418,0,0.9332056278192501,-0.004156620669099213,-0.004841713221601429,6.949546293899544e-05
2025-07-25,0.6271369338005712,0,0.7525643205606855,0.00891600458612436,0.014970059880239361,0.0001191268005520385
2025-07-28,0.5306294067738384,0,0.636755288128606,-0.0011206387510304047,-0.0011061946902655162,2.977815276183904e-05
2025-07-29,0.4471208581107315,0,0.5365450297328778,0.0007755000469740658,0.001107419712070845,0.0
2025-07-30,0.5100961335243591,0,0.612115360229231,0.00560653136313235,0.00884955752212413,5.955748786523607e-05
2025-07-31,0.6271886453240615,0,0.7526263743888738,-0.0058059519761359864,-0.010964912280701844,0.00024814142075868517
2025-08-01,0.28105688955426195,0,0.33726826746511435,-0.0033709788603976123,-0.005543237250554167,0.00023815666739435137
2025-08-04,0.7742340824811186,0,0.9290808989773423,-0.0027248241183076933,-0.0033444816053512794,0.0
2025-08-05,0.35278680034621807,0,0.4233441604154617,0.005237204709025735,0.0164056674123787,0.0
2025-08-06,0.6690867044714711,0,0.8029040453657653,0.00486016612233917,0.005502567865003805,9.923883811158163e-06
2025-08-07,0.31803268771690085,0,0.381639225260281,0.00495281132297961,0.012039401678219486,7.939028262926584e-05
2025-08-08,0.1941078474543868,0,0.23292941694526414,-0.00165000474685559,-0.0018024513338138481,3.969199015640967e-05
2025-08-11,0.5262100722752066,0,0.6314520867302479,-0.0006256575047501189,-0.0014445648248463394,0.0
2025-08-12,0.2956646009928663,0,0.35479752119143954,0.0031622986181517867,0.014104882459312629,9.923194474747987e-05
2025-08-13,0.9665622449288991,0,1.0,0.002575005857149317,0.004279600570613384,2.976662962383969e-05
2025-08-14,0.977649275678579,0,1.0,0.0048879412223995404,0.014559659090909394,6.945340172825887e-05
2025-08-15,0.9611971747873959,0,1.0,-0.016450822541127286,-0.016450822541127286,6.944857828838913e-05
2025-08-18,0.977649275678579,0,1.0,0.027046263345195554,0.027046263345195554,0.0
2025-08-19,0.9446261104073216,0,1.0,0.011781011781011763,0.011781011781011763,3.968214601046682e-05
2025-08-20,0.8747801414854366,0,1.0,-0.002397260273972468,-0.002397260273972468,0.00011904171420051846
2025-08-21,0.803776110473657,0,0.9645313325683884,0.017164435290079272,0.017164435290079272,0.0002777309382346882
2025-08-22,0.7686957607437918,0,0.9224349128925501,-0.012167582460614482,-0.012149848126898677,0.0
2025-08-25,0.8859229616687556,0,1.0,0.02238692261853603,0.023231978134608866,0.0
2025-08-26,0.7416360832810414,0,0.8899632999372497,0.004891391301727982,0.005342237061769728,2.975393495785461e-05
2025-08-27,0.8674848987146309,0,1.0,0.0029340218359532955,0.0029890401859846705,6.94237826044386e-05
2025-08-28,0.7841301232232198,0,0.9409561478678637,-0.02036460979045681,-0.02284768211920518,0.0002181738845858927
2025-08-29,0.608672771834928,0,0.7304073262019135,0.017252755268105345,0.017282277194171414,0.00024787078991450606
2025-09-01,0.47908448191279734,0,0.5749013782953568,0.003980020489223372,0.004330446369086971,0.0001784227429524332
2025-09-02,0.6771743957809396,0,0.8126092749371275,0.0031303788722258897,0.004311774461028595,0.00021803333927983282
2025-09-03,0.7454659463824918,0,0.89455913565899,-0.012839591182729421,-0.02212681638044922,0.0
2025-09-04,0.6178118794974329,0,0.7413742553969195,-0.013762847185293858,-0.016886187098953065,0.0
2025-09-05,0.791433761753149,0,0.9497205141037787,-0.0203585927676793,-0.022672621092407974,0.0
2025-09-08,0.5706933751312911,0,0.6848320501575493,0.021545186442582614,0.029173989455184124,7.932258512322043e-05
2025-09-09,0.11323823381266795,0,0.13588588057520154,0.005058780846717217,0.005464480874317168,2.9743610080901206e-05
2025-09-10,-0.2074681020784591,0,-0.24896172249415088,-0.007007942365114718,-0.009850543478260865,3.9656967233403506e-05
2025-09-11,-0.20305116305730983,0,-0.2436613956687718,-0.00039980412438273406,-0.0017152658662092923,2.9741545965578098e-05
2025-09-12,-0.38168801714497286,0,-0.4580256205739674,-0.007591062407668818,0.030927835051546504,8.922198429694994e-05
2025-09-15,-0.6739300743461684,0,-0.8087160892154021,-0.00013909056071787805,0.00033333333333285253,3.9650677531088974e-05
2025-09-16,-0.8740670634408408,0,-1.0,0.00043515209400170747,-0.0013328890369874724,0.0
2025-09-17,-0.9065020834337951,0,-1.0,-0.0063925477187049065,0.00800800800800805,9.913062442379328e-05
2025-09-18,-0.7273314138604584,0,-0.87279769663255,-0.012083012359615175,0.012578616352201255,0.00024780199629304
2025-09-19,-0.7982006282093046,0,-0.9578407538511655,0.014726365610030788,-0.014710689767898244,3.963849690813426e-05
2025-09-22,-0.8596288794664391,0,-1.0,0.0019845467781018505,-0.002322495023224791,0.0
2025-09-23,-0.8122362230391583,0,-0.97468346764699,-0.006776674525232175,0.007316262055204303,0.00012882511495160287
2025-09-24,-0.7784722697465228,0,-0.9341667236958273,0.017484865669115408,-0.017497523935291914,0.0
2025-09-25,-0.9543208083979463,0,-1.0,-0.02288757277419999,0.02352150537634401,2.9730345764145127e-05
2025-09-26,-0.8796767375096337,0,-1.0,0.0063883197084946535,-0.006565988181221338,0.00014864730948338511
2025-09-29,-0.9334201161687504,0,-1.0,0.011295405142877302,-0.011235955056179803,2.972504334874948e-05
2025-09-30,-0.9030609942239054,0,-1.0,-0.01601501700582264,0.017045454545454808,0.0005152187698160837
2025-10-09,-0.6896890618343661,0,-0.8276268742012393,-0.010187315149523313,0.010187315149523313,0.0
2025-10-10,-0.5183489489898984,0,-0.6220187387878781,-0.0015625484917616268,0.0019518542615486467,0.00023774616634320012
2025-10-13,-0.6676369625013261,0,-0.8011643550015913,0.03482949906416394,-0.04220779220779236,0.0
2025-10-14,-0.42409566729726716,0,-0.5089148007567206,-0.021630805469394512,0.03491525423728836,0.00010894432944752452
2025-10-15,-0.45872726989869067,0,-0.5504727238784288,0.019535279292684227,-0.02456600065509351,0.0
2025-10-16,-0.5930954774524697,0,-0.7117145729429636,-0.005577047821639935,0.011417058428475624,0.0001683601719255634
2025-10-17,-0.3123056604921172,0,-0.37476679259054063,0.004277853011226397,-0.007304116865869736,0.00021784119376966338
2025-10-20,-0.4790013064123068,0,-0.5748015676947682,0.015880523431846108,-0.022073578595317778,0.0001979943175631771
2025-10-21,-0.5192849221265629,0,-0.6231419065518754,-0.0015098787823866744,0.003761969904241047,0.0
2025-10-22,-0.8411377676869819,0,-1.0,-0.003440213996441855,0.006132879045996242,6.930693069318039e-05
2025-10-23,-0.9007427191057625,0,-1.0,0.0006556507454220957,-0.0013545546901456706,0.0
2025-10-24,-0.9440591422322459,0,-1.0,-0.006942843692971934,0.007121057985758128,8.910714639309703e-05
2025-10-27,-0.921556039535593,0,-1.0,-0.019528619528619506,0.019528619528619506,0.0
2025-10-28,-0.9152466413212189,0,-1.0,0.0007001031972629912,-0.0006605019815061342,1.9800607878428522e-05
2025-10-29,-0.9184681892671097,0,-1.0,-0.0015929456843242207,0.0016523463317912324,2.970032373350584e-05
2025-10-30,-0.8781239247781265,0,-1.0,-0.009323534318346649,0.00989772352358953,0.0002870946026214405
2025-10-31,-0.6891505111165714,0,-0.8269806133398857,0.00947402809539366,-0.00947402809539366,0.0
2025-11-03,-0.763654871861262,0,-0.9163858462335144,-0.001036361835679274,0.0009894459102903763,1.979688397057977e-05
2025-11-04,-0.6383773897428542,0,-0.766052867691425,-0.0011358503446545663,0.0016474464579900872,0.00014847369046222525
2025-11-05,-0.6308633287936775,0,-0.7570359945524129,0.018709111903679413,-0.020394736842105465,4.948388309911067e-05
2025-11-06,-0.7248023625695771,0,-0.8697628350834925,-0.011440370854746484,0.01511081262592362,7.917029530513098e-05
2025-11-07,-0.8959119913874481,0,-1.0,-0.0060317995908459755,0.007939133311280155,1.97910069665852e-05
2025-11-10,-0.9295552200167895,0,-1.0,-0.006344994648043319,0.00722021660649852,0.0
2025-11-11,-0.9330379797884488,0,-1.0,0.00044458977770911456,-0.0003258390355166396,5.937537109623747e-05
2025-11-12,-0.8917019046344955,0,-1.0,0.00751653116287776,-0.007496740547588088,9.895307644836038e-06
2025-11-13,-0.7662407883402307,0,-0.9194889460082768,0.006378270210425696,-0.006239737274220114,6.926646810279102e-05
2025-11-14,-0.6652252032003497,0,-0.7982702438404197,-0.008784824280004414,0.008922670191672255,8.905071933185127e-05
2025-11-17,-0.6643522242894822,0,-0.7972226691473786,0.005360550500913808,-0.005895840157222443,0.0
2025-11-18,-0.4314852043859681,0,-0.5177822452631617,0.00010622593526333163,0.0,5.936244731596929e-05
2025-11-19,-0.19366087187891448,0,-0.23239304625469737,0.005990736438261593,-0.00757825370675469,4.9465769687229155e-05
2025-11-20,-0.5500447391024773,0,-0.6600536869229727,0.000845229437655181,-0.0013280212483398612,0.00019785329178412248
2025-11-21,0.9124171874616397,0,1.0,0.004730702578701984,-0.021276595744680882,0.0
2025-11-24,0.9445071469184304,0,1.0,0.015760996537075203,-0.025135869565217406,0.0
2025-11-25,0.8658674075143504,0,1.0,0.012891986062717686,0.012891986062717686,5.9348355061272784e-05
2025-11-26,0.7282969514092782,0,0.8739563416911338,0.0096319229446169,0.0096319229446169,2.9672416521631106e-05
2025-11-27,0.631250470186055,0,0.757500564223266,-0.0007444528342656324,-0.0006814310051111994,0.0
2025-11-28,0.132346602809878,0,0.1588159233718536,0.0005476923455942213,0.0006818956699630174,7.912487884009778e-05
2025-12-01,-0.038898083444799884,0,-0.04667770013375986,0.010289632114649224,0.01396933560476965,2.966948197102859e-05
2025-12-02,-0.06755089975543256,0,-0.08106107970651907,0.0005806493767886423,0.0033602150537634934,0.00017801161031272272
2025-12-03,-0.02933335077941289,0,-0.035200020935295465,0.00044055878408075873,-0.007367716008037761,0.00010876551144511915
2025-12-04,-0.3670384474119155,0,-0.44044613689429857,0.0007428286581253448,-0.009446693657219729,0.0
2025-12-05,0.15051035788502923,0,0.18061242946203507,-0.00015817258758587705,-0.0006811989100817817,1.9776134161153536e-05
2025-12-08,0.26827491234769785,0,0.3219298948172374,-0.007966545977659828,0.017382413087934534,0.0
2025-12-09,0.3231224573497736,0,0.38774694881972827,0.0009298564085041529,0.005360134003350003,3.9551877231147614e-05
2025-12-10,-0.13559821602224673,0,-0.16271785922669607,-0.00203759610146287,-0.0063312229256911046,4.9437891177284143e-05
2025-12-11,0.3398550666173817,0,0.407826079940858,0.0026519964769326494,0.007377598926894491,0.00010875798382459223
2025-12-12,0.493585051109859,0,0.5923020613318308,0.001610575258423672,-0.011651131824234384,0.0
2025-12-15,0.5125175317994706,0,0.6150210381593647,0.0011732880867837065,0.0030313236780059594,4.943349217945148e-05
2025-12-16,0.9147986366350347,0,1.0,-0.0029423503420794896,-0.005036937541974096,0.00012852072643876333
2025-12-17,0.9321467468985865,0,1.0,-0.011401107793646005,-0.018224772190347904,0.0
2025-12-18,0.8919181740405865,0,1.0,0.008937779305603577,0.008937779305603577,8.897061004176088e-05
2025-12-19,0.4389614760316696,0,0.5267537712380035,0.00851788756388383,0.00851788756388383,3.95389755452058e-05
2025-12-22,0.41237284573797334,0,0.494847414885568,0.008547160669402863,0.00878378378378386,0.0
2025-12-23,0.12367491723734662,0,0.14840990068481594,0.002305414968904887,0.004353650368385642,5.930611841464817e-05
2025-12-24,0.288216530538856,0,0.3458598366466272,-0.0011582507847498927,-0.002000666888962832,9.883766901364055e-06
2025-12-25,0.3264104453518825,0,0.391692534422259,0.0024385608728550094,0.017039759438690183,9.883669213062163e-06
2025-12-26,0.3248503479791223,0,0.3898204175749468,0.002875775392624163,0.00821287779237867,8.895214374682325e-05
2025-12-29,0.29423721940321407,0,0.35308466328385685,0.0017063309955666801,0.0042359074617137615,7.906153952563777e-05
2025-12-30,-0.0884345803565116,0,-0.10612149642781392,-0.0017891290212238232,-0.004542504866969499,0.0
2025-12-31,-0.3008305594745259,0,-0.3609966713694311,0.0022027728744613436,0.006192959582790092,0.00037985945200280646
2026-01-05,0.8525329718129903,0,1.0,-0.00023056829342590408,0.0009718172983477213,0.0
2026-01-06,0.9255083074869193,0,1.0,-0.0085079342521092,0.021682847896439927,0.0
2026-01-07,0.8907005942040614,0,1.0,0.01203674374406094,0.01203674374406094,0.00015992323684610454
2026-01-08,0.7909026068566017,0,0.9490831282279221,0.00031298904538368255,0.00031298904538368255,3.997441637348942e-05
2026-01-09,0.820891017042384,0,0.9850692204508608,0.009361274980884727,0.009386733416770765,5.995922772505935e-05
2026-01-12,0.977649275678579,0,1.0,0.02851922438665628,0.03006819590824561,0.0
2026-01-13,0.977649275678579,0,1.0,0.025191702004846456,0.025579295817032666,0.00011991366216346222
2026-01-14,0.9335390796576416,0,1.0,-0.026115023474178378,-0.026115023474178378,3.996642820003338e-05
2026-01-15,0.8870215780163894,0,1.0,-0.00030129557095515125,-0.00030129557095515125,0.00018983294700669617
2026-01-16,0.80104261528278,0,0.961251138339336,0.01476793248945163,0.01476793248945163,0.00020977554017198585
2026-01-19,0.5408736261727854,0,0.6490483514073425,-0.014939605739528794,-0.014920231308698462,0.0
2026-01-20,0.4898859511884874,0,0.5878631414261848,0.0092334091153429,0.009768009768009511,0.0
2026-01-21,0.2958969817606956,0,0.3550763781128347,-0.009840876030131665,-0.015114873035066312,0.0
2026-01-22,0.22421594407949005,0,0.2690591328953881,0.010197323785129117,0.017495395948434522,6.992518005755066e-05
2026-01-23,0.40557624374232654,0,0.4866914924907918,0.0029947795608658207,0.008446455505279005,5.9931677887314905e-05
2026-01-26,0.7018899778884936,0,0.8422679734661923,0.005012801479121557,0.01884534848938091,6.991610067919041e-05
2026-01-27,0.5584622151006323,0,0.6701546581207588,-0.010869084886419179,-0.022019964768056455,4.9936580542864206e-05
2026-01-28,0.2980099592810523,0,0.35761195113726274,0.005982520755473092,0.007205043530471356,0.0
2026-01-29,0.1342378661060389,0,0.1610854393272467,0.00024322471692288458,0.0005961251862889316,0.0
2026-01-30,0.21473131574702628,0,0.2576775788964315,-0.003881919130279665,-0.010723860589812118,7.989693295651357e-05
2026-02-02,0.7686254681846068,0,0.9223505618215281,-0.0021521047690782652,-0.01415236374585993,0.00020971269360980926
2026-02-03,0.7167720872271652,0,0.8601265046725982,-0.004975884797781826,-0.01802076970067179,0.0
2026-02-04,0.4731498888106351,0,0.567779866572762,0.018622924997007753,0.02021772939346822,7.988416795656761e-05
2026-02-05,0.3648144194697733,0,0.43777730336372794,-0.0056307352479487436,-0.006402439024390305,0.00015975557397163165
2026-02-06,0.12640119075962875,0,0.15168142891155448,-0.012081800454553293,-0.021172138692850506,9.98312851296923e-06
2026-02-09,-0.1823661662192032,0,-0.21883939946304384,0.009737819097942687,0.022570532915360486,0.0
2026-02-10,-0.4362818866978424,0,-0.5235382640374109,0.001632539089516169,0.011649294911097563,5.9904153354661815e-05
2026-02-11,-0.7438671165017915,0,-0.8926405398021497,0.0003009073632968126,-0.0015151515151514694,9.983427510329435e-05
2026-02-12,-0.9070521173201366,0,-1.0,-0.0009705885631495897,0.0018209408194236332,0.00010980674013749692
2026-02-13,-0.8684640663215553,0,-1.0,-0.004568162716709915,0.005755831566191638,0.000329384051823034
2026-02-24,-0.8892076836698983,0,-1.0,-0.00030120481927742304,0.00030120481927742304,0.0
2026-02-25,-0.7307900961840784,0,-0.8769481154208941,-0.002107798855766063,0.002107798855766063,0.0
2026-02-26,-0.7417264566601821,0,-0.8900717479922186,-0.015065605718306918,0.015024038461538547,9.979342760590981e-06
2026-02-27,-0.818455978535568,0,-0.9821471742426815,-0.0011922072762956917,0.001480165778567244,5.987545904528879e-05
2026-03-02,-0.6959713599437524,0,-0.8351656319325028,-0.0032211701734904574,0.0038427431274019597,0.0001297223940768255
2026-03-03,0.25839414311786396,0,0.3100729717414367,0.00028248764919442683,0.0,0.0001795923254213072
2026-03-04,0.16528298892764073,0,0.19833958671316887,0.03935103355318449,-0.04740871613663156,0.0001795600778093931
2026-03-05,0.035403454326854024,0,0.04248414519222483,0.004736605822809568,0.015455950540958607,0.0
2026-03-06,-0.2382865554056992,0,-0.28594386648683906,-0.0024930216228995585,-0.012176560121765823,0.0
2026-03-09,-0.5142377152852683,0,-0.617085258342322,-7.964917870761202e-05,0.0015408320493066618,1.9951517811866992e-05
2026-03-10,-0.8468588734642718,0,-1.0,-0.0054317063748755565,0.01846153846153875,9.97555987813925e-06
2026-03-11,-0.9610782112985047,0,-1.0,-0.006790040480681686,0.010876132930513371,6.9828222572621e-05
2026-03-12,-0.9496621393515315,0,-1.0,0.004243949001494607,-0.004184100418410108,2.9924291542249293e-05
2026-03-13,-0.926662713268192,0,-1.0,0.0038009298836038097,-0.0036014405762306856,9.974465368656205e-05
2026-03-16,-0.9666812084177901,0,-1.0,0.010843373493975794,-0.010843373493975794,0.0
2026-03-17,-0.8844300511345923,0,-1.0,0.0001343303825858122,0.0003045066991478329,0.00021941854086682255
2026-03-18,-0.813678346000262,0,-0.9764140152003143,0.02100456621004576,-0.02100456621004576,0.0
2026-03-19,-0.5908072486391496,0,-0.7089686983669795,0.006757397177060916,-0.006529850746268884,0.00011966971159593776
2026-03-20,-0.4093637460568826,0,-0.4912364952682591,0.00597841515191381,-0.0062597809076681,0.0
2026-03-23,0.4693150478929926,0,0.5631780574715911,0.023337342820823257,-0.03307086614173238,0.0
2026-03-24,0.5538539106945312,0,0.6646246928334374,0.010413084588721921,-0.022149837133550454,3.9888710497981705e-05
2026-03-25,0.42227618415880985,0,0.5067314209905718,0.01121404557817674,0.01998667554963318,1.9943559725676963e-05
2026-03-26,0.4902739116828834,0,0.5883286940194601,0.0051738661434651756,0.007838014369693225,0.00012963055292436465
2026-03-27,0.3550352744845251,0,0.4260423293814301,-0.01153503048011126,-0.02268308489954618,0.0
2026-03-30,-0.10929925478518114,0,-0.13115910574221737,0.01025752418605996,0.017572944297082005,0.0
2026-03-31,-0.10426725915301262,0,-0.12512071098361513,0.004810525466629528,0.011730205278592365,0.00015952779771866155
2026-04-01,-0.3230044531392827,0,-0.38760534376713923,0.0001659458341726326,-0.0012882447665053531,0.0
2026-04-02,-0.2885297306879076,0,-0.3462356768254891,0.00048083441579177425,-0.0035472428248953802,0.00014953345561830034
2026-04-03,-0.27014087831791994,0,-0.3241690539815039,0.003543075173793093,-0.007766990291262044,0.0003986962632194224
2026-04-07,-0.26452729904814976,0,-0.3174327588577797,0.004506066190541374,-0.01304631441617754,0.0
2026-04-08,0.6151877838608827,0,0.7382253406330592,-0.01007339163542094,0.031064111037673703,0.0
2026-04-09,0.7191024819573961,0,0.8629229783488753,-0.004032934932150168,0.011538461538461497,0.00011961126339388173
2026-04-10,0.6797258182594104,0,0.8156709819112924,0.00697326500876504,0.009505703422053147,6.976489231269589e-05
2026-04-13,0.42361091400324064,0,0.5083330968038887,-0.00028627796507476434,-0.0003138731952291307,5.97943075819618e-05
2026-04-14,0.32409388426183755,0,0.388912661114205,0.013944559259906411,0.017268445839874635,6.975585450907928e-05
2026-04-15,-0.37723677355246626,0,-0.4526841282629595,0.006691584998947505,0.013271604938271286,9.964426995745512e-06
2026-04-16,-0.5538956206732457,0,-0.6646747448078948,-0.003974675894970616,-0.009137983551629425,0.0
2026-04-17,-0.553409415746413,0,-0.6640912988956956,-0.005081164820235362,0.011374116200430384,0.0001195802732409934
2026-04-20,-0.6563463668587786,0,-0.7876156402305342,-0.007862828299385572,0.011854103343464928,9.963831292703063e-06
2026-04-21,-0.7219973355379149,0,-0.8663968026454979,-0.001607914270675937,0.002403124061279849,2.9891196046349933e-05
2026-04-22,-0.6347093796323102,0,-0.7616512555587722,0.0023564816453742893,-0.0029967036260114543,1.992686839269453e-05
2026-04-23,-0.12970718467896078,0,-0.15564862161475293,-0.01928580527399759,0.022242260294559557,1.992647132076364e-05
2026-04-24,-0.010534275370046586,0,-0.012641130444055904,0.016014407006654883,-0.02117024404586887,0.00010959340845473342
2026-04-27,-0.2515613539441306,0,-0.3018736247329567,0.0002090284651952172,-0.00180234304595972,0.0
2026-04-28,-0.18691952124768116,0,-0.22430342549721738,-5.514888181654465e-05,0.0009027986758953777,9.962044610056786e-05
2026-04-29,0.02074191074162172,0,0.024890292889946066,0.003941793365133283,-0.012627781118460746,0.000129493679712267
2026-04-30,-0.08773701615613104,0,-0.10528441938735725,-0.0036397141216300776,0.015834348355663774,2.9879287677614386e-05
2026-05-06,0.3298951582060703,0,0.39587418984728434,0.0002855852355362486,0.014088729016786594,0.0
2026-05-07,0.48970094839896583,0,0.587641138078759,-0.002218442896043953,0.019213715637008688,4.979831681706237e-05
2026-05-08,0.29927555723578064,0,0.35913066868293675,0.00273182040859174,0.006960556844547439,0.00011951000896326391
2026-05-11,0.12101871390794196,0,0.14522245668953035,0.008876604498961924,0.015264976958525578,4.9789886678253126e-05
2026-05-12,-0.02634913264677638,0,-0.03161895917613165,0.0029750028950163883,0.00851063829787213,3.982992621476278e-05
2026-05-13,-0.12189193518319096,0,-0.14627032221982914,-0.0019266796533699338,-0.012658227848101333,0.0
2026-05-14,0.3226222854907858,0,0.38714674258894294,-0.0008965192235139544,0.028490028490028463,5.974250978302287e-05
2026-05-15,0.34111549256495083,0,0.40933859107794096,0.003342242355463364,-0.023268698060941895,0.00017921682248567272
2026-05-18,0.0864359823002313,0,0.10372317876027756,-0.005830374811712954,-0.015031196823595994,0.0
2026-05-19,-0.04842142785535963,0,-0.05810571342643156,0.0030824177225466554,0.00777425856608116,8.959681433529099e-05
2026-05-20,-0.3595973498206009,0,-0.43151681978472106,0.0005656329238949213,0.004857142857142893,0.0001592689554943405
2026-05-21,0.4945901018411271,0,0.5935081222093526,-0.0007513320005935796,0.010804663065112408,5.971634735013609e-05
2026-05-22,0.510137906358136,0,0.6121654876297632,0.012718242340967705,-0.030661040787623106,0.0
2026-05-25,0.5392869861884995,0,0.6471443834261993,0.011185688132033796,0.018862449216482835,0.0
2026-05-26,0.4020897093914009,0,0.48250765126968104,0.000687656516447865,0.0011392765593847276,1.990584535138673e-05
2026-05-27,0.27665001919683085,0,0.331980023036197,-0.004500942890183181,-0.006827880512091045,0.0
2026-05-28,-0.04658020805992321,0,-0.05589624967190785,-0.007538859680219,-0.015468347178459019,0.0
2026-05-29,0.7434163713701563,0,0.8920996456441875,0.00395592859193563,0.012219959266802638,0.00013934369121448853
2026-06-01,0.7201398125869187,0,0.8641677751043024,0.0013094121453519586,-0.03190572003449288,0.0
2026-06-02,0.634265677815465,0,0.7611188133785579,-0.002657348767228641,-0.002969121140142472,4.975966083820005e-05
2026-06-03,0.08142351338379138,0,0.09770821606054965,0.0030541996229191903,0.003573555687909513,0.00012936868083746056
2026-06-04,-0.4569953863385517,0,-0.548394463606262,-0.004822584957972605,-0.0059347181008900796,0.00010945164724729395
2026-06-05,-0.7715646850649226,0,-0.925877622077907,0.00024236128080560714,0.004776119402984724,0.00010943966889520595
2026-06-08,0.1714921660836176,0,0.2057905993003411,0.012193308104090255,-0.02257872846108122,0.0
2026-06-09,0.8971289559073269,0,1.0,0.0014041182767108354,-0.0021276595744682547,0.0
2026-06-10,0.8655439834942835,0,1.0,0.000692222704019122,0.005178190679256955,2.984658853488753e-05
2026-06-11,0.7455429803099092,0,0.894651576371891,-0.00636363636363646,-0.00636363636363646,5.969139548556157e-05
2026-06-12,0.5156903375632725,0,0.6188284050759271,0.013061079981537868,0.013113754193351923,0.0
2026-06-15,0.9610782112985047,0,1.0,0.005789029422459752,0.0066225165562912025,1.989713182859454e-05
2026-06-16,0.8884381085195577,0,1.0,0.0192517061376345,0.03139952153110048,2.984510391090822e-05
2026-06-17,0.6282827352156691,0,0.7539392822588029,0.007538416932444392,0.007538416932444392,1.9896142138042805e-05
2026-06-18,0.25499586187562645,0,0.30599503425075175,0.007358984029618457,0.0074820143884890555,8.953085830243346e-05
2026-06-22,0.519544471274144,0,0.6234533655289728,0.011424491900369722,0.015424164524421746,7.957586066265065e-05
2026-06-23,0.6190282609709359,0,0.742833913165123,0.000533527880317225,0.001969057665260454,0.00012930048437964636
2026-06-24,0.7286002960855016,0,0.8743203553026019,-0.009686286316517015,-0.015440763615946151,0.0
2026-06-25,0.2814272542716782,0,0.3377127051260138,0.008833029054581002,0.011976047904191489,9.945894335006145e-06
2026-06-26,0.6652887709555467,0,0.798346525146656,-6.972761943455216e-07,0.0002817695125385544,0.00016907852205472196
2026-06-29,0.12211810688707865,0,0.14654172826449438,-0.007460222709891186,-0.021408450704225368,0.0
2026-06-30,0.21525213079471084,0,0.258302556953653,-0.001926523748927633,-0.002014968336211731,3.977922529951883e-05
2026-07-01,0.2511012513147756,0,0.30132150157773074,0.003757025882299714,0.02538217479088556,0.00010938851818331763
2026-07-02,0.6010862924579664,0,0.7213035509495597,0.0006851360384123546,0.0022503516174403604,0.00016903649199573323
2026-07-03,0.13397363659136785,0,0.16076836390964142,-0.007281542684711798,-0.02413696323323067,0.00028830763418730143
2026-07-06,0.2511086800851967,0,0.30133041610223604,0.004283631779759044,0.006327293643946241,0.0
2026-07-07,0.21000287689888,0,0.252003452278656,-0.003988484547774239,-0.025150042869391265,0.00014909795735817966
2026-07-08,0.32374916594355735,0,0.3884989991322688,-0.003788598991396964,-0.01260627381999424,4.9691910156912655e-05
2026-07-09,0.44806329663945893,0,0.5376759559673507,-0.00515620346076308,-0.020190023752969077,0.0
2026-07-10,0.6205158289510116,0,0.744618994741214,0.006974624525657491,0.01787878787878805,0.00016896424915269215
2026-07-13,0.8710339034649865,0,1.0,-0.009547616027298216,-0.017564751414111512,0.0
2026-07-14,0.7056957687733313,0,0.8468349225279975,-0.0314919451296078,-0.042121212121212115,0.0
2026-07-15,0.6912127926241807,0,0.8294553511490168,0.014159418726686348,0.014236001265422349,9.939271053749366e-06
2026-07-16,0.6285001828882328,0,0.7542002194658793,-0.019025294220787168,-0.022457891453524725,9.93917226588259e-06
2026-07-17,0.8658674075143505,0,1.0,-0.014020720636797983,-0.016911295469049015,0.0002584159104688233
2026-07-20,0.888776613272448,1,0.5332659679634687,-0.03365922902588074,-0.04446608244076611,0.0
2026-07-21,0.9543208083979463,0,1.0,-0.040994236581235674,-0.040760869565217406,0.0
2026-07-22,0.8840526912367971,0,1.0,0.01588242039199846,0.030099150141643216,0.00013912628691814533
2026-07-23,0.7277433040100446,1,0.43664598240602676,-0.005843932622894621,-0.005843932622894621,9.936209534933127e-06
2026-07-24,0.2720862339599139,1,0.16325174037594833,-0.0023563658054772552,-0.0020746887966802685,0.00010929721888253141
2026-07-27,0.09079261773884667,1,0.054475570643308,-0.008609384236308876,-0.019404019404019812,0.0
2026-07-28,-0.1525624058457055,1,-0.1830748870148466,0.0036224446856159913,0.021554770318021,0.00018880111293273494
2026-07-29,-0.44519858193790424,1,-0.5342382983254851,-0.0008820064510478713,-0.014527845036319764,2.9805074810651533e-05
2026-07-30,-0.5169764866102401,1,-0.6203717839322881,-0.0008824345512724862,0.0038610038610038533,0.0
2026-07-31,-0.7012972859261857,1,-0.8415567431114228,-0.0030357457787591464,0.005944055944056004,0.00011918832748980535
2026-08-03,-0.8345196405894352,1,-1.0,0.005711457630306562,-0.009384775808133128,0.0
