,多空收益,多空仓位,纯多收益,纯多仓位,持有收益,仅量价收益
2015-01-05,0.0,0.0,0.0,0.0,,0.0
2015-01-06,0.00011975569837519018,0.0,0.00011975569837519018,0.0,,0.00011975569837519018
2015-01-07,4.989223277740429e-05,0.0,4.989223277740429e-05,0.0,,4.989223277740429e-05
2015-01-08,0.00022949282086570655,0.0,0.00022949282086570655,0.0,,0.00022949282086570655
2015-01-09,0.0,0.0,0.0,0.0,,0.0
2015-01-12,0.0,0.0,0.0,0.0,,0.0
2015-01-13,0.00019951716845234557,0.0,0.00019951716845234557,0.0,,0.00019951716845234557
2015-01-14,0.0002692944485447324,0.0,0.0002692944485447324,0.0,,0.0002692944485447324
2015-01-15,0.00022933721544760033,0.0,0.00022933721544760033,0.0,,0.00022933721544760033
2015-01-16,0.00039875588164894893,0.0,0.00039875588164894893,0.0,,0.00039875588164894893
2015-01-19,0.000468351403061229,0.0,0.000468351403061229,0.0,,0.000468351403061229
2015-01-20,0.0011952310281979628,0.0,0.0011952310281979628,0.0,,0.0011952310281979628
2015-01-21,0.0,0.0,0.0,0.0,,0.0
2015-01-22,0.0,0.0,0.0,0.0,,0.0
2015-01-23,2.9871849764440128e-05,0.0,2.9871849764440128e-05,0.0,,2.9871849764440128e-05
2015-01-26,6.969890074848273e-05,0.0,6.969890074848273e-05,0.0,,6.969890074848273e-05
2015-01-27,0.00012943179442270747,0.0,0.00012943179442270747,0.0,,0.00012943179442270747
2015-01-28,0.00011946004061647031,0.0,0.00011946004061647031,0.0,,0.00011946004061647031
2015-01-29,0.00014930721452444118,0.0,0.00014930721452444118,0.0,,0.00014930721452444118
2015-01-30,0.0,0.0,0.0,0.0,,0.0
2015-02-02,0.00021901879579466765,0.0,0.00021901879579466765,0.0,,0.00021901879579466765
2015-02-03,0.0003782223549317898,0.0,0.0003782223549317898,0.0,,0.0003782223549317898
2015-02-04,0.0003979782703864565,0.0,0.0003979782703864565,0.0,,0.0003979782703864565
2015-02-05,0.0001591279786767874,0.0,0.0001591279786767874,0.0,,0.0001591279786767874
2015-02-06,5.9663497872008975e-05,0.0,5.9663497872008975e-05,0.0,,5.9663497872008975e-05
2015-02-09,0.0,0.0,0.0,0.0,,0.0
2015-02-10,0.0,0.0,0.0,0.0,,0.0
2015-02-11,0.0001392425206874215,0.0,0.0001392425206874215,0.0,,0.0001392425206874215
2015-02-12,0.0008055052805344687,0.0,0.0008055052805344687,0.0,,0.0008055052805344687
2015-02-13,0.0014308568248890818,0.0,0.0014308568248890818,0.0,,0.0014308568248890818
2015-02-16,0.001031920065884151,0.0,0.001031920065884151,0.0,,0.001031920065884151
2015-02-17,0.0,0.0,0.0,0.0,,0.0
2015-02-25,0.0,0.0,0.0,0.0,,0.0
2015-02-26,8.928837167787584e-05,0.0,8.928837167787584e-05,0.0,,8.928837167787584e-05
2015-02-27,5.952026665068111e-05,0.0,5.952026665068111e-05,0.0,,5.952026665068111e-05
2015-03-02,0.0002479863508313418,0.0,0.0002479863508313418,0.0,,0.0002479863508313418
2015-03-03,7.93359580311126e-05,0.0,7.93359580311126e-05,0.0,,7.93359580311126e-05
2015-03-04,0.00011899449650454308,0.0,0.00011899449650454308,0.0,,0.00011899449650454308
2015-03-05,0.00010906531029086786,0.0,0.00010906531029086786,0.0,,0.00010906531029086786
2015-03-06,7.931157552443224e-05,0.0,7.931157552443224e-05,0.0,,7.931157552443224e-05
2015-03-09,2.973948213669253e-05,0.0,2.973948213669253e-05,0.0,,2.973948213669253e-05
2015-03-10,0.0002676473795339973,0.0,0.0002676473795339973,0.0,,0.0002676473795339973
2015-03-11,0.0,0.0,0.0,0.0,,0.0
2015-03-12,0.00034687465931959593,0.0,0.00034687465931959593,0.0,,0.00034687465931959593
2015-03-13,0.0007331378299118008,0.0,0.0007331378299118008,0.0,,0.0007331378299118008
2015-03-16,0.000732600732600952,0.0,0.000732600732600952,0.0,,0.000732600732600952
2015-03-17,0.00027699734873931625,0.0,0.00027699734873931625,0.0,,0.00027699734873931625
2015-03-18,0.0,0.0,0.0,0.0,,0.0
2015-03-19,0.0,0.0,0.0,0.0,,0.0
2015-03-20,0.00014839143682454647,0.0,0.00014839143682454647,0.0,,0.00014839143682454647
2015-03-23,0.00011869553605881045,0.0,0.00011869553605881045,0.0,,0.00011869553605881045
2015-03-24,8.901108682524139e-05,0.0,8.901108682524139e-05,0.0,,8.901108682524139e-05
2015-03-25,0.00018789556962017784,0.0,0.00018789556962017784,0.0,,0.00018789556962017784
2015-03-26,9.887382710949133e-05,0.0,9.887382710949133e-05,0.0,,9.887382710949133e-05
2015-03-27,0.0002669329405133869,0.0,0.0002669329405133869,0.0,,0.0002669329405133869
2015-03-30,0.0,0.0,0.0,0.0,,0.0
2015-03-31,1.976772918244052e-05,0.0,1.976772918244052e-05,0.0,,1.976772918244052e-05
2015-04-01,0.00025697539954716575,0.0,0.00025697539954716575,0.0,,0.00025697539954716575
2015-04-02,0.0002470282501505494,0.0,0.0002470282501505494,0.0,,0.0002470282501505494
2015-04-03,0.0003556328288616406,0.0,0.0003556328288616406,0.0,,0.0003556328288616406
2015-04-07,8.887659977863116e-05,0.0,8.887659977863116e-05,0.0,,8.887659977863116e-05
2015-04-08,0.00020736030333856625,0.0,0.00020736030333856625,0.0,,0.00020736030333856625
2015-04-09,0.00010859478350178087,0.0,0.00010859478350178087,0.0,,0.00010859478350178087
2015-04-10,0.0,0.0,0.0,0.0,,0.0
2015-04-13,0.0,0.0,0.0,0.0,,0.0
2015-04-14,0.00026662979933633757,0.0,0.00026662979933633757,0.0,,0.00026662979933633757
2015-04-15,0.0003060489085902063,0.0,0.0003060489085902063,0.0,,0.0003060489085902063
2015-04-16,0.00045399814452928844,0.0,0.00045399814452928844,0.0,,0.00045399814452928844
2015-04-17,0.0008483939704837518,0.0,0.0008483939704837518,0.0,,0.0008483939704837518
2015-04-20,0.0011532320066238722,0.0,0.0011532320066238722,0.0,,0.0011532320066238722
2015-04-21,0.00045288517391783856,0.0,0.00045288517391783856,0.0,,0.00045288517391783856
2015-04-22,0.0,0.0,0.0,0.0,,0.0
2015-04-23,0.0,0.0,0.0,0.0,,0.0
2015-04-24,7.882006364701155e-05,0.0,7.882006364701155e-05,0.0,,7.882006364701155e-05
2015-04-27,2.9555194325459055e-05,0.0,2.9555194325459055e-05,0.0,,2.9555194325459055e-05
2015-04-28,7.881152224453736e-05,0.0,7.881152224453736e-05,0.0,,7.881152224453736e-05
2015-04-29,8.865597541274362e-05,0.0,8.865597541274362e-05,0.0,,8.865597541274362e-05
2015-04-30,8.864811622744107e-05,0.0,8.864811622744107e-05,0.0,,8.864811622744107e-05
2015-05-04,0.0,0.0,0.0,0.0,,0.0
2015-05-05,1.970346288349134e-05,0.0,1.970346288349134e-05,0.0,,1.970346288349134e-05
2015-05-06,0.000581240702611785,0.0,0.000581240702611785,0.0,,0.000581240702611785
2015-05-07,0.0,0.0,0.0,0.0,,0.0
2015-05-08,0.0009158952137087173,0.0,0.0009158952137087173,0.0,,0.0009158952137087173
2015-05-11,0.0003050190390916363,0.0,0.0003050190390916363,0.0,,0.0003050190390916363
2015-05-12,5.901794145435346e-05,0.0,5.901794145435346e-05,0.0,,5.901794145435346e-05
2015-05-13,0.0,0.0,0.0,0.0,,0.0
2015-05-14,9.83854940428408e-05,0.0,9.83854940428408e-05,0.0,,9.83854940428408e-05
2015-05-15,0.0001180509783476058,0.0,0.0001180509783476058,0.0,,0.0001180509783476058
2015-05-18,0.0,0.0,0.0,0.0,,0.0
2015-05-19,0.00014756081965106027,0.0,0.00014756081965106027,0.0,,0.00014756081965106027
2015-05-20,0.0,0.0,0.0,0.0,,0.0
2015-05-21,0.0005213661761234167,0.0,0.0005213661761234167,0.0,,0.0005213661761234167
2015-05-22,0.0006292461827368534,0.0,0.0006292461827368534,0.0,,0.0006292461827368534
2015-05-25,0.0,0.0,0.0,0.0,,0.0
2015-05-26,0.0,0.0,0.0,0.0,,0.0
2015-05-27,9.826368076115699e-06,0.0,9.826368076115699e-06,0.0,,9.826368076115699e-06
2015-05-28,3.930508607830063e-05,0.0,3.930508607830063e-05,0.0,,3.930508607830063e-05
2015-05-29,0.0,0.0,0.0,0.0,,0.0
2015-06-01,9.826271519575158e-06,0.0,9.826271519575158e-06,0.0,,9.826271519575158e-06
2015-06-02,0.0,0.0,0.0,0.0,,0.0
2015-06-03,0.0005306551625867684,0.0,0.0005306551625867684,0.0,,0.0005306551625867684
2015-06-04,0.0010116387565681784,0.0,0.0010116387565681784,0.0,,0.0010116387565681784
2015-06-05,0.00032378971329882766,0.0,0.00032378971329882766,0.0,,0.00032378971329882766
2015-06-08,0.0,0.0,0.0,0.0,,0.0
2015-06-09,0.0,0.0,0.0,0.0,,0.0
2015-06-10,0.0,0.0,0.0,0.0,,0.0
2015-06-11,9.812676014853139e-06,0.0,9.812676014853139e-06,0.0,,9.812676014853139e-06
2015-06-12,0.0,0.0,0.0,0.0,,0.0
2015-06-15,0.00015702130582839757,0.0,0.00015702130582839757,0.0,,0.00015702130582839757
2015-06-16,0.00018643352663549884,0.0,0.00018643352663549884,0.0,,0.00018643352663549884
2015-06-17,0.00030412431817294916,0.0,0.00030412431817294916,0.0,,0.00030412431817294916
2015-06-18,2.942243755077456e-05,0.0,2.942243755077456e-05,0.0,,2.942243755077456e-05
2015-06-19,0.00037267324402256996,0.0,0.00037267324402256996,0.0,,0.00037267324402256996
2015-06-23,0.00015685659385900053,0.0,0.00015685659385900053,0.0,,0.00015685659385900053
2015-06-24,0.0004900999803958417,0.0,0.0004900999803958417,0.0,,0.0004900999803958417
2015-06-25,0.0,0.0,0.0,0.0,,0.0
2015-06-26,3.918917594969429e-05,0.0,3.918917594969429e-05,0.0,,3.918917594969429e-05
2015-06-29,0.0,0.0,0.0,0.0,,0.0
2015-06-30,0.0,0.0,0.0,0.0,,0.0
2015-07-01,0.0002155636990730514,0.0,0.0002155636990730514,0.0,,0.0002155636990730514
2015-07-02,5.8777429467138376e-05,0.0,5.8777429467138376e-05,0.0,,5.8777429467138376e-05
2015-07-03,0.00017632192465177887,0.0,0.00017632192465177887,0.0,,0.00017632192465177887
2015-07-06,0.0006757815560605174,0.0,0.0006757815560605174,0.0,,0.0006757815560605174
2015-07-07,0.0008025603633055045,0.0,0.0008025603633055045,0.0,,0.0008025603633055045
2015-07-08,0.0,0.0,0.0,0.0,,0.0
2015-07-09,0.00011743636417005376,0.0,0.00011743636417005376,0.0,,0.00011743636417005376
2015-07-10,0.00015656343265346706,0.0,0.00015656343265346706,0.0,,0.00015656343265346706
2015-07-13,8.805314496473926e-05,0.0,8.805314496473926e-05,0.0,,8.805314496473926e-05
2015-07-14,9.7828213657003e-05,0.0,9.7828213657003e-05,0.0,,9.7828213657003e-05
2015-07-15,0.000136946101926938,0.0,0.000136946101926938,0.0,,0.000136946101926938
2015-07-16,0.000156488400297361,0.0,0.000156488400297361,0.0,,0.000156488400297361
2015-07-17,0.00035204380989628525,0.0,0.00035204380989628525,0.0,,0.00035204380989628525
2015-07-20,0.0,0.0,0.0,0.0,,0.0
2015-07-21,3.910221318514928e-05,0.0,3.910221318514928e-05,0.0,,3.910221318514928e-05
2015-07-22,0.0,0.0,0.0,0.0,,0.0
2015-07-23,6.842619745861533e-05,0.0,6.842619745861533e-05,0.0,,6.842619745861533e-05
2015-07-24,0.00014661753350186935,0.0,0.00014661753350186935,0.0,,0.00014661753350186935
2015-07-27,0.0001759152479428039,0.0,0.0001759152479428039,0.0,,0.0001759152479428039
2015-07-28,7.817080320515757e-05,0.0,7.817080320515757e-05,0.0,,7.817080320515757e-05
2015-07-29,2.931175987797019e-05,0.0,2.931175987797019e-05,0.0,,2.931175987797019e-05
2015-07-30,0.00029310900723977795,0.0,0.00029310900723977795,0.0,,0.00029310900723977795
2015-07-31,0.0001074418104922703,0.0,0.0001074418104922703,0.0,,0.0001074418104922703
2015-08-03,0.00029299163997165145,0.0,0.00029299163997165145,0.0,,0.00029299163997165145
2015-08-04,0.0,0.0,0.0,0.0,,0.0
2015-08-05,0.0,0.0,0.0,0.0,,0.0
2015-08-06,0.0,0.0,0.0,0.0,,0.0
2015-08-07,0.00014647865317751751,0.0,0.00014647865317751751,0.0,,0.00014647865317751751
2015-08-10,3.90552534197397e-05,0.0,3.90552534197397e-05,0.0,,3.90552534197397e-05
2015-08-11,0.0,0.0,0.0,0.0,,0.0
2015-08-12,9.763432041620668e-05,0.0,9.763432041620668e-05,0.0,,9.763432041620668e-05
2015-08-13,6.833735222055992e-05,0.0,6.833735222055992e-05,0.0,,6.833735222055992e-05
2015-08-14,0.00018547442405325576,0.0,0.00018547442405325576,0.0,,0.00018547442405325576
2015-08-17,0.00010736001717748245,0.0,0.00010736001717748245,0.0,,0.00010736001717748245
2015-08-18,4.879476920072179e-05,0.0,4.879476920072179e-05,0.0,,4.879476920072179e-05
2015-08-19,6.830934374235653e-05,0.0,6.830934374235653e-05,0.0,,6.830934374235653e-05
2015-08-20,4.878905563887592e-05,0.0,4.878905563887592e-05,0.0,,4.878905563887592e-05
2015-08-21,0.0001561173612263378,0.0,0.0001561173612263378,0.0,,0.0001561173612263378
2015-08-24,4.8779060125125895e-05,0.0,4.8779060125125895e-05,0.0,,4.8779060125125895e-05
2015-08-25,0.0,0.0,0.0,0.0,,0.0
2015-08-26,7.80434506912897e-05,0.0,7.80434506912897e-05,0.0,,7.80434506912897e-05
2015-08-27,9.754670048289782e-05,0.0,9.754670048289782e-05,0.0,,9.754670048289782e-05
2015-08-28,0.00022433552792011646,0.0,0.00022433552792011646,0.0,,0.00022433552792011646
2015-08-31,3.9006123961460304e-05,0.0,3.9006123961460304e-05,0.0,,3.9006123961460304e-05
2015-09-01,0.00038029487479507296,0.0,0.00038029487479507296,0.0,,0.00038029487479507296
2015-09-02,0.00039964519304813706,0.0,0.00039964519304813706,0.0,,0.00039964519304813706
2015-09-07,0.0,0.0,0.0,0.0,,0.0
2015-09-08,0.0,0.0,0.0,0.0,,0.0
2015-09-09,0.0,0.0,0.0,0.0,,0.0
2015-09-10,0.00011694196754863384,0.0,0.00011694196754863384,0.0,,0.00011694196754863384
2015-09-11,0.0002046245140168157,0.0,0.0002046245140168157,0.0,,0.0002046245140168157
2015-09-14,5.845218611177927e-05,0.0,5.845218611177927e-05,0.0,,5.845218611177927e-05
2015-09-15,8.767315448010571e-05,0.0,8.767315448010571e-05,0.0,,8.767315448010571e-05
2015-09-16,0.000116887291429002,0.0,0.000116887291429002,0.0,,0.000116887291429002
2015-09-17,0.0,0.0,0.0,0.0,,0.0
2015-09-18,0.0001753138605087301,0.0,0.0001753138605087301,0.0,,0.0001753138605087301
2015-09-21,2.92138551576393e-05,0.0,2.92138551576393e-05,0.0,,2.92138551576393e-05
2015-09-22,9.737667244436032e-05,0.0,9.737667244436032e-05,0.0,,9.737667244436032e-05
2015-09-23,4.8683595575749194e-05,0.0,4.8683595575749194e-05,0.0,,4.8683595575749194e-05
2015-09-24,2.9208735359054216e-05,0.0,2.9208735359054216e-05,0.0,,2.9208735359054216e-05
2015-09-25,0.00014603941116897445,0.0,0.00014603941116897445,0.0,,0.00014603941116897445
2015-09-28,0.00017522170412842542,0.0,0.00017522170412842542,0.0,,0.00017522170412842542
2015-09-29,6.812983600168465e-05,0.0,6.812983600168465e-05,0.0,,6.812983600168465e-05
2015-09-30,0.00042821550918703544,0.0,0.00042821550918703544,0.0,,0.00042821550918703544
2015-10-08,0.0,0.0,0.0,0.0,,0.0
2015-10-09,0.0002529601198639764,0.0,0.0002529601198639764,0.0,,0.0002529601198639764
2015-10-12,0.0,0.0,0.0,0.0,,0.0
2015-10-13,0.00024317173760768362,0.0,0.00024317173760768362,0.0,,0.00024317173760768362
2015-10-14,0.0002236636099306466,0.0,0.0002236636099306466,0.0,,0.0002236636099306466
2015-10-15,5.833398148902269e-05,0.0,5.833398148902269e-05,0.0,,5.833398148902269e-05
2015-10-16,0.00014582644708438508,0.0,0.00014582644708438508,0.0,,0.00014582644708438508
2015-10-19,0.00010692380221044573,0.0,0.00010692380221044573,0.0,,0.00010692380221044573
2015-10-20,5.831583858184608e-05,0.0,5.831583858184608e-05,0.0,,5.831583858184608e-05
2015-10-21,7.774991739051273e-05,0.0,7.774991739051273e-05,0.0,,7.774991739051273e-05
2015-10-22,0.0,0.0,0.0,0.0,,0.0
2015-10-23,0.00016521536308511386,0.0,0.00016521536308511386,0.0,,0.00016521536308511386
2015-10-26,0.0001457541807157181,0.0,0.0001457541807157181,0.0,,0.0001457541807157181
2015-10-27,9.715529302045667e-05,0.0,9.715529302045667e-05,0.0,,9.715529302045667e-05
2015-10-28,7.771668382883234e-05,0.0,7.771668382883234e-05,0.0,,7.771668382883234e-05
2015-10-29,7.771064441564057e-05,0.0,7.771064441564057e-05,0.0,,7.771064441564057e-05
2015-10-30,0.00033024457524710726,0.0,0.00033024457524710726,0.0,,0.00033024457524710726
2015-11-02,7.767895288779414e-05,0.0,7.767895288779414e-05,0.0,,7.767895288779414e-05
2015-11-03,4.8545574585334705e-05,0.0,4.8545574585334705e-05,0.0,,4.8545574585334705e-05
2015-11-04,3.883457442155347e-05,0.0,3.883457442155347e-05,0.0,,3.883457442155347e-05
2015-11-05,0.00010679093247900617,0.0,0.00010679093247900617,0.0,,0.00010679093247900617
2015-11-06,9.707229944866391e-05,0.0,9.707229944866391e-05,0.0,,9.707229944866391e-05
2015-11-09,3.88251509328974e-05,0.0,3.88251509328974e-05,0.0,,3.88251509328974e-05
2015-11-10,0.0002717655051927004,0.0,0.0002717655051927004,0.0,,0.0002717655051927004
2015-11-11,0.00014554910826891643,0.0,0.00014554910826891643,0.0,,0.00014554910826891643
2015-11-12,8.731675608553147e-05,0.0,8.731675608553147e-05,0.0,,8.731675608553147e-05
2015-11-13,0.0001552162356182052,0.0,0.0001552162356182052,0.0,,0.0001552162356182052
2015-11-16,6.789656443384473e-05,0.0,6.789656443384473e-05,0.0,,6.789656443384473e-05
2015-11-17,8.728965617565976e-05,0.0,8.728965617565976e-05,0.0,,8.728965617565976e-05
2015-11-18,9.698004150737738e-05,0.0,9.698004150737738e-05,0.0,,9.698004150737738e-05
2015-11-19,6.787944610398e-05,0.0,6.787944610398e-05,0.0,,6.787944610398e-05
2015-11-20,0.00012605327205217343,0.0,0.00012605327205217343,0.0,,0.00012605327205217343
2015-11-23,0.00018420848522437971,0.0,0.00018420848522437971,0.0,,0.00018420848522437971
2015-11-24,1.9386795653497657e-05,0.0,1.9386795653497657e-05,0.0,,1.9386795653497657e-05
2015-11-25,5.8159259438861355e-05,0.0,5.8159259438861355e-05,0.0,,5.8159259438861355e-05
2015-11-26,3.877058475709738e-05,0.0,3.877058475709738e-05,0.0,,3.877058475709738e-05
2015-11-27,3.876908165745263e-05,0.0,3.876908165745263e-05,0.0,,3.876908165745263e-05
2015-11-30,0.0,0.0,0.0,0.0,,0.0
2015-12-01,0.0003392360404368411,0.0,0.0003392360404368411,0.0,,0.0003392360404368411
2015-12-02,8.720254243832493e-05,0.0,8.720254243832493e-05,0.0,,8.720254243832493e-05
2015-12-03,0.00013563657149506803,0.0,0.00013563657149506803,0.0,,0.00013563657149506803
2015-12-04,0.00018405323982162436,0.0,0.00018405323982162436,0.0,,0.00018405323982162436
2015-12-07,0.00016464891041167995,0.0,0.00016464891041167995,0.0,,0.00016464891041167995
2015-12-08,9.68363562414698e-05,0.0,9.68363562414698e-05,0.0,,9.68363562414698e-05
2015-12-09,0.0,0.0,0.0,0.0,,0.0
2015-12-10,9.683541852290034e-05,0.0,9.683541852290034e-05,0.0,,9.683541852290034e-05
2015-12-11,0.00016460427196474114,0.0,0.00016460427196474114,0.0,,0.00016460427196474114
2015-12-14,0.00010649111767269126,0.0,0.00010649111767269126,0.0,,0.00010649111767269126
2015-12-15,7.743983892516404e-05,0.0,7.743983892516404e-05,0.0,,7.743983892516404e-05
2015-12-16,0.0001548676849216779,0.0,0.0001548676849216779,0.0,,0.0001548676849216779
2015-12-17,6.774412077814596e-05,0.0,6.774412077814596e-05,0.0,,6.774412077814596e-05
2015-12-18,0.0001741873675451533,0.0,0.0001741873675451533,0.0,,0.0001741873675451533
2015-12-21,9.675390643781867e-06,0.0,9.675390643781867e-06,0.0,,9.675390643781867e-06
2015-12-22,0.0,0.0,0.0,0.0,,0.0
2015-12-23,8.708188600015099e-05,0.0,8.708188600015099e-05,0.0,,8.708188600015099e-05
2015-12-24,5.8049535603732494e-05,0.0,5.8049535603732494e-05,0.0,,5.8049535603732494e-05
2015-12-25,0.000241859025211566,0.0,0.000241859025211566,0.0,,0.000241859025211566
2015-12-28,0.00014508032614046762,0.0,0.00014508032614046762,0.0,,0.00014508032614046762
2015-12-29,0.00014505928089292297,0.0,0.00014505928089292297,0.0,,0.00014505928089292297
2015-12-30,1.933843223311804e-05,0.0,1.933843223311804e-05,0.0,,1.933843223311804e-05
2015-12-31,0.00033967391304345895,0.0,0.00033967391304345895,0.0,,0.00033967391304345895
2016-01-04,0.0,0.0,0.0,0.0,,0.0
2016-01-05,0.000479520479520712,0.0,0.000479520479520712,0.0,,0.000479520479520712
2016-01-06,8.98669968447674e-05,0.0,8.98669968447674e-05,0.0,,8.98669968447674e-05
2016-01-07,7.98745968830783e-05,0.0,7.98745968830783e-05,0.0,,7.98745968830783e-05
2016-01-08,0.00025957170668378104,0.0,0.00025957170668378104,0.0,,0.00025957170668378104
2016-01-11,0.0001397331097603427,0.0,0.0001397331097603427,0.0,,0.0001397331097603427
2016-01-12,6.985679357329744e-05,0.0,6.985679357329744e-05,0.0,,6.985679357329744e-05
2016-01-13,0.0,0.0,0.0,0.0,,0.0
2016-01-14,9.978844848657076e-06,0.0,9.978844848657076e-06,0.0,,9.978844848657076e-06
2016-01-15,0.00015965992436095533,0.0,0.00015965992436095533,0.0,,0.00015965992436095533
2016-01-18,0.00010974867553303902,0.0,0.00010974867553303902,0.0,,0.00010974867553303902
2016-01-19,0.0,0.0,0.0,0.0,,0.0
2016-01-20,5.985753905712876e-05,0.0,5.985753905712876e-05,0.0,,5.985753905712876e-05
2016-01-21,0.0,0.0,0.0,0.0,,0.0
2016-01-22,0.0003391927213234336,0.0,0.0003391927213234336,0.0,,0.0003391927213234336
2016-01-25,0.00012964735918297166,0.0,0.00012964735918297166,0.0,,0.00012964735918297166
2016-01-26,0.00019943161988345004,0.0,0.00019943161988345004,0.0,,0.00019943161988345004
2016-01-27,9.969592742131717e-05,0.0,9.969592742131717e-05,0.0,,9.969592742131717e-05
2016-01-28,9.968598913423499e-05,0.0,9.968598913423499e-05,0.0,,9.968598913423499e-05
2016-01-29,0.0002890605532022139,0.0,0.0002890605532022139,0.0,,0.0002890605532022139
2016-02-01,0.00017936504773108375,0.0,0.00017936504773108375,0.0,,0.00017936504773108375
2016-02-02,1.9925875742066168e-05,0.0,1.9925875742066168e-05,0.0,,1.9925875742066168e-05
2016-02-03,4.981369677414804e-05,0.0,4.981369677414804e-05,0.0,,4.981369677414804e-05
2016-02-04,0.0002590183205652963,0.0,0.0002590183205652963,0.0,,0.0002590183205652963
2016-02-05,0.00041830586126145874,0.0,0.00041830586126145874,0.0,,0.00041830586126145874
2016-02-15,2.9866496759511918e-05,0.0,2.9866496759511918e-05,0.0,,2.9866496759511918e-05
2016-02-16,0.0,0.0,0.0,0.0,,0.0
2016-02-17,9.955498919689276e-06,0.0,9.955498919689276e-06,0.0,,9.955498919689276e-06
2016-02-18,0.00014933099713299036,0.0,0.00014933099713299036,0.0,,0.00014933099713299036
2016-02-19,0.00019907826762111114,0.0,0.00019907826762111114,0.0,,0.00019907826762111114
2016-02-22,0.00011942318601154689,0.0,0.00011942318601154689,0.0,,0.00011942318601154689
2016-02-23,0.0001194089258171882,0.0,0.0001194089258171882,0.0,,0.0001194089258171882
2016-02-24,0.0,0.0,0.0,0.0,,0.0
2016-02-25,0.0,0.0,0.0,0.0,,0.0
2016-02-26,0.0002587373616749211,0.0,0.0002587373616749211,0.0,,0.0002587373616749211
2016-02-29,0.0001989772568997683,0.0,0.0001989772568997683,0.0,,0.0001989772568997683
2016-03-01,0.00016909702190304188,0.0,0.00016909702190304188,0.0,,0.00016909702190304188
2016-03-02,3.9780807749023595e-05,0.0,3.9780807749023595e-05,0.0,,3.9780807749023595e-05
2016-03-03,0.0001491720948731956,0.0,0.0001491720948731956,0.0,,0.0001491720948731956
2016-03-04,0.00022869643034750808,0.0,0.00022869643034750808,0.0,,0.00022869643034750808
2016-03-07,3.976419830387101e-05,0.0,3.976419830387101e-05,0.0,,3.976419830387101e-05
2016-03-08,0.00019881308587743618,0.0,0.00019881308587743618,0.0,,0.00019881308587743618
2016-03-09,0.00010932546190001169,0.0,0.00010932546190001169,0.0,,0.00010932546190001169
2016-03-10,0.0001788766546089171,0.0,0.0001788766546089171,0.0,,0.0001788766546089171
2016-03-11,0.0,0.0,0.0,0.0,,0.0
2016-03-14,0.0,0.0,0.0,0.0,,0.0
2016-03-15,8.94303288054843e-05,0.0,8.94303288054843e-05,0.0,,8.94303288054843e-05
2016-03-16,3.974325854994021e-05,0.0,3.974325854994021e-05,0.0,,3.974325854994021e-05
2016-03-17,0.0,0.0,0.0,0.0,,0.0
2016-03-18,1.9873011456894574e-05,0.0,1.9873011456894574e-05,0.0,,1.9873011456894574e-05
2016-03-21,7.949046611233079e-05,0.0,7.949046611233079e-05,0.0,,7.949046611233079e-05
2016-03-22,0.00021858140667085912,0.0,0.00021858140667085912,0.0,,0.00021858140667085912
2016-03-23,0.00023840033376032466,0.0,0.00023840033376032466,0.0,,0.00023840033376032466
2016-03-24,0.00013903371567591805,0.0,0.00013903371567591805,0.0,,0.00013903371567591805
2016-03-25,0.00016880318541567796,0.0,0.00016880318541567796,0.0,,0.00016880318541567796
2016-03-28,1.9855846553840095e-05,0.0,1.9855846553840095e-05,0.0,,1.9855846553840095e-05
2016-03-29,0.0,0.0,0.0,0.0,,0.0
2016-03-30,0.0,0.0,0.0,0.0,,0.0
2016-03-31,0.0002184294919529428,0.0,0.0002184294919529428,0.0,,0.0002184294919529428
2016-04-01,0.0003474255764781553,0.0,0.0003474255764781553,0.0,,0.0003474255764781553
2016-04-05,0.00012899896800844246,0.0,0.00012899896800844246,0.0,,0.00012899896800844246
2016-04-06,7.937374118194285e-05,0.0,7.937374118194285e-05,0.0,,7.937374118194285e-05
2016-04-07,7.936744149139585e-05,0.0,7.936744149139585e-05,0.0,,7.936744149139585e-05
2016-04-08,0.00028768414265178954,0.0,0.00028768414265178954,0.0,,0.00028768414265178954
2016-04-11,0.0,0.0,0.0,0.0,,0.0
2016-04-12,5.9505509218293895e-05,0.0,5.9505509218293895e-05,0.0,,5.9505509218293895e-05
2016-04-13,7.93359580311126e-05,0.0,7.93359580311126e-05,0.0,,7.93359580311126e-05
2016-04-14,0.0,0.0,0.0,0.0,,0.0
2016-04-15,0.00025785209207307425,0.0,0.00025785209207307425,0.0,,0.00025785209207307425
2016-04-18,0.0001784669687385776,0.0,0.0001784669687385776,0.0,,0.0001784669687385776
2016-04-19,0.00013878287419344382,0.0,0.00013878287419344382,0.0,,0.00013878287419344382
2016-04-20,2.9735060609992203e-05,0.0,2.9735060609992203e-05,0.0,,2.9735060609992203e-05
2016-04-21,0.00010902531369549884,0.0,0.00010902531369549884,0.0,,0.00010902531369549884
2016-04-22,0.00018829592190683364,0.0,0.00018829592190683364,0.0,,0.00018829592190683364
2016-04-25,5.945067575607865e-05,0.0,5.945067575607865e-05,0.0,,5.945067575607865e-05
2016-04-26,9.907856930446712e-06,0.0,9.907856930446712e-06,0.0,,9.907856930446712e-06
2016-04-27,0.0001882474165517678,0.0,0.0001882474165517678,0.0,,0.0001882474165517678
2016-04-28,0.0002179296681525944,0.0,0.0002179296681525944,0.0,,0.0002179296681525944
2016-04-29,0.00015845977102579845,0.0,0.00015845977102579845,0.0,,0.00015845977102579845
2016-05-03,0.0,0.0,0.0,0.0,,0.0
2016-05-04,4.951524574403621e-05,0.0,4.951524574403621e-05,0.0,,4.951524574403621e-05
2016-05-05,0.00010892814703344911,0.0,0.00010892814703344911,0.0,,0.00010892814703344911
2016-05-06,0.00019802960542580905,0.0,0.00019802960542580905,0.0,,0.00019802960542580905
2016-05-09,0.0001286937583526715,0.0,0.0001286937583526715,0.0,,0.0001286937583526715
2016-05-10,0.00022765965870852334,0.0,0.00022765965870852334,0.0,,0.00022765965870852334
2016-05-11,0.0,0.0,0.0,0.0,,0.0
2016-05-12,1.9793749133967253e-05,0.0,1.9793749133967253e-05,0.0,,1.9793749133967253e-05
2016-05-13,0.00015834685879401178,0.0,0.00015834685879401178,0.0,,0.00015834685879401178
2016-05-16,8.905600633291044e-05,0.0,8.905600633291044e-05,0.0,,8.905600633291044e-05
2016-05-17,6.925961471870856e-05,0.0,6.925961471870856e-05,0.0,,6.925961471870856e-05
2016-05-18,5.93612727057824e-05,0.0,5.93612727057824e-05,0.0,,5.93612727057824e-05
2016-05-19,6.925070734653538e-05,0.0,6.925070734653538e-05,0.0,,6.925070734653538e-05
2016-05-20,0.0,0.0,0.0,0.0,,0.0
2016-05-23,0.00022752453308005904,0.0,0.00022752453308005904,0.0,,0.00022752453308005904
2016-05-24,0.0001186814491005439,0.0,0.0001186814491005439,0.0,,0.0001186814491005439
2016-05-25,4.944473561896423e-05,0.0,4.944473561896423e-05,0.0,,4.944473561896423e-05
2016-05-26,2.9665374574827652e-05,0.0,2.9665374574827652e-05,0.0,,2.9665374574827652e-05
2016-05-27,9.88816485549826e-05,0.0,9.88816485549826e-05,0.0,,9.88816485549826e-05
2016-05-30,0.00014830780791164067,0.0,0.00014830780791164067,0.0,,0.00014830780791164067
2016-05-31,0.0,0.0,0.0,0.0,,0.0
2016-06-01,1.9771442128835304e-05,0.0,1.9771442128835304e-05,0.0,,1.9771442128835304e-05
2016-06-02,8.896973052063828e-05,0.0,8.896973052063828e-05,0.0,,8.896973052063828e-05
2016-06-03,0.00014826969268622037,0.0,0.00014826969268622037,0.0,,0.00014826969268622037
2016-06-06,0.00011859816963522007,0.0,0.00011859816963522007,0.0,,0.00011859816963522007
2016-06-07,0.0001284661145914967,0.0,0.0001284661145914967,0.0,,0.0001284661145914967
2016-06-08,0.000414991057930747,0.0,0.000414991057930747,0.0,,0.000414991057930747
2016-06-13,0.0,0.0,0.0,0.0,,0.0
2016-06-14,3.9506563027869035e-05,0.0,3.9506563027869035e-05,0.0,,3.9506563027869035e-05
2016-06-15,9.876250580242996e-06,0.0,9.876250580242996e-06,0.0,,9.876250580242996e-06
2016-06-16,4.938076520444312e-05,0.0,4.938076520444312e-05,0.0,,4.938076520444312e-05
2016-06-17,0.00024689163432389805,0.0,0.00024689163432389805,0.0,,0.00024689163432389805
2016-06-20,7.898582204513005e-05,0.0,7.898582204513005e-05,0.0,,7.898582204513005e-05
2016-06-21,3.948979188872492e-05,0.0,3.948979188872492e-05,0.0,,3.948979188872492e-05
2016-06-22,2.9616174379798466e-05,0.0,2.9616174379798466e-05,0.0,,2.9616174379798466e-05
2016-06-23,5.923059457679791e-05,0.0,5.923059457679791e-05,0.0,,5.923059457679791e-05
2016-06-24,0.0001480677163021582,0.0,0.0001480677163021582,0.0,,0.0001480677163021582
2016-06-27,0.0,0.0,0.0,0.0,,0.0
2016-06-28,0.00016782001796689094,0.0,0.00016782001796689094,0.0,,0.00016782001796689094
2016-06-29,0.0,0.0,0.0,0.0,,0.0
2016-06-30,0.0004441593051376369,0.0,0.0004441593051376369,0.0,,0.0004441593051376369
2016-07-01,0.000315706393054338,0.0,0.000315706393054338,0.0,,0.000315706393054338
2016-07-04,1.9725422124139413e-05,0.0,1.9725422124139413e-05,0.0,,1.9725422124139413e-05
2016-07-05,9.862516519687503e-06,0.0,9.862516519687503e-06,0.0,,9.862516519687503e-06
2016-07-06,0.00015779870802323792,0.0,0.00015779870802323792,0.0,,0.00015779870802323792
2016-07-07,0.00011833035863961783,0.0,0.00011833035863961783,0.0,,0.00011833035863961783
2016-07-08,0.00022677301992657384,0.0,0.00022677301992657384,0.0,,0.00022677301992657384
2016-07-11,6.900222778605247e-05,0.0,6.900222778605247e-05,0.0,,6.900222778605247e-05
2016-07-12,4.9283904862473804e-05,0.0,4.9283904862473804e-05,0.0,,4.9283904862473804e-05
2016-07-13,1.971259043132001e-05,0.0,1.971259043132001e-05,0.0,,1.971259043132001e-05
2016-07-14,0.0001576976148234266,0.0,0.0001576976148234266,0.0,,0.0001576976148234266
2016-07-15,0.00014781820331921658,0.0,0.00014781820331921658,0.0,,0.00014781820331921658
2016-07-18,0.00014779635632722332,0.0,0.00014779635632722332,0.0,,0.00014779635632722332
2016-07-19,9.85163438615988e-05,0.0,9.85163438615988e-05,0.0,,9.85163438615988e-05
2016-07-20,4.925331967386981e-05,0.0,4.925331967386981e-05,0.0,,4.925331967386981e-05
2016-07-21,2.955053634234872e-05,0.0,2.955053634234872e-05,0.0,,2.955053634234872e-05
2016-07-22,0.00015759820338034913,0.0,0.00015759820338034913,0.0,,0.00015759820338034913
2016-07-25,0.00014772503446947027,0.0,0.00014772503446947027,0.0,,0.00014772503446947027
2016-07-26,0.0,0.0,0.0,0.0,,0.0
2016-07-27,0.00020679875526852243,0.0,0.00020679875526852243,0.0,,0.00020679875526852243
2016-07-28,0.00013783733225669614,0.0,0.00013783733225669614,0.0,,0.00013783733225669614
2016-07-29,0.00019688333677891912,0.0,0.00019688333677891912,0.0,,0.00019688333677891912
2016-08-01,5.905337440803571e-05,0.0,5.905337440803571e-05,0.0,,5.905337440803571e-05
2016-08-02,6.889153519873403e-05,0.0,6.889153519873403e-05,0.0,,6.889153519873403e-05
2016-08-03,5.904581955618049e-05,0.0,5.904581955618049e-05,0.0,,5.904581955618049e-05
2016-08-04,4.920194446067505e-05,0.0,4.920194446067505e-05,0.0,,4.920194446067505e-05
2016-08-05,0.00023615771399332353,0.0,0.00023615771399332353,0.0,,0.00023615771399332353
2016-08-08,3.935032611579459e-05,0.0,3.935032611579459e-05,0.0,,3.935032611579459e-05
2016-08-09,5.9023166592897525e-05,0.0,5.9023166592897525e-05,0.0,,5.9023166592897525e-05
2016-08-10,6.885629690822626e-05,0.0,6.885629690822626e-05,0.0,,6.885629690822626e-05
2016-08-11,8.852342920095957e-05,0.0,8.852342920095957e-05,0.0,,8.852342920095957e-05
2016-08-12,8.851559349709603e-05,0.0,8.851559349709603e-05,0.0,,8.851559349709603e-05
2016-08-15,9.83419546440878e-06,0.0,9.83419546440878e-06,0.0,,9.83419546440878e-06
2016-08-16,5.900459252417001e-05,0.0,5.900459252417001e-05,0.0,,5.900459252417001e-05
2016-08-17,0.00012783574090646788,0.0,0.00012783574090646788,0.0,,0.00012783574090646788
2016-08-18,0.0,0.0,0.0,0.0,,0.0
2016-08-19,0.0003048061039880867,0.0,0.0003048061039880867,0.0,,0.0003048061039880867
2016-08-22,9.829458888299669e-05,0.0,9.829458888299669e-05,0.0,,9.829458888299669e-05
2016-08-23,3.931397120227054e-05,0.0,3.931397120227054e-05,0.0,,3.931397120227054e-05
2016-08-24,0.0,0.0,0.0,0.0,,0.0
2016-08-25,0.0001081091706061077,0.0,0.0001081091706061077,0.0,,0.0001081091706061077
2016-08-26,0.00023584905660412048,0.0,0.00023584905660412048,0.0,,0.00023584905660412048
2016-08-29,0.00012772144934336538,0.0,0.00012772144934336538,0.0,,0.00012772144934336538
2016-08-30,8.841124984049209e-05,0.0,8.841124984049209e-05,0.0,,8.841124984049209e-05
2016-08-31,5.893562265479879e-05,0.0,5.893562265479879e-05,0.0,,5.893562265479879e-05
2016-09-01,9.822024908645588e-05,0.0,9.822024908645588e-05,0.0,,9.822024908645588e-05
2016-09-02,0.00013749484394343092,0.0,0.00013749484394343092,0.0,,0.00013749484394343092
2016-09-05,5.891826073289863e-05,0.0,5.891826073289863e-05,0.0,,5.891826073289863e-05
2016-09-06,0.00010801044755615052,0.0,0.00010801044755615052,0.0,,0.00010801044755615052
2016-09-07,8.836264027545226e-05,0.0,8.836264027545226e-05,0.0,,8.836264027545226e-05
2016-09-08,4.90860183386399e-05,0.0,4.90860183386399e-05,0.0,,4.90860183386399e-05
2016-09-09,0.00011780066164712721,0.0,0.00011780066164712721,0.0,,0.00011780066164712721
2016-09-12,0.00014723348285716753,0.0,0.00014723348285716753,0.0,,0.00014723348285716753
2016-09-13,0.00024535301391637176,0.0,0.00024535301391637176,0.0,,0.00024535301391637176
2016-09-14,0.0003041631099207631,0.0,0.0003041631099207631,0.0,,0.0003041631099207631
2016-09-19,0.0,0.0,0.0,0.0,,0.0
2016-09-20,0.0,0.0,0.0,0.0,,0.0
2016-09-21,4.904894103341384e-05,0.0,4.904894103341384e-05,0.0,,4.904894103341384e-05
2016-09-22,0.0,0.0,0.0,0.0,,0.0
2016-09-23,0.00018639511841000989,0.0,0.00018639511841000989,0.0,,0.00018639511841000989
2016-09-26,8.827597030025558e-05,0.0,8.827597030025558e-05,0.0,,8.827597030025558e-05
2016-09-27,2.9422726113503828e-05,0.0,2.9422726113503828e-05,0.0,,2.9422726113503828e-05
2016-09-28,0.0002059530230962281,0.0,0.0002059530230962281,0.0,,0.0002059530230962281
2016-09-29,9.805267389628725e-05,0.0,9.805267389628725e-05,0.0,,9.805267389628725e-05
2016-09-30,0.0006568885054316631,0.0,0.0006568885054316631,0.0,,0.0006568885054316631
2016-10-10,7.838295954476493e-05,0.0,7.838295954476493e-05,0.0,,7.838295954476493e-05
2016-10-11,2.9391306051618216e-05,0.0,2.9391306051618216e-05,0.0,,2.9391306051618216e-05
2016-10-12,0.00022532672374953044,0.0,0.00022532672374953044,0.0,,0.00022532672374953044
2016-10-13,9.794607089341767e-05,0.0,9.794607089341767e-05,0.0,,9.794607089341767e-05
2016-10-14,0.00025463484384014023,0.0,0.00025463484384014023,0.0,,0.00025463484384014023
2016-10-17,0.0,0.0,0.0,0.0,,0.0
2016-10-18,0.0,0.0,0.0,0.0,,0.0
2016-10-19,0.00013709361535463316,0.0,0.00013709361535463316,0.0,,0.00013709361535463316
2016-10-20,0.0,0.0,0.0,0.0,,0.0
2016-10-21,0.00021541594861340663,0.0,0.00021541594861340663,0.0,,0.00021541594861340663
2016-10-24,0.0,0.0,0.0,0.0,,0.0
2016-10-25,5.8737726262636514e-05,0.0,5.8737726262636514e-05,0.0,,5.8737726262636514e-05
2016-10-26,7.831236845956546e-05,0.0,7.831236845956546e-05,0.0,,7.831236845956546e-05
2016-10-27,9.788279514033604e-06,0.0,9.788279514033604e-06,0.0,,9.788279514033604e-06
2016-10-28,0.0002642809600252871,0.0,0.0002642809600252871,0.0,,0.0002642809600252871
2016-10-31,0.0001957119511499794,0.0,0.0001957119511499794,0.0,,0.0001957119511499794
2016-11-01,0.00011740419328654106,0.0,0.00011740419328654106,0.0,,0.00011740419328654106
2016-11-02,0.00025434589084660786,0.0,0.00025434589084660786,0.0,,0.00025434589084660786
2016-11-03,2.934014024580378e-05,0.0,2.934014024580378e-05,0.0,,2.934014024580378e-05
2016-11-04,0.00020537495599115552,0.0,0.00020537495599115552,0.0,,0.00020537495599115552
2016-11-07,5.866651022290448e-05,-0.39633697601347395,5.866651022290448e-05,0.0,-0.0029940119760478723,5.866651022290448e-05
2016-11-08,-0.00013950541934198206,0.5619352095006791,5.86630686647549e-05,0.5619352095006791,-0.0010010010010009784,-0.00013950541934198206
2016-11-09,-0.0028482720892172315,0.7548933452725749,-0.0002711910001648854,0.7548933452725749,0.006012024048096087,-0.0028482720892172315
2016-11-10,-0.0006433272585853356,0.7548933452725749,-0.0006433272585853356,0.7548933452725749,-0.0009960159362550902,-0.0006433272585853356
2016-11-11,0.006021083511645607,-0.27830227900221255,0.006021083511645607,0.0,0.007976071784645988,0.006021083511645607
2016-11-14,-0.0004902394236303241,-0.6134082379326439,-0.00035108828412921787,0.0,0.0,-0.0004902394236303241
2016-11-15,-0.0010312331823782797,0.27830227900221266,0.0001857282502444324,0.27830227900221266,0.003956478733926794,-0.0010312331823782797
2016-11-16,-0.0015914677900477478,-0.39633697601347395,-0.00010005771599227718,0.0,0.0019704433497536034,-0.0015914677900477478
2016-11-17,0.00026640588629628,-0.33795704239702445,0.000464574374303017,0.0,0.001966568338249708,0.00026640588629628
2016-11-18,-0.0001042950992008597,-0.9111270911804993,0.00022476082516531548,0.0,0.0009813542688912325,-0.0001042950992008597
2016-11-21,0.0014354264385525446,-0.39633697601347395,4.885006936716785e-05,0.0,-0.004901960784313819,0.0014354264385525446
2016-11-22,-0.0036986770837893253,0.3379570423970245,7.815629304697147e-05,0.3379570423970245,0.003940886699507429,-0.0036986770837893253
2016-11-23,-0.003383239381829385,0.3379570423970245,-0.00010059710922011018,0.3379570423970245,0.007850834151128527,-0.003383239381829385
2016-11-24,-0.0022776370496889182,0.27830227900221266,-0.0022776370496889182,0.27830227900221266,-0.006815968841285214,-0.0022776370496889182
2016-11-25,-0.002245673976511912,-0.6627920691587282,-0.002245673976511912,0.0,-0.006862745098039302,-0.002245673976511912
2016-11-28,-0.001210160603235794,-0.8755348612810272,-0.0008787645686564299,0.0,-0.0029615004935833467,-0.001210160603235794
2016-11-29,-0.0033875202532825796,0.5084988673712059,0.0,0.5084988673712059,0.004950495049504955,-0.0033875202532825796
2016-11-30,0.006208750515228749,-0.7974687911932674,-0.00025424943368560296,0.0,-0.007881773399014746,0.006182032344164013
2016-12-01,-0.0026296428054141284,-0.21758407049081485,-0.002230908409817495,0.0,-0.003972194637537285,-0.002873316989914868
2016-12-02,-0.0003829650710540288,0.15602576453798608,0.0003905830428370116,0.15602576453798608,0.0009970089730808596,-0.00041374422403044314
2016-12-05,0.0033016441152513634,0.5084988673712059,0.000117202391374308,0.5084988673712059,-0.014940239043824688,0.002369931187641606
2016-12-06,-0.0012640920602768118,0.5619352095006791,-0.0012640920602768118,0.5619352095006791,-0.00707785642062686,-0.0016702152359389017
2016-12-07,0.002567176328082446,0.9776492756785788,0.002567176328082446,0.9776492756785788,0.005091649694501044,0.002567176328082446
2016-12-08,0.003837347483401209,0.7099815003377987,0.003837347483401209,0.7099815003377987,0.007092198581560183,0.003837347483401209
2016-12-09,-0.006033610792941813,-0.7099815003377987,-0.006033610792941813,0.0,-0.006036217303822977,-0.006011154870474425
2016-12-12,-0.00284881825178369,0.9776492756785788,-0.002493827501614791,0.9776492756785788,-0.0030364372469635637,-0.0029362521419167608
2016-12-13,0.03962071058957652,0.613408237932644,-0.0004302886235564388,0.613408237932644,-0.05685279187817249,0.03126922273390195
2016-12-14,-0.007548692025600728,0.9111270911804993,-0.007548692025600728,0.9111270911804993,-0.00753498385360607,-0.007524000109987686
2016-12-15,0.0005164423498756743,-0.031327727361609055,0.0005164423498756743,0.0,0.0010845986984815426,0.0005946959045625601
2016-12-16,0.008449449590012066,0.613408237932644,0.008465113453692871,0.613408237932644,0.009750812567713929,0.008449449590012066
2016-12-19,-0.00027922171830379455,-0.9447450738962128,-4.129304903504965e-06,0.0,0.008583690987124415,-0.0003039136339168368
2016-12-20,-0.005196123183719168,-0.9447450738962128,-0.004723750646771061,0.0,-0.00744680851063817,-0.005591032602319012
2016-12-21,-0.0048163520674747735,-0.21758407049081485,0.00012679834186779537,0.0,0.005359056806002016,-0.004657263084221221
2016-12-22,-0.010987494323233479,-0.9776492756785788,0.0002340595681600277,0.0,0.011727078891258014,-0.010987494323233479
2016-12-23,-0.0010478359858159718,-0.754893345272575,0.00020475419746079915,0.0,0.004214963119072657,-0.0010478359858159718
2016-12-26,0.02143178550725246,-0.8376784719947828,0.0,0.0,-0.022035676810073346,0.021361042953582498
2016-12-27,-0.009761049369445622,-0.8755348612810272,0.0,0.0,0.012875536480686511,-0.008010095262086457
2016-12-28,0.0039247777191799785,-0.8376784719947828,0.00021452113033126885,0.0,-0.004237288135593209,0.0039247777191799785
2016-12-29,0.0068312119265501944,-0.561935209500679,0.0006726719700513861,0.0,-0.006382978723404098,0.0068312119265501944
2016-12-30,0.0012232299912851479,-0.9776492756785788,0.001228709854652399,0.0,0.0010706638115631772,0.0011688847595389368
2017-01-03,-0.002010857705283624,0.3379570423970245,0.0,0.3379570423970245,0.0032085561497325887,-0.0017164634819739379
2017-01-04,-0.0037451096031766956,0.613408237932644,-0.00014900348998763964,0.613408237932644,0.0031982942430703876,-0.0037451096031766956
2017-01-05,0.00381288807531114,-0.8755348612810272,0.00381288807531114,0.0,0.011689691817215797,0.003788196159698098
2017-01-06,0.0006523096148755074,-0.7974687911932674,0.0010900770455160211,0.0,0.0021008403361344463,0.0007175553097281183
2017-01-09,0.007359157348748013,-0.754893345272575,2.9953571963448056e-05,0.0,-0.008385744234800874,0.007359157348748013
2017-01-10,-0.0114821711189889,-0.9447450738962128,0.00018970027356801644,0.0,0.014799154334038,-0.0114821711189889
2017-01-11,0.0070522709545082505,-0.561935209500679,3.992932509455649e-05,0.0,-0.009375000000000022,0.0070522709545082505
2017-01-12,0.010736245764814195,-0.5084988673712059,0.0,0.0,-0.011566771819137789,0.010761982279030177
2017-01-13,-0.002184055508176338,-0.33795704239702445,0.00014973496910464235,0.0,0.004255319148936065,-0.0024211188736106086
2017-01-16,0.001545777331766943,0.09386031921040802,9.980836793266334e-06,0.09386031921040802,-0.0031779661016949623,0.0014855908458138384
2017-01-17,0.011276785640880407,0.27830227900221266,-4.693015960520401e-05,0.27830227900221266,-0.03400637619553659,0.007368466602290387
2017-01-18,0.0005815876076569453,-0.5084988673712059,0.0005815876076569453,0.0,0.0066006600660066805,-0.0011778028999972088
2017-01-19,-0.0006975560693639974,0.613408237932644,-0.00044330663567839444,0.613408237932644,-0.0010928961748634114,-0.0007500107546447164
2017-01-20,0.010085728992344717,0.8755348612810272,0.00011257472142839917,0.8755348612810272,-0.01969365426695846,0.012169045973716711
2017-01-23,0.006173136866258571,0.7099815003377987,0.006173136866258571,0.7099815003377987,0.010044642857142794,0.005649376515876188
2017-01-24,0.0038043721540830916,0.5084988673712059,0.0038043721540830916,0.5084988673712059,0.0044198895027625085,0.0038043721540830916
2017-01-25,-0.0038816517449978944,0.21758407049081485,-0.0038816517449978944,0.21758407049081485,-0.005500550055005493,-0.0038816517449978944
2017-01-26,0.003909631900979988,0.5084988673712059,0.003909631900979988,0.5084988673712059,0.007743362831858391,0.003909631900979988
2017-02-03,0.0017057891709013563,0.15602576453798608,0.0017057891709013563,0.15602576453798608,0.007683863885839637,0.0017057891709013563
2017-02-06,-0.002833192856108727,0.6627920691587285,-0.002833192856108727,0.6627920691587285,-0.005446623093681935,-0.002833192856108727
2017-02-07,0.0015705289872103572,-0.754893345272575,0.0015705289872103572,0.0,0.009857612267250904,0.0015705289872103572
2017-02-08,0.0028854743706515753,-0.09386031921040802,0.0032629210432878627,0.0,0.005422993492407713,0.0028854743706515753
2017-02-09,-0.0035878772261814266,-0.09386031921040802,0.0,0.0,0.004314994606256839,-0.0035878772261814266
2017-02-10,-0.0007302727509003663,-0.9776492756785788,6.971694918611604e-05,0.0,0.00859291084854985,-0.0007613554735641554
2017-02-13,-0.0001766173199248409,-0.27830227900221255,5.975321920459464e-05,0.0,-0.0021299254526090383,-9.412247503457762e-06
2017-02-14,-0.006609967686247956,-0.754893345272575,0.0,0.0,0.006403415154749181,-0.006550950337742325
2017-02-15,-0.00012372494168523676,0.27830227900221266,8.962715105176322e-05,0.27830227900221266,0.0,-5.412847956122861e-05
2017-02-16,0.004531186507877666,0.39633697601347395,2.563785472004139e-07,0.39633697601347395,-0.006362672322375307,0.004531186507877666
2017-02-17,0.001454795243264514,0.031327727361609194,0.001454795243264514,0.031327727361609194,0.005336179295624133,0.001454795243264514
2017-02-20,-0.0026288138851136016,0.9447450738962128,-0.0026288138851136016,0.9447450738962128,-0.006369426751592244,-0.0027836288882955125
2017-02-21,-0.00026043144698348233,0.9447450738962128,-0.00026043144698348233,0.9447450738962128,0.005341880341880323,-0.0020431971679796875
2017-02-22,0.011055879301933372,0.613408237932644,0.011055879301933372,0.613408237932644,0.011689691817215797,0.010653448616977647
2017-02-23,0.0028246671212479924,-0.561935209500679,0.0028246671212479924,0.0,0.0031512605042016695,0.00279893060703201
2017-02-24,-0.00054920679539792,-0.45324474600825654,-0.0002682391906475805,0.0,0.0,-0.000568777271437609
2017-02-27,0.00027198058429614403,0.09386031921040802,0.00020892404118777463,0.09386031921040802,0.0,0.00032270532313058095
2017-02-28,0.001208072827542121,-0.27830227900221255,-7.143416547935531e-06,0.0,-0.003141361256544517,0.0017313551727348368
2017-03-01,-8.694129026722816e-05,-0.7974687911932674,5.22098492338781e-05,0.0,0.0,-3.1559956496724693e-05
2017-03-02,-0.0014797083777797748,-0.21758407049081485,0.00018895883680913883,0.0,0.005252100840336116,-0.0020183174615854417
2017-03-03,0.006115092707512001,-0.6627920691587282,0.0003181863378742822,0.0,-0.007314524555903867,0.006175279193465106
2017-03-06,-0.005875882706633001,0.5084988673712059,5.964096141242159e-05,0.5084988673712059,0.026315789473684292,-0.0089998215635024
2017-03-07,0.00519972454428847,-0.6134082379326439,-4.5518517655027927e-05,0.0,-0.008205128205128198,0.005573175054647251
2017-03-08,-0.001558930337636347,-0.09386031921040802,-0.0012522262186700252,0.0,-0.0020682523267838704,-0.0016296728913063126
2017-03-09,0.0020640131594135973,0.7099815003377987,0.00025834658187573467,0.7099815003377987,-0.0031088082901554737,0.0025315347498833427
2017-03-10,0.00014093437934168746,-0.9776492756785788,-3.71078502822426e-05,0.0,-0.0020790020790021346,0.00042391073587984133
2017-03-13,-0.014895532582193779,-0.031327727361609055,-0.014406707944354488,0.0,-0.019791666666666652,-0.012935900132555848
2017-03-14,-0.030602628356176304,-0.9111270911804993,0.0,0.0,0.03081827842720508,-0.030571362060251905
2017-03-15,-0.0001492300465955477,-0.9776492756785788,0.0,0.0,-0.009278350515463885,0.00046223555514244836
2017-03-16,-0.00287757042996134,0.21758407049081485,0.0,0.21758407049081485,0.003121748178980255,-0.00287757042996134
2017-03-17,-0.011222848725121266,-0.7974687911932674,0.00015946429858491157,0.0,0.011410788381742698,-0.011192069572144851
2017-03-20,-0.0020907714304551255,-0.9111270911804993,-0.0016920370348584917,0.0,-0.008205128205128198,-0.0015390009517976143
2017-03-21,-0.003212768852000662,-0.9447450738962128,7.944152607186616e-05,0.0,0.004136504653567741,-0.003212768852000662
2017-03-22,-0.0012482909626932268,-0.031327727361609055,0.0003375996663721459,0.0,0.002059732234809486,-0.0012482909626932268
2017-03-23,0.004687651013580426,-0.754893345272575,0.00014889076380963928,0.0,-0.005138746145940343,0.004656323286218817
2017-03-24,-0.00032941945424307795,-0.754893345272575,0.0,0.0,-0.0010330578512396382,-0.0004254738910294973
2017-03-27,-0.0012303951345848507,-0.6627920691587282,0.00018856689162349838,0.0,0.0020682523267838704,-0.0012303951345848507
2017-03-28,0.0015816898977694298,-0.561935209500679,3.969080860133367e-05,0.0,-0.0020639834881320818,0.0015816898977694298
2017-03-29,0.002005803428988129,0.15602576453798608,0.0,0.15602576453798608,-0.0031023784901758056,0.0019790852579233925
2017-03-30,0.004614376136502327,0.6627920691587285,0.00012045494609586361,0.6627920691587285,-0.008298755186721962,0.0041870337913824515
2017-03-31,-0.002412528078236689,-0.6134082379326439,-0.002412528078236689,0.0,-0.01673640167364021,-0.0023878361626236467
2017-04-05,0.0001271860274505367,0.6627920691587285,0.00043389014641685865,0.6627920691587285,0.0010638297872340718,0.0001081564711892522
2017-04-06,-0.013767482464779804,-0.33795704239702445,1.5605868973603873e-05,0.0,0.022316684378320906,-0.013767482464779804
2017-04-07,0.0009878586697757744,-0.754893345272575,0.0011568371909742867,0.0,0.0020790020790020236,0.0009878586697757744
2017-04-10,0.0006650158537925424,-0.45324474600825654,0.0001287995878411774,0.0,-0.0020746887966804906,0.0006874717762599305
2017-04-11,0.00596800996710078,-0.39633697601347395,0.0003566298479369401,0.0,-0.007276507276507305,0.005647647618669245
2017-04-12,-0.0005030557132783239,-0.33795704239702445,0.0,0.0,0.0010471204188482464,-0.0005030557132783239
2017-04-13,0.0009244373196445954,-0.27830227900221255,8.914068380794227e-05,0.0,-0.0020920502092049986,0.0009244373196445954
2017-04-14,-0.0015228272313404913,-0.21758407049081485,0.00020797638972802623,0.0,0.00524109014675056,-0.0015228272313404913
2017-04-17,0.004461877699293635,0.39633697601347395,0.00010891736142726316,0.39633697601347395,-0.015641293013555768,0.004461877699293635
2017-04-18,0.0030404687886924674,0.7974687911932673,-9.916348825405379e-05,0.7974687911932673,-0.01483050847457612,0.0030404687886924674
2017-04-19,-0.00227762609772712,0.7548933452725749,-0.00227762609772712,0.7548933452725749,-0.005376344086021501,-0.002297730938127878
2017-04-20,-0.006884233793399961,0.9447450738962128,-0.006884233793399961,0.9447450738962128,-0.008648648648648671,-0.007258864393555345
2017-04-21,-0.005787121883777972,0.9776492756785788,-0.005787121883777972,0.9776492756785788,-0.007633587786259555,-0.005787121883777972
2017-04-24,-0.003130449600973435,0.9776492756785788,-0.003130449600973435,0.9776492756785788,-0.003296703296703285,-0.003130449600973435
2017-04-25,-0.01940208044345582,0.9776492756785788,-0.01940208044345582,0.9776492756785788,-0.019845644983461974,-0.01940208044345582
2017-04-26,-0.008794647635491301,0.9447450738962128,-0.008794647635491301,0.9447450738962128,-0.008998875140607487,-0.008794647635491301
2017-04-27,0.0010970110206143717,0.8755348612810272,0.0010970110206143717,0.8755348612810272,0.0011350737797957144,0.0010970110206143717
2017-04-28,0.0042690826160655965,0.7974687911932673,0.0042690826160655965,0.7974687911932673,0.0045351473922903285,0.0042690826160655965
2017-05-02,0.003935873461611336,0.6627920691587285,0.003935873461611336,0.6627920691587285,0.004514672686230181,0.003935873461611336
2017-05-03,0.0017467516998579055,0.6627920691587285,0.0017467516998579055,0.6627920691587285,0.0022471910112360494,0.0017467516998579055
2017-05-04,-0.005900989137692714,0.6627920691587285,-0.005900989137692714,0.6627920691587285,-0.008968609865470878,-0.005900989137692714
2017-05-05,8.66575687375092e-05,0.7548933452725749,8.66575687375092e-05,0.7548933452725749,0.0,6.306285314797407e-05
2017-05-08,-0.007490384445548028,0.9447450738962128,-0.007490384445548028,0.9447450738962128,-0.011312217194570096,-0.008008067678101265
2017-05-09,-0.011245823988979432,0.9447450738962128,-0.011245823988979432,0.9447450738962128,-0.014874141876430214,-0.011245823988979432
2017-05-10,0.004389059576753566,0.9111270911804993,0.004389059576753566,0.9111270911804993,0.004645760743321681,0.004372607475862383
2017-05-11,-0.0065688624710275615,0.9111270911804993,-0.0065688624710275615,0.9111270911804993,-0.006936416184971095,-0.006814201820615765
2017-05-12,-0.01907123484047501,0.8755348612810272,-0.01907123484047501,0.8755348612810272,-0.020954598370197974,-0.01907123484047501
2017-05-15,0.0021595058264587425,0.5084988673712059,0.0021595058264587425,0.5084988673712059,0.0023781212841855748,0.0021595058264587425
2017-05-16,-0.002260706279946665,0.9776492756785788,-0.002260706279946665,0.9776492756785788,-0.0023724792408066353,-0.002260706279946665
2017-05-17,0.01191638104701068,0.5084988673712059,0.01191638104701068,0.5084988673712059,0.02378121284185486,0.01191638104701068
2017-05-18,-0.01953312094244516,0.27830227900221266,-0.01953312094244516,0.27830227900221266,-0.019744483159117365,-0.01948066625716444
2017-05-19,0.008941609679984181,0.15602576453798608,0.008941609679984181,0.15602576453798608,0.017772511848341166,0.010749515912868338
2017-05-22,-0.0017842177603897384,0.21758407049081485,-0.0017842177603897384,0.21758407049081485,-0.006984866123399325,-0.0017842177603897384
2017-05-23,-0.001959557389905803,0.45324474600825654,-0.001959557389905803,0.45324474600825654,-0.01289566236811257,-0.001959557389905803
2017-05-24,-0.007519183802603993,0.8755348612810272,-0.007519183802603993,0.8755348612810272,-0.03444180522565321,-0.007519183802603993
2017-05-25,0.00269500202388696,0.6627920691587285,0.00269500202388696,0.6627920691587285,0.006150061500614923,0.00269500202388696
2017-05-26,0.008474730734169796,-0.5084988673712059,0.008474730734169796,0.0,0.009779951100244544,0.008474730734169796
2017-05-31,0.001821589649744894,-0.6134082379326439,0.0020758390834304968,0.0,0.00363196125907983,0.001821589649744894
2017-06-01,0.004282424498406795,-0.6134082379326439,0.0004339079326256545,0.0,-0.007237635705669487,0.004282424498406795
2017-06-02,0.016572245801300553,-0.15602576453798608,0.00010842993454796002,0.0,-0.026731470230862642,0.016572245801300553
2017-06-05,-0.009052580123327745,-0.15602576453798608,0.00022669255561358348,0.0,0.014981273408239515,-0.009052580123327745
2017-06-06,-0.0005853914531814129,-0.5084988673712059,0.00015766342799694577,0.0,0.004920049200491938,-0.0005853914531814129
2017-06-07,-0.000837625815993847,-0.15602576453798608,8.867169796467067e-05,0.0,0.004895960832313362,-0.000837625815993847
2017-06-08,-0.012355487020578586,-0.7974687911932674,0.00013792152265357238,0.0,0.02436053593179044,-0.012355487020578586
2017-06-09,0.00016419728275992988,-0.9776492756785788,9.8501787807459e-05,0.0,-0.0023781212841854638,0.00016419728275992988
2017-06-12,-0.0016016083602782638,-0.9776492756785788,0.00021668258955376274,0.0,0.0023837902264600697,-0.0016016083602782638
2017-06-13,0.016411098280888752,-0.8755348612810272,6.892952448489531e-05,0.0,-0.01664684898929847,0.016411098280888752
2017-06-14,-0.015224456485388565,-0.7974687911932674,9.846396218970987e-05,0.0,0.01571946795646917,-0.015224456485388565
2017-06-15,0.002285624512950679,-0.33795704239702445,0.0001279905483904109,0.0,-0.0023809523809523725,0.002285624512950679
2017-06-16,-0.013304899350342712,-0.754893345272575,0.00013781833574499913,0.0,0.01670644391408116,-0.013275709383534487
2017-06-19,-0.0007384093943699249,-0.9111270911804993,0.0001968562063840995,0.0,0.0023474178403755097,-0.000856056795952548
2017-06-20,-0.004497867138015798,-0.8755348612810272,0.0,0.0,0.005854800936768045,-0.0047258501757152386
2017-06-21,0.0037284967993464016,-0.9776492756785788,0.0002952407195999651,0.0,-0.0034924330616996624,0.0037284967993464016
2017-06-22,-0.0006863787290244049,-0.9447450738962128,0.00020660750477174972,0.0,0.001168224299065379,-0.0006863787290244049
2017-06-23,0.01980478984932657,-0.9447450738962128,0.00021640124725808008,0.0,-0.019836639439906656,0.01980478984932657
2017-06-26,-0.0044987860661724255,-0.6627920691587282,0.0,0.0,0.004761904761904745,-0.0044987860661724255
2017-06-27,-0.012224497907388833,-0.7974687911932674,0.00011801382728648946,0.0,0.013033175355450233,-0.012224497907388833
2017-06-28,0.001662910969631062,-0.754893345272575,0.00010816657652790163,0.0,-0.002339181286549752,0.001662910969631062
2017-06-29,3.1731827248834414e-05,-0.9111270911804993,2.9496784850424618e-05,0.0,0.0,3.1731827248834414e-05
2017-06-30,0.002416526385325729,-0.9447450738962128,0.0004129428074211017,0.0,-0.0023446658851113966,0.002416526385325729
2017-07-03,-0.0037923029527839,-0.7974687911932674,0.00026535365745794515,0.0,0.004700352526439522,-0.0037923029527839
2017-07-04,-0.0061301966669143615,-0.8376784719947828,0.00029475918174859395,0.0,0.007017543859649145,-0.0061301966669143615
2017-07-05,0.0007743916196385146,0.27830227900221266,0.0004420084865628393,0.27830227900221266,0.0,0.0007743916196385146
2017-07-06,-0.005260175454634086,0.3379570423970245,-5.078849922543203e-05,0.3379570423970245,0.005807200929152101,-0.005260175454634086
2017-07-07,0.00029153783654993287,0.21758407049081485,0.00029153783654993287,0.21758407049081485,0.0011547344110853786,0.00029153783654993287
2017-07-10,0.0019538139994594293,0.45324474600825654,0.0019538139994594293,0.45324474600825654,0.005767012687427853,0.0019538139994594293
2017-07-11,-0.00104679488999018,0.21758407049081485,-0.00104679488999018,0.21758407049081485,-0.004587155963302725,-0.00104679488999018
2017-07-12,-0.005808046140431572,0.3379570423970245,-0.005808046140431572,0.3379570423970245,-0.012672811059907807,-0.005838825293407986
2017-07-13,-0.0010066334521628892,-0.7974687911932674,-0.0010066334521628892,0.0,-0.004667444574095736,-0.0007446548780060164
2017-07-14,-6.105946303131633e-05,-0.561935209500679,0.00033767493256531744,0.0,0.0011723329425556983,-6.105946303131633e-05
2017-07-17,0.006789252932915808,0.7548933452725749,0.0002060621522701478,0.7548933452725749,-0.008196721311475419,0.006789252932915808
2017-07-18,0.027221464871448817,0.9111270911804993,-0.00036763621075964044,0.9111270911804993,-0.04958677685950408,0.027243920793916205
2017-07-19,0.007431142552056469,0.9111270911804993,0.007431142552056469,0.9111270911804993,0.009937888198757738,0.006963679540687426
2017-07-20,0.0022527291091753044,0.837678471994783,0.0022527291091753044,0.837678471994783,0.002460024600245969,0.0022527291091753044
2017-07-21,0.014524486899956276,0.6627920691587285,0.014524486899956276,0.6627920691587285,0.01595092024539868,0.014524486899956276
2017-07-24,-6.515962514332978e-05,0.031327727361609194,-6.515962514332978e-05,0.031327727361609194,0.0,-6.515962514332978e-05
2017-07-25,0.005333868133833981,-0.7099815003377987,0.005333868133833981,0.0,0.008454106280193274,0.005333868133833981
2017-07-26,-0.00021778830796115225,-0.6134082379326439,0.00013720244220774712,0.0,-0.0023952095808382756,-0.00024024423042854037
2017-07-27,-0.0006492188223406585,0.9776492756785788,0.00014701126106264617,0.9776492756785788,0.0012004801920768582,-0.0007189879780813615
2017-07-28,-0.009431823116536571,0.837678471994783,-0.0003712329162967135,0.837678471994783,0.014388489208633004,-0.009431823116536571
2017-07-31,-6.889042220632231e-05,0.6627920691587285,-6.889042220632231e-05,0.6627920691587285,0.0,-6.889042220632231e-05
2017-08-01,0.008838343271411685,-0.21758407049081485,0.008838343271411685,0.0,0.010638297872340496,0.008838343271411685
2017-08-02,-0.00034108116772194085,-0.031327727361609055,-0.00023228913247653346,0.0,0.0,-0.00034108116772194085
2017-08-03,0.0015649519259133737,0.8755348612810272,0.00010773329154578626,0.8755348612810272,-0.007017543859649145,0.0015962182218377731
2017-08-04,-0.00020404099989737513,-0.21758407049081485,-0.00012439525221398387,0.0,0.002355712603062443,-0.00036302013601183496
2017-08-07,-0.0036196479444102953,0.613408237932644,-0.003510855909164888,0.613408237932644,-0.003525264394829586,-0.0036196479444102953
2017-08-08,-0.0023132337896304297,0.15602576453798608,-0.00017945025730108902,0.15602576453798608,0.009433962264151052,-0.0023132337896304297
2017-08-09,-0.00019842106124108165,0.09386031921040802,-0.00019842106124108165,0.09386031921040802,0.0,-0.00019842106124108165
2017-08-10,0.0009793998700553417,0.8755348612810272,0.0009793998700553417,0.8755348612810272,0.005841121495327117,0.0009793998700553417
2017-08-11,-0.0010678658422857228,0.8755348612810272,-0.0010678658422857228,0.8755348612810272,-0.009291521486643473,-0.0010678658422857228
2017-08-14,-0.012302407879551521,0.9776492756785788,-0.012302407879551521,0.9776492756785788,-0.014067995310668269,-0.012302407879551521
2017-08-15,0.021813722845043557,0.9447450738962128,0.021813722845043557,0.9447450738962128,0.024970273483947647,0.021813722845043557
2017-08-16,0.0011190236210343448,0.9447450738962128,0.0011190236210343448,0.9447450738962128,0.0011600928074246841,0.0011190236210343448
2017-08-17,0.006573736719200095,0.9447450738962128,0.006573736719200095,0.9447450738962128,0.006952491309385911,0.006573736719200095
2017-08-18,1.7834106603148176e-05,0.7974687911932673,1.7834106603148176e-05,0.7974687911932673,0.0,1.7834106603148176e-05
2017-08-21,-6.877586344723078e-05,0.837678471994783,-6.877586344723078e-05,0.837678471994783,0.0,-6.877586344723078e-05
2017-08-22,0.005511749670774958,0.5084988673712059,0.005511749670774958,0.5084988673712059,0.0069044879171460405,0.005511749670774958
2017-08-23,-0.003025523015644656,0.5619352095006791,-0.003025523015644656,0.5619352095006791,-0.0034285714285714475,-0.003025523015644656
2017-08-24,-0.0028319244105480556,0.39633697601347395,-0.0028319244105480556,0.39633697601347395,-0.005733944954128489,-0.0028319244105480556
2017-08-25,-0.0039031283113730047,0.9447450738962128,-0.0039031283113730047,0.9447450738962128,-0.00692041522491349,-0.0039031283113730047
2017-08-28,0.004789334552856834,0.9776492756785788,0.004789334552856834,0.9776492756785788,0.012775842044134844,0.004789334552856834
2017-08-29,0.006490026233960456,0.5084988673712059,0.006490026233960456,0.5084988673712059,0.006880733944954143,0.006490026233960456
2017-08-30,-0.0024602565319861544,0.613408237932644,-0.0024602565319861544,0.613408237932644,-0.002277904328018221,-0.0024602565319861544
2017-08-31,0.0030227953122045088,0.09386031921040802,0.0030227953122045088,0.09386031921040802,0.005707762557077611,0.0030227953122045088
2017-09-01,0.0019196269610303072,0.39633697601347395,0.0019196269610303072,0.39633697601347395,0.0034052213393871433,0.0019196269610303072
2017-09-04,0.0010520749234228268,0.7099815003377987,0.0010520749234228268,0.7099815003377987,0.010180995475113086,0.0010520749234228268
2017-09-05,0.0021389099953168025,-0.15602576453798608,0.0021389099953168025,0.0,0.005599104143336975,0.0021389099953168025
2017-09-06,-0.0027737439892972014,-0.031327727361609055,-0.002695731107028208,0.0,-0.0033407572383074013,-0.0027737439892972014
2017-09-07,-0.0013328987342226648,-0.6627920691587282,0.00010734534950662677,0.0,0.00893854748603351,-0.0013328987342226648
2017-09-08,1.8745419699536434e-05,-0.6134082379326439,0.00015612193122827023,0.0,-0.0055370985603543366,1.8745419699536434e-05
2017-09-11,-0.0020442509783439285,-0.09386031921040802,0.0001170731707316186,0.0,0.0033407572383072903,-0.0020442509783439285
2017-09-12,-0.006784559450668494,-0.27830227900221255,0.00017558919931337513,0.0,0.011098779134295134,-0.006784559450668494
2017-09-13,0.00010682717731221921,-0.031327727361609055,8.777918657942863e-05,0.0,-0.001097694840834218,0.00010682717731221921
2017-09-14,-0.0004733441699539771,-0.5084988673712059,0.00020480012483048426,0.0,0.00219780219780219,-0.0004733441699539771
2017-09-15,-2.073647641003985e-05,-0.7099815003377987,7.800312012462562e-05,0.0,-0.004385964912280715,-2.073647641003985e-05
2017-09-18,0.000650474428590833,-0.031327727361609055,0.00012674518368327448,0.0,-0.0011013215859030367,0.000650474428590833
2017-09-19,-0.0065682280956468895,-0.6134082379326439,1.9496787904138557e-05,0.0,0.008820286659316334,-0.0065682280956468895
2017-09-20,0.00012741216140077884,-0.031327727361609055,0.0002729497090161459,0.0,-0.0043715846994535346,0.00012741216140077884
2017-09-21,-0.004233932166201402,-0.45324474600825654,0.0004775316486536063,0.0,0.007683863885839637,-0.0042652598935630105
2017-09-22,0.0005602121488296511,-0.39633697601347395,0.0003506721215664754,0.0,-0.013071895424836666,-0.0003121126517049587
2017-09-25,0.00047181625408457213,-0.7099815003377987,0.0,0.0,-0.001103752759381904,0.00047181625408457213
2017-09-26,0.006083145648713826,-0.39633697601347395,7.790968319953961e-05,0.0,-0.015469613259668558,0.006083145648713826
2017-09-27,-0.0033441690650254418,0.613408237932644,0.0,0.613408237932644,0.004489337822671136,-0.0033441690650254418
2017-09-28,-0.0027190456573276817,-0.7099815003377987,-0.000306704118966322,0.0,0.005586592178770999,-0.0027190456573276817
2017-09-29,-0.001550279857598522,-0.6627920691587282,-0.001195289107429623,0.0,-0.0022222222222222365,-0.001550279857598522
2017-10-09,-0.004467854624765406,0.39633697601347395,0.0001751432769305783,0.39633697601347395,0.006681514476614803,-0.004467854624765406
2017-10-10,-0.009413808947961655,0.613408237932644,0.00019097063895984973,0.613408237932644,0.014380530973451267,-0.00938461898115343
2017-10-11,0.0021816662218513217,0.15602576453798608,0.0021816662218513217,0.15602576453798608,0.005452562704471031,0.0018723825142072186
2017-10-12,-0.002818483376877748,-0.5084988673712059,-0.002818483376877748,0.0,-0.004338394793926281,-0.002559927948903359
2017-10-13,-0.000231489061517668,-0.6627920691587282,2.276037216793493e-05,0.0,-0.0010893246187363426,-0.000231489061517668
2017-10-16,-0.0015941283702081473,-0.45324474600825654,9.717700792011286e-05,0.0,0.0032715376226826187,-0.0015941283702081473
2017-10-17,0.013315291737012193,0.27830227900221266,0.000272069183306467,0.27830227900221266,-0.019565217391304346,0.013315291737012193
2017-10-18,-0.0003657735125052346,-0.5084988673712059,-0.00013915113950110634,0.0,0.0,-0.0003657735125052346
2017-10-19,-0.0025321409657553928,-0.39633697601347395,-0.00227789153206979,0.0,-0.0077605321507761005,-0.0025321409657553928
2017-10-20,0.0053357471637774405,0.9111270911804993,0.00018457533102145263,0.9111270911804993,-0.010055865921787754,0.005306557196969216
2017-10-23,-0.004977877135212903,0.8755348612810272,-0.0003487238633898727,0.8755348612810272,0.011286681715575675,-0.0042960087326538365
2017-10-24,0.007108152216793704,0.39633697601347395,0.007108152216793704,0.39633697601347395,0.0078125,0.007108152216793704
2017-10-25,-0.009928192637122827,-0.27830227900221255,-0.009928192637122827,0.0,-0.011074197120708784,-0.009928192637122827
2017-10-26,0.0014614328426001042,-0.561935209500679,0.0016005839821012105,0.0,0.004479283314669624,0.0014614328426001042
2017-10-27,-0.0018420122493761034,-0.7974687911932674,0.00012622829844244343,0.0,0.006688963210702337,-0.0018420122493761034
2017-10-30,0.0025988898050410348,0.9111270911804993,0.00014562965408093653,0.9111270911804993,-0.0044296788482834915,0.0025988898050410348
2017-10-31,0.018140422601741712,0.9776492756785788,-0.0002517117167479444,0.9776492756785788,-0.023359288097886566,0.018158218716691446
2017-11-01,0.005178678184869493,-0.031327727361609055,0.005178678184869493,0.0,0.005694760820045497,0.0049675194852520695
2017-11-02,-0.0004992837997453312,-0.09386031921040802,-0.0004836199360645266,0.0,0.0,-0.0004992837997453312
2017-11-03,0.0007127634087656295,0.09386031921040802,0.00044622070464095387,0.09386031921040802,-0.009060022650056676,0.0006816806861018404
2017-11-06,0.0007642911707133203,0.9447450738962128,-4.693015960520401e-05,0.9447450738962128,-0.00914285714285712,0.001301578233901672
2017-11-07,0.00015099714725908328,0.837678471994783,0.00015099714725908328,0.837678471994783,0.005767012687427853,0.00015099714725908328
2017-11-08,0.007535787086033666,0.39633697601347395,0.007535787086033666,0.39633697601347395,0.008027522935779796,0.007535787086033666
2017-11-09,0.0026493164119180714,-0.8755348612810272,0.0026493164119180714,0.0,0.0034129692832765013,0.002620126445109847
2017-11-10,0.0012317380843736695,-0.9776492756785788,0.0016695055150141834,0.0,0.0045351473922903285,0.0010218862970267789
2017-11-13,-0.004828374526273199,-0.9776492756785788,8.724142610638808e-05,0.0,0.0056433408577878375,-0.004636968857917508
2017-11-14,0.002252004899452872,-0.9447450738962128,2.9077938568100592e-05,0.0,-0.002244668911335568,0.002252004899452872
2017-11-15,0.002643018176220697,-0.8755348612810272,0.00023261674452856873,0.0,-0.0022497187851518996,0.002643018176220697
2017-11-16,0.013085819776745156,-0.9447450738962128,0.000174421984922013,0.0,-0.013528748590755368,0.013085819776745156
2017-11-17,0.0014747933296314355,0.5084988673712059,0.0002712757711984537,0.5084988673712059,-0.0011428571428571122,0.0014747933296314355
2017-11-20,0.03181471703158209,0.9111270911804993,-0.0001961346764115837,0.9111270911804993,-0.034324942791762014,0.03181471703158209
2017-11-21,0.0034802509675578327,0.5619352095006791,0.0034802509675578327,0.5619352095006791,0.007109004739336511,0.0034802509675578327
2017-11-22,-0.004457089013303822,-0.561935209500679,-0.004457089013303822,0.0,-0.004705882352941226,-0.004457089013303822
2017-11-23,-0.00045588679502909775,-0.031327727361609055,-0.0001749191902787582,0.0,0.0,-0.00045588679502909775
2017-11-24,0.008098557348701381,0.5619352095006791,0.00025170627813531077,0.5619352095006791,-0.014184397163120588,0.008067229621339772
2017-11-27,-8.176007194351476e-05,-0.5084988673712059,-0.00014546756119689032,0.0,-0.0023980815347721673,-0.00023491156466624857
2017-11-28,-0.007280767462166609,0.6627920691587285,-0.0070265180284810064,0.6627920691587285,-0.012019230769230727,-0.007898539358910965
2017-11-29,-0.009791832589411905,0.09386031921040802,-0.0002830106547059696,0.09386031921040802,0.018248175182481674,-0.00878218684978648
2017-11-30,-0.001740940291324323,-0.27830227900221255,-0.001740940291324323,0.0,-0.002389486260453988,-0.0018640194927280916
2017-12-01,-0.0002531255268017498,-0.7099815003377987,-0.00011397438730064349,0.0,-0.0023952095808382756,-0.00038279308906133007
2017-12-04,-0.0025424518937045525,-0.8376784719947828,0.0002707956556640134,0.0,0.009603841536614643,-0.0014387831156897814
2017-12-05,0.008725459752380203,0.837678471994783,0.00020304175892182919,0.837678471994783,-0.01189060642092743,0.008151277498704538
2017-12-06,0.012355619588881601,0.9776492756785788,-0.00037050577377461993,0.9776492756785788,-0.01564380264741272,0.011744748645219983
2017-12-07,-0.0010610924480924217,0.45324474600825654,-0.0010610924480924217,0.45324474600825654,-0.0012224938875305957,-0.0010610924480924217
2017-12-08,0.002133872058652078,0.21758407049081485,0.002133872058652078,0.21758407049081485,0.00244798041615657,0.002133872058652078
2017-12-11,0.0032079273150369177,0.031327727361609194,0.0032079273150369177,0.031327727361609194,0.0073260073260073,0.0032079273150369177
2017-12-12,0.001037429405203367,-0.15602576453798608,0.001037429405203367,0.0,0.00484848484848488,0.001037429405203367
2017-12-13,-0.00017031364539946885,-0.15602576453798608,-9.230076313047582e-05,0.0,-0.006031363088057962,-0.00010796462681128035
2017-12-14,-0.0009239131479529682,-0.754893345272575,0.00018355714423723413,0.0,0.00728155339805836,-7.013467457780567e-05
2017-12-15,0.00021236892702853363,-0.8755348612810272,0.00028011475045652823,0.0,-0.001204819277108471,-0.00015951539422609642
2017-12-18,-0.0018815351012433342,-0.9447450738962128,0.0,0.0,0.0024125452352232735,-0.0018815351012433342
2017-12-19,0.006377506288766426,-0.561935209500679,4.828491965369608e-05,0.0,-0.0072202166064981865,0.006377506288766426
2017-12-20,-0.0044151772705651226,-0.45324474600825654,0.0001834738356654153,0.0,0.00484848484848488,-0.004441895441629859
2017-12-21,0.005835913949427487,-0.39633697601347395,0.0002992971344715212,0.0,-0.00965018094089265,0.005330968406047373
2017-12-22,0.001258019252719239,-0.6627920691587282,0.00012547414749963792,0.0,-0.0024360535931789995,0.0012288292859110141
2017-12-25,-0.0008315723162396307,-0.561935209500679,0.00019301293186635426,0.0,0.0024420024420024333,-0.0007294664247420198
2017-12-26,0.006407959576589778,0.15602576453798608,0.0,0.15602576453798608,-0.00974421437271622,0.006407959576589778
2017-12-27,-0.0030935785041309536,-0.031327727361609055,-5.8709353584148854e-05,0.0,0.004920049200491938,-0.0032137341098686977
2017-12-28,-0.00028465075395222065,0.031327727361609194,-0.00026898689027141613,0.031327727361609194,-0.001223990208078285,-0.0006676172020657826
2017-12-29,0.002439041025984979,0.613408237932644,0.0024168903182102287,0.613408237932644,0.001225490196078427,0.002301611438870876
2018-01-02,0.0003836552512200237,0.15602576453798608,0.0003836552512200237,0.15602576453798608,0.008567931456548328,0.0019462085141511635
2018-01-03,0.005044044619389614,0.45324474600825654,0.005044044619389614,0.45324474600825654,0.008495145631068013,0.005831517110503724
2018-01-04,0.0022884224403072516,0.39633697601347395,0.0022884224403072516,0.39633697601347395,0.00962695547533099,0.002843624608489188
2018-01-05,-0.0014583358301441896,-0.27830227900221255,-0.0014583358301441896,0.0,-0.0035756853396901045,-0.0014583358301441896
2018-01-08,0.0011872151887594613,-0.7974687911932674,0.0013263663282605676,0.0,0.0035885167464115852,0.0012175742930151602
2018-01-09,-0.0009229975087825652,-0.9776492756785788,0.0,0.0,0.0023837902264600697,-0.0008086171410206296
2018-01-10,0.000983635022195349,-0.9447450738962128,6.981290142427099e-05,0.0,-0.0011890606420927874,0.000983635022195349
2018-01-11,0.006966757011098642,-0.6134082379326439,0.0,0.0,-0.0071428571428571175,0.006966757011098642
2018-01-12,-0.00745517756842743,-0.9447450738962128,0.00032909498878086474,0.0,0.008393285371702586,-0.00745517756842743
2018-01-15,0.007288972934529396,0.15602576453798608,9.969294572687026e-05,0.15602576453798608,-0.01189060642092743,0.007288972934529396
2018-01-16,0.01665786119047616,0.27830227900221266,1.7335241587234154e-06,0.27830227900221266,-0.018050541516245522,0.01665786119047616
2018-01-17,0.00016371906033408449,0.39633697601347395,0.00016371906033408449,0.39633697601347395,0.001225490196078427,0.0001940781645897834
2018-01-18,-0.0020165340605784706,-0.45324474600825654,-0.0020165340605784706,0.0,-0.007343941248469932,-0.0016221738741151437
2018-01-19,0.0011977312977339463,-0.7099815003377987,0.0014243536707380746,0.0,0.0036991368680638903,0.001337414391842202
2018-01-22,0.0019330042363574287,0.7099815003377987,0.00026901004304158427,0.7099815003377987,-0.003685503685503577,0.0021791344785273867
2018-01-23,-0.015558389307445908,-0.15602576453798608,-0.00033506943934638665,0.0,0.020961775585696563,-0.015534794591856372
2018-01-24,-0.004688555648327961,0.39633697601347395,-0.0046105427660589685,0.39633697601347395,-0.006038647342995196,-0.004405609441214042
2018-01-25,-0.0014305542349039016,-0.09386031921040802,-4.877800119278746e-05,0.0,0.008505467800729027,-0.0019465293849275673
2018-01-26,-4.672895350250219e-05,-0.561935209500679,2.0120610270182035e-07,0.0,0.0,-2.9437480552488857e-05
2018-01-29,2.7297344823225007e-05,-0.6627920691587282,0.00023891056781089048,0.0,0.0,7.32320493284426e-05
2018-01-30,0.009077405902241521,-0.6627920691587282,0.0002089968152865218,0.0,-0.015662650602409678,0.009077405902241521
2018-01-31,0.00465187609648126,0.6627920691587285,0.0003582053909911842,0.6627920691587285,-0.006119951040391536,0.00465187609648126
2018-02-01,0.008861708715228199,0.9776492756785788,-3.1586692316587094e-06,0.9776492756785788,-0.013546798029556606,0.008861708715228199
2018-02-02,-0.025614085263332018,0.9776492756785788,-0.025614085263332018,0.9776492756785788,-0.038701622971285876,-0.025614085263332018
2018-02-05,-0.012696743839981548,0.9447450738962128,-0.012696743839981548,0.9447450738962128,-0.012987012987012991,-0.012696743839981548
2018-02-06,-0.012880258359819891,0.9111270911804993,-0.012880258359819891,0.9111270911804993,-0.013157894736842146,-0.012880258359819891
2018-02-07,-0.028988991257508444,0.9776492756785788,-0.028988991257508444,0.9776492756785788,-0.03066666666666673,-0.028988991257508444
2018-02-08,-0.003775394849168056,0.9776492756785788,-0.003775394849168056,0.9776492756785788,-0.004126547455295726,-0.003775394849168056
2018-02-09,0.001356566356107431,0.9447450738962128,0.001356566356107431,0.9447450738962128,0.0013812154696133394,0.001356566356107431
2018-02-12,-0.014842198209019329,0.9111270911804993,-0.014842198209019329,0.9111270911804993,-0.015172413793103412,-0.014842198209019329
2018-02-13,0.023831038779740105,0.7974687911932673,0.023831038779740105,0.7974687911932673,0.025210084033613578,0.023831038779740105
2018-02-14,0.001313203510088409,0.837678471994783,0.001313203510088409,0.837678471994783,0.001366120218579292,0.001313203510088409
2018-02-22,0.007595558922700049,0.7974687911932673,0.007595558922700049,0.7974687911932673,0.009549795361528002,0.007595558922700049
2018-02-23,0.006828270704029027,0.5084988673712059,0.006828270704029027,0.5084988673712059,0.008108108108108025,0.006828270704029027
2018-02-26,0.004145553450673118,0.613408237932644,0.004145553450673118,0.613408237932644,0.00536193029490617,0.004145553450673118
2018-02-27,0.010824778623034444,0.39633697601347395,0.010824778623034444,0.39633697601347395,0.021333333333333426,0.010824778623034444
2018-02-28,0.00314833331385511,0.3379570423970245,0.00314833331385511,0.3379570423970245,0.005221932114882533,0.00314833331385511
2018-03-01,0.0005633751612539865,0.39633697601347395,0.0005633751612539865,0.39633697601347395,0.0012987012987013546,0.0005633751612539865
2018-03-02,0.0036810458319599315,0.21758407049081485,0.0036810458319599315,0.21758407049081485,0.01037613488975353,0.0036810458319599315
2018-03-05,1.2372240045307453e-05,-0.15602576453798608,1.2372240045307453e-05,0.0,0.0,1.2372240045307453e-05
2018-03-06,0.001000249131647974,0.15602576453798608,0.001078262013916967,0.15602576453798608,0.005134788189987249,0.001031331854311763
2018-03-07,-0.0016699468075966845,-0.39633697601347395,-8.626947789188815e-06,0.0,0.010217113665389466,-0.001008026071477883
2018-03-08,-0.0015314634669519895,-0.39633697601347395,-0.0013332949789452524,0.0,-0.008849557522123908,-0.0015314634669519895
2018-03-09,-0.0033449929549877445,0.45324474600825654,0.0001387416135649744,0.45324474600825654,0.008928571428571397,-0.0033449929549877445
2018-03-12,-0.007356588951287415,0.5619352095006791,-0.00016716993000414284,0.5619352095006791,0.017699115044247815,-0.007356588951287415
2018-03-13,0.0068375315333873,0.6627920691587285,0.0068375315333873,0.6627920691587285,0.014906832298136496,0.0068375315333873
2018-03-14,-0.004795621389246691,0.39633697601347395,-0.004795621389246691,0.39633697601347395,-0.008567931456548217,-0.004770929473633649
2018-03-15,-0.008282448179101298,-0.6134082379326439,-0.008282448179101298,0.0,-0.012345679012345734,-0.007643188296895195
2018-03-16,0.00012804638039604587,-0.8376784719947828,0.0004347504993623678,0.0,0.0012499999999999734,0.0001033544647830037
2018-03-19,9.552923374846431e-05,-0.8755348612810272,0.0001287115969146324,0.0,0.0,0.0001265774211403785
2018-03-20,0.0013725166351247857,-0.9776492756785788,0.0001880927396202825,0.0,-0.0012484394506866447,0.0013725166351247857
2018-03-21,-0.002202767186878238,-0.9447450738962128,1.979551235731236e-05,0.0,0.0024999999999999467,-0.002202767186878238
2018-03-22,0.006509244059324559,-0.9776492756785788,0.00021774632553084317,0.0,-0.006234413965087282,0.006509244059324559
2018-03-23,0.011633382539845012,0.15602576453798608,0.0005046656837230934,0.15602576453798608,-0.01129234629861986,0.011633382539845012
2018-03-26,0.04037532757810636,0.837678471994783,-7.801288226899305e-05,0.837678471994783,-0.04187817258883253,0.04037532757810636
2018-03-27,0.0019741404111498838,0.8755348612810272,0.0019741404111498838,0.8755348612810272,0.014569536423841178,0.0019942452515506414
2018-03-28,0.017489511699923542,0.09386031921040802,0.017489511699923542,0.09386031921040802,0.02088772845953013,0.016651230350906668
2018-03-29,-0.0003908372710353096,-0.5084988673712059,-0.0003908372710353096,0.0,0.0,-0.00040317537231658693
2018-03-30,0.0009085658448764979,-0.561935209500679,0.0011628152785621009,0.0,0.006393861892583175,0.0005820768794286671
2018-04-02,-0.0072731066608655755,-0.6134082379326439,0.00033615439373591016,0.0,0.015247776365946653,-0.007246388489800839
2018-04-03,0.0009468258827333856,-0.561935209500679,0.0006226650062266526,0.0,0.0,0.0008868347713638712
2018-04-04,0.002883003211887238,-0.7974687911932674,0.0003753420057091006,0.0,-0.003754693366708417,0.002883003211887238
2018-04-09,0.005379070220866437,-0.8376784719947828,0.0003554537465810803,0.0,-0.008793969849246186,0.005379070220866437
2018-04-10,-0.0005873036997778685,-0.9776492756785788,0.00024675516952110677,0.0,0.0012674271229404788,-0.0005873036997778685
2018-04-11,-6.9985401841898e-05,-0.8755348612810272,0.0,0.0,0.0,-6.9985401841898e-05
2018-04-12,-0.005001180122027049,-0.8376784719947828,0.0,0.0,0.005063291139240533,-0.005001180122027049
2018-04-13,0.004836161022138995,-0.9447450738962128,0.00023691068467179832,0.0,-0.005037783375314908,0.004836161022138995
2018-04-16,0.0010068191952452184,-0.9776492756785788,0.0,0.0,-0.0012658227848101333,0.0010068191952452184
2018-04-17,-0.0011370773383528737,-0.21758407049081485,3.9475761882235005e-05,0.0,0.0012674271229404788,-0.0011370773383528737
2018-04-18,0.020755572448143005,0.6627920691587285,4.9342754510073306e-05,0.6627920691587285,-0.021518987341772156,0.020755572448143005
2018-04-19,-0.003536468503717343,-0.15602576453798608,-0.00033139603457936424,0.0,0.014230271668822736,-0.0035600632193068782
2018-04-20,0.0005258446857683406,-0.031327727361609055,0.0006038575680373337,0.0,0.0012755102040815647,0.0005498660373276197
2018-04-23,0.0025215171457351475,0.09386031921040802,0.0,0.09386031921040802,-0.016560509554140124,0.0025215171457351475
2018-04-24,0.00034333322310853645,0.9111270911804993,-7.459072176904045e-06,0.9111270911804993,-0.011658031088082943,0.00037459951903293586
2018-04-25,0.0018031794366386298,0.45324474600825654,0.0018031794366386298,0.45324474600825654,0.019659239842725995,0.0005678682723678199
2018-04-26,0.0021404620921151424,0.5084988673712059,0.0021404620921151424,0.5084988673712059,0.0025706940874035134,0.0021404620921151424
2018-04-27,-0.005982851895301562,-0.39633697601347395,-0.005982851895301562,0.0,-0.014102564102564163,-0.005982851895301562
2018-05-02,-0.0015715259345769595,-0.45324474600825654,-0.0013733574465702226,0.0,-0.002600780234070177,-0.0015715259345769595
2018-05-03,0.0010737779780752236,-0.09386031921040802,4.924216310953078e-05,0.0,-0.0026075619295958807,0.0010737779780752236
2018-05-04,-0.0032622741846130014,-0.5084988673712059,0.0003249822736941521,0.0,0.007843137254901933,-0.0032622741846130014
2018-05-07,-0.0001782947771527423,0.3379570423970245,0.00013782647646620738,0.3379570423970245,0.0012970168612191912,-0.0001782947771527423
2018-05-08,-0.007668678137634484,-0.15602576453798608,-0.00016897852119851227,0.0,0.014248704663212486,-0.007668678137634484
2018-05-09,0.00106089986946521,-0.5084988673712059,0.001138912751734203,0.0,0.003831417624521105,0.00106089986946521
2018-05-10,-0.0003633608220096012,-0.45324474600825654,9.845620668080812e-06,0.0,0.0012722646310432406,-0.0003633608220096012
2018-05-11,-0.002181412517437981,-0.09386031921040802,0.0002855201882463465,0.0,0.0050825921219821435,-0.002181412517437981
2018-05-14,0.0032583210306586312,-0.21758407049081485,0.0,0.0,-0.007585335018963302,0.0032583210306586312
2018-05-15,0.0008159214803540119,0.39633697601347395,0.0002559256634380169,0.39633697601347395,-0.006369426751592355,0.0008159214803540119
2018-05-16,-0.0012670106282678404,-0.33795704239702445,-7.023839688107607e-05,0.0,0.00512820512820511,-0.0012670106282678404
2018-05-17,-0.0013128734419493807,-0.5084988673712059,-0.0011438949207508685,0.0,-0.0025510204081632404,-0.0013128734419493807
2018-05-18,0.0024836459777805354,-0.561935209500679,0.0003049920308533238,0.0,-0.006393861892583175,0.0024836459777805354
2018-05-21,-0.0032692381157528577,0.5084988673712059,1.967090574672703e-05,0.5084988673712059,0.006435006435006496,-0.0032692381157528577
2018-05-22,-0.004431965360090381,-0.21758407049081485,1.1302570248474561e-05,0.0,0.007672634271099765,-0.004431965360090381
2018-05-23,0.002319658969359127,0.031327727361609194,0.0024284510046045345,0.031327727361609194,0.0050761421319796,0.002319658969359127
2018-05-24,0.002706604949327492,-0.561935209500679,5.315046542885197e-05,0.0,-0.012626262626262652,0.002706604949327492
2018-05-25,-0.0003386655642537519,-0.33795704239702445,-5.7697959503412406e-05,0.0,-0.002557544757033292,-0.0003386655642537519
2018-05-28,0.005038491108725354,-0.561935209500679,6.88068885525972e-05,0.0,-0.008974358974358942,0.005038491108725354
2018-05-29,0.0033856258442310997,-0.6627920691587282,0.0,0.0,-0.010349288486416586,0.0033856258442310997
2018-05-30,0.006560574034884822,0.9111270911804993,0.0,0.9111270911804993,-0.0117647058823529,0.006560574034884822
2018-05-31,0.0144930000697836,0.9776492756785788,-0.00022949487969033518,0.9776492756785788,-0.022486772486772555,0.0144930000697836
2018-06-01,0.011096196252288186,0.8755348612810272,0.011096196252288186,0.8755348612810272,0.012178619756427533,0.011096196252288186
2018-06-04,-0.009194033897867937,0.7548933452725749,-0.009194033897867937,0.7548933452725749,-0.009358288770053513,-0.009194033897867937
2018-06-05,0.001134683142890062,0.9447450738962128,0.001134683142890062,0.9447450738962128,0.0013495276653170407,0.001134683142890062
2018-06-06,0.006033401046300181,0.3379570423970245,0.006033401046300181,0.3379570423970245,0.008086253369272267,0.006050210037658038
2018-06-07,0.0022291725487826263,0.5619352095006791,0.0022291725487826263,0.5619352095006791,0.002673796791443861,0.0021600548063261307
2018-06-08,-0.003554377343497954,0.21758407049081485,-0.003554377343497954,0.21758407049081485,-0.010666666666666713,-0.003554377343497954
2018-06-11,-0.0046387340023828555,-0.15602576453798608,-0.0046387340023828555,0.0,-0.008086253369272267,-0.0046387340023828555
2018-06-12,-0.002217828777759733,0.5084988673712059,-0.0021398158954907404,0.5084988673712059,-0.009510869565217406,-0.002217828777759733
2018-06-13,-0.0009743436515018782,0.39633697601347395,-0.00025424943368560296,0.39633697601347395,0.004115226337448652,-0.0009743436515018782
2018-06-14,-0.00552180973026935,-0.15602576453798608,-0.00552180973026935,0.0,-0.010928961748633892,-0.0054933558452719584
2018-06-15,-0.0022882150553497987,0.39633697601347395,-0.0022102021730808054,0.39633697601347395,-0.0055248618784530246,-0.0026478259118970313
2018-06-19,0.0038978564670207427,0.8755348612810272,-0.00014912868730448175,0.8755348612810272,-0.026388888888888906,0.0038417755213418768
2018-06-20,-0.026611540112555482,0.9776492756785788,-0.026611540112555482,0.9776492756785788,-0.06704707560627665,-0.03411298684098079
2018-06-21,0.007994795818646159,0.9111270911804993,0.007994795818646159,0.9111270911804993,0.00917431192660545,0.007994795818646159
2018-06-22,-0.017807606930406495,0.9776492756785788,-0.017807606930406495,0.9776492756785788,-0.018181818181818188,-0.017807606930406495
2018-06-25,0.01544734156449896,0.7099815003377987,0.01544734156449896,0.7099815003377987,0.016975308641975273,0.01544734156449896
2018-06-26,-0.011999481625833069,0.6627920691587285,-0.011999481625833069,0.6627920691587285,-0.012139605462822445,-0.011999481625833069
2018-06-27,0.010882419114484235,0.15602576453798608,0.010882419114484235,0.15602576453798608,0.015360983102918668,0.010882419114484235
2018-06-28,-0.006229992907468589,-0.031327727361609055,-0.006229992907468589,0.0,-0.009077155824508298,-0.006229992907468589
2018-06-29,-0.0013641540216012894,0.9776492756785788,-0.0013484901579204848,0.9776492756785788,-0.010687022900763399,-0.0013015599983152808
2018-07-02,-0.0010146664317836358,0.7974687911932673,9.057166275768793e-07,0.7974687911932673,0.03240740740740744,0.0030436392328764984
2018-07-03,-0.016151912399098113,0.7099815003377987,-0.016151912399098113,0.7099815003377987,-0.01644245142002987,-0.016131807558697354
2018-07-04,0.00863614318526629,0.5084988673712059,0.00863614318526629,0.5084988673712059,0.010638297872340496,0.009004852904985566
2018-07-05,-0.010570213420141151,0.613408237932644,-0.010570213420141151,0.613408237932644,-0.015037593984962405,-0.010570213420141151
2018-07-06,-0.00993836420547873,0.031327727361609194,-0.00993836420547873,0.031327727361609194,-0.01984732824427482,-0.00993836420547873
2018-07-09,-0.002201969345418365,0.7099815003377987,-0.002201969345418365,0.7099815003377987,-0.0031152647975077885,-0.002201969345418365
2018-07-10,3.3201315295071907e-06,0.21758407049081485,3.3201315295071907e-06,0.21758407049081485,0.010937500000000044,3.3201315295071907e-06
2018-07-11,0.009629896343871262,0.7099815003377987,0.009629896343871262,0.7099815003377987,0.01391035548686248,0.009629896343871262
2018-07-12,-0.004889761194910398,0.7548933452725749,-0.004889761194910398,0.7548933452725749,-0.021341463414634165,-0.004889761194910398
2018-07-13,0.021114293181385146,0.09386031921040802,0.021114293181385146,0.09386031921040802,0.029595015576324046,0.021114293181385146
2018-07-16,0.0031267838833239064,-0.45324474600825654,0.0031267838833239064,0.0,0.004538577912254205,0.0031267838833239064
2018-07-17,6.271403464472319e-05,-0.8755348612810272,0.0002893364076488515,0.0,0.001506024096385561,6.271403464472319e-05
2018-07-18,-0.0008643046722805697,-0.9111270911804993,1.9550342131191556e-05,0.0,0.0015037593984963404,-0.0008643046722805697
2018-07-19,0.004237720978198736,-0.8376784719947828,0.00016617465934198883,0.0,-0.0045045045045044585,0.004237720978198736
2018-07-20,0.015304152262031055,-0.754893345272575,0.00011728027052648748,0.0,-0.016591251885369585,0.015304152262031055
2018-07-23,-0.008855291295367702,-0.8376784719947828,9.772209789771225e-05,0.0,0.010736196319018454,-0.008855291295367702
2018-07-24,-0.008059986519215457,-0.6627920691587282,0.0,0.0,0.01062215477996964,-0.008059986519215457
2018-07-25,-0.011102136483591029,-0.9447450738962128,0.00016612594300924322,0.0,0.013513513513513598,-0.011078541768001493
2018-07-26,-0.0007654721841276421,-0.9111270911804993,0.00021495080557687452,0.0,0.001481481481481417,-0.0008016443307048859
2018-07-27,0.0017226894534592748,-0.9776492756785788,0.00017583104590168652,0.0,-0.0014792899408283544,0.0017226894534592748
2018-07-30,0.00572065231496967,-0.8376784719947828,0.00018556680893455635,0.0,-0.00592592592592589,0.00572065231496967
2018-07-31,0.01630465840934689,-0.9776492756785788,0.0001757675181628393,0.0,-0.016393442622950838,0.01630465840934689
2018-08-01,-0.0023572236868633447,-0.9447450738962128,0.0001366840450665041,0.0,0.003030303030302939,-0.0023572236868633447
2018-08-02,0.01809139583568199,-0.5084988673712059,0.00019523623584527527,0.0,-0.01812688821752262,0.01809139583568199
2018-08-03,0.022134121655879163,-0.561935209500679,0.00028303728284240215,0.0,-0.023076923076923106,0.022134121655879163
2018-08-06,0.005637655721015631,-0.39633697601347395,3.902857867643661e-05,0.0,-0.011023622047244053,0.005637655721015631
2018-08-07,0.011564857073465733,0.6627920691587285,9.756763876600516e-06,0.6627920691587285,-0.02070063694267521,0.011564857073465733
2018-08-08,-0.008798430522148157,0.27830227900221266,-0.00025334268511516207,0.27830227900221266,0.021138211382113914,-0.008748002092319133
2018-08-09,-0.008622296890039956,0.21758407049081485,-0.008622296890039956,0.21758407049081485,-0.01273885350318471,-0.0072831318995818205
2018-08-10,0.004634400862422433,-0.15602576453798608,0.004634400862422433,0.0,0.016129032258064502,0.004634400862422433
2018-08-13,0.001293884481241981,-0.27830227900221255,0.001371897363510974,0.0,0.006349206349206327,0.001293884481241981
2018-08-14,-0.0007656101360451219,-0.6627920691587282,2.925573412393412e-05,0.0,0.004731861198738141,-0.0007656101360451219
2018-08-15,-0.0012785512022185504,-0.21758407049081485,0.0001755292695055921,0.0,0.0047095761381474865,-0.0012785512022185504
2018-08-16,0.016493106457001604,-0.33795704239702445,8.774923219423414e-05,0.0,-0.025000000000000022,0.016493106457001604
2018-08-17,0.0019325519006103517,-0.45324474600825654,0.0002047302435315146,0.0,-0.008012820512820484,0.0019325519006103517
2018-08-20,0.007170411536298388,-0.21758407049081485,9.747063697052027e-05,0.0,-0.021001615508885352,0.007170411536298388
2018-08-21,-0.0014437257223206322,0.09386031921040802,0.00011695336484573993,0.09386031921040802,0.0033003300330032292,-0.0014745048752970466
2018-08-22,-0.0021012228893201213,-0.031327727361609055,0.00011873439889877109,0.0,0.009868421052631637,-0.001504241206156189
2018-08-23,-6.345315859915352e-06,0.09386031921040802,9.318547820889178e-06,0.09386031921040802,-0.0032573289902280145,-0.0002647550583742233
2018-08-24,-6.356019710876851e-05,-0.7099815003377987,1.767186389570809e-06,0.0,0.0016339869281045694,-6.356019710876851e-05
2018-08-27,-9.56882206699957e-05,0.5084988673712059,0.0002593025294989037,0.5084988673712059,0.0032626427406199365,-7.209350508046049e-05
2018-08-28,-0.010749362175961494,0.09386031921040802,-0.0001081360496994235,0.09386031921040802,0.014634146341463428,-0.010014458365523506
2018-08-29,-8.764527051859498e-05,-0.031327727361609055,-8.764527051859498e-05,0.0,0.0,-4.6564564508925306e-05
2018-08-30,-0.00034620530541951724,0.031327727361609194,-0.0003305414417387127,0.031327727361609194,-0.004807692307692291,-0.00034620530541951724
2018-08-31,0.0008147599370851741,-0.27830227900221255,0.00026665975707084095,0.0,-0.017713365539452464,0.0008147599370851741
2018-09-03,-0.0004629565837879026,-0.9111270911804993,-0.0003238054442867963,0.0,-0.00983606557377048,-0.0004629565837879026
2018-09-04,0.0006673294696205813,0.5084988673712059,4.8667010580150105e-05,0.5084988673712059,-0.0033112582781457123,0.0006851255845703173
2018-09-05,-0.011304314039514235,0.5619352095006791,-0.00025424943368560296,0.5619352095006791,0.011627906976744207,-0.010872654786198543
2018-09-06,-0.005790202734902689,-0.39633697601347395,-0.005790202734902689,0.0,-0.011494252873563204,-0.005815939249118672
2018-09-07,-0.003279477668341843,-0.8376784719947828,-0.003081309180335106,0.0,-0.004983388704318914,-0.003472347838261436
2018-09-10,0.0003229524578778539,0.3379570423970245,0.0003893209269731912,0.3379570423970245,0.0,0.00016398375823929143
2018-09-11,0.005006028466475411,-0.9111270911804993,-0.00016897852119851227,0.0,-0.006677796327211993,0.004868302868707602
2018-09-12,-0.005569000790214432,-0.9776492756785788,-0.005113437244624183,0.0,-0.015126050420168125,-0.009906179766129567
2018-09-13,-0.010917031806009331,-0.33795704239702445,0.0,0.0,0.011945392491467643,-0.010059931430581284
2018-09-14,8.417589642635028e-05,-0.5084988673712059,0.00020429406671640393,0.0,0.0,2.940225193837477e-06
2018-09-17,0.0029724965499611463,0.7548933452725749,0.0001556208298481021,0.7548933452725749,-0.00843170320404718,0.001464685474595622
2018-09-18,0.00801624381495713,0.9447450738962128,-0.00037744667263628747,0.9447450738962128,-0.017006802721088454,0.003214170654206997
2018-09-19,0.010353424935308587,0.837678471994783,0.010353424935308587,0.837678471994783,0.01384083044982698,0.010353424935308587
2018-09-20,0.012849921137148087,0.6627920691587285,0.012849921137148087,0.6627920691587285,0.013651877133105783,0.012868849331791209
2018-09-21,0.004143256152090912,0.5619352095006791,0.004143256152090912,0.5619352095006791,0.005050505050504972,0.0042908299271188065
2018-09-25,0.00115487226504384,-0.754893345272575,0.00115487226504384,0.0,0.0016750418760469454,0.0011107709611345284
2018-09-26,0.0002983117569317264,-0.7974687911932674,0.0006757584295680139,0.0,0.0016722408026756952,0.0002983117569317264
2018-09-27,-0.0022005998467299077,-0.39633697601347395,0.00019442770205868598,0.0,0.0033388981636059967,-0.0022207046871306653
2018-09-28,0.011987003328795568,-0.031327727361609055,0.0008747545827418879,0.0,-0.01331114808652245,0.012565762991604687
2018-10-08,0.0017237265040481627,0.7974687911932673,0.0004078620261034338,0.7974687911932673,-0.003372681281618939,0.0019104149080619512
2018-10-09,0.0004178139949337943,-0.031327727361609055,-0.0003113710222057529,0.0,-0.02368866328257191,0.0004178139949337943
2018-10-10,-0.0017866641824832354,-0.754893345272575,-0.001771000318802431,0.0,-0.0017331022530329143,-0.0017866641824832354
2018-10-11,-3.545231560538986e-05,0.9111270911804993,0.0,0.9111270911804993,-0.01041666666666663,-3.545231560538986e-05
2018-10-12,0.04862875193135488,0.8755348612810272,-0.00019348868924603087,0.8755348612810272,-0.06491228070175425,0.04864654804630462
2018-10-15,-0.06667614547070268,0.7548933452725749,-0.06667614547070268,0.7548933452725749,-0.07317073170731714,-0.06405024062015503
2018-10-16,0.049565136966426546,0.7974687911932673,0.049565136966426546,0.7974687911932673,0.05668016194331993,0.049565136966426546
2018-10-17,-0.010125351863934815,0.9776492756785788,-0.010125351863934815,0.9776492756785788,-0.013409961685823757,-0.010125351863934815
2018-10-18,-0.0016090973832054163,0.9447450738962128,-0.0016090973832054163,0.9447450738962128,-0.001941747572815511,-0.0016090973832054163
2018-10-19,-0.0361541544218898,0.9776492756785788,-0.0361541544218898,0.9776492756785788,-0.03696498054474706,-0.0361541544218898
2018-10-22,0.03815506603632957,0.9776492756785788,0.03815506603632957,0.9776492756785788,0.04040404040404044,0.03815506603632957
2018-10-23,0.039871382127891944,0.9447450738962128,0.039871382127891944,0.9447450738962128,0.040776699029126284,0.039871382127891944
2018-10-24,-0.029196110292045042,0.8755348612810272,-0.029196110292045042,0.8755348612810272,-0.02985074626865669,-0.029196110292045042
2018-10-25,-0.018197956888558107,0.613408237932644,-0.018197956888558107,0.613408237932644,-0.019230769230769273,-0.018197956888558107
2018-10-26,0.01877233307375735,0.27830227900221266,0.01877233307375735,0.27830227900221266,0.021568627450980316,0.01877233307375735
2018-10-29,0.0010622892075867949,0.21758407049081485,0.0010622892075867949,0.21758407049081485,0.0019193857965451588,0.0010622892075867949
2018-10-30,-0.003727400435339171,0.7099815003377987,-0.003727400435339171,0.7099815003377987,-0.013409961685823757,-0.003697041331083472
2018-10-31,0.002349437833241439,0.837678471994783,0.002349437833241439,0.837678471994783,0.011650485436893288,0.003082484832936456
2018-11-01,0.010837978774636735,0.27830227900221266,0.010837978774636735,0.27830227900221266,0.015355086372360827,0.010837978774636735
2018-11-02,0.029808635762561552,0.8755348612810272,0.029808635762561552,0.8755348612810272,0.035916824196597474,0.029808635762561552
2018-11-05,0.0009409457869256207,0.6627920691587285,0.0009409457869256207,0.6627920691587285,0.0036496350364962904,0.0009409457869256207
2018-11-06,0.0014987773171377561,0.031327727361609194,0.0014987773171377561,0.031327727361609194,0.0018181818181817189,0.001474085401524714
2018-11-07,0.0008969591380844526,-0.39633697601347395,0.0008969591380844526,0.0,0.001814882032667775,0.0008334607048223366
2018-11-08,4.089608424085657e-05,-0.5084988673712059,0.00023906457224759356,0.0,0.005434782608695565,1.2442199243465273e-05
2018-11-09,0.008056276729418414,-0.7974687911932674,0.0001840746374215385,0.0,-0.01981981981981984,0.009223107639188403
2018-11-12,-0.002013966091952222,0.8755348612810272,0.0,0.8755348612810272,0.003676470588235281,-0.0020529991269961022
2018-11-13,-0.019789031478399898,0.7974687911932673,-0.0004183943437329322,0.7974687911932673,0.023809523809523725,-0.0216852680871539
2018-11-14,0.02345715801189801,-0.33795704239702445,0.02345715801189801,0.0,0.026833631484794118,0.02345715801189801
2018-11-15,0.000849070053584207,-0.27830227900221255,0.0010180485747827194,0.0,0.0017421602787457413,0.000849070053584207
2018-11-16,-0.005073389309821529,-0.45324474600825654,0.00018401224165676133,0.0,0.01565217391304352,-0.005073389309821529
2018-11-19,-0.0032004841239763734,-0.7974687911932674,0.00017429531436086165,0.0,0.011986301369863117,-0.003228111184657848
2018-11-20,0.0022974558018041685,-0.031327727361609055,0.00011617662719887178,0.0,-0.005076142131979711,0.002611979873360415
2018-11-21,0.02171695976200515,-0.33795704239702445,0.00022264600253629752,0.0,-0.027210884353741527,0.021748226057929552
2018-11-22,-0.00046657005799177775,-0.7974687911932674,0.00017420591138739283,0.0,0.01573426573426584,-0.0014083146321143315
2018-11-23,0.0019036881434855496,0.031327727361609194,0.0002902926149557228,0.031327727361609194,-0.005163511187607606,0.0019036881434855496
2018-11-26,0.04111581960042789,-0.6627920691587282,6.172503488176465e-05,0.0,-0.05190311418685112,0.0411471473277895
2018-11-27,7.185147143374919e-05,-0.45324474600825654,0.00040324750601311327,0.0,0.012773722627737127,-0.0007195468011900984
2018-11-28,0.001089446282854893,-0.09386031921040802,0.0,0.0,-0.0018018018018017834,0.0011785046300712828
2018-11-29,-0.011464802032751832,0.5084988673712059,0.00011610468772693672,0.5084988673712059,0.025270758122743597,-0.012851244644510859
2018-11-30,0.002315095883830574,-0.21758407049081485,-0.0001284839572765242,0.0,-0.02640845070422515,0.003989605472133006
2018-12-03,0.016188458734833305,0.7099815003377987,0.016297250770078712,0.7099815003377987,0.032549728752260254,0.012563341436221813
2018-12-04,-0.001705345654374515,0.15602576453798608,-0.00012283528339121562,0.15602576453798608,0.007005253940455258,-0.0021469551640231985
2018-12-05,-0.005199151171153415,-0.21758407049081485,-0.005199151171153415,0.0,-0.006956521739130417,-0.005199151171153415
2018-12-06,0.0005392484912398309,-0.754893345272575,0.0006480405264852383,0.0,0.003502626970227629,0.000508889386984132
2018-12-07,0.002171494203262848,-0.9776492756785788,0.00044474093840340956,0.0,-0.008726003490401424,0.0027586844799514574
2018-12-10,0.005204772353617942,-0.9111270911804993,0.0,0.0,-0.007042253521126751,0.005204772353617942
2018-12-11,0.0017001596093086995,-0.8755348612810272,0.0,0.0,-0.0017730496453900457,0.0017001596093086995
2018-12-12,-0.00483588182114944,-0.9776492756785788,1.9330581947141212e-05,0.0,0.005328596802842034,-0.00483588182114944
2018-12-13,-0.003144819967909141,-0.8376784719947828,0.0,0.0,0.0035335689045936647,-0.003144819967909141
2018-12-14,0.007235457984492585,-0.27830227900221255,0.00021267134543645483,0.0,-0.007042253521126751,0.007215353144091828
2018-12-17,0.011850927788884132,-0.27830227900221255,0.00013530753469659373,0.0,-0.014184397163120366,0.01129524187421371
2018-12-18,0.00270036465613634,-0.7099815003377987,0.00015461626176538346,0.0,-0.008992805755395739,0.00270036465613634
2018-12-19,-0.0007209254164794029,-0.6627920691587282,0.0,0.0,0.001814882032667775,-0.000743381338946791
2018-12-20,0.01283838898618216,-0.754893345272575,0.0,0.0,-0.018115942028985477,0.013629553442967964
2018-12-21,-0.0008511636154026109,-0.754893345272575,0.00025123443071239926,0.0,0.0018450184501845879,-0.0008511636154026109
2018-12-24,0.00298389072196217,-0.561935209500679,0.0001159252282276757,0.0,-0.0036832412523020164,0.0029614347994947818
2018-12-25,0.004089620813477654,-0.15602576453798608,0.0,0.0,-0.00554528650646946,0.003863027688247578
2018-12-26,0.0008415345145087354,-0.27830227900221255,0.0,0.0,-0.0018587360594795044,0.0008415345145087354
2018-12-27,-0.003302017488961223,-0.33795704239702445,0.00021256449399964517,0.0,0.022346368715083775,-0.003331844870658629
2018-12-28,0.011220623111505288,-0.7974687911932674,0.0008698521251389035,0.0,-0.03642987249544627,0.013475556740135343
2019-01-02,-0.0007082280264407901,-0.9111270911804993,0.00011987532965718195,0.0,0.001890359168241984,-0.0006869403034804438
2019-01-03,0.004083580313446909,-0.8376784719947828,0.0006292700467458445,0.0,-0.0037735849056603765,0.003892635192513474
2019-01-04,0.011881316710314085,0.8755348612810272,0.0008185348226672495,0.8755348612810272,-0.011363636363636354,0.011424129624365075
2019-01-07,-0.028678992340295785,0.7974687911932673,0.00014072271009256529,0.7974687911932673,0.034482758620689724,-0.025830830614397716
2019-01-08,0.012931853798749135,0.09386031921040802,0.012931853798749135,0.09386031921040802,0.014814814814814836,0.012931853798749135
2019-01-09,0.0040139008252855985,-0.33795704239702445,0.0040139008252855985,0.0,0.005474452554744547,0.0040139008252855985
2019-01-10,-0.0007269449015500421,-0.9776492756785788,-0.0005579663803515298,0.0,-0.005444646098003658,-0.0006971175198526361
2019-01-11,-0.0006962140780095497,-0.27830227900221255,0.0001796335475630073,0.0,0.0018248175182482562,-0.0006114462983036067
2019-01-14,-0.0019331285593156902,-0.27830227900221255,9.977849174824804e-05,0.0,0.0018214936247722413,-0.0018903839005314311
2019-01-15,0.000544264448104362,0.27830227900221266,2.993056109845682e-05,0.27830227900221266,-0.0018181818181818299,0.00040169127105102746
2019-01-16,-0.004713104190509567,0.15602576453798608,-3.9385588545962064e-05,0.15602576453798608,0.016393442622950838,-0.004742931572206973
2019-01-17,-0.001550187730242235,0.5084988673712059,-0.001550187730242235,0.5084988673712059,-0.005376344086021501,-0.0018705555830081963
2019-01-18,-0.0017872302896153787,-0.39633697601347395,-0.0017872302896153787,0.0,-0.010810810810810811,-0.0024541911591656573
2019-01-21,0.006080199293411537,-0.27830227900221255,0.006278367781418274,0.0,0.012750455373406133,0.006758678742190631
2019-01-22,0.0001220266916694448,-0.15602576453798608,0.00012965641051199128,0.0,0.0,0.00014364732583903238
2019-01-23,0.00315883268297589,-0.9776492756785788,0.00016952871018593996,0.0,-0.010791366906474864,0.00315883268297589
2019-01-24,-0.0006599161982437423,-0.9776492756785788,2.9911760306866597e-05,0.0,0.0018181818181817189,-0.0006599161982437423
2019-01-25,-0.00849695357911395,-0.9111270911804993,0.00018943548226291185,0.0,0.00907441016333932,-0.00849695357911395
2019-01-28,0.00530096692573566,-0.33795704239702445,2.9905200514379615e-05,0.0,-0.0053956834532373765,0.00530096692573566
2019-01-29,0.016684800631730456,-0.031327727361609055,0.00025917065390745897,0.0,-0.018083182640144635,0.016593834992800937
2019-01-30,0.004203405962701749,0.5619352095006791,0.0,0.5619352095006791,-0.012891344383057057,0.0019490328447007614
2019-01-31,0.000366234839910936,0.5084988673712059,-9.161141579268285e-05,0.5084988673712059,-0.014925373134328401,0.00034049832569495354
2019-02-01,-0.003860400260902066,0.9776492756785788,-0.003860400260902066,0.9776492756785788,-0.007575757575757569,-0.00429911602338204
2019-02-11,0.013351272397367131,0.9447450738962128,0.013351272397367131,0.9447450738962128,0.026717557251908497,0.014805679098608639
2019-02-12,0.02724253990666179,0.8755348612810272,0.02724253990666179,0.8755348612810272,0.027881040892193232,0.02724253990666179
2019-02-13,0.017053243092500583,0.7974687911932673,0.017053243092500583,0.7974687911932673,0.018083182640144413,0.017053243092500583
2019-02-14,0.01241558841082356,0.7548933452725749,0.01241558841082356,0.7548933452725749,0.014209591474245054,0.012435693251224317
2019-02-15,-0.0013916994206345612,0.5619352095006791,-0.0013916994206345612,0.5619352095006791,-0.0017513134851138146,-0.0014874268743595126
2019-02-18,0.005213214637309216,0.9776492756785788,0.005213214637309216,0.9776492756785788,0.007017543859649145,0.005186496466244479
2019-02-19,0.015543030537273458,0.9111270911804993,0.015543030537273458,0.9111270911804993,0.027874564459930307,0.014037433076686952
2019-02-20,0.006596648628539639,0.6627920691587285,0.006596648628539639,0.6627920691587285,0.006779661016949268,0.006596648628539639
2019-02-21,-0.003186630441279964,0.5619352095006791,-0.003186630441279964,0.5619352095006791,-0.0033670033670033517,-0.003186630441279964
2019-02-22,-0.0011599458222337424,0.9111270911804993,-0.0011599458222337424,0.9111270911804993,-0.0016891891891891442,-0.0011599458222337424
2019-02-25,0.02644839198812627,0.9776492756785788,0.02644839198812627,0.9776492756785788,0.04737732656514382,0.02644839198812627
2019-02-26,0.03824763123997565,0.9111270911804993,0.03824763123997565,0.9111270911804993,0.042003231017770704,0.03824763123997565
2019-02-27,-0.015180386260221161,0.7548933452725749,-0.015180386260221161,0.7548933452725749,-0.015503875968992276,-0.015180386260221161
2019-02-28,-3.039655360532968e-05,0.3379570423970245,-3.039655360532968e-05,0.3379570423970245,0.0,-9.108830644983482e-06
2019-03-01,0.0034773169444138807,0.39633697601347395,0.0034773169444138807,0.39633697601347395,0.0047244094488188,0.003636440051264917
2019-03-04,0.004208515893969534,0.6627920691587285,0.004208515893969534,0.6627920691587285,0.012539184952978122,0.0041800620089721425
2019-03-05,0.00538849502946646,0.9111270911804993,0.00538849502946646,0.9111270911804993,0.01393188854489158,0.006209781623369486
2019-03-06,0.02724060483202908,0.837678471994783,0.02724060483202908,0.837678471994783,0.04122137404580162,0.02724060483202908
2019-03-07,0.014675655740735412,0.45324474600825654,0.014675655740735412,0.45324474600825654,0.01612903225806428,0.014675655740735412
2019-03-08,0.007076539688093641,0.9111270911804993,0.007076539688093641,0.9111270911804993,0.008658008658008587,0.007104166748775115
2019-03-11,-0.016406817562958184,0.9447450738962128,-0.016406817562958184,0.9447450738962128,-0.03576537911301847,-0.018358668970444386
2019-03-12,0.050002319472451845,0.9447450738962128,0.050002319472451845,0.9447450738962128,0.054896142433234374,0.050002319472451845
2019-03-13,0.01065309861926805,0.8755348612810272,0.01065309861926805,0.8755348612810272,0.011251758087201136,0.01065309861926805
2019-03-14,-0.03419784839045436,0.7099815003377987,-0.03419784839045436,0.7099815003377987,-0.03616133518776077,-0.03419784839045436
2019-03-15,-0.011448415247848256,0.15602576453798608,-0.011448415247848256,0.15602576453798608,-0.01298701298701288,-0.011448415247848256
2019-03-18,0.008026899329033332,0.3379570423970245,0.008026899329033332,0.3379570423970245,0.011695906432748426,0.008026899329033332
2019-03-19,0.004477116462352293,-0.031327727361609055,0.004477116462352293,0.0,0.028901734104046284,0.004477116462352293
2019-03-20,-0.0015494537089749101,-0.15602576453798608,-0.0015337898452941056,0.0,-0.004213483146067398,-0.0015494537089749101
2019-03-21,0.0001898602876894301,-0.33795704239702445,0.00015886096686767992,0.0,-0.0028208744710860323,0.0001898602876894301
2019-03-22,-0.002277524614329581,-0.45324474600825654,0.00020847190096584534,0.0,0.01555869872701554,-0.002277524614329581
2019-03-25,0.004066439197397226,-0.39633697601347395,0.00026797943505973976,0.0,-0.011142061281337101,0.004066439197397226
2019-03-26,-0.003728912717819706,-0.09386031921040802,8.930254710692864e-05,0.0,0.008450704225352101,-0.003728912717819706
2019-03-27,0.010919626923371492,-0.21758407049081485,0.0,0.0,-0.027932960893854775,0.010919626923371492
2019-03-28,-0.00033157543658964364,-0.33795704239702445,0.0,0.0,0.002873563218390718,-0.0003619345408453425
2019-03-29,0.0029507566237206998,0.15602576453798608,0.0001687093732942735,0.15602576453798608,-0.012893982808022897,0.003774258995561819
2019-04-01,-0.012390101866749196,0.6627920691587285,1.1288778742072242e-05,0.6627920691587285,0.036284470246734424,-0.012390101866749196
2019-04-02,0.005444162062714541,-0.39633697601347395,0.005444162062714541,0.0,0.035014005602240994,0.005444162062714541
2019-04-03,0.002261406929855632,-0.561935209500679,0.0024595754178623687,0.0,0.004059539918809252,0.002261406929855632
2019-04-04,-0.003552916572270532,-0.9776492756785788,0.0005751172545092054,0.0,0.010781671159029615,-0.0035261984012057955
2019-04-08,-0.0037219073938965876,-0.9776492756785788,0.00014865172881983746,0.0,0.006666666666666599,-0.003400326688737528
2019-04-09,0.018128595840397537,-0.9776492756785788,0.0,0.0,-0.018543046357615944,0.018128595840397537
2019-04-10,-0.00923555321153851,-0.9776492756785788,0.0,0.0,0.009446693657219951,-0.00923555321153851
2019-04-11,0.0014246392828385457,-0.8755348612810272,5.947542673601092e-05,0.0,-0.0013368983957219305,0.0014246392828385457
2019-04-12,0.019835285854711966,-0.9447450738962128,0.00012885576084387118,0.0,-0.02008032128514059,0.019835285854711966
2019-04-15,-0.009361649780311013,-0.9111270911804993,0.00012883915917583089,0.0,0.010928961748633892,-0.009361649780311013
2019-04-16,0.02168679405760918,-0.7099815003377987,0.0,0.0,-0.02297297297297296,0.02168679405760918
2019-04-17,-0.02118308676757551,-0.7974687911932674,0.00017839975420486098,0.0,0.023513139695712226,-0.02118308676757551
2019-04-18,-0.0027525993216292836,-0.8376784719947828,9.909329633850383e-05,0.0,0.004054054054054124,-0.0027525993216292836
2019-04-19,0.0034313522809263667,-0.8376784719947828,0.00012880852117902464,0.0,-0.004037685060565233,0.0034313522809263667
2019-04-22,-0.008655451209889293,-0.754893345272575,0.00021795557669057608,0.0,0.010810810810810922,-0.008655451209889293
2019-04-23,0.0068417718744669615,-0.6134082379326439,8.914421553107843e-05,0.0,-0.008021390374331583,0.0068417718744669615
2019-04-24,0.009155167796308318,-0.45324474600825654,3.961611979907964e-05,0.0,-0.0121293800539084,0.009155167796308318
2019-04-25,-0.0017537740732000116,-0.09386031921040802,0.0,0.0,0.0027285129604366354,-0.0017537740732000116
2019-04-26,0.016686005198785138,-0.21758407049081485,0.0001485575066109135,0.0,-0.03673469387755102,0.016686005198785138
2019-04-29,0.0002032802690219689,-0.21758407049081485,0.0,0.0,-0.0028248587570621764,0.0002032802690219689
2019-04-30,0.010205095690810543,0.031327727361609194,0.0005347646540367901,0.031327727361609194,-0.04390934844192618,0.010205095690810543
2019-05-06,0.00987133369093126,0.6627920691587285,0.0002515755531433564,0.6627920691587285,-0.04444444444444451,0.00987133369093126
2019-05-07,-0.0009196774041606876,0.613408237932644,-0.0009196774041606876,0.613408237932644,-0.023255813953488413,-0.0009196774041606876
2019-05-08,-0.005268265027680079,0.15602576453798608,-0.005268265027680079,0.15602576453798608,-0.007936507936507908,-0.005268265027680079
2019-05-09,0.01060554062581256,0.45324474600825654,0.01060554062581256,0.45324474600825654,0.01760000000000006,0.010574457903148772
2019-05-10,0.0008744291571289245,0.9447450738962128,0.0008744291571289245,0.9447450738962128,0.0062893081761006275,0.0004838974941367464
2019-05-13,0.003376350988883477,0.613408237932644,0.003376350988883477,0.613408237932644,0.0078125,0.002911749024758714
2019-05-14,-0.00602072713843878,0.39633697601347395,-0.00602072713843878,0.39633697601347395,-0.006201550387596955,-0.00602072713843878
2019-05-15,0.007566221843880785,0.6627920691587285,0.007566221843880785,0.6627920691587285,0.012480499219968744,0.007507204495375154
2019-05-16,0.006584348318062506,0.21758407049081485,0.006584348318062506,0.21758407049081485,0.016949152542372836,0.004524742884620249
2019-05-17,0.004898589949609285,0.837678471994783,0.004898589949609285,0.837678471994783,0.007575757575757569,0.00495877643556239
2019-05-20,-0.009471481747733665,0.031327727361609194,-0.009471481747733665,0.031327727361609194,-0.04210526315789476,-0.014479630920989391
2019-05-21,0.003562797470272953,0.7974687911932673,0.003562797470272953,0.7974687911932673,0.0047095761381474865,0.003562797470272953
2019-05-22,0.00022347545728260121,-0.031327727361609055,0.00022347545728260121,0.0,0.018750000000000044,0.00022347545728260121
2019-05-23,-0.008970173674328745,0.7099815003377987,-0.00895450981064794,0.7099815003377987,-0.010736196319018454,-0.008970173674328745
2019-05-24,0.0005312021628700399,-0.27830227900221255,-0.00018695010410199673,0.0,-0.023255813953488413,0.0005312021628700399
2019-05-27,-0.0027222549220881813,0.9111270911804993,-0.002583103782587075,0.9111270911804993,-0.0031746031746031633,-0.0027222549220881813
2019-05-28,-0.007976785775258453,0.09386031921040802,-0.00033697709606835387,0.09386031921040802,0.027070063694267565,-0.007976785775258453
2019-05-29,-0.0004086333859850456,-0.33795704239702445,-0.0004086333859850456,0.0,0.0,-0.0004398996819094451
2019-05-30,-0.0003636909020077767,-0.45324474600825654,-0.0001947123808092645,0.0,-0.0031007751937984773,-0.00012863891144664064
2019-05-31,-0.00035852678762420784,-0.7099815003377987,0.00016795099782673795,0.0,0.0015552099533437946,-0.00035852678762420784
2019-06-03,-0.001435476612705119,-0.6627920691587282,6.914468030472243e-05,0.0,0.0031055900621117516,-0.0014579325351725073
2019-06-04,0.012268550040988533,-0.6134082379326439,0.00011852554225422196,0.0,-0.017027863777089758,0.013016170096822826
2019-06-05,0.008374709382501818,-0.9776492756785788,2.9627873903592672e-05,0.0,-0.012598425196850394,0.008374709382501818
2019-06-06,0.00015248255835059024,-0.21758407049081485,0.00020738897283201219,0.0,0.0,0.00015248255835059024
2019-06-10,0.027901245862202474,0.45324474600825654,0.00010860979462878895,0.45324474600825654,-0.028708133971291905,0.027901245862202474
2019-06-11,-0.002836380735730187,0.9447450738962128,-0.00022662237300412826,0.9447450738962128,0.011494252873563315,-0.002836380735730187
2019-06-12,0.018949484287910535,0.39633697601347395,0.018949484287910535,0.39633697601347395,0.04220779220779214,0.018949484287910535
2019-06-13,-0.014985495868381589,-0.21758407049081485,-0.014985495868381589,0.0,-0.015576323987538943,-0.014985495868381589
2019-06-14,0.004213935066012751,-0.39633697601347395,0.004322727101258158,0.0,0.011075949367088667,0.004183575961757052
2019-06-17,0.004068803408850789,-0.7974687911932674,5.9210721087721296e-05,0.0,-0.018779342723004744,0.005243005729178005
2019-06-18,0.0024105728732051203,-0.9776492756785788,5.9207215385992384e-05,0.0,-0.006379585326953707,0.0024105728732051203
2019-06-19,-0.02185087587672999,-0.6134082379326439,0.0,0.0,0.027287319422151013,-0.02183442377583881
2019-06-20,0.012058011767053968,-0.45324474600825654,9.868453514361164e-06,0.0,-0.012499999999999956,0.011687528547692902
2019-06-21,-0.03459117177341219,-0.45324474600825654,0.00026644561548949675,0.0,0.05696202531645578,-0.03741570862824277
2019-06-24,0.008314168984753989,-0.9111270911804993,0.00011838872939295975,0.0,-0.017964071856287456,0.008314168984753989
2019-06-25,0.0013822724757340237,-0.7974687911932674,0.00015783295354765414,0.0,-0.0030487804878048808,0.0013822724757340237
2019-06-26,0.013987874460930333,-0.9776492756785788,5.9178017339345246e-05,0.0,-0.015290519877675823,0.013987874460930333
2019-06-27,-0.005043312547790822,-0.8755348612810272,0.0,0.0,0.006211180124223503,-0.005043312547790822
2019-06-28,-0.010182969466593984,-0.8376784719947828,0.00021698178339280005,0.0,0.010802469135802406,-0.010182969466593984
2019-07-01,-0.0013556226393470411,0.39633697601347395,0.0,0.39633697601347395,0.0015267175572519776,-0.0013556226393470411
2019-07-02,-0.011620263668363431,-0.7099815003377987,6.808269533171369e-05,0.0,0.013719512195121908,-0.011620263668363431
2019-07-03,-0.002824067677109037,-0.561935209500679,-0.0024690769269401372,0.0,-0.006015037593984918,-0.002824067677109037
2019-07-04,0.002276438055396583,-0.7974687911932674,0.00011828020580750831,0.0,-0.00302571860816947,0.002276438055396583
2019-07-05,0.00273284004525471,-0.9447450738962128,0.00018725484398740555,0.0,-0.004552352048558417,0.00273284004525471
2019-07-08,0.009775572706868827,-0.15602576453798608,6.897571069619524e-05,0.0,-0.012195121951219523,0.009775572706868827
2019-07-09,0.01855885942039921,-0.39633697601347395,0.0,0.0,-0.020061728395061706,0.01855885942039921
2019-07-10,-5.181170061297032e-05,-0.6134082379326439,5.9119707554344814e-05,0.0,0.0,-5.181170061297032e-05
2019-07-11,-5.350486191611848e-05,-0.6134082379326439,3.941080841429745e-05,0.0,0.0,-5.350486191611848e-05
2019-07-12,0.0030887413265518427,-0.7974687911932674,0.00011822776579095695,0.0,-0.0047244094488189115,0.0030887413265518427
2019-07-15,-4.434850112049301e-05,-0.09386031921040802,2.9553447409513822e-05,0.0,0.0,-4.434850112049301e-05
2019-07-16,-0.0089897554808524,-0.6134082379326439,0.000108359438107275,0.0,0.011075949367088667,-0.0089897554808524
2019-07-17,-0.0004458035245471852,-0.9447450738962128,9.849790691940363e-05,0.0,0.003129890453834161,-0.00042006701033120273
2019-07-18,-0.002877632123162223,-0.031327727361609055,9.848820603730601e-05,0.0,0.004680187207488196,-0.0026675347144098182
2019-07-19,0.014443064600139655,-0.27830227900221255,0.00011817420847903826,0.0,-0.01552795031055898,0.014443064600139655
2019-07-22,-0.0004098090295041473,0.613408237932644,9.84668708192693e-06,0.613408237932644,0.009463722397476282,-0.00037944992524844846
2019-07-23,0.0058308108736798816,0.7974687911932673,-0.0001590052670787321,0.7974687911932673,-0.021874999999999978,0.0044992992414499096
2019-07-24,0.013641589014817268,0.7548933452725749,0.013641589014817268,0.7548933452725749,0.022364217252396124,0.014748662058184798
2019-07-25,0.006216912683346879,0.21758407049081485,0.006216912683346879,0.21758407049081485,0.0078125,0.006509362557458041
2019-07-26,0.0056290772079383745,-0.15602576453798608,0.0056290772079383745,0.0,0.007751937984496138,0.005659436312194073
2019-07-29,-0.0008254905884262436,-0.9447450738962128,-0.0007474777061572506,0.0,-0.003076923076923088,-0.0010450654302901357
2019-07-30,-0.00011944587864695091,-0.561935209500679,2.9526396598589244e-05,0.0,-0.0015432098765432167,-0.00011944587864695091
2019-07-31,-0.005783359837836912,-0.21758407049081485,0.00012794394087034533,0.0,0.0061823802163833985,-0.005810078008901648
2019-08-01,0.00431283693578211,0.09386031921040802,0.00010824640818718478,0.09386031921040802,-0.007680491551459334,0.003923353440478361
2019-08-02,0.0037169958737916413,0.45324474600825654,9.082308497555876e-05,0.45324474600825654,-0.017027863777089758,0.0037169958737916413
2019-08-05,-0.000551808798874952,0.39633697601347395,-0.000551808798874952,0.39633697601347395,-0.0047244094488189115,-0.0006061540306211632
2019-08-06,-0.006439859410670855,0.9776492756785788,-0.006439859410670855,0.9776492756785788,-0.014240506329113889,-0.008022111832767818
2019-08-07,-0.005956850441573097,0.5084988673712059,-0.005956850441573097,0.5084988673712059,-0.014446227929374,-0.00675609697045438
2019-08-08,-0.0018259585328449924,0.7974687911932673,-0.0018259585328449924,0.7974687911932673,-0.0016286644951140072,-0.0017027612938943079
2019-08-09,0.008247446552044154,0.9111270911804993,0.008247446552044154,0.9111270911804993,0.01631321370309946,0.012268024350789844
2019-08-12,-0.007719182435711074,0.9776492756785788,-0.007719182435711074,0.9776492756785788,-0.009630818619582704,-0.009093778391553535
2019-08-13,0.0073555078014515985,0.7548933452725749,0.0073555078014515985,0.7548933452725749,0.008103727714748876,0.0076427644872498635
2019-08-14,0.009319981691850885,0.613408237932644,0.009319981691850885,0.613408237932644,0.009646302250803762,0.009380302449855112
2019-08-15,-0.010886867969723173,0.5619352095006791,-0.010886867969723173,0.5619352095006791,-0.014331210191082855,-0.012606571195058576
2019-08-16,0.009940939658471752,0.3379570423970245,0.009940939658471752,0.3379570423970245,0.016155088852988664,0.012185464877440232
2019-08-19,0.009715176742374158,0.9776492756785788,0.009715176742374158,0.9776492756785788,0.01748807631160565,0.011486184622599616
2019-08-20,0.008735236554789859,0.8755348612810272,0.008735236554789859,0.8755348612810272,0.026562500000000044,0.011841609974359683
2019-08-21,-0.0015355927612494512,0.031327727361609194,-0.0015355927612494512,0.031327727361609194,-0.0015220700152207556,-0.0015355927612494512
2019-08-22,0.0009272318805286601,0.15602576453798608,0.0009272318805286601,0.15602576453798608,0.0015243902439023849,0.0009584981764530595
2019-08-23,0.00016636926291676627,-0.21758407049081485,0.00016636926291676627,0.0,0.004566210045662045,0.00047764213051353836
2019-08-26,-0.0034218079340597946,0.15602576453798608,-0.0033130158988143874,0.15602576453798608,-0.021212121212121238,-0.003359946058419591
2019-08-27,-0.006237556289961266,0.9111270911804993,-6.81879623420335e-05,0.9111270911804993,0.02786377708978338,-0.002729498963881398
2019-08-28,0.0004020121001812021,0.031327727361609194,0.0004020121001812021,0.031327727361609194,0.004518072289156683,0.0004198082151309381
2019-08-29,0.0009409503694070792,-0.45324474600825654,0.0009409503694070792,0.0,0.0014992503748125774,0.0008800012527183717
2019-08-30,-0.0001274357718171143,0.45324474600825654,9.918660118701397e-05,0.45324474600825654,-0.0014970059880239361,3.6603598152118726e-05
2019-09-02,0.005762404357176554,0.9447450738962128,-0.0001578776516165025,0.9447450738962128,-0.013493253373313308,0.005019075173931024
2019-09-03,0.010129529962894786,0.837678471994783,0.010129529962894786,0.837678471994783,0.022796352583586588,0.010146338954252643
2019-09-04,0.004157811753564335,0.7548933452725749,0.004157811753564335,0.7548933452725749,0.004457652303120341,0.004004658626442473
2019-09-05,0.017310165933915208,0.7099815003377987,0.017310165933915208,0.7099815003377987,0.020710059171597406,0.016498315569447603
2019-09-06,0.00221858888944884,0.21758407049081485,0.00221858888944884,0.21758407049081485,0.0028985507246377384,0.00221858888944884
2019-09-09,0.010013649555853961,0.9776492756785788,0.010013649555853961,0.9776492756785788,0.014450867052023142,0.009951787680213757
2019-09-10,0.003726111893337209,0.837678471994783,0.003726111893337209,0.837678471994783,0.0185185185185186,0.0013852154125996918
2019-09-11,0.005402891507645608,0.5619352095006791,0.005402891507645608,0.5619352095006791,0.005594405594405494,0.005361498944284504
2019-09-12,-0.014070804004654026,0.5084988673712059,-0.014070804004654026,0.5084988673712059,-0.016689847009735748,-0.012597628974112204
2019-09-16,0.006366198186684564,0.45324474600825654,0.006366198186684564,0.45324474600825654,0.011315417256011262,0.0069188601974991
2019-09-17,-0.0020454597255644526,0.9111270911804993,-0.0020454597255644526,0.9111270911804993,-0.004195804195804231,-0.002073913610561844
2019-09-18,-0.009777636664333109,-0.33795704239702445,-0.009777636664333109,0.0,-0.021067415730337102,-0.008589394785614277
2019-09-19,-0.0019317545362012678,0.7548933452725749,-0.0017627760150027555,0.7548933452725749,-0.0014347202295552641,-0.0018920834958080024
2019-09-20,-0.004732815519697038,-0.15602576453798608,-0.00024011502652033064,0.0,0.012931034482758674,-0.005462850370760122
2019-09-23,-0.00045065151514878696,0.39633697601347395,-0.00037263863287979393,0.39633697601347395,0.0,-0.00046393246531422857
2019-09-24,0.001352377621955786,-0.33795704239702445,-0.00012951344038952044,0.0,-0.009929078014184411,0.0025137273160645347
2019-09-25,0.0008691330772325122,0.39633697601347395,0.0010381115984310246,0.39633697601347395,0.002865329512893977,0.0008114892254268962
2019-09-26,0.004513288389221689,0.9111270911804993,-0.00015894626469530664,0.9111270911804993,-0.014285714285714346,0.006107133571918354
2019-09-27,-0.013308814069567609,0.7099815003377987,-0.013308814069567609,0.7099815003377987,-0.033333333333333215,-0.013308814069567609
2019-09-30,0.009531175311534051,0.15602576453798608,0.009531175311534051,0.15602576453798608,0.010494752623688264,0.009482888680331474
2019-10-08,-0.01081082802127968,-0.21758407049081485,-0.01081082802127968,0.0,-0.014836795252225476,-0.009329703668932378
2019-10-09,4.817364353678629e-05,0.27830227900221266,0.00015696567878219374,0.27830227900221266,0.001506024096385561,-4.1202809224543226e-05
2019-10-10,-0.002127606153056152,0.7974687911932673,-7.05714253804418e-05,0.7974687911932673,0.009022556390977376,-0.0038175319527877427
2019-10-11,0.0052524552188401965,-0.9111270911804993,0.0052524552188401965,0.0,0.019374068554396384,0.005273742941800543
2019-10-14,0.0038152134986510705,-0.15602576453798608,0.00427077704424132,0.0,0.005847953216374213,0.0035719640681435806
2019-10-15,-0.002558212038005844,0.613408237932644,0.00024486277889868013,0.613408237932644,0.0029069767441860517,-0.002664515930635991
2019-10-16,0.0010625882606878725,-0.6627920691587282,-0.00022836721151147635,0.0,-0.008695652173912882,0.0010625882606878725
2019-10-17,-0.005122078501006525,-0.9776492756785788,-0.004790682466427161,0.0,-0.007309941520467822,-0.005168129139063449
2019-10-18,-0.00043346275210576874,-0.7974687911932674,0.0004210361405672103,0.0,0.0014727540500736325,-0.000484276675626174
2019-10-21,0.011411665942211172,-0.9111270911804993,0.0,0.0,-0.0117647058823529,0.011411665942211172
2019-10-22,0.007063427914231961,-0.27830227900221255,0.0,0.0,-0.008928571428571397,0.007063427914231961
2019-10-23,-0.012628940665285157,-0.8376784719947828,0.0,0.0,0.013513513513513598,-0.01259911328358775
2019-10-24,0.0022942109387952747,-0.9776492756785788,7.83077691095535e-05,0.0,-0.008888888888888946,0.0028589743154403295
2019-10-25,0.0013080564121627648,-0.8376784719947828,6.85139327976092e-05,0.0,-0.001494768310911776,0.0013080564121627648
2019-10-28,-0.01753577063551724,0.837678471994783,4.8935170685826535e-05,0.837678471994783,0.017964071856287456,-0.01753577063551724
2019-10-29,-0.01902812739032418,0.15602576453798608,-0.00026225435231075247,0.15602576453798608,0.022058823529411686,-0.01902812739032418
2019-10-30,-0.017194276911573637,-0.39633697601347395,-0.017194276911573637,0.0,-0.020143884892086183,-0.017194276911573637
2019-10-31,-0.0011018024365733862,-0.45324474600825654,-0.0009036339485666491,0.0,-0.005873715124816492,-0.0011018024365733862
2019-11-01,0.005349707480292855,-0.6134082379326439,7.826180530412508e-05,0.0,-0.013293943870014813,0.005349707480292855
2019-11-04,-0.004744358944859542,-0.754893345272575,5.869176065509407e-05,0.0,0.010479041916167775,-0.0047186224306435594
2019-11-05,-0.003705754334011537,-0.9776492756785788,0.0,0.0,0.00592592592592589,-0.003486786252560844
2019-11-06,-0.0031548790343014104,-0.8755348612810272,0.00016628681541197565,0.0,0.004418262150220897,-0.0036075230267190784
2019-11-07,0.010138196655882501,-0.9776492756785788,7.823960880193326e-05,0.0,-0.01026392961876832,0.010138196655882501
2019-11-08,-0.011229642843632289,-0.9776492756785788,0.00026403802147512145,0.0,0.01333333333333342,-0.011229642843632289
2019-11-11,0.00896256473881697,0.15602576453798608,0.0001955320917044201,0.15602576453798608,-0.00877192982456143,0.00896256473881697
2019-11-12,0.019678603395733116,-0.754893345272575,-4.86888023118438e-05,0.0,-0.020648967551622488,0.019678603395733116
2019-11-13,0.0002494761282482798,-0.9447450738962128,0.0006269228008845673,0.0,0.004518072289156683,0.0002494761282482798
2019-11-14,0.007878953684365307,-0.39633697601347395,2.932407995714925e-05,0.0,-0.010494752623688153,0.007878953684365307
2019-11-15,-0.005847861935384938,-0.15602576453798608,7.819525354801904e-05,0.0,0.0060606060606061,-0.005847861935384938
2019-11-18,0.005415649299715452,-0.5084988673712059,0.0001172837092926482,0.0,-0.013554216867469937,0.005321972553765654
2019-11-19,-0.00174201215272435,0.7548933452725749,8.795246657800071e-05,0.7548933452725749,0.010687022900763399,0.00020616490373911206
2019-11-20,-0.010455177876920043,-0.21758407049081485,-0.00026995866732071723,0.0,0.01963746223564966,-0.008208578083399141
2019-11-21,-0.007196401776971293,-0.754893345272575,-0.0070876097417258855,0.0,-0.008888888888888946,-0.007196401776971293
2019-11-22,0.00027072241983789973,-0.09386031921040802,0.00017587227764370716,0.0,-0.001494768310911776,0.0002931783423052879
2019-11-25,0.007665759943897773,-0.6627920691587282,4.88448200071101e-05,0.0,-0.010479041916167664,0.007184122753854792
2019-11-26,0.0004789482118170735,-0.9776492756785788,4.884243430702817e-05,0.0,-0.0075642965204235635,-3.6954794386439074e-06
2019-11-27,-0.0005993064461416818,-0.9111270911804993,0.00034188034188020744,0.0,0.0015243902439023849,-0.0005656014923300873
2019-11-28,-0.001521311740161695,-0.8755348612810272,0.0,0.0,0.0015220700152207556,-0.001521311740161695
2019-11-29,0.0031808609709219407,-0.8755348612810272,0.00022461814914609413,0.0,-0.003039513677811523,0.0031619327762788182
2019-12-02,7.324948930488687e-05,-0.754893345272575,3.90552534197397e-05,0.0,0.0,5.284280378463409e-05
2019-12-03,3.1237527795020904e-05,0.21758407049081485,4.881716020821436e-05,0.21758407049081485,0.0,8.781605327632755e-06
2019-12-04,-0.004969316292017062,-0.5084988673712059,-4.045134715215832e-05,0.0,0.0060975609756097615,-0.00473626344887223
2019-12-05,0.0009556498673769668,0.7548933452725749,0.0012098993010625698,0.7548933452725749,0.0060606060606061,0.0016810774901706701
2019-12-06,-0.004269306894050063,0.5084988673712059,-0.0002505344470842314,0.5084988673712059,0.0075301204819278045,-0.0034041558311812617
2019-12-09,0.00669021247302211,-0.21758407049081485,0.00669021247302211,0.0,0.008968609865470878,0.007043286709697529
2019-12-10,-0.001111576306558594,0.7548933452725749,-0.0010027842713131866,0.7548933452725749,-0.001481481481481528,-0.001111576306558594
2019-12-11,-0.0023875401105972476,0.21758407049081485,-0.0003481683824884158,0.21758407049081485,0.008902077151335286,-0.0024088278335575937
2019-12-12,-0.0035727541113846177,-0.6627920691587282,-0.0035727541113846177,0.0,-0.004411764705882337,-0.0037864451831277567
2019-12-13,0.0008606596753962918,0.9447450738962128,0.001192055709975656,0.9447450738962128,0.005908419497784312,0.0008853515910093341
2019-12-16,-0.008281590157664174,0.9776492756785788,-0.0002869723164195088,0.9776492756785788,0.011747430249632762,-0.007685920902462931
2019-12-17,0.016437743670886136,0.9447450738962128,0.016437743670886136,0.9447450738962128,0.01741654571843254,0.016437743670886136
2019-12-18,0.006958539710013526,0.7099815003377987,0.006958539710013526,0.7099815003377987,0.007132667617689048,0.006958539710013526
2019-12-19,0.0025675745216565205,0.7548933452725749,0.0025675745216565205,0.7548933452725749,0.0028328611898016387,0.0025439798060669853
2019-12-20,0.003039688256017172,0.837678471994783,0.003039688256017172,0.837678471994783,0.004237288135593209,0.002847339678160364
2019-12-23,-0.008492243956515304,0.9776492756785788,-0.008492243956515304,0.9776492756785788,-0.011251758087201136,-0.008001478859913654
2019-12-24,-0.01910514222382335,0.9776492756785788,-0.01910514222382335,0.9776492756785788,-0.02275960170697,-0.01910514222382335
2019-12-25,0.014232010042973128,0.8755348612810272,0.014232010042973128,0.8755348612810272,0.01455604075691408,0.014232010042973128
2019-12-26,0.011170168338609874,0.837678471994783,0.011170168338609874,0.837678471994783,0.011477761836441891,0.011170168338609874
2019-12-27,0.006200246156065493,0.7548933452725749,0.006200246156065493,0.7548933452725749,0.007092198581560183,0.006200246156065493
2019-12-30,-0.0059405367323384405,0.5619352095006791,-0.0059405367323384405,0.5619352095006791,-0.007042253521126751,-0.0059405367323384405
2019-12-31,0.004323801729724188,0.5619352095006791,0.004323801729724188,0.5619352095006791,0.005673758865248235,0.004323801729724188
2020-01-02,0.009563406856286672,0.8755348612810272,0.009563406856286672,0.8755348612810272,0.016925246826516194,0.009563406856286672
2020-01-03,0.007010797621822209,0.5619352095006791,0.007010797621822209,0.5619352095006791,0.012482662968099856,0.007010797621822209
2020-01-06,-0.0025505542251338517,0.7099815003377987,-0.0025505542251338517,0.7099815003377987,-0.002739726027397249,-0.0025772723961985885
2020-01-07,0.006153577040007022,0.837678471994783,0.006153577040007022,0.837678471994783,0.01098901098901095,0.0055460489471283285
2020-01-08,0.008652735750636876,0.9447450738962128,0.008652735750636876,0.9447450738962128,0.012228260869565188,0.008652735750636876
2020-01-09,0.0010789691498012816,0.7548933452725749,0.0010789691498012816,0.7548933452725749,0.0013422818791946067,0.0010789691498012816
2020-01-10,0.007514591003795627,0.21758407049081485,0.007514591003795627,0.21758407049081485,0.008042895442359255,0.007514591003795627
2020-01-13,-0.0022567805063155202,0.6627920691587285,-0.0022567805063155202,0.6627920691587285,-0.0026595744680850686,-0.0023186423819557232
2020-01-14,0.003375858742132998,-0.031327727361609055,0.003375858742132998,0.0,0.016000000000000014,0.0013529367021989005
2020-01-15,-0.0037993670165494572,-0.561935209500679,-0.003783703152868653,0.0,-0.005249343832021025,-0.0037993670165494572
2020-01-16,-0.0002860543849876425,-0.39633697601347395,1.9953707398823184e-05,0.0,0.0013192612137202797,-0.0003117908992036249
2020-01-17,0.001234130339179039,-0.45324474600825654,0.00036913622124212786,0.0,-0.0013175230566534468,0.0013236651709266044
2020-01-20,0.0020630341150736967,0.27830227900221266,0.0,0.27830227900221266,-0.00527704485488123,0.0023641657942433452
2020-01-21,-0.006804160260287269,-0.09386031921040802,-1.946233040492072e-05,0.0,0.01458885941644561,-0.007631268629728449
2020-01-22,-0.0039718914070415836,-0.5084988673712059,-0.00392496124743638,0.0,-0.014379084967320321,-0.0039718914070415836
2020-01-23,0.0001408692746682028,0.613408237932644,0.0008873202927157653,0.613408237932644,0.006631299734747964,0.00011415110360346625
2020-02-03,0.060405313813329246,0.9776492756785788,-0.000306704118966322,0.9776492756785788,-0.11989459815546766,0.06678532440877577
2020-02-04,-0.009330207701343386,0.45324474600825654,-0.009330207701343386,0.45324474600825654,-0.014970059880239583,-0.009330207701343386
2020-02-05,0.017574171541356553,0.9447450738962128,0.017574171541356553,0.9447450738962128,0.01823708206686936,0.017574171541356553
2020-02-06,0.0167153825669868,0.9776492756785788,0.0167153825669868,0.9776492756785788,0.03731343283582067,0.016698930466095618
2020-02-07,0.01766769623882676,0.5619352095006791,0.01766769623882676,0.5619352095006791,0.018705035971223083,0.01829208495266483
2020-02-10,0.008077306320119323,-0.031327727361609055,0.008077306320119323,0.0,0.008474576271186418,0.008103042834335305
2020-02-11,0.012295754178642851,-0.6627920691587282,0.012311418042323656,0.0,0.022408963585434094,0.013392208588266386
2020-02-12,-0.0001253610928803257,-0.031327727361609055,5.975500448163196e-05,0.0,-0.004109589041095929,0.00016662509252339574
2020-02-13,-0.012946793546480921,-0.6627920691587282,7.966857871255506e-05,0.0,0.01925722145804687,-0.012915527250556521
2020-02-14,-8.859933127596344e-05,-0.8376784719947828,0.00017924002230551572,0.0,-0.0013495276653171517,6.29566861032187e-05
2020-02-17,-0.0045657679930310845,0.3379570423970245,0.0,0.3379570423970245,0.006756756756756799,-0.004256785373332742
2020-02-18,-0.03284778602193776,0.27830227900221266,2.0200442100773474e-05,0.27830227900221266,0.03892617449664426,-0.03287697598874599
2020-02-19,0.007928497334677535,-0.33795704239702445,0.007928497334677535,0.0,0.023255813953488413,0.009217903638646245
2020-02-20,-0.0027678720256181727,-0.031327727361609055,-0.0025988935044196607,0.0,-0.008838383838383868,-0.002200862088559714
2020-02-21,-0.005186359202240071,0.15602576453798608,9.953814301644215e-05,0.15602576453798608,0.015286624203821653,-0.0052176869296016795
2020-02-24,-0.0005275618805680894,0.031327727361609194,0.00011109076643595384,0.031327727361609194,0.020075282308657405,0.0007189642604635855
2020-02-25,0.0009308123831833781,-0.6134082379326439,0.0009308123831833781,0.0,0.006150061500614923,0.0013692985167618027
2020-02-26,-0.00016763226582098358,0.39633697601347395,0.00013907185314533836,0.39633697601347395,-0.0024449877750610804,-0.0007606353738562443
2020-02-27,0.0025983332770600576,-0.39633697601347395,-0.00013847946780203628,0.0,-0.004901960784313597,0.0025698793920626664
2020-02-28,-0.011304366480928552,0.45324474600825654,-0.011106197992921816,0.45324474600825654,-0.02832512315270941,-0.012974742961649466
2020-03-02,0.012133414969580822,0.837678471994783,-0.00022662237300412826,0.837678471994783,-0.03168567807351075,0.012133414969580822
2020-03-03,0.030085397027615583,0.21758407049081485,0.030085397027615583,0.21758407049081485,0.06675392670157065,0.030085397027615583
2020-03-04,-0.01880769336597519,-0.33795704239702445,-0.01880769336597519,0.0,-0.02208588957055202,-0.01880769336597519
2020-03-05,0.006274321905010938,-0.6134082379326439,0.0064433004262094504,0.0,0.030112923462985997,0.006274321905010938
2020-03-06,0.002638101761712987,-0.9447450738962128,0.00022869415636717072,0.0,-0.0073081607795371095,0.0026638382759289693
2020-03-09,0.008305926915791054,-0.09386031921040802,0.00011929140903021995,0.0,-0.013496932515337345,0.007579322120380099
2020-03-10,0.02777590311209626,-0.15602576453798608,0.0,0.0,-0.02985074626865669,0.02774463681617186
2020-03-11,-0.0032488893470021237,-0.754893345272575,0.00024854353488557024,0.0,0.03717948717948727,-0.0009707680174076491
2020-03-12,0.0038655792967243296,-0.7099815003377987,9.939271053838183e-05,0.0,-0.02595797280593326,0.0038655792967243296
2020-03-13,0.028786900949334497,-0.6134082379326439,3.975313304405148e-05,0.0,-0.038071065989847774,0.028786900949334497
2020-03-16,-0.016602120747084604,0.45324474600825654,0.00017888198757742835,0.45324474600825654,0.0237467018469657,-0.016602120747084604
2020-03-17,0.026471055668492206,-0.7099815003377987,-0.00014713348654420635,0.0,-0.04381443298969079,0.026471055668492206
2020-03-18,-0.004219504032739252,-0.7099815003377987,-0.0038645132825703525,0.0,-0.008086253369272267,-0.004219504032739252
2020-03-19,0.018396280260175788,-0.39633697601347395,3.973931012568599e-05,0.0,-0.025815217391304324,0.018396280260175788
2020-03-20,-0.018648070687505385,-0.754893345272575,0.00018875422213393556,0.0,0.02649930264993028,-0.018648070687505385
2020-03-23,0.008617042605837141,0.21758407049081485,0.00012912325311131845,0.21758407049081485,-0.021739130434782594,0.008617042605837141
2020-03-24,0.0016106872512087838,-0.27830227900221255,-0.00010879203524540743,0.0,-0.002777777777777768,0.0016106872512087838
2020-03-25,0.0036993725142070253,-0.5084988673712059,0.0038385236537081314,0.0,0.01810584958217265,0.0036993725142070253
2020-03-26,0.002194581403803307,-0.9111270911804993,1.9864523946644397e-05,0.0,-0.008207934336525335,0.002194581403803307
2020-03-27,-0.007676749207915621,-0.9776492756785788,0.0001589130348418344,0.0,0.015172413793103523,-0.007676749207915621
2020-03-30,0.019773849585587887,-0.7974687911932674,0.0,0.0,-0.021739130434782594,0.019773849585587887
2020-03-31,0.009611227368071398,-0.9776492756785788,9.930683826886444e-05,0.0,-0.009722222222222188,0.009631332208472156
2020-04-01,0.009036149398619665,-0.9776492756785788,9.929697740007626e-05,0.0,-0.011220196353436185,0.009511407452688232
2020-04-02,0.008340054877273689,-0.6134082379326439,9.928711848905536e-06,0.0,-0.008510638297872353,0.008340054877273689
2020-04-03,-0.030441679679060533,-0.9111270911804993,0.0002581439450350942,0.0,0.031473533619456484,-0.030441679679060533
2020-04-07,-0.006088264440052412,-0.09386031921040802,9.926050920538998e-06,0.0,0.009708737864077666,-0.006088264440052412
2020-04-08,-0.015275453759812388,-0.8376784719947828,7.940761916103156e-05,0.0,0.016483516483516425,-0.015275453759812388
2020-04-09,-0.0009301032189775495,-0.8376784719947828,6.947614983032757e-05,0.0,0.006756756756756799,-0.0009301032189775495
2020-04-10,-0.009754845830175411,-0.6627920691587282,0.00019848949494361,0.0,0.012080536912751683,-0.009754845830175411
2020-04-13,0.02333429619226815,-0.754893345272575,4.961252617063927e-05,0.0,-0.02785145888594165,0.02333429619226815
2020-04-14,0.004508037727857899,-0.6134082379326439,1.984402595578416e-05,0.0,-0.006821282401091366,0.004508037727857899
2020-04-15,-0.013550980862108758,-0.9447450738962128,0.0,0.0,0.017857142857142794,-0.013550980862108758
2020-04-16,0.004865232299931183,-0.9111270911804993,3.968765813033848e-05,0.0,-0.0080971659919028,0.004865232299931183
2020-04-17,-0.014155850913614203,-0.9776492756785788,0.0,0.0,0.014965986394557929,-0.014155850913614203
2020-04-20,0.001377701767234636,-0.754893345272575,9.92152077070596e-05,0.0,-0.0013404825737265424,0.001377701767234636
2020-04-21,-0.007749631304965278,-0.9447450738962128,0.00011904643803117843,0.0,0.008053691275167862,-0.007749631304965278
2020-04-22,0.0020198870323737037,-0.9111270911804993,5.951613383192722e-05,0.0,-0.0026631158455392434,0.0020198870323737037
2020-04-23,-0.013852990816229073,-0.9111270911804993,1.9837530624178257e-05,0.0,0.014686248331108098,-0.013852990816229073
2020-04-24,0.006240680564675147,-0.6627920691587282,0.00012894139117869408,0.0,-0.006578947368421018,0.006240680564675147
2020-04-27,0.015639926334037862,-0.8376784719947828,3.966915921216341e-05,0.0,-0.017218543046357615,0.015639926334037862
2020-04-28,0.00444476958067529,-0.39633697601347395,3.9667585632230384e-05,0.0,-0.006738544474393482,0.00444476958067529
2020-04-29,0.012281993013125544,-0.7974687911932674,0.0,0.0,-0.014925373134328401,0.012281993013125544
2020-04-30,-0.0010708262645961095,0.613408237932644,0.00015868450544975765,0.613408237932644,0.0027548209366390353,-0.0010708262645961095
2020-05-06,-0.010439487466728002,0.7974687911932673,-0.0002372906626719127,0.7974687911932673,0.012362637362637319,-0.010439487466728002
2020-05-07,0.013270836945861359,-0.21758407049081485,0.013270836945861359,0.0,0.02170963364993228,0.013270836945861359
2020-05-08,0.006935981515585773,-0.031327727361609055,0.00704477355083118,0.0,0.009296148738379806,0.006935981515585773
2020-05-11,-0.002561153909293731,-0.6134082379326439,8.921579317777706e-05,0.0,0.011842105263157876,-0.002561153909293731
2020-05-12,-3.5932935146563776e-05,-0.7099815003377987,0.00012885576084364914,0.0,-0.0039011703511053764,-3.5932935146563776e-05
2020-05-13,4.765344300483187e-05,-0.09386031921040802,5.946422731195611e-05,0.0,0.0,4.765344300483187e-05
2020-05-14,-0.007689118758232883,-0.21758407049081485,1.98202305095041e-05,0.0,0.010443864229765065,-0.007689118758232883
2020-05-15,0.0006528716056287334,-0.45324474600825654,9.909918837758269e-05,0.0,-0.006459948320413411,0.0006528716056287334
2020-05-18,-0.0009545978987419989,-0.7099815003377987,9.908936869917895e-06,0.0,0.0039011703511053764,-0.0009545978987419989
2020-05-19,0.0010890407126555263,0.031327727361609194,2.9726516052486218e-05,0.031327727361609194,-0.002590673575129543,0.0010890407126555263
2020-05-20,-0.008584422546879996,0.15602576453798608,3.3878857007329214e-05,0.15602576453798608,0.011688311688311748,-0.008553094819518388
2020-05-21,-0.0002652502594043568,0.39633697601347395,-0.0002652502594043568,0.39633697601347395,-0.007702182284980763,0.00018848892099175023
2020-05-22,-0.0026521536214678463,0.7974687911932673,-0.0026521536214678463,0.7974687911932673,-0.01681759379042691,-0.0026229636546596215
2020-05-25,-0.007987124803993547,0.21758407049081485,-0.007987124803993547,0.21758407049081485,-0.019736842105263164,-0.006860609165671714
2020-05-26,0.001850913454932674,0.9776492756785788,0.001850913454932674,0.9776492756785788,0.0026845637583892135,0.001850913454932674
2020-05-27,0.0043114050663643905,0.7974687911932673,0.0043114050663643905,0.7974687911932673,0.021419009370816644,0.0043114050663643905
2020-05-28,-0.007778026879295732,0.031327727361609194,-0.007778026879295732,0.031327727361609194,-0.007863695937090465,-0.007778026879295732
2020-05-29,-0.005616261741800819,0.613408237932644,-0.005616261741800819,0.613408237932644,-0.006605019815059454,-0.005616261741800819
2020-06-01,0.00029218871155295027,0.9776492756785788,0.00029218871155295027,0.9776492756785788,0.018617021276595702,0.00029218871155295027
2020-06-02,0.019864533099676937,0.7974687911932673,0.019864533099676937,0.7974687911932673,0.03263707571801566,0.019864533099676937
2020-06-03,0.0048555454435945345,0.45324474600825654,0.0048555454435945345,0.45324474600825654,0.005056890012642201,0.004834257720634188
2020-06-04,-0.006180716225000995,0.45324474600825654,-0.006180716225000995,0.45324474600825654,-0.007547169811320753,-0.005864450174967503
2020-06-05,0.0024006879455530966,0.5619352095006791,0.0024006879455530966,0.5619352095006791,0.005069708491761693,0.0020944351619697553
2020-06-08,0.0011104214832822496,-0.15602576453798608,0.0011104214832822496,0.0,0.0025220680958386588,0.0011104214832822496
2020-06-09,-0.002470816934154273,0.6627920691587285,-0.00239280405188528,0.6627920691587285,-0.0037735849056603765,-0.002470816934154273
2020-06-10,-0.001000415600704382,-0.39633697601347395,-0.00033139603457936424,0.0,0.0037878787878788955,-0.001000415600704382
2020-06-11,0.0003341826398605373,0.39633697601347395,0.0005323511278672742,0.39633697601347395,0.0012578616352201255,0.0003341826398605373
2020-06-12,0.005772115229635827,-0.21758407049081485,-5.957520978066349e-05,0.0,-0.015075376884422176,0.005772115229635827
2020-06-15,0.005313641365384816,-0.5084988673712059,0.005422433400630223,0.0,0.014030612244897878,0.005344420518361231
2020-06-16,-0.0006928387078510504,0.9447450738962128,0.0,0.9447450738962128,0.002515723270440251,-0.0005687541980530528
2020-06-17,-0.008990970344503036,0.837678471994783,-0.0004525770245910161,0.837678471994783,0.016311166875784266,-0.008990970344503036
2020-06-18,0.004616796472018892,0.21758407049081485,0.004616796472018892,0.21758407049081485,0.004938271604938205,0.004596691631618134
2020-06-19,-0.002368225264621107,0.5619352095006791,-0.002368225264621107,0.5619352095006791,-0.002457002457002311,-0.0022493251396957467
2020-06-22,0.002347895240370439,0.613408237932644,0.002347895240370439,0.613408237932644,0.011083743842364324,0.0023746134114351752
2020-06-23,0.0027250786038353135,-0.6134082379326439,0.0027250786038353135,0.0,0.004872107186357999,0.002439599420297125
2020-06-24,-0.0004718471833772024,-0.7099815003377987,-0.00016514306441088036,0.0,0.0,-0.0004718471833772024
2020-06-29,0.0014387636425735385,-0.27830227900221255,0.0,0.0,-0.00242424242424244,0.0014387636425735385
2020-06-30,0.0015941067604968227,0.8755348612810272,4.947213234784975e-05,0.8755348612810272,-0.002430133657351119,0.0015941067604968227
2020-07-01,-0.005082332035433323,0.613408237932644,-0.00024978262772780294,0.613408237932644,0.01705237515225333,-0.005082332035433323
2020-07-02,0.0030145709204732946,0.9111270911804993,0.0030145709204732946,0.9111270911804993,0.00359281437125758,0.0030145709204732946
2020-07-03,0.007971878292095337,0.9776492756785788,0.007971878292095337,0.9776492756785788,0.013126491646778149,0.007971878292095337
2020-07-06,0.02035709783876325,0.9776492756785788,0.02035709783876325,0.9776492756785788,0.022379269729092988,0.02035709783876325
2020-07-07,0.04168482491492069,0.9447450738962128,0.04168482491492069,0.9447450738962128,0.0426267281105992,0.04168482491492069
2020-07-08,-0.007573075806738161,0.9111270911804993,-0.007573075806738161,0.9111270911804993,-0.007734806629834279,-0.007573075806738161
2020-07-09,0.03154810801910921,0.9447450738962128,0.03154810801910921,0.9447450738962128,0.03340757238307357,0.03154810801910921
2020-07-10,0.02064617548772407,0.837678471994783,0.02064617548772407,0.837678471994783,0.022629310344827402,0.020629723386832884
2020-07-13,-0.004035598944348823,0.9447450738962128,-0.004035598944348823,0.9447450738962128,-0.004214963119072657,-0.004190741042215204
2020-07-14,0.044343469924122476,0.7548933452725749,0.044343469924122476,0.7548933452725749,0.05291005291005302,0.0443270178232313
2020-07-15,-0.020961384845727144,0.7099815003377987,-0.020961384845727144,0.7099815003377987,-0.022110552763819125,-0.02171869239135298
2020-07-16,-0.02019432331926798,0.7099815003377987,-0.02019432331926798,0.7099815003377987,-0.02672147995889007,-0.02019432331926798
2020-07-17,-0.03223780835747123,0.613408237932644,-0.03223780835747123,0.613408237932644,-0.04540654699049618,-0.03223780835747123
2020-07-20,0.00859086879326186,0.7099815003377987,0.00859086879326186,0.7099815003377987,0.012168141592920456,0.00859086879326186
2020-07-21,0.017423914066253328,0.5084988673712059,0.017423914066253328,0.5084988673712059,0.02841530054644803,0.017447508781842865
2020-07-22,0.003671742744822719,0.45324474600825654,0.003671742744822719,0.45324474600825654,0.005313496280552554,0.0034445965933608737
2020-07-23,5.4940622376021934e-05,-0.031327727361609055,5.4940622376021934e-05,0.0,0.0,5.4940622376021934e-05
2020-07-24,0.0017606144494025323,0.27830227900221266,0.0017762783130833369,0.27830227900221266,0.0042283298097252064,0.0017606144494025323
2020-07-27,0.0013165295538738072,0.21758407049081485,-0.00011939395529489137,0.21758407049081485,-0.04631578947368409,0.0012575122053681766
2020-07-28,0.002734233071262953,0.09386031921040802,0.002734233071262953,0.09386031921040802,0.009933774834437026,0.003847745825518189
2020-07-29,0.0011271221161128844,0.21758407049081485,0.0011271221161128844,0.21758407049081485,0.005464480874316946,0.0011582048387766735
2020-07-30,0.0033729463865588743,0.15602576453798608,0.0033729463865588743,0.15602576453798608,0.03478260869565197,0.0055546357047616
2020-07-31,-0.0011117217330735157,-0.27830227900221255,-0.0011117217330735157,0.0,-0.005252100840336116,-0.0011117217330735157
2020-08-03,0.003259425193307722,0.15602576453798608,0.003398576332808828,0.15602576453798608,0.022175290390707536,0.003259425193307722
2020-08-04,-0.0091268395067005,-0.21758407049081485,0.0001491633175672612,0.0,0.03305785123966953,-0.0091268395067005
2020-08-05,-0.002059114091970235,-0.45324474600825654,-0.0019503220567248277,0.0,-0.01200000000000001,-0.0020283349389938208
2020-08-06,-0.0038534592702785986,-0.561935209500679,0.00018762837731078896,0.0,0.018218623481781382,-0.002774280909980055
2020-08-07,0.0026776004664634517,-0.6627920691587282,1.974665047432822e-05,0.0,-0.005964214711729587,0.0026776004664634517
2020-08-10,0.009594997270518317,-0.8376784719947828,5.92387816555906e-05,0.0,-0.017000000000000015,0.009594997270518317
2020-08-11,-0.006731491198416091,-0.9111270911804993,5.9235272630520086e-05,0.0,0.010172939979654183,-0.006731491198416091
2020-08-12,0.01936569749894692,-0.7974687911932674,0.0,0.0,-0.023162134944612278,0.01936569749894692
2020-08-13,0.01519847241586639,-0.8376784719947828,0.00011846469752030409,0.0,-0.016494845360824795,0.01519847241586639
2020-08-14,-0.004199710664264871,-0.7099815003377987,0.0,0.0,0.00524109014675056,-0.004199710664264871
2020-08-17,-0.011346676566857804,-0.39633697601347395,3.94862834525167e-05,0.0,0.01355578727841511,-0.011346676566857804
2020-08-18,-0.017518434307461306,-0.561935209500679,9.871181086795744e-05,0.0,0.024691358024691468,-0.017518434307461306
2020-08-19,-0.002346332049202349,-0.6134082379326439,8.883186102748297e-05,0.0,0.006024096385542244,-0.002346332049202349
2020-08-20,0.010922611378644422,-0.6134082379326439,0.00018751727132770846,0.0,-0.01896207584830345,0.010922611378644422
2020-08-21,0.006991543891157361,-0.9111270911804993,7.893983797613302e-05,0.0,-0.011190233977619535,0.006991543891157361
2020-08-24,-0.005197486899320562,-0.9776492756785788,0.0,0.0,0.008230452674897082,-0.005214295890678419
2020-08-25,-0.011968787230102348,-0.9776492756785788,7.89343857918734e-05,0.0,0.013265306122449028,-0.012395277455870404
2020-08-26,0.0042113256197096535,-0.9111270911804993,0.00013812427238102387,0.0,-0.004028197381671705,0.0042113256197096535
2020-08-27,0.020725722516699553,-0.754893345272575,0.0,0.0,-0.02123356926188069,0.020725722516699553
2020-08-28,-0.005725598843081056,-0.9111270911804993,0.0,0.0,0.006198347107438051,-0.005725598843081056
2020-08-31,-0.0168693938704268,-0.8755348612810272,0.00014798737174426257,0.0,0.022587268993839782,-0.0168693938704268
2020-09-01,0.002990491365573404,-0.9447450738962128,0.00013810110974099565,0.0,-0.003012048192771122,0.002990491365573404
2020-09-02,-0.004110167847402215,-0.9776492756785788,0.00017753405201759165,0.0,0.0050352467270895485,-0.004110167847402215
2020-09-03,-0.0028563671526833563,-0.9776492756785788,0.0,0.0,0.0030060120240480437,-0.0028563671526833563
2020-09-04,0.01867380012563461,-0.9111270911804993,5.91715976332452e-05,0.0,-0.018981018981018893,0.01867380012563461
2020-09-07,-0.005577627863118862,-0.9111270911804993,0.00021694968739516263,0.0,0.006109979633401208,-0.005577627863118862
2020-09-08,0.01659948141826821,-0.8376784719947828,0.0,0.0,-0.018218623481781382,0.01659948141826821
2020-09-09,-0.004639040970722173,-0.39633697601347395,4.929799652941824e-05,0.0,0.005154639175257714,-0.004639040970722173
2020-09-10,0.018916324652592797,0.27830227900221266,0.0001281684725276122,0.27830227900221266,-0.022564102564102573,0.018916324652592797
2020-09-11,0.01690661221721235,0.837678471994783,-1.1412422199180542e-06,0.837678471994783,-0.043022035676809955,0.01690661221721235
2020-09-14,0.0065119915386185855,0.9111270911804993,0.0065119915386185855,0.9111270911804993,0.02412280701754388,0.0065119915386185855
2020-09-15,0.008935195441293816,0.7099815003377987,0.008935195441293816,0.7099815003377987,0.01070663811563155,0.008935195441293816
2020-09-16,0.005692240950125045,0.613408237932644,0.005692240950125045,0.613408237932644,0.006355932203389925,0.005692240950125045
2020-09-17,-0.006018503787799315,0.27830227900221266,-0.006018503787799315,0.27830227900221266,-0.008421052631578996,-0.006018503787799315
2020-09-18,0.003750935146068305,0.5084988673712059,0.003750935146068305,0.5084988673712059,0.006369426751592355,0.003750935146068305
2020-09-21,0.004380873919928101,0.15602576453798608,0.004380873919928101,0.15602576453798608,0.015822784810126667,0.004380873919928101
2020-09-22,-0.003218539620303489,0.27830227900221266,-0.003218539620303489,0.27830227900221266,-0.006230529595015577,-0.003218539620303489
2020-09-23,-0.0017880281971177905,-0.031327727361609055,-0.0017880281971177905,0.0,-0.011494252873563204,-0.0017880281971177905
2020-09-24,0.0007277503636326961,0.21758407049081485,0.0007434142273135007,0.21758407049081485,0.003171247357293794,0.0007277503636326961
2020-09-25,0.0006449829502606093,0.09386031921040802,2.9111826062889803e-05,0.09386031921040802,-0.02002107481559523,0.0006449829502606093
2020-09-28,-0.0018641992543975672,0.5619352095006791,-0.0018641992543975672,0.5619352095006791,-0.008602150537634468,-0.0018331165317337782
2020-09-29,-0.0011092659808224403,0.837678471994783,-0.0011092659808224403,0.837678471994783,-0.010845986984815648,-0.001762224198407823
2020-09-30,0.006291129570400707,0.45324474600825654,0.006291129570400707,0.45324474600825654,0.010964912280701844,0.006291129570400707
2020-10-09,0.0034467550269312126,0.9111270911804993,0.0034467550269312126,0.9111270911804993,0.00433839479392617,0.003474382087612687
2020-10-12,0.00907089702844715,0.9776492756785788,0.00907089702844715,0.9776492756785788,0.020518358531317338,0.01023224796158654
2020-10-13,0.03178387542516531,0.7974687911932673,0.03178387542516531,0.7974687911932673,0.03492063492063502,0.03178387542516531
2020-10-14,0.002913233015689409,0.5619352095006791,0.002913233015689409,0.5619352095006791,0.0030674846625766694,0.002913233015689409
2020-10-15,-0.008244915662286915,0.3379570423970245,-0.008244915662286915,0.3379570423970245,-0.010193679918450549,-0.008244915662286915
2020-10-16,-0.004050951823757747,0.031327727361609194,-0.004050951823757747,0.031327727361609194,-0.007209062821833201,-0.004050951823757747
2020-10-19,-8.81926888763329e-05,-0.6627920691587282,-8.81926888763329e-05,0.0,0.0,-8.81926888763329e-05
2020-10-20,-0.0006243992022036918,0.15602576453798608,-0.0002930031676243276,0.15602576453798608,-0.010373443983402453,-0.0006243992022036918
2020-10-21,-0.008002604470520732,-0.33795704239702445,-4.850768443670172e-05,0.0,0.011530398322851187,-0.008002604470520732
2020-10-22,-0.002340592597293822,-0.15602576453798608,-0.00217161407609531,0.0,-0.013471502590673534,-0.002340592597293822
2020-10-23,0.0024071709920782257,-0.15602576453798608,9.834679045361838e-06,0.0,-0.007352941176470562,0.0023760882694144367
2020-10-26,0.002886395909252954,0.5084988673712059,6.884207627710914e-05,0.5084988673712059,-0.01798941798941789,0.0017327134077640162
2020-10-27,0.0007447344423913573,0.39633697601347395,-0.0001952460016526916,0.39633697601347395,-0.006465517241379337,0.0007180162713266206
2020-10-28,0.0065911241137426675,-0.7974687911932674,0.0065911241137426675,0.0,0.013015184381778733,0.007312817992301349
2020-10-29,-0.008175732070986751,-0.7099815003377987,-0.007776997675390117,0.0,-0.01927194860813708,-0.010383132092515653
2020-10-30,-0.016178663632862356,-0.45324474600825654,0.00022613090029599547,0.0,0.020742358078602585,-0.015283888389175377
2020-11-02,0.011749151552518126,-0.5084988673712059,0.0002850571097174903,0.0,-0.016042780748663166,0.011661680319015105
2020-11-03,0.004406288932877557,0.7974687911932673,0.0,0.7974687911932673,-0.009782608695652173,0.0027225222945868616
2020-11-04,-0.012502936403146585,-0.09386031921040802,-0.0001137277126812107,0.0,0.02414928649835346,-0.0068943623115652235
2020-11-05,-0.003009872887012961,0.15602576453798608,-0.002962942727407757,0.15602576453798608,-0.003215434083601254,-0.003009872887012961
2020-11-06,-0.0009556725549573588,-0.21758407049081485,0.00017745511545147797,0.0,0.011827956989247213,-0.001016810812189472
2020-11-09,-0.0005184218453315871,0.5619352095006791,-0.00040962981008617956,0.5619352095006791,-0.002125398512221044,-0.0008394464244855424
2020-11-10,-0.005420248829739439,0.21758407049081485,-3.536149800016598e-05,0.21758407049081485,0.024494142705005384,-0.005445985343955422
2020-11-11,-0.007675540042779485,0.5084988673712059,-0.007675540042779485,0.5084988673712059,-0.013513513513513487,-0.008407474770451395
2020-11-12,-0.004149516375205964,0.09386031921040802,-0.004149516375205964,0.09386031921040802,-0.018967334035827066,-0.004149516375205964
2020-11-13,0.0014312377636356201,-0.33795704239702445,0.0014312377636356201,0.0,0.0032223415682062218,0.0014930996392758236
2020-11-16,0.0001860627076776708,-0.9111270911804993,0.00035504122887618304,0.0,0.004282655246252487,0.0007142534904976443
2020-11-17,-0.002971851314910728,-0.9111270911804993,0.00014731156395764167,0.0,0.008528784648187626,-0.001986410667170307
2020-11-18,0.007723857657109463,-0.9776492756785788,9.819324430448972e-06,0.0,-0.008456659619450302,0.007065282159723621
2020-11-19,0.003852142281654904,-0.9447450738962128,0.0,0.0,-0.004264392324093702,0.003852142281654904
2020-11-20,-0.010250754364932333,-0.9447450738962128,0.00011783420727051741,0.0,0.01070663811563155,-0.010250754364932333
2020-11-23,-0.006833677041329516,-0.754893345272575,8.836524300437354e-05,0.0,0.00741525423728806,-0.006850129142220699
2020-11-24,-0.007870475502412105,-0.9776492756785788,8.835743527813023e-05,0.0,0.008412197686645584,-0.008160816922538462
2020-11-25,0.00250853059605756,-0.8376784719947828,0.00014724938155263878,0.0,-0.0031282586027111536,0.00250853059605756
2020-11-26,0.01631175655578783,-0.6134082379326439,9.815180157746184e-06,0.0,-0.01673640167364021,0.01631175655578783
2020-11-27,0.005451192365625157,-0.6134082379326439,0.00011778100584969309,0.0,-0.006382978723404098,0.005451192365625157
2020-11-30,-0.00038757817529630587,-0.9776492756785788,0.00016683677475071157,0.0,0.0010706638115631772,-0.00038757817529630587
2020-12-01,0.0024420858466142757,0.09386031921040802,0.0,0.09386031921040802,-0.004278074866310155,0.0024420858466142757
2020-12-02,-0.015082003981953359,-0.39633697601347395,3.1568937655005526e-05,0.0,0.015037593984962294,-0.015082003981953359
2020-12-03,-0.0003281657849177676,-0.9111270911804993,-0.00012999729691103064,0.0,-0.002116402116402072,-0.0003281657849177676
2020-12-04,0.00011246650199314457,-0.9447450738962128,0.00026487987207257646,0.0,0.0,0.00011246650199314457
2020-12-07,-0.010532551376999107,-0.9447450738962128,5.884660651234164e-05,0.0,0.01166489925768821,-0.010532551376999107
2020-12-08,0.004018412735402911,-0.9776492756785788,2.9421571896559584e-05,0.0,-0.004192872117400381,0.004018412735402911
2020-12-09,0.002986025320167948,-0.561935209500679,9.80690209773094e-06,0.0,-0.0031578947368421373,0.002986025320167948
2020-12-10,0.01636815982599433,-0.15602576453798608,2.9420417769987495e-05,0.0,-0.0168954593453009,0.01631381459424812
2020-12-11,0.0007222877136348638,0.27830227900221266,0.00020593686564085445,0.27830227900221266,-0.0010741138560687036,0.0005751546205564648
2020-12-14,0.0022336192020924236,0.9111270911804993,-5.091065476666988e-05,0.9111270911804993,-0.01505376344086018,0.0003487727037363372
2020-12-15,0.0024958264894695504,0.837678471994783,0.0024958264894695504,0.837678471994783,0.009825327510917026,0.0036850355447523887
2020-12-16,0.0009517626849565926,0.5619352095006791,0.0009517626849565926,0.5619352095006791,0.00108108108108107,0.0009699792873589147
2020-12-17,-0.0055655939119908186,0.5084988673712059,-0.0055655939119908186,0.5084988673712059,-0.006479481641468721,-0.005539857397774836
2020-12-18,0.005582148618321262,-0.09386031921040802,0.005582148618321262,0.0,0.009782608695652284,0.006046830737303468
2020-12-21,-0.0008148159500886982,0.7099815003377987,-0.0007678857904834943,0.7099815003377987,-0.0010764262648008671,-0.0008458986727524873
2020-12-22,-0.001730716290754794,0.9776492756785788,-9.034454294112935e-05,0.9776492756785788,0.01724137931034475,-0.002793570471391751
2020-12-23,-0.0031166527458318404,0.9111270911804993,-0.0031166527458318404,0.9111270911804993,-0.004237288135593209,-0.00291967841039572
2020-12-24,-0.008349738494414128,0.837678471994783,-0.008349738494414128,0.837678471994783,-0.008510638297872242,-0.008047447366620802
2020-12-25,-0.009809283477354835,0.9111270911804993,-0.009809283477354835,0.9111270911804993,-0.010729613733905574,-0.009829388317755592
2020-12-28,0.0008861317939285203,0.613408237932644,0.0008861317939285203,0.613408237932644,0.0010845986984815426,0.000825960683851272
2020-12-29,-0.0021109451582295743,0.6627920691587285,-0.0021109451582295743,0.6627920691587285,-0.0021668472372697867,-0.0021910269041917683
2020-12-30,-0.003354812642717517,0.7099815003377987,-0.003354812642717517,0.7099815003377987,-0.005428881650380024,-0.0025653857463106143
2020-12-31,0.005940185013422467,0.9776492756785788,0.005940185013422467,0.9776492756785788,0.008733624454148492,0.005963779729012002
2021-01-04,0.012186284541458849,0.9776492756785788,0.012186284541458849,0.9776492756785788,0.017316017316017174,0.011349798141459574
2021-01-05,0.0145643048667745,0.9776492756785788,0.0145643048667745,0.9776492756785788,0.014893617021276562,0.0145643048667745
2021-01-06,-0.00101564043882885,0.9111270911804993,-0.00101564043882885,0.9111270911804993,-0.0010482180293500676,-0.00101564043882885
2021-01-07,-0.005157678432861572,0.9776492756785788,-0.005157678432861572,0.9776492756785788,-0.005246589716684125,-0.005157678432861572
2021-01-08,-0.015410933517236283,0.9447450738962128,-0.015410933517236283,0.9447450738962128,-0.016877637130801593,-0.015410933517236283
2021-01-11,-0.010506251196154899,0.7099815003377987,-0.010506251196154899,0.7099815003377987,-0.010729613733905574,-0.010506251196154899
2021-01-12,-0.010354701002998562,0.7974687911932673,-0.010354701002998562,0.7974687911932673,-0.010845986984815648,-0.010354701002998562
2021-01-13,0.013969049124397323,0.5084988673712059,0.013969049124397323,0.5084988673712059,0.019736842105263275,0.013969049124397323
2021-01-14,-0.00957691152441205,0.15602576453798608,-0.00957691152441205,0.15602576453798608,-0.011827956989247324,-0.009604538585093525
2021-01-15,-0.0006363636966033731,0.15602576453798608,-0.0006363636966033731,0.15602576453798608,-0.0010881392818280489,-0.0005381360685747015
2021-01-18,0.00043255139160636,0.7099815003377987,0.00043255139160636,0.7099815003377987,0.002178649237472685,0.00043255139160636
2021-01-19,0.0043020391348453195,0.613408237932644,0.0043020391348453195,0.613408237932644,0.029347826086956408,0.0043020391348453195
2021-01-20,-0.0067696946819948605,0.15602576453798608,-0.0067696946819948605,0.15602576453798608,-0.009503695881731833,-0.0067696946819948605
2021-01-21,-0.0015327414581142677,0.27830227900221266,-0.0015327414581142677,0.27830227900221266,-0.00213219616204674,-0.0015327414581142677
2021-01-22,0.002632912361356771,-0.031327727361609055,0.002632912361356771,0.0,0.01602564102564097,0.00266327146561247
2021-01-25,-0.00041866626413754955,-0.39633697601347395,-0.0004030024004567451,0.0,-0.001051524710830698,-0.0003220382506461618
2021-01-26,0.0003429992984800811,0.15602576453798608,2.9918322978383927e-05,0.15602576453798608,-0.015789473684210464,0.00031454541348268977
2021-01-27,0.004004491579708163,0.09386031921040802,-4.8095454370175144e-05,0.09386031921040802,-0.010695187165775444,0.004617462202761362
2021-01-28,-0.0015491712424928446,0.27830227900221266,-0.0015491712424928446,0.27830227900221266,-0.009729729729729741,-0.0009445018341878299
2021-01-29,-0.0002309949802945441,0.5084988673712059,-0.0002309949802945441,0.5084988673712059,-0.004366812227074246,2.9515140105127428e-05
2021-02-01,-0.005848307148812564,0.7548933452725749,-0.005848307148812564,0.7548933452725749,-0.02083333333333337,-0.005848307148812564
2021-02-02,0.004495918889825939,0.7974687911932673,0.004495918889825939,0.7974687911932673,0.008958566629339249,0.004495918889825939
2021-02-03,0.005059496691548981,0.6627920691587285,0.005059496691548981,0.6627920691587285,0.006659267480577213,0.005039391851148224
2021-02-04,-0.016766803988957565,0.8755348612810272,-0.016766803988957565,0.8755348612810272,-0.02094818081587657,-0.01763043058844926
2021-02-05,-0.011208096340818834,0.7548933452725749,-0.011208096340818834,0.7548933452725749,-0.016891891891891886,-0.011242701447126425
2021-02-08,-0.013098067833208576,0.7974687911932673,-0.013098067833208576,0.7974687911932673,-0.014891179839633506,-0.014142006939347824
2021-02-09,0.0017879991323891226,0.9776492756785788,0.0017879991323891226,0.9776492756785788,0.0023255813953488857,0.0018599350665832097
2021-02-10,0.025914631564799846,0.9447450738962128,0.025914631564799846,0.9447450738962128,0.03248259860788871,0.02845057550722544
2021-02-18,0.019756229879124978,0.837678471994783,0.019756229879124978,0.837678471994783,0.020224719101123556,0.019756229879124978
2021-02-19,0.004117140892242649,0.15602576453798608,0.004117140892242649,0.15602576453798608,0.004405286343612369,0.004117140892242649
2021-02-22,0.021708191261711984,-0.09386031921040802,0.021708191261711984,0.0,0.026315789473684292,0.021708191261711984
2021-02-23,-0.0032572085919596503,-0.09386031921040802,-0.0032102784323544465,0.0,-0.021367521367521403,-0.0032882913146234393
2021-02-24,0.00010246759739127277,0.09386031921040802,0.0,0.09386031921040802,-0.0010917030567685337,7.665705813096926e-05
2021-02-25,-0.0007139480677080955,-0.45324474600825654,4.2632773282439486e-05,0.0,0.007650273224043769,0.00029515650762469605
2021-02-26,-0.002533821214415389,-0.6134082379326439,-0.002307198841411261,0.0,-0.024945770065075923,-0.002476177362609773
2021-03-01,0.0011017605702336444,0.39633697601347395,0.0001193958569640774,0.39633697601347395,-0.0022246941045606095,0.0007996084839216881
2021-03-02,-0.019411745833680775,-0.5084988673712059,-4.894148388794655e-05,0.0,0.031215161649944312,-0.017815405467172044
2021-03-03,-0.002939187602501769,-0.9111270911804993,-0.0026849381688161663,0.0,-0.006486486486486531,-0.0033170707562224493
2021-03-04,-0.0013079492966080071,-0.9776492756785788,0.0,0.0,0.0021762785636560977,-0.0011975318824639066
2021-03-05,0.015243223344150087,-0.9447450738962128,0.00022880791078483398,0.0,-0.016286644951140072,0.014637605434044824
2021-03-08,-0.019321930699810898,-0.9776492756785788,5.9675366008926645e-05,0.0,0.019867549668874274,-0.019338739691168755
2021-03-09,0.034766235848905036,0.21758407049081485,9.945300845304317e-06,0.21758407049081485,-0.03679653679653683,0.033512067178571164
2021-03-10,0.018273264188786855,-0.33795704239702445,-9.340015872071292e-06,0.0,-0.019101123595505642,0.018273264188786855
2021-03-11,-0.0034633905059489557,0.45324474600825654,-0.0032944119847504436,0.45324474600825654,-0.014891179839633506,-0.0034335631242515497
2021-03-12,-0.009967157452045147,-0.09386031921040802,-3.769547776904183e-05,0.0,0.029069767441860517,-0.008214450360895511
2021-03-15,-0.002665752307955315,0.09386031921040802,-0.0026188221483501107,0.09386031921040802,-0.005649717514124353,-0.002665752307955315
2021-03-16,0.00022611804173416553,-0.9447450738962128,-4.693015960520401e-05,0.0,-0.003409090909090917,0.00022611804173416553
2021-03-17,0.00022986746818197867,-0.9776492756785788,0.0007022400051300851,0.0,0.007981755986316896,0.00022986746818197867
2021-03-18,-1.6452100891183043e-05,-0.9776492756785788,0.0,0.0,0.0,0.0
2021-03-19,0.0025460747170024172,-0.9776492756785788,0.00016898776329776766,0.0,-0.002262443438914019,0.0024496183132137164
2021-03-22,-0.0031091281029990907,-0.9111270911804993,0.00010932654846129708,0.0,0.00340136054421758,-0.0031091281029990907
2021-03-23,-0.019760427005756084,-0.9776492756785788,7.950152543556577e-05,0.0,0.02033898305084758,-0.019760427005756084
2021-03-24,0.016224684603911393,-0.8755348612810272,5.9621404083998186e-05,0.0,-0.017718715393133966,0.016224684603911393
2021-03-25,0.013214615119073516,-0.8755348612810272,1.987261652813821e-05,0.0,-0.013528748590755368,0.013214615119073516
2021-03-26,-0.0038533609025019327,-0.6627920691587282,7.948888645992191e-05,0.0,0.004571428571428671,-0.0038533609025019327
2021-03-29,-0.0089404538729897,-0.6627920691587282,6.954724741925489e-05,0.0,0.010238907849829282,-0.0089404538729897
2021-03-30,-0.004478324791613057,-0.8376784719947828,0.0,0.0,0.006756756756756799,-0.004478324791613057
2021-03-31,0.002533152639559252,-0.9776492756785788,0.00023843112320931503,0.0,-0.003355704697986628,0.002533152639559252
2021-04-01,-0.001804277793570976,-0.9776492756785788,7.945809578657759e-05,0.0,0.002244668911335568,-0.001804277793570976
2021-04-02,-0.010594382759224303,-0.9776492756785788,0.00017876651107373576,0.0,0.011198208286674172,-0.010594382759224303
2021-04-06,0.0012397677557239328,-0.8376784719947828,7.943758191997219e-05,0.0,-0.001107419712070845,0.0012397677557239328
2021-04-07,-0.01073194607024608,-0.754893345272575,8.936018110339283e-05,0.0,0.011086474501108556,-0.01073194607024608
2021-04-08,0.0008771145331244297,-0.9447450738962128,0.0,0.0,-0.0010964912280702066,0.0008546586106570415
2021-04-09,0.004396739177350007,-0.9776492756785788,0.000198560436833084,0.0,-0.005488474204171201,0.00413567702830499
2021-04-12,-0.0029131033839931704,-0.9447450738962128,0.00011911261104780024,0.0,0.0033112582781456013,-0.0028225988774884933
2021-04-13,0.022667644310380406,-0.5084988673712059,4.962434371802438e-05,0.0,-0.02310231023102316,0.022667644310380406
2021-04-14,0.0030700851366153308,0.031327727361609194,4.9621881264894085e-05,0.031327727361609194,-0.0033783783783783994,0.0030700851366153308
2021-04-15,-0.006410596192676212,-0.8376784719947828,0.0001034227420533154,0.0,0.012429378531073398,-0.006410596192676212
2021-04-16,-0.0003960557139079169,-0.6134082379326439,2.27835220894745e-05,0.0,0.0,-0.0003759508735071592
2021-04-19,-0.009461225206258478,0.39633697601347395,0.0,0.39633697601347395,0.01116071428571419,-0.008992351606912238
2021-04-20,-0.008405360530199496,0.031327727361609194,-5.925479310103015e-05,0.031327727361609194,0.013245033112582849,-0.008405360530199496
2021-04-21,-0.004044205419376491,-0.39633697601347395,-0.004044205419376491,0.0,-0.009803921568627416,-0.004044205419376491
2021-04-22,0.00012914812807415032,-0.21758407049081485,0.0003273166160808873,0.0,0.008800880088008833,0.00012914812807415032
2021-04-23,-0.002056506442283618,-0.27830227900221255,0.00013887924449673683,0.0,0.005452562704471031,-0.0020872855952600326
2021-04-26,0.0009256831854742424,-0.754893345272575,9.918568552258478e-06,0.0,-0.004338394793926281,0.0005974018464541945
2021-04-27,0.0019599079528125384,-0.5084988673712059,5.9510821051045326e-05,0.0,-0.007625272331154731,0.0024481692551952166
2021-04-28,0.004089634699599687,-0.21758407049081485,3.9671519815653866e-05,0.0,-0.005488474204171201,0.004089634699599687
2021-04-29,-0.005384014749203997,-0.9776492756785788,0.0002479371628056892,0.0,0.011037527593819041,-0.005384014749203997
2021-04-30,0.0008357085457483198,-0.9776492756785788,0.00021813062058151367,0.0,-0.004366812227074246,0.0008357085457483198
2021-05-06,0.008575870839285807,-0.9111270911804993,0.0,0.0,-0.00877192982456143,0.008559418738394624
2021-05-07,-0.008292929491787605,-0.8755348612810272,0.00019826321424321058,0.0,0.008849557522123908,-0.00799181345731128
2021-05-10,0.01016204806224288,-0.45324474600825654,9.911195686651553e-05,0.0,-0.010964912280701733,0.01016204806224288
2021-05-11,0.005817268350238348,0.45324474600825654,0.00010901234812599192,0.45324474600825654,-0.006651884700665245,0.005637576136839424
2021-05-12,-0.001913203696196758,0.5084988673712059,-0.00018698584001169074,0.5084988673712059,0.0033482142857141906,-0.0005720872243012876
2021-05-13,0.0055290282801981954,0.3379570423970245,0.0055290282801981954,0.3379570423970245,0.012235817575083408,0.006231639692647954
2021-05-14,0.00103230901580127,0.9111270911804993,0.00103230901580127,0.9111270911804993,0.00219780219780219,0.0010614989826094946
2021-05-17,0.004297994796558972,0.7099815003377987,0.004297994796558972,0.7099815003377987,0.013157894736842035,0.005083192436154505
2021-05-18,-0.006001132757231148,0.3379570423970245,-0.006001132757231148,0.3379570423970245,-0.006493506493506551,-0.0060247274728206825
2021-05-19,0.003703973002344102,-0.561935209500679,0.003703973002344102,0.0,0.005446623093681824,0.0034742843744142507
2021-05-20,-8.379548413195892e-05,-0.7099815003377987,0.0001971721206183806,0.0,0.0010834236186347823,-0.00015781862955051876
2021-05-21,-0.00040368660552752124,-0.754893345272575,0.00017829902727983793,0.0,0.0010822510822510178,-0.00046349020894203674
2021-05-24,0.00018076653528373624,-0.33795704239702445,0.0001188448282691823,0.0,0.0,0.0001393739719226323
2021-05-25,-0.008369477289519752,0.9776492756785788,0.0,0.9776492756785788,0.010810810810810922,-0.009305844195823651
2021-05-26,-0.003954276383065049,0.9776492756785788,-0.00025111850204962793,0.9776492756785788,0.010695187165775222,-0.003954276383065049
2021-05-27,0.004138197992290194,0.9776492756785788,0.004138197992290194,0.9776492756785788,0.004232804232804144,0.004138197992290194
2021-05-28,0.013396882330791908,0.9111270911804993,0.013396882330791908,0.9111270911804993,0.013698630136986356,0.013396882330791908
2021-05-31,-0.004098330845590324,0.9776492756785788,-0.004098330845590324,0.9776492756785788,-0.004158004158004158,-0.004098330845590324
2021-06-01,0.018046787844847915,0.9776492756785788,0.018046787844847915,0.9776492756785788,0.019832985386221358,0.018046787844847915
2021-06-02,0.002003541691732718,0.9111270911804993,0.002003541691732718,0.9111270911804993,0.0020470829068577334,0.002003541691732718
2021-06-03,-0.013014218842731589,0.8755348612810272,-0.013014218842731589,0.8755348612810272,-0.013278855975485171,-0.013014218842731589
2021-06-04,-0.002828910681772584,0.9111270911804993,-0.002828910681772584,0.9111270911804993,-0.0031055900621117516,-0.002828910681772584
2021-06-07,0.01090214906863337,0.7974687911932673,0.01090214906863337,0.7974687911932673,0.012461059190031154,0.01090214906863337
2021-06-08,0.011166716126810307,0.7548933452725749,0.011166716126810307,0.7548933452725749,0.012307692307692353,0.011166716126810307
2021-06-09,-0.009716956916799463,0.613408237932644,-0.009716956916799463,0.613408237932644,-0.012158054711246202,-0.009716956916799463
2021-06-10,0.0038053558463348913,0.7099815003377987,0.0038053558463348913,0.7099815003377987,0.00512820512820511,0.0038053558463348913
2021-06-11,0.00878354006414988,0.45324474600825654,0.00878354006414988,0.45324474600825654,0.014285714285714235,0.00878354006414988
2021-06-15,-0.009370804879459347,0.27830227900221266,-0.009370804879459347,0.27830227900221266,-0.013078470824949728,-0.009370804879459347
2021-06-16,-0.001392419835595761,0.7099815003377987,-0.001392419835595761,0.7099815003377987,-0.003058103975535187,-0.001392419835595761
2021-06-17,-0.005501194383231405,0.8755348612810272,-0.005501194383231405,0.8755348612810272,-0.01942740286298572,-0.005501194383231405
2021-06-18,0.010287652199875276,0.7548933452725749,0.010287652199875276,0.7548933452725749,0.014598540145985384,0.010326685234919156
2021-06-21,0.012537303145319827,0.9776492756785788,0.012537303145319827,0.9776492756785788,0.014388489208633004,0.011453083373345586
2021-06-22,0.0174847022667624,0.9447450738962128,0.0174847022667624,0.9447450738962128,0.023302938196555267,0.0174847022667624
2021-06-23,-0.0019510652541056828,0.45324474600825654,-0.0019510652541056828,0.45324474600825654,-0.001980198019801982,-0.0019510652541056828
2021-06-24,0.00819548324332233,0.27830227900221266,0.00819548324332233,0.27830227900221266,0.008928571428571397,0.00819548324332233
2021-06-25,-0.005376033127162753,-0.031327727361609055,-0.005376033127162753,0.0,-0.01179941002949858,-0.005437171384394866
2021-06-28,0.0015066911401148983,-0.15602576453798608,0.0015223550037957029,0.0,0.005970149253731405,0.0008065540598451324
2021-06-29,7.015823804384233e-06,-0.15602576453798608,0.0002174858634189647,0.0,0.004945598417408714,-0.00028815816580145416
2021-06-30,0.0013885086137092409,-0.33795704239702445,0.0001383700013835032,0.0,-0.007874015748031482,0.0018817375070838138
2021-07-01,-0.00189241950380883,-0.33795704239702445,0.0003162305320580927,0.0,0.01388888888888884,-0.0027263401733636453
2021-07-02,0.007275004826550447,-0.031327727361609055,0.0,0.0,-0.021526418786692814,0.008531715726317465
2021-07-05,0.0029940430912800556,0.3379570423970245,7.903420205113143e-05,0.3379570423970245,-0.009000000000000008,0.003463558811127442
2021-07-06,-0.0008393597486580392,-0.45324474600825654,-0.00012946454312895146,0.0,0.022199798183652808,0.0005804306624001396
2021-07-07,-0.004052341244422221,0.15602576453798608,-0.0038257188714180936,0.15602576453798608,-0.010858835143139123,-0.004052341244422221
2021-07-08,-0.010579261595652,0.21758407049081485,1.0888299129044771e-05,0.21758407049081485,0.022954091816367095,-0.01054817887298821
2021-07-09,0.00038202883873490235,-0.5084988673712059,0.00038202883873490235,0.0,0.0019512195121951237,0.00026840896950954636
2021-07-12,0.0013550493877885809,0.9776492756785788,0.0016092988214741837,0.9776492756785788,0.00778967867575453,0.0009081329232715206
2021-07-13,-0.010435064919377455,0.7099815003377987,-0.000399945404965805,0.7099815003377987,0.019323671497584627,-0.010435064919377455
2021-07-14,0.006358676869354664,0.3379570423970245,0.006358676869354664,0.3379570423970245,0.006635071090047573,0.006358676869354664
2021-07-15,-0.01422519443903992,0.5084988673712059,-0.01422519443903992,0.5084988673712059,-0.019774011299435124,-0.01422519443903992
2021-07-16,0.0007078365356735104,0.21758407049081485,0.0007078365356735104,0.21758407049081485,0.0019212295869357465,0.0007931074481606011
2021-07-19,-0.0020713367108635963,-0.9111270911804993,-0.0020713367108635963,0.0,-0.003835091083413289,-0.0013236045382257302
2021-07-20,-0.002022549762047507,-0.8755348612810272,-0.001566986216457257,0.0,-0.006737247353224118,-0.0020393587534053635
2021-07-21,-0.01756210627509711,0.21758407049081485,5.922767116794958e-05,0.21758407049081485,0.019379844961240345,-0.01822843544456953
2021-07-22,-0.017173196089365052,0.15602576453798608,-9.892134133562153e-05,0.15602576453798608,0.019011406844106515,-0.017173196089365052
2021-07-23,0.0008506079143423326,-0.21758407049081485,0.0008506079143423326,0.0,0.003731343283582156,0.0008506079143423326
2021-07-26,-0.001375236085978215,0.031327727361609194,-0.0012664440507328075,0.031327727361609194,-0.008364312267658103,-0.001375236085978215
2021-07-27,0.0022148032742008244,0.7099815003377987,6.32829853530628e-05,0.7099815003377987,-0.010309278350515316,0.0022148032742008244
2021-07-28,-0.00123130126795483,0.7099815003377987,-0.00123130126795483,0.7099815003377987,-0.030303030303030276,-0.00123130126795483
2021-07-29,-0.007623892787672797,0.9776492756785788,-0.007623892787672797,0.9776492756785788,-0.010742187500000111,-0.007623892787672797
2021-07-30,0.02169615889815333,0.9447450738962128,0.02169615889815333,0.9447450738962128,0.03060217176702884,0.02169615889815333
2021-08-02,0.0074751132299792165,0.9111270911804993,0.0074751132299792165,0.9111270911804993,0.00766283524904221,0.007491565330870399
2021-08-03,0.017057523587088574,0.5084988673712059,0.017057523587088574,0.5084988673712059,0.018060836501901045,0.017591808357811715
2021-08-04,-0.01466364889254744,-0.031327727361609055,-0.01466364889254744,0.0,-0.015873015873015817,-0.013546344397255704
2021-08-05,0.0123464171831533,-0.39633697601347395,0.012362081046834105,0.0,0.024667931688804545,0.008250004824781663
2021-08-06,9.360273119085342e-05,-0.39633697601347395,0.00029584631769941083,0.0,0.0009259259259257746,6.514884619346212e-05
2021-08-09,-0.001099917602257628,-0.9111270911804993,0.0,0.0,0.0027752081406107187,-0.0012863023938085424
2021-08-10,-0.0009886440908187385,-0.8755348612810272,0.0,0.0,0.0018450184501845879,-0.0010219051830677784
2021-08-11,-0.008237968497646847,-0.8376784719947828,8.873289426980513e-05,0.0,0.009208103130755152,-0.008860073904323924
2021-08-12,-0.006746297974076675,-0.7974687911932674,0.0002464583928940556,0.0,0.008211678832116709,-0.007047594046099198
2021-08-13,-0.0053085533090133,-0.9776492756785788,9.855906644817836e-06,0.0,0.0063348416289594756,-0.005288448468612542
2021-08-16,0.001344206144795586,-0.9776492756785788,0.0,0.0,-0.0017985611510791255,0.0014366305549832418
2021-08-17,0.014189702326455368,-0.21758407049081485,4.928099035095279e-05,0.0,-0.014414414414414378,0.014189702326455368
2021-08-18,0.022913249935892,-0.09386031921040802,2.9567137112662678e-05,0.0,-0.02376599634369292,0.0229436090401477
2021-08-19,-0.0010445144802878482,-0.21758407049081485,2.9566262922831044e-05,0.0,0.004681647940074862,-0.0013262569271651277
2021-08-20,-0.0007210058557087646,-0.9111270911804993,0.00019710259189897883,0.0,0.009319664492078328,-0.0012873903603537204
2021-08-23,-0.0021549493814596783,0.45324474600825654,0.0,0.45324474600825654,0.008310249307479367,-0.00262917372743721
2021-08-24,-0.024006754669720173,0.45324474600825654,-0.0002069144445045378,0.45324474600825654,0.025641025641025772,-0.023949110817914555
2021-08-25,0.0008955672266364327,0.21758407049081485,0.0008955672266364327,0.21758407049081485,0.0017857142857142794,0.0006786826568625338
2021-08-26,0.0007224130682767963,-0.5084988673712059,0.0007224130682767963,0.0,0.0017825311942958333,0.0005909292085285356
2021-08-27,-0.0032127869475323126,-0.33795704239702445,-0.0029585375138467098,0.0,-0.013345195729537518,-0.001491275226524957
2021-08-30,-0.002732370844468839,-0.5084988673712059,6.895668535045196e-05,0.0,0.0054102795311090635,-0.002674726992663223
2021-08-31,-0.0010999841700083581,-0.8755348612810272,0.00014775413711598517,0.0,0.0035874439461882623,-0.0014656124284903788
2021-09-01,-0.0027020563926783417,-0.754893345272575,0.00013788348845245046,0.0,0.00536193029490617,-0.002954492174063647
2021-09-02,0.018747041101109318,-0.754893345272575,6.89322396083547e-05,0.0,-0.021333333333333315,0.01878843366447042
2021-09-03,-0.014600312476171917,-0.9447450738962128,0.0002757099531294216,0.0,0.019981834695731227,-0.016273079073552948
2021-09-06,0.009988244375303983,-0.9111270911804993,0.0,0.0,-0.013357079252003468,0.009988244375303983
2021-09-07,-0.012653513411076458,-0.09386031921040802,7.875876191243414e-05,0.0,0.013537906137184086,-0.012653513411076458
2021-09-08,-0.017390189051543648,-0.33795704239702445,2.953220979673432e-05,0.0,0.018699910952804988,-0.01735910632887986
2021-09-09,-0.00037485725950818234,-0.9111270911804993,6.890645456603117e-05,0.0,0.0034965034965035446,-0.0005568526333599281
2021-09-10,0.0004733957122076148,-0.9447450738962128,0.00012796031261674834,0.0,-0.0017421602787456303,0.0004911918271573508
2021-09-13,-0.003197008262493949,-0.9776492756785788,0.0,0.0,0.003490401396160525,-0.0031070253094012848
2021-09-14,-0.0038178014110180794,-0.754893345272575,0.00015746946568651055,0.0,0.004347826086956719,-0.003939229649933245
2021-09-15,0.00839203922104692,-0.561935209500679,1.9680584119496913e-05,0.0,-0.008658008658008698,0.00839203922104692
2021-09-16,-0.013144242443373547,-0.27830227900221255,7.872078720772002e-05,0.0,0.017467248908296984,-0.013144242443373547
2021-09-17,0.021496434015903444,0.031327727361609194,0.00026566174372510964,0.031327727361609194,-0.03776824034334769,0.02161153231008794
2021-09-22,0.0015830225998648938,0.5619352095006791,-1.5663863680804598e-05,0.5619352095006791,-0.006244424620874156,0.0029053695497329723
2021-09-23,0.00038242895864028486,-0.09386031921040802,0.00038242895864028486,0.0,0.018850987432674993,0.00038242895864028486
2021-09-24,-0.0007497406041293794,-0.561935209500679,-0.0007028104445241753,0.0,-0.0008810572687225626,-0.0007497406041293794
2021-09-27,0.0013816104627207434,0.7099815003377987,3.933987686610685e-05,0.7099815003377987,-0.016754850088183337,0.0013816104627207434
2021-09-28,0.016806505309695983,0.9447450738962128,-0.00015829910366296838,0.9447450738962128,-0.030493273542600896,0.016806505309695983
2021-09-29,-0.0040038933172336245,0.9776492756785788,-0.0040038933172336245,0.9776492756785788,-0.005550416281221104,-0.0040038933172336245
2021-09-30,-0.021070411091717825,0.9776492756785788,-0.021070411091717825,0.9776492756785788,-0.022325581395348904,-0.021070411091717825
2021-10-08,0.0297666763289386,0.9447450738962128,0.0297666763289386,0.9447450738962128,0.03044719314938149,0.0297666763289386
2021-10-11,-0.007236920389840503,0.9111270911804993,-0.007236920389840503,0.9111270911804993,-0.007386888273314907,-0.007236920389840503
2021-10-12,-0.006162122684805674,0.9111270911804993,-0.006162122684805674,0.9111270911804993,-0.00651162790697668,-0.006162122684805674
2021-10-13,-0.023022761659553113,0.9447450738962128,-0.023022761659553113,0.9447450738962128,-0.02528089887640461,-0.023022761659553113
2021-10-14,0.007881322003768797,0.7548933452725749,0.007881322003768797,0.7548933452725749,0.008645533141210526,0.007881322003768797
2021-10-15,0.012504930900880576,0.5619352095006791,0.012504930900880576,0.5619352095006791,0.01333333333333342,0.012504930900880576
2021-10-18,-0.001515451521405794,0.39633697601347395,-0.001515451521405794,0.39633697601347395,-0.001879699248120259,-0.001515451521405794
2021-10-19,0.007854138870554021,0.3379570423970245,0.007854138870554021,0.3379570423970245,0.014124293785310549,0.007882592755551412
2021-10-20,0.003365826894905683,-0.33795704239702445,0.003365826894905683,0.0,0.008356545961002881,0.0038051001119264864
2021-10-21,0.001231018024443334,-0.9447450738962128,0.0013999965456418463,0.0,0.004604051565377354,0.0012912045103964389
2021-10-22,0.0014688161945423676,-0.754893345272575,0.00016694818713891557,0.0,-0.004582951420714854,0.0008714752828433577
2021-10-25,0.004445680625123244,0.031327727361609194,9.818842358488844e-05,0.031327727361609194,-0.004604051565377687,0.00415484270202711
2021-10-26,-0.01074743601603563,-0.6627920691587282,5.306128481462528e-05,0.0,0.013876040703052928,-0.010840564187600233
2021-10-27,-0.000442594299217087,-0.7099815003377987,-0.00011119826463772288,0.0,-0.007299270072992692,-0.0018160833908831523
2021-10-28,0.006068244155354636,0.39633697601347395,0.0,0.39633697601347395,-0.009191176470588203,0.004061078783353577
2021-10-29,0.014272017054017478,0.6627920691587285,-1.8167041506067982e-06,0.6627920691587285,-0.020408163265306145,0.013294842539719059
2021-11-01,0.005144941346962157,0.39633697601347395,0.005144941346962157,0.39633697601347395,0.01325757575757569,0.005925619954147874
2021-11-02,0.006707001009738848,0.5084988673712059,0.006707001009738848,0.5084988673712059,0.010280373831775602,0.006735454894736239
2021-11-03,-0.004786842629817105,0.3379570423970245,-0.004786842629817105,0.3379570423970245,-0.012025901942645634,-0.005472825307461941
2021-11-04,0.002805229194303472,-0.09386031921040802,0.002805229194303472,0.0,0.00561797752808979,0.003104234216441443
2021-11-05,0.003926793384916461,-0.45324474600825654,0.003973723544521665,0.0,0.012104283054003684,0.004599667482441527
2021-11-08,0.0012013962730369474,-0.5084988673712059,7.849986753161176e-05,0.0,-0.013799448022078997,0.0012888675065399694
2021-11-09,-0.00199905352731709,-0.15602576453798608,9.81171322325114e-05,0.0,0.004664179104477473,-0.0012316456692142296
2021-11-10,-0.007980688475895207,-0.6627920691587282,0.00014716125930802626,0.0,0.01578458681522754,-0.006170684303898675
2021-11-11,-0.0003960026811384909,-0.9111270911804993,0.0,0.0,0.000914076782449591,-0.0003188560802447297
2021-11-12,-0.006668168974194526,-0.09386031921040802,6.86698647205386e-05,0.0,0.010045662100456765,-0.005127816625873333
2021-11-15,-0.01744605920926066,-0.7099815003377987,0.000137330298987548,0.0,0.018987341772151778,-0.014422934433446902
2021-11-16,0.0008200818974419359,-0.9776492756785788,0.00011769552168550135,0.0,-0.010647737355811926,0.0008200818974419359
2021-11-17,0.008261363523973992,-0.27830227900221255,6.864764146308211e-05,0.0,-0.011659192825111964,0.008277815624865174
2021-11-18,-0.01961506246238376,-0.7974687911932674,0.0001274797258203897,0.0,0.019963702359346636,-0.018945915289359093
2021-11-19,0.002018950191337451,-0.5084988673712059,3.921953132679512e-05,0.0,-0.008007117437722533,0.0019988453509366933
2021-11-22,-0.014360741499541136,0.031327727361609194,4.9022491519057354e-05,0.031327727361609194,0.017937219730941756,-0.01510012504105363
2021-11-23,-0.010485559534306554,-0.561935209500679,4.31602424379887e-05,0.0,0.02026431718061672,-0.010516825830230954
2021-11-24,-0.0003303097764720816,-0.9776492756785788,-4.934217172174212e-05,0.0,-0.002590673575129432,-0.0005266427785597995
2021-11-25,0.0008876836619543766,-0.9447450738962128,7.842368395238886e-05,0.0,-0.0017316017316016952,0.0008876836619543766
2021-11-26,0.0036659987422865276,-0.8755348612810272,0.00014703287655115638,0.0,-0.003469210754553309,0.0036659987422865276
2021-11-29,0.0032543246548628418,-0.561935209500679,0.0,0.0,-0.003481288076588318,0.003272120769812578
2021-11-30,-0.017486592136109123,-0.5084988673712059,0.00013722530434612246,0.0,0.02008733624454151,-0.01811797811827632
2021-12-01,-0.00023228870694126018,-0.9111270911804993,0.00017640832647303206,0.0,0.0008561643835618415,-0.0004599322363827194
2021-12-02,0.0002780162251669176,-0.9776492756785788,2.9396202010811834e-05,0.0,-0.0008554319931566301,0.0002780162251669176
2021-12-03,0.00955234658660932,-0.9447450738962128,0.00011758135159767313,0.0,-0.010273972602739767,0.00955234658660932
2021-12-06,-0.006530308085271954,-0.9447450738962128,0.00012736482183606235,0.0,0.006920415224913601,-0.006530308085271954
2021-12-07,0.01085608960355572,-0.6627920691587282,0.00015673674105154412,0.0,-0.011168384879725046,0.01085608960355572
2021-12-08,0.016275097761683628,0.6627920691587285,0.0,0.6627920691587285,-0.017376194613379692,0.016275097761683628
2021-12-09,-0.010625183913277502,0.27830227900221266,-0.00033139603457936424,0.27830227900221266,0.015030946065428763,-0.010648778628867038
2021-12-10,0.0016058529832526625,0.45324474600825654,0.0016058529832526625,0.45324474600825654,0.002613240418118501,0.0017261580339763777
2021-12-13,0.001668683342885804,0.15602576453798608,0.001668683342885804,0.15602576453798608,0.006081668114682692,0.0020560530573083637
2021-12-14,-0.0016446164053199276,-0.27830227900221255,-0.0016446164053199276,0.0,-0.003454231433506094,-0.0016446164053199276
2021-12-15,0.0004919127120656277,-0.6134082379326439,0.000631063851566734,0.0,0.004332755632582508,0.0005530509692977408
2021-12-16,-0.0003576115182857988,-0.561935209500679,3.916461868347376e-05,0.0,0.0008628127696288512,-0.00029230043625942377
2021-12-17,-0.00020701347863889434,-0.45324474600825654,0.00021539696681904807,0.0,0.0008620689655174374,-0.00014799079824775416
2021-12-20,0.00776625553406146,0.613408237932644,4.894331385396633e-05,0.613408237932644,-0.013781223083548677,0.00776625553406146
2021-12-21,0.006196071483698013,0.9111270911804993,-0.000306704118966322,0.9111270911804993,-0.014847161572052459,0.006147784852495436
2021-12-22,0.009156316920317683,0.6627920691587285,0.009156316920317683,0.6627920691587285,0.01507092198581561,0.010628117198096268
2021-12-23,0.004653776906538109,0.27830227900221266,0.004653776906538109,0.27830227900221266,0.005240174672489051,0.004835410612316275
2021-12-24,-0.00013284069692072462,0.27830227900221266,-0.00013284069692072462,0.27830227900221266,0.0,-0.00010573118497337139
2021-12-27,-0.005547085811415756,0.9111270911804993,-0.005547085811415756,0.9111270911804993,-0.019982623805386734,-0.007937228714249863
2021-12-28,0.0012345371535048219,0.837678471994783,0.0012345371535048219,0.837678471994783,0.005319148936170137,0.0015590308827485078
2021-12-29,0.008001384277602505,0.7099815003377987,0.008001384277602505,0.7099815003377987,0.008818342151675429,0.00831643878767135
2021-12-30,-0.002252617253848137,0.7974687911932673,-0.002252617253848137,0.7974687911932673,-0.002622377622377492,-0.002463088646272206
2021-12-31,0.006942954905886719,0.7548933452725749,0.006942954905886719,0.7548933452725749,0.009640666082383786,0.007356295557088244
2022-01-04,0.010362420495702107,-0.27830227900221255,0.010362420495702107,0.0,0.013020833333333481,0.01088716693036477
2022-01-05,-0.004397797530762496,0.7099815003377987,-0.00425864639126139,0.7099815003377987,-0.005141388174807249,-0.004545761168020733
2022-01-06,0.008566627993888886,0.9776492756785788,-0.0002051570655589314,0.9776492756785788,-0.031869078380706184,0.002730762159589035
2022-01-07,0.010030595045019864,0.9447450738962128,0.010030595045019864,0.9447450738962128,0.01423487544483959,0.01068339442068724
2022-01-10,-0.024884915265031303,0.9776492756785788,-0.024884915265031303,0.9776492756785788,-0.025438596491228038,-0.024884915265031303
2022-01-11,0.008494276086754892,0.8755348612810272,0.008494276086754892,0.8755348612810272,0.00900090009000909,0.008494276086754892
2022-01-12,-0.0070271443257141014,0.9111270911804993,-0.0070271443257141014,0.9111270911804993,-0.007136485280999083,-0.0070271443257141014
2022-01-13,0.012575964402939805,0.5084988673712059,0.012575964402939805,0.5084988673712059,0.014375561545372895,0.012575964402939805
2022-01-14,-0.01874861021492034,0.9111270911804993,-0.01874861021492034,0.9111270911804993,-0.02037201062887506,-0.01874861021492034
2022-01-17,0.0030709946684120875,0.9111270911804993,0.0030709946684120875,0.9111270911804993,0.006329113924050445,0.0030709946684120875
2022-01-18,0.01801590841587923,0.5084988673712059,0.01801590841587923,0.5084988673712059,0.019766397124887813,0.01801590841587923
2022-01-19,-0.008228865576049975,0.031327727361609194,-0.008228865576049975,0.031327727361609194,-0.008810572687224627,-0.00820214740498524
2022-01-20,-0.005662573488631017,0.9111270911804993,-0.005662573488631017,0.9111270911804993,-0.010666666666666713,-0.006166151137512202
2022-01-21,-0.0009388416096794772,0.9776492756785788,-0.0009388416096794772,0.9776492756785788,-0.02425876010781658,-0.00541425222324671
2022-01-24,-0.01765085400432839,0.9776492756785788,-0.01765085400432839,0.9776492756785788,-0.019337016574585753,-0.01765085400432839
2022-01-25,0.005510782343436979,0.9111270911804993,0.005510782343436979,0.9111270911804993,0.005633802816901401,0.005510782343436979
2022-01-26,-0.030154678454174095,0.9776492756785788,-0.030154678454174095,0.9776492756785788,-0.03081232492997188,-0.030154678454174095
2022-01-27,0.0008622414586146168,0.9447450738962128,0.0008622414586146168,0.9447450738962128,0.0009633911368014392,0.0008622414586146168
2022-01-28,-0.019762403625448913,0.9111270911804993,-0.019762403625448913,0.9111270911804993,-0.020211742059672688,-0.019762403625448913
2022-02-07,0.005565201390623031,0.5084988673712059,0.005565201390623031,0.5084988673712059,0.005893909626718985,0.005565201390623031
2022-02-08,-0.0010893154913646775,0.5084988673712059,-0.0010893154913646775,0.5084988673712059,-0.000976562500000111,-0.0010893154913646775
2022-02-09,0.005467729756679741,0.8755348612810272,0.005467729756679741,0.8755348612810272,0.010752688172043223,0.005467729756679741
2022-02-10,0.0076849364304525936,0.27830227900221266,0.0076849364304525936,0.27830227900221266,0.01547388781431347,0.007703864625095715
2022-02-11,-0.007783351302122097,-0.33795704239702445,-0.007783351302122097,0.0,-0.008571428571428674,-0.007374885141855139
2022-02-14,-0.007511959774673858,0.5619352095006791,-0.007342981253475346,0.5619352095006791,-0.025936599423631024,-0.010634748402088615
2022-02-15,-0.0009431916587008542,0.09386031921040802,-0.0001514145627452135,0.09386031921040802,0.0019723865877712132,-0.0009431916587008542
2022-02-16,0.013610568542440079,-0.15602576453798608,0.013610568542440079,0.0,0.02460629921259838,0.013610568542440079
2022-02-17,0.00018166264305450577,-0.21758407049081485,0.0002596755253234988,0.0,0.0028818443804035088,0.0002127453657182948
2022-02-18,0.00011895616514934683,-0.8376784719947828,0.00012952593507775667,0.0,0.0,7.982140504997808e-05
2022-02-21,-0.001965228217236043,-0.8755348612810272,9.962243098460277e-06,0.0,0.00766283524904221,-0.001965228217236043
2022-02-22,-0.0055196055079409926,-0.9776492756785788,3.9848575413392595e-05,0.0,0.0066539923954371805,-0.0055196055079409926
2022-02-23,-0.0025313259360403534,0.15602576453798608,0.0,0.15602576453798608,0.0028328611898018607,-0.0025313259360403534
2022-02-24,-0.010535541552938371,0.5084988673712059,1.6810928663045846e-06,0.5084988673712059,0.010357815442561202,-0.010473192534350183
2022-02-25,-0.0006738117849957527,-0.6134082379326439,-0.0006738117849957527,0.0,-0.0037278657968312645,-0.00025888214290728767
2022-02-28,-5.590441569702396e-05,-0.6134082379326439,0.00025079970326929806,0.0,0.00093545369504211,-8.059633131006602e-05
2022-03-01,-0.006113243723762963,-0.7974687911932674,0.00011951238945107079,0.0,0.010280373831775602,-0.006639717905955388
2022-03-02,0.005159575753488193,-0.9111270911804993,8.962358095998546e-05,0.0,-0.00832562442183149,0.005139470913087436
2022-03-03,-0.007245333012168111,-0.9111270911804993,0.0001394019655676093,0.0,0.009328358208955168,-0.007594713169213059
2022-03-04,0.023787447029103317,-0.8376784719947828,0.00010951484921806198,0.0,-0.025878003696857665,0.02376965091415358
2022-03-07,0.006166603562465639,-0.561935209500679,7.963844147584886e-05,0.0,-0.006641366223908984,0.005945184134209573
2022-03-08,0.015973381002709598,0.09386031921040802,5.972407477439212e-05,0.09386031921040802,-0.019102196752626588,0.015890581885965996
2022-03-09,0.016789585210580802,0.3379570423970245,5.260402043218211e-05,0.3379570423970245,-0.030185004868549137,0.011826235436240408
2022-03-10,0.0005376125163914744,0.8755348612810272,0.0005376125163914744,0.8755348612810272,0.007028112449799062,0.0010056009793093178
2022-03-11,-0.0038763631340453485,0.7548933452725749,-0.0038763631340453485,0.7548933452725749,-0.010967098703888234,-0.003837330099001469
2022-03-14,0.007020260978063804,0.613408237932644,0.007020260978063804,0.613408237932644,0.008064516129032251,0.0063961075884885945
2022-03-15,-0.015923502804394054,0.9111270911804993,-0.015923502804394054,0.9111270911804993,-0.02100000000000002,-0.013969061882162334
2022-03-16,-0.017066144844582444,0.9447450738962128,-0.017066144844582444,0.9447450738962128,-0.02757916241062308,-0.015672298347906646
2022-03-17,0.02391869133033314,0.9111270911804993,0.02391869133033314,0.9111270911804993,0.0262605042016808,0.02391869133033314
2022-03-18,0.004821968149274486,0.7099815003377987,0.004821968149274486,0.7099815003377987,0.0051177072671442225,0.00480417203432475
2022-03-21,0.024050365338171568,0.3379570423970245,0.024050365338171568,0.3379570423970245,0.026476578411405383,0.023136778374398325
2022-03-22,-0.00159470568202157,-0.45324474600825654,-0.00159470568202157,0.0,-0.001984126984126977,-0.001624533063718976
2022-03-23,0.000987675874504645,-0.7974687911932674,0.0012142982475087734,0.0,0.003976143141153132,0.0007838676164202286
2022-03-24,0.002360758848090629,-0.8376784719947828,0.00019892382212227666,0.0,-0.004950495049505066,0.0023406540076898715
2022-03-25,0.003261146773425122,-0.8755348612810272,5.966527779155406e-05,0.0,-0.003980099502487566,0.003424761071510985
2022-03-28,0.015881062782280755,-0.561935209500679,0.0,0.0,-0.018981018981018893,0.01661854382051892
2022-03-29,-0.004297657580325296,-0.8755348612810272,0.00016904993934097057,0.0,0.005091649694501044,-0.004297657580325296
2022-03-30,0.002689883099645176,-0.45324474600825654,0.0,0.0,-0.005065856129685908,0.002708811294288298
2022-03-31,-0.01270832916809545,-0.6627920691587282,0.0004673687141394378,0.0,0.015274949083503131,-0.012128839446602346
2022-04-01,0.010394556499076503,-0.9111270911804993,2.9818109531731807e-05,0.0,-0.02306920762286868,0.010370961783486968
2022-04-06,-0.0046396610168209125,-0.9776492756785788,0.0001490861021935519,0.0,0.007186858316221789,-0.004948174768779238
2022-04-07,0.0048385118877479275,-0.6627920691587282,0.00011925110307275943,0.0,-0.0050968399592252744,0.0048385118877479275
2022-04-08,0.013139649401390318,-0.39633697601347395,0.00013910969793329286,0.0,-0.013319672131147597,0.013163244116979854
2022-04-11,0.009618018023346659,0.6627920691587285,6.954517455848297e-05,0.6627920691587285,-0.014537902388369717,0.010283740449229806
2022-04-12,0.010328982765454237,0.7974687911932673,-0.00033139603457936424,0.7974687911932673,-0.02739726027397249,0.010305388049864701
2022-04-13,0.0006674967341287552,0.27830227900221266,0.0006674967341287552,0.27830227900221266,0.0010834236186347823,0.0007398734997072912
2022-04-14,-0.0019716220919666796,0.3379570423970245,-0.0019716220919666796,0.3379570423970245,-0.0021645021645021467,-0.0020019811962223785
2022-04-15,-0.0020137078301550207,-0.09386031921040802,-0.0020137078301550207,0.0,-0.007592190889370909,-0.0015423985688215731
2022-04-18,-0.00390942826984224,0.3379570423970245,-0.0038624981102370354,0.3379570423970245,-0.010928961748633892,-0.00322763626087913
2022-04-19,-0.0011335332609299525,-0.6134082379326439,-5.972689483907108e-05,0.0,0.011049723756906049,-0.0011335332609299525
2022-04-20,0.0013710771543544275,-0.45324474600825654,0.0016777812733207494,0.0,0.005464480874316946,0.0013710771543544275
2022-04-21,0.0133189708460035,0.5084988673712059,3.9723918764611454e-05,0.5084988673712059,-0.021739130434782594,0.013261326994197884
2022-04-22,0.018239112731665202,0.39633697601347395,-0.00019466592242914718,0.39633697601347395,-0.0411111111111111,0.013449540427895462
2022-04-25,-0.013588672032265317,0.8755348612810272,-0.013588672032265317,0.8755348612810272,-0.02665121668597914,-0.01906717354338247
2022-04-26,-0.024714803758350497,0.837678471994783,-0.024714803758350497,0.837678471994783,-0.061904761904761796,-0.024714803758350497
2022-04-27,-0.02889848391392362,0.9776492756785788,-0.02889848391392362,0.9776492756785788,-0.032994923857868064,-0.02889848391392362
2022-04-28,0.03734542069594,0.7548933452725749,0.03734542069594,0.7548933452725749,0.044619422572178546,0.03734542069594
2022-04-29,0.010948878962634556,0.7974687911932673,0.010948878962634556,0.7974687911932673,0.011306532663316604,0.010948878962634556
2022-05-05,0.024360360695781184,0.7099815003377987,0.024360360695781184,0.7099815003377987,0.032298136645962705,0.024360360695781184
2022-05-06,0.0009661523301245871,0.15602576453798608,0.0009661523301245871,0.15602576453798608,0.001203369434416457,0.0009661523301245871
2022-05-09,-0.0002568364954210348,-0.031327727361609055,-0.0002568364954210348,0.0,0.0,-0.00028791921808482383
2022-05-10,0.0009025868294851554,-0.09386031921040802,0.00091825069316596,0.0,0.006009615384615419,0.0005331298415794717
2022-05-11,-0.0011541239074516093,0.15602576453798608,0.0,0.15602576453798608,0.03584229390681015,-0.0033952518699902523
2022-05-12,0.00016753241967657672,-0.33795704239702445,-8.572571176420734e-06,0.0,-0.0023068050749711633,0.00028417004964504246
2022-05-13,0.0030119595589741355,-0.8376784719947828,0.0031809380801726475,0.0,0.01965317919075149,0.0030119595589741355
2022-05-16,-0.0024692763467656508,-0.9447450738962128,5.950255860986964e-05,0.0,0.006802721088435382,-0.0024692763467656508
2022-05-17,0.003719793149476196,-0.9447450738962128,0.0,0.0,-0.0045045045045044585,0.003719793149476196
2022-05-18,-0.007365299163484764,-0.9776492756785788,5.950078838523609e-05,0.0,0.007918552036199067,-0.007365299163484764
2022-05-19,0.013883414206887332,-0.8755348612810272,5.949724825216052e-05,0.0,-0.014590347923681302,0.013883414206887332
2022-05-20,-0.02452835427213822,-0.8755348612810272,9.915618090161615e-06,0.0,0.02505694760820054,-0.02452835427213822
2022-05-23,-0.011525022926419956,-0.8376784719947828,7.932415817224481e-05,0.0,0.01333333333333342,-0.011525022926419956
2022-05-24,-0.007457317993633462,0.39633697601347395,0.00012889153281792076,0.39633697601347395,0.00877192982456143,-0.007457317993633462
2022-05-25,0.030377110424305295,0.09386031921040802,-0.00017834157694045843,0.09386031921040802,-0.036956521739130443,0.030377110424305295
2022-05-26,0.006159296835293609,-0.15602576453798608,0.006159296835293609,0.0,0.015801354401805856,0.006159296835293609
2022-05-27,0.0013206379744721435,-0.27830227900221255,0.0013986508567411366,0.0,0.014444444444444482,0.0012898588214957291
2022-05-30,0.0013060097343384185,-0.8755348612810272,0.0,0.0,-0.008762322015334112,0.0018463552050945714
2022-05-31,-0.003323097057974741,-0.7974687911932674,3.964831940694857e-05,0.0,0.011049723756906049,-0.003950073121460374
2022-06-01,-0.00465606911098276,-0.9447450738962128,8.920518182997661e-05,0.0,0.005464480874316946,-0.00465606911098276
2022-06-02,-0.007008149369118976,-0.8755348612810272,0.0,0.0,0.008695652173912993,-0.007008149369118976
2022-06-06,-0.007832013709834896,-0.09386031921040802,0.00017840152235981677,0.0,0.008620689655172376,-0.00781421759488516
2022-06-07,-0.02448822435619914,-0.7974687911932674,0.00011891313395562264,0.0,0.02777777777777768,-0.02549046114031017
2022-06-08,-1.5747573511289766e-05,-0.7099815003377987,3.963299843445789e-05,0.0,-0.0031185031185031464,-1.5747573511289766e-05
2022-06-09,0.0017440455375430006,-0.7974687911932674,6.935499851357108e-05,0.0,-0.002085505735140769,0.001766501460010389
2022-06-10,0.011826375482476982,-0.09386031921040802,0.0,0.0,-0.01671891327063746,0.012579603804832456
2022-06-13,-0.018390588880826897,-0.8376784719947828,0.0003368871626172609,0.0,0.023379383634431372,-0.01930614242656556
2022-06-14,-0.0007292243212214726,-0.27830227900221255,0.00011886130866289868,0.0,0.005192107995846351,-0.0010324504327662253
2022-06-15,-0.0037411693857310065,-0.6627920691587282,0.0,0.0,0.004132231404958775,-0.0038867015593636867
2022-06-16,0.00041837532359654693,-0.9447450738962128,2.9712678399906878e-05,0.0,-0.002057613168724326,0.0005727216348320243
2022-06-17,-0.000643117322444968,-0.9111270911804993,0.0001089432504706167,0.0,0.0010309278350515427,-0.0006595694233361511
2022-06-20,-0.01930270109366058,-0.9111270911804993,8.912567710739339e-05,0.0,0.02059732234809486,-0.019993959036006387
2022-06-21,-0.007279517956060253,-0.8376784719947828,3.960788196866183e-05,0.0,0.008072653884964698,-0.00729632694741811
2022-06-22,0.010279553742176968,-0.9447450738962128,0.00014852367467388383,0.0,-0.011011011011010985,0.01063790579499787
2022-06-23,0.01096855185687541,0.09386031921040802,0.0,0.09386031921040802,-0.013157894736842146,0.010952099755984226
2022-06-24,-0.02453172095575838,-0.561935209500679,6.198612337894656e-05,0.0,0.025641025641025772,-0.0253570204389716
2022-06-27,0.0009819978560638353,-0.33795704239702445,0.001262965460814175,0.0,0.0129999999999999,0.00018079492168462371
2022-06-28,-0.0054736800176057926,0.031327727361609194,0.0001187930624850786,0.031327727361609194,0.009871668311944637,-0.0060014265568306135
2022-06-29,-0.0030254372170338954,0.5619352095006791,8.331859662712352e-05,0.5619352095006791,0.008797653958944496,-0.002962843193747887
2022-06-30,-0.0009139684752263427,0.39633697601347395,-0.0009139684752263427,0.39633697601347395,-0.02131782945736438,0.001694652967298283
2022-07-01,0.00501559105436826,-0.6627920691587282,0.00501559105436826,0.0,0.008910891089108919,0.00501559105436826
2022-07-04,0.001456983172168244,0.45324474600825654,0.0017883792067476083,0.45324474600825654,0.004906771344455496,0.0014333884565787087
2022-07-05,-0.005341228382031179,-0.15602576453798608,1.0841512696655543e-05,0.0,0.0078125,-0.00572228474301541
2022-07-06,-0.002018129902225479,-0.6134082379326439,-0.001940117019956486,0.0,-0.003875968992248069,-0.002018129902225479
2022-07-07,0.0014408451542733507,-0.39633697601347395,0.0,0.0,-0.010700389105058439,0.0014408451542733507
2022-07-08,-0.007821869670514459,-0.9776492756785788,7.913427107464344e-05,0.0,0.012782694198623545,-0.007821869670514459
2022-07-11,0.00442354021193082,-0.8755348612810272,6.923700816985345e-05,0.0,-0.011650485436893177,0.00442354021193082
2022-07-12,0.009650368140499613,0.031327727361609194,4.945158195623911e-05,0.031327727361609194,-0.00982318271119842,0.009650368140499613
2022-07-13,0.014312533628077002,-0.27830227900221255,-1.5663863680804598e-05,0.0,-0.016865079365079416,0.01437512765136301
2022-07-14,3.485842181269263e-05,0.613408237932644,0.00017400956131379892,0.613408237932644,0.006054490413723412,-0.000660497382784337
2022-07-15,-0.003834462619526576,0.39633697601347395,-0.00011879182455747908,0.39633697601347395,0.013039117352056095,-0.0038591545351396184
2022-07-18,-0.005555436027965612,0.5619352095006791,-0.005555436027965612,0.5619352095006791,-0.00891089108910903,-0.006022623486661999
2022-07-19,0.007469924964913429,-0.6134082379326439,0.007469924964913429,0.0,0.018981018981019115,0.007469924964913429
2022-07-20,0.004921496996878212,0.09386031921040802,0.0052282011158445345,0.09386031921040802,0.009803921568627416,0.0048968050812651705
2022-07-21,-0.006792929349878876,-0.8755348612810272,2.228151937124008e-05,0.0,0.010679611650485255,-0.007372686189589949
2022-07-22,-0.0007921759697745469,0.09386031921040802,-0.0003544085391340333,0.09386031921040802,-0.004803073967339033,-0.0011316777007366937
2022-07-25,0.008188890087011501,0.613408237932644,7.16914572073269e-05,0.613408237932644,-0.009652509652509633,0.008188890087011501
2022-07-26,-0.0012660736779912312,0.613408237932644,-0.0012660736779912312,0.613408237932644,-0.01072124756335291,-0.0012660736779912312
2022-07-27,0.00786792381868012,-0.5084988673712059,0.00786792381868012,0.0,0.012807881773399199,0.00786792381868012
2022-07-28,0.007215259995403095,-0.8376784719947828,0.007469509429088699,0.0,0.012645914396887115,0.007162805310122376
2022-07-29,-0.002886688018697139,-0.9447450738962128,0.0001383700013835032,0.0,0.0057636887608070175,-0.0034243819836749906
2022-08-01,0.009638167660438299,-0.8376784719947828,4.941102063416025e-05,0.0,-0.011461318051575908,0.009638167660438299
2022-08-02,-0.0037047219923369767,0.9776492756785788,0.0,0.9776492756785788,0.0038647342995168366,-0.0037047219923369767
2022-08-03,0.01702926620808231,0.9111270911804993,-0.00038012576336677684,0.9111270911804993,-0.02117420596727626,0.01702926620808231
2022-08-04,-0.0038762809201533556,0.39633697601347395,-0.0038762809201533556,0.39633697601347395,-0.003933136676499527,-0.0038762809201533556
2022-08-05,0.0006455515243383521,0.9776492756785788,0.0006455515243383521,0.9776492756785788,0.000987166831194486,0.0006455515243383521
2022-08-08,0.00833818970904222,0.9111270911804993,0.00833818970904222,0.9111270911804993,0.021696252465483346,0.00833818970904222
2022-08-09,0.010348509673339749,-0.561935209500679,0.010348509673339749,0.0,0.01061776061776043,0.010348509673339749
2022-08-10,-0.0016032459803578542,-0.8755348612810272,-0.0013222783756075148,0.0,-0.0009551098376312517,-0.0016032459803578542
2022-08-11,-0.0071406982231260845,-0.5084988673712059,0.0,0.0,0.01242829827915859,-0.007121770028482962
2022-08-12,-0.004039395534834288,-0.39633697601347395,0.0001481730265822101,0.0,0.0047214353163362865,-0.003847340142642135
2022-08-15,0.005305249556828297,-0.6134082379326439,6.913716814160864e-05,0.0,-0.010338345864661758,0.005333703441825688
2022-08-16,-0.004207437030564307,-0.9776492756785788,2.9628166510198284e-05,0.0,0.010446343779677125,-0.0047717752017820796
2022-08-17,-0.004794212533404158,-0.9776492756785788,0.0,0.0,0.007518796992481258,-0.004794212533404158
2022-08-18,0.004716177685938256,-0.9447450738962128,7.900610322164603e-05,0.0,-0.004664179104477695,0.004716177685938256
2022-08-19,-0.007969852097242727,-0.15602576453798608,0.00014812474078174098,0.0,0.00843486410496741,-0.007969852097242727
2022-08-22,0.018921989439853126,-0.561935209500679,0.0,0.0,-0.020446096654275103,0.018890906717189338
2022-08-23,-0.001147864811999058,-0.8755348612810272,7.898972146258565e-05,0.0,0.006641366223908873,-0.0007442763059163028
2022-08-24,-0.0021056817162319907,0.9776492756785788,0.00010860228854636667,0.9776492756785788,0.0037700282752120007,-0.001936746675591519
2022-08-25,0.028668952538202865,0.8755348612810272,-0.0004888246378392894,0.8755348612810272,-0.03380281690140852,0.028668952538202865
2022-08-26,-0.003849677850154231,0.8755348612810272,-0.003849677850154231,0.8755348612810272,-0.0038872691933916625,-0.003849677850154231
2022-08-29,-0.01366442825811861,0.9776492756785788,-0.01366442825811861,0.9776492756785788,-0.01560975609756099,-0.01366442825811861
2022-08-30,0.013844834789673688,0.7099815003377987,0.013844834789673688,0.7099815003377987,0.015857284440039754,0.013844834789673688
2022-08-31,-0.00967033129674205,0.9776492756785788,-0.00967033129674205,0.9776492756785788,-0.009756097560975618,-0.00967033129674205
2022-09-01,-0.022506037269079404,0.9447450738962128,-0.022506037269079404,0.9447450738962128,-0.031527093596058986,-0.022506037269079404
2022-09-02,-1.4907963682581496e-05,0.0,-1.4907963682581496e-05,0.0,,-1.4907963682581496e-05
2022-09-05,-0.005955891290184149,0.7974687911932673,-0.005955891290184149,0.7974687911932673,-0.005807694284953757,-0.005955891290184149
2022-09-06,-0.0003789978781049806,0.9776492756785788,-0.0003789978781049806,0.9776492756785788,0.010007412898443091,-0.0003789978781049806
2022-09-07,0.009861977669995338,0.6627920691587285,0.009861977669995338,0.6627920691587285,0.012477064220183687,0.009861977669995338
2022-09-08,0.009411100942270167,0.5619352095006791,0.009411100942270167,0.5619352095006791,0.009786154403769398,0.009411100942270167
2022-09-09,-0.006219216377281988,0.21758407049081485,-0.006219216377281988,0.21758407049081485,-0.009332376166547252,-0.006193479863066006
2022-09-13,0.0025135221468661345,-0.031327727361609055,0.0025135221468661345,0.0,0.004710144927536408,0.0027256601003528636
2022-09-14,-0.0034444247496065823,0.031327727361609194,-0.003428760885925778,0.031327727361609194,-0.015506671474936784,-0.0033507480036567847
2022-09-15,0.00010981437162130979,0.7974687911932673,0.0001323176682239571,0.7974687911932673,0.00036630036630014295,0.00018204489495434305
2022-09-16,-0.0014251076073191283,0.8755348612810272,-0.0014251076073191283,0.8755348612810272,-0.038447455144635656,-0.006198095933196867
2022-09-19,-0.014917450979659177,0.7099815003377987,-0.014917450979659177,0.7099815003377987,-0.018659558263518727,-0.015648037581750783
2022-09-20,-0.002799546418377858,0.9447450738962128,-0.002799546418377858,0.9447450738962128,-0.0031043849437329962,-0.00277709049591047
2022-09-21,0.00459512298828899,0.5619352095006791,0.00459512298828899,0.5619352095006791,0.006617360840794229,0.004912562163019941
2022-09-22,-0.006767356722658631,0.15602576453798608,-0.006767356722658631,0.15602576453798608,-0.00696055684454755,-0.006767356722658631
2022-09-23,0.006207687384455211,0.5084988673712059,0.006207687384455211,0.5084988673712059,0.011292834890965775,0.006207687384455211
2022-09-26,-0.004381782765378469,0.27830227900221266,-0.004381782765378469,0.27830227900221266,-0.026954177897573928,-0.004381782765378469
2022-09-27,-0.0023285876258360987,0.7974687911932673,-0.0023285876258360987,0.7974687911932673,-0.004352987732489377,-0.0022987602441386927
2022-09-28,0.003600897104892209,0.9111270911804993,0.003600897104892209,0.9111270911804993,0.013513513513513598,0.004428633904898518
2022-09-29,-0.014129807818110136,0.5619352095006791,-0.014129807818110136,0.5619352095006791,-0.01764705882352946,-0.014129807818110136
2022-09-30,-0.004105439991372104,0.7548933452725749,-0.004105439991372104,0.7548933452725749,-0.0043912175648700424,-0.004055011561543079
2022-10-10,-0.012263480396288886,0.7974687911932673,-0.012263480396288886,0.7974687911932673,-0.02165196471531694,-0.014396801133073617
2022-10-11,-0.014538113134880936,0.21758407049081485,-0.014538113134880936,0.21758407049081485,-0.019262295081967307,-0.014538113134880936
2022-10-12,0.0013803019764877982,0.9776492756785788,0.0013803019764877982,0.9776492756785788,0.0020894274968661364,0.001440488462440903
2022-10-13,0.004928889034892261,0.9111270911804993,0.004928889034892261,0.9111270911804993,0.024186822351959902,0.00789339907389093
2022-10-14,0.022258636409703554,0.9111270911804993,0.022258636409703554,0.9111270911804993,0.02280130293159588,0.022258636409703554
2022-10-17,0.013423766064432442,0.7099815003377987,0.013423766064432442,0.7099815003377987,0.014729299363057446,0.013423766064432442
2022-10-18,0.0145607976899393,0.3379570423970245,0.0145607976899393,0.3379570423970245,0.01608473911337782,0.0145607976899393
2022-10-19,-0.00045156531389742066,-0.45324474600825654,-0.00045156531389742066,0.0,-0.00038610038610042974,-0.0005425309528269398
2022-10-20,-0.003756921794204597,-0.5084988673712059,-0.0035302994212004684,0.0,-0.010042487446890402,-0.0018575797459318586
2022-10-21,-0.0011366824870379377,-0.8376784719947828,8.865335552954434e-05,0.0,0.002731174404994041,-0.0013075202904084416
2022-10-24,-7.544204795585122e-05,-0.8755348612810272,5.90969978726541e-05,0.0,0.0,-1.678753382624143e-05
2022-10-25,0.011389144381161087,-0.9447450738962128,0.0,0.0,-0.013618677042801286,0.011389144381161087
2022-10-26,-0.0013606988028638412,-0.754893345272575,2.9549372075887703e-05,0.0,0.0015779092702170594,-0.0013606988028638412
2022-10-27,-0.026360317215768817,-0.8755348612810272,7.879599716331676e-05,0.0,0.027963765261913798,-0.026360317215768817
2022-10-28,0.013028803229730613,0.031327727361609194,0.00020682319571396768,0.031327727361609194,-0.01685823754789262,0.013028803229730613
2022-10-31,0.031979616331963584,-0.561935209500679,-5.817176598655623e-06,0.0,-0.03702260327357754,0.032042210355249595
2022-11-01,0.00031192009504811357,0.45324474600825654,0.0005928876997984531,0.45324474600825654,0.019425333872926,-0.002083041997442704
2022-11-02,-0.013884680143452472,0.39633697601347395,-7.891479462079012e-05,0.39633697601347395,0.024215958713775132,-0.015091638580862531
2022-11-03,0.002457929718150589,-0.5084988673712059,0.002457929718150589,0.0,0.005426356589147252,0.001836639482177629
2022-11-04,0.0038613582314411367,0.15602576453798608,0.00411560766512674,0.15602576453798608,0.010794140323824086,0.002626546800783608
2022-11-07,-0.012938069478093497,-0.6627920691587282,-7.801288226899305e-05,0.0,0.024790236460716875,-0.014195810460193843
2022-11-08,-0.001155875827442446,-0.7974687911932674,-0.0008244797928630818,0.0,-0.005210271678451561,-9.48756205831804e-05
2022-11-09,-0.0009609599808893341,-0.561935209500679,5.906383816500771e-05,0.0,0.0014964459408903785,-0.0010051945091143855
2022-11-10,0.006981556162060194,-0.7099815003377987,0.00013780748294633938,0.0,-0.008591707134852689,0.006981556162060194
2022-11-11,-0.011507520249049653,-0.8376784719947828,0.0,0.0,0.020346646571213434,-0.011529976171517041
2022-11-14,0.014618191402988697,-0.9447450738962128,0.0,0.0,-0.020679468242245314,0.015550472201842315
2022-11-15,0.008790734125841831,-0.7099815003377987,0.0,0.0,-0.010558069381598756,0.009209352705105934
2022-11-16,-0.02561912553461079,-0.7099815003377987,0.00021655248444751862,0.0,0.027439024390243816,-0.02561912553461079
2022-11-17,0.006847002599696892,-0.9447450738962128,0.0,0.0,-0.009643916913946615,0.006823407884107356
2022-11-18,-0.0034059351629145787,-0.8755348612810272,9.841357320006239e-05,0.0,0.004868913857677848,-0.003204412683640013
2022-11-21,0.014536382938759569,-0.9111270911804993,6.888272224547798e-05,0.0,-0.015281401416325058,0.014497349903715689
2022-11-22,-0.006829368067836237,-0.9111270911804993,7.87176888485952e-05,0.0,0.007948523845571653,-0.006254036263872291
2022-11-23,0.013001438026608495,-0.9776492756785788,0.0,0.0,-0.014269620728501464,0.01298364191165876
2022-11-24,-0.0008865053627040776,-0.9447450738962128,9.83942065491128e-05,0.0,0.0011428571428571122,-0.0008671267127032616
2022-11-25,0.0019992672783946393,-0.9111270911804993,7.870762086548133e-05,0.0,-0.0019025875190259445,0.0019992672783946393
2022-11-28,0.02123365206845021,-0.9776492756785788,0.0,0.0,-0.022493328250095312,0.02123365206845021
2022-11-29,-0.012470643382154579,-0.754893345272575,0.0,0.0,0.013650546021841015,-0.012470643382154579
2022-11-30,-0.012926896104256009,-0.9447450738962128,0.00017708343581235297,0.0,0.013466717968449116,-0.012926896104256009
2022-12-01,-0.00869279995625483,-0.7974687911932674,0.0,0.0,0.011389521640091438,-0.008675990964896973
2022-12-02,0.006893980840159135,-0.9447450738962128,0.00011804749444199736,0.0,-0.007132132132132152,0.006667053418145005
2022-12-05,-0.010520074406091076,-0.9447450738962128,5.901678043773728e-05,0.0,0.013232514177693666,-0.010520074406091076
2022-12-06,0.0033448000974489636,-0.9447450738962128,8.851994649461403e-05,0.0,-0.0033582089552239847,0.0033448000974489636
2022-12-07,-0.000965484179915866,-0.9776492756785788,4.91733952263651e-05,0.0,0.001123174840883756,-0.000965484179915866
2022-12-08,2.6729022939584085e-06,-0.9776492756785788,9.83419546440878e-06,0.0,0.0,2.6729022939584085e-06
2022-12-09,0.005659231222188948,-0.9776492756785788,8.850688878614399e-05,0.0,-0.005609573672401003,0.005659231222188948
2022-12-12,-0.0039860909699639905,-0.9776492756785788,2.9499685336720205e-05,0.0,0.004136893569010924,-0.0039860909699639905
2022-12-13,0.005531303868033218,-0.9111270911804993,1.966587675372722e-05,0.0,-0.005617977528089901,0.005531303868033218
2022-12-14,0.009637934054445475,-0.9111270911804993,4.916372503727118e-05,0.0,-0.009792843691148523,0.009620137939495739
2022-12-15,0.0042820147820198644,-0.7099815003377987,0.00024580654042027916,0.0,-0.00418410041841033,0.004106548400158158
2022-12-16,-0.0012484501020030073,-0.27830227900221255,0.00012778798989510065,0.0,0.0015278838808250317,-0.0012720448175925427
2022-12-19,0.002525559843909928,0.39633697601347395,1.9657178801590902e-05,0.39633697601347395,-0.0038138825324178782,0.0023682520011246385
2022-12-20,0.005773583417206625,0.39633697601347395,-0.0001686832993996113,0.39633697601347395,-0.021822358346094917,0.005773583417206625
2022-12-21,-0.003102442082297208,0.5619352095006791,-0.003102442082297208,0.5619352095006791,-0.007827788649706346,-0.003102442082297208
2022-12-22,-0.0019530172681734535,0.45324474600825654,-0.0019530172681734535,0.45324474600825654,-0.004733727810650956,-0.0020034456980024783
2022-12-23,-0.012702309862666274,0.39633697601347395,-0.012702309862666274,0.39633697601347395,-0.022592152199762294,-0.014962134157598025
2022-12-26,-0.0007636440650594281,0.9776492756785788,-0.0007636440650594281,0.9776492756785788,-0.0016220600162205612,-0.001075066722333044
2022-12-27,0.008479482801347832,0.9111270911804993,0.008479482801347832,0.9111270911804993,0.021933387489845524,0.009748846085227393
2022-12-28,0.0011333359802666591,0.8755348612810272,0.0011333359802666591,0.8755348612810272,0.0011923688394279708,0.0011501449716245157
2022-12-29,-0.011230555077472917,0.837678471994783,-0.011230555077472917,0.837678471994783,-0.012306470821754845,-0.01166108279220796
2022-12-30,0.008952879074254499,0.7974687911932673,0.008952879074254499,0.7974687911932673,0.010048231511254002,0.008952879074254499
2023-01-03,-0.0026868090886929433,0.9776492756785788,-0.0026868090886929433,0.9776492756785788,-0.003183446080382013,-0.0026667042482921856
2023-01-04,0.01869867697259509,0.7974687911932673,0.01869867697259509,0.7974687911932673,0.023552894211576803,0.019664631230304975
2023-01-05,0.0018164021050244214,0.8755348612810272,0.0018164021050244214,0.8755348612810272,0.0019500780031200815,0.0018365069454251792
2023-01-06,0.00651822445270638,0.837678471994783,0.00651822445270638,0.837678471994783,0.008174386920981158,0.006859387260953467
2023-01-09,0.0033664875262867816,0.5084988673712059,0.0033664875262867816,0.5084988673712059,0.0038610038610040753,0.0033664875262867816
2023-01-10,0.0011500835158164706,0.39633697601347395,0.0011500835158164706,0.39633697601347395,0.0015384615384614886,0.0011224564551349959
2023-01-11,0.0009202993680138602,0.3379570423970245,0.0009202993680138602,0.3379570423970245,0.0019201228878646948,0.0007828143771118517
2023-01-12,-0.0029155075383897043,0.09386031921040802,-0.0029155075383897043,0.09386031921040802,-0.007282483710233878,-0.0020267318133545776
2023-01-13,0.00036196503140627635,-0.031327727361609055,0.00036196503140627635,0.0,0.0011583011583011782,0.00029976800981307554
2023-01-16,0.0005527647991501284,0.837678471994783,0.000568428662830933,0.837678471994783,0.006556112610875298,0.0001117113624757115
2023-01-17,-0.0005818049170795233,0.39633697601347395,-0.00025906930469843284,0.39633697601347395,0.009961685823755007,-0.0018463287676241593
2023-01-18,0.0007715760138394037,0.09386031921040802,0.0007715760138394037,0.09386031921040802,0.0011380880121394377,0.0007263636392800737
2023-01-19,-0.00012713615544026355,0.27830227900221266,-0.00012713615544026355,0.27830227900221266,0.0,-0.0001894755993693738
2023-01-20,0.0015421307038238053,0.5619352095006791,0.0015421307038238053,0.5619352095006791,0.012883668056081987,-0.000851837762468432
2023-01-30,0.005376335718483384,0.5619352095006791,0.005376335718483384,0.5619352095006791,0.019827908716797626,0.004168779689480941
2023-01-31,-0.003706133268466678,0.031327727361609194,-0.003706133268466678,0.031327727361609194,-0.006603081438004366,-0.0033794737728572266
2023-02-01,0.002281626278997092,0.837678471994783,0.002281626278997092,0.837678471994783,0.004431314623338123,0.002281626278997092
2023-02-02,0.0004321501612363878,0.5619352095006791,0.0004321501612363878,0.5619352095006791,0.01617647058823546,0.0004321501612363878
2023-02-03,-0.0018850515268791128,0.5619352095006791,-0.0018850515268791128,0.5619352095006791,-0.0021707670043414895,-0.0018850515268791128
2023-02-06,-0.0016299788527938707,0.837678471994783,-0.0016299788527938707,0.837678471994783,-0.0029006526468455807,-0.0016299788527938707
2023-02-07,0.002109869206755542,0.45324474600825654,0.002109869206755542,0.45324474600825654,0.0039999999999997815,0.002109869206755542
2023-02-08,0.001332861110219606,0.27830227900221266,0.001332861110219606,0.27830227900221266,0.001810938065918144,0.001332861110219606
2023-02-09,-0.004839494962439896,0.9776492756785788,-0.004839494962439896,0.9776492756785788,-0.010484454085321726,-0.004839494962439896
2023-02-10,0.005916758655050617,0.837678471994783,0.005916758655050617,0.837678471994783,0.021921812203141933,0.005916758655050617
2023-02-13,-0.008109289420650208,0.9111270911804993,-0.008109289420650208,0.9111270911804993,-0.008223096174472477,-0.008109289420650208
2023-02-14,0.012051983962563491,0.45324474600825654,0.012051983962563491,0.45324474600825654,0.014419610670511895,0.012069780077513227
2023-02-15,0.0013961794578429892,-0.09386031921040802,0.0013961794578429892,0.0,0.0017768301350391535,0.0013247643699834197
2023-02-16,-0.00043433463477613186,0.7974687911932673,-0.0003874044751709278,0.7974687911932673,-0.0003547357218871561,-0.00038569353090865314
2023-02-17,0.0015153336427610482,0.6627920691587285,-0.00018937294801153455,0.6627920691587285,-0.018452803406671547,0.0015153336427610482
2023-02-20,-0.0075634296737521435,0.9776492756785788,-0.0075634296737521435,0.9776492756785788,-0.009399855386840072,-0.0075634296737521435
2023-02-21,0.0083223382042611,0.5619352095006791,0.0083223382042611,0.5619352095006791,0.012773722627737127,0.0083223382042611
2023-02-22,0.0022593991666189487,0.7974687911932673,0.0022593991666189487,0.7974687911932673,0.0025225225225224968,0.0022593991666189487
2023-02-23,0.002345404001824942,0.3379570423970245,0.002345404001824942,0.3379570423970245,0.004313443565779895,0.0023666917247852884
2023-02-24,-0.004195386350459546,-0.7099815003377987,-0.004195386350459546,0.0,-0.005010737294201761,-0.003954399702680449
2023-02-27,-0.0029553149001230435,-0.7974687911932674,-0.002600324149954144,0.0,-0.007194244604316724,-0.0029777708225904318
2023-02-28,0.0015167338939751293,-0.754893345272575,9.96472487391209e-06,0.0,-0.0021739130434781373,0.0016372717961312502
2023-03-01,-0.00617683865177821,-0.09386031921040802,0.00011957550695029795,0.0,0.00798838053739992,-0.006155550928817864
2023-03-02,-0.005339930852808405,-0.27830227900221255,8.967090776845765e-05,0.0,0.006844380403458361,-0.0056488033446124835
2023-03-03,0.0004742215564382482,-0.9447450738962128,0.00014943811269629848,0.0,-0.004293381037567268,0.0004742215564382482
2023-03-06,0.0004941166932408512,-0.8376784719947828,9.96105228556754e-05,0.0,-0.002515271289974863,0.0004941166932408512
2023-03-07,-0.005227572974181099,0.27830227900221266,0.0001394408422228377,0.27830227900221266,0.0057636887608067955,-0.005227572974181099
2023-03-08,0.02074400515158921,0.837678471994783,-0.00013915113950110634,0.837678471994783,-0.025429799426933797,0.020774364255844908
2023-03-09,0.0023851087465266334,-0.561935209500679,0.0023851087465266334,0.0,0.009187798603454533,0.0018059534226257902
2023-03-10,-0.003120843431852658,0.27830227900221266,-0.002839875827102319,0.27830227900221266,-0.0029133284777858037,-0.003120843431852658
2023-03-13,0.005942186403491968,0.39633697601347395,-0.00013915113950110634,0.39633697601347395,-0.011322132943754837,0.005942186403491968
2023-03-14,0.002018709299600244,-0.39633697601347395,0.002018709299600244,0.0,0.007388252678241836,0.002018709299600244
2023-03-15,-0.0023950051972224315,0.21758407049081485,-0.0021968367092156946,0.21758407049081485,-0.005133846718005097,-0.0023950051972224315
2023-03-16,0.00043738279652288936,-0.27830227900221255,-9.8835346839875e-05,0.0,-0.0018429782528565086,0.00043738279652288936
2023-03-17,-0.0020258497522670383,0.3379570423970245,-0.001886698612765932,0.3379570423970245,-0.008493353028065087,-0.0020258497522670383
2023-03-20,-0.0012300997043283022,-0.9111270911804993,-7.937724686929155e-05,0.0,0.003724394785847185,-0.0012300997043283022
2023-03-21,-0.0023538010315870793,0.837678471994783,-0.00189823748599683,0.837678471994783,-0.0051948051948050855,-0.0023538010315870793
2023-03-22,-0.013881082450537565,-0.7974687911932674,-0.00028943192149766164,0.0,0.014546810891458373,-0.013881082450537565
2023-03-23,0.0013592194287856837,-0.561935209500679,0.0017579538243823172,0.0,0.0025735294117648078,0.0013592194287856837
2023-03-24,-0.0031556648319514893,-0.9776492756785788,9.95183312766379e-05,0.0,0.004033736707004243,-0.0031556648319514893
2023-03-27,-0.0004130926830160824,-0.9776492756785788,0.0,0.0,0.00036523009495970093,-0.0004130926830160824
2023-03-28,-0.005295010188355615,-0.9776492756785788,2.985282556999813e-05,0.0,0.005476451259583737,-0.005295010188355615
2023-03-29,0.006744857021747676,-0.9776492756785788,0.0,0.0,-0.006899055918663799,0.006744857021747676
2023-03-30,0.007864089237633855,-0.9111270911804993,0.0,0.0,-0.008043875685557533,0.007864089237633855
2023-03-31,-0.0018350474462456867,-0.7099815003377987,0.0,0.0,0.0018429782528566196,-0.0018350474462456867
2023-04-03,-0.008409784192667316,0.7099815003377987,0.0003881060425126037,0.7099815003377987,0.009933774834437026,-0.008409784192667316
2023-04-04,-0.01040591641539393,-0.561935209500679,-0.0001261964958891033,0.0,0.014207650273223793,-0.01040591641539393
2023-04-06,-0.004406487611130282,-0.33795704239702445,-0.004125520006379943,0.0,-0.005387931034482318,-0.004406487611130282
2023-04-07,-0.0029541557235449613,-0.7099815003377987,0.00012926448508010502,0.0,0.005417118093174134,-0.0029541557235449613
2023-04-10,-0.0038277907030763317,-0.5084988673712059,0.0,0.0,0.010775862068965747,-0.0038277907030763317
2023-04-11,0.009050185877174117,-0.8376784719947828,3.977131493915209e-05,0.0,-0.01279317697228144,0.009050185877174117
2023-04-12,-0.0018450577950015691,-0.39633697601347395,9.942433311138643e-05,0.0,0.003599712023038215,-0.0018450577950015691
2023-04-13,-0.0036982892421127678,-0.6627920691587282,6.959011422735806e-05,0.0,0.00430416068866557,-0.0036698353571153765
2023-04-14,0.002128812664888864,-0.031327727361609055,9.940753111448153e-05,0.0,-0.005357142857142727,0.0024677866643461376
2023-04-17,-0.0035153193956058413,-0.8376784719947828,7.95181201918016e-05,0.0,0.0050269299820464575,-0.0035466471229674505
2023-04-18,-8.718598611376002e-05,-0.9111270911804993,0.00020871846860281984,0.0,-0.003215434083601254,-0.0003330555486753837
2023-04-19,0.0005820228787193295,-0.8376784719947828,9.93690068074038e-06,0.0,-0.0007168458781361409,0.0005652138873614727
2023-04-20,0.004538519333350912,-0.8755348612810272,0.0,0.0,-0.0050215208034434244,0.004690523741569813
2023-04-21,-8.350764255319598e-05,0.9776492756785788,0.0001291822761917416,0.9776492756785788,0.00036049026676288065,-8.350764255319598e-05
2023-04-24,0.020212447825512448,0.9447450738962128,-0.0004888246378392894,0.9447450738962128,-0.02414414414414401,0.020212447825512448
2023-04-25,-0.009402374195233043,0.9776492756785788,-0.009402374195233043,0.9776492756785788,-0.009601181683899673,-0.009402374195233043
2023-04-26,-0.016570740424957476,0.9776492756785788,-0.016570740424957476,0.9776492756785788,-0.01752423564504102,-0.016570740424957476
2023-04-27,0.0011175144115816485,0.9111270911804993,0.0011175144115816485,0.9111270911804993,0.0011385199240985244,0.0011175144115816485
2023-04-28,0.00515983564212701,0.9776492756785788,0.00515983564212701,0.9776492756785788,0.005307050796057755,0.00515983564212701
2023-05-04,0.01063923424032959,0.837678471994783,0.01063923424032959,0.837678471994783,0.011689291101055765,0.01063923424032959
2023-05-05,-0.0011575973303956904,0.7974687911932673,-0.0011575973303956904,0.7974687911932673,-0.001118151323145633,-0.0011575973303956904
2023-05-08,-0.009084536067209988,0.837678471994783,-0.009084536067209988,0.837678471994783,-0.010820895522388074,-0.009105823790170334
2023-05-09,0.00840481257973898,0.7548933452725749,0.00840481257973898,0.7548933452725749,0.01056205205582783,0.007934263428660637
2023-05-10,-0.013770451903825566,0.8755348612810272,-0.013770451903825566,0.8755348612810272,-0.01642403882045529,-0.013770451903825566
2023-05-11,0.0034505054129374668,0.45324474600825654,0.0034505054129374668,0.45324474600825654,0.004554079696394542,0.0034327092979877308
2023-05-12,-0.00349780022669561,0.45324474600825654,-0.00349780022669561,0.45324474600825654,-0.0037778617302606232,-0.0036560624756516243
2023-05-15,-0.004640731187797867,0.7099815003377987,-0.004640731187797867,0.7099815003377987,-0.010238907849829393,-0.004640731187797867
2023-05-16,0.003171114448182859,0.5084988673712059,0.003171114448182859,0.5084988673712059,0.007279693486590411,0.003171114448182859
2023-05-17,-0.006852181981544151,0.6627920691587285,-0.006852181981544151,0.6627920691587285,-0.009509319132750105,-0.006852181981544151
2023-05-18,0.0020708900892302817,0.09386031921040802,0.0020708900892302817,0.09386031921040802,0.004224270353302417,0.0020708900892302817
2023-05-19,0.0027871426878646067,0.3379570423970245,0.0027871426878646067,0.3379570423970245,0.004588910133843216,0.0027871426878646067
2023-05-22,0.00024446798809672846,0.031327727361609194,0.00024446798809672846,0.031327727361609194,0.003425961172440095,0.00024446798809672846
2023-05-23,-1.8537768031532987e-05,-0.031327727361609055,-1.8537768031532987e-05,0.0,0.0003793626707131459,-1.8537768031532987e-05
2023-05-24,-0.0003232570486814852,0.031327727361609194,-0.0003075931850006807,0.031327727361609194,-0.010238907849829393,-0.0003232570486814852
2023-05-25,0.00012785960087141471,0.031327727361609194,3.3942755826454045e-05,0.031327727361609194,-0.0034482758620688614,0.00012785960087141471
2023-05-26,4.29256549396241e-05,0.031327727361609194,4.29256549396241e-05,0.031327727361609194,-0.0038446751249519018,4.29256549396241e-05
2023-05-29,0.0005074992840863748,-0.27830227900221255,0.0005074992840863748,0.0,0.014666152064839899,0.0005074992840863748
2023-05-30,-0.00029780957463087425,-0.15602576453798608,-0.00015865843512976794,0.0,-0.004564473183720219,-0.00029780957463087425
2023-05-31,-0.0011041318421156016,-0.7974687911932674,9.9186669311635e-05,0.0,0.004203286205578971,-0.0011352145647793906
2023-06-01,-0.00013318986040026154,-0.7099815003377987,5.95060993751062e-05,0.0,-0.0007610350076104888,-0.00021528188638939396
2023-06-02,-0.004027905914500565,-0.5084988673712059,0.00014875639652500716,0.0,0.005331302361005541,-0.004051500630090099
2023-06-05,-0.0034951291998835373,-0.8755348612810272,5.949370854030356e-05,0.0,0.0049242424242423866,-0.003241969759570907
2023-06-06,-4.8906717556151144e-05,0.031327727361609194,8.923525387416475e-05,0.031327727361609194,0.0,-2.997852291302896e-05
2023-06-07,0.01584755753065463,-0.09386031921040802,5.373514093930302e-05,0.0,-0.01846965699208436,0.015164664004487027
2023-06-08,-9.879389664540953e-05,0.031327727361609194,-5.186373704020552e-05,0.031327727361609194,-0.0026881720430108613,-9.879389664540953e-05
2023-06-09,0.00037110787526036914,0.21758407049081485,-1.5663863680804598e-05,0.21758407049081485,-0.0046207162110128985,0.00037110787526036914
2023-06-12,0.00029786833543400323,0.3379570423970245,0.00029786833543400323,0.3379570423970245,0.006963249516441117,0.00026750923117830434
2023-06-13,0.0012091697601917626,-0.45324474600825654,0.0012091697601917626,0.0,0.00576258163657295,0.0015305749943448782
2023-06-14,0.0007990166074031714,-0.6627920691587282,0.0010256389804072998,0.0,0.003437738731856488,0.001160442223144933
2023-06-15,-0.0030378382531780043,-0.7974687911932674,0.0,0.0,0.006471259992386846,-0.0026980271629522064
2023-06-16,-0.0008722785779285623,-0.6627920691587282,0.00011893906355298078,0.0,0.001512859304084735,-0.0008722785779285623
2023-06-19,-0.007346919952632267,-0.8755348612810272,0.00013874573852379335,0.0,0.009441087613293098,-0.007346919952632267
2023-06-20,-0.003280397031365223,-0.9447450738962128,2.9727105174570667e-05,0.0,0.004863449307893619,-0.003280397031365223
2023-06-21,0.00037424703495332525,-0.15602576453798608,0.00021799229099994655,0.0,0.0,0.00037424703495332525
2023-06-26,0.022193382791497823,0.5084988673712059,3.9626323766972504e-05,0.5084988673712059,-0.023827252419955425,0.022193382791497823
2023-06-27,0.0017825695452846593,0.9111270911804993,-0.0001749999265185134,0.9111270911804993,-0.012967200610220941,0.0017825695452846593
2023-06-28,0.004317802561023271,0.5619352095006791,0.004317802561023271,0.5619352095006791,0.008887171561050788,0.004335598675973007
2023-06-29,-0.0029662530566743834,0.6627920691587285,-0.0029662530566743834,0.6627920691587285,-0.003063960168517732,-0.002839403767003939
2023-06-30,0.0018458645251649144,0.9776492756785788,0.0018458645251649144,0.9776492756785788,0.0030733768728388178,0.0018458645251649144
2023-07-03,0.012334458646100072,0.7099815003377987,0.012334458646100072,0.7099815003377987,0.018766756032171594,0.012334458646100072
2023-07-04,-0.004909827322255076,0.21758407049081485,-0.004909827322255076,0.21758407049081485,-0.00488721804511294,-0.004933422037844611
2023-07-05,0.0029954264648723414,-0.15602576453798608,0.0029954264648723414,0.0,0.004533434076312792,0.002808828633815023
2023-07-06,-0.0017115756137088855,0.21758407049081485,-0.0016335627314398925,0.21758407049081485,-0.007897705904475472,-0.0017115756137088855
2023-07-07,9.360598269578414e-05,-0.15602576453798608,-1.971575625849704e-05,0.0,-0.0011372251705835668,9.360598269578414e-05
2023-07-10,-0.00043452871693467514,-0.561935209500679,-0.00035651583466568207,0.0,-0.0011385199240986354,-0.0004034459942708861
2023-07-11,0.00010488852730806432,-0.5084988673712059,9.897462290853198e-06,0.0,-0.0018996960486322712,-4.4904926356914045e-05
2023-07-12,-0.004060044084552177,0.3379570423970245,1.9794728663757866e-05,0.3379570423970245,0.007232584697373312,-0.004060044084552177
2023-07-13,0.005401784795376333,0.5619352095006791,-0.00012938984751792166,0.5619352095006791,-0.011337868480725377,0.005401784795376333
2023-07-14,0.0028218865751607177,-0.6134082379326439,0.0028218865751607177,0.0,0.008409785932721459,0.0028218865751607177
2023-07-17,-0.0037438925872392273,-0.6627920691587282,-0.003437188468272905,0.0,-0.005686125852918722,-0.0037438925872392273
2023-07-18,0.0007144095173526131,-0.7974687911932674,0.00016820691429364487,0.0,-0.0007624857033928789,0.0007144095173526131
2023-07-19,0.000944171855173156,-0.45324474600825654,0.0,0.0,-0.0015261350629531822,0.000944171855173156
2023-07-20,0.0005973970131314383,-0.09386031921040802,8.904543295873424e-05,0.0,-0.0007642338555599038,0.0005973970131314383
2023-07-21,0.006348347215454018,-0.15602576453798608,7.914444851153668e-05,0.0,-0.014149139579349934,0.006348347215454018
2023-07-24,0.00024147025518463832,-0.21758407049081485,4.946136572714366e-05,0.0,-0.002327385570209395,0.00027255297784842735
2023-07-25,-0.0010620536464234205,0.837678471994783,0.0,0.837678471994783,0.006609642301710572,-0.0006822450119453738
2023-07-26,-0.002064203980134351,0.5084988673712059,-0.00036938031657562833,0.5084988673712059,0.007338740826574375,-0.002064203980134351
2023-07-27,-0.0014317114641037242,0.5619352095006791,-0.0014317114641037242,0.5619352095006791,-0.0015337423312883347,-0.0014317114641037242
2023-07-28,-0.00666610430417585,0.7548933452725749,-0.00666610430417585,0.7548933452725749,-0.013056835637481057,-0.006639386133111114
2023-07-31,0.007158028269924967,0.5619352095006791,0.007158028269924967,0.5619352095006791,0.012840466926070215,0.006428631736539431
2023-08-01,0.005172166014257939,-0.561935209500679,0.005172166014257939,0.0,0.006915097963887895,0.005436869978082329
2023-08-02,-0.0015862723245593274,-0.6627920691587282,-0.0013053047198089878,0.0,-0.0019076688286914223,-0.0015862723245593274
2023-08-03,0.0015472797636402699,-0.9447450738962128,0.00019774569903097117,0.0,-0.002293577981651529,0.0015236850480507347
2023-08-04,-0.0027042315585447474,-0.9111270911804993,0.00013839462238052214,0.0,0.004214559386973571,-0.002872988739588528
2023-08-07,-0.0014586175741831623,-0.9447450738962128,0.0,0.0,0.0015261350629531822,-0.0014586175741831623
2023-08-08,0.004936989570436193,-0.9776492756785788,4.942323089540679e-05,0.0,-0.005333333333333523,0.0049205374695450105
2023-08-09,0.004687372472318582,-0.7974687911932674,0.0,0.0,-0.004978935273841412,0.004867652464121582
2023-08-10,0.00491920360391761,-0.6134082379326439,5.930494603245684e-05,0.0,-0.005003849114703751,0.00491920360391761
2023-08-11,0.000791448024377682,0.45324474600825654,0.0001482535729113721,0.45324474600825654,-0.0007736943907155069,0.000791448024377682
2023-08-14,0.01339989379974674,0.613408237932644,-0.00012780130830596583,0.613408237932644,-0.022454510259388383,0.01339989379974674
2023-08-15,0.002497789146879356,0.5619352095006791,0.002497789146879356,0.5619352095006791,0.0055445544554457715,0.002497789146879356
2023-08-16,-0.006982321120262876,0.5619352095006791,-0.006982321120262876,0.5619352095006791,-0.011421819614021556,-0.006982321120262876
2023-08-17,-0.005373085668532286,0.9111270911804993,-0.005373085668532286,0.9111270911804993,-0.009561752988047623,-0.005373085668532286
2023-08-18,0.007132266142531914,0.8755348612810272,0.007132266142531914,0.8755348612810272,0.012872083668543866,0.007115457151174057
2023-08-21,-0.021355269365956123,0.7548933452725749,-0.021355269365956123,0.7548933452725749,-0.023431294678316172,-0.022146312721484172
2023-08-22,-0.005045065799864591,0.9447450738962128,-0.005045065799864591,0.9447450738962128,-0.005693371289142046,-0.005244213971680178
2023-08-23,-0.001312975204324038,0.837678471994783,-0.001312975204324038,0.837678471994783,-0.0016359918200409274,-0.001380736907187609
2023-08-24,-0.012435281820878106,0.9776492756785788,-0.012435281820878106,0.9776492756785788,-0.013109381401065212,-0.012866109702584786
2023-08-25,-0.0038869843484417186,0.9447450738962128,-0.0038869843484417186,0.9447450738962128,-0.004566210045661934,-0.004042786070231854
2023-08-28,0.04442259286971961,0.9776492756785788,0.04442259286971961,0.9776492756785788,0.045454545454545414,0.04442259286971961
2023-08-29,-0.0452370506837428,0.9776492756785788,-0.0452370506837428,0.9776492756785788,-0.047865975269246075,-0.0452370506837428
2023-08-30,0.02785290880073827,0.9447450738962128,0.02785290880073827,0.9447450738962128,0.028487641390867235,0.02785290880073827
2023-08-31,0.003968033399518988,0.8755348612810272,0.003968033399518988,0.8755348612810272,0.004073319755600879,0.003968033399518988
2023-09-01,-0.0015447425998400233,0.39633697601347395,-0.0015447425998400233,0.39633697601347395,-0.0016227180527383922,-0.0015447425998400233
2023-09-04,0.00011616491810626634,0.613408237932644,0.00011616491810626634,0.613408237932644,0.00040633888663155204,0.00011616491810626634
2023-09-05,0.004237970604769027,0.09386031921040802,0.004237970604769027,0.09386031921040802,0.010966693744922873,0.004237970604769027
2023-09-06,-0.004934646302960447,0.15602576453798608,-0.004934646302960447,0.15602576453798608,-0.007633587786259444,-0.004934646302960447
2023-09-07,0.0007624855611040193,0.031327727361609194,0.0007624855611040193,0.031327727361609194,0.007692307692307665,0.0007624855611040193
2023-09-08,-0.002816573821199474,0.09386031921040802,-0.002816573821199474,0.09386031921040802,-0.01807955002008843,-0.002816573821199474
2023-09-11,7.432770402801092e-05,0.27830227900221266,7.432770402801092e-05,0.27830227900221266,0.002454991816694063,7.432770402801092e-05
2023-09-12,0.0011132874873447515,-0.45324474600825654,0.0011132874873447515,0.0,0.012653061224489726,0.0011132874873447515
2023-09-13,-8.443964478277579e-05,-0.5084988673712059,0.00014218272822135247,0.0,0.0008061265618704017,-8.443964478277579e-05
2023-09-14,0.005448547881021223,-0.561935209500679,0.0,0.0,-0.012082158679017407,0.005448547881021223
2023-09-15,0.001588131977510679,-0.6134082379326439,0.00010856691669958174,0.0,-0.002853648593558855,0.001588131977510679
2023-09-18,0.002103547751112565,-0.6627920691587282,3.947459316488988e-05,0.0,-0.003679476696647699,0.002103547751112565
2023-09-19,-0.0024939902635120917,-0.7974687911932674,2.9604776237146524e-05,0.0,0.004103405826836326,-0.0024939902635120917
2023-09-20,0.005686334970660907,-0.754893345272575,3.947186642716538e-05,0.0,-0.008581937065794909,0.005686334970660907
2023-09-21,0.008525368736654194,-0.6134082379326439,0.0,0.0,-0.010717230008243983,0.008502912814186806
2023-09-22,0.003790307754129568,0.39633697601347395,4.9338372425822286e-05,0.39633697601347395,-0.0050000000000000044,0.003585988574591352
2023-09-25,-0.010959143867515024,-0.45324474600825654,9.042452730875181e-06,0.0,0.017587939698492372,-0.010959143867515024
2023-09-26,-0.0012343438197582502,-0.561935209500679,-0.0010077214467541218,0.0,-0.002057613168724437,-0.0012343438197582502
2023-09-27,0.001943732205877433,-0.5084988673712059,8.878541551582408e-05,0.0,-0.004123711340206171,0.001943732205877433
2023-09-28,-0.0026865879060220085,-0.7099815003377987,0.0006806277558026874,0.0,0.006625258799171974,-0.0026865879060220085
2023-10-09,-0.0016710263937554197,-0.9447450738962128,0.0002070066833586015,0.0,0.0037021801727683545,-0.0016710263937554197
2023-10-10,-8.815864816975534e-05,-0.9111270911804993,0.0001872529985118554,0.0,0.0004098360655737654,-8.815864816975534e-05
2023-10-11,0.00037022299303224326,-0.9447450738962128,0.0,0.0,-0.0004096681687832948,0.00037022299303224326
2023-10-12,-0.002985276895721935,-0.9776492756785788,9.854935351771843e-06,0.0,0.003278688524590123,-0.002985276895721935
2023-10-13,0.003415922767316111,-0.9776492756785788,0.00017738708819092786,0.0,-0.0032679738562091387,0.003415922767316111
2023-10-16,-0.00400675932655172,-0.9447450738962128,0.0,0.0,0.004098360655737876,-0.00400675932655172
2023-10-17,0.011273598221108514,-0.9447450738962128,5.911854253115578e-05,0.0,-0.011428571428571455,0.011273598221108514
2023-10-18,0.005473258970912716,-0.6134082379326439,0.00020690266707390492,0.0,-0.005367464905037256,0.005473258970912716
2023-10-19,0.015731980024141765,-0.33795704239702445,0.00010835516854146299,0.0,-0.01660440016604381,0.015731980024141765
2023-10-20,0.00581769418798608,-0.21758407049081485,0.0,0.0,-0.009708737864077777,0.00581769418798608
2023-10-23,0.004156993514209443,0.09386031921040802,2.9549081023594326e-05,0.09386031921040802,-0.012361466325660597,0.004126214361233028
2023-10-24,0.004257938276909584,0.5084988673712059,-4.693015960520401e-05,0.5084988673712059,-0.02028485110056122,0.0030400163596300757
2023-10-25,0.001694696005073242,0.45324474600825654,0.001694696005073242,0.45324474600825654,0.02026431718061672,0.001694696005073242
2023-10-26,-2.7627060681474665e-05,0.5084988673712059,-2.7627060681474665e-05,0.5084988673712059,0.0,-2.7627060681474665e-05
2023-10-27,0.0031790000684474963,0.8755348612810272,0.0031790000684474963,0.8755348612810272,0.006908462867011966,0.0031790000684474963
2023-10-30,0.008141211688978592,0.7548933452725749,0.008141211688978592,0.7548933452725749,0.01629502572898822,0.008141211688978592
2023-10-31,0.013619399137200498,0.21758407049081485,0.013619399137200498,0.21758407049081485,0.01561181434599157,0.013619399137200498
2023-11-01,-0.00020831148231799612,-0.33795704239702445,-0.00020831148231799612,0.0,0.0,-0.00020831148231799612
2023-11-02,-0.001097000551381837,0.5084988673712059,-0.0009280220301833247,0.5084988673712059,-0.004154549231408566,-0.001097000551381837
2023-11-03,0.0021146221757568154,0.837678471994783,-0.00025424943368560296,0.837678471994783,-0.007509386733416612,0.00214224923643829
2023-11-06,0.007530222818690056,0.9111270911804993,0.007530222818690056,0.9111270911804993,0.015132408575031508,0.006666467818090056
2023-11-07,0.009354195062296995,0.6627920691587285,0.009354195062296995,0.6627920691587285,0.011180124223602483,0.009354195062296995
2023-11-08,0.004727972117088836,0.5619352095006791,0.004727972117088836,0.5619352095006791,0.005323505323505229,0.004727972117088836
2023-11-09,0.002125979632241744,0.3379570423970245,0.002125979632241744,0.3379570423970245,0.0032586558044807035,0.0020992614611770074
2023-11-10,-0.003702033095813882,-0.39633697601347395,-0.003702033095813882,0.0,-0.00649614291514411,-0.003350648408273439
2023-11-13,0.0010400235302999322,-0.15602576453798608,0.0012381920183066693,0.0,0.00408663669799747,0.0007999581326297118
2023-11-14,-0.0024985693048598812,-0.15602576453798608,2.9524362519905978e-05,0.0,0.006105006105006083,-0.0028727653074661764
2023-11-15,-0.0020828682159196904,-0.5084988673712059,0.0,0.0,0.013349514563106624,-0.0020828682159196904
2023-11-16,0.0011724394407568494,-0.5084988673712059,0.00019682327238390585,0.0,-0.007185628742514716,0.0011724394407568494
2023-11-17,0.003799069261426845,0.27830227900221266,7.871381624258156e-05,0.27830227900221266,-0.007237635705669709,0.003799069261426845
2023-11-20,-0.00508397941400737,-0.15602576453798608,2.8102554838013732e-05,0.0,0.009720534629404698,-0.00508397941400737
2023-11-21,0.0025736731122272044,-0.5084988673712059,0.002651685994496197,0.0,0.010028078620136327,0.0025736731122272044
2023-11-22,0.0014297261175579422,0.21758407049081485,4.9184520647616026e-05,0.21758407049081485,-0.009928514694201751,0.0014030079464932056
2023-11-23,0.004402474966331369,0.39633697601347395,-5.9609933595682293e-05,0.39633697601347395,-0.00922583233052543,0.004871379639720144
2023-11-24,0.002121409076634493,0.3379570423970245,0.002121409076634493,0.3379570423970245,0.009311740890688203,0.002121409076634493
2023-11-27,-0.005116547861886915,-0.6627920691587282,-0.005116547861886915,0.0,-0.012835940633774579,-0.005116547861886915
2023-11-28,-0.0013243250857990461,-0.09386031921040802,-0.0009929290512196822,0.0,-0.002438033319788646,-0.0013479198013885815
2023-11-29,-0.004604088321629891,-0.7099815003377987,0.0,0.0,0.006517311608961407,-0.004935231264863067
2023-11-30,0.00019583209668813716,-0.7099815003377987,7.867588485788168e-05,0.0,-0.004451639012545527,0.00019583209668813716
2023-12-01,0.004545009088335733,-0.561935209500679,0.0002950113579371916,0.0,-0.005691056910569037,0.004545009088335733
2023-12-04,-0.006409361458172271,-0.8755348612810272,2.9492435190459076e-05,0.0,0.008994276369582943,-0.006383624943956288
2023-12-05,0.0039876570265218675,0.09386031921040802,2.9491565412209653e-05,0.09386031921040802,-0.007293354943273878,0.004390322627282364
2023-12-06,0.013113463731420541,0.39633697601347395,-3.7099927710267864e-05,0.39633697601347395,-0.015510204081632839,0.013113463731420541
2023-12-07,0.00013240591215569645,-0.754893345272575,0.00013240591215569645,0.0,0.0020729684908789014,0.00013240591215569645
2023-12-08,0.0002442792870472896,-0.754893345272575,0.000621725959683577,0.0,0.0020686801820439804,0.0002442792870472896
2023-12-11,0.005678127891723945,0.45324474600825654,0.00021627360577247678,0.45324474600825654,-0.007018992568125659,0.005678127891723945
2023-12-12,-0.01127957966638798,-0.9447450738962128,-4.97095025926896e-05,0.0,0.01455301455301461,-0.01127957966638798
2023-12-13,0.0010426562652749828,-0.7974687911932674,0.001515028802223089,0.0,0.0036885245901638886,0.0010426562652749828
2023-12-14,0.004574682235013079,-0.7099815003377987,9.825499135418525e-06,0.0,-0.004899959167006918,0.004574682235013079
2023-12-15,0.004988389463015068,-0.7099815003377987,6.87778181711618e-05,0.0,-0.006155108740254378,0.004988389463015068
2023-12-18,0.009104094283886793,-0.33795704239702445,9.82472687272029e-06,0.0,-0.012799339388934738,0.009104094283886793
2023-12-19,0.008178683693828882,-0.5084988673712059,2.9473891044684564e-05,0.0,-0.011710581346716875,0.008178683693828882
2023-12-20,1.988545505324967e-05,0.15602576453798608,7.859472629401232e-05,0.15602576453798608,0.0,1.988545505324967e-05
2023-12-21,0.011288109600272659,0.7099815003377987,-7.801288226899305e-05,0.7099815003377987,-0.022852306390181876,0.011288109600272659
2023-12-22,0.001434730347865742,0.5619352095006791,0.001434730347865742,0.5619352095006791,0.009961022087483506,0.001434730347865742
2023-12-25,-0.007042230423263172,-0.45324474600825654,-0.007042230423263172,0.0,-0.00986277873070307,-0.007042230423263172
2023-12-26,-0.0012376920256115572,0.3379570423970245,-0.0010110696526074289,0.3379570423970245,-0.0012992637505413462,-0.001209238140614166
2023-12-27,0.004757521347275284,0.5619352095006791,-0.00013951534035344377,0.5619352095006791,-0.011274934952298477,0.004142667143382292
2023-12-28,0.0006291447813539493,0.9776492756785788,0.0006291447813539493,0.9776492756785788,0.002192982456140413,0.0006291447813539493
2023-12-29,0.013075720771521667,0.9776492756785788,0.013075720771521667,0.9776492756785788,0.02319474835886215,0.013075720771521667
2024-01-02,0.01380540874308869,0.837678471994783,0.01380540874308869,0.837678471994783,0.014114627887082953,0.01380540874308869
2024-01-03,-0.009140936632855923,0.8755348612810272,-0.009140936632855923,0.8755348612810272,-0.009278785322648697,-0.009140936632855923
2024-01-04,-0.0035736852475818743,0.7099815003377987,-0.0035736852475818743,0.7099815003377987,-0.004257130693912425,-0.0035736852475818743
2024-01-05,-0.006049522415913776,0.9447450738962128,-0.006049522415913776,0.9447450738962128,-0.0068405301410858765,-0.006049522415913776
2024-01-08,-0.011731371030359195,0.9447450738962128,-0.011731371030359195,0.9447450738962128,-0.0163581575548859,-0.011731371030359195
2024-01-09,-0.019430186053691876,0.837678471994783,-0.019430186053691876,0.837678471994783,-0.020568927789934355,-0.019430186053691876
2024-01-10,-0.00595905261305668,0.837678471994783,-0.00595905261305668,0.837678471994783,-0.006255585344057124,-0.00595905261305668
2024-01-11,-0.003389885902856704,0.9776492756785788,-0.003389885902856704,0.9776492756785788,-0.004046762589928199,-0.003389885902856704
2024-01-12,0.013580311383023588,0.7099815003377987,0.013580311383023588,0.7099815003377987,0.016252821670428963,0.013580311383023588
2024-01-15,-0.00794954539969472,0.21758407049081485,-0.00794954539969472,0.21758407049081485,-0.007996446023989301,-0.00794954539969472
2024-01-16,7.175090457399035e-05,-0.15602576453798608,7.175090457399035e-05,0.0,0.0004478280340349805,4.097175159757595e-05
2024-01-17,-0.0014217200739573015,0.7974687911932673,-0.0013437071916883084,0.7974687911932673,-0.005819158460161122,-0.0010302654270277953
2024-01-18,0.00335036830641079,0.7099815003377987,-0.0003088978980218647,0.7099815003377987,-0.023863124718595197,0.00335036830641079
2024-01-19,-0.0066304298258389955,0.7548933452725749,-0.0066304298258389955,0.7548933452725749,-0.008302583025830312,-0.0066304298258389955
2024-01-22,-0.004929508585019415,0.9776492756785788,-0.004929508585019415,0.9776492756785788,-0.006976744186046546,-0.004929508585019415
2024-01-23,-0.04501604065823198,0.9776492756785788,-0.04501604065823198,0.9776492756785788,-0.05948477751756431,-0.04501604065823198
2024-01-24,0.01947508517288004,0.9111270911804993,0.01947508517288004,0.9111270911804993,0.019920318725099584,0.01947508517288004
2024-01-25,0.010468830736329444,0.9776492756785788,0.010468830736329444,0.9776492756785788,0.0107421875,0.010468830736329444
2024-01-26,0.03168294949807271,0.7548933452725749,0.03168294949807271,0.7548933452725749,0.034782608695652195,0.03168294949807271
2024-01-29,-0.01060722867654273,0.7548933452725749,-0.01060722867654273,0.7548933452725749,-0.010737628384687059,-0.01060722867654273
2024-01-30,-0.024549449563228288,0.7974687911932673,-0.024549449563228288,0.7974687911932673,-0.03256252949504512,-0.024570737286188634
2024-01-31,-0.018050410738587062,0.837678471994783,-0.018050410738587062,0.837678471994783,-0.023902439024390154,-0.019049328070378603
2024-02-01,-0.03228528973158485,0.3379570423970245,-0.03228528973158485,0.3379570423970245,-0.040479760119940034,-0.03228528973158485
2024-02-02,-0.0032844702903268488,0.7548933452725749,-0.0032844702903268488,0.7548933452725749,-0.003645833333333237,-0.0032844702903268488
2024-02-05,-0.0165919487102698,0.837678471994783,-0.0165919487102698,0.837678471994783,-0.04861474124411924,-0.0165919487102698
2024-02-06,-0.04939980360041407,0.9776492756785788,-0.04939980360041407,0.9776492756785788,-0.06538461538461537,-0.04939980360041407
2024-02-07,0.06791895667024256,0.9111270911804993,0.06791895667024256,0.9111270911804993,0.08112874779541435,0.06791895667024256
2024-02-08,0.06431415836074938,0.7548933452725749,0.06431415836074938,0.7548933452725749,0.06579662860250157,0.06431415836074938
2024-02-19,0.031067554101073428,-0.09386031921040802,0.031067554101073428,0.0,0.03418367346938789,0.031067554101073428
2024-02-20,-0.00971775392458219,-0.33795704239702445,-0.009670823764976985,0.0,-0.012333497779970615,-0.00971775392458219
2024-02-21,-0.000590881124882075,-0.39633697601347395,0.0,0.0,0.004995004995005159,-0.000590881124882075
2024-02-22,-0.003516575888386311,-0.561935209500679,2.9895366218113395e-05,0.0,0.010437375745526722,-0.003516575888386311
2024-02-23,-0.007268338853512332,-0.7974687911932674,0.00015943718673105955,0.0,0.018691588785046953,-0.007268338853512332
2024-02-26,-0.008420224644983366,-0.9447450738962128,6.974264962278376e-05,0.0,0.014968614196040342,-0.008420224644983366
2024-02-27,0.0007209480185305626,-0.6627920691587282,1.9925081693017432e-05,0.0,-0.0009514747859179495,0.0007209480185305626
2024-02-28,-0.03298211478542758,0.031327727361609194,0.0,0.031327727361609194,0.03476190476190477,-0.03298211478542758
2024-02-29,0.035034385118956866,-0.21758407049081485,-1.5663863680804598e-05,0.0,-0.0533824206166591,0.035034385118956866
2024-03-01,0.0015316747958947679,-0.9111270911804993,0.0016404668311401753,0.0,0.04423918327661647,0.0015316747958947679
2024-03-04,-0.0028470726997650788,-0.9776492756785788,0.00010955957052649623,0.0,0.012104283054003684,-0.0028470726997650788
2024-03-05,0.0034908464847626173,-0.9776492756785788,8.962982880689196e-05,0.0,-0.0036798528058877844,0.0034908464847626173
2024-03-06,0.004651469937858335,-0.9776492756785788,6.970584134946556e-05,0.0,-0.004616805170821747,0.004651469937858335
2024-03-07,-0.0026616547808029174,-0.9447450738962128,2.9871849764662173e-05,0.0,0.002782931354359919,-0.0026616547808029174
2024-03-08,0.012841969890199327,-0.9111270911804993,9.956985821224507e-05,0.0,-0.01295097132284928,0.012841969890199327
2024-03-11,-0.007061459748512171,-0.9111270911804993,1.9911989008747355e-05,0.0,0.007497656982193179,-0.007061459748512171
2024-03-12,-0.021093868160699074,-0.9776492756785788,4.977898132296765e-05,0.0,0.023255813953488413,-0.021093868160699074
2024-03-13,-0.0032513212903819582,-0.9776492756785788,4.9776503499243674e-05,0.0,0.0036363636363636598,-0.0032513212903819582
2024-03-14,-0.00247947162106788,-0.9776492756785788,8.959324666002466e-05,0.0,0.0027173913043476716,-0.00247947162106788
2024-03-15,0.008243648338770799,-0.9447450738962128,0.00014930870071583335,0.0,-0.00813008130081283,0.008243648338770799
2024-03-18,-0.019506641198755746,-0.8376784719947828,4.9762136985265215e-05,0.0,0.02003642987249532,-0.019506641198755746
2024-03-19,-0.01096126242406977,-0.9776492756785788,2.985579650283121e-05,0.0,0.011607142857142705,-0.01096126242406977
2024-03-20,0.00521516065777631,-0.9447450738962128,5.970981032188405e-05,0.0,-0.006178287731685939,0.00521516065777631
2024-03-21,-0.011185621498316842,-0.9776492756785788,5.9706245273183356e-05,0.0,0.01154529307282437,-0.011185621498316842
2024-03-22,0.0036109705683892257,-0.7974687911932674,0.00015920714840089722,0.0,-0.0035118525021948788,0.0036109705683892257
2024-03-25,0.011892493771013927,-0.561935209500679,0.00017907953120954723,0.0,-0.011894273127753263,0.011892493771013927
2024-03-26,0.01730353092135626,-0.8755348612810272,0.0,0.0,-0.021845742309407168,0.01730353092135626
2024-03-27,0.0034289307725644,-0.27830227900221255,0.0,0.0,-0.006381039197812077,0.0034289307725644
2024-03-28,0.027413266932893046,0.031327727361609194,0.0,0.031327727361609194,-0.03165137614678892,0.027413266932893046
2024-03-29,-0.005651550767922059,-0.39633697601347395,0.0005315290367397965,0.0,0.022264329701563,-0.005651550767922059
2024-04-01,0.0002797462999782241,0.031327727361609194,0.0004779147879849611,0.031327727361609194,0.0157553290083412,0.0002797462999782241
2024-04-02,-0.006654179391577577,-0.6627920691587282,0.0002926128693814137,0.0,0.017335766423357546,-0.006654179391577577
2024-04-03,-0.00018459748398518295,-0.8376784719947828,0.00014679855059418116,0.0,-0.004035874439461851,-0.00018459748398518295
2024-04-08,0.00549895793902264,-0.5084988673712059,0.00012919896640806172,0.0,-0.00810445745159849,0.00549895793902264
2024-04-09,0.01314396513178589,-0.39633697601347395,0.0,0.0,-0.015887426236949498,0.01314396513178589
2024-04-10,-0.005685219698865683,-0.21758407049081485,0.0,0.0,0.011070110701107083,-0.005685219698865683
2024-04-11,0.008589535430745433,-0.45324474600825654,0.0,0.0,-0.021897810218978186,0.008589535430745433
2024-04-12,-0.0011420039356476656,-0.6134082379326439,0.0001590425637660875,0.0,0.005597014925373234,-0.0011420039356476656
2024-04-15,0.003703965298633681,-0.33795704239702445,0.0,0.0,-0.008348794063079867,0.003703965298633681
2024-04-16,0.0060156118203563876,0.8755348612810272,7.950863662586904e-05,0.8755348612810272,-0.009822263797942044,0.0060156118203563876
2024-04-17,0.00992946793488915,0.9447450738962128,-0.00043776743064051363,0.9447450738962128,-0.03117619272555494,0.00992946793488915
2024-04-18,0.027295734590148578,0.613408237932644,0.027295734590148578,0.613408237932644,0.03120429058995633,0.027295734590148578
2024-04-19,-0.0019458313818129392,0.45324474600825654,-0.0019458313818129392,0.45324474600825654,-0.001891252955082745,-0.0019458313818129392
2024-04-22,-0.0018081795669663493,-0.031327727361609055,-0.0018081795669663493,0.0,-0.002842254855518811,-0.0018081795669663493
2024-04-23,-0.00020969213124869175,-0.45324474600825654,-0.0001940282675678872,0.0,0.0,-0.00020969213124869175
2024-04-24,-3.236813956593117e-05,0.39633697601347395,0.0,0.39633697601347395,-0.005700712589073675,-3.236813956593117e-05
2024-04-25,-0.008754840952128166,-0.9111270911804993,-0.00011868828851129614,0.0,0.01863354037267073,-0.008754840952128166
2024-04-26,-0.00028193374465379875,0.7974687911932673,0.00017362980093645088,0.7974687911932673,0.0009380863039398779,-0.00028193374465379875
2024-04-29,-0.022439269467858836,0.9447450738962128,-0.000299392041977775,0.9447450738962128,0.02389878163074055,-0.022439269467858836
2024-04-30,0.014956696303346563,0.7099815003377987,0.014956696303346563,0.7099815003377987,0.01876430205949653,0.014956696303346563
2024-05-06,0.0045517184723839685,0.837678471994783,0.0045517184723839685,0.837678471994783,0.004941599281222064,0.0045517184723839685
2024-05-07,0.0028185000113445714,0.27830227900221266,0.0028185000113445714,0.27830227900221266,0.0040232454179705,0.0028185000113445714
2024-05-08,0.0012218404186950093,0.7548933452725749,0.0012218404186950093,0.7548933452725749,0.0017809439002671734,0.0012218404186950093
2024-05-09,-0.004196372390055546,0.7974687911932673,-0.004196372390055546,0.7974687911932673,-0.014222222222222247,-0.004196372390055546
2024-05-10,0.01670690246156379,0.21758407049081485,0.01670690246156379,0.21758407049081485,0.02209197475202873,0.01670690246156379
2024-05-13,-0.014360851777082856,-0.33795704239702445,-0.014360851777082856,0.0,-0.01764446404940445,-0.014360851777082856
2024-05-14,-0.0009228557517111379,-0.7974687911932674,-0.0007538772305126256,0.0,-0.0031432420296362285,-0.0009228557517111379
2024-05-15,-0.0012422626147178546,-0.7974687911932674,3.970499191030541e-05,0.0,0.00315315315315301,-0.0012422626147178546
2024-05-16,0.005048957668723755,-0.9447450738962128,1.98517077429905e-05,0.0,-0.006286484059272568,0.005048957668723755
2024-05-17,0.0029697828660561233,-0.39633697601347395,8.933091147311778e-05,0.0,-0.0036150022593763875,0.0029697828660561233
2024-05-20,-0.015096447270518083,-0.7099815003377987,8.932293217411846e-05,0.0,0.01587301587301604,-0.015096447270518083
2024-05-21,-0.0008229956044523654,-0.6134082379326439,2.9771651433696533e-05,0.0,0.0017857142857142794,-0.0008229956044523654
2024-05-22,0.0070141312284592,-0.9776492756785788,5.95415302173663e-05,0.0,-0.009803921568627527,0.0070141312284592
2024-05-23,0.0004141377138194817,0.27830227900221266,0.00019845995078204837,0.27830227900221266,-0.0004500450045004101,0.0004141377138194817
2024-05-24,0.022693253474892656,0.15602576453798608,7.911148996822827e-05,0.15602576453798608,-0.023412877082395256,0.022693253474892656
2024-05-27,-0.0013442285246466747,0.613408237932644,-0.0013442285246466747,0.613408237932644,-0.004610419548178979,-0.0013442285246466747
2024-05-28,0.0004939848380501879,-0.031327727361609055,0.0004939848380501879,0.0,0.004631773969430375,0.0004939848380501879
2024-05-29,-0.005695699711886565,-0.39633697601347395,-0.00568003584820576,0.0,-0.00875979714153996,-0.005695699711886565
2024-05-30,8.319544141585858e-05,-0.7099815003377987,0.00015873015873002494,0.0,-0.0032558139534883956,8.319544141585858e-05
2024-05-31,-0.002348460670103154,-0.8755348612810272,1.9838120933313164e-05,0.0,0.005599626691553894,-0.002348460670103154
2024-06-03,0.00046717504680301086,0.031327727361609194,0.00012894522803463815,0.031327727361609194,-0.00046403712296982924,0.00046717504680301086
2024-06-04,0.013366524733327258,-0.09386031921040802,-1.5663863680804598e-05,0.0,-0.01578458681522754,0.013366524733327258
2024-06-05,0.0002654747628258129,0.45324474600825654,0.00031240492243101695,0.45324474600825654,0.008018867924528328,0.0002654747628258129
2024-06-06,0.0005159736150346244,0.837678471994783,-0.0001472872017392234,0.837678471994783,-0.0074871314927468235,0.0005159736150346244
2024-06-07,-0.006735402254461958,0.031327727361609194,-0.006735402254461958,0.031327727361609194,-0.014615747289014602,-0.006735402254461958
2024-06-11,-0.00841923730528106,0.7974687911932673,-0.00841923730528106,0.7974687911932673,-0.009569377990430672,-0.00841923730528106
2024-06-12,-4.6044943936013956e-05,-0.09386031921040802,-4.6044943936013956e-05,0.0,0.010144927536231974,-4.6044943936013956e-05
2024-06-13,0.0071859821256106135,-0.33795704239702445,0.007232912285215817,0.0,0.009564801530368205,0.0071859821256106135
2024-06-14,0.0010437379003541583,-0.9447450738962128,4.9571209041809894e-05,0.0,-0.011842728564661509,0.0010437379003541583
2024-06-17,-0.0006302599651843995,-0.8755348612810272,0.0001189650044612911,0.0,0.0014381591562799834,-0.0006302599651843995
2024-06-18,-0.00312322806633447,-0.39633697601347395,3.965028449059993e-05,0.0,0.003350885591192121,-0.00312322806633447
2024-06-19,-0.008918703058094748,-0.031327727361609055,4.9560890510225164e-05,0.0,0.010019083969465603,-0.008918703058094748
2024-06-20,0.0062520509568126156,0.7548933452725749,4.955843435006102e-05,0.7548933452725749,-0.016060462919225138,0.0062520509568126156
2024-06-21,0.0003257347079222581,-0.21758407049081485,-0.000278334715769994,0.0,-0.019683149303888814,0.0003257347079222581
2024-06-24,-0.003426701875840192,0.9447450738962128,-0.0033179098405947843,0.9447450738962128,-0.003917727717923647,-0.003426701875840192
2024-06-25,0.00519540367092545,0.7974687911932673,-0.0004723725369481064,0.7974687911932673,-0.02654867256637161,0.00519540367092545
2024-06-26,-0.009614875025271417,0.9776492756785788,-0.009614875025271417,0.9776492756785788,-0.010101010101009944,-0.009614875025271417
2024-06-27,0.020678435559669004,0.9447450738962128,0.020678435559669004,0.9447450738962128,0.02602040816326534,0.020678435559669004
2024-06-28,-0.02140531600019049,0.8755348612810272,-0.02140531600019049,0.8755348612810272,-0.021879661859771193,-0.02140531600019049
2024-07-01,0.005736628413966126,0.7099815003377987,0.005736628413966126,0.7099815003377987,0.006100660904931221,0.005736628413966126
2024-07-02,0.008337861549604164,0.3379570423970245,0.008337861549604164,0.3379570423970245,0.009600808489135915,0.008337861549604164
2024-07-03,-0.005516203672947932,0.613408237932644,-0.005516203672947932,0.613408237932644,-0.007507507507507616,-0.005516203672947932
2024-07-04,-0.0014421220060122316,0.7548933452725749,-0.0014421220060122316,0.7548933452725749,-0.004034291477559293,-0.0014421220060122316
2024-07-05,-0.014645331420653107,0.837678471994783,-0.014645331420653107,0.837678471994783,-0.023797468354430418,-0.014645331420653107
2024-07-08,0.005447480749026674,0.837678471994783,0.005447480749026674,0.837678471994783,0.007261410788381717,0.005447480749026674
2024-07-09,-0.018116630187322808,0.9776492756785788,-0.018116630187322808,0.9776492756785788,-0.02162718846549949,-0.018116630187322808
2024-07-10,0.017574996865397905,0.837678471994783,0.017574996865397905,0.837678471994783,0.021052631578947434,0.017574996865397905
2024-07-11,0.010513037389389792,0.9111270911804993,0.010513037389389792,0.9111270911804993,0.010824742268041199,0.010513037389389792
2024-07-12,0.009807454121275028,0.45324474600825654,0.009807454121275028,0.45324474600825654,0.011728709841917428,0.009807454121275028
2024-07-15,-0.005730989996627042,0.21758407049081485,-0.005730989996627042,0.21758407049081485,-0.006048387096774244,-0.005730989996627042
2024-07-16,-0.0047146330356111765,-0.09386031921040802,-0.0047146330356111765,0.0,-0.010141987829614507,-0.0047146330356111765
2024-07-17,0.0005440696040702427,0.15602576453798608,0.0005909997636754467,0.15602576453798608,0.0030737704918031294,0.0005440696040702427
2024-07-18,0.0009884345268549118,-0.6134082379326439,-6.811179413939949e-05,0.0,-0.011746680286006117,0.0009884345268549118
2024-07-19,-7.61521763812062e-07,-0.7974687911932674,0.0003059425972025099,0.0,0.0015503875968991832,-7.61521763812062e-07
2024-07-22,-0.005156288174939,-0.9111270911804993,0.0,0.0,0.008255933952528327,-0.005156288174939
2024-07-23,-0.001582547299201707,-0.031327727361609055,5.939829526901974e-05,0.0,0.0020470829068577334,-0.001582547299201707
2024-07-24,0.02567564900301557,0.09386031921040802,2.9697383660653998e-05,0.09386031921040802,-0.02860061287027582,0.02567564900301557
2024-07-25,0.0005013648714948114,-0.33795704239702445,-2.713249177053949e-05,0.0,-0.017350157728706628,0.0005013648714948114
2024-07-26,0.0003849517485096475,0.27830227900221266,0.0005539302697081598,0.27830227900221266,0.005350454788657144,0.0003849517485096475
2024-07-29,-0.005817578797855079,-0.45324474600825654,-8.966333824397542e-05,0.0,0.016498137307078276,-0.005817578797855079
2024-07-30,-0.0025228227318665384,-0.754893345272575,-0.0022962003588624103,0.0,-0.007853403141361293,-0.0025228227318665384
2024-07-31,-0.0030209757255419837,0.9776492756785788,0.0,0.9776492756785788,0.006332453825857565,-0.0030209757255419837
2024-08-01,-0.03346161347781081,0.6627920691587285,-0.000340365642213745,0.6627920691587285,0.0435238594651286,-0.03346161347781081
2024-08-02,-0.012927196870896506,0.7974687911932673,-0.012927196870896506,0.7974687911932673,-0.013065326633165952,-0.012927196870896506
2024-08-05,-0.008808207325257819,0.9447450738962128,-0.008808207325257819,0.9447450738962128,-0.01323828920570258,-0.008808207325257819
2024-08-06,-0.00706897841497647,0.7099815003377987,-0.00706897841497647,0.7099815003377987,-0.008771929824561209,-0.00706897841497647
2024-08-07,-0.00011464853228995863,0.15602576453798608,-0.00011464853228995863,0.15602576453798608,0.0,-0.00011464853228995863
2024-08-08,-0.0013857464785263784,-0.09386031921040802,-0.0013857464785263784,0.0,-0.001561686621551317,-0.0013857464785263784
2024-08-09,0.001472918172768198,-0.031327727361609055,0.0015198483323734019,0.0,0.00938477580813335,0.001472918172768198
2024-08-12,0.0015634244303463123,-0.6134082379326439,3.9566744151731115e-05,0.0,-0.016528925619834767,0.0015634244303463123
2024-08-13,-0.00018836973077610827,-0.6627920691587282,1.9782589343098067e-05,0.0,-0.002626050420168058,-0.00018836973077610827
2024-08-14,-0.001930873852445053,-0.8376784719947828,1.9782197999917983e-05,0.0,0.003159557661927437,-0.001930873852445053
2024-08-15,0.008659954995831812,-0.754893345272575,2.9672710008643577e-05,0.0,-0.013123359580052507,0.008659954995831812
2024-08-16,-0.010462523878872372,-0.9111270911804993,0.0001483591478250723,0.0,0.012765957446808418,-0.010462523878872372
2024-08-19,0.006282879074691204,-0.9447450738962128,9.889142710273191e-06,0.0,-0.008403361344537896,0.006282879074691204
2024-08-20,-0.002780045449950267,-0.561935209500679,6.92233144126142e-05,0.0,0.0031779661016950733,-0.002780045449950267
2024-08-21,0.02025978198952603,-0.9111270911804993,0.0,0.0,-0.021647307286166928,0.02025978198952603
2024-08-22,0.0009359637292561118,-0.6134082379326439,0.0001285512276643086,0.0,-0.0016189962223420729,0.0009359637292561118
2024-08-23,0.012239252265088487,-0.8376784719947828,3.9549139806194233e-05,0.0,-0.013513513513513487,0.012239252265088487
2024-08-26,-0.0007524601307453904,-0.6134082379326439,1.9773787866661507e-05,0.0,0.0010958904109588108,-0.0007524601307453904
2024-08-27,-0.001414959137510171,-0.561935209500679,3.954679374373882e-05,0.0,0.0016420361247948545,-0.001414959137510171
2024-08-28,0.00607158973720192,-0.9111270911804993,3.954522985649689e-05,0.0,-0.00983606557377048,0.00607158973720192
2024-08-29,0.0004456415972402503,0.21758407049081485,0.0,0.21758407049081485,-0.001103752759381793,0.0004456415972402503
2024-08-30,-0.01702491455215607,0.7974687911932673,-2.9702357436732726e-05,0.7974687911932673,0.018232044198894792,-0.01702491455215607
2024-09-02,0.003956123727682289,0.7099815003377987,0.003956123727682289,0.7099815003377987,0.018448182311448624,0.003956123727682289
2024-09-03,-0.016613420180610124,0.5084988673712059,-0.016613420180610124,0.5084988673712059,-0.02077783697389446,-0.016613420180610124
2024-09-04,0.0022312664895248603,0.39633697601347395,0.0022312664895248603,0.39633697601347395,0.0032644178454843686,0.0022312664895248603
2024-09-05,0.0021839893749380766,0.21758407049081485,0.0021839893749380766,0.21758407049081485,0.00433839479392617,0.002212443259935468
2024-09-06,0.0036202907803408384,0.7099815003377987,0.0036202907803408384,0.7099815003377987,0.009179265658747049,0.004107460077155841
2024-09-09,-0.005368563135252979,0.21758407049081485,-0.005368563135252979,0.21758407049081485,-0.023542001070090857,-0.005368563135252979
2024-09-10,-0.0021856218628302764,-0.5084988673712059,-0.0021856218628302764,0.0,-0.002739726027397249,-0.0021856218628302764
2024-09-11,-0.0008180542983432428,-0.9111270911804993,-0.0005638048646576399,0.0,-0.00219780219780219,-0.0007904272376617681
2024-09-12,-0.003561438786163686,-0.7974687911932674,0.0,0.0,0.0066079295154184425,-0.003223950507442415
2024-09-13,0.004901128712898211,-0.561935209500679,0.0002470282501505494,0.0,-0.004923413566739754,0.004879840989937865
2024-09-18,0.010404086418960325,-0.9776492756785788,0.0,0.0,-0.013194062671797568,0.009836912869098591
2024-09-19,0.0004336855612645565,0.39633697601347395,9.879372857346524e-06,0.39633697601347395,-0.0011142061281338433,0.0003469003727860746
2024-09-20,-0.01435574423116259,-0.45324474600825654,5.869266865882956e-05,0.0,0.014500836586726074,-0.01435574423116259
2024-09-23,-0.0021619269395222115,-0.7099815003377987,-0.001935304566518083,0.0,-0.0043980208905992635,-0.002189554000203686
2024-09-24,-0.0056343785440238535,0.9111270911804993,0.0,0.9111270911804993,0.012147984538928958,-0.0062779776953715925
2024-09-25,-0.030684708861988614,0.8755348612810272,-0.0002580034132248677,0.8755348612810272,0.04255319148936154,-0.030684708861988614
2024-09-26,-0.006692719859861795,0.9776492756785788,-0.006692719859861795,0.9776492756785788,-0.0073260073260073,-0.006692719859861795
2024-09-27,0.05911044698069645,0.9776492756785788,0.05911044698069645,0.9776492756785788,0.06747496046389045,0.05911044698069645
2024-09-30,0.11828349261296378,0.9776492756785788,0.11828349261296378,0.9776492756785788,0.12098765432098757,0.11828349261296378
2024-10-08,0.15418565901905593,0.9111270911804993,0.15418565901905593,0.9111270911804993,0.15770925110132183,0.15418565901905593
2024-10-09,-0.07368779666305626,0.837678471994783,-0.07368779666305626,0.837678471994783,-0.07534246575342474,-0.07368779666305626
2024-10-10,-0.03522933973122205,0.7974687911932673,-0.03522933973122205,0.7974687911932673,-0.03868312757201653,-0.03522933973122205
2024-10-11,-0.019592334603977295,0.7548933452725749,-0.019592334603977295,0.7548933452725749,-0.02354452054794509,-0.019592334603977295
2024-10-14,-0.024811923690327337,0.7974687911932673,-0.024811923690327337,0.7974687911932673,-0.031126698816308696,-0.024811923690327337
2024-10-15,0.018765650734049538,0.7099815003377987,0.018765650734049538,0.7099815003377987,0.024886877828054432,0.018765650734049538
2024-10-16,-0.02257707814272107,0.5084988673712059,-0.02257707814272107,0.5084988673712059,-0.028256070640176767,-0.02257707814272107
2024-10-17,0.01894533059290455,0.39633697601347395,0.01894533059290455,0.39633697601347395,0.026805997273966264,0.01894533059290455
2024-10-18,-0.006581066411946511,0.613408237932644,-0.006581066411946511,0.613408237932644,-0.012831858407079566,-0.006581066411946511
2024-10-21,0.021010244625325716,0.39633697601347395,0.021010244625325716,0.39633697601347395,0.05244285073957866,0.021010244625325716
2024-10-22,0.0064493438581746665,0.15602576453798608,0.0064493438581746665,0.15602576453798608,0.010647359454855287,0.0064493438581746665
2024-10-23,0.003733201865758574,0.09386031921040802,0.003733201865758574,0.09386031921040802,0.00969237252423083,0.003733201865758574
2024-10-24,-0.0007444052239708751,-0.21758407049081485,-0.0007444052239708751,0.0,-0.005425709515859745,-0.0007444052239708751
2024-10-25,-0.00015572219485061146,0.031327727361609194,-4.693015960520401e-05,0.031327727361609194,0.0,-0.00015572219485061146
2024-10-28,-0.004435115321237908,0.031327727361609194,4.352407776252369e-05,0.031327727361609194,0.02014267729752417,-0.004435115321237908
2024-10-29,0.0006410065722709001,-0.33795704239702445,0.0006410065722709001,0.0,0.020156314273961362,0.0006410065722709001
2024-10-30,-0.0008852415136784831,-0.6134082379326439,-0.0007162629924799709,0.0,-0.024193548387096864,-0.0008852415136784831
2024-10-31,-0.00420850455678535,-0.45324474600825654,8.87705281849005e-05,0.0,0.012396694214876103,-0.00420850455678535
2024-11-01,-0.004832899686773024,-0.21758407049081485,0.00015780026431544414,0.0,0.008163265306122547,-0.004805272626091549
2024-11-04,0.012770153631021179,-0.27830227900221255,2.958288137255849e-05,0.0,-0.028340080971659964,0.014310067419901241
2024-11-05,-0.00583260098401075,0.15602576453798608,0.0,0.15602576453798608,0.026666666666666616,-0.00583260098401075
2024-11-06,-0.009766761211203233,-0.33795704239702445,5.0184660282784793e-05,0.0,0.03490259740259738,-0.009766761211203233
2024-11-07,-0.001409536315711288,-0.031327727361609055,-0.0012405577945127757,0.0,-0.0074509803921566364,-0.001409536315711288
2024-11-08,-0.011733764448611309,-0.6134082379326439,0.00022680880018155491,0.0,0.035163966811536884,-0.011733764448611309
2024-11-11,3.839207082592097e-05,0.031327727361609194,2.9577048210382983e-05,0.031327727361609194,-0.009541984732824416,3.839207082592097e-05
2024-11-12,-0.017923680594298,-0.561935209500679,6.320593214524854e-05,0.0,0.028901734104046062,-0.017923680594298
2024-11-13,-0.0008363601046236591,-0.7099815003377987,-0.0005553924998733196,0.0,-0.017228464419475564,-0.0008363601046236591
2024-11-14,0.0006300237729893212,-0.15602576453798608,3.943217665636212e-05,0.0,-0.0011432926829267887,0.0006300237729893212
2024-11-15,0.02091923716937416,-0.09386031921040802,3.943062182054646e-05,0.0,-0.029759633727584944,0.02091923716937416
2024-11-18,0.002948143031702126,-0.5084988673712059,2.9571800331140707e-05,0.0,-0.018875344081793255,0.002948143031702126
2024-11-19,0.002485220049797808,-0.21758407049081485,1.9713950577315842e-05,0.0,-0.02845691382765536,0.002485220049797808
2024-11-20,-0.011924305429845275,-0.754893345272575,0.0001182813716698039,0.0,0.023514851485148425,-0.011924305429845275
2024-11-21,-0.004769062202029681,-0.9776492756785788,4.927807618382296e-05,0.0,0.020959290608625558,-0.004769062202029681
2024-11-22,-0.0012556010825843368,-0.7974687911932674,0.00019710259189920087,0.0,0.001973943939992173,-0.0012556010825843368
2024-11-25,0.029570663984412406,-0.9447450738962128,0.0,0.0,-0.030338849487785646,0.029570663984412406
2024-11-26,0.003255350377446568,-0.9776492756785788,4.927079227412534e-05,0.0,-0.00406338886631441,0.003255350377446568
2024-11-27,0.01077622928184817,-0.7974687911932674,0.0,0.0,-0.011423908608731215,0.01077622928184817
2024-11-28,-0.02444946424899048,-0.9776492756785788,0.0001281015352476711,0.0,0.02517540239372673,-0.02444946424899048
2024-11-29,0.00474325247935807,-0.8376784719947828,9.852702103518851e-06,0.0,-0.006038647342995085,0.00474325247935807
2024-12-02,-0.017654803509793985,-0.7974687911932674,0.00011823126034515852,0.0,0.018226002430133725,-0.017654803509793985
2024-12-03,-0.01692306329729461,-0.9776492756785788,4.925720140280809e-05,0.0,0.020286396181383948,-0.01692306329729461
2024-12-04,0.0038532393148824878,-0.9447450738962128,0.000118211460601092,0.0,-0.004678362573099282,0.0038532393148824878
2024-12-05,0.014535319334982593,-0.9111270911804993,0.0,0.0,-0.014884449667058264,0.014535319334982593
2024-12-06,-0.0135208432066291,-0.9447450738962128,9.849984732746009e-06,0.0,0.014314115308151187,-0.0135208432066291
2024-12-09,-0.0091713198841714,-0.9776492756785788,6.89492139789305e-05,0.0,0.010192081536652076,-0.0091713198841714
2024-12-10,-0.02494569735698077,-0.754893345272575,0.0,0.0,0.026387272021730857,-0.02494569735698077
2024-12-11,0.024381045499168925,-0.7974687911932674,4.9247498226989705e-05,0.0,-0.024952741020793923,0.024381045499168925
2024-12-12,-0.010971343375990341,-0.9447450738962128,9.849014606100326e-05,0.0,0.014734393175649396,-0.010971343375990341
2024-12-13,-0.0007045922676262255,-0.6627920691587282,0.00015756871473171508,0.0,0.0011463507833398001,-0.0007045922676262255
2024-12-16,0.012556259474132806,-0.8376784719947828,3.9385972685712645e-05,0.0,-0.01335877862595436,0.012556259474132806
2024-12-17,0.010697697453005878,-0.21758407049081485,9.846105373023661e-06,0.0,-0.016247582205028754,0.010697697453005878
2024-12-18,0.013872487924449272,-0.15602576453798608,9.846008428127107e-06,0.0,-0.01690916240660656,0.013872487924449272
2024-12-19,0.000590444469381972,-0.21758407049081485,9.845911485450998e-06,0.0,-0.0027999999999998026,0.000590444469381972
2024-12-20,-0.0013564265429860895,-0.09386031921040802,9.845814544218179e-05,0.0,0.009225832330525208,-0.0013564265429860895
2024-12-23,-0.0023728522126427016,0.39633697601347395,1.9689690478275068e-05,0.39633697601347395,0.010731319554849073,-0.0023728522126427016
2024-12-24,0.0020801864920875148,-0.15602576453798608,-0.00019816848800673697,0.0,-0.024773889107353564,0.0020517326070901235
2024-12-25,0.003600937716678468,0.031327727361609194,0.0036789505989474613,0.031327727361609194,0.009677419354838568,0.004119282526366089
2024-12-26,0.0017247107968856657,-0.5084988673712059,-5.819890653414335e-06,0.0,-0.011581469648562104,0.0017247107968856657
2024-12-27,0.00023706923373350132,-0.8755348612810272,0.0004913186674191043,0.0,0.011313131313131164,0.00023706923373350132
2024-12-30,0.00018295627591667461,-0.9776492756785788,0.00010826558532306407,0.0,-0.00039952057530967533,0.00018295627591667461
2024-12-31,0.0015985500591369326,0.031327727361609194,0.00031980491899918917,0.031327727361609194,-0.0011990407673859727,0.0015985500591369326
2025-01-02,0.031966455828740886,0.7548933452725749,-1.5663863680804598e-05,0.7548933452725749,-0.03321328531412571,0.031966455828740886
2025-01-03,-0.0010364169337643621,0.9447450738962128,-0.0010364169337643621,0.9447450738962128,-0.024006622516556164,-0.0010364169337643621
2025-01-06,-0.023460347450250794,0.9776492756785788,-0.023460347450250794,0.9776492756785788,-0.03095843935538589,-0.023460347450250794
2025-01-07,-0.0037331318555691557,0.9776492756785788,-0.0037331318555691557,0.9776492756785788,-0.003938730853391803,-0.0037331318555691557
2025-01-08,0.011175594649543109,0.8755348612810272,0.011175594649543109,0.8755348612810272,0.011423550087873657,0.011175594649543109
2025-01-09,-0.007695578042218125,0.613408237932644,-0.007695578042218125,0.613408237932644,-0.007819287576020906,-0.007695578042218125
2025-01-10,0.006780138283920626,0.7099815003377987,0.006780138283920626,0.7099815003377987,0.007880910683012443,0.006780138283920626
2025-01-13,-0.01736867562582544,0.6627920691587285,-0.01736867562582544,0.6627920691587285,-0.028236316246741944,-0.01736867562582544
2025-01-14,0.008228313647746358,0.9776492756785788,0.008228313647746358,0.9776492756785788,0.011622708985247865,0.008228313647746358
2025-01-15,0.027404893991921107,0.8755348612810272,0.027404893991921107,0.8755348612810272,0.04148859827409823,0.027404893991921107
2025-01-16,-0.0008938583069215546,0.837678471994783,-0.0008938583069215546,0.837678471994783,-0.0008620689655171043,-0.0008938583069215546
2025-01-17,-0.0030306720619254343,0.6627920691587285,-0.0030306720619254343,0.6627920691587285,-0.00345125107851596,-0.0030306720619254343
2025-01-20,0.01369254897858258,0.39633697601347395,0.01369254897858258,0.39633697601347395,0.01645021645021627,0.01369254897858258
2025-01-21,0.003297915622946005,-0.15602576453798608,0.003297915622946005,0.0,0.005110732538330609,0.003297915622946005
2025-01-22,-0.0012295531952779258,-0.33795704239702445,-0.0011515403130089325,0.0,-0.0025423728813559476,-0.0012295531952779258
2025-01-23,-0.0005549335028912789,0.27830227900221266,0.0,0.27830227900221266,0.0029736618521667424,-0.0005549335028912789
2025-01-24,0.004299124076853981,0.6627920691587285,-0.00011917570928029751,0.6627920691587285,-0.013553578991952642,0.004299124076853981
2025-01-27,0.006848460758593476,0.15602576453798608,0.006848460758593476,0.15602576453798608,0.02361528553027048,0.006848460758593476
2025-02-05,-0.008560230533222593,-0.39633697601347395,-0.008560230533222593,0.0,-0.012583892617449632,-0.008560230533222593
2025-02-06,-0.0007401492342374551,0.9447450738962128,-0.0005419807462307181,0.9447450738962128,-0.0029736618521665203,-0.0007401492342374551
2025-02-07,-0.012266797152185985,0.9447450738962128,-0.0004324487913024528,0.9447450738962128,0.029399233063485353,-0.012266797152185985
2025-02-10,0.015250989338933424,0.9111270911804993,0.015250989338933424,0.9111270911804993,0.01614238410596025,0.015250989338933424
2025-02-11,0.009608776157859246,0.5619352095006791,0.009608776157859246,0.5619352095006791,0.010183299389002087,0.009608776157859246
2025-02-12,-0.002746325633688081,0.7974687911932673,-0.002746325633688081,0.7974687911932673,-0.0028225806451612767,-0.002746325633688081
2025-02-13,0.008774733385653813,0.27830227900221266,0.008774733385653813,0.27830227900221266,0.015770319450060688,0.008774733385653813
2025-02-14,-0.008475238926832114,-0.39633697601347395,-0.008475238926832114,0.0,-0.010350318471337494,-0.008475238926832114
2025-02-17,0.002168735327613985,-0.7099815003377987,0.002366903815620722,0.0,0.008849557522123908,0.002168735327613985
2025-02-18,0.00031726502972004094,0.031327727361609194,0.0,0.031327727361609194,-0.0011961722488039728,0.00031726502972004094
2025-02-19,0.014367484315318169,0.27830227900221266,-1.5663863680804598e-05,0.27830227900221266,-0.02075848303393213,0.014367484315318169
2025-02-20,0.0007332237365690366,-0.7974687911932674,0.0007332237365690366,0.0,0.023644516918059688,0.0007332237365690366
2025-02-21,0.0023437788432604263,0.6627920691587285,0.00274251323885706,0.6627920691587285,0.010354440461967096,0.0023437788432604263
2025-02-24,-0.014013420538825223,-0.15602576453798608,-0.0002016969364867915,0.0,0.016949152542373058,-0.014013420538825223
2025-02-25,-0.007328785799912022,-0.27830227900221255,-0.007250772917643028,0.0,-0.010465116279069764,-0.007328785799912022
2025-02-26,-0.0014667757755923686,-0.21758407049081485,0.0,0.0,0.009009009009009139,-0.0014667757755923686
2025-02-27,-0.003372768822883064,-0.6627920691587282,8.977645662300304e-05,0.0,0.012422360248447006,-0.003372768822883064
2025-02-28,0.0017221450189293763,0.5084988673712059,8.976839753449539e-05,0.5084988673712059,-0.008435582822085896,0.0017221450189293763
2025-03-03,0.01801721480701193,-0.09386031921040802,-0.00016448909379299461,0.0,-0.0278422273781902,0.01801721480701193
2025-03-04,-0.004726542933757518,0.7974687911932673,-0.004679612774152314,0.7974687911932673,-0.008750994431185322,-0.004726542933757518
2025-03-05,-0.0021444884565109466,-0.15602576453798608,-0.00029901460819932153,0.0,0.019261637239165186,-0.0021444884565109466
2025-03-06,0.009570103634805547,0.09386031921040802,0.00964811651707454,0.09386031921040802,0.012598425196850505,0.009570103634805547
2025-03-07,-0.002205068695233195,-0.6134082379326439,4.281675409813286e-05,0.0,0.013996889580093264,-0.002205068695233195
2025-03-10,-0.0004703354769994028,-0.9111270911804993,-0.00016363135803308088,0.0,-0.0019171779141102796,-0.0004703354769994028
2025-03-11,0.005383793332737565,-0.6627920691587282,6.979201978118965e-05,0.0,-0.008835958509412323,0.005383793332737565
2025-03-12,-0.01666505969571811,-0.9447450738962128,2.9908778226506172e-05,0.0,0.01821705426356579,-0.01666505969571811
2025-03-13,0.0013857532621400807,-0.33795704239702445,0.00015950871316317006,0.0,-0.0019033117624666085,0.0013857532621400807
2025-03-14,0.013388563576948993,-0.21758407049081485,0.0,0.0,-0.014492753623188248,0.013388563576948993
2025-03-17,-0.0060497737125974355,-0.9776492756785788,1.9937794082380833e-05,0.0,0.017801857585139302,-0.0060497737125974355
2025-03-18,-0.0011246168742354433,-0.9776492756785788,0.0,0.0,0.003422053231939115,-0.0011246168742354433
2025-03-19,0.001777590506972728,-0.9776492756785788,0.00014954240025510934,0.0,-0.0015157256536567631,0.001777590506972728
2025-03-20,0.0055688925561538415,-0.9776492756785788,0.00018939205151480287,0.0,-0.005313092979126854,0.0055688925561538415
2025-03-21,0.005479784103108354,-0.45324474600825654,0.00031891568666519987,0.0,-0.004959938954597676,0.005479784103108354
2025-03-24,0.018263833781035698,-0.15602576453798608,7.970350296915285e-05,0.0,-0.018788343558282183,0.018263833781035698
2025-03-25,0.004113309199735864,-0.031327727361609055,0.00012950787009358145,0.0,-0.008987885892926761,0.004113309199735864
2025-03-26,0.0009835650181412416,-0.031327727361609055,0.0,0.0,-0.006703470031545922,0.0009835650181412416
2025-03-27,-0.00012436572989921017,0.031327727361609194,0.0,0.031327727361609194,0.003969829297340466,-0.00012436572989921017
2025-03-28,-4.371512449944791e-05,0.15602576453798608,-1.5663863680804598e-05,0.15602576453798608,0.00039541320680092085,-4.371512449944791e-05
2025-03-31,-0.00040340973967630623,-0.21758407049081485,-0.00040340973967630623,0.0,-0.013043478260869601,-0.00040340973967630623
2025-04-01,-0.00026016483129511484,-0.8376784719947828,-0.0001513727960497074,0.0,-0.0016019223067679222,-0.00026016483129511484
2025-04-02,-0.0005621318785054547,-0.9111270911804993,7.968841828454032e-05,0.0,0.0016044925792215725,-0.0005621318785054547
2025-04-03,0.0017321642418739588,-0.754893345272575,4.980129284137824e-05,0.0,-0.002002402883459986,0.0017321642418739588
2025-04-07,0.049280694246374865,0.9776492756785788,0.0,0.9776492756785788,-0.0541733547351525,0.049280694246374865
2025-04-08,0.04987736437863172,0.9776492756785788,-0.0004091393945501268,0.9776492756785788,-0.06703436571913457,0.04987736437863172
2025-04-09,-0.009779825587362715,0.9776492756785788,-0.009779825587362715,0.9776492756785788,-0.010004547521600626,-0.009779825587362715
2025-04-10,0.05299222247331044,0.9447450738962128,0.05299222247331044,0.9447450738962128,0.054203031694993076,0.05299222247331044
2025-04-11,0.0008370879854176178,0.837678471994783,0.0008370879854176178,0.837678471994783,0.0008714596949892517,0.0008370879854176178
2025-04-14,0.02832968722845113,0.7974687911932673,0.02832968722845113,0.7974687911932673,0.030039181541140714,0.02832968722845113
2025-04-15,0.0021187325643558406,0.7548933452725749,0.0021187325643558406,0.7548933452725749,0.002535925612848544,0.0021187325643558406
2025-04-16,-0.006399024075616862,0.7099815003377987,-0.006399024075616862,0.7099815003377987,-0.00801011804384466,-0.006399024075616862
2025-04-17,-0.009647105458454442,0.613408237932644,-0.009647105458454442,0.613408237932644,-0.012749681257968715,-0.009647105458454442
2025-04-18,0.002111345806813896,0.3379570423970245,0.002111345806813896,0.3379570423970245,0.0030133448127422913,0.002111345806813896
2025-04-21,-0.0006642562741049492,0.613408237932644,-0.0006642562741049492,0.613408237932644,-0.0008583690987126191,-0.0006642562741049492
2025-04-22,0.007008588858876344,0.21758407049081485,0.007008588858876344,0.21758407049081485,0.021048109965635664,0.007008588858876344
2025-04-23,0.0036729855052525023,0.27830227900221266,0.0036729855052525023,0.27830227900221266,0.006310475389146086,0.0036729855052525023
2025-04-24,-0.00015775856948075422,0.031327727361609194,-0.00015775856948075422,0.031327727361609194,-0.0008361204013377366,-0.00015775856948075422
2025-04-25,-0.0022928247229873347,-0.5084988673712059,-0.0022928247229873347,0.0,-0.00794979079497915,-0.0022928247229873347
2025-04-28,-0.0002170617961237082,-0.6627920691587282,3.718763756189474e-05,0.0,0.001687051876845258,-0.0002170617961237082
2025-04-29,0.006376030312668515,-0.27830227900221255,1.9909412174667906e-05,0.0,-0.012631578947368327,0.006376030312668515
2025-04-30,-0.0048659677173550865,-0.6627920691587282,0.000248862697472374,0.0,0.007675906183368886,-0.0048659677173550865
2025-05-06,-0.003961044272171285,0.613408237932644,0.0,0.613408237932644,0.013542107490478239,-0.003961044272171285
2025-05-07,-0.02051372873814794,0.6627920691587285,-0.00027684802533761135,0.6627920691587285,0.030062630480166996,-0.02051372873814794
2025-05-08,-0.00696752723362522,0.5084988673712059,-0.00696752723362522,0.5084988673712059,-0.011349817592217204,-0.00696752723362522
2025-05-09,0.007028555150943145,0.39633697601347395,0.007028555150943145,0.39633697601347395,0.010660106601066088,0.007028555150943145
2025-05-12,-0.0027329289330787344,0.15602576453798608,-0.0027329289330787344,0.15602576453798608,-0.005273833671399775,-0.0027329289330787344
2025-05-13,0.005734859711340784,-0.33795704239702445,0.005734859711340784,0.0,0.014681892332789603,0.005734859711340784
2025-05-14,-0.0018606917241848746,-0.5084988673712059,-0.0016917132029863624,0.0,-0.010450160771704242,-0.0018606917241848746
2025-05-15,8.777921686386134e-05,0.031327727361609194,0.00012933907731516037,0.031327727361609194,0.0,8.777921686386134e-05
2025-05-16,0.007845130738042294,-0.33795704239702445,2.412762889812873e-05,0.0,-0.015840779853777298,0.007845130738042294
2025-05-19,-0.0001075556211805926,-0.5084988673712059,6.142290001791964e-05,0.0,0.0,-0.0001075556211805926
2025-05-20,-0.0023169311181628796,-0.8755348612810272,0.0,0.0,0.006603384234420195,-0.0023169311181628796
2025-05-21,-0.004114753762314967,-0.9776492756785788,1.989396516544062e-05,0.0,0.007790077900779124,-0.004132549877264703
2025-05-22,0.0029477717015221182,-0.9447450738962128,7.957427761495772e-05,0.0,-0.0032546786004882255,0.003084241311452279
2025-05-23,0.008919796845060416,-0.8755348612810272,7.956794605279427e-05,0.0,-0.008979591836734802,0.008919796845060416
2025-05-26,0.010471209142126486,-0.7099815003377987,0.0,0.0,-0.011120263591433366,0.010471209142126486
2025-05-27,-0.002635356450970322,-0.7099815003377987,0.0,0.0,0.00291545189504383,-0.002635356450970322
2025-05-28,8.503224797547763e-05,-0.9111270911804993,4.972699877670017e-05,0.0,0.0,8.503224797547763e-05
2025-05-29,0.00022828122824825262,-0.031327727361609055,1.988981044998006e-05,0.0,-0.00041528239202659467,0.00022828122824825262
2025-05-30,-0.011358737956175096,-0.45324474600825654,0.0002287282708144378,0.0,0.012463647694225255,-0.011358737956175096
2025-06-03,8.470736237015203e-05,-0.5084988673712059,0.0,0.0,-0.009437833401723328,8.470736237015203e-05
2025-06-04,-0.004317133121425389,-0.7974687911932674,1.9885657469576046e-05,0.0,0.009527754763877239,-0.004317133121425389
2025-06-05,-0.004704957940332541,-0.754893345272575,1.9885262038110696e-05,0.0,0.009027492819039695,-0.004704957940332541
2025-06-06,-0.0062929559024607375,-0.9447450738962128,0.0001193091997335749,0.0,0.008133387555917304,-0.0062929559024607375
2025-06-09,0.0005141046683809497,-0.561935209500679,0.0,0.0,-0.0008067769261800306,0.0005141046683809497
2025-06-10,-0.008867099369797677,-0.21758407049081485,4.9706236144420046e-05,0.0,0.00928542591844983,-0.008893817540862414
2025-06-11,0.005222402441701679,-0.8376784719947828,0.0,0.0,-0.009600000000000164,0.004736131728323464
2025-06-12,-0.0003616133426346844,-0.9447450738962128,2.982225933445548e-05,0.0,0.00040387722132484427,-0.0003616133426346844
2025-06-13,-0.0021650689014426415,-0.33795704239702445,0.00013916639330413538,0.0,0.002825999192571871,-0.0021650689014426415
2025-06-16,0.01224756711089097,-0.45324474600825654,0.0,0.0,-0.013285024154589431,0.012217739729193563
2025-06-17,-0.003215709181222718,-0.9111270911804993,9.939172265660545e-06,0.0,0.009383924928600518,-0.0026863336605596312
2025-06-18,0.0008892895748455878,-0.9776492756785788,0.00013914702871398177,0.0,-0.0020210185933711156,0.0008892895748455878
2025-06-19,0.0027968247550097017,-0.33795704239702445,0.0001291899788327111,0.0,-0.0028351559335763055,0.0027968247550097017
2025-06-20,0.010857781826789271,0.3379570423970245,2.9809220985832496e-05,0.3379570423970245,-0.011372867587327251,0.010857781826789271
2025-06-23,0.0036886469960227945,0.837678471994783,-0.00016897852119851227,0.837678471994783,-0.01191454396055891,0.0036594570292145696
2025-06-24,0.005933137150261029,0.9776492756785788,0.005933137150261029,0.9776492756785788,0.018295218295218296,0.007030400746642549
2025-06-25,0.016006326637257744,0.9776492756785788,0.016006326637257744,0.9776492756785788,0.019191506737443964,0.016006326637257744
2025-06-26,0.012535741830568574,0.9111270911804993,0.012535741830568574,0.9111270911804993,0.012820512820512775,0.012535741830568574
2025-06-27,-0.00041599205776546815,0.7974687911932673,-0.00041599205776546815,0.7974687911932673,-0.0003955696202528891,-0.00041599205776546815
2025-06-30,0.0021497731220048453,0.7099815003377987,0.0021497731220048453,0.7099815003377987,0.002374356944993883,0.0021497731220048453
2025-07-01,0.009086376743283112,0.5084988673712059,0.009086376743283112,0.5084988673712059,0.011448874851954116,0.009086376743283112
2025-07-02,0.00017637870706783607,0.5619352095006791,0.00017637870706783607,0.5619352095006791,0.00039032006245132145,0.00017637870706783607
2025-07-03,-0.0035588574356713006,0.5619352095006791,-0.0035588574356713006,0.5619352095006791,-0.007023019898556471,-0.0035588574356713006
2025-07-04,0.0011997236837604363,0.45324474600825654,0.0011997236837604363,0.45324474600825654,0.0019646365422396617,0.0011997236837604363
2025-07-07,-0.001596912473512751,0.09386031921040802,-0.001596912473512751,0.09386031921040802,-0.002745098039215632,-0.001596912473512751
2025-07-08,0.0008897016033723543,0.7548933452725749,0.0008897016033723543,0.7548933452725749,0.0023594180102239903,0.0008897016033723543
2025-07-09,0.0011145573449148963,0.3379570423970245,0.0011145573449148963,0.3379570423970245,0.015300117693213267,0.0011145573449148963
2025-07-10,-0.003402450067815658,0.21758407049081485,-0.003402450067815658,0.21758407049081485,-0.00425038639876385,-0.003402450067815658
2025-07-11,0.0010218375763460272,0.7548933452725749,0.0010218375763460272,0.7548933452725749,0.0031043849437333293,0.0010218375763460272
2025-07-14,0.0019664327758667777,0.3379570423970245,0.0019664327758667777,0.3379570423970245,0.010058027079303589,0.0019664327758667777
2025-07-15,-0.0019237184740595696,0.39633697601347395,-0.0019237184740595696,0.39633697601347395,-0.0022979701263883268,-0.0019237184740595696
2025-07-16,-0.0007681509761283509,0.031327727361609194,-0.0007681509761283509,0.031327727361609194,-0.002303262955854146,-0.0007681509761283509
2025-07-17,0.0007504524044582217,0.7099815003377987,0.0007504524044582217,0.7099815003377987,0.002308580223162826,0.0007504524044582217
2025-07-18,0.00012246208066360822,0.5084988673712059,0.00012246208066360822,0.5084988673712059,0.013819577735124655,0.00012246208066360822
2025-07-21,0.0012434114671930844,0.7548933452725749,0.0012434114671930844,0.7548933452725749,0.0018932222642940033,0.0012434114671930844
2025-07-22,0.004489037385731536,0.6627920691587285,0.004489037385731536,0.6627920691587285,0.009070294784580657,0.004489037385731536
2025-07-23,0.004209524481927583,0.6627920691587285,0.004209524481927583,0.6627920691587285,0.00561797752808979,0.004209524481927583
2025-07-24,-0.0031856147031578694,0.8755348612810272,-0.0031856147031578694,0.8755348612810272,-0.004841713221601429,-0.0031856147031578694
2025-07-25,0.009855836069314656,0.15602576453798608,0.009855836069314656,0.15602576453798608,0.014970059880239361,0.009855836069314656
2025-07-28,-0.001324560221148651,0.45324474600825654,-0.001324560221148651,0.45324474600825654,-0.0011061946902655162,-0.001324560221148651
2025-07-29,2.4176516505154775e-05,0.45324474600825654,2.4176516505154775e-05,0.45324474600825654,0.001107419712070845,2.4176516505154775e-05
2025-07-30,0.004043578820805475,0.27830227900221266,0.004043578820805475,0.27830227900221266,0.00884955752212413,0.004043578820805475
2025-07-31,-0.004921587489639756,-0.09386031921040802,-0.004921587489639756,0.0,-0.010964912280701844,-0.004921587489639756
2025-08-01,-0.0015568997348865629,-0.09386031921040802,-0.001509969575281359,0.0,-0.005543237250554167,-0.0015568997348865629
2025-08-04,0.00031391411107160893,0.7099815003377987,0.0,0.7099815003377987,-0.0033444816053512794,0.00031391411107160893
2025-08-05,-0.0019417620899597565,0.5084988673712059,-0.00035499075016889934,0.5084988673712059,0.0164056674123787,-0.0019417620899597565
2025-08-06,0.0038088581819163965,0.837678471994783,0.0038088581819163965,0.837678471994783,0.005502567865003805,0.0038088581819163965
2025-08-07,0.005996452728721819,0.3379570423970245,0.005996452728721819,0.3379570423970245,0.012039401678219486,0.005996452728721819
2025-08-08,-0.0017532925294612657,0.15602576453798608,-0.0017532925294612657,0.15602576453798608,-0.0018024513338138481,-0.0017532925294612657
2025-08-11,-0.0005791664946853638,0.9111270911804993,-0.0005791664946853638,0.9111270911804993,-0.0014445648248463394,-0.0005791664946853638
2025-08-12,0.0019069236108130887,0.5084988673712059,0.0019069236108130887,0.5084988673712059,0.014104882459312629,0.0019069236108130887
2025-08-13,0.0037005913543731546,0.9776492756785788,0.0037005913543731546,0.9776492756785788,0.004279600570613384,0.0037005913543731546
2025-08-14,0.007203131378498983,0.9776492756785788,0.007203131378498983,0.9776492756785788,0.014559659090909394,0.007203131378498983
2025-08-15,-0.01608158251562209,0.9776492756785788,-0.01608158251562209,0.9776492756785788,-0.016450822541127286,-0.01608158251562209
2025-08-18,0.02644175976924253,0.9776492756785788,0.02644175976924253,0.9776492756785788,0.027046263345195554,0.02644175976924253
2025-08-19,0.011518584559172916,0.9111270911804993,0.011518584559172916,0.9111270911804993,0.011781011781011763,0.011518584559172916
2025-08-20,-0.0023742801941744095,0.9111270911804993,-0.0023742801941744095,0.9111270911804993,-0.002397260273972468,-0.0023742801941744095
2025-08-21,0.015663664753955923,0.8755348612810272,0.015663664753955923,0.8755348612810272,0.017164435290079272,0.015663664753955923
2025-08-22,-0.011087851897095765,0.8755348612810272,-0.011087851897095765,0.8755348612810272,-0.012149848126898677,-0.011087851897095765
2025-08-25,0.02034040675336863,0.9447450738962128,0.02034040675336863,0.9447450738962128,0.023231978134608866,0.02034040675336863
2025-08-26,0.004646413006141293,0.7099815003377987,0.004646413006141293,0.7099815003377987,0.005342237061769728,0.004646413006141293
2025-08-27,0.0027103352105852835,0.9111270911804993,0.0027103352105852835,0.9111270911804993,0.0029890401859846705,0.0027103352105852835
2025-08-28,-0.016258729962982665,0.9447450738962128,-0.016258729962982665,0.9447450738962128,-0.02284768211920518,-0.016258729962982665
2025-08-29,0.015751570955653715,0.45324474600825654,0.015751570955653715,0.45324474600825654,0.017282277194171414,0.015751570955653715
2025-09-01,0.0038552764464997503,0.39633697601347395,0.0038552764464997503,0.39633697601347395,0.004330446369086971,0.0038552764464997503
2025-09-02,0.0020450461092330146,0.39633697601347395,0.0020450461092330146,0.39633697601347395,0.004311774461028595,0.0020450461092330146
2025-09-03,-0.008769675493032645,0.613408237932644,-0.008769675493032645,0.613408237932644,-0.02212681638044922,-0.008769675493032645
2025-09-04,-0.006801155962156379,0.7974687911932673,-0.006801155962156379,0.7974687911932673,-0.016886187098953065,-0.006801155962156379
2025-09-05,-0.013999602830238786,0.9776492756785788,-0.013999602830238786,0.9776492756785788,-0.022672621092407974,-0.013999602830238786
2025-09-08,0.023191321161918833,0.7548933452725749,0.023191321161918833,0.7548933452725749,0.029173989455184124,0.023191321161918833
2025-09-09,0.0052316325947618664,0.3379570423970245,0.0052316325947618664,0.3379570423970245,0.005464480874317168,0.0052316325947618664
2025-09-10,-0.0076348576839198505,-0.09386031921040802,-0.0076348576839198505,0.0,-0.009850543478260865,-0.0076348576839198505
2025-09-11,-0.0007759046788176428,0.21758407049081485,-0.0007289745192124388,0.21758407049081485,-0.0017152658662092923,-0.0007759046788176428
2025-09-12,-0.0029610222770519645,-0.15602576453798608,-1.9570050948457493e-05,0.0,0.030927835051546504,-0.0029610222770519645
2025-09-15,-8.325357230141089e-05,-0.45324474600825654,-5.240690032417826e-06,0.0,0.00033333333333285253,-8.325357230141089e-05
2025-09-16,5.935554030513516e-05,-0.39633697601347395,0.0,0.0,-0.0013328890369874724,5.935554030513516e-05
2025-09-17,-0.0035139803815066885,-0.39633697601347395,9.913062442379328e-05,0.0,0.00800800800800805,-0.0035139803815066885
2025-09-18,-0.004639355677311155,-0.33795704239702445,0.00024780199629304,0.0,0.012578616352201255,-0.004639355677311155
2025-09-19,0.005856549029779342,-0.6627920691587282,3.963849690813426e-05,0.0,-0.014710689767898244,0.005856549029779342
2025-09-22,0.000622486035650007,-0.8755348612810272,0.0,0.0,-0.002322495023224791,0.000622486035650007
2025-09-23,-0.004741322482687512,-0.8755348612810272,0.00012882511495160287,0.0,0.007316262055204303,-0.004741322482687512
2025-09-24,0.01531969219144726,-0.5084988673712059,0.0,0.0,-0.017497523935291914,0.01531969219144726
2025-09-25,-0.020721655643834606,-0.9776492756785788,2.9730345764145127e-05,0.0,0.02352150537634401,-0.020721655643834606
2025-09-26,0.0033284566471635515,-0.9447450738962128,0.00014864730948338511,0.0,-0.006565988181221338,0.0033284566471635515
2025-09-29,0.011027156931788237,-0.9111270911804993,2.972504334874948e-05,0.0,-0.011235955056179803,0.011027156931788237
2025-09-30,-0.015118449040919399,-0.9776492756785788,0.0005152187698160837,0.0,0.017045454545454808,-0.015118449040919399
2025-10-09,-0.00931519991137325,-0.9111270911804993,0.0,0.0,0.010187315149523313,-0.00931519991137325
2025-10-10,-0.0014713114636182329,-0.7974687911932674,0.00023774616634320012,0.0,0.0019518542615486467,-0.0014713114636182329
2025-10-13,0.03839983378944318,-0.5084988673712059,0.0,0.0,-0.04220779220779236,0.03839983378944318
2025-10-14,-0.027792486520567587,-0.45324474600825654,0.00010894432944752452,0.0,0.03491525423728836,-0.027792486520567587
2025-10-15,0.012464156448273877,-0.15602576453798608,0.0,0.0,-0.02456600065509351,0.012464156448273877
2025-10-16,-0.005078662703023122,-0.5084988673712059,0.0001683601719255634,0.0,0.011417058428475624,-0.005078662703023122
2025-10-17,0.0012152238994309573,-0.15602576453798608,0.00021784119376966338,0.0,-0.007304116865869736,0.0012152238994309573
2025-10-20,0.01134682736692176,-0.27830227900221255,0.0001979943175631771,0.0,-0.022073578595317778,0.01134682736692176
2025-10-21,-0.0006481024877102168,-0.6627920691587282,0.0,0.0,0.003761969904241047,-0.0006481024877102168
2025-10-22,-0.0018104439029681865,-0.8376784719947828,6.930693069318039e-05,0.0,0.006132879045996242,-0.0018104439029681865
2025-10-23,0.0008103449044522817,-0.9776492756785788,0.0,0.0,-0.0013545546901456706,0.0008103449044522817
2025-10-24,-0.005871392089710531,-0.9111270911804993,8.910714639309703e-05,0.0,0.007121057985758128,-0.005871392089710531
2025-10-27,-0.01912540182940645,-0.6134082379326439,0.0,0.0,0.019528619528619506,-0.01912540182940645
2025-10-28,0.000490783300643019,-0.7974687911932674,1.9800607878428522e-05,0.0,-0.0006605019815061342,0.000490783300643019
2025-10-29,-0.0010576743814879348,-0.5084988673712059,2.970032373350584e-05,0.0,0.0016523463317912324,-0.0010576743814879348
2025-10-30,-0.007521566987501069,-0.9776492756785788,0.0002870946026214405,0.0,0.00989772352358953,-0.007521566987501069
2025-10-31,0.004582957351796972,-0.9776492756785788,0.0,0.0,-0.00947402809539366,0.004582957351796972
2025-11-03,-0.0009281797842734086,-0.9776492756785788,1.979688397057977e-05,0.0,0.0009894459102903763,-0.0009281797842734086
2025-11-04,-0.0013169959499733036,-0.9111270911804993,0.00014847369046222525,0.0,0.0016474464579900872,-0.0013169959499733036
2025-11-05,0.020003500374659314,-0.7099815003377987,4.948388309911067e-05,0.0,-0.020394736842105465,0.020003500374659314
2025-11-06,-0.013717139052478304,-0.8755348612810272,7.917029530513098e-05,0.0,0.01511081262592362,-0.013717139052478304
2025-11-07,-0.005685572204410178,-0.9447450738962128,1.97910069665852e-05,0.0,0.007939133311280155,-0.005685572204410178
2025-11-10,-0.0063561564512972435,-0.9776492756785788,0.0,0.0,0.00722021660649852,-0.0063561564512972435
2025-11-11,0.0004068526832464228,-0.9776492756785788,5.937537109623747e-05,0.0,-0.0003258390355166396,0.0004068526832464228
2025-11-12,0.007348752414296153,-0.9776492756785788,9.895307644836038e-06,0.0,-0.007496740547588088,0.007348752414296153
2025-11-13,0.006237259407038223,-0.7099815003377987,6.926646810279102e-05,0.0,-0.006239737274220114,0.006237259407038223
2025-11-14,-0.008680964847092324,-0.754893345272575,8.905071933185127e-05,0.0,0.008922670191672255,-0.008680964847092324
2025-11-17,0.004163481518109245,-0.8755348612810272,0.0,0.0,-0.005895840157222443,0.004163481518109245
2025-11-18,4.385400574966225e-05,-0.7974687911932674,5.936244731596929e-05,0.0,0.0,4.385400574966225e-05
2025-11-19,0.006688767048340514,-0.5084988673712059,4.9465769687229155e-05,0.0,-0.00757825370675469,0.006688767048340514
2025-11-20,0.001270205654898348,-0.6134082379326439,0.00019785329178412248,0.0,-0.0013280212483398612,0.001270205654898348
2025-11-21,0.010766670152404527,0.9111270911804993,0.0,0.9111270911804993,-0.021276595744680882,0.010766670152404527
2025-11-24,0.014656281794348209,0.9776492756785788,-0.00045556354559024966,0.9776492756785788,-0.025135869565217406,0.014656281794348209
2025-11-25,0.011718251129562412,0.9447450738962128,0.011718251129562412,0.9447450738962128,0.012891986062717686,0.011718251129562412
2025-11-26,0.00940085358930704,0.7974687911932673,0.00940085358930704,0.7974687911932673,0.0096319229446169,0.00940085358930704
2025-11-27,-0.0007174167266304233,0.5084988673712059,-0.0007174167266304233,0.5084988673712059,-0.0006814310051111994,-0.0007174167266304233
2025-11-28,0.0004153308110924712,0.45324474600825654,0.0004153308110924712,0.45324474600825654,0.0006818956699630174,0.0004153308110924712
2025-12-01,0.007090346856265422,-0.031327727361609055,0.007090346856265422,0.0,0.01396933560476965,0.007090346856265422
2025-12-02,0.0013780423651012339,-0.031327727361609055,0.0013937062287820382,0.0,0.0033602150537634934,0.0013780423651012339
2025-12-03,0.00034298668611158745,-0.031327727361609055,0.00010876551144511915,0.0,-0.007367716008037761,0.00034298668611158745
2025-12-04,0.0002959434433620212,0.09386031921040802,0.0,0.09386031921040802,-0.009446693657219729,0.0002959434433620212
2025-12-05,-2.085793405152049e-05,0.5619352095006791,-2.7154025444050476e-05,0.5619352095006791,-0.0006811989100817817,-2.085793405152049e-05
2025-12-08,0.0013974813959355742,0.5084988673712059,0.0013974813959355742,0.5084988673712059,0.017382413087934534,0.0013974813959355742
2025-12-09,0.0030026561378725786,0.5084988673712059,0.0030026561378725786,0.5084988673712059,0.005360134003350003,0.0030026561378725786
2025-12-10,-0.003195120907280125,0.39633697601347395,-0.003195120907280125,0.39633697601347395,-0.0063312229256911046,-0.003195120907280125
2025-12-11,0.0037488744247982176,0.39633697601347395,0.0037488744247982176,0.39633697601347395,0.007377598926894491,0.0037488744247982176
2025-12-12,-0.0046177743543514066,0.15602576453798608,-0.0046177743543514066,0.15602576453798608,-0.011651131824234384,-0.0046177743543514066
2025-12-15,0.0011111112254964417,-0.21758407049081485,0.0011111112254964417,0.0,0.0030313236780059594,0.0011111112254964417
2025-12-16,-0.0008642287665938152,0.837678471994783,-0.0007554367313484078,0.837678471994783,-0.005036937541974096,-0.0008642287665938152
2025-12-17,0.0034377888457009015,0.8755348612810272,-0.0004188392359973915,0.8755348612810272,-0.018224772190347904,0.0034377888457009015
2025-12-18,0.007482498962471009,0.7974687911932673,0.007482498962471009,0.7974687911932673,0.008937779305603577,0.007482498962471009
2025-12-19,0.007423595695684576,0.45324474600825654,0.007423595695684576,0.45324474600825654,0.00851788756388383,0.007423595695684576
2025-12-22,0.006832681413564633,0.5619352095006791,0.006832681413564633,0.5619352095006791,0.00878378378378386,0.006832681413564633
2025-12-23,0.001951349855518557,0.15602576453798608,0.001951349855518557,0.15602576453798608,0.004353650368385642,0.001951349855518557
2025-12-24,-0.0013228701595947572,0.7548933452725749,-0.0013228701595947572,0.7548933452725749,-0.002000666888962832,-0.0013228701595947572
2025-12-25,0.0023675492657653594,0.7099815003377987,0.0023675492657653594,0.7099815003377987,0.017039759438690183,0.0023675492657653594
2025-12-26,0.006199193630920803,0.6627920691587285,0.006199193630920803,0.6627920691587285,0.00821287779237867,0.006199193630920803
2025-12-29,0.0030067505284442873,0.39633697601347395,0.0030067505284442873,0.39633697601347395,0.0042359074617137615,0.0030067505284442873
2025-12-30,-0.003143963746514936,0.031327727361609194,-0.003143963746514936,0.031327727361609194,-0.004542504866969499,-0.003143963746514936
2025-12-31,0.0025013013547766365,-0.754893345272575,0.0025013013547766365,0.0,0.006192959582790092,0.0025013013547766365
2026-01-05,-0.00036266570894915906,0.7974687911932673,1.4780963687128436e-05,0.7974687911932673,0.0009718172983477213,-0.00036266570894915906
2026-01-06,-0.017144418651812873,0.9111270911804993,-0.00039873439559663367,0.9111270911804993,0.021682847896439927,-0.017144418651812873
2026-01-07,0.00957448777996051,0.8755348612810272,0.00957448777996051,0.8755348612810272,0.01203674374406094,0.00957448777996051
2026-01-08,0.0002709293262035338,0.837678471994783,0.0002709293262035338,0.837678471994783,0.00031298904538368255,0.0002709293262035338
2026-01-09,0.008206946978887533,0.9111270911804993,0.008206946978887533,0.9111270911804993,0.009386733416770765,0.008206946978887533
2026-01-12,0.025150756094466112,0.9776492756785788,0.025150756094466112,0.9776492756785788,0.03006819590824561,0.025150756094466112
2026-01-13,0.02328338537593311,0.9776492756785788,0.02328338537593311,0.9776492756785788,0.025579295817032666,0.02328338537593311
2026-01-14,-0.025530440505240764,0.9776492756785788,-0.025530440505240764,0.9776492756785788,-0.026115023474178378,-0.025530440505240764
2026-01-15,-0.00029031849284379786,0.8755348612810272,-0.00029031849284379786,0.8755348612810272,-0.00030129557095515125,-0.00029031849284379786
2026-01-16,0.014391489929651523,0.6627920691587285,0.014391489929651523,0.6627920691587285,0.01476793248945163,0.014391489929651523
2026-01-19,-0.013169554045203296,0.39633697601347395,-0.013169554045203296,0.39633697601347395,-0.014920231308698462,-0.013169554045203296
2026-01-20,0.006340931859129068,0.031327727361609194,0.006340931859129068,0.031327727361609194,0.009768009768009511,0.006340931859129068
2026-01-21,-0.006173087695871713,-0.45324474600825654,-0.006173087695871713,0.0,-0.015114873035066312,-0.006173087695871713
2026-01-22,0.0003735393407520222,-0.9111270911804993,0.0006001617137561505,0.0,0.017495395948434522,0.0003735393407520222
2026-01-23,-0.003970157356737144,0.613408237932644,5.9931677887314905e-05,0.613408237932644,0.008446455505279005,-0.003970157356737144
2026-01-26,-0.01779915666185131,0.7974687911932673,-0.0002367880182871316,0.7974687911932673,0.01884534848938091,-0.01779915666185131
2026-01-27,-0.01357995299367904,0.5619352095006791,-0.01357995299367904,0.5619352095006791,-0.022019964768056455,-0.01357995299367904
2026-01-28,0.005628030563893569,0.15602576453798608,0.005628030563893569,0.15602576453798608,0.007205043530471356,0.005628030563893569
2026-01-29,0.00013202900896455564,0.031327727361609194,0.00013202900896455564,0.031327727361609194,0.0005961251862889316,0.00013202900896455564
2026-01-30,-0.0016681166130046692,0.15602576453798608,-0.0016681166130046692,0.15602576453798608,-0.010723860589812118,-0.0016681166130046692
2026-02-02,-0.0003025675400206781,0.837678471994783,-0.0003025675400206781,0.837678471994783,-0.01415236374585993,-0.0003025675400206781
2026-02-03,-0.0031525307238386892,0.9111270911804993,-0.0031525307238386892,0.9111270911804993,-0.01802076970067179,-0.0031525307238386892
2026-02-04,0.016912199276137747,0.7548933452725749,0.016912199276137747,0.7548933452725749,0.02021772939346822,0.016912199276137747
2026-02-05,-0.005897354575148226,0.7099815003377987,-0.005897354575148226,0.7099815003377987,-0.006402439024390305,-0.005897354575148226
2026-02-06,-0.0160027155956547,0.45324474600825654,-0.0160027155956547,0.45324474600825654,-0.021172138692850506,-0.0160027155956547
2026-02-09,0.015896292445506537,0.15602576453798608,0.015896292445506537,0.15602576453798608,0.022570532915360486,0.015896292445506537
2026-02-10,0.0051641251330031435,-0.33795704239702445,0.0051641251330031435,0.0,0.011649294911097563,0.0051641251330031435
2026-02-11,-0.000399136521006694,-0.561935209500679,-0.00023015799980818184,0.0,-0.0015151515151514694,-0.000399136521006694
2026-02-12,-0.0005804721559946285,-0.7099815003377987,0.00010980674013749692,0.0,0.0018209408194236332,-0.0005804721559946285
2026-02-13,-0.0027939510144266862,-0.9111270911804993,0.000329384051823034,0.0,0.005755831566191638,-0.0027939510144266862
2026-02-24,-0.0003144226449209106,-0.9447450738962128,0.0,0.0,0.00030120481927742304,-0.0003144226449209106
2026-02-25,-0.0019372816316055748,-0.7974687911932674,0.0,0.0,0.002107798855766063,-0.0019372816316055748
2026-02-26,-0.01424811719024287,-0.7974687911932674,9.979342760590981e-06,0.0,0.015024038461538547,-0.01424811719024287
2026-02-27,-0.0010727617452073843,-0.7099815003377987,5.987545904528879e-05,0.0,0.001480165778567244,-0.0010727617452073843
2026-03-02,-0.002875039407231243,-0.8755348612810272,0.0001297223940768255,0.0,0.0038427431274019597,-0.002875039407231243
2026-03-03,0.00022432287360146683,0.031327727361609194,0.0001795923254213072,0.031327727361609194,0.0,0.00022432287360146683
2026-03-04,0.04139132359750183,0.6627920691587285,0.0001638962141285885,0.6627920691587285,-0.04740871613663156,0.04139132359750183
2026-03-05,0.0001684676337631077,0.5619352095006791,0.0001684676337631077,0.5619352095006791,0.015455950540958607,0.0001684676337631077
2026-03-06,-0.008120955908169853,0.5084988673712059,-0.008120955908169853,0.5084988673712059,-0.012176560121765823,-0.008120955908169853
2026-03-09,0.0008478696668381621,0.031327727361609194,0.0008478696668381621,0.031327727361609194,0.0015408320493066618,0.0008478696668381621
2026-03-10,0.009153988826596323,-0.6134082379326439,0.009153988826596323,0.0,0.01846153846153875,0.009153988826596323
2026-03-11,8.599720760233618e-05,-0.8755348612810272,0.00039270132656865815,0.0,0.010876132930513371,8.599720760233618e-05
2026-03-12,0.002483778451804554,-0.9111270911804993,2.9924291542249293e-05,0.0,-0.004184100418410108,0.002483778451804554
2026-03-13,0.0033224652355878103,-0.9447450738962128,9.974465368656205e-05,0.0,-0.0036014405762306856,0.0033224652355878103
2026-03-16,0.009862882358792036,-0.9776492756785788,0.0,0.0,-0.010843373493975794,0.009862882358792036
2026-03-17,0.00012257982159275373,-0.7974687911932674,0.00021941854086682255,0.0,0.0003045066991478329,0.00012257982159275373
2026-03-18,0.020445008698951335,-0.39633697601347395,0.0,0.0,-0.02100456621004576,0.020445008698951335
2026-03-19,0.005221888845554402,-0.21758407049081485,0.00011966971159593776,0.0,-0.006529850746268884,0.005221888845554402
2026-03-20,0.002391606182690724,-0.15602576453798608,0.0,0.0,-0.0062597809076681,0.002391606182690724
2026-03-23,0.007164914516798586,0.8755348612810272,0.0,0.8755348612810272,-0.03307086614173238,0.007164914516798586
2026-03-24,0.0029862773372944405,0.9447450738962128,-0.0003978787201425319,0.9447450738962128,-0.022149837133550454,0.0029862773372944405
2026-03-25,0.0174669083764372,0.8755348612810272,0.0174669083764372,0.8755348612810272,0.01998667554963318,0.0174669083764372
2026-03-26,0.007377483085210439,0.7974687911932673,0.007377483085210439,0.7974687911932673,0.007838014369693225,0.007377483085210439
2026-03-27,-0.019898864625993804,0.837678471994783,-0.019898864625993804,0.837678471994783,-0.02268308489954618,-0.019898864625993804
2026-03-30,0.01399376980589985,0.15602576453798608,0.01399376980589985,0.15602576453798608,0.017572944297082005,0.01399376980589985
2026-03-31,0.009511208876112991,0.09386031921040802,0.009511208876112991,0.09386031921040802,0.011730205278592365,0.009511208876112991
2026-04-01,-0.00023208209726984614,-0.27830227900221255,-0.00023208209726984614,0.0,-0.0012882447665053531,-0.00023208209726984614
2026-04-02,-0.0003835284452264889,-0.45324474600825654,-0.00024437730572538256,0.0,-0.0035472428248953802,-0.0003835284452264889
2026-04-03,0.0025837542074463172,-0.561935209500679,0.0003986962632194224,0.0,-0.007766990291262044,0.0025837542074463172
2026-04-07,0.005858828232158033,-0.754893345272575,0.0,0.0,-0.01304631441617754,0.005858828232158033
2026-04-08,-0.017552496811793473,0.7099815003377987,0.0,0.7099815003377987,0.031064111037673703,-0.017552496811793473
2026-04-09,-0.009232840242723762,0.39633697601347395,-0.00023537948677501762,0.39633697601347395,0.011538461538461497,-0.009232840242723762
2026-04-10,0.006612284424590901,0.5619352095006791,0.006612284424590901,0.5619352095006791,0.009505703422053147,0.006612284424590901
2026-04-13,-0.00017110305726029544,0.27830227900221266,-0.00017110305726029544,0.27830227900221266,-0.0003138731952291307,-0.00017110305726029544
2026-04-14,0.009592488849323472,0.15602576453798608,0.009592488849323472,0.15602576453798608,0.017268445839874635,0.009592488849323472
2026-04-15,0.003639570947359684,-0.21758407049081485,0.003639570947359684,0.0,0.013271604938271286,0.003639570947359684
2026-04-16,-0.001612565787492923,0.031327727361609194,-0.0015037737522475155,0.031327727361609194,-0.009137983551629425,-0.001612565787492923
2026-04-17,-0.0024536833642082034,-0.561935209500679,0.00010391640956018881,0.0,0.011374116200430384,-0.0024536833642082034
2026-04-20,8.438233633175333e-05,-0.9111270911804993,0.00036534994108209284,0.0,0.011854103343464928,8.438233633175333e-05
2026-04-21,-0.001478307852112443,-0.9776492756785788,2.9891196046349933e-05,0.0,0.002403124061279849,-0.001478307852112443
2026-04-22,0.0027351995436764986,-0.8755348612810272,1.992686839269453e-05,0.0,-0.0029967036260114543,0.0027351995436764986
2026-04-23,-0.021756779302055003,-0.7099815003377987,1.992647132076364e-05,0.0,0.022242260294559557,-0.021756779302055003
2026-04-24,0.018658056261637142,-0.9111270911804993,0.00010959340845473342,0.0,-0.02117024404586887,0.018658056261637142
2026-04-27,0.0011790574244725299,-0.9776492756785788,0.0,0.0,-0.00180234304595972,0.0011790574244725299
2026-04-28,-0.0006654380903609197,-0.8755348612810272,9.962044610056786e-05,0.0,0.0009027986758953777,-0.0006654380903609197
2026-04-29,0.012550576938579925,-0.7974687911932674,0.000129493679712267,0.0,-0.012627781118460746,0.012550576938579925
2026-04-30,-0.013846517380425813,-0.9776492756785788,2.9879287677614386e-05,0.0,0.015834348355663774,-0.013846517380425813
2026-05-06,-0.011325411940708971,0.09386031921040802,0.0,0.09386031921040802,0.014088729016786594,-0.011325411940708971
2026-05-07,-0.019221546367876943,0.39633697601347395,2.8681572118583593e-06,0.39633697601347395,0.019213715637008688,-0.019221546367876943
2026-05-08,0.0006103745202830132,-0.031327727361609055,0.0006103745202830132,0.0,0.006960556844547439,0.0006103745202830132
2026-05-11,0.005866298768525984,-0.09386031921040802,0.005881962632206789,0.0,0.015264976958525578,0.005866298768525984
2026-05-12,-0.00025680754490935425,-0.39633697601347395,3.982992621476278e-05,0.0,0.00851063829787213,-0.00025680754490935425
2026-05-13,0.0010368669780593345,-0.15602576453798608,0.0,0.0,-0.012658227848101333,0.0010368669780593345
2026-05-14,-0.011328386668563463,0.15602576453798608,5.974250978302287e-05,0.15602576453798608,0.028490028490028463,-0.011328386668563463
2026-05-15,0.0036816699044560958,-0.21758407049081485,0.00010120394021667967,0.0,-0.023268698060941895,0.0036816699044560958
2026-05-18,-0.002532058893836913,-0.39633697601347395,-0.002423266858591506,0.0,-0.015031196823595994,-0.002532058893836913
2026-05-19,-0.0016718396227159804,-0.39633697601347395,8.959681433529099e-05,0.0,0.00777425856608116,-0.0016718396227159804
2026-05-20,-0.0017026721803776671,-0.754893345272575,0.0001592689554943405,0.0,0.004857142857142893,-0.0017026721803776671
2026-05-21,-0.004378181526823215,0.39633697601347395,5.971634735013609e-05,0.39633697601347395,0.010804663065112408,-0.004378181526823215
2026-05-22,0.02257020048906465,0.5084988673712059,-0.00019816848800673697,0.5084988673712059,-0.030661040787623106,0.02257020048906465
2026-05-25,0.007419805136989662,0.3379570423970245,0.007419805136989662,0.3379570423970245,0.018862449216482835,0.007419805136989662
2026-05-26,0.0005038336731187479,0.15602576453798608,0.0005038336731187479,0.15602576453798608,0.0011392765593847276,0.0005038336731187479
2026-05-27,-0.00239849594263609,0.3379570423970245,-0.00239849594263609,0.3379570423970245,-0.006827880512091045,-0.00239849594263609
2026-05-28,-0.0025044263335875874,-0.33795704239702445,-0.0025044263335875874,0.0,-0.015468347178459019,-0.0025044263335875874
2026-05-29,0.003884115759078663,0.613408237932644,0.004053094280277175,0.613408237932644,0.012219959266802638,0.003884115759078663
2026-06-01,0.010307080138239869,0.6627920691587285,-0.000306704118966322,0.6627920691587285,-0.03190572003449288,0.010307080138239869
2026-06-02,-0.0018267386074330852,0.837678471994783,-0.0018267386074330852,0.837678471994783,-0.002969121140142472,-0.0018267386074330852
2026-06-03,0.002324705312406327,0.5084988673712059,0.002324705312406327,0.5084988673712059,0.003573555687909513,0.002324705312406327
2026-06-04,-0.005118209034161302,-0.39633697601347395,-0.005118209034161302,0.0,-0.0059347181008900796,-0.005118209034161302
2026-06-05,0.0020300231063715463,-0.6134082379326439,0.002228191594378283,0.0,0.004776119402984724,0.0020300231063715463
2026-06-08,0.008840249329534705,0.8755348612810272,0.0,0.8755348612810272,-0.02257872846108122,0.008840249329534705
2026-06-09,0.0005606523608882555,0.9776492756785788,-0.00043776743064051363,0.9776492756785788,-0.0021276595744682547,0.0005606523608882555
2026-06-10,0.0044863441106334535,0.9447450738962128,0.0044863441106334535,0.9447450738962128,0.005178190679256955,0.0044863441106334535
2026-06-11,-0.006236522436557375,0.9111270911804993,-0.006236522436557375,0.9111270911804993,-0.00636363636363646,-0.006236522436557375
2026-06-12,0.012372345683097176,0.7974687911932673,0.012372345683097176,0.7974687911932673,0.013113754193351923,0.012372345683097176
2026-06-15,0.005978893412217457,0.9776492756785788,0.005978893412217457,0.9776492756785788,0.0066225165562912025,0.005978893412217457
2026-06-16,0.024956092802183052,0.9447450738962128,0.024956092802183052,0.9447450738962128,0.03139952153110048,0.024956092802183052
2026-06-17,0.0073539204460641985,0.8755348612810272,0.0073539204460641985,0.8755348612810272,0.007538416932444392,0.0073539204460641985
2026-06-18,0.007038938150997536,0.7974687911932673,0.007038938150997536,0.7974687911932673,0.0074820143884890555,0.007038938150997536
2026-06-22,0.013475265132757513,0.837678471994783,0.013475265132757513,0.837678471994783,0.015424164524421746,0.013475265132757513
2026-06-23,0.0015763445791050395,0.7099815003377987,0.0015763445791050395,0.7099815003377987,0.001969057665260454,0.0015763445791050395
2026-06-24,-0.012998243758066904,0.5084988673712059,-0.012998243758066904,0.5084988673712059,-0.015440763615946151,-0.012998243758066904
2026-06-25,0.008404915636004765,-0.5084988673712059,0.008404915636004765,0.0,0.011976047904191489,0.008404915636004765
2026-06-26,-0.00028211710429251584,0.15602576453798608,-2.786767060691285e-05,0.15602576453798608,0.0002817695125385544,-0.00028211710429251584
2026-06-29,0.0105539106193163,-0.561935209500679,-7.801288226899305e-05,0.0,-0.021408450704225368,0.0105539106193163
2026-06-30,-0.0006397948209371691,0.09386031921040802,-0.00035882721618682954,0.09386031921040802,-0.002014968336211731,-0.0006397948209371691
2026-07-01,-0.014420177694989043,-0.09386031921040802,6.245835857811362e-05,0.0,0.02538217479088556,-0.014420177694989043
2026-07-02,0.0002705290748370083,0.5084988673712059,0.00031745923444221236,0.5084988673712059,0.0022503516174403604,0.0002705290748370083
2026-07-03,0.0022796917613130247,0.031327727361609194,3.4058200501698474e-05,0.031327727361609194,-0.02413696323323067,0.0022796917613130247
2026-07-06,0.002978836081466895,0.21758407049081485,0.002978836081466895,0.21758407049081485,0.006327293643946241,0.002978836081466895
2026-07-07,-0.000736594800509786,0.7974687911932673,-0.000736594800509786,0.7974687911932673,-0.025150042869391265,-0.000736594800509786
2026-07-08,-0.0029939869897528592,0.7974687911932673,-0.0029939869897528592,0.7974687911932673,-0.01260627381999424,-0.0029939869897528592
2026-07-09,-0.016100913836443603,0.8755348612810272,-0.016100913836443603,0.8755348612810272,-0.020190023752969077,-0.016100913836443603
2026-07-10,0.014252962856280083,0.613408237932644,0.014252962856280083,0.613408237932644,0.01787878787878805,0.014252962856280083
2026-07-13,-0.015509615504464041,0.9776492756785788,-0.015509615504464041,0.9776492756785788,-0.017564751414111512,-0.015509615504464041
2026-07-14,-0.026019619025732816,0.9776492756785788,-0.026019619025732816,0.9776492756785788,-0.042121212121212115,-0.026019619025732816
2026-07-15,0.01391803847560677,0.8755348612810272,0.01391803847560677,0.8755348612810272,0.014236001265422349,0.01391803847560677
2026-07-16,-0.02200677637230607,0.9111270911804993,-0.02200677637230607,0.9111270911804993,-0.022457891453524725,-0.02200677637230607
2026-07-17,-0.014792061075382338,0.9447450738962128,-0.014792061075382338,0.9447450738962128,-0.016911295469049015,-0.014792061075382338
2026-07-20,-0.040531061341805355,0.9111270911804993,-0.040531061341805355,0.9111270911804993,-0.04446608244076611,-0.040531061341805355
2026-07-21,-0.03852543972082306,0.9776492756785788,-0.03852543972082306,0.9776492756785788,-0.040760869565217406,-0.03852543972082306
2026-07-22,0.027403254581123127,0.7974687911932673,0.027403254581123127,0.7974687911932673,0.030099150141643216,0.027403254581123127
2026-07-23,-0.005803184656649884,0.5619352095006791,-0.005803184656649884,0.5619352095006791,-0.005843932622894621,-0.005803184656649884
2026-07-24,-0.001750130259777629,0.5084988673712059,-0.001750130259777629,0.5084988673712059,-0.0020746887966802685,-0.001750130259777629
