date,open,high,low,close,volume,amount
2005-01-04,162.32957181899224,162.32957181899224,160.16415211738845,161.3040525110995,49473755.0,259589539.0
2005-01-05,161.28596661291456,165.91139433971125,161.0733351072266,165.14917963962827,82266144.0,441803030.0
2005-01-06,165.37435721883193,165.37435721883193,163.13366107613402,163.8264650318315,73245401.0,386428399.0
2005-01-07,163.8346118328157,166.4727089275235,163.11459756183098,164.84888855535021,75824002.0,443201562.0
2005-01-10,164.8790317189918,166.7875013175535,164.2072465098336,166.7875013175535,59692764.0,334380575.0
2005-01-11,166.85234985338784,167.36119904286178,165.83497734647932,167.36119904286178,78262585.0,422969885.0
2005-01-12,167.29309178663374,167.29309178663374,165.34225882295414,166.99638529478872,76247710.0,414983403.0
2005-01-13,166.86799171127754,167.9032871803513,166.30390721113062,167.7097191889664,102111201.0,596290832.0
2005-01-14,167.65953489490363,168.57181366911578,164.80000774944494,164.8708849180076,86413352.0,489983019.0
2005-01-17,163.3161494181804,163.3161494181804,160.39161080086768,160.7626161176887,92119216.0,523647613.0
2005-01-18,160.60179826626035,164.31820593923857,160.60179826626035,164.25694199583728,99050423.0,501013308.0
2005-01-19,164.0943318481924,164.27551670208132,162.54872076546755,163.3368422926803,116230013.0,579483565.0
2005-01-20,162.92461416287912,162.92461416287912,160.07209326626685,161.21557825241095,110844545.0,574109085.0
2005-01-21,160.8882397888653,164.22712470423508,157.40874108850798,163.95436980728363,166007432.0,854971965.0
2005-01-24,167.50050933969177,167.6610013190808,165.5578231769964,167.50002053163274,177842299.0,956858403.0
2005-01-25,166.69918999488462,166.69918999488462,163.83021256028425,165.3963535814893,129020495.0,684957954.0
2005-01-26,165.25834677281674,165.40091579004047,163.68650299092272,164.05050205889734,120591910.0,644322041.0
2005-01-27,163.8955499041776,163.8955499041776,160.99968802632932,161.2111789798795,115175726.0,587830237.0
2005-01-28,161.2111789798795,161.2111789798795,156.4583352856897,156.90820163603794,107392800.0,533650469.0
2005-01-31,155.59477438136312,155.59477438136312,150.41047610704945,150.57992956752108,114388661.0,568290192.0
2005-02-01,149.46055911229024,151.4034082110053,147.4911514423666,147.5877725020394,110752514.0,553877868.0
2005-02-02,147.31501760508795,156.41743834474897,147.31501760508795,156.15657777723447,152885865.0,785164718.0
2005-02-03,155.88561517649956,156.78648842933382,152.5908859224642,152.64840233741273,138602679.0,693933906.0
2005-02-04,152.69549084710147,155.5889086846545,152.33866096399296,155.17896165912893,127717964.0,625729830.0
2005-02-16,156.30142789873375,158.94408720199274,156.17042733890761,157.45892538257073,125149870.0,607772540.0
2005-02-17,157.40206071170093,158.66839945668696,156.06028258960106,158.66839945668696,112747945.0,532734950.0
2005-02-18,158.5677049965221,158.73438854465908,157.03121833089955,157.0711376557222,107920254.0,523135989.0
2005-02-21,157.00156397531703,160.27771852310838,157.00156397531703,160.26517244959268,131163055.0,667415493.0
2005-02-22,160.32252592852154,165.60409700658673,160.12651389684137,165.48727188047312,227720595.0,1264275078.0
2005-02-23,165.66813086232264,169.27602314619116,164.63609411364257,168.29580005177067,261375515.0,1538436291.0
2005-02-24,168.10989005331092,169.09174250792825,166.73177719882148,168.69548210805613,233797098.0,1364538388.0
2005-02-25,168.56317806007254,170.59222031320058,168.20194890443253,168.21726489028285,225667912.0,1328017351.0
2005-02-28,168.1796266697358,168.55112079461588,166.49796401057458,167.72373168665925,173478562.0,1019363572.0
2005-03-01,167.5981080154827,168.07567348917723,166.03017469806107,167.9568931308274,147051711.0,820164592.0
2005-03-02,168.06883017635047,169.18461603914827,165.18958777250998,165.30299124221023,183192094.0,1033918085.0
2005-03-03,164.77067926590175,166.43034556240562,163.45953311550255,166.23514821082387,132787374.0,700373468.0
2005-03-04,166.2843548887685,166.55841327387742,164.53963598998948,164.78713580388987,110389762.0,609366074.0
2005-03-07,164.85996820468873,165.6342401702283,164.44578484265134,165.15097193584484,97226764.0,557313567.0
2005-03-08,165.25899851689547,168.97377682967686,165.25899851689547,168.96937755714538,159423267.0,1002768664.0
2005-03-09,169.37427356606074,170.10601923046278,168.55323896287177,169.80898686657835,188012566.0,1069727043.0
2005-03-10,169.89941635750313,169.99391924891998,164.30419344154575,164.8571982923541,173518674.0,1040762076.0
2005-03-11,164.5622840967256,165.88711687277828,163.90565193739803,165.77974203580635,140169222.0,823588167.0
2005-03-14,165.6604728693975,165.6604728693975,161.36254654216614,163.91151763410667,156111206.0,932085419.0
2005-03-15,163.8336342166976,164.16569782481412,161.50739666366545,161.87302509183692,132908379.0,785187317.0
2005-03-16,161.59147164982255,161.59538211429498,159.28657871536905,160.13954877841613,110523363.0,645896393.0
2005-03-17,159.82687455664203,160.39095905678894,157.63799206820374,157.6557520943493,112753400.0,627814450.0
2005-03-18,157.26177279875276,157.94773344162348,153.76158122389558,154.25234451518455,121774192.0,658828649.0
2005-03-21,154.0986958486223,155.13008085322363,153.02706564715893,154.9182640276341,88384941.0,502887285.0
2005-03-22,154.91907870773252,154.97659512268106,149.2054013054647,149.23945493357868,119644283.0,646892698.0
2005-03-23,149.0924866438235,152.10582539186413,148.16375133162322,149.24515769426765,118410723.0,675843060.0
2005-03-24,148.99977604862315,151.31591156843487,147.71437378933405,151.29261171762002,104609777.0,660406051.0
2005-03-25,151.32422130543878,151.32422130543878,149.70333378161976,150.42188162842734,105505666.0,600489694.0
2005-03-28,150.20859837866064,150.20859837866064,146.14464817569592,148.49239328332638,96109042.0,489989131.0
2005-03-29,148.38159678994109,149.76492359706043,147.41310508893787,147.42825813876848,88691379.0,451712056.0
2005-03-30,146.969756179377,146.969756179377,141.57380401549347,141.68639280509527,108493250.0,549417551.0
2005-03-31,141.47180606717112,143.53115441996044,140.19275831264972,143.53050267588168,92570595.0,441395017.0
2005-04-01,143.42606068726408,150.14374984282634,141.85144699303544,148.89924452447798,167043832.0,824177193.0
2005-04-04,147.38279898927658,148.1600038031705,145.0611236447956,146.0374362747437,128954253.0,643128136.0
2005-04-05,145.71205304343422,146.38986688532074,144.1433050459142,144.39324890010985,106239466.0,494005305.0
2005-04-06,144.39324890010985,147.1509410332659,142.4108063486115,146.45911469368653,129891875.0,676588388.0
2005-04-07,146.41463316031272,150.84323417533085,146.25919219753396,148.86763493665924,197375064.0,1024571087.0
2005-04-08,148.81582128239964,151.836003343267,148.25027035807557,151.75518707750362,167692387.0,853763902.0
2005-04-11,151.6145732925161,153.18413597013455,150.65080673608372,151.85131932911736,167275810.0,864273409.0
2005-04-12,151.68887211749214,151.68887211749214,147.58304735746856,147.59820040729917,127659447.0,656486793.0
2005-04-13,148.06924844020637,151.47558886772543,148.06924844020637,151.38564818485972,154753600.0,792163436.0
2005-04-14,151.82133910149543,152.00431625160087,149.0242164515758,149.30642163766893,169926094.0,917913232.0
2005-04-15,148.70763176532927,148.70763176532927,144.3624539923895,144.67610583028173,176085858.0,884247572.0
2005-04-18,143.77604725754588,143.77604725754588,140.47903689923493,141.4814192923325,108473729.0,511594300.0
2005-04-19,141.32271960916,142.02627734215665,139.58761393554235,141.30267847873884,96206904.0,454128724.0
2005-04-20,141.20915320344008,141.20915320344008,137.48085120102493,137.66985698385866,123749137.0,589274625.0
2005-04-21,137.44777518902902,137.972592108432,133.68558249451954,134.59378786823956,142526904.0,640097208.0
2005-04-22,134.19752746836744,134.70996125027443,130.50409377416472,131.43152559820751,144884548.0,634696733.0
2005-04-25,129.0625988080181,129.44663900641387,126.80397970315494,128.64417910946892,128351021.0,545752900.0
2005-04-26,127.8971174592166,132.18037954467636,127.16195013840124,131.4802434680931,137169023.0,569624547.0
2005-04-27,131.96171940626007,131.96171940626007,128.712775173756,128.75921193936603,123031867.0,552219497.0
2005-04-28,128.28995620267534,133.15652923860475,126.70393698706879,132.56930782366268,153063019.0,701338601.0
2005-04-29,132.44026249607273,132.67440155635902,130.51093708699145,130.72014693626605,137687062.0,576519501.0
2005-05-09,130.94646506760748,131.40920336351078,125.6006971977867,125.63703193017628,96444360.0,425784603.0
2005-05-10,125.09966893725759,125.98147867578881,121.65650496928988,125.98147867578881,117814643.0,505434743.0
2005-05-11,125.68982320055397,127.30158630727065,124.87481723009333,125.79931620578179,112079649.0,479967910.0
2005-05-12,125.81235108735655,126.80137272683997,124.03716315289657,125.30073198554797,124641757.0,534120692.0
2005-05-13,124.82935808060141,127.15624737771228,124.53851728546502,127.00716091970119,122149531.0,490752675.0
2005-05-16,126.8425955398201,126.8425955398201,125.55670447247195,126.52666259765232,93583931.0,367417173.0
2005-05-17,126.31435696400374,128.50438000457982,125.59532030913711,127.97646730080285,118018942.0,442305203.0
2005-05-18,127.94469477696441,129.49486806824044,127.18524998921608,129.46439903255947,122289779.0,451754590.0
2005-05-19,129.5677004690393,130.04021492612364,127.68318246537117,129.45103827894536,107499883.0,399518937.0
2005-05-20,129.48704713929558,129.91605767912424,128.32286927865158,128.37745284524578,122679316.0,455450467.0
2005-05-23,127.81939697782721,127.81939697782721,123.4602067071946,123.61613647803243,117987050.0,441954036.0
2005-05-24,123.2459458413098,127.45849369422658,122.75681191021766,126.72609628574584,111155337.0,410880546.0
2005-05-25,126.7917595016786,128.5192071823711,126.02710076130039,127.41450096891184,119065814.0,443233797.0
2005-05-26,127.33759516762088,127.81630119345321,125.56794705783015,125.9285244693914,110976803.0,431461974.0
2005-05-27,125.63491376192037,127.5960116948401,124.86829978930596,125.01657156721862,102173332.0,393685346.0
2005-05-30,124.63481247309842,126.70735864348215,124.07203146110898,126.50434036295557,83862570.0,326290531.0
2005-05-31,126.47745591970768,127.06060393415763,125.88632404029319,126.39631378190491,98183904.0,353959125.0
2005-06-01,126.36486713010585,126.36486713010585,123.16855123195978,123.91398352201526,108014858.0,381718954.0
2005-06-02,123.8297455998385,124.57208210551998,122.58067807293898,123.31372722549845,108631367.0,432562431.0
2005-06-03,123.16806242390072,124.19798100432492,121.7234716733801,123.32741385115195,102360550.0,374196635.0
2005-06-06,123.0359213119368,124.94048044602609,121.1709556306308,124.92711969241198,89590044.0,339938141.0
2005-06-07,125.01673450323831,127.2026841433223,124.42951308829626,125.11954713165908,141203528.0,550749531.0
2005-06-08,125.53503398185393,135.25791508447261,125.4742588465117,134.62327928780243,330347514.0,1344156946.0
2005-06-09,134.51737087500766,138.2253058749623,132.8546087941298,136.3499122883965,354247490.0,1527252983.0
2005-06-10,136.30184616258964,136.38852812506167,132.924182474535,133.606884397012,238904211.0,999372280.0
2005-06-13,133.91678870645148,135.02654593652096,132.05198596116514,134.5642964486767,186217662.0,761135562.0
2005-06-14,134.6864984634399,135.59388915706154,131.51608939242362,131.547373108203,166256224.0,656711120.0
2005-06-15,131.25995396948,131.25995396948,128.2057182804986,128.44116082894234,148663327.0,604650694.0
2005-06-16,128.3122784373721,129.94620084276582,126.8859365210561,129.92941843273834,140297132.0,646654999.0
2005-06-17,130.21292710698896,130.64112296671917,128.22885519529376,128.8090703613894,124984614.0,572136372.0
2005-06-20,128.7378673207874,132.50364460772994,126.70784745154121,132.48686219770244,163602542.0,771198235.0
2005-06-21,132.60922714848533,132.79253017063013,130.84935519987565,131.3301793939639,142590599.0,709413863.0
2005-06-22,131.10288364650438,132.13003231459393,130.21537114728423,131.98290108881903,141465734.0,685017017.0
2005-06-23,131.64252774369862,131.81915038903637,129.45951095196895,129.7053814056725,133188135.0,623194286.0
2005-06-24,129.3430116978947,130.35354089197645,128.70299901257494,130.29912026140192,139279344.0,587928511.0
2005-06-27,131.04178263912277,134.9411674622064,131.04178263912277,134.0769548138011,228413028.0,1095622308.0
2005-06-28,133.7665616963026,133.7665616963026,131.3031320146963,131.5942986818721,141353488.0,665625889.0
2005-06-29,131.86151375415426,132.42282834196655,131.01375764373708,131.17930063973628,132196484.0,732784502.0
2005-06-30,131.07534745917772,131.07534745917772,127.36855301136087,127.38761652566394,154257722.0,735475457.0
2005-07-01,127.00504275144529,127.00504275144529,120.9192194802186,121.08020026766667,187258287.0,702594686.0
2005-07-04,120.02910000468351,120.02910000468351,116.12466416498967,119.75015353898407,160278414.0,564432890.0
2005-07-05,119.35682598746628,120.38918860818573,117.6758150723838,118.83885238089003,118865959.0,450293423.0
2005-07-06,118.82630630737434,119.91553359896359,117.54465157653797,118.46442540765561,110524860.0,393261799.0
2005-07-07,118.44291785305727,120.08547586749427,117.95850906653598,119.27715027384068,107828211.0,389995711.0
2005-07-08,119.03730845286545,119.03730845286545,115.08154776697106,115.1525878715534,127768206.0,442762306.0
2005-07-11,115.5292959490634,118.32234519849092,113.01584490941404,113.21250868517293,126447200.0,449318654.0
2005-07-12,112.63473755937257,117.66180257469095,111.73761183499104,117.40599302378668,166375133.0,603814605.0
2005-07-13,117.13551923111079,117.27271135968493,115.46265511701253,116.00246215022648,141411919.0,511701172.0
2005-07-14,115.86201130125866,117.22708927417335,115.41882532771747,115.94250169498267,122852546.0,446974496.0
2005-07-15,116.03227944182869,116.73225258239225,112.21224446033128,112.50585516780232,129685737.0,444388210.0
2005-07-18,112.11464578454043,112.11464578454043,108.4943703631759,109.0089223133388,105700353.0,332422637.0
2005-07-19,108.80280824843821,110.45709765629248,108.08311984949285,110.31094404663568,92032561.0,284559898.0
2005-07-20,110.34059840221823,111.70323233483768,109.44966424658472,111.14224361906477,95053698.0,311396313.0
2005-07-21,111.28106510783577,111.32342847295367,108.84566042161518,110.63665314998453,111150175.0,365433595.0
2005-07-22,110.58874996019736,114.24128671345935,110.39811481716676,113.12550085066155,210200059.0,701950159.0
2005-07-25,113.083463357583,113.083463357583,111.85867329761645,112.81494479714335,137634529.0,459486461.0
2005-07-26,112.67042054768342,115.5374427500476,112.59644759474676,115.5374427500476,202592080.0,675867839.0
2005-07-27,115.46770613362274,117.97301037228787,114.5034507691313,117.97301037228787,212508958.0,715209381.0
2005-07-28,117.91858974171333,119.62208582751225,117.30220277924779,118.25994070295187,246503413.0,841662097.0
2005-07-29,118.09684174724791,118.46752119202961,116.91131926802527,117.78204935721794,177157130.0,570055299.0
2005-08-01,117.55703471403396,118.94166500931078,117.37047297149549,118.92732663957858,137269956.0,463927868.0
2005-08-02,118.99755206406249,121.22521332518565,118.22979753931027,121.22521332518565,203168197.0,665930188.0
2005-08-03,121.49552418184183,124.36906382499338,121.11637206403657,122.51045264845507,296600370.0,996171562.0
2005-08-04,122.3010798631608,122.3227503537788,121.24232160725249,121.80575436332066,222362064.0,738947348.0
2005-08-05,121.87532804372583,125.82261605659664,121.85740508156057,125.81121053521873,279478604.0,1067114199.0
2005-08-08,126.7577058735646,128.63424001226818,125.89333028913961,127.69719496306402,333786041.0,1302421551.0
2005-08-09,128.08058341738106,130.26001561667772,126.84846123652873,130.25284643181158,296272216.0,1117354503.0
2005-08-10,130.20152158561106,131.89198278983523,128.505846428757,131.890027557599,318334979.0,1231208833.0
2005-08-11,132.26201049053816,133.4695293324182,131.19657185782282,133.21991135026192,336464322.0,1328094918.0
2005-08-12,133.44378544130808,134.80316065353384,130.21309004300863,130.90980446317852,400838656.0,1640795580.0
2005-08-15,130.9443468993516,135.32439298050377,130.89725838966282,135.29294632870472,306116098.0,1369878619.0
2005-08-16,135.62696516905746,136.66372706230837,134.39940519675625,135.80472836653297,386960910.0,1586111071.0
2005-08-17,135.78289493989527,139.74321783434084,133.40973181319407,139.74321783434084,453542242.0,1824464821.0
2005-08-18,139.9740981742334,143.07884402931694,134.55859368798778,134.65423713154243,586256858.0,2289080939.0
2005-08-19,133.89511821583346,135.77360758677327,131.0463448476739,134.82369059201406,434230731.0,1649883795.0
2005-08-22,134.50629122566912,136.55016065658845,133.2314798076595,136.29842450617627,259321694.0,980388313.0
2005-08-23,136.04082265905546,136.04082265905546,131.69303790980075,133.47229924475283,258882506.0,975577025.0
2005-08-24,133.41950797437514,135.45213481993625,132.91685035364918,135.3996694215979,284141816.0,1104328980.0
2005-08-25,135.45995574888107,137.5070839001941,134.75199874335297,137.49910003522956,297115834.0,1098063720.0
2005-08-26,137.69576381098847,138.74637526591255,136.59464218996223,138.1736551567224,309615286.0,1131856548.0
2005-08-29,138.1920669269467,138.62857252368084,135.59307447696312,137.21722072117578,301369542.0,1042912896.0
2005-08-30,136.92051422933076,137.29005312197467,135.6479839155967,135.6479839155967,250118282.0,870606837.0
2005-08-31,135.40048410169632,138.64975420623978,134.21186583809967,138.61521177006674,272048330.0,1029056500.0
2005-09-01,138.53716541663795,141.9892908656883,137.9176826697984,141.8703475713188,365685691.0,1435124532.0
2005-09-02,142.17927426464016,143.814174286152,141.50178629479302,143.524148171114,386712349.0,1593195828.0
2005-09-05,143.83014201608106,145.2123282710626,142.99379142704174,145.20141155774374,308021839.0,1260970437.0
2005-09-06,145.59816076567492,146.40632342330883,140.58461943999035,140.9275997614257,392293659.0,1524541773.0
2005-09-07,140.79936911393418,145.59816076567492,139.9320606811549,145.59669434149777,356920720.0,1382778526.0
2005-09-08,146.01820982442092,146.62368007356764,143.63950687305046,146.2143847921208,408490421.0,1658707260.0
2005-09-09,146.22041342484908,146.96014295421563,143.77115917695536,144.68669667156118,291585787.0,1308567122.0
2005-09-12,144.82388880013534,145.69869228982012,144.00024722063142,145.6907084248556,205168909.0,851360325.0
2005-09-13,145.83621029043363,149.16743721287824,145.61266207142683,149.16743721287824,315464241.0,1293907714.0
2005-09-14,149.39212598402284,151.19696827406537,148.7770425097148,151.17448310334893,426834754.0,1763720812.0
2005-09-15,151.0195309486292,151.9782464884514,150.0932396767242,151.5226773774142,366461128.0,1487963721.0
2005-09-16,151.37994542417078,151.80977064409785,149.80353943372558,151.59746501044927,296694661.0,1199301927.0
2005-09-19,151.95071030112473,154.44737893074662,151.65986950598833,154.44737893074662,363300753.0,1444083872.0
2005-09-20,154.8977340891539,155.06686167758613,152.5605798228029,154.34668447058172,470888734.0,1937759487.0
2005-09-21,153.60532558101838,154.1420368298583,152.09230170223034,152.15161041339542,430650965.0,1678298826.0
2005-09-22,151.17937118393948,151.3696804549307,143.29163847102458,145.35147563187294,385855385.0,1573801694.0
2005-09-23,144.3510484710116,145.85201508434298,142.51475952917005,142.51475952917005,247035198.0,995592681.0
2005-09-26,142.39777146703673,144.11951638704028,141.47425010746636,144.08187816649323,188513672.0,773078352.0
2005-09-27,144.07780476600112,144.57964770662863,140.032103397241,140.0653423452566,241850975.0,990144084.0
2005-09-28,139.73197524898262,141.45306842490743,139.16365441232392,139.71111943846304,201254722.0,827741349.0
2005-09-29,139.40023751290548,142.85936921080224,139.40023751290548,142.82417503055046,237305477.0,985107807.0
2005-09-30,142.88120263743994,142.88120263743994,141.6293651982058,141.91026689614145,202548349.0,832712928.0
2005-10-10,141.79425645012626,141.79425645012626,139.65800229604596,139.97458698229246,180345586.0,770687319.0
2005-10-11,139.68016159472302,143.40536781276418,139.10206459688328,143.36414499978406,188693818.0,804656763.0
2005-10-12,143.4011314762524,145.60532995054103,142.62555602255534,144.94772017509538,204717142.0,902707861.0
2005-10-13,145.08426055959077,145.56361832950185,143.7428083095303,144.3738595137674,216194192.0,908068096.0
2005-10-14,144.08790679922154,144.15324414311493,142.26139401856102,142.77464248056643,185145416.0,808059555.0
2005-10-17,142.37153876786758,143.33139485982753,141.2068720991645,143.26475402777666,166948520.0,734293887.0
2005-10-18,143.2106592692415,146.2604956856914,143.2106592692415,146.2275826097152,247957481.0,1071856805.0
2005-10-19,146.272064143089,147.66972931994056,145.003118421788,145.2330211455625,278469222.0,1166554165.0
2005-10-20,145.20075981366503,145.26349018124347,142.44811869711918,145.1854438278147,227553522.0,960674093.0
2005-10-21,145.2289477450704,147.022384513735,144.69109594409267,146.25772577335678,226574080.0,969685846.0
2005-10-24,146.08501359249146,146.59679563031975,145.16621737749196,146.21145194376646,194604517.0,850824061.0
2005-10-25,146.02570488132642,146.02570488132642,142.81081427693636,142.83558055192833,204004384.0,828771098.0
2005-10-26,142.5771640247091,142.74629161314135,138.88601143478195,139.01424208227346,226751540.0,921658708.0
2005-10-27,138.3100326051981,139.05970123176536,135.45441592421182,136.43219497833704,210894305.0,838593315.0
2005-10-28,136.76328097033547,136.76328097033547,129.37380660561502,131.41718722847529,208081500.0,796798363.0
2005-10-31,130.8395790386946,132.8989273914839,130.28445601963034,132.377695064514,161259021.0,606313477.0
2005-11-01,132.1363868193616,132.1363868193616,128.55961531525278,131.05758743303215,172326544.0,656172119.0
2005-11-02,131.02548903715436,135.04626119490277,131.02548903715436,134.66824962923528,225145831.0,881710110.0
2005-11-03,134.59118089192464,135.3002784495905,132.60499081197352,133.436616256442,192594095.0,731399545.0
2005-11-04,133.3153918577969,134.78230484301426,131.79731696239867,134.70996125027443,167460237.0,673501573.0
2005-11-07,134.826297568329,136.52539438159644,134.12094753911586,136.48661560891156,159663654.0,646260852.0
2005-11-08,136.5239279574193,137.99247030283348,135.4329083696135,137.93576856798336,179577827.0,714815824.0
2005-11-09,138.0338560518333,138.75647729913297,137.30683553200214,137.31824105338004,216839415.0,963247190.0
2005-11-10,137.11391928469598,137.11391928469598,132.86373321123213,132.9572584865309,237513179.0,1010760099.0
2005-11-11,132.6776602767527,135.02361308816666,132.08049976460993,134.04306412170678,174733831.0,679645650.0
2005-11-14,133.71230400174775,134.82597169628963,133.1040638402664,134.82597169628963,138495516.0,551989715.0
2005-11-15,134.817010215207,135.85898606108782,132.88915123030287,133.7809000660348,153396210.0,624105408.0
2005-11-16,133.65543933087793,134.86849799742723,131.2236192370904,134.8438946584549,139152137.0,557275655.0
2005-11-17,134.7759503382466,135.724726780868,134.1514165747968,135.01611803126116,142782245.0,555353823.0
2005-11-18,134.78034961077805,138.6329717962123,134.7321205489515,138.29650891556432,266133372.0,1096849560.0
2005-11-21,138.7652758441959,139.5374296414796,138.28656981836357,139.38068519054335,193701052.0,786354021.0
2005-11-22,139.29204799583513,139.34141760979946,135.8208590324817,135.8210219685014,177517164.0,669794203.0
2005-11-23,135.5795507873293,137.17664965227442,134.97701338653692,137.07921391250323,139749273.0,561794125.0
2005-11-24,136.8838536249018,138.09919339572667,136.70886033976092,137.7584941785669,159936707.0,651312788.0
2005-11-25,137.8163364655548,138.10277798815974,137.04727845264512,138.0626957273174,145607139.0,568390703.0
2005-11-28,138.36380149169392,138.62906133173988,137.20614107183727,137.91377220532598,140601357.0,572539966.0
2005-11-29,138.02212465841603,138.04558744525056,136.0258325452445,136.101434858378,156806809.0,652126541.0
2005-11-30,136.13923601494474,136.74340277593396,135.17237367413838,136.74242515981587,181003456.0,823700429.0
2005-12-01,136.7908171576621,137.06243150247573,135.30940286669284,136.11446973995274,134858876.0,575177234.0
2005-12-02,135.90020887406794,136.00041452617376,133.45682032288283,133.88697141484926,137013877.0,563692023.0
2005-12-05,133.78350704234975,133.78350704234975,129.2934791479107,129.4236650276384,144180480.0,565021948.0
2005-12-06,129.0800329621243,130.349141619445,128.39358351119455,129.85788952009696,107077712.0,404399835.0
2005-12-07,129.85788952009696,131.2640273699721,129.60517575356667,131.2495260642202,108895250.0,408605807.0
2005-12-08,131.32447663327497,131.6231383573562,129.9826985111751,130.76283617342332,119864140.0,419812723.0
2005-12-09,130.78206262374607,133.29893531980878,130.2298724530361,133.1113959611522,135271180.0,523687388.0
2005-12-12,133.35482237456048,134.43036304049625,132.83424179166929,134.14913547052123,137817394.0,513184194.0
2005-12-13,134.15125363877712,134.15125363877712,132.34413024445902,134.020253078951,105400214.0,410254324.0
2005-12-14,134.020253078951,135.57792142713248,133.09331006296725,135.52969236530595,132113572.0,531022128.0
2005-12-15,135.50362260215644,136.18485810045632,134.22082731918232,134.35818238377612,128466967.0,512367992.0
2005-12-16,134.35410898328402,135.61018275902998,133.84607447390852,135.55641387253416,124078544.0,506375487.0
2005-12-19,135.7133212594901,136.1304374698818,135.0550597399657,135.89189913706403,120141423.0,478300888.0
2005-12-20,135.92709331731584,136.0527169884924,134.7125682265894,136.0527169884924,115147659.0,422193115.0
2005-12-21,136.0030215024887,136.02729896942165,134.0283998799352,134.15679346344638,111688001.0,421009608.0
2005-12-22,134.11475597036787,134.73326110108928,133.45747206696154,134.73326110108928,98093081.0,381504968.0
2005-12-23,134.74711066276245,136.00888719919735,134.5913438279443,136.00546554278398,131424644.0,501665076.0
2005-12-26,136.1542261287557,137.31677462920288,136.13597729455105,137.06275737451512,163385920.0,654746916.0
2005-12-27,137.05591406168838,137.41860964150553,136.2267326575152,137.17990837266808,140339848.0,556274214.0
2005-12-28,137.21021447232937,137.54700322501674,136.67741368796186,137.53005787896956,128332465.0,511611125.0
2005-12-29,137.9313692954519,138.9332628804904,137.8393104443303,138.88438207458512,187918531.0,780100566.0
2005-12-30,139.05970123176536,139.24121195769365,137.07676987220796,137.31204948463204,167536691.0,731327700.0
2006-01-04,137.50415105183976,139.07159556120232,137.3671218592853,138.90800779743932,164471379.0,683339727.0
2006-01-05,138.90800779743932,141.05338636862194,138.90800779743932,141.05338636862194,286048669.0,1137797521.0
2006-01-06,141.3075665593294,142.8214051182158,140.3697068300268,142.21349082877384,331289706.0,1337132480.0
2006-01-09,142.59997506746492,144.4970391446487,142.32086566574577,144.4681994691646,326381620.0,1318200133.0
2006-01-10,144.49019583182198,144.9131777389223,142.83672110406613,144.87488777429652,263976742.0,1007520003.0
2006-01-11,144.8295915608243,144.9503271514103,142.76486631938536,143.53180616403918,294471325.0,1155587612.0
2006-01-12,143.37440996902419,146.63557440300457,143.23167801578077,146.61129693607162,307694431.0,1214709953.0
2006-01-13,146.7773287401299,147.74142116860165,146.05112290039716,147.39371570259544,332958002.0,1283108447.0
2006-01-16,147.49701713907524,147.88936707447493,145.4637385494354,145.4689525020653,294991134.0,1183438230.0
2006-01-17,145.11163381089773,145.6708302304541,144.29076214372844,145.26365311726315,232998783.0,903378505.0
2006-01-18,145.08214239133488,148.0853791061551,145.08214239133488,148.0853791061551,298157980.0,1157770798.0
2006-01-19,148.31609651002802,148.99146631161926,146.95525487362508,148.97403215751302,331735497.0,1277793421.0
2006-01-20,149.0507750227843,149.0507750227843,147.337176903765,148.05360658231666,338925488.0,1342493811.0
2006-01-23,148.26574927994557,148.28187994589433,146.15996416154624,148.22745931531978,336926857.0,1275990359.0
2006-01-24,148.39153588714183,149.03382967673716,147.25994523043465,147.26858083947792,330586825.0,1260776291.0
2006-01-25,147.1014084832819,147.5618656749096,144.0624887801508,144.64123752206928,316023259.0,1188368863.0
2006-02-06,144.9170882033947,148.1870511824381,144.9170882033947,148.18591063030027,268501320.0,1033012919.0
2006-02-07,148.45556974287774,149.15717224363814,147.13057403080535,149.12784376009498,385400886.0,1444139219.0
2006-02-08,149.0563148474536,150.6677520821309,148.38290027809856,150.6677520821309,306734633.0,1140065497.0
2006-02-09,150.91362253583443,150.91362253583443,148.76058597172667,148.98820759122557,283946992.0,1125440609.0
2006-02-10,149.38495679915673,150.75182706828798,148.91195353401335,150.73015657766996,261096842.0,1043378820.0
2006-02-13,150.91785887234624,150.95582296493265,148.7737837893211,150.95582296493265,282718534.0,1073495366.0
2006-02-14,150.96315508581847,152.3414308763276,150.52958233743863,152.19674369084797,281025539.0,1015191740.0
2006-02-15,152.6588302426725,152.91757264193112,151.7418263238895,152.46998739585845,332118698.0,1267469064.0
2006-02-16,152.48644393384657,152.48644393384657,148.83635122087986,148.92287024733218,384375623.0,1403324275.0
2006-02-17,148.92287024733218,149.9213421759573,147.44634403695343,147.89849149157726,309900459.0,1139900287.0
2006-02-20,147.60488078410623,147.96301415537224,146.41218912001747,146.57577688378046,246792493.0,926634025.0
2006-02-21,146.35939784963978,149.65461591173417,144.49019583182198,149.63050138082093,286179310.0,1106930956.0
2006-02-22,149.75970964443053,151.1084940153768,149.29289794803515,149.82993506891444,323981347.0,1203931680.0
2006-02-23,149.65494178377355,150.0582084324921,148.03095847558058,150.04305538266146,271837820.0,1007929988.0
2006-02-24,150.02839114088985,150.9801004318656,149.63506358937207,150.9801004318656,259010759.0,1005181442.0
2006-02-27,150.99948981820805,151.36544411841888,150.12061292803116,150.9563117729917,280186907.0,1062209829.0
2006-02-28,150.70946370317006,151.46010994585544,148.4247748351574,151.42964091017447,287504267.0,1050307092.0
2006-03-01,151.41660602859974,152.62868707903093,151.04413428760154,152.62216963824358,268368005.0,1048790212.0
2006-03-02,152.68294477358577,152.68294477358577,148.87887752201743,149.56711926916375,317598056.0,1204141974.0
2006-03-03,149.2189249950985,149.8633369529497,147.38100669306007,149.57640662228573,261226912.0,969434049.0
2006-03-06,149.66308858475776,149.98146556722082,148.65923976748306,149.19399578408678,195892098.0,757044913.0
2006-03-07,149.13436120088235,149.14071570565002,144.6226628158253,144.85044737134385,243034193.0,882180130.0
2006-03-08,144.18110620248095,145.3560378404241,142.90792414466816,145.00800650237855,220433990.0,795905394.0
2006-03-09,144.93859575799306,145.42365628859307,143.6639472760031,144.04000360943436,168246979.0,614062216.0
2006-03-10,144.06509575646575,144.93615171769778,143.68284785428648,144.26583293271676,167876647.0,603187829.0
2006-03-13,144.14265330183545,145.4502148598016,143.92106031506486,145.4502148598016,156789589.0,558863284.0
2006-03-14,145.52516542885638,145.9606934094724,144.59610424461675,145.95727175305902,202589897.0,756443087.0
2006-03-15,145.69184897699338,147.08804772966778,145.4184423359632,147.08804772966778,189171089.0,719336112.0
2006-03-16,147.07273174381743,147.3205574297572,146.35565032118703,147.2832450812495,193720190.0,752225661.0
2006-03-17,147.1871128296358,147.39338983055606,145.75637164078833,146.54302674382393,204351237.0,767755973.0
2006-03-20,146.54416729596173,148.00928798496255,145.51815918000995,148.00407403233265,210651075.0,748310677.0
2006-03-21,148.075114136915,149.13305771272488,147.6619083909957,148.45752497511396,260623466.0,932898072.0
2006-03-22,148.3742646690553,149.95018185144144,148.09596994743458,149.95018185144144,281103796.0,1007205211.0
2006-03-23,150.0384931741103,151.94240056412085,149.90032342941805,151.72276280958644,344230826.0,1335703939.0
2006-03-24,151.90606583173124,151.90606583173124,149.9878200719885,150.1139325512241,290645827.0,1137868215.0
2006-03-27,150.2009403857355,151.69881121469288,149.35171785114116,151.69881121469288,257342889.0,994590713.0
2006-03-28,151.77131774345236,152.2368259516903,151.24666376006905,152.06883891539582,278059607.0,1035634139.0
2006-03-29,152.0720976357895,153.18120312178024,151.43860239125712,151.7006035109094,315169274.0,1197287425.0
2006-03-30,151.80911890001912,151.82981177451902,150.4101502350101,150.5447353872693,287947461.0,1078479259.0
2006-03-31,150.18757963212138,150.63092854168227,148.85101546265142,150.42074107628954,252156494.0,969776364.0
2006-04-03,150.57504148693056,152.56400147921627,150.57504148693056,152.56400147921627,332374063.0,1258324561.0
2006-04-04,152.8088943168017,154.35271310331007,152.01669938909686,154.34032996581405,388296015.0,1522517643.0
2006-04-05,154.4359734093687,155.61334908760713,153.8190976388441,155.60308411836704,379152032.0,1500975697.0
2006-04-06,155.85791605315322,156.510311875969,154.4762186062307,155.1677190737707,390024587.0,1541373842.0
2006-04-07,155.1209564361213,156.6569542936848,154.4869723835299,156.65271795717302,405138939.0,1573478784.0
2006-04-10,156.68188350469651,159.72161788792602,156.49108542564625,159.72161788792602,425502159.0,1660528683.0
2006-04-11,160.113804887306,160.45515584854454,158.02920145146564,160.02647118075527,443656213.0,1717931885.0
2006-04-12,160.00919996266873,161.49745756646473,159.0749248257992,160.7121059515866,422694942.0,1679947418.0
2006-04-13,160.86249589775517,161.79628222656564,156.4252592736938,156.4718589753235,467400255.0,1863866824.0
2006-04-14,156.02655483352643,159.2362314852866,154.95997564867326,159.20299253727103,357620872.0,1406159945.0
2006-04-17,159.63933519798547,161.45770117766176,159.10343862924393,161.01190822780563,430623252.0,1762532840.0
2006-04-18,161.13981300325779,161.39888127455575,159.9453290429525,160.71243182362596,341386266.0,1433121417.0
2006-04-19,161.17321488729306,161.17321488729306,158.30814791716506,160.16398918136875,385421394.0,1546479273.0
2006-04-20,160.28912404448627,160.28912404448627,157.05402937365534,158.17942846161452,403690669.0,1591726545.0
2006-04-21,157.86023679905304,158.99850783256727,156.3217949011943,158.461959519747,429799187.0,1789166824.0
2006-04-24,158.2778418175038,158.2778418175038,153.93787799719394,154.94091213437022,477336724.0,1988488819.0
2006-04-25,153.7508274465964,154.74897350318219,151.48031401229628,154.0595912038981,404730967.0,1668288234.0
2006-04-26,153.6670783324787,156.21556061636016,153.2540355225791,155.7994220220866,449472105.0,1863797808.0
2006-04-27,155.68781084860285,156.31104112389514,153.9641106963631,156.02622896148705,414818858.0,1694316013.0
2006-04-28,153.98985458747322,157.9467558255054,152.79308952289236,157.28067337703615,441729952.0,1786292152.0
2006-05-08,157.69387912295542,161.8278918143844,157.69387912295542,161.8278918143844,443595214.0,1818192267.0
2006-05-09,162.49299664673552,166.65454552549113,161.73452947510532,166.65454552549113,589255359.0,2458311502.0
2006-05-10,167.33007826310208,169.82479166048773,165.67122664669665,169.11569410282183,644903384.0,2643396974.0
2006-05-11,169.61900346762653,173.5159442504149,168.38688128677416,168.3906288152269,790710974.0,3355587432.0
2006-05-12,168.30573914897138,173.7277610760044,167.78141103762746,173.71749610676432,657231757.0,2830730597.0
2006-05-15,174.869453765932,180.70337795072686,173.047829065862,180.6799151638923,830774698.0,3690931068.0
2006-05-16,181.76506905498945,182.89128282304702,174.83751830607392,176.0916368495836,794940281.0,3757788575.0
2006-05-17,175.37243725869732,179.8114661789752,174.72949172502325,179.50433178187038,649564081.0,2996557534.0
2006-05-18,179.7927285367115,183.39459218785169,177.90462594061034,182.72883561142186,610307144.0,2876937920.0
2006-05-19,183.1773984736126,188.50459163718938,182.68842747854015,187.9695097485463,672861564.0,3166562417.0
2006-05-22,189.18680475160738,194.09704464081213,188.6233719955392,192.86720356423538,671450764.0,3225126606.0
2006-05-23,193.14598709391512,193.14598709391512,185.5474658159398,185.5546350008059,673391688.0,3022229393.0
2006-05-24,186.0295934981855,189.44554715086596,178.03741879665301,182.39660906728562,591269726.0,2570932864.0
2006-05-25,182.31171940103013,186.27627863198748,181.9128520248431,185.8042529829622,445751687.0,1870726911.0
2006-05-26,186.72907783069004,190.68027630803326,186.72907783069004,190.68027630803326,472373341.0,2178820345.0
2006-05-29,191.97447711238533,195.41715227229398,190.81323210009563,195.32965562972353,494692055.0,2298157418.0
2006-05-30,196.24959239686086,198.57550407785362,194.95050351191824,198.57550407785362,536373550.0,2626778659.0
2006-05-31,199.00793627409564,201.28236017286818,197.37857607725306,199.4377614940227,654085169.0,3065814013.0
2006-06-01,199.5589858926678,208.34889534657438,199.5257469446522,208.2715007372244,758738681.0,3667531062.0
2006-06-02,209.74118363477638,211.8319786393648,207.48761554652344,209.83291661385863,728334075.0,3616937577.0
2006-06-05,211.39905763506368,215.63800112316932,209.29310958064468,215.63800112316932,694788428.0,3362224431.0
2006-06-06,215.90342389923498,217.34491886538163,214.39512516501782,215.48630768884328,616050411.0,2963853231.0
2006-06-07,215.6529912369803,215.81006155995593,202.82243143092379,202.8421466893056,660800552.0,3202394225.0
2006-06-08,201.16032109412467,202.91872661855714,196.21570170476653,202.40254530819746,525864123.0,2620862593.0
2006-06-09,201.45165069732013,203.69642024051015,197.80220972843216,197.81834039438087,553880380.0,2560056952.0
2006-06-12,196.4519589333087,198.89111114798203,194.92508549284753,197.43935121259528,352344457.0,1590192100.0
2006-06-13,197.130913327333,199.95785326885488,195.5981741901632,198.7961194485061,362016339.0,1640679246.0
2006-06-14,198.38389131870494,198.51098141405865,195.3415499591605,198.49419900403117,345092722.0,1474811564.0
2006-06-15,198.5893536395268,201.73483349953136,198.5893536395268,200.04974918395678,324179121.0,1514168078.0
2006-06-16,201.77556750445243,204.62694784892693,201.62289645400827,204.45423566806164,410458625.0,1989105840.0
2006-06-19,202.7569311510107,207.65609139087695,201.71348888095272,206.74153151238923,436519043.0,2143708341.0
2006-06-20,206.55496976985071,209.4731538823958,205.51283098795022,209.41058645083703,450493638.0,2193897076.0
2006-06-21,209.45523092023052,210.66747490668138,207.2081802727649,208.30767253359429,495891095.0,2458332209.0
2006-06-22,207.76037044347487,209.13717980980687,206.19976924693907,208.700022468994,439257466.0,2131579124.0
2006-06-23,208.35459810726334,211.6960899989481,207.01705632167528,211.4507083533036,445667641.0,2121343932.0
2006-06-26,212.0322270075567,215.00646111087315,212.0322270075567,214.98609410841263,428742195.0,2104365869.0
2006-06-27,215.6498954526063,216.1888878057218,213.78558151537902,215.91743639692783,460773539.0,2217073806.0
2006-06-28,215.6899777134486,216.6702008078691,214.87823046338164,216.11703302104107,385948991.0,1934622509.0
2006-06-29,216.01943434525015,220.07491187519133,216.01943434525015,219.8187764522477,542863266.0,2726424333.0
2006-06-30,220.55296615694493,220.95541812556505,216.63239965130236,217.79006007115902,452307916.0,2336322980.0
2006-07-03,217.70842912529722,220.98914588163973,217.18084229355958,220.98914588163973,388397668.0,2055391043.0
2006-07-04,221.46654841931456,221.91494834548567,217.7473708340017,219.66463897762637,461039707.0,2376369431.0
2006-07-05,219.45673261650924,219.78097529568092,215.50781524344163,219.20222655376244,352534072.0,1899418661.0
2006-07-06,219.36988771801757,225.21472861613123,219.36988771801757,225.21472861613123,453256762.0,2414927667.0
2006-07-07,226.08888036173727,226.8108498649582,224.5838403479138,225.44593482806317,464703286.0,2404836962.0
2006-07-10,225.96325669056068,229.17945078310822,224.8857607923887,228.94026070621177,411027241.0,2309544566.0
2006-07-11,229.2721613783086,230.92954657053684,227.98985490339348,230.92954657053684,440909076.0,2489480788.0
2006-07-12,231.71620167357247,233.54499555850856,230.61312482031002,230.70616128754975,485304606.0,2715098684.0
2006-07-13,229.7749819350542,229.7749819350542,214.16310427298745,214.16310427298745,627386081.0,3248133501.0
2006-07-14,211.2685458832966,218.18257294257836,210.28620462062023,215.99369045414005,376337335.0,1941347775.0
2006-07-17,215.58309168453573,220.15230648454133,214.34722197523064,220.15230648454133,329906450.0,1675369358.0
2006-07-18,219.9896963368965,221.9652955755681,217.8544197989343,221.9652955755681,327586172.0,1606650803.0
2006-07-19,221.35330788563402,221.37872590470474,215.6723806233227,217.93116266420557,359257712.0,1748757951.0
2006-07-20,217.4162848420033,220.71948676906223,216.87875891306496,220.10261099853767,332745497.0,1525514849.0
2006-07-21,219.74464056329134,221.05155037717876,219.42854468510387,220.3905189453197,261058529.0,1213757885.0
2006-07-24,215.96827243506934,220.3018817506115,214.30599916225054,220.08615446054955,274481730.0,1250163110.0
2006-07-25,220.17919092778928,224.04110046634554,220.17919092778928,223.20474987730623,302869934.0,1462902371.0
2006-07-26,223.68655168751258,226.26990227960647,222.6959006878323,225.37114719502813,323921226.0,1522037374.0
2006-07-27,225.38483382068156,226.86396700737527,222.06273131533928,224.05967517258952,328884818.0,1692941734.0
2006-07-28,224.517688323922,225.16340376993068,218.99562368080282,222.66494284409228,363211728.0,1779953183.0
2006-07-31,221.61253909295166,221.61253909295166,213.37840440218807,213.390298731625,319595621.0,1580742310.0
2006-08-01,213.02238919917792,214.78796390847654,208.9419824582251,209.59242304880465,235790031.0,1097061108.0
2006-08-02,209.03746296576008,210.28164241206906,204.43012113714835,207.48500857020846,207794256.0,980995644.0
2006-08-03,207.52867542348386,208.8199433794816,204.94825767974427,206.85998599869967,158846786.0,732282861.0
2006-08-04,206.82169603407388,207.96013000360776,198.8373422614862,198.97681549433594,232531550.0,1054815030.0
2006-08-07,198.0244544592815,198.0244544592815,192.65799371496075,193.14338011760017,210067447.0,903400916.0
2006-08-08,192.3783955051826,199.90766897479213,192.3783955051826,199.90636548663466,237723605.0,1017410278.0
2006-08-09,200.12632911320839,202.3368820922647,198.56572791667256,201.07901602030222,241356256.0,1086405565.0
2006-08-10,201.0304610864363,204.31313307501503,200.7368503789653,204.31313307501503,207011742.0,945736680.0
2006-08-11,204.5018129858094,206.0133704404203,203.27637118176412,205.48627241674168,192662433.0,861732101.0
2006-08-14,205.24072783507754,205.81621785660232,198.18836809508383,198.631554068625,237151204.0,1128357818.0
2006-08-15,198.24360340575677,202.6060523967831,196.92316990223557,202.6060523967831,200040163.0,944043027.0
2006-08-16,202.52751723529528,205.70525842719735,201.42378863795412,205.6568664293511,230803057.0,1122254928.0
2006-08-17,205.51902255669822,205.51902255669822,202.18013764132843,204.5591664647383,210954401.0,992506721.0
2006-08-18,204.2526838117122,205.52912458991867,202.86821645245504,203.08948356718625,200716639.0,943221800.0
2006-08-21,196.51289700467063,205.07371841490115,194.65575225230944,204.99958252594485,225430103.0,1072301397.0
2006-08-22,204.70255016206042,207.9746313093597,204.1635578089449,207.12182418233226,240091522.0,1177185979.0
2006-08-23,207.1889538224422,208.15891194762256,205.77972018819307,206.6558271660353,252218829.0,1239489247.0
2006-08-24,206.53916497594136,209.60187333794633,205.20423016666822,209.60187333794633,238243800.0,1204919901.0
2006-08-25,209.61653757971794,210.88385394082206,209.02524276428375,209.6302242053714,248616772.0,1311544856.0
2006-08-28,210.08090523581805,214.46241774114742,210.08090523581805,214.46241774114742,316502249.0,1636200558.0
2006-08-29,214.69997845784707,217.65791895919506,214.3457555510535,214.36824072176992,403495931.0,1997300940.0
2006-08-30,213.97882363472453,216.57504617237348,213.02874370394565,216.57504617237348,265376481.0,1313942306.0
2006-08-31,216.79712796720315,217.77490702132837,215.50846698752034,217.7331954002892,295040264.0,1453954104.0
2006-09-01,217.12707340706373,217.86289247195785,212.72258692295893,213.55698227976202,295139146.0,1489380551.0
2006-09-04,214.35129537572277,218.85452108775624,214.17972374699522,218.85452108775624,293220597.0,1499079483.0
2006-09-05,218.82959187674456,219.9241960569834,218.04619549410265,219.13053470510138,309188301.0,1585461681.0
2006-09-06,219.10560549408967,220.85635302559703,217.79364466359206,220.85635302559703,267570597.0,1381532559.0
2006-09-07,220.92315679366757,220.92315679366757,216.20599608778866,217.38483819020425,257920913.0,1289988960.0
2006-09-08,217.07525975280416,219.04613384690492,217.00470845628087,217.96228344396528,206924507.0,1083118826.0
2006-09-11,218.15764373156668,219.7990611938659,215.63767525112996,219.7990611938659,247371269.0,1271796458.0
2006-09-12,220.08827262880547,221.56316947898733,219.36842129384038,220.94694545254148,263309181.0,1330892641.0
2006-09-13,220.8205071012665,221.23387578320546,218.0290872120358,218.18192119849965,284259169.0,1448925056.0
2006-09-14,217.7765363815252,218.583721423041,215.28149711210017,218.583721423041,256729967.0,1313011277.0
2006-09-15,218.45516490351014,220.99175285795465,218.25752351163314,220.69960857466077,273269658.0,1401083488.0
2006-09-18,221.19607462663873,224.11344405908534,221.06572581089128,224.11295525102625,286875893.0,1440809361.0
2006-09-19,224.5556524165084,225.86761324700603,223.27921163830192,224.61496112767347,313572322.0,1581975212.0
2006-09-20,224.76958741035384,226.3174795973543,223.01411473427564,225.70826181975485,330840523.0,1674452046.0
2006-09-21,225.62614206583396,226.73101121531295,225.00470408675824,226.51430630913285,317102073.0,1656549339.0
2006-09-22,226.3637534269446,226.40742028021998,223.8279801525985,224.34709431131256,305843714.0,1562440483.0
2006-09-25,223.91531385914925,225.9210562614625,222.81468104618213,225.0307738499077,249308161.0,1280751268.0
2006-09-26,224.7171220120155,225.32617685359526,223.36361249649838,225.13260886221033,274341342.0,1380889744.0
2006-09-27,225.13277179823004,226.65752707043532,224.69691794557465,226.65752707043532,263711782.0,1349061461.0
2006-09-28,226.73394406366722,228.9078364382946,226.3378465998148,227.99800170437769,281652848.0,1491250970.0
2006-09-29,228.08338017869227,229.98565820850595,228.08338017869227,229.98565820850595,296380757.0,1549097804.0
2006-10-09,231.1214852017249,233.61522098299247,231.0325221349773,233.61522098299247,311305149.0,1647179829.0
2006-10-10,233.885857711688,235.29085500942534,232.51002596147413,234.60147271014125,348990560.0,1892348232.0
2006-10-11,234.93858733486798,235.74723880056095,233.0568392435345,235.74723880056095,306674781.0,1660162979.0
2006-10-12,236.12215458185446,236.12948670274022,233.5474395988038,233.6761590543544,360956979.0,1918069879.0
2006-10-13,233.35875968800946,235.66446730256138,232.6149567581508,234.95765084917105,337128528.0,1824521106.0
2006-10-16,235.17484456341018,235.51701020474712,233.54597317462662,234.69972313001088,319054715.0,1726240091.0
2006-10-17,234.50028944191737,235.59668591837269,233.73970410203123,234.43511503404363,277023880.0,1537866488.0
2006-10-18,234.30346273013876,236.76249313921357,234.22492756865097,236.76249313921357,290728049.0,1535828291.0
2006-10-19,236.64094286852912,237.64185883744952,236.003700095544,237.3782283576004,337472825.0,1754359747.0
2006-10-20,237.25146413428604,237.87876781007043,235.27847187192936,235.3721600832478,331475455.0,1698418488.0
2006-10-23,235.04596217183993,235.60841731179,227.59929726421032,228.97594369452258,374284791.0,1934723075.0
2006-10-24,228.59793212885512,234.50061531395673,228.59793212885512,234.36961475413057,331202288.0,1730269553.0
2006-10-25,234.56774495406665,234.9198496926043,230.47299984338156,232.41796711035252,310829760.0,1612267388.0
2006-10-26,232.41796711035252,232.41796711035252,229.55078197196866,229.9859840805453,243561832.0,1295991260.0
2006-10-27,229.7653687098928,229.82500329309727,225.09187485728927,226.09050972193413,245925633.0,1243007283.0
2006-10-30,225.78500468502614,226.5232677902155,221.84211594468678,225.18474838850935,223974077.0,1180742781.0
2006-10-31,224.974886795156,227.61493912210003,224.7554119766413,227.61493912210003,222461226.0,1153232574.0
2006-11-01,227.86472004027598,228.68689519560274,226.52489715041233,228.6839623472484,241801005.0,1273385304.0
2006-11-02,228.4490086068637,228.4490086068637,225.59339192587743,227.76451438817014,241655277.0,1199174782.0
2006-11-03,227.6128209538441,229.41733737184725,227.55611921899398,228.92559646444016,227502709.0,1142965532.0
2006-11-06,228.11205691815667,229.04079223035694,226.80856876068262,228.19825007256966,246740885.0,1289291251.0
2006-11-07,227.95710476343694,227.95710476343694,222.40571163677464,224.73862956661384,253943805.0,1253201022.0
2006-11-08,224.73194918980678,224.74107360690908,222.9412823334768,224.07662051863667,173469552.0,926714266.0
2006-11-09,223.81934454355525,227.0891445865789,223.68264122304015,226.94054693662687,189536648.0,1008516458.0
2006-11-10,226.978673965233,227.45949815932124,219.21232858698286,220.53031805020885,228030722.0,1172320776.0
2006-11-13,220.3269738976429,220.3269738976429,212.00697192450565,212.92218354707217,227146368.0,1157909100.0
2006-11-14,212.646169929727,215.9166217168294,210.1094190392628,215.9166217168294,176697403.0,884696281.0
2006-11-15,215.8015888869323,218.77484537413065,214.56229752121385,218.77484537413065,168840635.0,884761532.0
2006-11-16,218.84262675831928,219.1843035915972,215.20035497429743,215.32011294876534,217291227.0,1077627083.0
2006-11-17,214.9054407786689,217.2655690237954,213.70883865010774,217.2655690237954,172161978.0,856938844.0
2006-11-20,217.296200995496,217.37098862853108,214.0506784194053,215.49689853012276,223525348.0,1106175374.0
2006-11-21,215.30903329942683,216.84372766883286,212.83941204907254,216.84372766883286,209117569.0,1054607479.0
2006-11-22,216.67183016806595,219.69804086166164,215.76720938677892,218.39927784875843,239287093.0,1187932380.0
2006-11-23,218.27186188136534,219.9870893605815,217.53995328094368,219.9870893605815,232943162.0,1168016133.0
2006-11-24,219.85201540026327,222.30827589700345,218.2690919690307,222.01124353311906,241209299.0,1249500124.0
2006-11-27,222.01613161370958,225.86956847924228,221.96252566323346,225.86956847924228,262777647.0,1389666728.0
2006-11-28,226.25116463734278,227.74528793784742,225.40650431129959,226.87227674437918,250774266.0,1307132514.0
2006-11-29,225.22254954507608,228.51059842230435,222.5137382178253,228.51059842230435,263642322.0,1396469555.0
2006-11-30,228.68999097997676,232.09519085535803,228.65463386370524,231.6109450048564,364477878.0,1896978668.0
2006-12-01,232.13119971570822,233.75893055235397,231.69778990334814,232.9739048095152,394366785.0,2140585733.0
2006-12-04,233.1502015828136,236.3502650094124,233.1502015828136,236.3502650094124,412375996.0,2136301842.0
2006-12-05,236.7238773025484,238.54077685804756,234.84115159509682,238.11095163812047,482132207.0,2492156894.0
2006-12-06,237.84520299001548,238.39299388819393,228.04052800551528,234.85092775627785,491170926.0,2582610928.0
2006-12-07,234.26126230104055,236.30806458031415,232.80901355759477,232.86278244409056,430131431.0,2242149004.0
2006-12-08,231.1788386806538,231.62821622294294,224.86848957430217,224.86848957430217,317417031.0,1603290674.0
2006-12-11,224.15645916828197,230.71023468804182,224.1211020520105,230.70241375909697,253883963.0,1282090872.0
2006-12-12,231.4972156631168,232.29804619986493,228.25935107995124,231.51986376985292,298384267.0,1532795986.0
2006-12-13,231.76817826385172,232.62082245485945,229.25912649673384,232.62082245485945,258482560.0,1483485284.0
2006-12-14,232.49894631213562,235.7125334283682,232.4907995111514,235.64100451572685,320975234.0,1765813939.0
2006-12-15,236.38725148588074,237.9162430945978,235.71953967721464,237.9162430945978,364725534.0,2069857758.0
2006-12-18,238.8930445326049,241.6877231422293,238.6553208798856,241.342135844479,443068931.0,2443260707.0
2006-12-19,241.92609853902735,243.36384597672125,237.66336639204783,243.36384597672125,482954625.0,2658520885.0
2006-12-20,241.38075168114415,248.6325451092314,240.91133300843381,248.6325451092314,519992880.0,2813489597.0
2006-12-21,248.68892097204213,251.26168072285654,246.79055340670084,247.31895491853692,545511793.0,3008910484.0
2006-12-22,245.81961766540238,247.7466619702081,242.92945854824302,245.68878004159592,445897303.0,2342847824.0
2006-12-25,247.45907989546535,249.16632350971702,246.84562578135413,248.28532845128422,465199010.0,2506008689.0
2006-12-26,248.6095711304559,249.1510075238667,243.20433161345034,245.5554983774942,452888089.0,2368561387.0
2006-12-27,245.5554983774942,246.39885521537988,244.65853558913233,246.32585987856137,389057146.0,2007441674.0
2006-12-28,246.29685726705756,246.45848979858434,239.2730113305086,239.866261378179,412965707.0,2080004331.0
2006-12-29,239.80353101060055,242.79976147657433,239.80353101060055,241.97611989707042,392479735.0,1996116930.0
2007-01-04,243.20987143811962,243.95351143195856,240.75295919730073,241.29814311916425,627762680.0,2914819232.0
2007-01-05,241.4713441080886,247.254921062801,240.70570775159226,247.254921062801,624747272.0,3000957295.0
2007-01-08,247.29484038762362,256.10609446010886,247.242537925305,256.10609446010886,790281638.0,3803234939.0
2007-01-09,258.13872130567,262.5264253797473,258.13872130567,262.3589271515119,921245180.0,4528411730.0
2007-01-10,263.4282762486997,269.45104328030857,261.1292490109548,269.45104328030857,1023640833.0,4967414319.0
2007-01-11,270.65693276199175,278.37700431065156,269.44517758359996,272.0998941523155,1274670922.0,6407437635.0
2007-01-12,270.9935585786595,274.0885282725619,263.0968643846619,263.3587025682946,1054539007.0,5288940726.0
2007-01-15,262.8716868054583,274.36731180224166,262.8716868054583,274.36731180224166,884386811.0,4559431179.0
2007-01-16,274.796974086149,281.51841077016405,273.4778440707853,281.51841077016405,1083776870.0,5768612407.0
2007-01-17,281.879151117745,288.61411149139377,275.9808672051749,281.9767497935358,1333885528.0,7262705087.0
2007-01-18,280.95139342166283,289.7890431293369,279.236003006427,289.4384048149764,1225417473.0,6299561740.0
2007-01-19,290.3795232646727,299.25676642513,290.3795232646727,299.25676642513,1384535895.0,7395670914.0
2007-01-22,300.54396098063563,310.60069798758735,300.54396098063563,310.60069798758735,1390286365.0,7668823489.0
2007-01-23,312.0462663542261,313.8866286965598,302.3660744887647,313.08612403185106,1379664488.0,7851867052.0
2007-01-24,312.7628589687975,316.0013752960418,310.67222690022874,313.8680539903158,1169660782.0,6689176230.0
2007-01-25,312.69084124809706,312.69084124809706,301.757508455244,302.07327846139214,1194608429.0,6712082791.0
2007-01-26,300.14737470872416,304.24814845213757,289.9488833646472,303.1554995041349,1034689839.0,5625043855.0
2007-01-29,305.3768062604904,313.56336363350624,305.3768062604904,313.56336363350624,982064963.0,5521366244.0
2007-01-30,315.08046091278635,315.37032409180466,308.89035858896176,311.2759048531589,1013544314.0,5954078147.0
2007-01-31,310.04459735240505,311.82613979163267,296.2305557315343,298.2200045318791,958100812.0,5425076701.0
2007-02-01,295.03916755560306,300.32627845833747,289.285896700552,298.86343887361227,793651416.0,4287175715.0
2007-02-02,299.58361608061665,302.26635764471797,293.8422395550025,294.32909238181907,797685143.0,4434357449.0
2007-02-05,294.33121055007496,299.5032886229123,293.9101838752108,297.7851282953418,565136474.0,3140070669.0
2007-02-06,298.8228678047109,305.7359172478745,298.466200857622,305.7359172478745,648198759.0,3665678817.0
2007-02-07,306.75882957945225,309.73338955480807,305.99547432723153,309.73338955480807,771579088.0,4360790070.0
2007-02-08,310.4569884182259,315.7939577429837,309.66300119430446,315.56405501920926,851197296.0,4910831570.0
2007-02-09,316.0287485473487,317.8067063941433,312.8215159358838,315.8878088903218,769459458.0,4418694004.0
2007-02-12,316.2335591240918,322.5711185457307,316.2335591240918,322.5711185457307,730115354.0,4333061910.0
2007-02-13,323.76690599419345,327.6724823860251,322.1909888118073,327.6724823860251,807645713.0,4756703858.0
2007-02-14,327.6724823860251,335.94930631394595,327.6724823860251,334.45387952528387,988908727.0,5768837904.0
2007-02-15,335.70636870859676,344.1756200757647,335.70636870859676,344.13146441443035,1104382072.0,6623755827.0
2007-02-16,350.14054482038574,357.9684800140765,349.7387445958443,352.7672363937156,1399495034.0,8291369575.0
2007-02-26,356.07597814544386,370.15984181491166,353.17702048322155,370.15984181491166,1261189944.0,7789811935.0
2007-02-27,371.69176627198306,376.40192072901556,341.6010680287338,341.7470587023709,1763000067.0,10867392272.0
2007-02-28,336.9104658940634,359.23481875906253,336.9104658940634,358.43105537396013,1319609494.0,7925245167.0
2007-03-01,359.7641978870167,361.6110776701377,348.016347931762,354.02982761024896,1419485355.0,8532143099.0
2007-03-02,354.2566345496494,362.6545199401957,353.9204975410408,360.38025897744285,1089172279.0,6815895739.0
2007-03-05,361.64871589068474,367.34088573835436,349.84742292097377,362.57354073841265,1153414098.0,7357870184.0
2007-03-06,361.74403346220004,365.2069126885496,357.93361170586405,363.567776330526,817940602.0,5333440088.0
2007-03-07,364.97163307612556,372.8624615734144,364.97163307612556,372.8624615734144,933357182.0,6200031824.0
2007-03-08,374.2452995724747,381.9477740310086,371.40956108588995,381.9477740310086,1092632680.0,7287115135.0
2007-03-09,382.68848117649327,387.83725939851576,376.97887717471747,385.5858094785187,1261449287.0,8739335828.0
2007-03-12,385.9848397907254,399.04595406463517,385.97734473381996,399.04595406463517,1429680804.0,9858229824.0
2007-03-13,400.2780762454875,405.63150210823346,398.96464899081275,404.3402341522357,1388100459.0,9651111514.0
2007-03-14,401.3332499089627,408.936985139568,389.1459615086197,403.42697776190545,1377572502.0,9643862819.0
2007-03-15,403.8913454180056,413.336746479102,403.73590445522683,412.54406274333803,1220813995.0,8882161440.0
2007-03-16,413.53226970272306,414.9786527494602,399.6401817284236,404.9693301242366,1388073641.0,10084029191.0
2007-03-19,393.6180664408935,414.1758669804759,391.3897534356916,413.5798470204708,1170339287.0,8571869026.0
2007-03-20,414.9556787706847,425.545216562004,414.9556787706847,425.3514856345994,1052015328.0,8167845033.0
2007-03-21,428.15594040540486,433.3154724047265,424.9275261113809,433.29640889042344,1210080548.0,9272699059.0
2007-03-22,435.3011736766186,441.7257409327688,434.6844608421136,436.28270025919653,1418187613.0,10977569525.0
2007-03-23,436.4091386104715,442.3514152483564,430.1217634828954,441.375754362487,1453300075.0,11143111923.0
2007-03-26,443.35330883339486,453.68996992216415,443.35330883339486,453.6318017631369,1473239130.0,11296369243.0
2007-03-27,454.3586593469483,461.9710301865968,451.3166438594432,461.9710301865968,1517728363.0,12054640243.0
2007-03-28,462.4318132502639,465.19390465595137,438.95925025454983,458.98913809035514,1829000631.0,14250081963.0
2007-03-29,458.35710926999997,458.4763784364088,440.2964661680985,440.4007452206964,1449027974.0,11354266059.0
2007-03-30,437.65380686483957,446.65699956851284,434.91925164647864,445.00841292134754,874745741.0,6867344687.0
2007-04-02,447.2864214125532,455.6522084072217,446.8761485149882,455.6522084072217,896599882.0,6916097776.0
2007-04-03,457.838483919345,461.5974178934608,455.6843068030994,461.5974178934608,1101131906.0,8777584243.0
2007-04-04,462.0927433933009,465.894366604574,458.5265627304716,465.873184922015,1143119358.0,9364888645.0
2007-04-05,466.0752255864235,476.10361172595015,464.403502024463,475.88381103539615,1282321644.0,10546707741.0
2007-04-06,472.869168799198,482.38805400517197,470.59995885305534,481.34982568774393,1388331998.0,11753422001.0
2007-04-09,483.97847249331,488.65978727485845,483.0417533161453,488.65978727485845,1553569807.0,13237056393.0
2007-04-10,489.5836345064682,494.2326879561191,477.3939020658298,494.2317103400009,1589841471.0,13431172865.0
2007-04-11,496.0303610612955,498.5806356413935,488.13334099525855,498.5260520747992,1541866609.0,13525701263.0
2007-04-12,498.52100105818903,509.25213025061385,496.5802701277298,509.25213025061385,1540112408.0,13579747818.0
2007-04-13,513.5785703812899,522.2169493368903,509.9923485880395,512.7889824299,1896741037.0,17223246686.0
2007-04-16,513.4529467101135,527.6526578895767,513.4529467101135,527.6195818775808,1587579342.0,14572557900.0
2007-04-17,529.4196990230524,541.1717853148189,521.9060674113326,541.0909690490555,1947451580.0,17550832854.0
2007-04-18,543.2912570588717,556.0049917388146,539.8153429509474,555.7040489104577,1773986344.0,16899223219.9999
2007-04-19,555.5010306299312,555.5010306299312,519.2557501151485,531.276680839394,1940377593.0,18389195317.0
2007-04-20,534.1164927264708,558.7366141088211,534.1164927264708,557.3314538750641,1512568794.0,14649492094.0
2007-04-23,564.179328910354,580.5568429289171,564.179328910354,580.4779818953899,1768431791.0,17367611639.0
2007-04-24,585.4395466307952,589.7857020198531,577.4626879151131,583.1970581918808,1891842973.0,18961718233.0
2007-04-25,583.0003944161219,587.2601937147472,570.5776634673351,583.8426107018698,1548897085.0,15209140554.0
2007-04-26,586.1059549513039,590.4550431887161,582.2958590670072,590.0146271275096,1187784020.0,11977079266.0
2007-04-27,590.4701962385467,592.6385487885047,582.7098794930249,589.0368480733842,1371231944.0,13899363675.0
2007-04-30,587.2010479396018,597.1354199957706,584.4231517400049,595.5254491852705,1413638073.0,14666179097.0
2007-05-08,600.0878206724493,621.5869025977478,600.0878206724493,621.5719124839368,1591635278.0,17072559484.0
2007-05-09,624.3595848447147,630.6125804721374,603.3281292959102,629.6043323823312,2041342391.0,22326075588.0
2007-05-10,630.9866815733325,636.2447898645631,624.0938361966097,634.8389778867273,1693451521.0,18363641603.0
2007-05-11,630.031224753904,636.2014488833271,620.2035757906284,634.1333019854749,1535080252.0,16891712276.0
2007-05-14,626.567530847456,643.1835831988369,621.7843810536051,639.2219568162338,1363983386.0,15101983263.0
2007-05-15,639.2219568162338,644.3264164409023,618.2999942726572,619.4480414673525,1537277552.0,16738296341.0
2007-05-16,618.2276506799174,631.1740579959694,608.2623207800085,631.1740579959694,1230296052.0,12888882822.0
2007-05-17,635.4224517732167,650.5323235586363,634.5618237172445,648.9604797767423,1399231610.0,15556826064.0
2007-05-18,650.7656479388241,660.5470230725094,646.623488446411,657.1082583770732,1340095737.0,15901007047.0
2007-05-21,638.209961197975,674.424609741057,637.1756433450194,674.3868085844902,1537615522.0,18096078614.0
2007-05-22,684.2221155406911,693.2707673938562,684.2221155406911,688.8581341087673,1825338451.0,21929377644.0
2007-05-23,695.1730454236699,708.5082180826886,693.1089719263099,708.4417401866575,1785115035.0,22024736767.0
2007-05-24,713.9771655833907,715.171649543696,691.9990517602207,708.2313897852451,2062211793.0,25827997003.0
2007-05-25,705.60730518823,716.3979060278398,701.1826146376844,714.4729798912899,1644276829.0,21120662122.0
2007-05-28,721.3096123412216,728.8615339175673,719.5634270182655,724.863409866555,1823972790.0,23267304295.0
2007-05-29,726.851718114762,730.6768041128695,715.7011916076699,730.6768041128695,1609652638.0,20771161310.0
2007-05-30,684.1412992749276,712.5710277335156,674.9298743380979,676.3467659652722,1498699563.0,19150204400.0
2007-05-31,651.4480239892619,658.7837294674864,624.0513098954722,634.5833312718428,1386893741.0,16361373894.0
2007-06-01,627.0208188542177,637.4591520192699,590.8306107140883,591.9302659109374,1313145394.0,14739267104.0
2007-06-04,577.5770690009315,580.3658819138473,547.1952040905065,547.4537835537454,750928778.0,7652750546.0
2007-06-05,537.5122423127104,541.2486911161099,506.37614656716704,541.2486911161099,1258279462.0,11295201521.0
2007-06-06,543.2723564805883,560.189351660326,527.4517577773059,546.6226469173359,1674697248.0,15611433675.0
2007-06-07,546.6226469173359,571.2207719370289,544.0929022757182,571.1916063895054,1565579729.0,14693191462.0
2007-06-08,572.546908201239,587.9295348836101,570.7419029751769,583.0675240562318,1495892750.0,14842918772.0
2007-06-11,590.4622123735821,596.1418361477361,586.5098733441012,590.7266575335298,1384348596.0,14082852146.0
2007-06-12,594.9180237038876,600.0024421981349,568.8495640425639,600.0024421981349,1561415633.0,16456364316.0
2007-06-13,605.8849213167956,626.9896980744579,603.9153507108522,625.3523540126508,1819847994.0,19336938379.0
2007-06-14,625.5395674992681,630.0183528083489,610.7044058430362,615.4077169872419,1505108271.0,16071534920.0
2007-06-15,609.433504889499,618.2999942726572,603.8990571088838,613.1702795649377,1216045009.0,13296509945.0
2007-06-18,622.6896535789707,634.0806736511169,622.6896535789707,632.0239322746424,1249854440.0,14086536031.0
2007-06-19,634.0725268501327,645.0060225790054,627.6670231082854,644.9540459887261,1379844291.0,15973488215.0
2007-06-20,645.3982095783854,654.3992841138028,625.9607571101519,630.1977453660213,1411682434.0,16083810101.0
2007-06-21,627.4925186312037,637.4215137987229,610.5085567473757,622.6443573654985,1233527287.0,13634147421.0
2007-06-22,621.6238890742161,622.9892929191701,578.5753779935369,584.5150476551067,1189634161.0,13188711998.0
2007-06-25,584.2018846252737,591.0178242007055,541.6232810253639,543.9399053532346,977247625.0,10014505059.0
2007-06-26,527.3135880326138,551.3572417773212,517.840487848171,551.3572417773212,893454922.0,8674953570.0
2007-06-27,553.1532855223007,566.4047090672016,545.0169124433477,564.9769007267084,1019959165.0,10203180304.0
2007-06-28,567.4131200930275,573.200281640173,537.3041730155737,537.5446665806276,1176113641.0,12178048859.0
2007-06-29,519.3629620161007,531.7087871635965,505.5363743217144,513.6346203720614,874745622.0,8543728752.0
2007-07-02,509.1326981481853,525.296765980962,500.9112724669571,525.296765980962,819888349.0,7588295157.0
2007-07-03,529.5823091706973,533.4334649319544,514.474881425573,533.1004237077199,808247523.0,7849679195.0
2007-07-04,532.8040430879141,533.0710952241767,515.3467520669035,517.5385674036961,662050631.0,6278299615.0
2007-07-05,508.342784324756,508.342784324756,482.64809989258805,482.7538453693631,687167416.0,6010717509.0
2007-07-06,490.1097549140286,514.0598833834373,471.8798212876752,512.8515498614588,989213154.0,8721550869.0
2007-07-09,516.2016773621868,531.9320095105641,510.4001774453091,528.6392354887648,1045262827.0,9291994294.0
2007-07-10,528.1305492353106,528.1305492353106,511.20964359110053,515.7086329666223,964107896.0,9001722185.0
2007-07-11,511.563377689835,522.2250961378744,509.07159714080365,520.7223372283265,646839760.0,5888087692.0
2007-07-12,521.8087946075811,526.2738932910086,519.6945368161582,526.2738932910086,594707554.0,5378718402.0
2007-07-13,525.7335974497355,526.4394362870078,515.5619905489065,525.3045869099069,554280017.0,5225113037.0
2007-07-16,524.7426205780158,525.0585535201836,505.8923895247245,505.8923895247245,587400017.0,5476880277.0
2007-07-17,502.07463564750265,519.3197839708845,498.75660654265243,514.2365060287749,551345292.0,5215789945.0
2007-07-18,513.3006015317086,520.4517004996309,508.6562732266285,513.2043063440751,541456887.0,5038676347.0
2007-07-19,512.943282840541,518.7464121176155,509.60537554128933,517.0080477236042,450562117.0,4359644720.0
2007-07-20,517.5180374652159,535.0928053564189,517.5180374652159,534.7421670420584,781760458.0,7410152804.0
2007-07-23,535.6019804179323,565.0552729521767,535.6019804179323,565.0552729521767,1148396756.0,10674762174.0
2007-07-24,570.7744901791137,587.0073170121973,567.5275011788458,572.3833204374761,1301387064.0,13198075774.0
2007-07-25,571.8257533781166,593.5387702972604,571.8257533781166,593.4696854249142,1144097676.0,11716188749.0
2007-07-26,597.2111852449239,610.5751975794266,593.5931909278349,607.9793009138169,1122270054.0,11515656492.0
2007-07-27,608.130016732025,625.7442151399915,597.3630416152695,625.7442151399915,1285201604.0,13707509109.0
2007-07-30,626.3808061688978,644.9007659102894,626.3808061688978,641.4452188048256,1339715669.0,14562597210.0
2007-07-31,640.3843423806613,653.1247985678325,631.1154010288831,652.6148088262208,1355829023.0,14976246927.0
2007-08-01,656.2956964469079,658.5940719405739,615.8479701124288,616.5525054615435,1694541243.0,18651215486.0
2007-08-02,614.9138579115789,640.6768125359946,614.9138579115789,640.6768125359946,1246225567.0,13851710050.0
2007-08-03,644.1429504827379,649.1387317822769,634.3210042801512,646.6368492000252,1342400345.0,15198872964.0
2007-08-06,648.973025850258,657.7758072497196,642.3231180788844,657.7758072497196,1318388785.0,14746982660.0
2007-08-07,659.5037437384711,664.4736182108804,646.1016043753623,658.5779412746252,1399395306.0,16114926481.0
2007-08-08,653.5663551811768,656.818884006114,632.8092838895205,647.0098097490824,1064752885.0,12135804468.0
2007-08-09,646.7015347998397,654.2047385062997,646.653957482092,651.2573888462313,987591134.0,11636609584.0
2007-08-10,650.635136187057,650.635136187057,619.6637687574145,634.7099325591374,1062705690.0,12440150258.0
2007-08-13,631.766167491502,633.9514653875073,618.4681442449714,629.1388241740933,974300459.0,10921204525.0
2007-08-14,629.8036031344051,649.4129531034055,629.6667368778703,648.921375132018,906281683.0,10193519423.0
2007-08-15,651.2428875404794,652.8109837939206,627.8091033174501,644.7396221868216,986229418.0,10927276648.0
2007-08-16,642.0321143477282,655.228465517976,634.3741214225681,651.0076079280552,963999484.0,10283830217.0
2007-08-17,651.0076079280552,659.5407302149395,644.7467913716877,649.2684288539455,1018276174.0,11169278768.0
2007-08-20,661.9010213960856,674.622739940993,660.6206701534068,674.622739940993,1088489505.0,12215901021.0
2007-08-21,678.9553716404172,683.7041419341148,672.562739844125,680.7504377692786,1102331205.0,12449429566.0
2007-08-22,671.1100022926202,692.254372503066,668.842095834635,690.5125864526411,1243077621.0,14201700260.0
2007-08-23,693.089745475987,699.6601404697547,690.4690825353855,698.4940073768744,1163514139.0,13870136050.0
2007-08-24,702.3280548560648,705.5576097022265,698.1423914463959,704.0424676551826,1196933269.0,14075371487.0
2007-08-27,711.0353557479915,713.6706829303646,694.4440696716026,703.5776111910234,1211722632.0,14263688818.0
2007-08-28,701.8234420031026,707.9345203573804,689.4816902560988,707.8090596222235,1263109662.0,15176510639.0
2007-08-29,704.9912440978039,711.3690487163047,692.6226079075523,703.3758963986542,1125632939.0,13925055756.0
2007-08-30,706.2929399590615,728.2373260261569,706.2929399590615,728.0616809969373,1305694256.0,15505215184.0
2007-08-31,734.058704137436,738.5474285437176,731.8106758738523,735.6952335191446,1285979069.0,14990475087.0
2007-09-03,743.2393341665455,753.0053933143805,742.3650194849198,753.0053933143805,1433860108.0,16894664795.0
2007-09-04,756.3696962488211,756.7092549138431,739.3593387298043,742.7423793065085,1350543011.0,16154116859.0
2007-09-05,744.1260319856673,747.0720781575783,730.7445854970582,744.6479160567159,1106114839.0,12920231741.0
2007-09-06,748.8202187127706,756.9450233343262,748.8202187127706,754.7991559550845,1216351191.0,14822813850.0
2007-09-07,749.2140350723475,752.5548752199535,735.9096573210492,738.6064113828434,1374494942.0,17209861038.0
2007-09-10,731.4768199695194,756.8907656397713,725.0880986376997,756.8907656397713,1348809919.0,16756865630.0
2007-09-11,756.9106438341728,758.5255027252634,705.9659273675551,706.2706177243647,1276710085.0,15597225303.0
2007-09-12,700.7664760434108,716.838973833125,682.7172384628873,712.0450702619748,1103367976.0,13247692172.0
2007-09-13,713.8966751896667,723.3715676703258,706.0990460956372,723.2944989330152,834749642.0,10347879502.0
2007-09-14,723.3316483455033,735.6758441328022,715.3305121628881,733.6037867704777,929708525.0,11729509093.0
2007-09-17,731.2140041697686,750.9168794140677,730.8487016136364,748.8967986420222,1088443491.0,13226333827.0
2007-09-18,750.9507701061619,758.8855913287657,745.1085361843633,758.494219009484,1141699248.0,13905578641.0
2007-09-19,761.1160225022234,761.8151809626885,744.5956135943972,747.0332993848934,1062222294.0,12805099139.0
2007-09-20,748.1901451246517,755.1352929636931,744.8007500431797,752.3984566410566,936685034.0,10911856403.0
2007-09-21,755.5067870885732,755.7797049215444,727.8171140313912,743.3331853138836,1048081372.0,12418450887.0
2007-09-24,745.1409604522805,750.335686631854,733.4628471134506,745.799710779864,944872890.0,11511822280.0
2007-09-25,745.3449563489252,748.2758494710056,734.5323591466582,740.9676801801075,726021418.0,8892525072.0
2007-09-26,739.9954409506515,744.8250275101127,724.5660516306311,728.515457811758,670666091.0,8136843292.0
2007-09-27,730.3532131777766,735.0405565920533,726.8724109892619,732.9860963198546,608578461.0,7325274970.0
2007-09-28,737.9105116427719,749.105356747218,737.9105116427719,746.6445340419267,764518297.0,9372145781.0
2007-10-08,751.6113127299619,753.1277582651633,745.522556610381,746.1770706014527,807453593.0,10209774832.0
2007-10-09,744.2268893818517,748.7237605891175,735.6665567796804,748.6422925792755,717986176.0,8519818730.0
2007-10-10,750.733576391923,753.2717937065642,742.5168758552655,747.5631673209067,807808290.0,10322338704.0
2007-10-11,747.8745380545232,748.0917317687623,733.2756336268335,734.8854415013141,867171495.0,11150628449.0
2007-10-12,734.5532149571777,734.5532149571777,679.9215822371448,712.8947816046283,1106589432.0,13200763728.0
2007-10-15,712.970220981742,715.2244408140737,696.6062306528128,711.1837904619239,878732838.0,10928743454.0
2007-10-16,711.8446589577632,717.7043270336682,703.4677923137561,717.5730006018025,678426876.0,8626133384.0
2007-10-17,717.12541535573,720.0571231579088,709.8162684487138,717.0925022797537,674722898.0,8214768510.0
2007-10-18,716.8658582763728,716.8658582763728,701.8667829843387,703.3302743131427,752324851.0,9226575115.0
2007-10-19,704.8952747822099,711.3421642730569,693.1860406636205,696.9371537087915,522995657.0,6554003254.0
2007-10-22,691.5056814926168,695.7368040517775,676.927958747486,677.6391744734077,519636434.0,6120554323.0
2007-10-23,676.9991617880879,682.3087578615389,658.1963451165246,675.8327028231685,559561025.0,6592335102.0
2007-10-24,677.1932185875319,678.7730462343904,659.3215812684641,659.8864804487094,549099841.0,6409788396.0
2007-10-25,655.7725088877017,655.7725088877017,609.8967319934613,610.5419586314109,689151649.0,7390306476.0
2007-10-26,600.0630543974573,609.220873383811,587.7967420275675,602.8187912983772,505666785.0,5313818804.0
2007-10-29,604.0996313491152,611.2385101155612,596.2391089514875,611.1519910891088,427611497.0,4452945063.0
2007-10-30,613.4314660044915,628.6439874823122,609.5814507953722,628.5892409796983,423356686.0,4599829473.0
2007-10-31,634.8428883511998,653.9469737231593,633.8378989817874,653.3320531848709,633673966.0,7475762012.0
2007-11-01,654.4688577942079,654.4688577942079,635.7703201752427,636.8421133127257,587932188.0,6776392838.0
2007-11-02,626.4164891572087,634.1168454474868,619.9995798939837,623.9198205275869,508910197.0,5736563157.0
2007-11-05,621.4441706445043,637.0001612518193,618.6926700800963,635.2103090755878,418166770.0,4644918518.0
2007-11-06,635.6925996938531,647.7122269299412,634.9680232143173,643.1013005088964,446815130.0,4899901631.0
2007-11-07,643.2194291231675,646.3940745306955,629.3203349000216,641.8647790555126,439928463.0,5073528117.0
2007-11-08,639.9186712364037,640.2554599890912,615.5818955922845,615.5818955922845,508554532.0,5701449956.0
2007-11-09,610.5409810152929,616.2320103108246,597.756043294748,610.0322947618386,431036673.0,4546178658.0
2007-11-12,600.2867655524839,606.726322922445,590.820997488927,604.3207355278267,455942833.0,4825429485.0
2007-11-13,607.8680156123726,615.9434506199638,600.2362553863817,607.7990936760463,455045510.0,4658124655.0
2007-11-14,610.3503458722623,626.4076906121459,610.0155123518111,626.4076906121459,485921454.0,5044219591.0
2007-11-15,626.0981121747458,629.5937415410517,621.4710550877522,623.7401020978751,555628821.0,6141929893.0
2007-11-16,619.8324075377876,627.4353280882945,616.1358780592109,626.3206827776345,483531131.0,5173668514.0
2007-11-19,628.2162804306411,640.4232840893659,628.2162804306411,639.1325049414272,591537908.0,5903722316.0
2007-11-20,637.6432697215132,647.0518472421609,635.0527499445532,644.666138041944,566596332.0,5824016962.0
2007-11-21,645.2646020422443,647.7141821621774,638.4030403813008,639.3410630466232,530284225.0,5658495292.0
2007-11-22,632.6834972823243,632.6834972823243,606.932762859385,608.0734779331945,455748894.0,4737602363.0
2007-11-23,604.1051711737844,619.6173319918045,601.026169209811,619.6173319918045,309491185.0,3074776807.0
2007-11-26,624.2427597186011,629.4107643909464,615.4018512905334,615.8336317426965,444352045.0,4366205021.0
2007-11-27,612.4548275025041,617.4455577854329,604.8895451725444,606.5945076825205,344632530.0,3503851209.0
2007-11-28,606.6411073841502,613.002455464663,600.989019797323,605.03635052628,341941643.0,3415700687.0
2007-11-29,607.9752275133249,619.724380956737,602.8184654263379,619.3730908982977,450235555.0,4378146806.0
2007-11-30,616.788599754066,618.7395956537653,607.507112328772,608.3182078347602,404639227.0,3975408369.0
2007-12-03,606.0346595188854,615.9335115227631,604.6982582854351,613.7607597002735,330939386.0,3361422510.0
2007-12-04,613.8770960183281,618.7034238573955,613.8770960183281,617.8920024793679,365859546.0,3735183607.0
2007-12-05,617.900638088411,627.7018914164979,616.2362466473363,627.7018914164979,493732949.0,4935444641.0
2007-12-06,629.1202494678494,634.7591392370821,626.2843480452449,634.7591392370821,583776088.0,5992663290.0
2007-12-07,636.5990127713567,645.3258659856456,636.1198179374653,645.3258659856456,675731476.0,7196352095.0
2007-12-10,637.9754962656493,661.5583669466896,635.622537205389,661.3957567990448,705540260.0,7819617831.0
2007-12-11,662.3795644858983,670.0271295057986,658.2913368160006,670.0271295057986,724889741.0,8138581835.0
2007-12-12,669.3954265574827,680.5435090242795,666.8958250795066,676.8914610790766,705393592.0,8115951275.0
2007-12-13,676.1054577201198,682.2600399916531,657.8152377664832,657.8590675557783,698059458.0,7983368652.0
2007-12-14,651.6523457579459,668.665636125317,645.2520559687285,668.665636125317,515281187.0,5909147927.0
2007-12-17,669.2751797749557,680.5568697778937,669.1521630800942,673.548339827195,635170182.0,7164827795.0
2007-12-18,671.161164202801,676.3456254131344,665.7699371834883,667.2230006070325,481801076.0,5357445914.0
2007-12-19,668.4911316482352,680.6629411267081,668.4911316482352,678.9988755576728,567533699.0,6321376311.0
2007-12-20,679.9417863035857,687.5507354868207,679.9417863035857,686.0450437289186,613618308.0,7012817378.0
2007-12-21,683.4999831014504,697.5921565079221,683.4750538904387,697.5921565079221,751909044.0,8537864945.0
2007-12-24,701.7243769031345,713.4486011355349,701.4084439609668,707.8452314185935,860615319.0,10301681711.0
2007-12-25,708.8119308233802,715.2635454587979,705.0894945176735,715.0817088608303,761985727.0,9023917331.0
2007-12-26,716.800846804519,728.8387228748114,716.800846804519,728.8344865382996,751496859.0,8925108703.0
2007-12-27,730.3126421088753,738.4897491927493,730.3126421088753,733.1835747757118,922843326.0,11348968356.0
2007-12-28,734.1416385714552,737.0695988451814,728.4092235269238,732.1391548895358,770612748.0,9695463952.0
2008-01-02,734.5895496895673,755.7425555090564,734.2481987283289,755.4976626714708,1307987726.0,16482192653.0
2008-01-03,755.6868313903243,773.2725159948461,754.2629335143037,772.4848832756925,1636454386.0,20614039543.0
2008-01-04,774.5323372990448,779.2951200904353,766.3715238171391,778.5128642599312,1412820282.0,18099654666.0
2008-01-07,778.0906970329293,794.2870261976035,775.3916618668596,793.0312782938969,1505908772.0,19716728304.0
2008-01-08,793.9526814852113,796.3108544981018,765.1757363686763,772.1689503335247,1713594523.0,21675440761.0
2008-01-09,768.5742558672506,795.8241646073049,767.7908594846087,795.8241646073049,1356066858.0,17425070139.0
2008-01-10,795.8241646073049,804.8956275032258,794.5895983861573,797.5053384584069,1587016011.0,20719830917.0
2008-01-11,797.2650078293727,798.5849525248349,781.577201982133,793.0863506685502,1336795768.0,17831531606.0
2008-01-14,794.8765287168211,806.30225416116,791.7383809777024,805.9387439012444,1445171554.0,18475841773.0
2008-01-15,806.2680375970264,816.2829000469193,805.857927635481,814.666737667671,1487934294.0,19438966469.0
2008-01-16,811.0057282413854,813.941183572017,802.6785570833821,807.7352764542832,1709202488.0,21932802774.0
2008-01-17,803.7795157683887,815.627571375749,764.3116866562907,790.1554575464698,1916359961.0,23561514135.0
2008-01-18,789.7701138599166,796.8718432138745,781.0158873943209,796.2241725356297,1352158059.0,15987706236.0
2008-01-21,798.8076860637433,800.9955909360634,759.7571360980568,762.6862369239207,1383052254.0,16989775366.0
2008-01-22,746.5130446740416,746.5130446740416,697.330644196329,699.4343111464724,1480679872.0,16976125915.0
2008-01-23,693.1004992532862,728.8706583346695,684.1500978199906,728.5073110107737,1534087042.0,17787521830.0
2008-01-24,731.6221588990777,756.5963402522018,726.3125628256267,750.4735305045067,1509825980.0,18552715579.0
2008-01-25,749.9583268102652,759.6220621377385,746.4594387235654,751.6158749385131,1378891255.0,16331606278.0
2008-01-28,748.2175183759585,748.2175183759585,695.039437887529,697.8103278382792,1183249862.0,13322338581.0
2008-01-29,697.3327623645848,714.5697638869824,689.4808755760004,710.5603972506118,897037215.0,10361201250.0
2008-01-30,714.8555536655085,726.7174588345422,696.6461499776353,715.1975563708259,949611392.0,11161337757.0
2008-01-31,713.3656667015157,715.7992790915198,686.7929200592692,686.7929200592692,746598472.0,8494707983.0
2008-02-01,684.6561770971299,690.5422408082237,636.2379465517364,656.2041264038453,891299963.0,9963680213.0
2008-02-04,670.1322232384948,708.2054829581152,670.1322232384948,708.2054829581152,831506555.0,10016584712.0
2008-02-05,707.7533355034915,718.5440992791207,697.8684959973066,711.4681138162729,786256541.0,9801145663.0
2008-02-13,707.3824931226901,721.8901533793567,698.8428533950186,712.2593311278596,639985233.0,7734687320.0
2008-02-14,714.3750553434597,728.229016289153,714.3750553434597,725.888277430369,618977526.0,7555260475.0
2008-02-15,722.1783871981781,723.026306244615,709.9003434348708,723.026306244615,660192718.0,8366225808.0
2008-02-18,728.7862574764732,746.5710498970491,728.7862574764732,742.2253833160504,877753904.0,11048306226.0
2008-02-19,743.1500452277586,757.4116720947019,740.1300261029107,756.0037419486102,1020482361.0,13427225358.0
2008-02-20,757.6800277191218,761.1655550522074,750.2983742833462,752.8458789511096,1129032783.0,14732546777.0
2008-02-21,748.9688163627227,767.0532481234981,746.0491658260005,762.8982166855297,1169040921.0,14571199718.0
2008-02-22,761.9592164040894,764.5326278989826,734.5411576917211,748.1925891649469,1218906151.0,14848557979.0
2008-02-25,748.845310859802,752.4820428191546,722.4596147681531,723.8859566844691,940396013.0,11310385288.0
2008-02-26,736.8507757707455,745.0886579899617,703.6256773168302,724.4414055755728,916442546.0,11551865037.0
2008-02-27,726.5053161369132,742.2032240173733,721.6327144682555,742.2032240173733,819586759.0,10034995321.0
2008-02-28,742.3008226931642,752.8202979960191,736.1271769073276,744.9229520579429,916153274.0,11441205486.0
2008-02-29,744.439846759579,757.2285320085767,742.7298332329927,757.0885699676679,953312412.0,12169169280.0
2008-03-03,756.6737348615519,784.6625584508741,752.1428100261721,784.4973413269142,1430199635.0,18268973219.0
2008-03-04,787.2693718298026,797.3709162421675,783.1591477972474,786.1117114099459,1738137061.0,22282172623.0
2008-03-05,784.5693590476147,794.8067921003963,772.6005678496683,794.6925739505976,1488334614.0,19323831147.0
2008-03-06,797.8101917512362,809.4811359051998,795.4440348733814,795.6105554854987,1741513020.0,23032305431.0
2008-03-07,791.4291284123417,794.3380251717647,777.497935793318,783.0635043536929,1191461487.0,15370418771.0
2008-03-10,778.6443536278165,780.1114295490535,757.3694716656036,761.4101220177535,1000569702.0,12649314404.0
2008-03-11,755.396479403247,775.7478400058894,747.6417024823945,775.7478400058894,959138709.0,12324087720.0
2008-03-12,786.9583269682253,790.5838163422197,758.716626676353,758.716626676353,1040694256.0,13535445742.0
2008-03-13,749.1979044063987,754.8309284789229,713.5799275674005,727.6849729194273,1086570526.0,13068433933.0
2008-03-14,724.0306438699487,732.1854287191261,714.8201965492372,722.6992936531087,662910937.0,7999304819.0
2008-03-17,718.9729468829298,720.0307275227199,667.5366524449247,667.5366524449247,847355066.0,9613785094.0
2008-03-18,656.3277948427857,669.5296858377026,613.0785465858555,621.47219563989,899398729.0,9344839078.0
2008-03-19,632.1200645262562,660.19068199746,622.5850486543335,651.7336508317684,939356158.0,10346274408.0
2008-03-20,642.9764915178182,684.1038239904003,619.7990056537524,676.8354110883052,1138161218.0,12907227655.0
2008-03-21,675.4405158237884,691.9855280705868,670.7577346180628,683.9143293995074,1013972944.0,12146191851.0
2008-03-24,691.0665689195678,699.7598573138015,672.9495499548553,672.9495499548553,908924196.0,10744209162.0
2008-03-25,662.2221682908834,683.9421914588735,656.70222181602,683.27317616205,877977325.0,10066761615.0
2008-03-26,686.244477417012,694.536780266803,675.422104053564,681.166087555493,715169771.0,8277696646.0
2008-03-27,673.2389243258147,673.2389243258147,643.5311257288234,643.5909232480475,823303190.0,9177955993.0
2008-03-28,636.2865014856023,662.8750529217581,618.7498606230055,661.52724616693,797687305.0,8890046041.0
2008-03-31,644.6887861486802,654.4742346828575,629.0231396001175,629.1930818686482,686267301.0,7732801681.0
2008-04-01,624.0666258813224,630.9050506274707,575.6881517247318,576.7131822245656,845924460.0,8380558856.0
2008-04-02,578.4104867416164,586.1527175889532,536.4446855117392,540.8815962637611,815706535.0,7620378770.0
2008-04-03,536.7104341598442,560.3760763388841,524.6231884755873,552.9113255330695,666067709.0,6178042586.0
2008-04-07,547.2504394011794,586.7945225704896,541.4220550410539,585.9614307018439,756875252.0,7389989866.0
2008-04-08,587.5679798559307,603.9743335499779,583.3896485671477,598.6205818151926,898131350.0,9225385127.0
2008-04-09,594.5476701311452,604.7324748495688,564.842478510469,564.894618036768,850346799.0,8688518364.0
2008-04-10,557.4186246455952,581.2955948421655,551.9609197302512,581.2955948421655,698473681.0,7050543881.0
2008-04-11,584.522216839973,594.4414358463112,583.6334008525953,589.6713209340348,690517227.0,7345461394.0
2008-04-14,578.8500881227245,578.8500881227245,552.0291899224991,553.8713445610492,710938718.0,7141568391.0
2008-04-15,550.8633827016581,571.0087921754197,542.6411423403315,570.967895234479,623687457.0,6166459119.0
2008-04-16,569.301548561168,571.820376489467,554.5418262820499,557.8790818372229,583779101.0,5854675954.0
2008-04-17,556.0656039381371,564.8069584581779,528.6307628157413,536.2468811838426,601546560.0,5619220301.0
2008-04-18,532.6046093998206,532.6046093998206,507.05558976925045,507.82090025370735,577172637.0,5143267481.0
2008-04-21,539.0681183646755,540.1689141136623,499.66513778841187,505.41123945859687,731726639.0,6587719993.0
2008-04-22,499.60012631655786,500.32046645958195,474.3957163676198,497.67731834826395,614513643.0,5088829274.0
2008-04-23,494.8800327623246,521.449683620197,490.84003415425343,518.6017249321359,719772826.0,6311713047.0
2008-04-24,556.8024006191492,562.4007193194808,544.6385750056407,561.9332558790065,1641958200.0,15518339533.0
2008-04-25,560.2116738950227,579.2500960510495,552.7278595749051,563.4312896439836,1441625794.0,14209510106.0
2008-04-28,555.3462414112311,566.5702520632009,550.8674561021503,561.6354088350238,988409270.0,9916859905.0
2008-04-29,560.007677998378,569.1384496054641,559.3075419217947,565.8223757328501,911206025.0,9442783293.0
2008-04-30,567.4444038088069,585.0048333302777,567.4444038088069,584.019070411188,1215186465.0,12651102375.0
2008-05-05,587.7912022028981,602.9660854601717,579.2790986625532,601.9045572919289,1324288402.0,14200196897.0
2008-05-06,598.8543950034395,610.9287687421414,592.273083296353,602.6869760584526,1342830145.0,14543877157.0
2008-05-07,599.0086954140805,606.1723404555186,578.8914738717244,578.9660985687398,1265461227.0,13376038420.0
2008-05-08,572.7088666048053,597.9544993667234,571.7014331950975,597.9544993667234,1051073588.0,10854268361.0
2008-05-09,601.9373074318854,606.8565088021727,585.5078168230431,598.7300748204204,1323254355.0,14801535566.0
2008-05-12,589.9320185655296,617.3882043065041,584.8550951281878,610.9753684437711,1296945534.0,14387328586.0
2008-05-13,595.20576871465,619.1677915134956,594.4200912277325,615.3832765842893,1610787613.0,16841032063.0
2008-05-14,615.1567955169281,628.2954673362076,615.1567955169281,628.2954673362076,1604099159.0,16674020619.0
2008-05-15,630.5311124622954,638.1874760272585,623.7599802922767,624.26915535379,1392682408.0,15118140627.0
2008-05-16,623.04094363741,627.0946288711347,608.0065112291043,617.3807092495987,1052378838.0,11216872526.0
2008-05-19,615.5017310705998,624.3076082544354,609.7712712583044,620.1168938281563,931191798.0,9821773113.0
2008-05-20,620.4347820025603,624.6536843602448,581.8109614724268,585.3768162632168,1240820846.0,12807712818.0
2008-05-21,577.14952488528,603.9793845665881,564.2953393563693,601.3481307847071,1327717976.0,12897369383.0
2008-05-22,595.6742097712422,610.7472580162132,591.1621855141458,598.3339773565681,1302057774.0,13297741263.0
2008-05-23,594.6395660462472,598.4579716675478,578.2537422906802,587.1032863277912,1091174272.0,10346852129.0
2008-05-26,582.0185419615046,582.0185419615046,567.0958836627022,567.5731232643575,858431951.0,8134702094.0
2008-05-27,564.6575461281274,570.4860934242727,559.2848938150587,568.1424217171343,696542162.0,6469409641.0
2008-05-28,567.260611978603,583.3903003112264,564.4880926676557,581.4663517907946,896762851.0,8493392223.0
2008-05-29,581.0860591208516,585.8540558648721,570.4847899361151,570.4847899361151,955971435.0,9639572077.0
2008-05-30,568.8663464525914,574.3383897376675,561.1348693825537,571.3907142055596,958835259.0,9821896190.0
2008-06-02,569.5273778844505,579.7633445130548,567.4124683489488,578.9630027843658,966807960.0,9815090683.0
2008-06-03,578.6381083611153,580.0385434503015,572.346171024988,576.291829677662,835440479.0,8224330594.0
2008-06-04,573.4663561603173,574.4482086149347,560.4943678891749,565.8230274769288,784993952.0,7848054802.0
2008-06-05,563.9301997362568,566.0033976507193,556.2583572494236,559.5253873801126,737004813.0,7390785702.0
2008-06-06,560.971118682771,562.6716819202156,554.2065039535397,557.253081649596,641378236.0,6149899504.0
2008-06-10,531.8938824819579,532.5210232217225,507.4539683373784,509.3045956489522,820307943.0,7797927133.0
2008-06-11,497.78387850513747,504.0363853245011,487.958673582157,497.693286078193,771657570.0,6794139900.0
2008-06-12,494.51212322987755,500.1055538496184,483.25813235028596,492.823943129929,817424726.0,7334181658.0
2008-06-13,493.8603791511405,497.6220830375909,468.89825506347296,469.4250272151122,730282783.0,6396691533.0
2008-06-16,467.83379404687577,473.45296855772676,451.4140795992144,458.16191191841824,686518188.0,5783688296.0
2008-06-17,456.294502196817,460.534260365021,427.67690850753314,430.30017842444965,711063907.0,5709683034.0
2008-06-18,425.9396846656595,455.7970585287209,412.2468674434339,452.59096646939383,1061772347.0,8713205482.0
2008-06-19,447.6194626367878,449.85494482685573,416.79685579311683,417.2838715559531,896121616.0,7404060092.0
2008-06-20,418.2854392689522,438.9299217710066,401.94605227899524,423.68285785701295,1077101816.0,8420188559.0
2008-06-23,418.30922792782616,424.7158722218111,412.2972146735164,415.16961376453014,688263761.0,5474608815.0
2008-06-24,412.18755873226894,427.8543458329693,411.5481977910279,426.25105539927614,769749261.0,5879573590.0
2008-06-25,425.6828974986372,449.14079625257966,425.14504569765944,448.8483260972464,1019360451.0,8045195849.0
2008-06-26,447.4407218231941,458.87296470832035,444.1611456189894,454.2418342208347,1096314272.0,9115922214.0
2008-06-27,439.26899162796957,441.6256982166827,418.3253585937748,422.0559417004656,924695842.0,7680975472.0
2008-06-30,414.4157088014511,425.74758309845186,410.46565087624566,420.3118745457653,621089410.0,5101970764.0
2008-07-01,420.3972530200799,422.64886587609664,409.14505443670475,411.62868818475187,740026563.0,6263594849.0
2008-07-02,411.9519532478054,424.21631038545917,409.9481660777285,419.17018185583777,826336817.0,7139880879.0
2008-07-03,413.80746863996984,442.8296324661297,408.6355535031521,437.7887178891381,1396804305.0,12096773756.0
2008-07-04,436.055893319796,443.5656144670434,432.9443041518858,437.51026023149774,1234248777.0,10600441364.0
2008-07-07,438.26726097895073,461.6915949128383,438.26726097895073,461.4421398667017,1493147154.0,12958169419.0
2008-07-08,462.65128806877857,472.6061900634276,455.2049490331883,470.5471675826777,1662728016.0,14645149908.0
2008-07-09,471.08664874385227,483.5193187898398,471.08664874385227,483.5193187898398,1769673996.0,15977241365.0
2008-07-10,478.4044312599116,490.82031889587165,473.26347396683394,473.2672214952866,1863875487.0,16726821139.0
2008-07-11,470.37641063404857,475.6188770673895,461.50568491437855,471.1071786823324,1363191558.0,12254719236.0
2008-07-14,467.9978706186978,481.96604971418975,466.71963754427475,481.96604971418975,1279351549.0,11702259526.0
2008-07-15,483.56037866680026,487.19499245789694,467.0697870505762,471.3493016075833,1577409035.0,14169487824.0
2008-07-16,466.08435000352586,467.0445319675252,439.54353882113753,448.24578869645404,1360450247.0,11872328306.0
2008-07-17,453.6655295192115,460.03763137702344,440.66991552521483,441.83653742615405,1122861970.0,9561919514.0
2008-07-18,444.22794938705994,457.0620937855495,429.37779761701705,455.03142217222455,1142320413.0,9826156296.0
2008-07-21,452.66233244601545,476.03664502186,450.00973404555583,474.7460288099409,1394388802.0,12217513223.0
2008-07-22,474.96208197204226,482.904072379512,473.1828206370902,477.61500624454135,1385563169.0,12067458540.0
2008-07-23,479.20770583695503,483.9004261398813,473.81338303326834,474.9788643820698,1348005928.0,12259899639.0
2008-07-24,477.2915782454681,488.2460927208801,477.2915782454681,487.30399665506565,1477950764.0,13381302774.0
2008-07-25,482.56500252254915,489.4558926670357,479.485837622556,484.1679670842028,1387862802.0,12279025329.0
2008-07-28,486.3711879423733,493.70379763622395,486.3711879423733,492.31313870821884,1401905570.0,12062636972.0
2008-07-29,487.0529122487323,487.55182234100545,479.31279956965136,482.30234965881806,1307990536.0,11238548956.0
2008-07-30,487.108310495425,489.6569557153261,475.0352402448805,479.7437653417162,1155031128.0,9877451547.0
2008-07-31,479.74181010947996,480.9841972595724,461.6114303911536,461.7768104511332,1037895582.0,8555454458.0
2008-08-01,459.5173766661716,472.23925814709867,452.3170710203046,468.6258260385609,1015994441.0,8432257167.0
2008-08-04,465.64670385465394,468.7959312431112,456.11445789506587,456.8020478981334,816034751.0,7068065583.0
2008-08-05,456.0364115416371,458.4745861401923,440.35381964702736,441.9852980121258,847452686.0,7375245162.0
2008-08-06,444.1350758558399,447.2904948130452,433.4854146732572,440.7870665233678,821954346.0,7172584719.0
2008-08-07,440.2840830306025,444.274874960729,434.65024427797994,442.75451896105517,786692414.0,6682503253.0
2008-08-08,442.5997297423552,443.19216510992715,409.6465715052929,409.77854968123717,1015637115.0,8385360565.0
2008-08-11,406.72724684061006,406.72724684061006,372.8634391895325,374.0626482944087,849220224.0,6170554427.0
2008-08-12,367.8182882760292,372.401841445767,360.4957806153989,366.8330141649985,787942811.0,5455587214.0
2008-08-13,364.07662551999994,369.8041524839409,349.2408121196892,366.0778057137619,821818971.0,5926901284.0
2008-08-14,363.6683078546711,371.74455754236067,361.4085481976702,368.8786758921343,689996365.0,5187857931.0
2008-08-15,367.7034183821518,373.35371367276247,362.30958438652414,367.81340019543865,665391545.0,4689712556.0
2008-08-18,367.77771720712775,368.5961448340018,338.5147339438746,338.83294799031796,756303427.0,5207544122.0
2008-08-19,332.0008777489374,345.9195242944454,329.9221400098056,345.39698847931794,702905609.0,4765864692.0
2008-08-20,343.4820014399689,375.06617123964395,338.8516856325817,374.69956519535435,1254307053.0,9001165655.0
2008-08-21,369.56251836674915,377.6508253198954,360.40307002019864,361.23746537700174,1156884768.0,8563287266.0
2008-08-22,358.0315362536943,359.0930644219372,344.4420204679485,353.8448952279073,827949162.0,5846884270.0
2008-08-25,353.6146666320934,360.09365451881825,349.235761103079,353.7210638529473,655665009.0,4830883822.0
2008-08-26,349.84106841620604,349.84106841620604,328.1671561417865,332.7124193468985,820827739.0,5541399613.0
2008-08-27,330.9067623767576,338.8164914523299,323.9101267554959,333.0834246637196,806387044.0,5419478804.0
2008-08-28,332.3951829165733,336.2504120783225,329.8893898698491,333.0976000974321,707554846.0,4678749269.0
2008-08-29,333.1538130242232,347.1221550557349,333.1538130242232,343.12403100472255,895019229.0,5896839518.0
2008-09-01,341.04578207364983,341.0824426780788,330.2546924259812,333.3767094991512,791495529.0,5211576813.0
2008-09-02,330.9719367846313,340.0577380502845,326.7940943039073,336.3178675904718,805487346.0,4956121477.0
2008-09-03,335.3775638208739,339.4638362585354,328.5437012832768,335.17715251666226,1022892640.0,6079155950.0
2008-09-04,333.49679334565855,340.3549333501886,331.64290731369107,336.7698521090759,753069385.0,4539365920.0
2008-09-05,326.73625201691937,329.0250142854241,317.8746507143517,318.149523779559,819226942.0,4890001485.0
2008-09-08,317.21133817821703,319.7081697438586,299.9024818711388,301.00555872440117,800034288.0,4670381642.0
2008-09-09,301.51245268163893,305.3412862081992,298.0751544103798,303.73799577450615,678055224.0,3983082890.0
2008-09-10,301.5331455561388,311.8831673985222,298.62245650049925,306.9685282367859,794615673.0,4910270388.0
2008-09-11,305.8164076415986,308.84343301529265,297.87572072228625,299.51339065613274,720290604.0,4396556492.0
2008-09-12,298.9129714235962,304.25205891661,298.2224485721744,299.2715936029213,595544100.0,3515936337.0
2008-09-16,299.19338431347285,299.19338431347285,290.3542681816216,292.5307675325639,710972079.0,4011110464.0
2008-09-17,292.2233072634197,295.89914386749655,286.09593530717353,287.45123711890716,740016855.0,4132652943.0
2008-09-18,281.29160383076356,284.3376927187607,262.95380655937913,278.7424698028033,1039171974.0,5441211375.0
2008-09-19,303.3585177846615,305.944149481031,300.17100043157836,305.944149481031,1045297422.0,5968582583.0
2008-09-22,324.3873663571511,333.8920761294126,307.4625502484686,319.89196157406246,2035655064.0,12488533651.0
2008-09-23,309.23317597437745,309.23317597437745,298.52453195266895,298.52453195266895,1183584583.0,7317812978.0
2008-09-24,293.7705477063414,305.8872848101612,290.35687515793654,305.8872848101612,1031370334.0,6396943133.0
2008-09-25,306.00981269696376,315.69310034679916,305.6405996763593,313.0048189580286,1501465650.0,9521961012.0
2008-09-26,314.0450025076929,316.0769776091753,306.39988152808786,312.40928780608266,1216464336.0,7695582771.0
2008-10-06,306.2038694964077,308.0722568341271,300.2617557945425,302.2660317726786,1051698413.0,6485011928.0
2008-10-07,293.31481565928453,305.20425701564477,291.0690684999764,301.4265853992653,891382171.0,5530345098.0
2008-10-08,296.00977742486214,300.23666364751114,291.70011970421353,294.53797635905426,844516453.0,5171576019.0
2008-10-09,299.7494849486552,301.15464518241225,290.16640295092566,290.19279858611446,795008393.0,4690434090.0
2008-10-10,279.8378886631406,279.8378886631406,268.19920584107444,268.34487064267216,868187588.0,4587514936.0
2008-10-13,264.126294157027,274.8530240769204,255.82063055362207,274.8530240769204,813971088.0,4386910576.0
2008-10-14,282.7407567898353,284.0444078833291,265.54318578420134,265.54318578420134,981124258.0,5472161014.0
2008-10-15,262.7473666224392,266.1719558841629,259.3638372376759,263.2681101413501,638396932.0,3324068453.0
2008-10-16,253.5349640694913,255.50958569204482,248.24638674257972,248.36614471704763,862487858.0,4179006122.0
2008-10-17,250.0150572362523,253.86360602119444,247.58568118276003,252.21827809442283,731645562.0,3481538414.0
2008-10-20,251.8223435665901,262.3499656704293,249.17642554293744,261.6788322053498,842962063.0,4223439676.0
2008-10-21,262.40145345264955,268.982276351677,261.0241552782585,262.60838219764855,1122895333.0,5811638103.0
2008-10-22,259.68645055665075,264.3878064686203,257.46742490457086,257.58327241456635,948822387.0,4649688625.0
2008-10-23,252.9345448369548,260.3088661518446,251.0987447031723,260.3088661518446,892602981.0,4455887104.0
2008-10-24,259.9083694154607,261.86197229147496,253.42318995998792,256.63319248378747,850359065.0,4185079345.0
2008-10-27,252.08646285449828,252.08646285449828,236.09298903433094,236.73560869596565,935448988.0,4400989992.0
2008-10-28,231.28425828538948,243.7586399524162,229.47322442659896,242.89573079216837,992854132.0,4670802603.0
2008-10-29,245.51362382043533,245.77611374814668,232.36028775938433,232.36028775938433,931845787.0,4441871528.0
2008-10-30,233.37798613833218,237.27834857753393,230.19274988952463,234.12211494023018,864342014.0,3996537364.0
2008-10-31,233.56047448037856,235.33240369444485,227.83066641216195,229.21154917898605,770715889.0,3509734640.0
2008-11-03,227.7461026179458,229.4997829978075,225.07036730269098,226.21645926515004,702089599.0,3331737221.0
2008-11-04,224.91199349155787,225.25138922056018,218.82454086013436,223.93111865305863,821213985.0,3762148652.0
2008-11-05,224.35931451278887,232.89716194424392,224.35931451278887,231.93144015557536,1046316286.0,4693318364.0
2008-11-06,226.8753725287532,229.30051224573367,224.72608349309814,229.05513060008917,969393179.0,4325379995.0
2008-11-07,225.22059431283984,234.54786675966514,224.020733463885,233.4513073471901,934002603.0,4154892870.0
2008-11-10,237.25016064612856,251.54567820516618,237.25016064612856,251.13345007536503,1486445933.0,6716501222.0
2008-11-11,250.78167120886673,256.0024671515897,247.79635745621175,249.8389233989736,1656717625.0,7799143493.0
2008-11-12,247.61826838669688,257.471987113122,246.79967782380317,257.4475467101694,1309787722.0,5895938585.0
2008-11-13,255.13385523065293,272.5271123959277,254.3744104429046,269.1970260256208,2170243753.0,10416694331.0
2008-11-14,271.5726331926173,283.0962831847864,268.89298741289,283.0962831847864,2421862298.0,12086424014.0
2008-11-17,282.7624272804533,297.87164732179417,281.1285048750596,297.8416670941723,2524329112.0,12819227454.0
2008-11-18,295.88187264941,300.0673731230592,274.60454664690195,276.21093286496904,2738404019.0,13941329700.0
2008-11-19,273.51711165152926,296.0723448564209,273.51711165152926,294.90034606683207,2273912628.0,11682179694.0
2008-11-20,290.8243385984107,301.58251517010314,288.0615954486444,295.23762362757844,2306182843.0,11902560704.0
2008-11-21,287.020434282862,300.11804622518105,278.69375193291773,292.40009284477713,2191282784.0,11287879252.0
2008-11-24,292.11495481032966,294.80568023939554,280.95204516574154,281.31718478585395,1584091124.0,8500381864.0
2008-11-25,284.30869010725695,287.18369617458563,271.6850590461994,279.3244772651155,1372723867.0,7187332465.0
2008-11-26,278.3610365807225,283.5383286061898,275.6005745352318,279.7963399781211,1085291802.0,5586600903.0
2008-11-27,298.2397197902609,298.895048461431,283.2398298181282,283.27257995808475,2041685441.0,10748929153.0
2008-11-28,280.2986717268077,284.12115074860037,276.8076045690528,280.15708032570205,1416563446.0,7111371337.0
2008-12-01,278.9228399765938,293.557101520555,277.16704142847624,293.557101520555,1854521705.0,9572122730.0
2008-12-02,287.39437244803736,302.02961160811674,286.13846160831116,300.0779639643387,2583812646.0,13785344980.0
2008-12-03,302.2769484859974,311.6579898193185,301.8044340289131,311.6579898193185,2757172502.0,14648133653.0
2008-12-04,314.9038382674486,321.76214120799835,311.2164332059742,311.665484876224,3161491877.0,17255256616.0
2008-12-05,309.37134571906967,321.46119837964153,309.0894664050159,321.37614577736633,2463289312.0,14092265400.0
2008-12-08,324.65213738913803,334.7039863154992,323.9365223906848,334.7039863154992,3024377393.0,16904161857.0
2008-12-09,335.6193608740853,335.6193608740853,324.63845076348457,326.0704954404895,2664461369.0,15729989752.0
2008-12-10,323.47997566352944,337.6123942668632,323.4354941301557,337.4242031641279,2483072135.0,14267612308.0
2008-12-11,337.641396878367,338.9724212231677,327.8575777043864,328.048212847417,2499666214.0,14463743950.0
2008-12-12,324.7249697899369,326.90358730913505,307.0534179030414,312.21767504693395,2001234073.0,11298024584.0
2008-12-15,316.47861489769696,319.73000317049633,310.0126618925469,318.74945420403645,1493180269.0,8522853678.0
2008-12-16,316.5903890072004,323.59109802895415,308.08203299530817,323.2230255604874,1516903144.0,8525411103.0
2008-12-17,324.10532410707765,332.40365558959684,323.37406725073475,328.3967329935216,2019761663.0,11759529441.0
2008-12-18,328.36658982988,334.2813302804382,325.2783005127846,333.93720940686507,1834953249.0,10391053655.0
2008-12-19,333.95725053728626,340.6491958017384,333.20872246285677,336.69604209215896,2091123674.0,12057835515.0
2008-12-22,335.98352287807967,340.6472405695022,331.25202380246856,338.1424251388961,1804193103.0,10480261501.0
2008-12-23,339.0664353065255,339.0664353065255,315.7445881290194,315.8672789518416,2035748521.0,11713168835.0
2008-12-24,310.9669781598376,314.1204418848067,304.7597675539461,308.87162094669804,1528442259.0,8350789920.0
2008-12-25,309.717421824879,313.69257189711584,302.7305623647984,309.31122232780615,1298587685.0,7261067673.0
2008-12-26,309.33126345822734,311.5139543779176,304.7053469233716,305.97804017312535,1136250985.0,6465376819.0
2008-12-29,304.51243067606543,306.8634345040896,296.25010805389644,305.26486921496735,991477385.0,5411818119.0
2008-12-30,304.8314594026072,308.70151574214765,302.25478918732034,304.0314435459575,1050076899.0,5974896727.0
2008-12-31,304.14077361516564,305.74504166497684,298.1747083184069,298.3070123663905,922093189.0,5120088232.0
2009-01-05,302.4697017972839,312.85312552370254,302.0767001178055,312.85312552370254,1400926348.0,8660465219.0
2009-01-06,312.12040224318247,323.45879398097054,310.3432590764862,323.0809453513227,1952341634.0,11871315357.0
2009-01-07,322.737639157848,328.042021278669,321.57052844884964,325.0881541778131,1949938596.0,12266823354.0
2009-01-08,319.90662581583405,322.6507942593563,314.6462364203278,318.04866638337444,1675410071.0,10629811172.0
2009-01-09,317.95644459623315,327.6434797745213,317.95644459623315,327.35394246754237,1595003080.0,10590488702.0
2009-01-12,326.81071377791505,335.9352938162532,326.13387755214666,331.1739774490398,1932460899.0,12633084175.0
2009-01-13,328.11273551121195,329.0795978520183,320.2743724122614,320.9880321784785,1608399464.0,10129992506.0
2009-01-14,320.23331253530097,334.76329502666425,320.23331253530097,334.76329502666425,1842525932.0,11749247180.0
2009-01-15,332.19542335644036,343.1108331871281,331.60592083722275,338.88459870855786,2443366022.0,15565043173.0
2009-01-16,340.0821784532372,345.2914059385626,338.9240292253215,340.5390510524318,2457061685.0,15582707684.0
2009-01-19,342.3235263400138,344.2776180240871,335.42921453911384,339.81642980513215,1844602400.0,11890513872.0
2009-01-20,339.5936962662238,344.02066792104506,337.47552801032845,344.02066792104506,1494255139.0,9646827942.0
2009-01-21,340.29497289494475,346.38649892686044,338.8901385332271,343.44762193981546,1732014136.0,11274999334.0
2009-01-22,345.3474559293339,349.79528339467475,344.1198959570328,348.70898895143984,1879498295.0,12075114175.0
2009-01-23,348.2398961507689,349.50297617536125,345.1613829948545,345.8069355048435,1773065063.0,11545303774.0
2009-02-02,348.98011448819443,357.43176876523654,347.4529151756939,357.43176876523654,1959498746.0,12444636599.0
2009-02-03,357.32586035244174,367.3239403923071,356.7761142220271,367.3239403923071,2704671730.0,17264956959.0
2009-02-04,368.7168804245878,374.27576860815566,367.3392563781575,374.27576860815566,2914894647.0,18797245913.0
2009-02-05,373.8977570424882,376.22741625193373,366.29842108441443,369.90696511236166,3232972078.0,21229537906.0
2009-02-06,370.85166815449094,386.3941350721723,370.85166815449094,385.78719839884843,3319048044.0,21845421988.0
2009-02-09,390.5677412163845,397.8568469929794,386.6574396799821,397.83028842177094,3819226895.0,26394030536.0
2009-02-10,396.0573815915865,408.748631100813,392.0592575405742,408.748631100813,3627707521.0,25233407172.0
2009-02-11,402.21652607167107,418.75404326156416,400.063652443583,409.18301852929125,4067703745.0,28628235106.0
2009-02-12,410.23118594392,416.6666699133891,398.3042693030324,416.6666699133891,3446548041.0,24324759861.0
2009-02-13,416.6067094581453,430.4939093518542,415.4584993274304,430.2146370141154,3742662599.0,27358092875.0
2009-02-16,434.1029421878605,439.44838418564194,428.2796088443452,439.0203512619314,4033548159.0,30139076122.0
2009-02-17,437.4499739042145,438.14114849971514,421.61454802314097,422.2297944334687,3717889725.0,28559359907.0
2009-02-18,413.50440764335707,423.5143820126594,407.1230184324232,407.39821736966985,3012731552.0,22976470127.0
2009-02-19,411.296298704596,417.8986291582218,408.0133008439779,417.22309642061083,2643674257.0,20474266411.0
2009-02-20,417.47271440276717,430.7273966680617,414.8968588675787,430.7273966680617,2779956149.0,21875058460.0
2009-02-23,429.559471278965,446.37072098192755,427.431852733928,445.2089871615789,3230805122.0,25536728384.0
2009-02-24,440.79016230774175,446.42497867648245,425.4593492796304,427.22215407659434,3776406804.0,29412889817.0
2009-02-25,430.69839405655796,434.122331574203,418.09154540552794,431.8102694548833,3090342765.0,24491317665.0
2009-02-26,432.0214345363941,436.24750607894475,395.815095730316,401.1372378772826,3131531132.0,23873402616.0
2009-02-27,392.94937701610934,395.1372818884295,371.4436147140039,375.0814872254943,2518853849.0,17650132084.0
2009-03-02,369.88317645348775,387.46918693004903,368.9111001600515,386.9676698614609,1839469125.0,13235192027.0
2009-03-03,377.23273149338553,396.1109875420626,374.4936140664735,391.4436852582071,2132881323.0,15804849860.0
2009-03-04,392.88485435231433,414.420922754081,392.88485435231433,414.090651442181,2848828809.0,21411932774.0
2009-03-05,418.2640946503736,423.13131943038167,407.5233522327874,417.8929263975328,3155502197.0,24206810257.0
2009-03-06,411.26859958124965,418.8791781246817,409.0191048934888,415.21556172208113,2452914740.0,18502840833.0
2009-03-09,416.3759920542724,419.9133330416176,394.9176441338951,395.8248718914971,2397793976.0,18149487200.0
2009-03-10,390.98583504289434,405.3506004102978,390.1695255842762,405.3506004102978,1637750645.0,12226741138.0
2009-03-11,412.3938357331891,413.17348458737837,402.280559927407,404.4001946074795,2011031524.0,14893523585.0
2009-03-12,402.1806801473406,407.43471503807916,391.69248856026496,406.12128778340434,1938749717.0,14062171527.0
2009-03-13,407.37899091934713,410.36756339239577,401.69545668072084,402.4392596105795,1849013866.0,13451342784.0
2009-03-16,400.1006389200513,407.97631436750964,397.435983254135,407.97631436750964,1575899115.0,11425554516.0
2009-03-17,408.2256064776265,424.11968932578645,406.81881688367264,422.8303766020249,2536524233.0,18846358672.0
2009-03-18,424.5658081476819,434.1068526523329,423.99292510247204,427.61645924423027,2874194621.0,21789375579.0
2009-03-19,428.44238192800975,437.85535872118896,427.40333893048324,437.85535872118896,3003363485.0,22875743881.0
2009-03-20,437.82733372580327,438.5214411696582,427.135635050142,435.4386916772321,2910858029.0,22497722542.0
2009-03-23,434.9107789734551,444.30436638029187,433.622769737851,443.6786920647043,2967479305.0,23551373156.0
2009-03-24,446.729669033292,448.7552896300067,441.1365642855905,447.0578221769361,3223872796.0,25321208321.0
2009-03-25,444.56962622033785,449.15806747066614,436.89680611738646,436.89680611738646,2891574663.0,22764466436.0
2009-03-26,435.64236170183744,447.64634708003564,429.8335296640739,447.64634708003564,2802422032.0,22351667776.0
2009-03-27,449.5258140670935,454.59230959917556,446.9014035980392,451.8756773429799,3286204827.0,25724773426.0
2009-03-30,452.099062625967,457.2224228289188,450.3214306512118,453.83482004366346,2845926880.0,22467704384.0
2009-03-31,444.6106860972983,458.5431822044794,441.2762004544599,458.5294955788259,2736959113.0,21967425934.0
2009-04-01,459.8227187670599,467.10547003888706,459.8227187670599,465.3213206233445,3471312632.0,27853188333.0
2009-04-02,466.7657484378454,470.7770703064521,463.21260265659083,466.18504446369076,3460969607.0,27506865523.0
2009-04-03,468.51014146458505,470.62276989581113,457.9962059863994,464.09473826716135,3345438058.0,27907446884.0
2009-04-07,464.52602991126565,471.5137040514447,464.52602991126565,471.5137040514447,2501635820.0,21729994428.0
2009-04-08,469.9728181132906,471.915015467927,456.1286333287784,456.1286333287784,2885968990.0,24289299579.0
2009-04-09,454.6292960756438,466.1130267429903,453.43921138787005,466.1130267429903,2431322601.0,20433079747.0
2009-04-10,468.04463325634714,480.0623052601989,466.6191060201296,479.99403506795124,3221472031.0,27458480813.0
2009-04-13,482.40972449579004,486.4200687482786,480.76244133678216,485.5216395357396,3383628121.0,29216083909.0
2009-04-14,485.5597665643457,494.39920856823636,482.7359224071979,493.7461610013418,3382844874.0,29584278897.0
2009-04-15,491.37772301921154,500.4263748723767,487.1997176024678,500.4234420240224,3546870936.0,31181199594.0
2009-04-16,501.731818262087,506.46641312207214,493.0817079130694,503.4185319378584,3826645963.0,33614803591.0
2009-04-17,501.9622097939205,503.36508892340197,489.1655406799583,495.7580949724031,3415627066.0,28789053848.0
2009-04-20,494.08001690567494,508.77375009682083,494.08001690567494,508.77375009682083,3311762136.0,27403951960.0
2009-04-21,504.20730520914987,510.74201721460673,498.925082387006,507.9856285696081,3455930110.0,29053952542.0
2009-04-22,508.7818968978051,511.93307951849863,478.5419492605251,482.21843760868063,3736400509.0,31941381448.0
2009-04-23,477.2778916198147,488.68846401432285,472.49832641839663,485.57443080611733,2521685314.0,21178831734.0
2009-04-24,487.2544641050817,489.1492470779899,481.34314531093685,481.67960819158486,2412460655.0,20464806407.0
2009-04-27,480.4049597095949,481.5011932500306,460.98477845944797,462.44044885930714,2225602751.0,18700179134.0
2009-04-28,458.20101656314245,467.70947386385666,458.11808212912314,467.70947386385666,2012994019.0,17085478280.0
2009-04-29,467.71305845628973,478.9390243404956,466.31115694292635,477.9830787130081,2666847593.0,20777774163.0
2009-04-30,479.60364036478774,485.70412787778594,477.95586839772085,484.22890515556475,2736009908.0,21830994095.0
2009-05-04,485.51854375136566,500.1897917717951,485.51854375136566,500.1897917717951,2866087147.0,23561092192.0
2009-05-05,504.0471391018002,509.75462493532007,501.1753917548652,507.9364218916635,3215067030.0,26998869313.0
2009-05-06,507.3280187941625,517.4259786140943,505.49010049212404,517.4259786140943,3366247844.0,28818064533.0
2009-05-07,519.8882677435628,520.8624622052549,503.5760910688931,514.0274591155201,3713553704.0,31907534022.0
2009-05-08,511.3134338356394,517.3880145215079,506.50763593505224,514.9980689847791,3375992248.0,28651777585.0
2009-05-11,516.6645785941098,517.0970107903518,494.2486556860481,494.2486556860481,3295787229.0,27452499379.0
2009-05-12,489.7556949432547,506.53696441859546,488.92113665043195,506.53696441859546,2233696465.0,18507395492.0
2009-05-13,507.1424346677421,512.7485742970183,504.32478207934224,511.1984010057423,2645852639.0,22804636318.0
2009-05-14,508.1387884281113,515.9963779773846,505.94110739461007,515.0378253735821,2713722112.0,22995280929.0
2009-05-15,516.5189137925121,520.4503970114735,514.4737408734352,518.6554938186317,2712743706.0,23624180751.0
2009-05-18,517.4171800690314,523.8700981926066,510.6656002213748,523.5015369160809,2589793863.0,21874481585.0
2009-05-19,526.2486382079575,529.1291840999554,524.2173148505539,528.4686414761554,3008413262.0,26178462706.0
2009-05-20,528.0933998228226,532.2023203672203,524.8939881403026,525.8626427773255,2933439668.0,26268316508.0
2009-05-21,523.0842577696695,525.6690747859406,513.4852080420109,516.5472646599371,2740906226.0,24360018368.0
2009-05-22,514.7929325359967,520.6102372467838,512.6038871115387,515.5737219423237,2114300893.0,19012634285.0
2009-05-25,502.12970802215597,516.8131762440619,497.25955039379346,515.7131951751734,2290361156.0,19638260509.0
2009-05-26,515.680933843276,524.6297059163747,515.680933843276,518.0632213870795,2556856236.0,22890740796.0
2009-05-27,519.483045862608,521.4997049782401,513.0508206135326,518.0824478374022,2034028625.0,18225604981.0
2009-06-01,521.1648714577889,525.9788161593603,520.5545131280518,525.6376281341414,2349267094.0,21104450689.0
2009-06-02,527.6146937969902,530.0083868621717,525.2801465069542,528.3058683924909,2741053131.0,24621636272.0
2009-06-03,527.9215023220557,532.2456613484562,527.751560053525,532.2456613484562,2699864279.0,23929858968.0
2009-06-04,530.718299099936,532.1109132601773,522.1806146045006,530.5731231063974,2722061405.0,24379460582.0
2009-06-05,530.9693835062694,533.9670803964203,527.9029276158117,528.482816909868,2559142453.0,23730156339.0
2009-06-08,528.8119476696302,532.4278238184631,524.5110884940445,528.6284817114657,2397329678.0,21865212164.0
2009-06-09,528.5167076019623,532.1524619451968,519.563047448273,532.1524619451968,2455269470.0,21596386591.0
2009-06-10,533.031175899354,538.091479862688,532.111565004256,538.091479862688,2635550828.0,22906084780.0
2009-06-11,537.2525222973338,540.432218721472,531.6656091183802,534.7983799688495,2524287031.0,21462339071.0
2009-06-12,534.1766161177343,535.4524051518621,520.9509364639435,524.2810228342503,2726267937.0,22523325796.0
2009-06-15,523.7949846875323,530.9403808947657,521.4141635679058,530.9403808947657,2025591001.0,16966381950.0
2009-06-16,526.1125866315211,530.582573395539,524.6024956010874,529.5616162961975,2048972128.0,18219685841.0
2009-06-17,528.77593880928,537.2684900272628,527.4439368483612,536.683712652616,2215093134.0,19377247206.0
2009-06-18,537.2212385815544,539.5562746796494,535.5534254840663,539.5396552056417,2511153385.0,22016991746.0
2009-06-19,540.1646777771505,542.6297368189536,536.9704800472603,540.9076660269108,2834425201.0,25495917205.0
2009-06-22,542.9860778940031,543.4225834907372,535.3735441183348,537.257573313944,2475934001.0,22263621140.0
2009-06-23,531.0599759332139,540.6256237768372,529.4065012054581,537.0266929740513,2130967534.0,19312348489.0
2009-06-24,537.1658403348617,543.207507944754,536.1861060485003,543.207507944754,2113641019.0,19850443000.0
2009-06-25,543.4611993274024,545.6323217896951,541.1579357531457,544.1763255177965,2230171469.0,20981799578.0
2009-06-26,544.7588217881678,547.0143451086569,542.5844406054814,546.8810634445553,2228631196.0,20374045160.0
2009-06-29,547.52368310619,550.8345430261741,546.329036209865,548.2694412682848,2476744827.0,22883054512.0
2009-06-30,548.315226289816,548.3468358776348,541.4139082400696,543.4075933769262,2316062976.0,21548925838.0
2009-07-01,541.6519577648284,547.079356580511,541.2392408269682,547.0119010683617,2384547566.0,21079968988.0
2009-07-02,548.6261082153736,552.3392571679582,547.2556533538094,552.3392571679582,2633094308.0,23861501564.0
2009-07-03,550.5168177877897,557.9054774724118,548.5858630185116,557.8546414342702,3046175638.0,27233129509.0
2009-07-06,558.2786009574887,558.6958801039001,552.29705673886,556.7787748962951,2772168988.0,24782703340.0
2009-07-07,556.3528601408404,562.2289847547336,553.8263742196164,559.3849365311448,2733825497.0,24785309398.0
2009-07-08,557.1214293456911,567.3326296993035,555.9577402931061,566.8884661096441,2523487891.0,23334531824.0
2009-07-09,566.8671214910655,578.745646134107,566.8671214910655,578.745646134107,3185081583.0,30469683193.0
2009-07-10,578.9863026351807,584.2243697959901,577.9529623983431,581.1817025644062,3138311576.0,29920490812.0
2009-07-13,579.5003657772844,589.4190959755636,578.7298413401976,586.2451023121142,3066920801.0,29407815311.0
2009-07-14,588.0232230949285,596.1019168229134,588.0232230949285,596.1019168229134,3067708138.0,29787375282.0
2009-07-15,598.2311647281473,602.5263211430439,596.876188788453,602.0085104724874,3583350282.0,35640098076.0
2009-07-16,603.335461416796,606.0147813244839,598.2041173488797,599.9907108047175,3450825814.0,33913044806.0
2009-07-17,598.3857910108276,604.9553713244969,596.7882033378235,603.3937925118429,3076298181.0,29974786126.0
2009-07-20,605.0356987822012,614.0014162013471,605.0356987822012,614.0014162013471,3352363658.0,33922915306.9999
2009-07-21,614.8053425224692,614.8053425224692,596.8405058001422,598.164198024057,3556211544.0,34739311215.0
2009-07-22,597.3780317290805,607.0111350848531,597.3780317290805,607.0093427886366,2855223855.0,28672960982.0
2009-07-23,607.8693191005301,614.5470889312697,606.6125935807054,614.5470889312697,2968869475.0,29450346700.0
2009-07-24,616.6308776870117,617.7979883960099,598.6372012892004,609.6560754923877,3214532025.0,31512192734.0
2009-07-27,611.2686532792028,621.7878027100184,611.2686532792028,621.7698797478531,3090396745.0,31446452203.0
2009-07-28,622.5725025808179,629.9000612580581,617.3642527116106,629.9000612580581,3493160756.0,35673638263.0
2009-07-29,627.953138758851,628.7831348431226,575.9043678228529,589.5072443622128,3657177472.0,36998201609.0
2009-07-30,591.3705806833219,600.0232980086545,576.1029868308481,596.4452230163881,2747330033.0,27639225472.0
2009-07-31,599.383611195374,614.8206585083196,598.0732797250732,614.4595922886992,2882844181.0,30054893011.0
2009-08-03,616.4668011151896,625.4494638803827,612.9209874548209,625.4494638803827,3264963755.0,32837887893.0
2009-08-04,625.7119538080941,631.5792798769241,615.3384691788762,631.5792798769241,3539049868.0,35676430693.0
2009-08-05,631.3602938664685,638.82146007985,623.2560191833933,635.6396454874558,3543319241.0,36039047406.0
2009-08-06,631.6623772469632,637.8563900352601,616.766929263448,627.1764227530161,3023836380.0,31284844526.0
2009-08-07,626.4511945294015,630.5469172562048,607.3720383684538,609.7931046849421,2715683280.0,27657161918.0
2009-08-10,615.4678403785055,620.3277330376278,604.2276990605869,615.0512129761728,2170322438.0,21935859565.0
2009-08-11,616.6660718672636,619.6523632360365,610.8031450709649,619.2702782698769,1794829143.0,18768969472.0
2009-08-12,617.1974062274538,617.1974062274538,586.96462777504,588.3507244944939,2118972905.0,21196931804.0
2009-08-13,588.005951876842,592.0959718429563,576.9171781212102,589.3140022428672,1672342371.0,16255206238.0
2009-08-14,588.5868187870165,589.938536006317,559.5227804037977,559.5227804037977,1943765687.0,18663338628.0
2009-08-17,552.2913539781711,553.3110075893551,520.7570426005193,520.9437672790774,1945903386.0,17760266754.0
2009-08-18,515.355224739927,531.4541181648301,511.67498886331873,529.8868365914873,1508301284.0,13291133998.0
2009-08-19,529.5225116514732,532.3137686046842,498.66063722705843,502.85069990925876,1768107210.0,15670096685.0
2009-08-20,501.51592803600533,522.7908099982182,501.45710813289935,522.5162628050502,1704540208.0,15128664387.0
2009-08-21,521.4928616654133,539.6572950118538,517.7380010917897,539.6572950118538,2218347919.0,20421795812.0
2009-08-24,540.3354347257796,555.4075053546325,537.549065853159,553.2323094918476,2331224436.0,22552464605.0
2009-08-25,550.3674054577393,550.3674054577393,530.6094578387869,546.7922633138273,2557627141.0,24792849106.0
2009-08-26,543.8087418573889,568.7941657958713,540.3230515882835,563.9883678952841,2617948570.0,25228030862.0
2009-08-27,562.0491033890021,574.7183565355712,558.6471622340144,570.3823031797338,2894762710.0,27442272268.0
2009-08-28,568.2822208220233,568.8313152083592,550.9502276001499,553.7173700224477,2188025196.0,20980059388.0
2009-08-31,545.8389246626547,545.8389246626547,514.897537460634,515.3940035126119,1932483843.0,17878634126.0
2009-09-01,509.94167548591764,521.4632073098309,504.5375765210499,511.36068528134786,1545220868.0,13660119215.0
2009-09-02,508.3059607843074,515.3936776405726,502.71611475699956,513.4120497691727,1314790171.0,11589569748.0
2009-09-03,513.3843506458263,538.3555991505962,513.0817784572727,536.6973992782695,1963805319.0,17742668048.0
2009-09-04,535.42763887687,549.4702797333578,533.040463252476,546.6806521403436,2196917683.0,20426573966.0
2009-09-07,549.012918326104,559.7039652576865,548.5628890397361,554.7973099609148,2490376689.0,23994823735.0
2009-09-08,552.3571801301234,563.0198761942809,546.625253893651,563.0198761942809,2396014420.0,23046342495.0
2009-09-09,563.1388194886504,565.5183371201193,556.0245440611767,564.8366128137603,2293474443.0,22364102191.0
2009-09-10,562.5320457513462,565.0316472293224,555.0322637012996,558.7960857560059,1964286303.0,18803745225.0
2009-09-11,556.7214214173663,570.6257295931421,556.5716832152764,568.9975099484371,2178388558.0,20391716795.0
2009-09-14,571.1055761711121,584.6271476366496,571.0369801068251,583.2982414601048,2796155758.0,27077136041.0
2009-09-15,583.4541712309426,592.2103529287746,580.3295471814577,589.7637056571958,2874824328.0,28215848617.0
2009-09-16,588.6350478488429,598.1664791283326,581.4704251912868,594.1321832809505,2998932449.0,29103294534.0
2009-09-17,595.375548047161,611.0441274440778,595.375548047161,609.5053596741798,3490064979.0,33862627917.0
2009-09-18,610.7078274994495,614.1250846402875,585.5361676904681,590.9542791530287,3642764170.0,35619489909.0
2009-09-21,585.4483451758582,599.5041838499403,574.2642538487112,599.037860961604,2562049357.0,24725207230.0
2009-09-22,597.665776739843,603.397377104276,584.8076807464598,584.8076807464598,2323918878.0,23347624073.0
2009-09-23,582.2811948252356,588.1710060647822,563.807834785474,567.4206151499329,2062651845.0,20128796608.0
2009-09-24,563.8748014895642,570.4808794716428,547.9388440843454,562.5781566449169,1779783868.0,16983458281.0
2009-09-25,560.1795754991449,563.9246599115876,554.249681998756,556.5614182460363,1419722701.0,13420164445.0
2009-09-28,558.1317956037532,563.6116598177741,536.3734824711372,539.0736581893447,1414470183.0,13333312175.0
2009-09-29,537.6978264391308,540.7435894550887,515.1192933834243,524.7155731987483,1290898825.0,11578715976.0
2009-09-30,527.5967708348251,536.4556022250581,527.5967708348251,529.6077271897681,1084756691.0,10083330941.0
2009-10-09,537.9873637461097,557.09617426264,537.9873637461097,557.09617426264,1367577213.0,13417868658.0
2009-10-12,558.5624355037787,565.0635826891805,554.3114347502163,560.3822679076321,1485373747.0,14894448683.0
2009-10-13,558.8874928630487,570.5812480597682,557.9623421432815,570.5812480597682,1416181889.0,13765476417.0
2009-10-14,572.5131804451645,581.6721399836559,572.104211035757,577.3484697653145,2046710388.0,20388017413.0
2009-10-15,579.8609431888457,582.7675588439931,574.7162383673153,579.9880332841994,1767322047.0,17136851939.0
2009-10-16,580.8053203589357,583.0758337932357,572.6443439410102,583.0758337932357,1811434685.0,17953314781.0
2009-10-19,582.9645484917914,596.6249414460999,581.9818813570756,596.6249414460999,2225297928.0,22507121880.0
2009-10-20,598.8090987899673,605.4432017674314,596.1415102756966,605.4432017674314,2646558542.0,26741687929.0
2009-10-21,604.4413081823931,607.5740790328622,600.6168739283642,600.6168739283642,2704171808.0,26357668555.0
2009-10-22,597.963460847806,607.5173772980121,596.6705635316114,603.8856963552697,2346766156.0,23060684816.0
2009-10-23,604.3842805755036,614.2292007568657,604.3842805755036,611.2627875824941,2801723090.0,28091634031.0
2009-10-26,612.7362180084989,614.1006442373348,605.9893633054132,612.845548077707,2587729926.0,25926405022.0
2009-10-27,609.0613590205402,609.0613590205402,595.9360479548749,596.0017111708075,2742577194.0,27653869266.0
2009-10-28,593.1961158478643,602.1114860369279,588.5053507771743,602.1114860369279,2106102094.0,20764712970.0
2009-10-29,593.2080101773013,597.5841457939811,588.7059250174055,590.5694242745344,2174999646.0,21297695209.0
2009-10-30,597.2804330532896,603.187352574903,593.0810830179673,597.3219817383091,2257196993.0,22494361250.0
2009-11-02,583.2412138532153,616.5806933929489,582.3753718446131,616.5806933929489,2787797670.0,27747535123.0
2009-11-03,617.9449566857652,630.6344138987752,617.7352580284315,630.5249208935473,3409816331.0,34765584255.0
2009-11-04,631.435407371543,637.509173377313,629.5510523038945,637.2576001629205,3324580340.0,33728399342.0
2009-11-05,637.0358442401302,645.0759221314498,634.9732371669472,643.7603767085193,3207259633.0,31974735425.0
2009-11-06,646.3321588432154,652.0906436508965,644.9191776805136,646.7965264993156,3624443328.0,36465297037.0
2009-11-09,647.4090029973087,652.8561170713731,643.5632241247013,652.8561170713731,3128840297.0,31184579929.0
2009-11-10,654.9829209363118,658.9629590891391,652.5395323851267,654.673179562892,3025419554.0,31265381801.0
2009-11-11,653.6525483355898,660.15451020109,651.1832529572749,659.2575474127282,2795611070.0,28240431867.0
2009-11-12,660.1426158716531,667.4211308069687,658.5015242813932,660.9731007639838,2874245609.0,29972938061.0
2009-11-13,658.496473264783,668.8502426356192,653.0612535201556,668.8502426356192,2902306818.0,30085481133.0
2009-11-16,672.8426639259425,683.9301341934168,672.8426639259425,683.9301341934168,3710045123.0,39507317188.0
2009-11-17,685.803246675707,690.8221648900413,680.4713283675595,688.6484354514336,3459933889.0,37161958308.0
2009-11-18,688.0017423893067,693.0266892363693,684.1038239904003,693.0266892363693,3406623965.0,36680571158.0
2009-11-19,693.3976945531904,705.6772047406746,692.606314305584,705.6772047406746,3785980249.0,40717830898.0
2009-11-20,704.2841017723742,715.7062426242801,700.8883521861347,710.1968869906963,3752029492.0,40756959593.0
2009-11-23,711.2926317230729,724.3692249188526,711.2926317230729,724.3692249188526,3744254797.0,40785197635.0
2009-11-24,726.3321151479888,726.9597446958127,679.5333057022372,683.2814858990538,4698089996.0,52189619278.0
2009-11-25,680.2350711390172,710.4049562878331,677.9800366265872,710.404467479774,3512258343.0,38683952579.0
2009-11-26,711.3473782256868,714.7162433686785,678.1869653715862,681.4135873693936,4308560161.0,47479574181.0
2009-11-27,671.6841888259875,685.693916606499,658.8304921051358,663.80297355386,3012440579.0,31557846929.0
2009-11-30,668.6151259592148,694.7678235427152,668.6151259592148,694.7678235427152,2748166236.0,29830476263.0
2009-12-01,695.4422157281883,716.1021771521127,692.2978764203216,716.1021771521127,3401578829.0,37516455935.0
2009-12-02,718.6684194621398,730.6139108092715,717.6451812585227,729.1266308215936,3889103934.0,43592039881.0
2009-12-03,727.114859786552,735.7921804508568,725.0726197158295,735.7921804508568,3637355265.0,40650669221.0
2009-12-04,733.8095749633388,738.6165134160638,697.2962646961755,713.0046004818954,3774365493.0,42699738400.0
2009-12-07,712.8718076258526,726.5445837176571,712.8718076258526,726.5445837176571,2365819041.0,27071200000.0
2009-12-08,726.2275102233516,728.6023027102495,717.2943800081424,725.2005244912817,2568090967.0,28527044486.0
2009-12-09,718.092440632556,724.9113130563422,711.0109153450388,714.7240642976234,2306701557.0,25907773273.0
2009-12-10,716.9419493975655,722.5495554510189,710.842113628646,718.8225569367611,1844068415.0,21228142282.0
2009-12-11,719.8518237731065,723.2602823688815,715.335237307459,718.2861715599606,1873069116.0,21311961788.0
2009-12-14,718.130078853103,718.2557025242796,700.0003508788556,714.3988440023336,1896435292.0,21817706345.0
2009-12-15,714.4575009694198,721.2331953479897,712.4085805218904,718.947528863859,1996771556.0,23458287896.0
2009-12-16,716.6711497328503,721.4329549081227,712.6995842530464,715.5068089361865,1913423729.0,22312358318.0
2009-12-17,715.3802076488919,717.5690901373302,693.562422869091,693.855055960444,1912097779.0,21665779220.0
2009-12-18,686.9151220740325,686.9151220740325,664.8428312314849,666.6825418297399,1730046743.0,18761459103.0
2009-12-21,665.424349885738,675.6800317727243,663.2082570820124,675.6800317727243,1190759578.0,13403602391.0
2009-12-22,675.8581208422391,676.7707254884906,654.1014370698199,655.7105932002216,1442047481.0,16353239187.0
2009-12-23,654.5086141830109,667.7483063344946,654.5086141830109,667.7483063344946,1300096159.0,14719310599.0
2009-12-24,668.1890482677405,690.2416238519063,667.4514369066299,689.1872648685294,1827424581.0,21332788810.0
2009-12-25,688.7466858713033,697.5139472184737,685.7278072985932,693.3991609773675,1657843644.0,19301820740.0
2009-12-28,694.4940910296456,704.90553975145,694.4940910296456,704.90553975145,1736661355.0,20217356642.0
2009-12-29,705.5344727874312,708.9579214970172,697.4331309527104,708.9579214970172,1863392895.0,21725869428.0
2009-12-30,708.1844642115759,710.4851208095176,700.3848798853103,706.5891576428473,1900966787.0,21925636784.0
2009-12-31,706.7428063094096,715.7544716861065,706.1867056742274,715.4978474551039,1957483148.0,22841831768.0
2010-01-04,719.1588568813895,722.7933077364664,715.8585878026848,718.020748783895,2353332718.0,26850010562.0
2010-01-05,718.7557531686906,727.0583209877216,713.3501877796458,727.0583209877216,2646795225.0,30379011115.0
2010-01-06,726.6697185807747,733.1317611214522,724.3314237622859,725.5325880993983,2861706730.0,31692042146.0
2010-01-07,723.4531986161877,725.4208139898948,707.965152329081,710.5902145422141,2825544107.0,30615696093.0
2010-01-08,706.4544095545687,719.8176072089728,704.4468748560389,719.8140226165398,2235387259.0,24352036479.0
2010-01-11,724.3480432362936,725.0691980594163,716.6020648605041,725.0558373058021,2668459702.0,29877476198.0
2010-01-12,723.597559929628,739.990552870061,722.7700078856516,739.990552870061,3022096477.0,34346652147.0
2010-01-13,724.6599027779693,740.6126425932156,721.8088483055342,730.8196990021327,2981230494.0,33651449313.0
2010-01-14,732.244900366311,751.0216472747246,732.244900366311,751.0216472747246,3278595315.0,37583039098.0
2010-01-15,752.4227341079896,758.9701551229819,752.4163796032218,758.9701551229819,3179460918.0,37391289562.0
2010-01-18,758.2307514656546,771.3474269222768,756.7159352906501,771.3474269222768,3099028960.0,37259981053.0
2010-01-19,771.7805108625973,775.278421333179,765.1014375437003,772.389728640197,3149420112.0,37755908834.0
2010-01-20,772.7253768407464,773.0805773636581,745.0603071225366,747.3462994787069,3865847760.0,44841808738.0
2010-01-21,747.257988156038,754.7593995662814,740.5911350386172,750.5540208982309,2660959506.0,29819639963.0
2010-01-22,741.9754394618546,743.0081279546135,715.4271332225609,728.5322402217854,2709663571.0,30039257815.0
2010-01-25,723.418493243995,729.6757252079295,717.6054248697199,718.066044997367,1749193333.0,19626740904.0
2010-01-26,717.9674687054581,721.6811064661017,682.110953533642,688.719964364075,1996702164.0,21551563663.0
2010-01-27,687.5326495886358,695.883120597454,679.648990276213,683.4569679922538,1574750498.0,17151082548.0
2010-01-28,682.5117761420654,692.86114624037,679.7386050870393,692.1580773154325,1463082877.0,16070093102.0
2010-01-29,688.871657798401,705.2732863478775,686.3603249270076,699.0481527798207,1883634688.0,21186161315.0
2010-02-01,698.0742841901678,698.569120881949,681.4197789381416,690.8462794209545,1865828083.0,20554891741.0
2010-02-02,692.221785299129,701.289663602617,687.9434112942598,688.4806113511588,1877893038.0,20379240155.0
2010-02-03,688.7730815064921,701.4128432334983,667.6060631893101,701.4128432334983,2293007206.0,24240296969.0
2010-02-04,698.0016147253887,716.0332552157863,694.5486745962398,711.0894505065266,2575778120.0,27763147525.0
2010-02-05,696.1009660557718,707.3371969092178,691.4038464803141,697.6565162356975,2843740390.0,30497313186.0
2010-02-08,696.1076464325788,700.7171064294465,693.018542435385,697.1351209727079,1838247798.0,19556730032.0
2010-02-09,694.8028547869474,700.5993036872147,691.7478044178675,696.9314509481026,1547037610.0,16222190799.0
2010-02-10,699.7816907404391,705.5809095530414,697.8378640256061,705.5809095530414,1369935250.0,14929988976.0
2010-02-11,705.4530047775891,706.7059827689611,701.3157333657664,701.7864555266343,1341642301.0,14257265676.0
2010-02-12,702.5617051082919,711.791541815346,702.5617051082919,711.423632282899,1375979299.0,15378944678.0
2010-02-22,710.8776336809372,720.5570108663001,709.5933719737857,715.7269354987799,1875546556.0,20230675985.0
2010-02-23,715.1947864584912,727.3833783469917,709.2681516784959,727.3833783469917,2438730214.0,26174091175.0
2010-02-24,723.9289717936657,742.9330144495391,721.0990990037897,742.9330144495391,2916964456.0,31881271341.0
2010-02-25,743.9730350631837,756.9735371377708,743.632335846024,756.847587594555,3474718343.0,38616175717.0
2010-02-26,754.7706421516398,761.9572611718532,752.1340114811092,758.1973495816194,3280813500.0,36932233526.0
2010-03-01,758.7889702690929,770.2689534079865,758.7889702690929,769.3654731788373,3524888077.0,39496716087.0
2010-03-02,769.2638011025543,771.7449908103063,763.2107279712843,769.8140360410282,3465784353.0,39066672168.0
2010-03-03,768.4911584972116,780.4759174250871,767.5381457180783,780.2194561301042,3451744872.0,38987659237.0
2010-03-04,780.2342833078953,784.1066207517115,749.4193344571497,752.413283818848,3685564067.0,42118279800.0
2010-03-05,751.6976688203947,757.7245092524956,743.4941661013316,752.3347486573601,2354235215.0,26333242038.0
2010-03-08,753.730132729936,763.4350908703894,753.4508603921972,761.9605198922469,2101167165.0,23581432674.0
2010-03-09,761.0834352982865,765.3763106089077,753.6019020824446,762.9078299106911,2414933380.0,26454749316.0
2010-03-10,761.8868728113497,765.2891398383765,748.4544273485794,754.3954004983069,2317180995.0,25991103838.0
2010-03-11,753.5631233097597,756.639029489359,743.0030769380033,750.3609417149049,2023575390.0,22893215759.0
2010-03-12,750.1492878253351,751.6512320547846,737.5896906200136,738.4392390266473,1859943813.0,21060356184.0
2010-03-15,737.0585191958429,738.1363409660541,728.0496237314806,732.9000661014612,1532412249.0,17332256947.0
2010-03-16,732.3056755016531,742.2239168918733,731.1359578163398,742.2239168918733,1604287273.0,18166444731.0
2010-03-17,744.0326696463881,761.6665833127366,743.4588089850602,761.6665833127366,2355734696.0,27081316833.0
2010-03-18,762.6981312533575,766.1540042308606,759.5857274053488,763.5590851813693,2340117478.0,27391968049.0
2010-03-19,763.4181455243423,770.1555499382863,761.77314346961,769.6849907134382,2459894285.0,28209586403.0
2010-03-22,770.2992595076479,776.7415867899437,768.6672923344903,776.706881417751,2661145766.0,29907294596.0
2010-03-23,776.3019854088355,777.6737437585573,769.4218490416481,772.2135948029182,2572672169.0,29356832005.0
2010-03-24,772.4547401120508,776.2545710271074,771.4758205057879,774.107074287669,2603778329.0,29588209886.0
2010-03-25,772.0685817453991,772.0685817453991,761.5495952506031,762.3471670669577,2557685570.0,28816775831.0
2010-03-26,761.0805024499322,773.2871802366178,760.4395121484944,772.7183705919,2204002659.0,25596563397.0
2010-03-29,774.6533987616702,778.2554253488302,770.7988213439997,777.2921476004568,2379492500.0,28475290720.0
2010-03-30,776.9341771652105,782.7809732955603,775.1532864700615,782.166541565331,2315000374.0,27563394273.0
2010-03-31,781.6013165130464,785.6911735431408,779.6708505518272,785.6911735431408,2645305187.0,30938596281.0
2010-04-01,786.1702054410126,799.0876101455608,786.1690648888748,799.0876101455608,3323478161.0,38970977839.0
2010-04-02,799.2254540182138,802.4132972433362,796.8545719957881,802.1053481661329,3019264550.0,35293547149.0
2010-04-06,804.0136548286749,805.9683982568271,799.1087918281197,805.2842299101727,2888772162.0,33669973036.0
2010-04-07,803.9312092027146,806.8146879430669,800.1286083753236,806.8146879430669,2514735181.0,30881360644.0
2010-04-08,805.4680217403767,810.3086879491763,803.9942654423326,807.5705481383823,2881098146.0,35166066510.0
2010-04-09,807.5144981476109,819.7718490364182,807.5144981476109,819.7718490364182,2868749416.0,35118135537.0
2010-04-12,821.5879339118188,829.0662084072671,821.5762025184016,829.0662084072671,3738872331.0,45953172179.0
2010-04-13,828.6899891378164,830.3648084841508,792.5090683508089,812.9506955083565,3733097959.0,45764966392.0
2010-04-14,811.3579959159428,826.8475086272268,809.3977126631215,826.8475086272268,2951203183.0,35736386045.0
2010-04-15,826.4831836872127,828.2283913940507,811.8090028184288,818.7165124369233,2991956344.0,36013654939.0
2010-04-16,815.2177872862433,824.5391940363598,809.5660255714554,817.8330733381952,2264431292.0,27546636988.0
2010-04-19,809.9248106868,814.8707335643157,782.9295709455124,783.0884335647045,2899182692.0,34263338000.0
2010-04-20,781.6743118498648,794.3709382477408,769.3555340816366,794.3280860745639,2561641342.0,30085437859.0
2010-04-21,794.4095540844061,819.5401540164272,794.4095540844061,819.4101310727191,3096171170.0,38311002550.0
2010-04-22,817.0770502068602,831.2500398790953,812.054547400093,824.5781357450643,3192513794.0,39621607203.0
2010-04-23,822.4562199607163,829.7559165785907,812.2841242518282,815.9180862988461,2886850219.0,35897349429.0
2010-04-26,816.4313347608514,819.1741997162163,810.7653976123512,814.5266126907426,2391618177.0,29822466317.0
2010-04-27,811.4639043287376,811.4639043287376,778.0584357010317,793.4350337506745,2595007889.0,30612910770.0
2010-04-28,781.6337407809634,796.5482522787817,778.3238584770976,787.7612756732293,2106289111.0,25659191911.0
2010-04-29,788.65367625304,793.8485653686332,763.6068254351367,763.6715110349513,2466337724.0,28935819489.0
2010-04-30,759.398350982712,760.3476162333925,724.5122827441354,737.7348666135522,2120681073.0,23695623421.0
2010-05-04,723.4435853910263,743.2445481191754,717.9379772858953,736.5294659399281,1572697775.0,17576440013.0
2010-05-05,728.239281258393,759.7854869654818,728.239281258393,759.7437753444426,1954962940.0,22238561056.0
2010-05-06,757.3231978360134,763.5035239986569,738.3548381684509,738.7349679023741,2082135667.0,23518259019.0
2010-05-07,721.0195862261837,740.4469366611967,716.202708676258,725.5816318413232,1896178317.0,21520440451.0
2010-05-10,724.2699968828649,731.9864838390916,697.2369559850105,711.5854277504455,1876041583.0,21254467427.0
2010-05-11,724.2960666460144,727.5968245327781,688.5374760220285,690.8146698331358,1927637358.0,21274678437.0
2010-05-12,684.9429444917743,692.7850551191775,663.6542129678883,673.6615803608755,1836224500.0,18626777800.0
2010-05-13,673.1568045718938,690.2626425984456,658.9978273973516,690.2626425984456,1833342547.0,18238855992.0
2010-05-14,685.0579773216713,699.3438816555475,680.9040864358409,693.7507769078461,1733399556.0,18452086025.0
2010-05-17,684.7088054314879,684.7088054314879,648.6813703750231,648.6952199366963,1823920142.0,18108878061.0
2010-05-18,644.3252758887645,655.3671240707272,627.7385520209268,652.9522493229869,1853896792.0,17987409795.0
2010-05-19,648.5045847936657,662.4618471758389,641.8176905458238,652.909885957869,1608878778.0,16059685353.0
2010-05-20,647.1900169868532,659.4649649657863,636.8782851090955,638.4770133342374,1545001103.0,15070740156.0
2010-05-21,619.4930118087854,650.7236104457456,615.8478071764091,650.7236104457456,1886499979.0,18348593198.0
2010-05-24,655.4738471636205,682.9051036935832,655.4738471636205,680.9671426754587,2440359713.0,24939715531.0
2010-05-25,676.8849436382893,684.5299016818747,671.0427097164905,679.3462551516396,2254680358.0,22664558639.0
2010-05-26,676.7845750501638,684.6908824693227,674.54176073921,681.5147706376174,1705152023.0,17581445703.0
2010-05-27,679.6864655607404,696.191721418736,672.2805346580319,694.7854206328411,2101687882.0,21697859118.0
2010-05-28,700.1393353036462,702.1582755235538,692.2551871831643,697.5432757020169,2110796201.0,22351746920.0
2010-05-31,694.5028895747085,701.7207923107014,676.178615992958,676.178615992958,2026625225.0,21304663564.0
2010-06-01,669.4702141905178,673.6915605884975,646.4203072298646,661.7556824665273,1821992663.0,18455984981.0
2010-06-02,658.7866623158408,672.849670174789,652.7428765376926,672.849670174789,1510558347.0,15348779193.0
2010-06-03,675.3825106007808,683.5529373078479,667.7196295950301,667.8587769558405,1774003854.0,18810540710.0
2010-06-04,662.9487000026554,674.2326711098689,661.1159956532468,673.4681753055104,1413776086.0,14977694641.0
2010-06-07,658.9574192644699,672.7483239705454,656.1363450196566,671.2336707315604,1537441641.0,16544734670.0
2010-06-08,670.1639957623333,681.6117175693296,670.0509181646725,681.1730938043396,1696826059.0,18731789768.0
2010-06-09,683.1416867941647,698.8158060157509,682.755039619454,698.8158060157509,2182911110.0,22673408682.0
2010-06-10,695.685968013636,705.2597626582436,695.685968013636,700.2799490886337,1985511911.0,21099476697.0
2010-06-11,702.4867545392372,705.1292509064766,696.1258952667835,696.899678424264,1716906819.0,18944144246.0
2010-06-17,700.6413411802932,703.849714343896,689.37790001156,689.4710994148194,1409011701.0,15631392320.0
2010-06-18,687.7208406913711,687.7208406913711,658.5243353241491,662.78120177442,1641609435.0,17570772920.0
2010-06-21,659.5397525988213,679.3385971587145,654.0831882356154,679.3385971587145,1653714577.0,16792568908.0
2010-06-22,678.870319038142,687.8867095594097,677.1526475186305,685.5418973001335,1690138207.0,17391943199.0
2010-06-23,682.4741379215184,690.5283912465505,675.3088635198835,685.2328076707926,1713581645.0,18004295126.0
2010-06-24,684.1667172939984,688.7753626107676,679.9515624647667,685.620595397641,1438757721.0,14570825376.0
2010-06-25,682.6556486474467,683.4686993856711,668.1310430447329,674.523674841025,1401178194.0,14036316443.0
2010-06-28,673.4217385399004,674.1657044057787,657.9213091152976,660.4111344320928,1116455977.0,11371221183.0
2010-06-29,659.8498198442805,662.6438467098262,621.5143960689883,621.5143960689883,1683447714.0,16368002728.0
2010-06-30,614.5441560829154,614.5441560829154,600.9002196665951,608.1834597464814,1272386654.0,12017580063.0
2010-07-01,606.5148319688949,612.7461571056997,599.0505699711393,600.5068921150773,1418210620.0,14229808598.0
2010-07-02,598.954274783506,599.3797007309016,569.0151070385631,596.3375223073768,1858003451.0,17855574441.0
2010-07-05,588.8590848759088,595.1707374704179,580.4967195376537,591.0158689684694,1246337653.0,12370572507.0
2010-07-06,589.4225176319769,609.1750883622797,589.2457320506195,609.1750883622797,1629179764.0,16213991148.0
2010-07-07,609.837586218316,618.4375122732707,607.2503251617496,618.4375122732707,1609330539.0,16253010274.0
2010-07-08,619.3422959905773,621.4425412843075,608.5715733453693,614.8178885959849,1566263430.0,16347491018.0
2010-07-09,614.6476204554149,634.2985191094347,610.9781383561058,633.2136910903769,2137921244.0,21957959197.0
2010-07-12,633.2387832374083,643.0602406319359,632.109799557016,641.0194669853906,2099739927.0,21977180456.0
2010-07-13,635.721113497298,635.721113497298,624.4366535820253,631.9703263241664,1865625501.0,19927979745.0
2010-07-14,632.5834545662382,643.5790289186106,632.5834545662382,638.0853151429164,1902978054.0,20379450005.0
2010-07-15,636.6868352859666,642.3381081926954,621.8943628668919,621.8943628668919,1792060015.0,18607677957.0
2010-07-16,618.0316386482373,626.8914476545883,610.4984547141553,625.9723255675495,1535013344.0,15839355537.0
2010-07-19,620.0533487804795,641.5245686464118,617.8545271948404,640.4943241939483,1807521370.0,18773637477.0
2010-07-20,641.8758587048511,660.4098309439353,641.8758587048511,660.4098309439353,2798735149.0,29376507767.0
2010-07-21,660.1465263361256,665.9201641936372,658.4018074373465,661.4184049057809,2725529655.0,29729880039.0
2010-07-22,659.5558832647702,672.1511634584026,658.6947664007389,672.1511634584026,2579073956.0,27244421172.0
2010-07-23,672.8517883430449,673.9017480538902,663.722483160136,673.1659289889961,2437548868.0,27214315559.0
2010-07-26,673.9745804546891,682.6848141949702,672.1146657899933,682.4529562389594,2519519375.0,27448664297.0
2010-07-27,680.9743118603247,685.547274188783,678.1229315158503,681.8191351223877,2574550329.0,27817998091.0
2010-07-28,680.0279794579986,695.2235555897721,678.3249721802587,695.2235555897721,3108232993.0,33614182586.9999
2010-07-29,696.1687474399605,700.5549850898607,691.4128079613968,700.0075200637216,3294320663.0,35021504792.0
2010-07-30,698.9911251729312,702.4766525060168,691.150480969705,700.4692807435067,2697692110.0,29324544648.0
2010-08-02,700.4102979043811,715.2431784563373,700.4102979043811,715.2431784563373,3222220510.0,35204904405.0
2010-08-03,716.0808325335342,719.8387888915319,704.0382313186707,704.0382313186707,3624824551.0,38741282362.0
2010-08-04,701.4164278259314,712.438723685532,693.1247767202192,712.438723685532,3128295114.0,33084035330.0
2010-08-05,711.9233570552706,722.3248666798742,709.5801741561914,716.2861319183363,3340269581.0,35664189021.0
2010-08-06,714.9344146990358,730.0599283423451,710.5400302481513,730.0599283423451,3441145747.0,37748294595.0
2010-08-09,731.0049572565136,741.3248359352555,730.3993240713473,741.3248359352555,3406490669.0,39780882848.0
2010-08-10,741.4343289404833,742.1046477254644,714.6062615553917,714.6062615553917,3448111898.0,40174107822.0
2010-08-11,711.1135650374398,723.8677078502644,711.1135650374398,723.2914031486413,2412728777.0,28569555321.0
2010-08-12,715.5565044221902,727.7156048911278,712.3790891023276,715.0642747067241,2758698500.0,32691013194.0
2010-08-13,715.2974361508923,728.5746035869032,710.2441384364048,728.5746035869032,2468377845.0,28606537425.0
2010-08-16,728.3939075410734,746.1286786036064,727.5508765752271,745.1750140803945,3316806306.0,38294191266.0
2010-08-17,746.9721983775119,754.3391875715158,743.9919356414671,752.4919819163555,3468296442.0,40443188175.0
2010-08-18,752.2853790433958,754.5563812857548,742.6350044695366,751.4034063688449,3118494849.0,37066861595.0
2010-08-19,750.6591146309271,758.1993048138555,746.3714532729359,753.0198946201324,3235754408.0,38471263891.0
2010-08-20,749.389191293508,750.2248901384686,736.5351687006171,736.8955831761587,3104055777.0,36632800473.0
2010-08-23,736.3899927070784,746.1817957460236,736.3899927070784,743.9443583237194,2629719367.0,30572233469.0
2010-08-24,742.9118327669801,756.7912117317442,738.0850161198538,753.7987287942232,3007861145.0,35006375854.0
2010-08-25,749.4049960874174,754.3062744955396,738.0367870580271,738.8680866304562,3068238996.0,34822456033.0
2010-08-26,740.3462422010318,746.0897368949019,736.1630228316582,743.3713123424897,2448657268.0,28648974421.0
2010-08-27,742.2592740081446,748.5158542280005,738.7590824332874,747.1449105583772,2138572441.0,25738818893.0
2010-08-30,750.636466524191,766.757030439712,750.636466524191,766.757030439712,3078184004.0,37389321072.0
2010-08-31,764.4760891001522,776.8919767361123,762.3411384342294,774.8999209594525,3396311018.0,42597991951.0
2010-09-01,775.7831971221608,780.7320528480309,756.5381720931746,765.5928525790681,3799748924.0,47193669118.0
2010-09-02,770.7354392323426,783.1024460623973,766.728679572287,782.4619445690187,3896658415.0,46863826350.0
2010-09-03,783.4512920805414,791.1164541905677,778.4274857856167,789.573775956197,3989031821.0,49787399637.0
2010-09-06,793.2430951194865,794.7284198749281,781.0039930648838,786.0532173788793,3944009010.0,48353695052.0
2010-09-07,785.0571894905495,792.8104999872248,779.5569582740679,792.8104999872248,3053235426.0,35956542746.0
2010-09-08,789.2091251441437,799.8147936014116,786.6632498365772,799.3033374356228,3258647988.0,38797748390.0
2010-09-09,800.7381520249623,803.8093330599909,786.2503699626972,788.1254376772238,3731988363.0,46034956994.0
2010-09-10,787.2807773511805,797.0562867881572,775.6691419083819,796.113538978264,3302533604.0,41028971733.0
2010-09-13,797.816546256004,809.6507523016911,796.7980331969576,809.3791379568776,3380338585.0,42188534712.0
2010-09-14,810.7029931168122,814.9453582613311,806.5258023801667,811.8872121078773,3660513744.0,45931881800.0
2010-09-15,811.4665113050526,811.4665113050526,793.4094527955841,796.4328935768452,3384235056.0,41693344666.0
2010-09-16,795.3242768989136,798.6401878355077,766.3863509949305,776.6920542399597,3194432754.0,38391810187.0
2010-09-17,777.271943534016,784.1343198750578,772.5054132141728,776.7942151243017,2364718571.0,28575217200.0
2010-09-20,776.7715670175656,779.0323042906847,761.3773718777969,765.1385869561883,2108378391.0,24630099540.0
2010-09-21,765.7994554520277,768.2948205934921,756.4871731190134,762.1623976206357,1635801914.0,19405215633.0
2010-09-27,765.2619295230894,782.330129329094,765.2619295230894,782.330129329094,1968621254.0,23417110637.0
2010-09-28,781.485306067031,784.7824793613617,777.1997628772958,779.7622576588701,2273656636.0,27197776087.0
2010-09-29,778.6375103149896,780.5678133401891,766.8111251982473,769.161314346173,2023571454.0,24754315564.0
2010-09-30,765.131580707342,779.7286928388152,763.0091761149348,779.7286928388152,1833313785.0,22046187772.0
2010-10-08,785.189004730474,801.2737227216645,785.189004730474,798.3164339643952,2679923338.0,32742074465.0
2010-10-11,800.7185997026003,806.8130585828701,794.7654063513965,802.0673840735466,3628789424.0,45307524418.0
2010-10-12,799.5505113774838,806.5753349301508,796.415459422739,806.5753349301508,3288032589.0,40736132856.0
2010-10-13,806.0791947502122,809.63071117127,798.4414058914931,809.6013826877269,3581077014.0,43446839224.0
2010-10-14,810.7526886028157,810.9860129830038,783.1958084016765,783.6365503349224,3742366379.0,46216812034.0
2010-10-15,778.7851303488236,788.0822596320073,774.592623626328,780.3786446213358,3366327066.0,42590632024.0
2010-10-18,779.5051446198084,779.5211123497375,728.5517925441475,767.1687697614542,3430695492.0,41721426916.0
2010-10-19,765.7691493523664,792.7973021696304,765.6560717547056,792.7973021696304,2790660948.0,35399673891.0
2010-10-20,777.9487797597843,800.3190805823344,774.6527470175915,797.1289562529364,3491520817.0,45309958944.0
2010-10-21,797.935163678334,804.3532134936969,792.5643036614819,803.3757603116111,3109226399.0,39632473410.0
2010-10-22,803.2621939058912,814.179070160756,802.6462957514847,812.3743908067332,3282932052.0,41984668834.0
2010-10-25,815.3632891518213,832.1600375490319,815.3632891518213,832.1600375490319,3992669361.0,52189760658.0
2010-10-26,834.2188970937623,840.432625140441,828.8641677428587,840.432625140441,4315285836.0,57913531702.0
2010-10-27,840.2269998835995,845.9760344021388,832.0714003543237,834.9056724167312,4259580312.0,55376924834.0
2010-10-28,831.5060123660193,840.2426417414891,828.8328840270793,838.3962507664272,3480628924.0,44589602219.0
2010-10-29,839.3875535101862,851.6079179225252,837.9271579657562,849.1449770489779,3458659429.0,47653069636.0
2010-11-01,852.5742914552725,873.8169120855878,852.5742914552725,873.8169120855878,4212807098.0,59833737161.0
2010-11-02,874.9072799293148,886.4526004121019,870.4415295018088,870.6468288866108,5110035672.0,71662122914.0
2010-11-03,868.3453576085707,873.841026616501,858.8487946372935,858.9685526117614,4001462426.0,54544923531.0
2010-11-04,859.0351934438123,878.6417735004779,859.0351934438123,878.6417735004779,3850188464.0,51304342665.0
2010-11-05,886.2798882312367,891.7659440140055,882.2835564764409,891.7659440140055,4567060261.0,61633113964.0
2010-11-08,895.2003094369103,912.1948621620177,894.6227012471296,912.1948621620177,4994534563.0,66408396323.0
2010-11-09,913.1548811899975,918.2865511299531,907.2642552703525,918.2671617436106,4769081474.0,64553257337.0
2010-11-10,915.7722854102052,923.7572909268716,911.8476455040706,920.8143405393347,4424192214.0,61781399331.0
2010-11-11,916.4553132047216,935.0551115957584,911.8408021912438,911.852044776602,4822111191.0,67661468265.0
2010-11-12,906.8521900765709,911.154352740314,851.1484383470155,851.7069830224931,5247507167.0,69865926360.0
2010-11-15,852.5695663107017,874.5110195294427,845.0818415261117,874.5110195294427,3330172179.0,43954170051.0
2010-11-16,874.4852756383326,882.5473498923096,838.2662278227191,846.8389435623867,3743074740.0,50908044372.0
2010-11-17,835.2110145176197,845.3839249066062,810.8846667787601,814.9955425553939,2658300104.0,35677782800.0
2010-11-18,820.8304443563069,829.3570492024037,808.6413636597472,827.8577119492692,2230648896.0,29761698652.0
2010-11-19,830.9709304773762,853.2328788468363,827.0239683365447,853.2257096619702,2905099353.0,40759288522.0
2010-11-22,848.2300912984508,874.6759107813632,846.5531537838605,868.8745738005052,3389785557.0,49408548927.0
2010-11-23,865.9184255953737,865.9184255953737,840.5732389254285,857.356626569025,2899614397.0,40857268194.0
2010-11-24,852.2375027025851,882.1626579498352,852.2375027025851,882.1626579498352,3035114352.0,43649453020.0
2010-11-25,885.7685950014674,892.7468188525048,882.7780672961826,888.4643714471434,3649037935.0,50799720170.0
2010-11-26,886.2935748568901,890.9587589724897,876.2951689449853,887.163164393945,3005695067.0,41464853677.0
2010-11-29,885.6266777283225,893.918654706074,879.463785719785,889.3214149106826,2847466539.0,40014432732.0
2010-11-30,888.1686425714165,889.5835789663547,838.5997578550129,862.6970175501964,3632594538.0,49468520341.0
2010-12-01,859.6522321503567,867.7408649755422,855.3373604770782,864.5968515397147,2195297502.0,29854399521.0
2010-12-02,874.1611958951806,877.6266820978451,867.9691383391199,869.0318070595006,2863636229.0,38838876987.0
2010-12-03,868.3072305799647,869.532183575951,854.5052462245505,863.5250584022317,2387632654.0,32622235947.0
2010-12-06,863.5177262813459,864.7966110998476,845.8220598635372,851.3218022719595,2153131598.0,29017273790.0
2010-12-07,848.1885426134314,863.519192705523,836.9567110325168,862.8001560506565,2096976771.0,28479234029.0
2010-12-08,861.1228926640267,870.676157370154,860.2190865628381,862.7154293204206,2230560937.0,31714832478.0
2010-12-09,857.8770442158966,857.9987574226008,844.8736092929552,845.0565864430605,2222680062.0,30387831142.0
2010-12-10,839.9197025504749,857.3629810737929,839.3070631164622,856.018595975378,1860903634.0,26050852479.0
2010-12-13,859.405872888594,880.494356044288,859.405872888594,880.494356044288,2621705194.0,37758870771.0
2010-12-14,883.3793012088174,893.3446311087263,880.5220551676343,893.3446311087263,2976658371.0,42853564421.0
2010-12-15,892.4075860595221,898.5246930465282,889.7274514717358,890.3044079174379,2822834803.0,40652468805.0
2010-12-16,888.3177290294276,896.5020052981678,888.0539356135589,891.297177085374,2615726897.0,35687720703.0
2010-12-17,889.690139123228,892.0984964301811,886.6828290079159,891.906557798993,2070714902.0,28069407673.0
2010-12-20,893.9095302889717,897.0861309287359,858.6899320181013,881.3989768255751,2799223955.0,39366318937.0
2010-12-21,881.0201505798092,889.8846847307311,874.3940314673094,889.8846847307311,2378757413.0,32661068468.0
2010-12-22,889.6889985710903,890.0134041862817,880.0865271870183,883.1433698523148,2304505788.0,31672990341.0
2010-12-23,881.2511938557215,882.8277627821863,863.530598226901,864.731925500033,2116091088.0,29020394684.0
2010-12-24,860.4155874025773,860.4155874025773,840.6537293191525,848.1997851987895,1898114330.0,25333224823.0
2010-12-27,850.3554287392124,857.4858348326347,819.7405653206388,822.2786196992605,2075670209.0,28326501618.0
2010-12-28,817.253184044139,817.4809685996574,797.7033057223233,804.0477084567889,1832827525.0,23649745545.0
2010-12-29,804.1697475355325,818.2762593117363,803.041415599219,818.2762593117363,1375925471.0,18431379089.0
2010-12-30,817.8659864141714,825.3729376490842,813.9146250008084,821.9498148115376,1469202851.0,20317082244.0
2010-12-31,822.4101090671456,840.0256109632697,822.4101090671456,840.0256109632697,1689256385.0,23704557761.0
2011-08-31,785.5310074357911,788.8953103702318,773.718471880722,781.8854769313757,2443859844.0,29180612355.0
2012-01-04,566.7473635165976,569.2994303929121,547.9259721387904,547.9259721387904,1848603588.0,18109445693.0
2012-01-05,543.7776210776292,543.7776210776292,521.5567325851296,522.2754433679569,2130342775.0,20009790770.0
2012-01-06,519.8833796629723,525.4675229295912,509.4323374883847,525.3868695998474,1908490783.0,17407054878.0
2012-01-09,524.9368403134795,548.4258598471816,519.9293276205233,548.4258598471816,2675813336.0,24141792150.0
2012-01-10,548.5034173925513,571.4066819354887,547.0542644334796,570.8038186626569,3867009516.0,35544647529.0
2012-01-11,570.0655555574675,577.3250069784799,566.5142020724294,573.4552765109788,3549570674.0,33606807533.0
2012-01-12,571.0650051022108,579.9391524782942,569.42440232001,573.352463882558,3158711056.0,30330502001.0
2012-01-13,572.3223823661142,573.1714419646888,546.6640326663357,549.7713854977343,3140915504.0,29873651898.0
2012-01-16,544.018766386762,546.2742897072511,530.501594193756,530.501594193756,1937862909.0,18158912392.0
2012-01-17,529.220754143018,560.0650314773069,526.6950829018923,560.0650314773069,2989242329.0,27901915269.0
2012-01-18,560.9398349669916,565.7275469693939,543.8017356085425,545.8953005254655,3087643450.0,29926137508.0
2012-01-19,544.1233713113992,553.5822960621293,539.9243471481161,549.7925671802932,2350497505.0,22590453092.0
2012-01-20,550.0369712098196,557.6899131183694,549.271986597402,556.5491980445601,2198215533.0,20947137023.0
2012-01-30,558.1215306345131,561.6945546101691,553.593864519527,554.782808655163,1938585084.0,18803702773.0
2012-01-31,553.3716197886777,555.4831076677659,547.4888147979775,555.0700648578663,1803364150.0,17144092179.0
2012-02-01,553.9717131491748,560.4425542349153,549.9571325601744,552.017295593062,2092284455.0,20032657674.0
2012-02-02,552.6419922925315,563.2786185935395,552.5354321356581,563.2786185935395,2452338760.0,23690379943.0
2012-02-03,562.9092426369152,574.3815677828838,561.2331198024233,573.3500198422628,3267634864.0,30803110755.0
2012-02-06,574.2639279766718,580.2443316431628,573.0684664002483,579.5762939624574,3436964455.0,32199027209.0
2012-02-07,576.9494394531077,576.9494394531077,565.3596374369469,569.6893362880165,2901462002.0,27013856395.0
2012-02-08,568.6069523092541,585.4744149390077,567.0238659420019,585.4744149390077,3518967071.0,33789768626.0
2012-02-09,584.928253401026,596.3772786961798,583.9292926643419,591.102713866961,4487939355.0,43008710107.0
2012-02-10,590.2857526642641,597.1293913630424,589.6214625120115,594.4582182563386,3811108329.0,36895122824.0
2012-02-13,590.0507989238794,605.2168836360901,587.2802348451684,602.8800552417785,3987618636.0,40003349435.0
2012-02-14,602.4314923795877,604.983722191922,598.6316614645311,603.4105749218704,3499666919.0,33640498162.0
2012-02-15,602.6814362337834,614.2674907214915,600.6450618597695,614.2674907214915,4460741408.0,42795966232.0
2012-02-16,613.4801838743772,619.0407014181418,608.5388232054128,615.2134972517783,4558345182.0,43934130708.0
2012-02-17,615.6227925332252,617.748944654085,606.3362540913209,613.142254569552,3610783178.0,35890516548.0
2012-02-20,620.4481427561744,621.805562736164,614.1433334744921,614.5397568103839,3899242849.0,39846311976.0
2012-02-21,613.5313457845581,622.45779562296,606.771293263878,622.45779562296,3808073574.0,40742174672.0
2012-02-22,622.3642703476613,634.7604427252396,621.846296741085,634.7604427252396,5099157996.0,54396376475.0
2012-02-23,634.2336705736004,638.1121995861644,628.5711550815134,635.4576459534685,4667701420.0,50650959082.0
2012-02-24,634.801991410259,642.2522409103217,632.7511157304933,642.2522409103217,4857053736.0,49958936601.0
2012-02-27,643.3610205242732,652.3503636662732,642.3579863870967,642.3579863870967,5865182882.0,61085270643.0
2012-02-28,639.2359693139268,640.9189354612454,628.2162804306411,636.7054099922105,4849053274.0,51034974928.0
2012-02-29,634.8158409719322,638.3225499875768,628.2850394309479,628.6954752645324,3760471278.0,40084369867.0
2012-03-01,626.3241044340477,637.1459889894368,626.0032834112894,633.3603335080927,3211543935.0,34080433795.0
2012-03-02,634.0474347031013,645.4840768607589,634.0474347031013,645.4840768607589,4064676614.0,42959700579.0
2012-03-05,647.1199544983889,651.0996667791769,647.1199544983889,648.7677264654558,4438523302.0,47632469656.0
2012-03-06,647.3975974759309,647.4068848290528,637.7076294492884,644.2798167392726,4445042048.0,47150949576.0
2012-03-07,637.4099453413253,649.967424378391,635.3734080312918,641.8546770222921,4202223371.0,44043283789.0
2012-03-08,643.1593057319039,652.4655594321899,643.1593057319039,650.6952595783206,3956206200.0,41060850711.0
2012-03-09,652.132192335916,660.5269819420884,650.8469530126466,660.5269819420884,4229852838.0,46281571400.0
2012-03-12,661.6057813284178,664.5645365098642,658.5795706348221,664.5645365098642,4246604734.0,47736851794.0
2012-03-13,663.9624879171308,670.4114955762338,661.8536070143575,670.4114955762338,4520168431.0,49465965207.0
2012-03-14,672.4265253316689,676.5144271295272,633.3779305982187,638.6474444108272,7082113543.0,77953349519.0
2012-03-15,636.6131882050693,641.7372001520997,618.6996763289427,630.4090733835518,4852163636.0,51208373737.0
2012-03-16,631.0081891279308,647.1020315362236,630.0876006167148,647.1020315362236,4372924303.0,47136307904.0
2012-03-19,646.8960804073428,658.4171234231968,644.7511906442192,658.4171234231968,4289173445.0,47328848676.0
2012-03-20,656.3667365514901,656.3667365514901,643.4967462286701,643.5135286386975,4045696020.0,44517035840.0
2012-03-21,645.0741298352333,648.914694755211,633.9151306551177,646.1452712286376,3866676744.0,43818084042.0
2012-03-22,645.2937675897678,649.6599641092467,640.7581176098171,644.6954665254871,3416169821.0,37393201023.0
2012-03-23,642.2809176497861,642.2809176497861,628.1427962857634,631.1302282066744,3222409915.0,34251649762.0
2012-03-26,629.5036379221664,632.1917563749173,623.8166820271268,629.0664805813535,2449534156.0,26525321262.0
2012-03-27,631.0094926160883,635.1340550183755,626.7840728176164,627.776679049533,2697050921.0,29075158158.0
2012-03-28,624.8946667333579,624.8946667333579,595.6150639960968,596.8458826887917,3452663744.0,34766925845.0
2012-03-29,592.4930469229267,593.9914065599432,577.1311131150557,583.4326636763443,2889934162.0,27969355841.0
2012-03-30,582.5534609141281,586.8173336132454,574.9467928351685,580.1312540455019,2534020423.0,23850824256.0
2012-04-05,580.4020537102172,599.1331785331193,579.3530716154899,599.0417714260764,2838607689.0,27710501367.0
2012-04-06,598.9273903402581,606.5826133530836,597.8590188591884,605.0265743650989,3044841428.0,30136980618.0
2012-04-09,603.3046665090757,605.9142498003387,597.3051993282816,597.3830827456907,2630842890.0,25655458309.0
2012-04-10,594.2503118952216,604.5519417397586,582.7304094315051,604.5519417397586,3069324554.0,28966097115.0
2012-04-11,597.5613347512253,609.286373663724,594.418298931516,609.286373663724,3439622849.0,31382239828.0
2012-04-12,609.5100848187506,622.114652365505,608.6753635899081,622.114652365505,4377387619.0,39918713805.0
2012-04-13,623.0275828837958,630.4924966256301,621.7770489327193,627.4218043986606,4719874495.0,43515192199.0
2012-04-16,622.8855026746312,633.029899260173,621.1380138635176,630.3282571177884,4321192948.0,39234163754.0
2012-04-17,629.6382230744256,632.7859840387057,621.4528062535476,621.6413232283222,4594069155.0,40397920879.0
2012-04-18,622.1082978607374,636.663372499132,621.3938234144218,636.181407752906,5006309235.0,45380700944.0
2012-04-19,635.8180604290101,638.9394257581014,631.9400202245051,635.6660411226446,4465994322.0,42541305718.0
2012-04-20,633.925232688338,641.7059164363204,632.0972534835004,640.6836558488213,4815682548.0,44115728116.0
2012-04-23,639.9331725421557,640.3924891816456,626.9836694417297,630.114322123943,5368476063.0,50002591919.0
2012-04-24,623.7699193894774,631.7327656074667,604.2505101033428,624.4384458782419,5596547021.0,50457804218.0
2012-04-25,622.4504635020743,636.5160783373375,621.1256307260215,634.6232505966653,5776372009.0,50930399870.0
2012-04-26,635.3721045431342,636.387847689846,628.0662163565119,630.6744961596174,5282313979.0,46736419078.0
2012-04-27,628.7309953168237,630.1312674699901,624.634457909922,625.328565353777,3935463553.0,34782657025.0
2012-05-02,631.4591960304168,633.9941546246645,625.1421665472582,631.2535707735753,4514816515.0,42440496139.0
2012-05-03,629.953341336495,634.2990079174938,628.3168119547862,634.2990079174938,4082393625.0,39162050482.0
2012-05-04,633.687834907658,639.6190318962044,632.2127751214565,639.4026528620637,4258314464.0,42260949175.0
2012-05-07,636.0134207166114,644.2788391231545,634.9414646431088,644.2788391231545,4120944751.0,41596935831.0
2012-05-08,643.7514152274365,647.3316083879587,639.4551182604021,644.9691990385567,4222102517.0,42597138325.0
2012-05-09,640.7023934910851,640.7023934910851,634.4332671977136,635.0382486388012,4208225261.0,41692315256.0
2012-05-10,633.7732133819727,639.8429059872507,633.7732133819727,637.4814742539667,3578679292.0,35641312318.0
2012-05-11,636.9551909103866,640.6293981542665,633.25344747918,633.25344747918,3711355656.0,36863366959.0
2012-05-14,638.0910179036055,640.9261046461116,631.982383589623,632.3188464702711,3884004321.0,37411768614.0
2012-05-15,627.1961380113979,629.8904480328969,621.5714236758777,629.8904480328969,3791037002.0,35798752954.0
2012-05-16,628.5709921454936,630.2813315441193,623.3207047832078,623.3980993925579,3479861524.0,31829390280.0
2012-05-17,622.5799976377233,632.4433295893098,620.8572751016017,632.3211275745465,3923865337.0,36203044667.0
2012-05-18,628.2970966964045,631.0916123700092,619.0977290250313,620.869984111137,4042675817.0,36343022785.0
2012-05-21,619.5677994418204,623.1494590265197,612.8313726439944,619.5066984344388,3335433127.0,31390143269.0
2012-05-22,621.1046119794823,627.6587133712816,621.1046119794823,627.6587133712816,3192378694.0,30631225145.0
2012-05-23,626.5078962642516,628.8569448600396,619.2763069026053,626.3395833559179,3803916455.0,36244266931.0
2012-05-24,624.422966956372,628.1053210012361,620.1421489112074,621.8141983452073,3556427383.0,34627075496.0
2012-05-25,621.8062144802427,622.9363387127727,612.8274621795221,614.7727553185324,3434128627.0,32370631636.0
2012-05-28,612.6030992804168,622.8278233236631,601.9552303940507,622.8278233236631,4024709975.0,38410865167.0
2012-05-29,622.3479767456929,633.230147628365,621.926787134809,632.3656091079204,4603509399.0,45035227376.0
2012-05-30,631.7461263610808,636.0401422238398,630.6254524176925,633.7588750122404,4067314065.0,39066589801.0
2012-05-31,630.4506220685713,638.9096084664992,628.2892757674596,635.2208999168673,3622213660.0,36044934367.0
2012-06-01,634.9404870269907,638.6885042877876,631.2187024653629,634.1821827913801,3395764723.0,33592475529.0
2012-06-04,623.4060832575225,626.6271654306605,611.8245909783654,611.8245909783654,3819587250.0,36598476005.0
2012-06-05,612.1138024133049,615.5260085375327,608.3336867566303,610.8430643957875,2848064037.0,27126601274.0
2012-06-06,611.6445466766144,614.6613070810683,605.0612797372916,608.5116128901254,2493888821.0,23830500070.0
2012-06-07,613.7060131976596,615.8714328992633,603.2948903478946,604.9320714736821,2738972597.0,25376833737.0
2012-06-08,609.8296023533514,610.2481849879202,601.1591250018733,602.4921045789102,2672872198.0,25431188914.0
2012-06-11,602.412754737324,612.7094965012707,600.1288805494098,612.7094965012707,2724484172.0,26670787385.0
2012-06-12,610.1445576794011,612.4789420334174,607.2793277732534,609.200180509311,2533167976.0,24642590172.0
2012-06-13,609.8515987160088,619.7784757152722,608.9999321411192,619.7784757152722,3086721195.0,30178043843.0
2012-06-14,618.5797554184551,622.6050897847547,615.0380151585783,615.5049897909935,3022284196.0,29388764825.0
2012-06-15,616.0529436251916,620.086098920436,608.9779357784618,616.5779234806142,2818928019.0,27923137739.0
2012-06-18,618.5294081883726,624.0540798078067,618.5294081883726,623.0921055475909,2785258933.0,28545609898.0
2012-06-19,622.1617408751938,623.1026963888704,618.2822342465116,619.0778508306298,2838599798.0,28452618471.0
2012-06-20,619.7541982483392,621.8533029899314,615.6933438297484,616.6039932437637,2526489485.0,24633444766.0
2012-06-21,615.5102037436234,615.5102037436234,604.9338637698986,607.6218192866297,2724951656.0,25850786828.0
2012-06-25,605.5495989882853,605.5495989882853,591.7758025642767,591.9848494775316,2475871490.0,23202790125.0
2012-06-26,588.6466163062405,593.4216192991073,581.3716859633581,591.1305759263271,2341130854.0,21916632091.0
2012-06-27,590.5291790776724,596.9889405140746,588.8810812385661,589.1683374412695,2356926371.0,22592542768.0
2012-06-28,589.904482378203,592.1233450942632,580.4465352435909,580.4465352435909,2499641468.0,23618656312.0
2012-06-29,577.443135592751,588.2397650650889,574.0524370231217,588.2397650650889,2354753503.0,21865967547.0
2012-07-02,591.2619023581925,599.0173310231238,590.6627866138135,596.2826128687433,2937848931.0,32047601003.0
2012-07-03,595.777022399663,602.9812385100024,594.7272256248373,598.4584604756068,3238887899.0,34020558170.9999
2012-07-04,598.8713403494867,600.3268478133261,594.04468663838,596.2814723166055,3093465179.0,32134752809.0
2012-07-05,594.2853431394536,594.2853431394536,580.3093431150168,582.1288496468309,2973042433.0,30078357932.0
2012-07-06,584.5621361647956,593.9907548158644,577.3051287840784,593.9907548158644,3329900930.0,35249597624.0
2012-07-09,590.4398901388855,593.1223058309473,578.8678481488702,578.9573000236768,3403063709.0,35922105842.0
2012-07-10,576.5945648022354,578.6439740578239,570.4989653698276,572.2511793255121,2835580948.0,28967516095.0
2012-07-11,571.0725001591162,577.4599180027785,569.7110067786347,577.4599180027785,2625379579.0,26941690170.0
2012-07-12,576.2823793885203,587.9798821136926,572.8763648330406,585.9863599128556,3397650682.0,35737693150.0
2012-07-13,583.5683893807412,587.6553135624815,580.1882816523914,581.806236327856,2977516378.0,31194893252.0
2012-07-16,580.5682484502951,580.619899168535,556.3715977831041,556.6220304453589,3500124183.0,34798187920.0
2012-07-17,553.675332529369,561.4046914311508,551.4859612328717,561.4046914311508,2691019574.0,26660161667.0
2012-07-18,560.1161933874878,566.4333858066661,553.4366312605316,566.4333858066661,2990393392.0,29278514137.0
2012-07-19,564.9747825584526,578.3029489686248,563.5210673908297,574.4863356435408,3819589830.0,35641637767.0
2012-07-20,573.4684743285732,577.6648915155413,570.4944031612765,571.9836383811906,3188748883.0,29994649181.0
2012-07-23,568.5742021692975,569.9915826045309,561.7885686935269,566.5386424753821,2823058858.0,26673163394.0
2012-07-24,562.8504227338093,574.7344872015199,561.7716233474798,571.4213461772603,2899685064.0,26832408036.0
2012-07-25,569.6044466217611,573.2195080904957,566.4164404606189,567.4393527921967,2815565188.0,26804510894.0
2012-07-26,566.5622681982363,571.4516522769215,560.7430082552131,561.3043228430254,2565774576.0,24749378932.0
2012-07-27,562.8034971601402,564.7381994578711,555.3967515773332,557.3412300362452,2448821788.0,24224836156.0
2012-07-30,556.7391814435118,559.7994457652215,540.9749586030402,543.4308932277411,2562518595.0,23538393052.0
2012-07-31,541.740432023517,541.9975450625786,530.1830542752732,533.1357808239914,2458810483.0,22303830533.0
2012-08-01,532.432060154975,546.2883022049439,532.432060154975,543.0675459038451,2368308062.0,22157827292.0
2012-08-02,542.1946976463967,545.7225883446001,536.639394055262,540.0071186461158,2257615922.0,21499109456.0
2012-08-03,540.7998023818797,552.9950746471873,539.7931836522704,552.9950746471873,2627380182.0,24767162696.0
2012-08-06,550.9508793442286,567.9385887565093,550.1973002531889,567.6694184519909,3362042644.0,32896192258.0
2012-08-07,567.5102299607594,574.3093871261636,566.9029674153961,574.3093871261636,3918228494.0,36001821640.0
2012-08-08,573.6934889717572,576.0387900390924,568.3723244409088,572.8190113541118,3755216917.0,34083181678.0
2012-08-09,571.9399715279152,581.0129008480134,568.93412783678,581.0129008480134,4125272979.0,37423629366.0
2012-08-10,580.3538246483906,582.1598074905709,577.6503902097894,580.4607106773035,3815162639.0,33947434034.9999
2012-08-13,579.1798706265655,579.6673751974608,568.3905732751134,568.5249954913529,3484769047.0,31228091251.0
2012-08-14,567.6309655513454,574.6157068431701,558.1904525708395,574.6157068431701,3707005481.0,33657208659.9999
2012-08-15,573.4508772384473,574.4685756173952,568.0827871339299,568.7105796177732,3223743525.0,28651792600.0
2012-08-16,567.0479804729151,569.480615246801,563.0197132582613,564.2172930029406,2742933541.0,24256482320.0
2012-08-17,563.3685592764052,566.1674742225414,558.2940798793587,564.7250016402767,2429323744.0,21448666745.0
2012-08-20,561.8468997885739,569.0551892994055,557.8249870786877,568.2554993147952,2663077474.0,23986752852.0
2012-08-21,567.9661249438359,580.0929640808761,567.4044844839843,578.3964742439236,3590828455.0,34234663453.0
2012-08-22,578.267754788373,579.4979217369892,572.2565562141617,574.8708646499956,3516894334.0,33162353617.0
2012-08-23,573.843227173847,579.8433460987197,571.9169975491398,579.4363319215485,3466248715.0,32278231896.0
2012-08-24,577.2774296607321,577.6684761079744,566.2932608297376,566.2932608297376,3402102602.0,30954436690.0
2012-08-27,563.3157680060275,563.3157680060275,553.0587826308839,553.1550778185173,2995528850.0,27360878874.0
2012-08-28,551.8046640873741,560.986597604641,550.589976060628,557.383104593304,2602386391.0,24072202663.0
2012-08-29,556.5195436889775,562.0158644409865,554.2283373801774,555.3138171433139,2787194261.0,26320211327.0
2012-08-30,553.6891820910422,556.6503813127839,535.340956914398,544.3610949641185,3194918280.0,29581183395.0
2012-08-31,542.726032006587,548.5795085137439,541.0984641059609,546.6177588367455,2278843927.0,20273589197.0
2012-09-03,545.3512571557397,557.8020130999123,544.4775942181927,556.8560065696255,2678169184.0,24401230742.0
2012-09-04,556.9480654207471,560.1663776815504,551.7756614758704,552.5139245810597,2793195784.0,26016922304.0
2012-09-05,551.3780975878408,558.9163325385329,550.2333091135391,557.1765017203444,2715756927.0,24838817051.0
2012-09-06,557.8776154130458,563.4642027199599,557.5442483167718,563.4642027199599,2921957050.0,26902500787.0
2012-09-07,567.4295766310156,586.6003028350259,567.4295766310156,581.678820360463,5866156972.0,53267389645.0
2012-09-10,581.8837938732257,589.7850502757744,580.3500771199379,587.997153331779,5161457334.0,47938169275.0
2012-09-11,585.9844046806194,586.9100442084457,582.2044519599643,586.9100442084457,4297355652.0,39680898074.0
2012-09-12,588.5488546944299,591.2188872489959,584.3685681734107,591.2188872489959,4363456928.0,39292788547.0
2012-09-13,590.7592447374666,592.1104731487081,581.2755537117444,581.2755537117444,4254475111.0,39010470288.0
2012-09-14,585.2744924428551,587.8141761816736,576.5678432950072,581.391890029799,3956161521.0,36248260186.0
2012-09-17,580.6868658726252,580.9967701820647,564.1713450453896,564.1713450453896,3553161435.0,31823971894.0
2012-09-18,561.769993987283,566.8446363203492,559.9363120217564,562.8896903145531,2599598223.0,23223610764.0
2012-09-19,563.3204931505984,568.3615706636095,563.0506711020013,568.0806689656739,2516096455.0,22231300524.0
2012-09-20,567.0549867217616,567.0549867217616,547.7092672326103,548.1933501470922,3248692155.0,28024553359.0
2012-09-21,546.1509471403501,549.9445864866586,541.9090708038901,542.4622385907181,2686027491.0,23215521088.0
2012-09-24,539.6418160899836,548.1565266066436,535.151625259525,546.1595827493933,2410941193.0,20646478100.0
2012-09-25,544.7969488167739,548.2430456330959,539.9711097857656,541.5761925156752,2404789425.0,20042506689.0
2012-09-26,540.2133956470361,541.892125457843,525.4158722113513,526.4497012562479,2377023818.0,19652124300.0
2012-09-27,525.8751888508411,541.4619743658766,525.616772323622,537.9037775680117,2827311328.0,23265820837.0
2012-09-28,535.8921694689899,547.3428241243404,534.4588213038274,547.3372842996712,2758091278.0,22998357356.0
2012-10-08,547.6732583722601,551.0685191504407,544.424314139756,547.2194815574394,2160284505.0,18704861240.0
2012-10-09,547.45655346608,562.4095178645437,547.45655346608,562.4095178645437,3470716621.0,29974243646.0
2012-10-10,561.6287284582166,569.3580873599985,560.2059711343337,569.3580873599985,4045362482.0,33554755623.0
2012-10-11,568.5328164202978,570.0200964079756,560.4523303960964,560.5839827000012,4088474689.0,34021052148.0
2012-10-12,560.8336006821575,565.8947193255899,553.3018831722527,559.236175945173,3298109366.0,26666157754.0
2012-10-15,558.6070799731722,558.6070799731722,549.5598945441841,554.952587987674,2969013057.0,23962556884.0
2012-10-16,554.1621853561857,561.0902249131602,552.4966533629731,557.0652164189,3026584078.0,24969458039.0
2012-10-17,557.5582608144646,560.6745751269457,553.1420429369425,559.1983747886063,3081619670.0,24232048163.0
2012-10-18,558.9231758513596,569.3882305236401,558.9231758513596,568.1548048546302,4195292067.0,32808212837.0
2012-10-19,567.8049812203682,569.1483887026649,565.2183719078805,566.6561193455744,3344915376.0,27524653844.0
2012-10-22,563.555446890983,569.4944648084742,562.1237280860174,569.1019519370548,2986253346.0,24736633324.0
2012-10-23,569.0589368278582,570.3811626275959,562.6447974769678,563.058003222887,3582804620.0,29050331656.0
2012-10-24,559.59382050838,563.9556177553276,558.5355510605308,560.6225985366665,3255162520.0,24190528040.0
2012-10-25,560.6612143733315,563.866165880521,554.1423071617842,554.3001921648581,3490727916.0,26280263478.0
2012-10-26,553.6306880599756,554.2834097548307,539.1435577417892,542.2052884876762,3163059882.0,24511069523.0
2012-10-29,540.7794353794192,543.5425044012248,538.4088792290329,541.234189810358,2278673584.0,17185637639.0
2012-10-30,540.9467706716349,546.912184224315,540.9467706716349,542.1717236676211,2475735621.0,18825798969.0
2012-10-31,541.9618620742679,544.6824047949359,539.1166732985413,544.6824047949359,2424759973.0,18926430930.0
2012-11-01,544.7234646718963,555.5512149239939,544.7234646718963,554.4303780445858,3537569501.0,27977478881.0
2012-11-02,554.5318871848492,557.1439145164074,551.6642132384063,556.9834225370186,3519769813.0,26521362513.0
2012-11-05,556.6251262297328,558.0491870417733,552.5683452116342,555.0847290996379,3156287421.0,25215937967.0
2012-11-06,554.9591054284614,554.9591054284614,543.0492970696405,550.7336856299895,3250597816.0,25843360325.0
2012-11-07,550.1906198763819,553.1976041196548,547.722302114185,550.7895726847412,2660600113.0,22078554471.0
2012-11-08,546.6231357253951,546.7609795980479,536.6628568420964,536.6628568420964,3225961303.0,25001792650.0
2012-11-09,535.0607069605411,539.1461647181042,533.3172915499196,535.1998543213515,2546269767.0,19505583285.0
2012-11-12,535.3963551610907,539.9733908900412,534.9500734031755,539.8006787091758,2566498402.0,20279564280.0
2012-11-13,539.8032856854908,539.8032856854908,527.9602810947406,528.8730486770118,3063348851.0,22649553991.0
2012-11-14,528.2610609870777,529.7147761547006,523.0663348075042,529.229063880022,2436220910.0,18412828812.0
2012-11-15,527.0302422943828,528.7739835770437,518.8606302674142,518.9901644030632,2443583486.0,18542415164.0
2012-11-16,517.8588996183953,517.919511817718,512.1149161164662,515.7728297583778,2210939731.0,16723882785.0
2012-11-19,515.2858139955416,518.7364730204148,510.9256461087909,518.6848223021748,2143555913.0,16329542437.0
2012-11-20,519.5412140216354,521.8402412593803,517.1198218331076,517.2270337340599,2274756380.0,17529301936.0
2012-11-21,516.5769190155196,522.7264502704429,510.0418811380235,522.7264502704429,2734109603.0,20721062408.0
2012-11-22,520.6552075882166,520.6552075882166,515.1978285449121,516.4894223729492,2462745772.0,18277298633.0
2012-11-23,515.9373951382589,520.5400118222999,515.5018671576429,517.7714029758249,2390312607.0,17922235617.0
2012-11-26,517.336363803268,517.382800568878,510.8036070300473,511.27253689469865,2221102996.0,16708307450.0
2012-11-27,509.60504966925,509.60504966925,489.66738362058584,489.66738362058584,2753023020.0,20054281068.0
2012-11-28,486.9756805754019,486.9756805754019,476.06271478500946,477.4131285161526,2242501899.0,15726849376.0
2012-11-29,477.03218410213077,481.3126762752559,470.6685549173424,471.3072641145047,2088828452.0,14522392327.0
2012-11-30,470.75588862389316,477.95358729344525,469.3805456817384,477.47520713965224,2196091488.0,15066196439.0
2012-12-03,476.8596348572852,479.3044898326474,464.3018299481801,464.5019153803524,2297873005.0,15694779154.0
2012-12-04,462.689252161365,471.0649782532342,455.93962754594463,470.52533415603995,2733440788.0,17946844939.0
2012-12-05,469.28034002963255,491.72282150890277,468.2696478995311,488.66565297156706,4149047724.0,28968169883.0
2012-12-06,488.3045867519467,491.8049412628236,485.6500331192508,488.5978715873784,3295377134.0,23149926825.0
2012-12-07,487.91696196111786,501.26859115812465,486.5531874763607,500.51680436330145,4606365125.0,31929150470.0
2012-12-10,501.3384907105692,510.1262819962199,499.4964990080387,509.7290439802297,4945846412.0,35847218566.0
2012-12-11,507.9817181051357,511.8211424729755,505.19974850504667,505.85589185631517,4481619809.0,32621298732.0
2012-12-12,504.9444277622014,507.8943843985849,499.9215990833949,505.9057502783386,3747274812.0,27245676744.0
2012-12-13,504.70507474928525,507.2014175068678,498.42633523075244,498.84850245775436,3475500398.0,24490697918.0
2012-12-14,497.712349592496,519.4957548721434,497.712349592496,518.7480414778124,5924447124.0,43200612871.0
2012-12-17,519.4871192631002,523.1230365423543,516.8258852535972,521.5997476943262,5342480515.0,41640457762.0
2012-12-18,520.7275511809564,526.8697503149939,517.5864705934832,520.2519409394981,4788714692.0,37641943808.0
2012-12-19,519.2453222098887,524.5650203165601,518.4889732065144,522.35120861711,3789738125.0,29961425868.0
2012-12-20,521.1295143415175,524.5749594137608,516.1842432080806,523.9947442476652,3982856362.0,31677556576.0
2012-12-21,524.1236266392353,530.4114905748705,521.52039785274,524.3414720975532,4191913259.0,34921625608.0
2012-12-24,523.3948138231876,529.0384287369914,522.9480432572135,528.5812302657573,3460693681.0,29676145384.0
2012-12-25,527.7510712454659,542.0542467974288,526.6479943922035,540.6847695519826,5741240034.0,46137906720.0
2012-12-26,540.5216705962787,549.7047446656834,539.9641035369192,549.7047446656834,5892033849.0,46465621233.0
2012-12-27,550.2838192796413,552.6094050885946,544.195714904139,544.3275301440635,5952740446.0,47502690025.0
2012-12-28,543.5079619650518,550.5573888566911,541.9447537922009,550.5573888566911,5006261431.0,39420190002.0
2012-12-31,551.4696676309032,555.5482820756396,549.7021376893684,555.0910836044056,4802913954.0,40376902991.0
2013-01-04,558.4252433752044,559.6394425938917,547.1875460975813,552.5887122140947,5537882616.0,49400878419.0
2013-01-07,551.8910201778068,560.7754325231302,550.7410177508754,560.7754325231302,5640123671.0,49777722342.0
2013-01-08,561.2235065772619,570.5170512680126,558.3791324816339,569.1123798423147,6984982139.0,62542161099.0
2013-01-09,568.2115065894805,574.5153382550446,563.9676750207842,569.9387913341532,7305636765.0,63866089335.0
2013-01-10,569.2777599022942,575.2588153128639,569.0530711311496,574.2264526921443,6420931909.0,55683105986.0
2013-01-11,574.5044215417257,575.8941028536128,561.5280339980518,562.8826840657067,6942774206.0,62802567071.0
2013-01-14,562.0447041164706,583.4760046575803,561.9715458436324,583.1447557295622,7404436498.0,69256773243.0
2013-01-15,583.9367877212474,596.3244874258021,583.9129990623735,594.5760209985704,9142026677.0,85229770187.0
2013-01-16,593.6440269659764,595.8358423027689,583.4473279181159,594.035399285258,8221881278.0,75105729509.0
2013-01-17,592.9342776642318,594.1945877764895,585.4403613108938,587.0338755834058,6393047644.0,59918297784.0
2013-01-18,587.3993410755576,596.274954875818,585.7251734733018,596.274954875818,6400151036.0,59260001382.0
2013-01-21,596.9604267106297,601.2190854571172,593.9845632471164,601.2190854571172,6579571972.0,60844879035.0
2013-01-22,600.4627364537428,600.4627364537428,584.9665433656519,589.3604390084773,6484681885.0,60295253609.0
2013-01-23,587.400644563715,591.5828863169705,581.8132425767025,591.4637800865813,5828083337.0,52886270799.0
2013-01-24,591.0137508002134,595.9671687346345,572.1265332704537,576.8288667985414,6958937448.0,64024341073.0
2013-01-25,575.5742594469725,579.5585339363117,573.0981207558309,576.2879192131896,4268842696.0,39298451508.0
2013-01-28,576.1873876890445,591.3539612093141,576.1873876890445,591.3539612093141,4916678594.0,46363943171.0
2013-01-29,591.85661883004,598.185379706616,590.7255169813919,596.9390820920511,5710291529.0,52676947526.0
2013-01-30,597.3579905986593,598.3113292498319,590.9487393283595,596.5133302726161,5921556226.0,53957708288.0
2013-01-31,595.6743727072619,595.8671260185483,589.4335972813155,592.955296410771,5388582405.0,49433682502.0
2013-02-01,591.8957234747643,597.1403080763612,590.2994392899176,596.2578465937512,5251621972.0,48502873815.0
2013-02-04,597.0935454387118,598.3515744466939,588.2325958802229,590.6137428718886,5663710233.0,52953970865.0
2013-02-05,587.4221521183133,595.9399584193472,585.4623576735511,595.9399584193472,4770672865.0,43483364266.0
2013-02-06,596.0320172704688,601.5285009584976,596.0320172704688,599.8176727518129,4285843826.0,40702644280.0
2013-02-07,599.8106665029665,603.9329478009781,597.2201467260064,602.9564722350104,4065742577.0,39063615589.0
2013-02-08,602.8815216659557,613.1932535437132,602.8531707985306,611.9133911090934,4278220887.0,42218155271.0
2013-02-18,614.9306403216065,619.4654756214586,613.111296725812,618.7804925947061,5430173501.0,52747802330.0
2013-02-19,618.2631707322086,619.0201714796616,606.623673230044,608.9983027809222,5577544301.0,51807062631.0
2013-02-20,608.4387804893266,622.1620667472331,608.2720969411896,622.1620667472331,5606390986.0,53686020585.0
2013-02-21,618.8251370640995,619.2008675254915,605.7591347095994,611.0372841312511,6340919614.0,60854591759.0
2013-02-22,609.8540427563041,616.5867220256772,609.1128468027604,610.0487512998267,4612016928.0,45062499411.0
2013-02-25,611.4167621210958,618.67523592599,611.214884392707,617.6842590542703,4644726543.0,46487313507.0
2013-02-26,615.1165503200662,620.4217471209856,609.418514775688,610.001173982079,5544726878.0,56284326705.0
2013-02-27,610.4479445480532,615.1727632468572,605.0510147680516,610.2626862936721,4756360485.0,48544514023.0
2013-02-28,611.3067803078088,621.7180660935935,609.2671472134014,621.7180660935935,5540424850.0,55156127143.0
2013-03-01,621.185265309226,631.6439654767388,620.6296534821028,631.6439654767388,6352614777.0,65086468499.0
2013-03-04,626.8264361827344,626.8476178652933,608.3721396572757,612.7394767288926,7444738173.0,71672361529.0
2013-03-05,611.7714738359483,627.0736101245955,610.0792203355077,627.0736101245955,5820697960.0,57083886020.0
2013-03-06,628.1980315964364,637.8686102367365,628.1980315964364,637.8686102367365,7251528502.0,71796378423.0
2013-03-07,636.9876151783037,638.079449446208,623.6897548677928,630.17265321899,7061862944.0,68544629154.0
2013-03-08,630.0168863841718,632.8547430390125,623.0968306921617,623.9093926223271,5151435164.0,49657364143.0
2013-03-11,622.9467666180326,627.0965841033708,619.7972133575358,624.3889133282579,4392989913.0,40611212247.0
2013-03-12,624.0299652768934,626.851365393746,599.4409646743029,607.133011227577,5952229658.0,55896722001.0
2013-03-13,605.3218144327667,605.7687479347607,595.8114018998164,602.285338769931,4443285384.0,41096463477.0
2013-03-14,600.6541862768719,607.5362778762955,600.137027350394,604.4471738791017,3837325435.0,36109472923.0
2013-03-15,604.0202815075289,613.506090701507,598.3942636838512,605.3301241697707,4510003314.0,43139701482.0
2013-03-18,603.3742401894808,606.5628980947017,597.7623977995156,598.2686400126746,3855855980.0,36631421676.0
2013-03-19,597.9157205940386,601.1790031962748,588.7196116430591,598.9009947050693,3901830078.0,37041638998.0
2013-03-20,598.8076323657901,614.1477327470236,598.4674219566895,614.1477327470236,4857839464.0,46385596212.0
2013-03-21,614.0208055876896,623.9012458213429,613.8627576485958,622.1047132683043,5644243167.0,55089368888.0
2013-03-22,621.2106833282968,624.5656989096153,619.183596307405,623.5716262535216,5006180916.0,46571839895.0
2013-03-25,623.6563529837574,626.4585266502874,619.7116719472016,624.7442767871893,4732581747.0,45107869276.0
2013-03-26,622.802568240612,622.8638321840133,613.392524295787,621.469588663575,4865040598.0,46508021146.0
2013-03-27,621.0573605337739,626.8213851661242,618.8870527515796,623.3529661151053,4619770925.0,45250182006.0
2013-03-28,619.3787936589866,619.3787936589866,604.5315747372981,604.5315747372981,4940429550.0,46647398416.0
2013-03-29,604.3896574641531,608.520085563149,602.0590206385895,604.8543509922926,3817159672.0,37146406588.0
2013-04-01,604.5464019150894,611.9164868934674,604.5442837468335,609.9293191973982,3812334447.0,37978036929.0
2013-04-02,609.6577048525845,614.4211393880538,598.5936973719447,599.6286669689791,4402769968.0,44211869423.0
2013-04-03,599.4230417121375,600.8076720074145,590.7237246851754,593.5091159416778,4211205219.0,39844498908.0
2013-04-08,586.1445707879691,597.815840813972,578.2540681627196,597.8137226457162,4246346495.0,40238322484.0
2013-04-09,597.4011686438756,604.0903439959932,597.3793352172379,603.4177441067364,3898379167.0,37354240258.0
2013-04-10,602.47157464043,604.2166194112484,595.0617332732492,600.5375240867779,3780671228.0,36015466536.0
2013-04-11,601.3792515644668,603.3366019689338,598.3910049634576,598.6811940145152,3642486766.0,33365724440.0
2013-04-12,597.5861010262173,600.6141040160295,593.2288659878209,593.6916042837241,3399341695.0,31004241552.0
2013-04-15,591.865417375103,591.865417375103,583.9527554511765,585.6619542976644,3143188867.0,28384385791.0
2013-04-16,580.1838823798599,591.4148992806761,577.7054625844427,591.4148992806761,3167794898.0,29427326911.0
2013-04-17,591.0926118337406,597.9434197173848,590.8532588208244,597.9434197173848,3131174142.0,31180779907.0
2013-04-18,594.8500793836793,601.1164357647161,592.7755779810593,599.9164119797416,3352744455.0,33687630827.0
2013-04-19,599.9098945389542,613.030806332088,599.9098945389542,611.4791666166348,4606596106.0,45795154909.0
2013-04-22,609.2695912536966,618.0575454753671,608.971092465635,618.0575454753671,4724162561.0,48010916910.0
2013-04-23,617.6498795541171,617.6547676347076,600.0524635561778,600.508032667215,4797784943.0,48481507256.0
2013-04-24,599.9421558708517,614.9993993219132,599.7681402018288,614.42309462029,4427055743.0,47412603574.0
2013-04-25,613.2489776624452,617.4375739204684,602.9426226733373,602.9426226733373,4957977381.0,53986555496.0
2013-04-26,601.8740882562479,603.7323735607469,589.8945432810023,591.0499225965833,3710627635.0,38611762034.0
2013-05-02,589.051512315156,597.5122910093004,587.5267570429506,597.5122910093004,2842577051.0,30432735389.0
2013-05-03,598.6528431470902,611.4493493250326,598.6528431470902,610.5100231715529,4118551356.0,42979559606.0
2013-05-06,611.6251572902719,622.6671684082543,611.6251572902719,622.0206382821472,4677867689.0,50789526963.0
2013-05-07,621.28644857745,625.0572768810027,619.0229413919963,623.9659314211575,4538417452.0,47602094596.0
2013-05-08,624.6833387158274,631.825476202667,624.1361995617276,631.825476202667,4895540465.0,53011376233.0
2013-05-09,631.2540595816344,634.2970526852575,626.7544184620339,634.2970526852575,5621528777.0,62265525631.0
2013-05-10,633.1690466209834,637.4630624837423,630.0742398631006,637.4161369100733,5458502089.0,59267556518.0
2013-05-13,637.4329193201007,641.4473369730814,634.3449558750448,641.4473369730814,4932552178.0,53843604360.0
2013-05-14,640.2396551951817,640.2396551951817,629.9187989003219,633.7632742847719,4694419946.0,50199617229.0
2013-05-15,633.5188702552456,644.2245814285997,633.5188702552456,644.2245814285997,4644698692.0,50636873951.0
2013-05-16,643.1920558718605,651.7383759763392,641.8747181527133,648.1521541830887,6298130677.0,69532859489.0
2013-05-17,647.2480222098607,657.8413075296327,646.846384921339,656.8855248381648,6379680563.0,65851520313.0
2013-05-20,658.1895018036979,668.8899990244221,657.6389409931849,668.8899990244221,7522250075.0,81130283560.0
2013-05-21,668.2147921588506,679.2106923832624,667.0102061653249,679.2106923832624,7486595413.0,81521544323.0
2013-05-22,677.6091942457857,678.6060368142141,667.0484961299506,669.8710367989412,7312683465.0,78961929021.0
2013-05-23,667.0783134215529,676.743678109223,664.1534489322008,666.2712913160568,6490398655.0,67702091474.9999
2013-05-24,666.3252231385723,677.9691199132684,666.3252231385723,677.9691199132684,5776147292.0,62285783646.0
2013-05-27,678.509578690561,686.1128251131072,678.4338134414079,686.1128251131072,6370597560.0,71174197920.0
2013-05-28,685.6223876938576,686.2984092395276,674.0808147395232,681.0489365573401,6750558519.0,71075472306.0
2013-05-29,680.7701530276604,686.965958112174,680.2122600962615,686.5739340488136,6332932559.0,64834094686.0
2013-05-30,684.1877360405376,690.6067634720188,682.5065621894356,689.3891425969183,6241845562.0,65706448761.0
2013-05-31,689.3449869355837,693.5427076107093,686.0100124846864,686.1182020017567,6431582645.0,68170531289.0
2013-06-03,685.0684052269312,687.661043172147,678.3963381568805,679.8811741042631,5617474226.0,61768277249.0
2013-06-04,678.9426626308817,678.9426626308817,658.5346002933892,664.7934616175205,5687009447.0,60269377551.0
2013-06-05,663.7566997242697,669.7960862298863,662.6650283923851,668.8378594981232,4343804559.0,46076960130.0
2013-06-06,666.0888029740105,666.98169236188,657.2477316099229,657.7425683017041,4510427683.0,46821439060.0
2013-06-07,657.6549087231139,661.9974795197387,645.2030122268036,649.3831358118033,4745349066.0,48770039134.0
2013-06-13,641.9265318069729,641.9265318069729,617.2506863058906,633.4536958473718,4438721449.0,44629006195.0
2013-06-14,634.2892317563127,648.7779914346959,634.2892317563127,647.7558937832166,4218831838.0,46776689964.0
2013-06-17,649.3601618330277,656.4323997674229,646.524423346443,651.1470811609049,4611042407.0,52257846768.0
2013-06-18,651.0281378665355,654.0215984201747,643.1087955658019,652.5814069421855,4162187962.0,45923649995.0
2013-06-19,649.2661477496699,649.6746283510183,639.7842490201642,649.6746283510183,4063907485.0,44255483603.0
2013-06-20,646.1550473898187,647.8580546675586,628.9051739218661,629.0773972946723,4087520328.0,43747504691.0
2013-06-21,617.7978254599903,628.2260565918222,606.3808985607144,624.6676968579377,4018980699.0,41264624962.0
2013-06-24,623.2271795079091,623.2271795079091,581.797437782793,587.3434540208058,4778442277.0,46945106157.0
2013-06-25,580.6726904389127,589.2931464323477,542.6748700964062,586.9882534978941,5933505358.0,55807449287.0
2013-06-26,586.2881174213109,602.5313721596542,582.9891518307637,602.5313721596542,5068699682.0,53537089317.0
2013-06-27,603.4271943958781,612.3637462675007,590.7470245359902,590.753379040758,5586902889.0,59055428047.0
2013-06-28,586.4244948697866,599.7507060477226,579.4498556111823,586.9129770568001,4277184616.0,42919592870.0
2013-07-01,585.7344608264237,601.8208081778112,583.701671044843,601.8208081778112,3895808377.0,41590943535.0
2013-07-02,602.1321789114277,614.2578774963301,601.6355499234302,614.2578774963301,4888635274.0,55607329307.0
2013-07-03,612.3375135683315,617.4998154799878,601.3618174103606,615.9952642742234,5071267366.0,57092271638.0
2013-07-04,612.8074210491009,625.5701994709688,609.8110276471074,618.4415856737628,5434362750.0,57661099259.0
2013-07-05,618.3765742019087,624.0884593079601,612.042110564644,612.042110564644,5090969088.0,52346873847.0
2013-07-08,602.6314148757403,603.7600726840932,588.4022122767141,589.9342996698052,4789344309.0,46784669447.0
2013-07-09,588.582419514485,594.8298753172384,585.8835472844349,594.8298753172384,3679872818.0,38145317757.0
2013-07-10,594.6415212784834,611.1806678285733,594.5163864153659,611.1806678285733,4891819998.0,48738187891.0
2013-07-11,610.6654641343317,628.2627171962511,610.6654641343317,624.3763672547423,6468186486.0,62081587218.0
2013-07-12,623.840307749981,632.9314859042838,622.5700585405225,623.9137918948586,5714648162.0,60921611405.0
2013-07-15,624.5389774023871,639.26008384484,624.5389774023871,639.26008384484,5585176339.0,62425570393.0
2013-07-16,640.0089377913089,646.3085331203613,635.8411973438053,646.3085331203613,5853889490.0,63014029472.0
2013-07-17,644.7969756657504,648.4469054426975,633.693048860288,636.8892018224144,6091921636.0,63890687733.0
2013-07-18,634.7454526114286,640.9251270299934,630.1402289510728,637.2750343170267,5663408999.0,58126261494.0
2013-07-19,636.9551909103866,644.9356342185017,624.3967342572028,624.3967342572028,6371857540.0,66693784768.0
2013-07-22,620.2532712766321,638.5954678205479,618.2664294526022,638.5954678205479,5038358931.0,54039270200.0
2013-07-23,640.102300130588,654.2234761485635,640.102300130588,654.2234761485635,6460479943.0,70023284137.0
2013-07-24,653.4210162516184,662.2707232247493,649.4822009117712,661.1722085800379,6764579955.0,74586878761.0
2013-07-25,661.1904574142426,662.4991595243465,643.8286469007669,645.7666079188914,6562266322.0,73073521901.0
2013-07-26,643.7157322391257,649.1993439815994,636.2752589002441,646.6819824774776,5097527165.0,55280569041.0
2013-07-29,643.9987521053173,646.3290630588415,634.4841032358551,635.6290546461763,4870514027.0,52626622379.0
2013-07-30,635.2003699783871,639.0147021991955,618.7976008767729,632.5697679405848,4660445936.0,50259640889.0
2013-07-31,633.5100717101826,639.571291642437,633.0800835542359,635.5295007381493,4302098836.0,44950458539.0
2013-08-01,636.2395759119332,656.05715811409,636.2395759119332,656.05715811409,5729512874.0,61159422658.0
2013-08-02,658.2646153087724,664.5651882539429,657.4144151580599,658.0615970282458,6357749697.0,68860351134.0
2013-08-05,657.6563751472911,668.3840826833026,657.6563751472911,668.3840826833026,5548118769.0,58902076774.0
2013-08-06,668.1145865067448,677.0926870633866,666.8361904963022,675.6410900640196,6346029776.0,66574516430.0
2013-08-07,674.6802563559417,675.8188532614953,665.9084328002199,667.1123670496669,6520890817.0,67065259934.0
2013-08-08,665.0271118697478,674.0772301470902,663.8626081370644,670.1674174187467,5351860637.0,54999776254.0
2013-08-09,670.6878350656183,674.9816879923576,661.0081320082159,670.2265631938922,5679753717.0,58948106125.0
2013-08-12,671.0487383492189,675.6120874525159,668.8596929247609,675.6120874525159,6578697651.0,65472444761.0
2013-08-13,675.4908630538708,680.8108870325815,672.9308123125917,680.8108870325815,6072253170.0,59907697320.0
2013-08-14,681.236312979977,684.6807804361023,675.7365705715547,680.330714582572,6355830713.0,64297855064.0
2013-08-15,679.2115070633608,681.4067440565668,672.8151277386158,673.1260096641735,5940996159.0,61698428087.0
2013-08-16,668.770892794033,678.7766308268234,656.5751317206664,657.0205987984831,6318533505.0,64217302774.0
2013-08-19,653.4782067945276,672.8345171249583,652.9328599366444,672.8345171249583,4778242993.0,50519006536.0
2013-08-20,672.3856283907282,678.3769487705381,669.7975526540636,674.8045765389606,5389148261.0,57492736700.0
2013-08-21,673.9274919450004,678.552430863738,670.9451110406997,678.552430863738,5141100022.0,53766900187.0
2013-08-22,677.453753283007,684.3382889227258,677.2407959052797,681.2938293949256,5539682447.0,58856090756.0
2013-08-23,682.6321858606121,686.0210921340249,668.3286844366099,681.8572621509937,6394931534.0,70413876017.0
2013-08-26,682.1658629722757,695.3084452560277,682.1658629722757,695.3084452560277,6195537397.0,65984032901.0
2013-08-27,695.0982577906349,701.6644164478907,692.1135957820587,701.6644164478907,6637376674.0,69630829060.0
2013-08-28,697.4000549407143,700.6980429151433,692.2395453252747,693.7770096070152,7676576773.0,80759675974.0
2013-08-29,693.2960224769074,696.1037359681065,689.0719061665931,694.2366521185445,6783514422.0,66154305241.0
2013-08-30,693.5876779521423,695.7359893716791,678.5459134229507,681.3563968264843,8496755191.0,81962277812.0
2013-09-02,680.0105453038924,687.3284907559715,675.7675284152946,687.3284907559715,6315312829.0,59871649937.0
2013-09-03,687.756523679682,699.1376046546274,687.0785469017758,699.1376046546274,6633408576.0,64939799817.0
2013-09-04,699.1367899745289,702.4510715509263,696.3833341778846,700.4388117078258,6824204837.0,69110021959.0
2013-09-05,699.4260014094684,706.1348920199678,697.8095131581808,704.6534777289985,6681012319.0,70159295592.0
2013-09-06,703.5381806742597,709.9836037409295,702.1613713079278,709.1723452989216,6609771848.0,69198744510.0
2013-09-09,709.66864841488,712.6634124566766,707.2347101528364,712.0211186670813,7622044065.0,79151998902.0
2013-09-10,712.4836940269648,714.923497985717,709.1945045975988,714.923497985717,8224806722.0,83755321834.0
2013-09-11,714.0213212447252,714.0213212447252,700.0283758742412,703.6743951867159,8870950220.0,85964884180.0
2013-09-12,701.0196786180002,707.2467674182931,700.21477468076,703.7389178505108,6722291004.0,64169782608.0
2013-09-13,703.0236287240969,710.4614950866635,700.6499767893366,709.2521839485669,6196240676.0,62342304932.0
2013-09-16,709.5407436394278,717.4912067199211,709.5407436394278,714.4723281472112,5946896375.0,63874773419.0
2013-09-17,714.413019436046,714.413019436046,704.5705432949792,704.7074095515139,6195535070.0,63238988580.0
2013-09-18,703.9468242116278,711.401472984222,703.0980904850926,711.401472984222,4995036118.0,53144252162.0
2013-09-23,712.4999876289331,726.0114570612502,712.4999876289331,726.0114570612502,6223543055.0,67978944782.0
2013-09-24,725.950681925908,729.3022758508132,719.8438399081421,728.0602145727602,7056240347.0,76487788603.0
2013-09-25,727.4259046481293,730.8234465305854,723.332300089582,724.5939136899972,7167165291.0,76892014769.0
2013-09-26,723.0088720905087,724.9891964737512,712.920199623699,713.3648520214172,6327288420.0,68408258175.0
2013-09-27,713.4008608817675,718.8127807755801,713.4008608817675,715.8988329995469,5144039519.0,57968358773.0
2013-09-30,717.8058361739314,728.3966774534081,717.8058361739314,728.3966774534081,4499232544.0,53314981544.0
2013-10-08,729.4280624580094,740.1055856999582,728.5954593974229,740.1055856999582,5820822092.0,68742673701.0
2013-10-09,739.2658134545056,751.4814527222736,737.5367364136163,751.4814527222736,6719150433.0,78482947066.0
2013-10-10,752.739318794236,752.8840059797158,742.7241304723038,744.2221642372809,7633544528.0,88880756360.0
2013-10-11,745.7179168979824,751.7178728868355,743.3441020272024,751.7178728868355,7420924534.0,83224011661.0
2013-10-14,751.9153513426928,760.2944990909755,750.7979361196981,760.244640668952,8066614708.0,89780379008.0
2013-10-15,760.8623311195751,761.9685037572114,754.314258360504,759.7323698230648,7928745927.0,90632653898.0
2013-10-16,757.8555098123218,757.8555098123218,732.5518718273961,736.2625767396852,7326060366.0,82216684222.0
2013-10-17,738.7869444926534,745.9743781929654,733.8662766981889,736.1076245849655,6896144056.0,76182607365.0
2013-10-18,735.4363281838664,742.6511351354852,734.6834008369054,741.3567713951136,5682302426.0,62757367060.0
2013-10-21,743.2062581545496,761.5241772315325,743.2062581545496,761.5241772315325,7323454088.0,83371241126.0
2013-10-22,761.4040933850251,765.0955718469917,751.1256004552832,752.9904032005695,8779355706.0,101518767230.0
2013-10-23,750.8433952691901,750.9942740234178,729.0818234161803,733.8644844019724,7857771243.0,85872313740.0
2013-10-24,731.407246289114,735.672911284448,726.7972974841874,728.2660027656214,5441223672.0,58996864123.0
2013-10-25,728.3644161215105,730.8485386776167,710.1874367015546,715.0632970906059,5745132311.0,64102832214.0
2013-10-28,713.7291769614313,716.0871870383019,709.9125636363473,714.3742406633613,4826488694.0,53312485605.0
2013-10-29,712.9421959863562,717.7566294959868,674.9974927862669,695.6807540610062,6956819600.0,72586010046.0
2013-10-30,693.1734945901047,706.423288774809,692.5302231843913,706.423288774809,5244419536.0,56870444259.0
2013-10-31,704.4835354604678,704.4835354604678,695.2310506466775,695.8948519908713,5200770241.0,53541771879.0
2013-11-01,691.9868315587443,695.0542650653201,682.6072566496003,690.8835917694622,4590588078.0,48051164171.0
2013-11-04,689.8932666418214,698.316244179399,689.8932666418214,695.307793511949,3894351652.0,41510879412.0
2013-11-05,693.7229148484802,707.2052187332737,688.4700205098793,707.2052187332737,4917422294.0,51413673537.0
2013-11-06,705.4753270122859,713.8968381256864,701.2606609911132,701.2606609911132,5807342211.0,61473053852.0
2013-11-07,697.7137067786066,701.6339474122099,690.6633022708492,691.8608820155284,4487840922.0,46229044932.0
2013-11-08,688.1617455606367,690.1955129583356,679.7816201962361,682.0786922017447,4375492772.0,45279948082.0
2013-11-11,680.6011883752478,688.8547124523539,676.09502981486,686.4722619725308,3798276715.0,39644857884.0
2013-11-12,685.885855237687,692.212986754066,683.6337535736112,692.212986754066,4438132491.0,46185474090.0
2013-11-13,690.770677107821,690.8055454160334,680.0048425432035,680.0128264081679,4462349306.0,46416493695.0
2013-11-14,677.6891958314508,691.3223784704719,673.532372097266,691.3223784704719,4671523662.0,53064675039.0
2013-11-15,691.3271036150427,710.163485106661,691.3271036150427,704.5822746883964,6276239374.0,70767805057.0
2013-11-18,708.1538322398753,720.3792476688245,707.7706067215779,720.3792476688245,7082579883.0,76307984982.0
2013-11-19,721.4226899388825,726.1877538345486,719.7799689884258,724.4925674857535,6782193855.0,73504308653.0
2013-11-20,724.9277695943302,731.0302123395649,722.1449853141429,731.0302123395649,6819611253.0,71547664595.0
2013-11-21,728.6642183977295,731.4926247634287,723.8101914353159,729.6907153217404,7243529790.0,78798662039.0
2013-11-22,729.4595091098086,731.7727117812659,725.1997098111833,727.970436825914,6334255400.0,68936617829.0
2013-11-25,726.546213077854,734.3860426009817,724.2393649111642,728.9011273703507,6134483440.0,67979083730.0
2013-11-26,727.9036330578435,733.653156384442,725.8538979302156,731.6653369442939,5925806717.0,67547016790.0
2013-11-27,730.8747713767859,742.8984720133659,730.4778592328352,742.8984720133659,6315469778.0,76407755531.0
2013-11-28,743.4381161105604,751.1738295171098,743.4291546294777,747.5005998893479,6941901747.0,78642285258.0
2013-11-29,747.3902922040215,757.0942727283568,747.3902922040215,756.5608201999107,6915189304.0,84213755977.0
2013-12-02,732.7537495557848,738.8081261752125,705.6568377382141,709.5163032364751,8437791709.0,92447386765.0
2013-12-03,700.4140454328339,722.5674784131842,696.8825701421972,721.432791972103,5929806262.0,67903050515.0
2013-12-04,719.9375281194606,735.4325806554136,718.9424778472487,727.6243607201047,7228588359.0,79373534863.0
2013-12-05,726.7459726379868,728.862185661646,721.5305535839134,722.9419053864185,6497272944.0,70338160167.0
2013-12-06,720.9609292590974,724.1028245266689,717.9866951557808,721.8169951065184,5518042938.0,57601639910.0
2013-12-09,723.322035120342,732.3162663429326,723.322035120342,732.3162663429326,5501511620.0,60108781712.0
2013-12-10,733.0716377301887,734.4129270442296,727.8881541359735,731.9032235330329,6017651372.0,63557065884.0
2013-12-11,730.341644720379,731.2697282885006,721.6908826272828,727.5178005632312,5440037009.0,58124821551.0
2013-12-12,726.2063285407926,737.9093710906341,726.0484435377185,734.4414408476744,5042420807.0,58810689261.0
2013-12-13,731.8395155493364,738.1122264351409,729.3014611707148,736.6000172364513,4993586073.0,56398659972.0
2013-12-16,736.6850698387265,737.2631668365664,724.8163213568662,726.7159924103651,5590489576.0,58190331281.0
2013-12-17,726.024491942825,728.2998934577156,718.4336286577749,722.4095934101101,4736374882.0,48944044224.0
2013-12-18,722.2811998265988,725.8273393590069,718.9716433947722,721.6662792883105,4134185919.0,42549185366.0
2013-12-19,722.495297756464,726.7207175549358,715.6493779534103,715.8621723951179,4153932935.0,44076090562.0
2013-12-20,715.4460338008442,718.351997711913,705.4554488178844,708.5759994668773,4281505547.0,43539931249.0
2013-12-23,707.8703235656247,709.2798830719132,695.2106836442169,706.192571370936,3854882076.0,40789743741.0
2013-12-24,706.3885834026161,717.900013193309,706.3885834026161,713.5413117307354,4096637365.0,44574571601.0
2013-12-25,713.9149240238713,725.7650977994876,712.3269495760285,725.7650977994876,4366886679.0,51790599681.0
2013-12-26,725.7615132070546,726.324783027103,712.597586304724,712.8703412016755,4848213672.0,55773704629.0
2013-12-27,711.8557386071017,727.4988999849478,711.8557386071017,725.9371582362742,4733860658.0,54096075321.0
2013-12-30,728.9185615244568,732.3667765090347,727.4301409846411,731.1735960368868,5097816201.0,57754257928.0
2013-12-31,728.8454032516184,731.408875649311,723.5027311661718,730.4195281377881,4726473739.0,52932326239.0
2014-01-02,729.5888803094377,739.6542529254327,728.3456784792469,739.6480613566848,4688804803.0,54014229329.0
2014-01-03,738.2039594142232,740.2528798617528,734.0191106846528,738.3848183960728,5429771415.0,62043078033.0
2014-01-06,736.8027096449387,736.8027096449387,718.2847051357835,718.7547755525726,5557321321.0,61178493995.0
2014-01-07,715.5247318983518,726.4595311153819,714.1122395437089,726.4595311153819,4458494186.0,50475932318.0
2014-01-08,727.6781296066006,736.7499183745608,727.6751967582462,733.9734885991411,5313907708.0,65633909315.0
2014-01-09,733.0652832254211,738.3106825071164,722.0416838776631,722.0998520366903,5362177292.0,66202600952.0
2014-01-10,719.3786575719436,722.2701201772604,707.0545029150658,709.5609477058687,4621283223.0,51380480723.0
2014-01-13,708.8782457833917,714.7191762170329,704.000430162104,708.2361149298159,4021470023.0,44929233277.0
2014-01-14,708.226827576694,724.6903718136502,708.0251127843247,724.6903718136502,4516367159.0,50337247518.0
2014-01-15,724.3962722981203,732.2499513829212,723.573771270754,732.2499513829212,4817364349.0,57231748106.0
2014-01-16,732.153004451209,736.1993575640478,729.3733159553955,730.8118780731879,4898427000.0,58142923483.0
2014-01-17,728.8876036807168,729.5445617120837,723.7329597619856,724.2831947004593,4282988020.0,49426989812.0
2014-01-20,723.8862825565085,727.0987291206033,715.421919269931,719.3781687638844,4239400592.0,50648016538.0
2014-01-21,718.5610446251679,731.0725757046825,718.5387223904712,731.0725757046825,4613309688.0,55570933763.0
2014-01-22,731.0714351525448,746.9115861781893,731.0714351525448,746.9115861781893,6221644642.0,73264870585.0
2014-01-23,746.4332060243963,757.2462920347223,745.7060225685454,753.9605242617697,6060453663.0,75095120887.0
2014-01-24,752.4096992264149,766.6669268208267,751.8607677760986,765.0313750552361,6632720237.0,80308948939.0
2014-01-27,761.8212095954169,770.0307409472082,758.0318065856202,762.8750797707346,6059270005.0,75541042109.0
2014-01-28,762.5917340325038,766.3847216347335,753.491268525079,760.5419989048759,5026188351.0,62191054322.0
2014-01-29,760.9444508734958,771.2918657395643,760.9292978236653,770.8274980834641,5028770936.0,62542744544.0
2014-01-30,769.5336231511515,772.924321720781,765.9762410333851,768.1910303489533,4358671067.0,56202738181.0
2014-02-07,763.9545309011429,785.0658250995928,761.4345624207062,785.0658250995928,5219943797.0,63887250887.0
2014-02-10,786.9180817713633,805.4543351147231,786.9180817713633,805.4543351147231,8306890014.0,99886579588.0
2014-02-11,805.7140551300998,811.2947767403053,794.2376565836393,805.1985255638189,8503882592.0,102218829763.0
2014-02-12,805.2799935736609,815.4990148562182,801.7434672664142,815.4990148562182,8254708647.0,96792741954.0
2014-02-13,814.5600145747778,816.046642818377,798.6600660299093,798.6600660299093,8871621550.0,103374736749.0
2014-02-14,798.2905271372654,814.7762306728989,797.7701094903938,814.7762306728989,7350434193.0,85142475358.0
2014-02-17,817.8057000868882,833.8078095160988,817.8057000868882,833.8078095160988,8964748858.0,106313574133.0
2014-02-18,834.0838231334438,836.9216797882847,828.7196434933988,834.2720142361793,9130463594.0,106722263916.0
2014-02-19,833.4353377751006,838.9668527073615,828.3582514017392,834.2545800820731,9064079616.0,102193879984.0
2014-02-20,835.0247786471206,836.0936389362492,817.3281346131937,820.410232361541,8574601683.0,95582845794.0
2014-02-21,819.1976625030508,824.4508827136909,811.2317205006875,819.6952691071665,6826167777.0,76785162875.0
2014-02-24,817.1332631336512,825.1875164586836,809.3232509021258,825.1875164586836,6989426181.0,82673681381.0
2014-02-25,825.626954903772,832.2375950944015,785.6624968036765,790.1373716482849,9382383529.0,113699663501.0
2014-02-26,783.9586748458381,795.409166565169,770.1017810517906,795.409166565169,6879105530.0,79717534515.0
2014-02-27,796.1123984261262,808.9962383106196,780.6445562054604,781.3679921328585,7755670795.0,91166565741.0
2014-02-28,779.4692986954778,789.039671683672,768.4835005042866,789.0215857854871,6441663969.0,73987828927.0
2014-03-03,789.036087091239,807.2133923832343,787.8609925172761,807.2133923832343,6990564109.0,78503112007.0
2014-03-04,803.6872939812474,808.926338758175,798.1376931508015,808.4794052561812,6836464233.0,77972582874.0
2014-03-05,810.786090486851,814.4163050054163,806.489141775738,808.7593293379987,6519867131.0,74412033302.0
2014-03-06,807.2546151962144,810.2940237074047,796.361201728184,808.5528894010587,6469729973.0,73496714614.0
2014-03-07,808.3528039688864,813.1235706252414,802.1948000409395,806.5064129938244,6388920380.0,72641727823.0
2014-03-10,800.3620956915311,800.3620956915311,774.4060618837896,775.6849467022912,6624994204.0,72064906071.0
2014-03-11,773.1200078804218,779.6724799120242,764.9174827774768,773.4137815239125,5430654415.0,59348267430.0
2014-03-12,770.8605740954602,777.5774485709239,757.3561109119894,770.1762428127863,5358672140.0,56783500321.0
2014-03-13,769.5569230019663,781.1159301104069,769.337774055491,781.1159301104069,4801262014.0,50847283431.0
2014-03-14,777.4609493168497,783.1622435816215,773.5713406549471,779.656023374036,4696416014.0,49221579364.0
2014-03-17,780.2528580141395,798.8969750025302,780.2528580141395,798.8969750025302,5251310804.0,58696992277.0
2014-03-18,799.7201277739752,808.2801345041071,799.4815894411572,803.9945913143719,6062232300.0,68272012287.0
2014-03-19,802.4144377954739,804.5337466035071,795.6978891920495,804.5337466035071,6002683501.0,63790527020.0
2014-03-20,802.7647502377952,806.7560309759807,781.8318709808996,781.8318709808996,6449559099.0,69356856559.0
2014-03-21,777.1062376019971,794.4344832954177,769.559204106242,793.5005340305876,6342500272.0,65766156991.0
2014-03-24,793.0778779955266,797.0732321342042,789.8101961207589,794.5527748457084,6470221010.0,65388138979.0
2014-03-25,792.8989742459133,797.5988637337058,789.4921450103352,794.523120490126,6410716637.0,61788093144.0
2014-03-26,794.8685448518565,800.4852753224123,794.8685448518565,799.024553905943,5560014859.0,58692643671.0
2014-03-27,797.5690464421035,797.5690464421035,782.7783663192455,782.7783663192455,6233851814.0,64752988973.0
2014-03-28,780.1331000396715,781.2814731064062,759.3802650845271,761.2025415286757,6541384667.0,65129793827.0
2014-03-31,759.5453192724672,761.6784776421734,750.1768240126618,754.9265719224776,4602014693.0,44930500461.0
2014-04-01,753.8642290741362,768.2444733634096,753.8629255859788,768.2348601382483,4281026503.0,43503380319.0
2014-04-02,768.1320475098275,770.0936342508063,761.0534550706647,763.1569590847885,4735747051.0,47359373955.0
2014-04-03,763.3404250429528,768.1698486663943,759.8299684988555,763.6733033311679,4780494298.0,47790662579.0
2014-04-04,762.1423564902145,772.9166637278557,760.5957677913716,772.9166637278557,4371644313.0,44966818404.0
2014-04-08,769.1334522868069,777.9430769990954,767.3005850013787,777.9430769990954,5191730556.0,51954060760.0
2014-04-09,778.6982854503319,787.0683087815122,778.6774296398123,787.0683087815122,5321427539.0,57344567369.0
2014-04-10,788.1013231463104,794.6671559315268,787.468316709837,790.1838084138949,6237317269.0,67290435741.0
2014-04-11,786.3600259039448,787.486891416081,780.7524198504914,785.7934973635026,5312194096.0,55034457727.0
2014-04-14,785.7874687307743,791.5687645812111,785.6779757255464,791.5687645812111,5007437834.0,53090853755.0
2014-04-15,791.5099446781051,792.2837278355856,786.7976720528167,788.3906975172696,5386368096.0,56876909800.0
2014-04-16,786.6964887845927,790.3330578079257,783.6968366622056,789.8546776541326,5008899884.0,52241824322.0
2014-04-17,790.1319947596353,792.553386948163,789.6738186722831,789.8620097750185,5049026531.0,52043490964.0
2014-04-18,788.3779885077342,793.5487630924142,786.741784998065,793.5487630924142,4523442937.0,48301542498.0
2014-04-21,788.8293212822597,793.2248462852818,780.7496499381567,781.2581732555914,5199760385.0,55809258216.0
2014-04-22,779.5554918498907,782.7736411746746,762.7400058104164,773.6221766930885,5094371227.0,53284946623.0
2014-04-23,772.5811784633258,776.3115986339969,767.4126849829215,770.8219582587949,3918119732.0,40832571466.0
2014-04-24,769.6328511871393,770.3199523821477,761.1821745262151,763.0011922499704,4189684646.0,44078897937.0
2014-04-25,762.0729457458291,762.8713322422819,746.459112851526,746.6758177577061,4519103617.0,45221816948.0
2014-04-28,742.9781477269917,742.9781477269917,720.4714694559658,720.8959177872433,4521191695.0,44330848472.0
2014-04-29,718.9357974704418,729.8326325948855,718.7770977872692,729.8326325948855,3509950560.0,35293974557.0
2014-04-30,729.3361665429076,737.5289154846713,728.7624688175993,737.3353474932863,3352968138.0,34709168495.0
2014-05-05,736.6523196987699,745.824477054856,735.1044275117695,745.824477054856,3418014619.0,35227869161.0
2014-05-06,745.4337564796531,754.3007346708704,744.8007500431797,751.4852002507264,3803547867.0,40634944312.0
2014-05-07,749.4139575685001,749.4139575685001,738.3594003770021,738.5912583330127,3872371627.0,39499914813.0
2014-05-08,736.1666074240912,747.4460163227537,735.5215437221613,738.4690563182495,3679882371.0,36687902023.0
2014-05-09,737.8034626778393,738.5928876932096,725.0291157985739,730.2523557815921,3605621790.0,36574776785.0
2014-05-12,734.2169150125495,745.6639850754668,731.6609376717624,745.6639850754668,4323106395.0,42668087212.0
2014-05-13,744.8520748893803,748.8588345494358,742.6700357137686,745.4003545956178,4226780459.0,43470359692.0
2014-05-14,744.6008275470272,747.2211646155894,743.1135475593493,745.8691215242493,3596966065.0,36959727228.0
2014-05-15,744.8524007614196,745.5909897386484,731.443906893543,731.868192288801,3977506300.0,42097389087.0
2014-05-16,729.8077033838737,731.746316146077,719.7239189976544,728.677416215324,3406579350.0,36188427153.0
2014-05-19,727.4744595819952,727.4744595819952,720.628213906902,726.4305285038781,3190954769.0,33254945881.0
2014-05-20,729.6784951202642,736.1674221041897,728.0998080255433,729.9579303940227,3560071913.0,39348967352.0
2014-05-21,728.5281668212932,736.2519858984058,723.0509095835872,736.2519858984058,3490139795.0,37066729366.0
2014-05-22,736.7429121257145,744.7451888604675,736.7429121257145,737.7087968504028,4437155330.0,49120899489.0
2014-05-23,736.9695561290953,746.6474668902811,735.4899341343424,746.6474668902811,3982660052.0,45152526244.0
2014-05-26,748.2256651769428,756.8384631774526,748.2256651769428,756.8384631774526,4725571357.0,55037503307.0
2014-05-27,756.4622439080016,757.5027533297053,752.5996826253667,753.4715532666971,4388809849.0,49337238358.0
2014-05-28,753.403446010469,764.3134789525074,752.9084463826683,764.2707897153499,5281728101.0,59648613506.0
2014-05-29,763.8293960380254,765.2816447814712,755.0091804844575,755.2095917886691,5417863168.0,60407990520.0
2014-05-30,754.0690396508793,759.3532177052595,749.8449233405651,757.3645835850132,4603220288.0,50313188456.0
2014-06-03,757.4783129267527,760.7673394200991,756.0404025530391,756.0625618517163,4481670198.0,48317936876.0
2014-06-04,755.0313397831345,755.0313397831345,744.484817101012,751.2530164226763,4544756788.0,48013956516.0
2014-06-05,749.8843538573285,761.1284056397194,749.1780262119972,761.1284056397194,4605631974.0,51254181826.0
2014-06-06,761.2134582419945,762.76917135794,755.3681285358218,759.6583968701281,4648163533.0,52117702347.0
2014-06-09,758.0389757704863,760.7738568608866,753.4172955721422,753.9745367594624,4310300360.0,47719575678.0
2014-06-10,753.9831723685056,763.532363674141,750.5349573839278,763.532363674141,4927575218.0,54625161435.0
2014-06-11,762.8038767301326,769.2937813301763,761.8731861856962,768.722690581183,5256194536.0,59634163401.0
2014-06-12,766.9709654335575,770.4441096291471,764.7947919546546,767.7615310010655,5401515632.0,60118650338.0
2014-06-13,766.4697742370087,777.2752022544096,766.2344946245847,776.6374706733654,5962209068.0,67108122668.0
2014-06-16,777.6613606210612,782.6859815960845,777.6613606210612,782.1904931602246,5861607828.0,68789971335.0
2014-06-17,781.285709442918,781.285709442918,774.8409381203269,775.165506671538,5611508466.0,63188389427.0
2014-06-18,774.5375512516747,775.9067026250816,768.9718197552801,769.3354929512155,5435396643.0,59481298005.0
2014-06-19,768.4929507934282,770.2937196829786,742.0037903292797,746.5576891434351,5787271725.0,63030217183.0
2014-06-20,745.8415853369227,755.2188791417911,744.7476329007626,755.2188791417911,4062390952.0,43706535097.0
2014-06-23,756.3773542417462,767.3465329589297,756.3773542417462,765.3784287771637,4591859255.0,53045308906.0
2014-06-24,765.5483710456942,771.2993607964698,765.4379004243484,771.2993607964698,4752306890.0,54822295337.0
2014-06-25,770.7784543415393,770.7784543415393,764.5976393708366,768.3815025559642,4776063582.0,55593814480.0
2014-06-26,768.392908077342,781.8743972820371,768.392908077342,781.0111622497499,5829608807.0,70125598665.0
2014-06-27,781.4426168298738,790.5256481831925,779.8862519698499,786.896085408706,6716632386.0,76601538766.0
2014-06-30,787.6830663837809,795.8442057377259,786.3057682093898,795.8442057377259,6613391075.0,75572612987.0
2014-07-01,796.7481747749342,800.9511094026896,794.1930121142457,800.9511094026896,6950162947.0,80674006110.0
2014-07-02,801.2173468588537,805.8051363651033,797.1310744211922,805.8051363651033,7304116740.0,84661709447.0
2014-07-03,805.6575163312694,813.4805634443696,803.2543729769463,811.5378772816742,8157755145.0,90084647534.0
2014-07-04,811.7905910482044,813.0243425892537,808.6345203469205,811.0278875400625,7088799203.0,81536814904.0
2014-07-07,811.3498491149586,812.6919531090978,804.5902854023375,809.9334462958434,6554386394.0,75072734847.0
2014-07-08,809.1174627092646,817.1008388657341,802.812816363602,817.1008388657341,6717212019.0,78765297456.0
2014-07-09,815.6528264588002,818.9407124000088,804.3792832568464,804.4674316434956,7701633902.0,90287409799.0
2014-07-10,803.5929540258502,809.578571644971,802.686378012327,804.2018459314103,6196931697.0,72085708456.0
2014-07-11,803.5683506868778,811.0845892749127,802.9485420679989,809.1689504914849,6023003852.0,69372002332.0
2014-07-14,810.254104382582,818.7926035581157,809.2232081860396,818.7926035581157,7041897498.0,80744948610.0
2014-07-15,818.5229444455383,818.6334150668843,807.9369912466522,813.5120100961688,7544822704.0,84973468215.0
2014-07-16,812.184570343801,813.6962907344316,799.3158835091384,802.5350104500403,7108125706.0,75979977266.0
2014-07-17,801.244557174141,802.1978958253136,793.7786658161887,799.672713392247,5574391812.0,58601107453.0
2014-07-18,797.0574273402949,804.844465593045,796.1335801086851,800.1406656407801,5231005341.0,54984369306.0
2014-07-21,799.4942984506927,800.6358282046007,793.2074121311756,798.101358418412,5158062038.0,54553312928.0
2014-07-22,797.1340072695466,809.2686673355315,797.1340072695466,809.2686673355315,6022533986.0,63865689364.0
2014-07-23,809.3703394118146,809.5943764388804,794.3787591766858,797.9892584368692,6668868008.0,71160001330.0
2014-07-24,796.637867089608,797.5380885983634,783.1415507071216,791.8068141059698,6607795237.0,67747695333.0
2014-07-25,791.1770663898901,798.3420149194856,791.0840299226504,798.3420149194856,5698940095.0,57166062132.0
2014-07-28,800.2330503639411,812.1182553837896,800.2330503639411,812.1182553837896,7468562304.0,75672877089.0
2014-07-29,813.2066679952804,824.130876371031,811.7254166403308,822.2414702867725,8233566236.0,87205940935.0
2014-07-30,821.7031296777357,829.1506092654637,820.6706041209965,829.1238877582355,8374133886.0,89243166995.0
2014-07-31,829.095211018771,833.5119177043523,826.4512482273545,833.5119177043523,7398034686.0,78816611287.0
2014-08-01,831.2963137086856,834.7960164754838,822.534266314145,823.8113588364304,8692539287.0,89893298285.0
2014-08-04,824.7428640609652,834.5134854173514,824.7428640609652,834.5134854173514,7539874290.0,78298659052.0
2014-08-05,835.0321107680064,842.4048027226993,829.878607401413,842.4048027226993,8483419148.0,90461398477.0
2014-08-06,840.6796361462824,847.0768301511257,837.9703360109725,846.0143243667646,8167916272.0,84351064161.0
2014-08-07,845.6361498650774,850.942813090174,840.1041461247576,840.5059463492988,7946595851.0,85321125146.0
2014-08-08,840.7506762508647,849.7519137223018,840.7506762508647,848.277994488238,6678824302.0,75183646156.0
2014-08-11,849.9254405832655,861.2268458445853,849.9254405832655,861.2268458445853,8010410731.0,89168391376.0
2014-08-12,861.6379334222487,867.1950293095999,860.1544009630235,867.1950293095999,8637897625.0,96580045238.0
2014-08-13,866.7824753077593,867.7775255799711,855.5573241036518,866.9574685929002,8834800548.0,95501750177.0
2014-08-14,866.3634038651314,873.3734002400073,863.4962187267477,864.0464536652213,9299374589.0,101824390360.0
2014-08-15,864.0389586083159,873.4807750769792,862.6145719242361,873.2929098462832,8513163391.0,94826971666.0
2014-08-18,874.8693158367284,887.8830157289101,874.8693158367284,887.8830157289101,9562010137.0,110159923772.0
2014-08-19,889.256240502809,893.1772958165105,885.1310263564429,891.8138472037928,10189636323.0,117752169178.0
2014-08-20,891.8148248199108,894.6937413517119,886.9374980066822,889.8897357473413,8964114911.0,100455006930.0
2014-08-21,890.2814339386622,892.4564668654274,881.35514703628,892.4564668654274,8457210263.0,97168641112.0
2014-08-22,892.4771597399274,901.0596516407759,891.251229127823,900.1190219991387,8476920913.0,102310334886.0
2014-08-25,900.2557253196537,900.2557253196537,891.1912686725792,893.7167769776852,8045113534.0,95431874333.0
2014-08-26,891.7511168362144,893.2897216700928,872.9834943449029,876.0828633113367,8335760977.0,94434594549.0
2014-08-27,875.3895705475802,882.8626310903987,875.3895705475802,880.9235295201363,6565984395.0,74214733958.0
2014-08-28,881.0245498523406,882.6628715302658,870.5837726469931,873.2652107229369,6696560984.0,75965742184.0
2014-08-29,872.0449828715215,883.322762409987,871.6316141895826,883.322762409987,5140328955.0,61188521010.0
2014-09-01,884.5104030574655,899.8591390477422,884.5104030574655,899.8591390477422,6744194326.0,82155145627.0
2014-09-02,902.2591866176914,913.2009920835679,902.2199190369475,913.2009920835679,9393835226.0,114421539737.0
2014-09-03,915.3571244320498,921.2539419204427,912.1738434154784,920.3806048549351,10204291173.0,122926903007.0
2014-09-04,921.3161834799622,929.5138205023164,918.292742698701,929.4321895564547,10611210596.0,129082080984.0
2014-09-05,930.4492361913238,932.454000977519,924.9877837475271,932.454000977519,9799347585.0,116436281298.0
2014-09-09,933.6796057175839,938.1645825954128,927.0976422664186,938.1645825954128,9741509050.0,116516599778.0
2014-09-10,935.7076703545938,945.2480631151661,930.9781265112189,944.6132643824761,9729413253.0,116029834448.0
2014-09-11,944.624181095795,955.3883863002158,937.031688450548,943.4160105098363,11501359348.0,135809267222.0
2014-09-12,943.244275945089,955.1588094484807,941.8321094624856,955.1588094484807,9828404671.0,113011489224.0
2014-09-15,955.8043619584697,965.0485370352561,953.5578001190632,964.9515901035439,10930054607.0,130472676735.0
2014-09-16,965.2903340884675,966.3860788208442,931.1601260452061,931.6424166634715,13332982557.0,151899406687.0
2014-09-17,931.8086114035495,938.1844607898142,921.0330006777509,938.1844607898142,9143836015.0,101598037260.0
2014-09-18,937.5630228107384,945.6353620339555,935.1158867311005,945.6353620339555,8206356080.0,91022517413.0
2014-09-19,946.3306100299483,956.9111863401849,945.5144635073498,956.4497515324391,8216520740.0,95752756954.0
2014-09-22,955.6468028274351,955.6468028274351,945.8183391840611,948.3989198638202,8763450158.0,103980815814.0
2014-09-23,948.1380592963058,962.1640806787857,948.1380592963058,962.1640806787857,8377979955.0,100392999450.0
2014-09-24,960.9870308725865,975.0327675134483,958.922142695128,975.0327675134483,9919038359.0,117846982242.0
2014-09-25,977.7710702602619,984.7237131562089,972.8248215107069,975.9667167782785,10524145326.0,127643278471.0
2014-09-26,974.8680391975474,980.1334796096639,971.628056446126,980.1334796096639,8993194287.0,106683418495.0
2014-09-29,983.0967969996615,990.913489607994,983.0967969996615,990.6668044741921,9646188646.0,116409015509.0
2014-09-30,992.3996290435342,998.3308260320805,989.9441832268925,998.3308260320805,8723905191.0,106471258716.0
2014-10-08,1001.5299118425612,1012.642474257067,996.8002050631666,1012.642474257067,9546888270.0,119436059239.0
2014-10-09,1014.6677689817421,1017.7123914455623,1001.4627822024512,1016.4375800275526,11873286869.0,147335721652.0
2014-10-10,1013.6660383327235,1017.8665289201836,1006.7976333589532,1012.9696497845929,10716554766.0,132088011003.0
2014-10-13,1009.4490912072752,1012.9193025545104,996.5149040926993,1012.9193025545104,9876628284.0,120711838835.0
2014-10-14,1011.822906078055,1020.3609164455299,1004.5091969624879,1010.8545773130716,9478084259.0,118236020711.0
2014-10-15,1010.2116317793975,1013.9174486110962,1000.468057802279,1013.9174486110962,8967862563.0,111043121936.0
2014-10-16,1008.6029644570548,1018.8531065193717,999.5701173977989,999.5701173977989,10000839571.0,124120462083.0
2014-10-17,997.0020827915554,1000.4465502476805,968.4252231071926,987.1752485083781,9712586240.0,116990767104.0
2014-10-20,988.8222057953466,1002.8198763104016,988.7800053662484,1002.7929918671537,7902498304.0,98366963712.0
2014-10-21,1002.5485878376272,1006.3041001553297,993.4805465981195,994.3998316211781,7954840832.0,97286471680.0
2014-10-22,994.3111944264699,999.1050979976202,981.5924087299169,982.0984880070561,7355879936.0,92356800512.0
2014-10-23,979.2194085392352,982.9299505155049,961.3045931749513,966.2892948251517,7429695744.0,91055542272.0
2014-10-24,966.3036331948839,974.412144214471,964.1830208986933,968.1537716983987,5943126016.0,74170105856.0
2014-10-27,965.7460661355244,978.7825770704617,961.2853667246285,978.7302746081431,6164242688.0,77135355904.0
2014-10-28,981.1441717397654,1004.2841823193038,981.1417276994702,1004.2841823193038,8458316288.0,108121604096.0
2014-10-29,1006.8562903260395,1021.6018371714451,1006.8077353921736,1017.8122712256286,11142717184.0,139661086720.0
2014-10-30,1018.1008309164896,1024.0040029096501,1013.9205443954703,1016.9795052290224,10395894784.0,129645346816.0
2014-10-31,1017.1835011256671,1020.2574520730303,1003.4906839034415,1011.606201171875,9256130304.0,113469640704.0
2014-11-03,1001.3587646484375,1022.1135864257812,992.0673217773438,1011.606201171875,15736963072.0,110581399552.0
2014-11-04,1011.6318969726562,1025.010009765625,993.365478515625,1006.048828125,15321775104.0,110172626944.0
2014-11-05,1004.6749267578125,1020.280029296875,990.58935546875,1006.2037963867188,13381408768.0,93363470336.0
2014-11-06,1005.4993286132812,1024.833740234375,994.4228515625,1016.8651123046875,13799663616.0,97644986368.0
2014-11-07,1018.2542724609375,1034.0068359375,996.8848876953125,1006.73974609375,16540954624.0,119635427328.0
2014-11-10,1007.722900390625,1023.2589111328125,992.3137817382812,1010.8072509765625,13694622720.0,99495256064.0
2014-11-11,1011.7318115234375,1019.7723999023438,960.8394775390625,975.3410034179688,18014183424.0,126642454528.0
2014-11-12,972.6514282226562,997.2543334960938,963.312744140625,991.1739501953125,11733098496.0,84716109824.0
2014-11-13,990.3187866210938,1001.4842529296875,960.2424926757812,974.9190063476562,14549018624.0,104307523584.0
2014-11-14,971.1693115234375,986.3728637695312,955.6397094726562,972.1100463867188,10975741952.0,76506087424.0
2014-11-17,973.0511474609375,997.45703125,962.1787109375,986.5771484375,11513634816.0,82709790720.0
2014-11-18,985.96923828125,1002.8099365234375,976.3994750976562,992.1807861328125,11204640768.0,80186261504.0
2014-11-19,991.6441650390625,1012.5003051757812,982.5372924804688,1001.2893676757812,12852976640.0,92923453440.0
2014-11-20,998.2972412109375,1013.0156860351562,986.4404907226562,1000.7012939453125,11521024000.0,83203227648.0
2014-11-21,1000.4970703125,1020.5018920898438,992.902099609375,1010.7972412109375,12633022464.0,91897708544.0
2014-11-24,1017.7634887695312,1033.2083740234375,1002.922607421875,1019.3088989257812,16724876288.0,120141611008.0
2014-11-25,1019.5197143554688,1044.584716796875,1010.6517944335938,1034.957763671875,17685782528.0,129983741952.0
2014-11-26,1036.453857421875,1056.4200439453125,1021.7792358398438,1042.1446533203125,18811287552.0,138181869568.0
2014-11-27,1044.7359619140625,1064.172607421875,1030.4742431640625,1049.34423828125,19655786496.0,144415211520.0
2014-11-28,1050.0965576171875,1068.5819091796875,1030.5595703125,1049.543212890625,20672065536.0,155207925760.0
2014-12-01,1049.7418212890625,1063.25537109375,1019.8485107421875,1035.6510009765625,18801225728.0,139615862784.0
2014-12-02,1034.6903076171875,1059.719482421875,1026.951171875,1046.607177734375,17211574272.0,127887720448.0
2014-12-03,1048.145751953125,1068.61279296875,1023.9813842773438,1055.3289794921875,22829875200.0,168204435456.0
2014-12-04,1056.0576171875,1081.5242919921875,1046.059326171875,1067.96630859375,22829645824.0,174012465152.0
2014-12-05,1067.7987060546875,1079.2618408203125,1010.024658203125,1039.886962890625,25689174016.0,195661955072.0
2014-12-08,1036.01513671875,1059.44091796875,1015.0736694335938,1037.1627197265625,22407579648.0,175867838464.0
2014-12-09,1033.700439453125,1050.4052734375,983.6903686523438,991.0635986328125,26917214208.0,201088499712.0
2014-12-10,988.0681762695312,1030.967529296875,976.6394653320312,1022.6646728515625,18184343552.0,134706495488.0
2014-12-11,1021.733154296875,1049.9681396484375,1009.323486328125,1037.512451171875,19012182016.0,141142114304.0
2014-12-12,1038.465576171875,1061.7567138671875,1026.0982666015625,1050.4234619140625,17948311552.0,133718548480.0
2014-12-15,1048.4912109375,1079.38671875,1035.8511962890625,1068.8973388671875,19502739456.0,151104847872.0
2014-12-16,1069.7989501953125,1083.70458984375,1048.9808349609375,1064.313232421875,18060472320.0,138250321920.0
2014-12-17,1061.23486328125,1074.578369140625,1033.113037109375,1051.2197265625,17931694080.0,136127840256.0
2014-12-18,1049.3470458984375,1070.19287109375,1034.2410888671875,1048.8741455078125,15209252864.0,119193026560.0
2014-12-19,1046.6148681640625,1057.635498046875,1009.53662109375,1030.2064208984375,16619470848.0,124099338240.0
2014-12-22,1025.08447265625,1033.977294921875,962.3489379882812,977.3953857421875,19196440576.0,132995883008.0
2014-12-23,972.702880859375,996.6873168945312,951.4443969726562,965.0060424804688,12685271040.0,87717421056.0
2014-12-24,969.5066528320312,996.6446533203125,961.4214477539062,987.8220825195312,12142309376.0,83344097280.0
2014-12-25,989.68310546875,1008.3977661132812,977.6337280273438,997.0385131835938,12159814656.0,84896890880.0
2014-12-26,996.2691040039062,1011.4549560546875,982.111328125,997.8250732421875,13356391424.0,94177067008.0
2014-12-29,996.1875,1004.9127197265625,960.4317016601562,974.8163452148438,15578138624.0,108674850816.0
2014-12-30,972.6657104492188,986.4531860351562,943.9403076171875,957.26708984375,13781428224.0,96604110848.0
2014-12-31,956.9190063476562,976.8239135742188,942.3312377929688,965.4652709960938,11886415872.0,82135138304.0
2015-01-05,965.3314208984375,983.882568359375,942.6154174804688,969.3521118164062,15431430144.0,101288034304.0
2015-01-06,964.9666137695312,998.6401977539062,952.7994384765625,990.4739990234375,15870105600.0,110059307008.0
2015-01-07,988.5308227539062,1003.315673828125,972.6985473632812,988.7081909179688,13229199360.0,93244686336.0
2015-01-08,987.621826171875,1006.9407958984375,974.9459838867188,988.941650390625,13189866496.0,95807160320.0
2015-01-09,986.5841064453125,1007.2115478515625,975.2544555664062,983.1585083007812,12448145408.0,90795663360.0
2015-01-12,978.51416015625,993.0845336914062,955.570556640625,972.1094970703125,11224585216.0,79555878912.0
2015-01-13,971.6913452148438,997.91845703125,963.7696533203125,989.7901000976562,10813125632.0,80323190784.0
2015-01-14,989.7294311523438,1003.6592407226562,972.73681640625,985.851318359375,10459322368.0,75375984640.0
2015-01-15,985.4888305664062,1003.53662109375,975.9447021484375,990.0757446289062,9623320576.0,70026969088.0
2015-01-16,990.7913208007812,1012.1453247070312,981.5611572265625,1003.2771606445312,11929341952.0,88875679744.0
2015-01-19,985.7315063476562,1019.8519287109375,958.8811645507812,982.2305297851562,16323683328.0,119568621568.0
2015-01-20,986.3946533203125,1023.0891723632812,981.9046020507812,1018.3564453125,15455830016.0,117445148672.0
2015-01-21,1021.92236328125,1050.624755859375,1013.5142822265625,1039.0654296875,18420981760.0,139532992512.0
2015-01-22,1039.9288330078125,1064.4869384765625,1029.416748046875,1054.723876953125,17716850688.0,135752105984.0
2015-01-23,1056.05322265625,1068.718505859375,1033.422607421875,1044.172119140625,17255088128.0,132046364672.0
2015-01-26,1044.5556640625,1073.1285400390625,1036.7122802734375,1065.6151123046875,16446814208.0,125562912768.0
2015-01-27,1066.8621826171875,1087.01611328125,1048.7196044921875,1073.524658203125,18525997056.0,142896414720.0
2015-01-28,1071.3504638671875,1090.5003662109375,1056.3070068359375,1070.8743896484375,16178670592.0,125692215296.0
2015-01-29,1063.8138427734375,1081.934326171875,1049.580810546875,1064.7086181640625,12913860608.0,98415714304.0
2015-01-30,1065.3604736328125,1081.155517578125,1043.8094482421875,1052.5609130859375,13534187520.0,102158991360.0
2015-02-02,1042.9261474609375,1066.7132568359375,1027.311279296875,1050.208984375,11444979712.0,87187398656.0
2015-02-03,1052.2080078125,1079.3314208984375,1043.6368408203125,1068.8790283203125,13250946048.0,105805004800.0
2015-02-04,1070.368408203125,1088.2779541015625,1054.7650146484375,1067.6024169921875,13747230720.0,109847871488.0
2015-02-05,1073.0418701171875,1092.8533935546875,1052.324462890625,1067.715087890625,15638213632.0,126547738624.0
2015-02-06,1065.1468505859375,1080.1912841796875,1035.994384765625,1047.981201171875,13362596864.0,106945560576.0
2015-02-09,1045.2489013671875,1064.406982421875,1026.2921142578125,1040.103271484375,10022555648.0,81516380160.0
2015-02-10,1038.97802734375,1059.3564453125,1026.83642578125,1051.881103515625,8807871488.0,70776930304.0
2015-02-11,1053.222900390625,1076.6204833984375,1044.7042236328125,1065.70556640625,10657108992.0,89656836096.0
2015-02-12,1066.9384765625,1088.02197265625,1056.4525146484375,1075.7283935546875,11657629696.0,98892333056.0
2015-02-13,1080.486572265625,1106.916015625,1073.3994140625,1093.6412353515625,15126126592.0,125125656576.0
2015-02-16,1096.13037109375,1125.5565185546875,1087.9833984375,1116.633544921875,15458751488.0,130187591680.0
2015-02-17,1120.0623779296875,1139.01513671875,1104.349853515625,1124.384765625,14533408768.0,120361648128.0
2015-02-25,1126.905517578125,1146.3604736328125,1106.5111083984375,1122.871826171875,14452590592.0,121332744192.0
2015-02-26,1122.3594970703125,1143.4537353515625,1106.98828125,1130.0750732421875,15383496704.0,125678395392.0
2015-02-27,1130.0008544921875,1155.47900390625,1119.5078125,1144.4036865234375,16786475008.0,140801277952.0
2015-03-02,1151.1651611328125,1181.737060546875,1137.9600830078125,1170.9765625,22298957824.0,190683611136.0
2015-03-03,1169.02490234375,1195.6448974609375,1148.63427734375,1165.7362060546875,23550377984.0,199684849664.0
2015-03-04,1164.78271484375,1197.9295654296875,1154.6373291015625,1186.60546875,20014108672.0,172199591936.0
2015-03-05,1187.8883056640625,1214.12451171875,1167.829345703125,1194.0067138671875,21121034240.0,184251809792.0
2015-03-06,1195.0242919921875,1214.079345703125,1162.975341796875,1178.2938232421875,19182442496.0,163047194624.0
2015-03-09,1174.386962890625,1207.5916748046875,1157.567138671875,1196.0782470703125,16696543232.0,143537471488.0
2015-03-10,1197.0733642578125,1229.35888671875,1186.1934814453125,1212.933349609375,18497566720.0,163534798848.0
2015-03-11,1213.263427734375,1235.322509765625,1190.97119140625,1212.77392578125,18351095808.0,163381542912.0
2015-03-12,1212.5062255859375,1234.1845703125,1183.8385009765625,1204.0667724609375,18183041024.0,161712750592.0
2015-03-13,1206.3699951171875,1235.5670166015625,1194.2318115234375,1224.2349853515625,16382326784.0,148486389760.0
2015-03-16,1232.6767578125,1273.7598876953125,1224.6602783203125,1262.502197265625,24235864064.0,220881207296.0
2015-03-17,1268.404541015625,1298.59814453125,1249.05419921875,1276.8580322265625,28179427328.0,255291719680.0
2015-03-18,1277.8607177734375,1315.2412109375,1263.928466796875,1302.43212890625,27152887808.0,248036409344.0
2015-03-19,1302.7398681640625,1331.803466796875,1281.9544677734375,1312.7095947265625,27269826560.0,247708827648.0
2015-03-20,1313.2178955078125,1348.4547119140625,1298.4002685546875,1328.013427734375,25544486912.0,239794061312.0
2015-03-23,1334.20166015625,1376.7020263671875,1319.6004638671875,1363.4925537109375,29709697024.0,279995678720.0
2015-03-24,1368.168701171875,1398.9765625,1314.25927734375,1374.21923828125,35147407360.0,339224821760.0
2015-03-25,1374.0311279296875,1419.6038818359375,1349.2464599609375,1395.338623046875,30622883840.0,308615315456.0
2015-03-26,1388.10009765625,1419.0584716796875,1346.6683349609375,1374.76220703125,29034280960.0,298915659776.0
2015-03-27,1372.66650390625,1409.271484375,1355.0904541015625,1391.0797119140625,22044069888.0,221507665920.0
2015-03-30,1392.86962890625,1425.875244140625,1366.865478515625,1396.0426025390625,26190641152.0,258115076096.0
2015-03-31,1398.0238037109375,1432.642333984375,1372.275390625,1403.7010498046875,26181070848.0,262456147968.0
2015-04-01,1404.09326171875,1453.5489501953125,1393.4549560546875,1440.0640869140625,25971904512.0,261377327104.0
2015-04-02,1447.426513671875,1493.8206787109375,1430.2337646484375,1476.1326904296875,29943085056.0,305776885760.0
2015-04-03,1470.7659912109375,1525.602783203125,1452.562255859375,1506.6553955078125,29712459776.0,311259234304.0
2015-04-07,1512.356689453125,1558.813720703125,1492.3863525390625,1535.633056640625,30105067520.0,324407853056.0
2015-04-08,1539.34228515625,1563.513671875,1474.2174072265625,1514.1220703125,31310274560.0,336182247424.0
2015-04-09,1512.6055908203125,1536.7591552734375,1429.61376953125,1498.438720703125,28647618560.0,305710235648.0
2015-04-10,1492.53662109375,1554.997802734375,1475.6763916015625,1535.7264404296875,24477155328.0,270626603008.0
2015-04-13,1543.7955322265625,1595.77099609375,1521.3465576171875,1570.57177734375,28103682048.0,310734159872.0
2015-04-14,1573.1195068359375,1615.407470703125,1537.1756591796875,1574.58056640625,28285169664.0,314316259328.0
2015-04-15,1570.2510986328125,1593.424072265625,1498.2071533203125,1516.7276611328125,25462683648.0,277035089920.0
2015-04-16,1499.1673583984375,1564.555419921875,1467.0755615234375,1532.4866943359375,22070128640.0,238514946048.0
2015-04-17,1543.951171875,1579.7193603515625,1513.4693603515625,1537.7166748046875,25863571456.0,280570396672.0
2015-04-20,1532.968017578125,1564.46142578125,1480.782958984375,1505.0263671875,28175552512.0,296143093760.0
2015-04-21,1506.4915771484375,1572.212646484375,1494.191650390625,1561.4639892578125,24468361216.0,263163936768.0
2015-04-22,1574.6134033203125,1627.344482421875,1562.1214599609375,1604.4610595703125,28869963776.0,316672704512.0
2015-04-23,1610.9921875,1653.376953125,1583.424560546875,1623.09619140625,29933821952.0,336026501120.0
2015-04-24,1605.760498046875,1655.1552734375,1574.3055419921875,1628.2882080078125,27564081152.0,316622077952.0
2015-04-27,1640.5479736328125,1683.407470703125,1608.58056640625,1637.9537353515625,27372236800.0,318848106496.0
2015-04-28,1639.4544677734375,1660.0771484375,1559.2628173828125,1586.632080078125,26595653632.0,299667947520.0
2015-04-29,1582.6365966796875,1645.48486328125,1562.326904296875,1626.406005859375,21352714240.0,246011969536.0
2015-04-30,1633.672119140625,1678.1658935546875,1607.7816162109375,1635.677001953125,22583478272.0,266207264768.0
2015-05-04,1639.513427734375,1680.16015625,1606.5633544921875,1652.44580078125,20996743168.0,243014746112.0
2015-05-05,1653.40771484375,1681.7188720703125,1589.4251708984375,1612.6456298828125,22887976960.0,262227607552.0
2015-05-06,1616.733642578125,1666.5096435546875,1572.846923828125,1602.52783203125,20839716864.0,250173177856.0
2015-05-07,1596.94970703125,1630.9102783203125,1544.0966796875,1574.447265625,17790752768.0,207141699584.0
2015-05-08,1591.7413330078125,1654.248046875,1576.69873046875,1646.0189208984375,20380708864.0,247446732800.0
2015-05-11,1667.1181640625,1734.8463134765625,1644.8692626953125,1720.153564453125,25624104960.0,323495428096.0
2015-05-12,1732.3251953125,1783.0250244140625,1698.64013671875,1758.2757568359375,28052899840.0,361872949248.0
2015-05-13,1747.5196533203125,1814.0968017578125,1713.3155517578125,1776.011962890625,27875000320.0,360059502592.0
2015-05-14,1779.8197021484375,1837.3753662109375,1747.6795654296875,1794.715087890625,26415177728.0,342326509568.0
2015-05-15,1789.2022705078125,1835.8724365234375,1737.8817138671875,1792.1446533203125,25001500672.0,322585165824.0
2015-05-18,1791.88232421875,1869.375,1770.8944091796875,1840.2294921875,24446939136.0,324918247424.0
2015-05-19,1850.4007568359375,1912.5028076171875,1815.1888427734375,1886.73583984375,25807263744.0,346504429568.0
2015-05-20,1898.875244140625,1987.3548583984375,1875.9794921875,1929.4051513671875,30993543168.0,418367668224.0
2015-05-21,1939.245361328125,2023.2928466796875,1913.1268310546875,2000.771484375,30154899456.0,416785498112.0
2015-05-22,2029.3763427734375,2082.150390625,1957.754150390625,2021.9066162109375,35578986496.0,491733876736.0
2015-05-25,2001.29931640625,2094.439697265625,1967.270263671875,2062.353515625,33979305984.0,468991082496.0
2015-05-26,2075.566162109375,2166.018798828125,2048.577392578125,2141.2998046875,34520760320.0,491335385088.0
2015-05-27,2153.866943359375,2223.224365234375,2090.6728515625,2177.6357421875,34870140928.0,512612958208.0
2015-05-28,2182.364013671875,2251.53369140625,2047.6082763671875,2064.091796875,38847713280.0,560725622784.0
2015-05-29,2057.4921875,2147.19921875,1951.85546875,2094.056640625,32023654400.0,451198091264.0
2015-06-01,2112.453857421875,2219.66650390625,2091.664794921875,2200.32177734375,28742273024.0,422613188608.0
2015-06-02,2218.54296875,2315.44775390625,2182.83447265625,2294.37255859375,32107001856.0,482900115456.0
2015-06-03,2310.835205078125,2371.0859375,2223.765380859375,2308.7158203125,32521267200.0,503514267648.0
2015-06-04,2311.6669921875,2363.646728515625,2158.44580078125,2304.354248046875,30888519680.0,475712192512.0
2015-06-05,2336.030029296875,2405.939208984375,2266.178466796875,2336.65869140625,34325229568.0,532995997696.0
2015-06-08,2337.073486328125,2379.291748046875,2240.96826171875,2293.617431640625,31956221952.0,485710790656.0
2015-06-09,2284.736572265625,2350.740966796875,2231.871337890625,2296.24560546875,25132544000.0,388477747200.0
2015-06-10,2287.94873046875,2390.361083984375,2249.93896484375,2351.41455078125,26590093312.0,418037104640.0
2015-06-11,2356.305419921875,2436.410888671875,2322.42724609375,2403.6708984375,27392253952.0,438786588672.0
2015-06-12,2417.379638671875,2498.030029296875,2378.820068359375,2447.364501953125,30074402816.0,483953082368.0
2015-06-15,2456.74072265625,2514.188232421875,2368.49169921875,2406.585205078125,30381359104.0,484514004992.0
2015-06-16,2379.23876953125,2419.438720703125,2265.603271484375,2316.202880859375,26276628480.0,410006159360.0
2015-06-17,2311.396240234375,2394.898681640625,2220.7783203125,2365.972900390625,24715907072.0,378494844928.0
2015-06-18,2364.623046875,2423.950927734375,2265.758544921875,2294.423828125,23055759360.0,358515900416.0
2015-06-19,2236.163818359375,2291.98583984375,2125.125732421875,2147.748046875,20930654208.0,302010335232.0
2015-06-23,2137.20751953125,2203.7275390625,2000.343994140625,2151.69482421875,21744089088.0,298689789952.0
2015-06-24,2173.01513671875,2237.683837890625,2118.45947265625,2196.8681640625,22855428096.0,328532492288.0
2015-06-25,2204.125,2242.907470703125,2068.4384765625,2110.288330078125,23812841472.0,343999283200.0
2015-06-26,2038.62939453125,2065.599609375,1937.216796875,1941.23583984375,20377055232.0,260751654912.0
2015-06-29,1974.3082275390625,1993.6807861328125,1783.2900390625,1802.3482666015625,25005215744.0,292326178816.0
2015-06-30,1742.0633544921875,1907.0299072265625,1662.9312744140625,1881.3564453125,30802872320.0,351784534016.0
2015-07-01,1859.7958984375,1943.962890625,1747.61279296875,1766.92578125,28879837184.0,341676654592.0
2015-07-02,1748.12939453125,1788.4510498046875,1627.1658935546875,1638.313232421875,25664583680.0,262426001408.0
2015-07-03,1559.644775390625,1656.7755126953125,1508.475341796875,1522.5504150390625,24683470848.0,230779715584.0
2015-07-06,1630.16162109375,1634.7086181640625,1409.584228515625,1432.26318359375,30101434368.0,264323432448.0
2015-07-07,1368.24169921875,1385.8853759765625,1335.5377197265625,1336.35009765625,11497607168.0,78684954624.0
2015-07-08,1275.6837158203125,1301.64501953125,1275.6488037109375,1289.389404296875,12722157568.0,93887152128.0
2015-07-09,1255.0386962890625,1340.0145263671875,1252.61669921875,1339.9237060546875,17977321472.0,129915953152.0
2015-07-10,1368.5360107421875,1394.9429931640625,1355.2666015625,1394.793701171875,11124791296.0,92027740160.0
2015-07-13,1454.1507568359375,1472.5264892578125,1433.51416015625,1471.6065673828125,18656915456.0,169957851136.0
2015-07-14,1523.4652099609375,1559.8673095703125,1496.831298828125,1528.902587890625,26172461056.0,250977943552.0
2015-07-15,1545.0372314453125,1557.608642578125,1452.7335205078125,1463.3001708984375,31323873280.0,289383317504.0
2015-07-16,1407.9954833984375,1527.3699951171875,1370.4132080078125,1483.853515625,29505765376.0,267282366464.0
2015-07-17,1492.48095703125,1585.8985595703125,1480.5418701171875,1573.49365234375,27194159104.0,262321176576.0
2015-07-20,1592.029052734375,1654.8779296875,1561.7147216796875,1624.0648193359375,33394538496.0,348624388096.0
2015-07-21,1611.2945556640625,1690.722900390625,1582.493408203125,1664.0869140625,30154162176.0,320902987776.0
2015-07-22,1667.6197509765625,1721.24560546875,1628.0399169921875,1692.5057373046875,31987503104.0,344257232896.0
2015-07-23,1697.250732421875,1771.0426025390625,1674.0545654296875,1751.357177734375,34035257344.0,370515116032.0
2015-07-24,1756.6505126953125,1811.123291015625,1701.3953857421875,1732.9381103515625,37490188288.0,418056044544.0
2015-07-27,1696.2313232421875,1762.041015625,1603.0419921875,1607.3756103515625,33498830848.0,364925878272.0
2015-07-28,1504.2073974609375,1627.449462890625,1483.180419921875,1532.98095703125,32838144000.0,317984997376.0
2015-07-29,1560.5775146484375,1623.7393798828125,1480.33544921875,1615.5203857421875,27770707968.0,283307540480.0
2015-07-30,1607.447265625,1662.0172119140625,1552.24951171875,1571.8409423828125,29370966016.0,309659107328.0
2015-07-31,1541.028076171875,1594.4281005859375,1497.4307861328125,1534.9248046875,21998977024.0,223756550144.0
2015-08-03,1511.279052734375,1534.81201171875,1427.162109375,1448.9364013671875,21915688960.0,202279485440.0
2015-08-04,1450.9759521484375,1551.903076171875,1437.787353515625,1548.9649658203125,24796893184.0,238094680064.0
2015-08-05,1553.21826171875,1598.6109619140625,1516.6983642578125,1546.9722900390625,28142514176.0,282388037632.0
2015-08-06,1510.530029296875,1578.050048828125,1492.685302734375,1548.0596923828125,21328416768.0,209691017216.0
2015-08-07,1564.1932373046875,1624.339599609375,1552.7275390625,1610.78515625,27574380544.0,281178898432.0
2015-08-10,1630.8685302734375,1713.3629150390625,1613.81201171875,1696.2747802734375,32850057216.0,346808287232.0
2015-08-11,1699.070556640625,1754.2606201171875,1671.958251953125,1711.1561279296875,35127369728.0,375446929408.0
2015-08-12,1693.39501953125,1746.94580078125,1663.08349609375,1689.0875244140625,29148426240.0,311109320704.0
2015-08-13,1679.0833740234375,1751.0643310546875,1655.9385986328125,1742.945068359375,29436211200.0,315614593024.0
2015-08-14,1758.496826171875,1803.2432861328125,1725.178466796875,1757.7921142578125,33793306624.0,368398860288.0
2015-08-17,1750.8319091796875,1812.98291015625,1718.1072998046875,1792.5074462890625,32265254912.0,347933573120.0
2015-08-18,1795.737060546875,1824.99951171875,1653.773681640625,1660.7197265625,36837687296.0,396868976640.0
2015-08-19,1597.6617431640625,1725.1116943359375,1548.9801025390625,1703.959228515625,32976488448.0,333680345088.0
2015-08-20,1684.0504150390625,1735.74462890625,1631.393310546875,1651.0760498046875,28265398272.0,302770749440.0
2015-08-21,1615.1146240234375,1655.9560546875,1539.5504150390625,1557.245361328125,24600965120.0,245513420800.0
2015-08-24,1481.52197265625,1507.6015625,1430.54052734375,1431.3165283203125,16376257536.0,137360596992.0
2015-08-25,1318.3515625,1365.4921875,1314.751708984375,1316.41357421875,17459279872.0,131335946240.0
2015-08-26,1310.8695068359375,1367.961669921875,1230.8031005859375,1257.12255859375,29844869120.0,232504164352.0
2015-08-27,1281.3658447265625,1323.770751953125,1218.827880859375,1305.73046875,24781735936.0,192071729152.0
2015-08-28,1328.0013427734375,1399.6201171875,1305.506591796875,1394.7286376953125,28080926720.0,231080787968.0
2015-08-31,1384.9517822265625,1403.8978271484375,1322.4708251953125,1335.3321533203125,23692253184.0,202213998592.0
2015-09-01,1317.2672119140625,1328.8721923828125,1234.816650390625,1241.5892333984375,20189433856.0,151687544832.0
2015-09-02,1173.8385009765625,1283.1871337890625,1157.82958984375,1184.656982421875,21482299392.0,158744084480.0
2015-09-07,1207.251708984375,1258.40283203125,1190.0845947265625,1217.1182861328125,19955875840.0,151934631936.0
2015-09-08,1209.6478271484375,1294.1414794921875,1189.4432373046875,1286.948486328125,19284766720.0,147627474944.0
2015-09-09,1298.5269775390625,1359.403564453125,1285.5682373046875,1344.216064453125,28369491968.0,236102467584.0
2015-09-10,1320.60595703125,1362.5794677734375,1301.2628173828125,1321.9127197265625,21726291968.0,182389571584.0
2015-09-11,1319.6959228515625,1360.278076171875,1304.5433349609375,1342.9183349609375,18959503360.0,163377709056.0
2015-09-14,1352.035400390625,1367.6651611328125,1237.0167236328125,1242.3101806640625,22964013056.0,186172637184.0
2015-09-15,1200.2210693359375,1239.542724609375,1156.62451171875,1170.3551025390625,19034308608.0,140961316864.0
2015-09-16,1177.15576171875,1265.0267333984375,1164.7266845703125,1260.79248046875,21723789312.0,165184454656.0
2015-09-17,1262.3145751953125,1316.7181396484375,1232.8765869140625,1246.1063232421875,26580658176.0,220063203328.0
2015-09-18,1256.9376220703125,1288.46728515625,1229.6324462890625,1271.216064453125,19022639104.0,158271275008.0
2015-09-21,1252.9603271484375,1333.657470703125,1240.9774169921875,1326.18017578125,22000676864.0,186298023936.0
2015-09-22,1330.62841796875,1364.16259765625,1304.377685546875,1334.994140625,25173497856.0,217039241216.0
2015-09-23,1309.1962890625,1353.86376953125,1292.2396240234375,1323.9537353515625,21924569088.0,190417403904.0
2015-09-24,1330.3443603515625,1366.5765380859375,1315.1368408203125,1346.2999267578125,21216942080.0,185647169536.0
2015-09-25,1338.19970703125,1359.3009033203125,1272.9334716796875,1294.82666015625,21138743296.0,183157751808.0
2015-09-28,1295.8382568359375,1339.9434814453125,1270.6790771484375,1331.4962158203125,16024770560.0,140785647616.0
2015-09-29,1306.573974609375,1338.7227783203125,1284.72509765625,1309.4119873046875,16527813632.0,146136612864.0
2015-09-30,1315.814697265625,1340.1092529296875,1291.099609375,1312.8389892578125,14017810432.0,122932649984.0
2015-10-08,1356.006591796875,1390.5040283203125,1336.1441650390625,1373.012939453125,20685363200.0,179906347008.0
2015-10-09,1372.018310546875,1415.467529296875,1357.439697265625,1398.666015625,22553493504.0,200868773888.0
2015-10-12,1407.4993896484375,1484.5496826171875,1398.8734130859375,1462.099365234375,30215157760.0,274266619904.0
2015-10-13,1449.735107421875,1502.68994140625,1436.2650146484375,1486.08642578125,27210010624.0,255741509632.0
2015-10-14,1479.0135498046875,1512.64306640625,1447.3243408203125,1466.21923828125,26706333696.0,256032325632.0
2015-10-15,1457.060791015625,1525.9573974609375,1447.938232421875,1516.2957763671875,27728879616.0,267470176256.0
2015-10-16,1526.9476318359375,1564.6700439453125,1494.4267578125,1541.04736328125,32488837120.0,316748464128.0
2015-10-19,1544.5782470703125,1576.702392578125,1503.6405029296875,1539.7281494140625,31526754304.0,315738947584.0
2015-10-20,1536.8084716796875,1588.24365234375,1519.015625,1572.6348876953125,28733325312.0,294886965248.0
2015-10-21,1572.6041259765625,1600.63671875,1458.46630859375,1471.1776123046875,36732530688.0,370866552832.0
2015-10-22,1469.3470458984375,1542.5609130859375,1453.1187744140625,1533.1610107421875,29245702144.0,297896902656.0
2015-10-23,1546.878173828125,1606.369384765625,1525.0892333984375,1588.1446533203125,32743927808.0,348636905472.0
2015-10-26,1609.9876708984375,1644.378662109375,1561.1256103515625,1606.4560546875,34435862528.0,372251262976.0
2015-10-27,1592.705322265625,1640.7447509765625,1528.28466796875,1620.719970703125,31607461888.0,337026220032.0
2015-10-28,1609.3929443359375,1654.5860595703125,1565.7158203125,1586.55908203125,29224660992.0,315707424768.0
2015-10-29,1598.5020751953125,1635.5509033203125,1563.7099609375,1603.6282958984375,25275691008.0,268593184768.0
2015-10-30,1599.47216796875,1640.3427734375,1562.2242431640625,1600.3851318359375,26176520192.0,285902700544.0
2015-11-02,1559.7178955078125,1621.9105224609375,1532.95556640625,1560.7392578125,24314433536.0,255116869632.0
2015-11-03,1565.034912109375,1597.3179931640625,1531.63623046875,1560.732666015625,20683993088.0,214570287104.0
2015-11-04,1569.85009765625,1652.5152587890625,1561.5618896484375,1644.91015625,29950844928.0,312030724096.0
2015-11-05,1648.455810546875,1689.262451171875,1613.4609375,1645.1622314453125,35267051520.0,367574319104.0
2015-11-06,1645.5279541015625,1706.8387451171875,1636.0643310546875,1686.967529296875,31207012352.0,335999008768.0
2015-11-09,1675.3758544921875,1743.7879638671875,1648.366943359375,1718.892822265625,34075916288.0,375662149632.0
2015-11-10,1711.0618896484375,1770.6942138671875,1687.6014404296875,1737.3123779296875,33757298688.0,376311349248.0
2015-11-11,1737.33740234375,1792.76611328125,1713.6641845703125,1771.763916015625,31869382656.0,365478051840.0
2015-11-12,1777.791259765625,1821.08056640625,1735.1842041015625,1778.220458984375,32987324416.0,387833593856.0
2015-11-13,1759.4227294921875,1803.1033935546875,1707.9857177734375,1742.36376953125,31306735616.0,366732574720.0
2015-11-16,1709.72509765625,1799.972900390625,1694.32275390625,1789.526123046875,25658679296.0,301659717632.0
2015-11-17,1808.3231201171875,1848.8143310546875,1755.9937744140625,1776.1246337890625,33352562688.0,398803533824.0
2015-11-18,1777.0382080078125,1813.95263671875,1726.5870361328125,1746.1275634765625,25366970368.0,295722680320.0
2015-11-19,1751.928466796875,1809.6297607421875,1732.81494140625,1800.380615234375,24595316736.0,293759516672.0
2015-11-20,1807.06884765625,1863.46728515625,1782.8277587890625,1836.00244140625,31167737856.0,377355763712.0
2015-11-23,1838.006591796875,1886.63525390625,1794.021240234375,1823.9105224609375,32125257728.0,373125742592.0
2015-11-24,1821.3065185546875,1865.1298828125,1786.3690185546875,1847.6920166015625,23986657280.0,279783669760.0
2015-11-25,1849.9171142578125,1912.8062744140625,1829.71484375,1889.39306640625,28638068736.0,355974283264.0
2015-11-26,1897.201416015625,1939.767333984375,1851.2894287109375,1879.5321044921875,30518804480.0,376940855296.0
2015-11-27,1868.7711181640625,1902.576416015625,1736.4873046875,1759.78076171875,31563194368.0,372029521920.0
2015-11-30,1759.77294921875,1808.3675537109375,1656.1761474609375,1772.3758544921875,28267290624.0,321899200512.0
2015-12-01,1769.5841064453125,1818.1881103515625,1726.0322265625,1771.841064453125,23641579520.0,271316598784.0
2015-12-02,1767.3154296875,1796.7161865234375,1679.9691162109375,1749.160400390625,21581086720.0,236802539520.0
2015-12-03,1751.403564453125,1811.7313232421875,1737.884521484375,1798.6519775390625,21104744448.0,240931471360.0
2015-12-04,1792.9381103515625,1836.7972412109375,1763.1005859375,1796.9620361328125,22986702848.0,268457361408.0
2015-12-07,1801.658935546875,1847.0721435546875,1774.650634765625,1825.95166015625,21652477952.0,258635137024.0
2015-12-08,1817.3782958984375,1848.6348876953125,1764.6085205078125,1791.55810546875,23493070848.0,280221777920.0
2015-12-09,1781.7337646484375,1825.760498046875,1749.198486328125,1787.239013671875,20620619776.0,254279450624.0
2015-12-10,1785.6697998046875,1830.8836669921875,1757.0279541015625,1785.386962890625,20311304192.0,256497680384.0
2015-12-11,1780.096923828125,1813.28515625,1742.17626953125,1770.9896240234375,17767735296.0,221143662592.0
2015-12-14,1753.77880859375,1817.8623046875,1728.888427734375,1804.9970703125,17401688064.0,207291645952.0
2015-12-15,1808.40087890625,1861.11767578125,1793.2166748046875,1831.916748046875,19549532160.0,241611833344.0
2015-12-16,1839.3607177734375,1882.603271484375,1817.5509033203125,1849.1248779296875,20515938304.0,258415804416.0
2015-12-17,1860.228515625,1923.395263671875,1848.8555908203125,1904.06298828125,27215724544.0,333558317056.0
2015-12-18,1903.966796875,1942.9263916015625,1864.857421875,1898.253662109375,25206681600.0,317698605056.0
2015-12-21,1893.248291015625,1942.3316650390625,1868.3717041015625,1914.6365966796875,23200696320.0,280278990848.0
2015-12-22,1918.8704833984375,1959.9207763671875,1889.8341064453125,1935.31689453125,22691557376.0,270487420928.0
2015-12-23,1936.6602783203125,1972.61865234375,1887.2703857421875,1908.6851806640625,24729069568.0,301531299840.0
2015-12-24,1902.15966796875,1937.82763671875,1855.388671875,1908.24560546875,19087974400.0,229181227008.0
2015-12-25,1911.9114990234375,1958.2344970703125,1889.1273193359375,1928.640625,18277048320.0,221344923648.0
2015-12-28,1935.572509765625,1977.45556640625,1875.5361328125,1893.0335693359375,25338042368.0,303676522496.0
2015-12-29,1889.582275390625,1935.3172607421875,1856.64111328125,1918.0272216796875,19428261888.0,233382330368.0
2015-12-30,1921.8394775390625,1969.2801513671875,1897.9697265625,1946.115478515625,20526622720.0,258054635520.0
2015-12-31,1947.6658935546875,1977.686279296875,1896.028076171875,1914.467041015625,19458549760.0,242981928960.0
2016-01-04,1910.8948974609375,1927.354736328125,1743.70751953125,1747.2349853515625,16992952320.0,196597039104.0
2016-01-05,1647.273193359375,1768.2384033203125,1616.4564208984375,1704.031005859375,24581990400.0,265746825216.0
2016-01-06,1714.78173828125,1767.5771484375,1681.1610107421875,1753.0816650390625,20428840960.0,227283107840.0
2016-01-07,1717.6484375,1724.10546875,1594.4840087890625,1596.798095703125,5987255808.0,57536626688.0
2016-01-08,1634.292724609375,1670.871337890625,1497.13134765625,1604.4715576171875,23256612864.0,230862782464.0
2016-01-11,1563.9285888671875,1600.0164794921875,1470.769287109375,1478.7930908203125,21435459584.0,194711617536.0
2016-01-12,1472.948486328125,1519.007568359375,1422.080810546875,1477.7869873046875,18267439104.0,169839427584.0
2016-01-13,1486.6873779296875,1514.7119140625,1401.7750244140625,1412.75439453125,17343377408.0,158494621696.0
2016-01-14,1360.154541015625,1485.247314453125,1339.24365234375,1472.1243896484375,18692085760.0,166877331456.0
2016-01-15,1460.15234375,1493.5218505859375,1392.442626953125,1414.8636474609375,18085437440.0,171047649280.0
2016-01-18,1381.89599609375,1477.4605712890625,1367.7841796875,1450.716064453125,16140220416.0,154134675456.0
2016-01-19,1447.1314697265625,1523.45654296875,1431.15625,1512.5849609375,19143084032.0,185107939328.0
2016-01-20,1501.877685546875,1544.5120849609375,1474.192138671875,1502.0531005859375,19313385472.0,187428765696.0
2016-01-21,1474.1837158203125,1528.0452880859375,1426.912109375,1436.184814453125,18252591104.0,175594995712.0
2016-01-22,1453.613525390625,1483.0484619140625,1402.2568359375,1462.1759033203125,15360995328.0,145965105152.0
2016-01-25,1477.1163330078125,1509.921630859375,1453.0616455078125,1484.00927734375,14602503168.0,140599115776.0
2016-01-26,1464.41162109375,1483.673095703125,1357.501220703125,1366.92236328125,18274709504.0,165581389824.0
2016-01-27,1370.776123046875,1395.615234375,1269.5294189453125,1353.7283935546875,18713589760.0,159481593856.0
2016-01-28,1332.1624755859375,1363.9442138671875,1271.2640380859375,1286.6844482421875,14450057216.0,123800387584.0
2016-01-29,1282.281982421875,1361.402099609375,1266.3114013671875,1341.0604248046875,15438179328.0,131355164672.0
2016-02-01,1336.4012451171875,1361.270751953125,1291.684326171875,1323.39501953125,13251288064.0,115888111616.0
2016-02-02,1324.6063232421875,1392.2977294921875,1317.874755859375,1376.3848876953125,14894246912.0,132941496320.0
2016-02-03,1358.845703125,1401.114013671875,1337.5128173828125,1386.8228759765625,14201530368.0,125642735616.0
2016-02-04,1393.0621337890625,1441.447021484375,1384.37109375,1420.845458984375,16355166208.0,147961151488.0
2016-02-05,1425.1885986328125,1446.6400146484375,1393.3515625,1405.281494140625,13055220736.0,116833714176.0
2016-02-15,1352.5521240234375,1421.970458984375,1338.8876953125,1405.7845458984375,11913339904.0,104873394176.0
2016-02-16,1414.0242919921875,1483.381103515625,1408.5115966796875,1469.9215087890625,17802084352.0,160076005376.0
2016-02-17,1468.04248046875,1509.949462890625,1447.0023193359375,1494.1417236328125,19699298304.0,186376765440.0
2016-02-18,1504.03369140625,1532.5755615234375,1472.8623046875,1490.819091796875,20330067968.0,193574633472.0
2016-02-19,1485.0206298828125,1522.6221923828125,1469.4503173828125,1502.3603515625,17090019328.0,168719499264.0
2016-02-22,1522.8228759765625,1553.2701416015625,1501.0218505859375,1534.1395263671875,20011470848.0,193573552128.0
2016-02-23,1536.024658203125,1558.9049072265625,1493.4576416015625,1526.7362060546875,19959175168.0,192374996992.0
2016-02-24,1519.3494873046875,1554.972900390625,1481.4678955078125,1531.4326171875,20482887680.0,196294410240.0
2016-02-25,1526.3143310546875,1539.4808349609375,1400.2110595703125,1407.8985595703125,23490686976.0,214208675840.0
2016-02-26,1417.177001953125,1444.2021484375,1359.51416015625,1402.8165283203125,18276296704.0,158808014848.0
2016-02-29,1392.6737060546875,1404.2469482421875,1289.3602294921875,1311.760986328125,17285068800.0,138384506880.0
2016-03-01,1312.2945556640625,1360.9964599609375,1275.1402587890625,1342.833251953125,17506000896.0,144811425792.0
2016-03-02,1339.0579833984375,1423.261474609375,1327.4700927734375,1412.7041015625,21887866880.0,183328423936.0
2016-03-03,1412.816650390625,1462.2177734375,1397.259521484375,1416.607666015625,23121557504.0,200406269952.0
2016-03-04,1408.6485595703125,1431.9163818359375,1334.04052734375,1360.177978515625,21071110144.0,176786636800.0
2016-03-07,1374.705810546875,1421.78515625,1364.1314697265625,1396.804443359375,16708798464.0,140232212480.0
2016-03-08,1394.76953125,1424.892333984375,1326.553466796875,1411.6522216796875,19848091648.0,165230018560.0
2016-03-09,1376.7535400390625,1414.5244140625,1353.23046875,1378.9677734375,15238481920.0,131949674496.0
2016-03-10,1380.1944580078125,1403.721923828125,1345.507568359375,1356.29052734375,13337296896.0,116041793536.0
2016-03-11,1339.3670654296875,1371.0086669921875,1320.6239013671875,1353.353759765625,11404091392.0,97243488256.0
2016-03-14,1371.1805419921875,1430.282470703125,1363.5574951171875,1408.41748046875,18237100032.0,162135162880.0
2016-03-15,1403.692626953125,1427.723388671875,1379.834716796875,1396.2987060546875,15224941568.0,138936745984.0
2016-03-16,1408.3963623046875,1425.09619140625,1363.55859375,1380.4736328125,13865649152.0,125438590976.0
2016-03-17,1386.39453125,1445.109619140625,1377.3939208984375,1434.6346435546875,20350095360.0,189804904448.0
2016-03-18,1441.5379638671875,1510.19091796875,1432.7603759765625,1493.0994873046875,27224178688.0,259300753408.0
2016-03-21,1512.473876953125,1552.158447265625,1491.325927734375,1535.8902587890625,28591280128.0,276552351744.0
2016-03-22,1521.5865478515625,1563.6702880859375,1503.0728759765625,1532.36474609375,24380950528.0,241633443840.0
2016-03-23,1526.49072265625,1565.2200927734375,1510.47900390625,1551.4305419921875,22065000448.0,226640658432.0
2016-03-24,1536.519775390625,1575.510498046875,1507.918212890625,1527.4271240234375,24558694400.0,251825651712.0
2016-03-25,1522.2498779296875,1559.9798583984375,1503.943603515625,1540.552978515625,18782109696.0,190955257856.0
2016-03-28,1550.000244140625,1584.7021484375,1516.59765625,1531.9781494140625,21462712320.0,215928733696.0
2016-03-29,1527.9044189453125,1546.0023193359375,1475.26513671875,1499.5579833984375,18545143808.0,179588562944.0
2016-03-30,1512.4305419921875,1565.9173583984375,1502.2779541015625,1558.94677734375,21205561344.0,211359318016.0
2016-03-31,1565.3822021484375,1594.781005859375,1542.506591796875,1562.4498291015625,22870497280.0,235920261120.0
2016-04-01,1553.9609375,1576.62353515625,1517.0028076171875,1554.1370849609375,19313836032.0,189387440128.0
2016-04-05,1556.07568359375,1613.2918701171875,1542.34375,1600.7974853515625,23391952896.0,235074764800.0
2016-04-06,1594.7391357421875,1634.5238037109375,1576.6142578125,1611.4754638671875,23801382912.0,247155523584.0
2016-04-07,1615.93701171875,1639.3978271484375,1572.7261962890625,1586.226318359375,23552528384.0,244992638976.0
2016-04-08,1571.244140625,1598.7176513671875,1539.778076171875,1575.3631591796875,20123052032.0,204479397888.0
2016-04-11,1588.773681640625,1635.197998046875,1578.9423828125,1612.3001708984375,21739827200.0,222708547584.0
2016-04-12,1609.795166015625,1632.5938720703125,1569.868896484375,1601.3724365234375,20325347328.0,207203549184.0
2016-04-13,1610.098388671875,1656.2310791015625,1600.8929443359375,1623.9232177734375,25735413760.0,260240818176.0
2016-04-14,1632.98828125,1658.763427734375,1610.8184814453125,1644.1871337890625,20739278848.0,211828654080.0
2016-04-15,1644.7269287109375,1668.5655517578125,1620.5989990234375,1645.85546875,19488849920.0,202686922752.0
2016-04-18,1634.281005859375,1652.8172607421875,1596.1468505859375,1621.8883056640625,18925434880.0,195984850944.0
2016-04-19,1629.02001953125,1652.357421875,1603.724609375,1629.5130615234375,16898138112.0,178222694400.0
2016-04-20,1634.67236328125,1649.822998046875,1506.2750244140625,1545.6905517578125,26954725376.0,268723814400.0
2016-04-21,1537.877685546875,1572.3349609375,1509.3131103515625,1526.1756591796875,18121152512.0,177356177408.0
2016-04-22,1514.0849609375,1553.249267578125,1496.506591796875,1541.4696044921875,14585379840.0,141605208064.0
2016-04-25,1535.1177978515625,1555.937744140625,1498.3013916015625,1533.3309326171875,13553950720.0,131810738176.0
2016-04-26,1530.6549072265625,1562.7728271484375,1516.240478515625,1554.7259521484375,13316962304.0,129001742336.0
2016-04-27,1557.015380859375,1582.695068359375,1536.0584716796875,1551.61279296875,15446140928.0,150227599360.0
2016-04-28,1550.872314453125,1570.260009765625,1507.7913818359375,1548.1878662109375,16384034816.0,152800378880.0
2016-04-29,1538.97802734375,1567.9700927734375,1525.1319580078125,1545.9676513671875,12966201344.0,122400448512.0
2016-05-03,1546.1470947265625,1602.3421630859375,1532.4371337890625,1595.21923828125,17831987200.0,176283680768.0
2016-05-04,1589.0504150390625,1621.728271484375,1575.6917724609375,1597.307861328125,17998630912.0,182218539008.0
2016-05-05,1594.0654296875,1621.6038818359375,1579.1724853515625,1609.1337890625,16142571520.0,159725092864.0
2016-05-06,1609.729736328125,1628.273193359375,1534.713134765625,1542.96630859375,22110191616.0,223215779840.0
2016-05-09,1525.31494140625,1537.2735595703125,1454.44140625,1474.1968994140625,17340405760.0,162854010880.0
2016-05-10,1470.7493896484375,1495.696533203125,1451.9774169921875,1471.8541259765625,11302727680.0,106923876352.0
2016-05-11,1482.3404541015625,1498.8365478515625,1444.0794677734375,1458.408447265625,12280339456.0,116424753152.0
2016-05-12,1436.393310546875,1466.510009765625,1399.9932861328125,1454.812744140625,13018150912.0,120734408704.0
2016-05-13,1449.8585205078125,1481.0087890625,1431.9027099609375,1451.7867431640625,11894872064.0,115494297600.0
2016-05-16,1447.5501708984375,1485.3140869140625,1431.7423095703125,1480.1055908203125,12515033088.0,121545900032.0
2016-05-17,1480.647216796875,1508.107177734375,1457.0025634765625,1480.465576171875,14757439488.0,151255613440.0
2016-05-18,1466.5660400390625,1477.6832275390625,1408.458740234375,1432.04150390625,13942233088.0,134288826368.0
2016-05-19,1431.7061767578125,1472.6151123046875,1423.303955078125,1442.713623046875,12449626112.0,125878845440.0
2016-05-20,1430.4774169921875,1471.220458984375,1415.2794189453125,1462.1795654296875,12434821120.0,124119515136.0
2016-05-23,1465.55859375,1500.447998046875,1457.3194580078125,1487.3798828125,14160466944.0,142334099456.0
2016-05-24,1485.031005859375,1499.9854736328125,1454.21142578125,1472.7635498046875,12732579840.0,127017484288.0
2016-05-25,1482.9857177734375,1503.3050537109375,1457.0115966796875,1470.5196533203125,12666996736.0,126679613440.0
2016-05-26,1466.052001953125,1488.965576171875,1428.139892578125,1478.1702880859375,13703081984.0,133875605504.0
2016-05-27,1473.92529296875,1498.5762939453125,1458.70654296875,1477.087158203125,12660054016.0,125133471744.0
2016-05-30,1467.9940185546875,1492.7513427734375,1445.857666015625,1469.101806640625,10966112256.0,106700341248.0
2016-05-31,1470.427001953125,1537.65478515625,1466.4071044921875,1531.1480712890625,19583926272.0,194238578688.0
2016-06-01,1533.4017333984375,1569.6051025390625,1521.5797119140625,1544.345458984375,20701272064.0,215119396864.0
2016-06-02,1542.864013671875,1576.3985595703125,1529.986328125,1563.96337890625,18983817216.0,194489843712.0
2016-06-03,1564.3353271484375,1592.90673828125,1544.660400390625,1568.9364013671875,19813179392.0,212065632256.0
2016-06-06,1572.8861083984375,1597.3048095703125,1551.59228515625,1573.8658447265625,16639532032.0,178624020480.0
2016-06-07,1573.935302734375,1596.1287841796875,1552.0877685546875,1577.7608642578125,15762780160.0,169727803392.0
2016-06-08,1575.041748046875,1598.230224609375,1550.3900146484375,1575.993408203125,16565547008.0,182132637696.0
2016-06-13,1553.415771484375,1580.153076171875,1489.2850341796875,1496.7801513671875,18989645824.0,205291274240.0
2016-06-14,1489.43603515625,1521.4361572265625,1471.0177001953125,1503.1263427734375,13531416576.0,139904286720.0
2016-06-15,1486.912353515625,1571.6763916015625,1478.84326171875,1556.5899658203125,18703659008.0,197973671936.0
2016-06-16,1556.493896484375,1589.2899169921875,1534.681396484375,1558.95166015625,19836665856.0,218702757888.0
2016-06-17,1561.8316650390625,1600.6673583984375,1545.103271484375,1570.738037109375,19164037120.0,203295801344.0
2016-06-20,1570.1751708984375,1597.3013916015625,1542.3397216796875,1577.8760986328125,16767777792.0,178030575616.0
2016-06-21,1586.504150390625,1609.4051513671875,1544.402587890625,1559.231689453125,18402809856.0,197292097536.0
2016-06-22,1554.842529296875,1597.3912353515625,1541.866943359375,1590.1192626953125,16358082560.0,171945426944.0
2016-06-23,1589.8431396484375,1615.8743896484375,1563.518798828125,1587.9432373046875,18053820416.0,195410788352.0
2016-06-24,1585.4603271484375,1614.3818359375,1517.3931884765625,1575.020263671875,21936635904.0,234130046976.0
2016-06-27,1562.67626953125,1623.852294921875,1554.5286865234375,1613.7020263671875,19037138944.0,210388123648.0
2016-06-28,1608.4263916015625,1649.8543701171875,1591.9957275390625,1632.6439208984375,21195759616.0,235425497088.0
2016-06-29,1637.2415771484375,1663.607666015625,1614.5400390625,1635.290283203125,20074278912.0,216591269888.0
2016-06-30,1636.8480224609375,1661.37939453125,1613.332763671875,1636.3751220703125,18102288384.0,196146790400.0
2016-07-01,1637.9088134765625,1663.134765625,1615.5877685546875,1631.7279052734375,16813420544.0,187653636096.0
2016-07-04,1622.74072265625,1676.3250732421875,1612.6317138671875,1662.740966796875,19860424704.0,217310724096.0
2016-07-05,1665.4114990234375,1695.5416259765625,1644.4017333984375,1670.9256591796875,21695985664.0,240570286080.0
2016-07-06,1665.8253173828125,1697.52880859375,1647.8701171875,1678.08447265625,20201070592.0,218862141440.0
2016-07-07,1677.1861572265625,1706.3145751953125,1648.2103271484375,1679.650146484375,23516579840.0,256984842240.0
2016-07-08,1677.20458984375,1704.27587890625,1657.226806640625,1677.4619140625,18455853056.0,209452220416.0
2016-07-11,1679.4796142578125,1707.998046875,1651.51318359375,1665.635986328125,19971891200.0,226031386624.0
2016-07-12,1664.02490234375,1695.341796875,1629.340576171875,1680.4674072265625,20438894592.0,224366460928.0
2016-07-13,1684.035888671875,1716.0604248046875,1666.3896484375,1694.7144775390625,20414273536.0,224100335616.0
2016-07-14,1692.6409912109375,1717.7437744140625,1673.4720458984375,1698.937744140625,17491306496.0,196195450880.0
2016-07-15,1699.0120849609375,1719.0130615234375,1672.7177734375,1688.8201904296875,16611863552.0,185198329856.0
2016-07-18,1685.3233642578125,1708.474365234375,1657.408447265625,1680.6844482421875,16068768768.0,177542922240.0
2016-07-19,1678.869873046875,1704.7061767578125,1659.9422607421875,1692.3099365234375,14922142720.0,165460377600.0
2016-07-20,1693.042236328125,1719.265869140625,1676.43359375,1694.07177734375,15419579392.0,173424001024.0
2016-07-21,1693.379638671875,1721.43896484375,1677.313232421875,1696.6348876953125,16729505792.0,187059027968.0
2016-07-22,1695.6478271484375,1717.0177001953125,1668.8973388671875,1682.9940185546875,16056269824.0,181249327104.0
2016-07-25,1679.8486328125,1706.7071533203125,1659.6646728515625,1683.9417724609375,14845898752.0,166597869568.0
2016-07-26,1683.4666748046875,1714.59423828125,1673.47802734375,1704.6986083984375,14277834752.0,156691955712.0
2016-07-27,1705.046142578125,1721.5885009765625,1590.383544921875,1622.0816650390625,24246151168.0,261486657536.0
2016-07-28,1617.7391357421875,1645.2904052734375,1577.9791259765625,1617.19580078125,16572667904.0,176573218816.0
2016-07-29,1615.975341796875,1635.444580078125,1585.5054931640625,1604.2589111328125,12669225984.0,131143311360.0
2016-08-01,1596.8935546875,1612.0577392578125,1544.58251953125,1578.4786376953125,12586005504.0,128066617344.0
2016-08-02,1576.91357421875,1604.14794921875,1565.8375244140625,1594.6708984375,10168981504.0,101876039680.0
2016-08-03,1591.6207275390625,1617.91357421875,1577.1092529296875,1602.327392578125,12314196992.0,120854634496.0
2016-08-04,1600.7598876953125,1627.65576171875,1585.2943115234375,1614.4627685546875,13316054016.0,132268597248.0
2016-08-05,1612.960205078125,1632.3795166015625,1592.80126953125,1605.9571533203125,12490121216.0,124298674176.0
2016-08-08,1601.520751953125,1633.9342041015625,1581.2666015625,1625.3153076171875,12629606400.0,124431695872.0
2016-08-09,1624.3323974609375,1654.142578125,1612.966552734375,1643.367431640625,15230788608.0,145633345536.0
2016-08-10,1642.4000244140625,1664.6981201171875,1624.6383056640625,1638.1080322265625,14735808512.0,143544123392.0
2016-08-11,1633.55517578125,1649.968017578125,1603.187255859375,1611.7744140625,13885406208.0,132412915712.0
2016-08-12,1608.960205078125,1636.838134765625,1597.3046875,1628.2939453125,12220882944.0,114363858944.0
2016-08-15,1630.406005859375,1678.6357421875,1615.27880859375,1664.2987060546875,19983446016.0,195277193216.0
2016-08-16,1664.971435546875,1697.27392578125,1653.5037841796875,1677.1405029296875,19086733312.0,191606194176.0
2016-08-17,1675.5599365234375,1703.1990966796875,1658.4625244140625,1684.35595703125,17172958208.0,178017337344.0
2016-08-18,1682.104248046875,1709.016845703125,1665.0308837890625,1684.200439453125,18166671360.0,182170484736.0
2016-08-19,1682.3719482421875,1706.5426025390625,1665.169677734375,1687.715576171875,15611554816.0,156996829184.0
2016-08-22,1687.783203125,1709.3128662109375,1655.6873779296875,1666.7196044921875,16308976640.0,160225214464.0
2016-08-23,1664.1822509765625,1690.35791015625,1646.5281982421875,1669.7257080078125,14111131648.0,138074226688.0
2016-08-24,1671.160888671875,1697.369384765625,1656.541259765625,1675.971435546875,13547954176.0,137489350656.0
2016-08-25,1666.551025390625,1682.823486328125,1631.041748046875,1663.5654296875,15123956736.0,151154130944.0
2016-08-26,1666.2484130859375,1695.74658203125,1653.087158203125,1669.9110107421875,14628230144.0,147694796800.0
2016-08-29,1668.8175048828125,1695.1009521484375,1652.5135498046875,1675.5147705078125,12960783360.0,129587994624.0
2016-08-30,1676.690673828125,1698.3209228515625,1660.33447265625,1676.0745849609375,12501009408.0,125029580800.0
2016-08-31,1675.51953125,1692.4932861328125,1654.4056396484375,1676.178955078125,12046854144.0,122279395328.0
2016-09-01,1675.0760498046875,1695.1483154296875,1654.1505126953125,1663.241943359375,13081079808.0,132387758080.0
2016-09-02,1659.583740234375,1680.3343505859375,1638.011962890625,1656.0328369140625,12436888576.0,124613173248.0
2016-09-05,1659.804443359375,1684.839599609375,1646.22607421875,1663.6732177734375,11918996480.0,117745328128.0
2016-09-06,1663.4520263671875,1698.1708984375,1642.049072265625,1690.6180419921875,15478633472.0,157554180096.0
2016-09-07,1690.7218017578125,1718.0413818359375,1674.2164306640625,1689.7586669921875,16856894464.0,171722080256.0
2016-09-08,1687.876708984375,1713.66552734375,1674.805908203125,1698.404052734375,13860265984.0,141943750656.0
2016-09-09,1697.417236328125,1717.3173828125,1674.531494140625,1685.2049560546875,14143031296.0,144998531072.0
2016-09-12,1653.719482421875,1673.66552734375,1617.74853515625,1630.965087890625,15510581248.0,151318773760.0
2016-09-13,1640.2913818359375,1662.226318359375,1621.5152587890625,1644.75244140625,11880401920.0,115638616064.0
2016-09-14,1636.1748046875,1660.1072998046875,1618.324951171875,1637.862548828125,11372849152.0,108616695808.0
2016-09-19,1640.4091796875,1670.1944580078125,1633.10107421875,1657.1038818359375,10725140480.0,103063207936.0
2016-09-20,1658.0040283203125,1675.52685546875,1639.69775390625,1656.806640625,11025263616.0,105440714752.0
2016-09-21,1655.8121337890625,1676.5107421875,1644.294921875,1660.3905029296875,10364847104.0,100485677056.0
2016-09-22,1669.5830078125,1688.279541015625,1654.3031005859375,1667.8514404296875,12199134208.0,120755970048.0
2016-09-23,1669.2784423828125,1685.4000244140625,1648.14990234375,1660.649169921875,11992805376.0,118754328576.0
2016-09-26,1657.393310546875,1673.6212158203125,1616.144287109375,1625.2674560546875,12903546880.0,126222278656.0
2016-09-27,1620.7889404296875,1648.803466796875,1602.639892578125,1638.2218017578125,11034212352.0,104531099648.0
2016-09-28,1638.0673828125,1654.631591796875,1619.2657470703125,1635.010986328125,9860696064.0,94689853440.0
2016-09-29,1636.66064453125,1658.34423828125,1625.7703857421875,1640.4757080078125,9843196928.0,94588141568.0
2016-09-30,1638.6781005859375,1660.9796142578125,1628.298828125,1648.824951171875,9234927616.0,89522110464.0
2016-10-10,1656.492919921875,1693.3656005859375,1643.7161865234375,1683.37890625,13571218432.0,135618494464.0
2016-10-11,1683.91064453125,1708.060302734375,1670.6458740234375,1694.78125,13538371584.0,136370274304.0
2016-10-12,1690.5023193359375,1712.9713134765625,1675.52001953125,1697.93505859375,12987942912.0,132239425536.0
2016-10-13,1697.813232421875,1720.8251953125,1682.8094482421875,1700.884521484375,13677502464.0,135800881152.0
2016-10-14,1697.4176025390625,1715.808349609375,1675.8746337890625,1698.67431640625,13125120000.0,129299177472.0
2016-10-17,1700.2291259765625,1721.0379638671875,1670.427734375,1683.33349609375,13970102272.0,140308742144.0
2016-10-18,1681.89208984375,1716.1212158203125,1672.0228271484375,1709.1275634765625,13924921344.0,139808276480.0
2016-10-19,1711.3560791015625,1730.716064453125,1692.1341552734375,1708.04052734375,14116825088.0,141308624896.0
2016-10-20,1708.8358154296875,1733.842529296875,1693.8551025390625,1715.7750244140625,15049310208.0,152600379392.0
2016-10-21,1714.30810546875,1730.4842529296875,1683.43212890625,1706.934814453125,14391414784.0,147423395840.0
2016-10-24,1706.7032470703125,1733.3128662109375,1693.028564453125,1719.306396484375,14311154688.0,143944286208.0
2016-10-25,1719.6259765625,1743.9892578125,1705.841064453125,1727.080322265625,14425270272.0,148126859264.0
2016-10-26,1727.09326171875,1746.3828125,1702.18359375,1720.113037109375,15675973632.0,164077207552.0
2016-10-27,1717.929443359375,1736.6893310546875,1700.3492431640625,1719.819091796875,12956829696.0,132814692352.0
2016-10-28,1718.392822265625,1737.9222412109375,1692.5250244140625,1704.0367431640625,14248232960.0,146575228928.0
2016-10-31,1699.9962158203125,1722.3748779296875,1677.1287841796875,1704.6451416015625,13024293888.0,132404289536.0
2016-11-01,1705.2042236328125,1733.81689453125,1694.053955078125,1723.93701171875,13842085888.0,146060443648.0
2016-11-02,1720.530029296875,1742.4168701171875,1698.165283203125,1713.228759765625,15511138304.0,162157494272.0
2016-11-03,1708.30029296875,1746.8863525390625,1697.046142578125,1725.6517333984375,17268297728.0,181662842880.0
2016-11-04,1725.141357421875,1749.7208251953125,1705.4461669921875,1723.0728759765625,15169298432.0,160812433408.0
2016-11-07,1723.7008056640625,1746.2640380859375,1702.960693359375,1723.495361328125,14619522048.0,152006311936.0
2016-11-08,1727.7579345703125,1750.9088134765625,1713.0516357421875,1734.495849609375,14375954432.0,150422880256.0
2016-11-09,1733.725341796875,1753.0499267578125,1692.5498046875,1721.7843017578125,18240962560.0,188453519360.0
2016-11-10,1733.9874267578125,1762.2218017578125,1722.0108642578125,1746.2728271484375,17702060032.0,182399434752.0
2016-11-11,1745.6807861328125,1772.5133056640625,1727.3365478515625,1754.1422119140625,18731061248.0,191859113984.0
2016-11-14,1751.440673828125,1782.892333984375,1735.8360595703125,1760.891845703125,19009900544.0,192935329792.0
2016-11-15,1761.2252197265625,1786.965087890625,1742.170654296875,1770.6641845703125,17000076288.0,176901783552.0
2016-11-16,1772.796142578125,1799.3292236328125,1754.70654296875,1773.1112060546875,17647538176.0,186184253440.0
2016-11-17,1769.9478759765625,1787.2086181640625,1745.8009033203125,1765.8433837890625,15048851456.0,152817156096.0
2016-11-18,1766.10546875,1787.51953125,1746.2833251953125,1760.9720458984375,14539567104.0,148689977344.0
2016-11-21,1759.447509765625,1785.5469970703125,1744.3245849609375,1767.344482421875,14000393216.0,145708630016.0
2016-11-22,1769.052734375,1795.767822265625,1755.5526123046875,1783.096923828125,15330401280.0,162509357056.0
2016-11-23,1783.6790771484375,1804.29638671875,1757.24462890625,1770.3201904296875,16143781888.0,174595342336.0
2016-11-24,1767.500244140625,1787.273193359375,1743.154541015625,1757.6546630859375,14456810496.0,152186814464.0
2016-11-25,1756.09716796875,1776.05419921875,1718.052001953125,1760.9541015625,14239297536.0,147288883200.0
2016-11-28,1763.278564453125,1784.2083740234375,1743.302734375,1760.016845703125,13301567488.0,137081356288.0
2016-11-29,1757.361328125,1775.7454833984375,1728.6805419921875,1739.144775390625,14040031232.0,143706554368.0
2016-11-30,1735.5130615234375,1758.590576171875,1715.0665283203125,1736.030517578125,12070203392.0,125122011136.0
2016-12-01,1737.34033203125,1759.5211181640625,1723.178466796875,1743.61669921875,11353749504.0,116471726080.0
2016-12-02,1743.4058837890625,1756.990966796875,1701.47607421875,1711.8621826171875,12987025408.0,132794122240.0
2016-12-05,1695.89990234375,1728.16064453125,1676.3819580078125,1702.7305908203125,10968412160.0,110838538240.0
2016-12-06,1705.654541015625,1727.71875,1690.6773681640625,1706.5203857421875,9677899776.0,100121985024.0
2016-12-07,1706.6119384765625,1733.8148193359375,1693.407958984375,1725.7088623046875,10992462848.0,108984967168.0
2016-12-08,1726.4693603515625,1740.9488525390625,1702.9453125,1714.049560546875,11076336640.0,113543512064.0
2016-12-09,1711.99853515625,1731.5867919921875,1692.6734619140625,1708.7513427734375,10775236608.0,110186332160.0
2016-12-12,1707.7562255859375,1719.7991943359375,1604.48681640625,1616.446044921875,16166457344.0,159778111488.0
2016-12-13,1611.873046875,1641.4522705078125,1581.936767578125,1623.4720458984375,11487651840.0,111899983872.0
2016-12-14,1620.4586181640625,1645.4359130859375,1594.05908203125,1613.8883056640625,11557613568.0,112572768256.0
2016-12-15,1608.3331298828125,1651.2440185546875,1598.9130859375,1631.186767578125,11189954560.0,111283068928.0
2016-12-16,1632.146240234375,1667.84521484375,1621.0406494140625,1650.6771240234375,11180869632.0,112546209792.0
2016-12-19,1650.20703125,1672.2952880859375,1628.8173828125,1651.302734375,10689459200.0,105119326208.0
2016-12-20,1649.68994140625,1669.2271728515625,1630.01123046875,1650.22802734375,9958504448.0,96974495744.0
2016-12-21,1652.974853515625,1678.6810302734375,1641.3682861328125,1663.6053466796875,10544278528.0,104967233536.0
2016-12-22,1662.342529296875,1681.82470703125,1641.7574462890625,1663.301025390625,10328988672.0,102377570304.0
2016-12-23,1662.0142822265625,1677.41650390625,1631.2977294921875,1642.8890380859375,10107334656.0,100294664192.0
2016-12-26,1635.87646484375,1661.4998779296875,1606.295166015625,1652.0972900390625,9922288640.0,96642596864.0
2016-12-27,1650.7596435546875,1673.5814208984375,1636.4737548828125,1654.388671875,9730864128.0,96944226304.0
2016-12-28,1653.439208984375,1671.6287841796875,1634.2738037109375,1647.6884765625,9681764352.0,93575299072.0
2016-12-29,1644.47021484375,1664.890380859375,1628.1387939453125,1642.521728515625,9000900608.0,88961458176.0
2016-12-30,1642.302978515625,1662.2786865234375,1626.0223388671875,1643.3709716796875,8888782848.0,87572938752.0
2017-01-03,1646.0086669921875,1672.5714111328125,1635.3782958984375,1659.3638916015625,9238191104.0,92295741440.0
2017-01-04,1659.796875,1690.2305908203125,1647.3292236328125,1680.089599609375,12113115136.0,124607193088.0
2017-01-05,1679.256591796875,1702.0810546875,1663.46630859375,1680.7100830078125,12039479296.0,127215026176.0
2017-01-06,1678.7835693359375,1699.087158203125,1653.87451171875,1668.9180908203125,12302202880.0,128857260032.0
2017-01-09,1666.08349609375,1692.1416015625,1649.0462646484375,1677.5130615234375,11491870720.0,120109572096.0
2017-01-10,1676.4476318359375,1696.3626708984375,1656.3892822265625,1669.939208984375,11432235008.0,116693467136.0
2017-01-11,1666.552490234375,1684.5113525390625,1639.52490234375,1652.4215087890625,10968476672.0,111944105984.0
2017-01-12,1650.39892578125,1670.5706787109375,1624.7889404296875,1637.5474853515625,10102158336.0,104485339136.0
2017-01-13,1636.0062255859375,1651.677490234375,1592.51171875,1605.04052734375,10175805440.0,104793120768.0
2017-01-16,1600.3924560546875,1613.779541015625,1479.7049560546875,1533.88330078125,13603705856.0,131957202944.0
2017-01-17,1528.1392822265625,1567.11572265625,1498.097900390625,1554.2039794921875,10081690624.0,100009000960.0
2017-01-18,1550.1395263671875,1570.791748046875,1529.6702880859375,1545.7271728515625,8244623872.0,83181461504.0
2017-01-19,1541.01513671875,1563.724853515625,1520.316162109375,1539.9654541015625,7707004928.0,77199892480.0
2017-01-20,1537.9266357421875,1581.371826171875,1530.3665771484375,1567.1029052734375,8435398144.0,86096461824.0
2017-01-23,1569.5889892578125,1601.573486328125,1560.309326171875,1583.1488037109375,8811958272.0,89165135872.0
2017-01-24,1581.4278564453125,1597.9481201171875,1559.5709228515625,1574.2762451171875,8099670016.0,81306148864.0
2017-01-25,1571.1171875,1594.5738525390625,1559.2008056640625,1580.1517333984375,7072397824.0,71038410752.0
2017-01-26,1582.0118408203125,1602.52392578125,1571.8690185546875,1590.611572265625,6451283456.0,64955043840.0
2017-02-03,1592.022705078125,1605.414306640625,1571.21337890625,1585.7454833984375,5856181760.0,57932931072.0
2017-02-06,1585.9884033203125,1613.928466796875,1575.8465576171875,1605.5072021484375,8227577344.0,83371302912.0
2017-02-07,1603.6595458984375,1623.330322265625,1586.16455078125,1605.99462890625,9588426752.0,97867636736.0
2017-02-08,1602.8089599609375,1627.2113037109375,1586.7242431640625,1618.705322265625,10153816064.0,102018359296.0
2017-02-09,1617.7369384765625,1648.284912109375,1608.6253662109375,1633.002685546875,11874595840.0,118604505088.0
2017-02-10,1631.6602783203125,1651.8211669921875,1612.8175048828125,1626.8914794921875,12617795584.0,119773978624.0
2017-02-13,1625.557861328125,1651.364990234375,1612.1141357421875,1637.1063232421875,11635096576.0,111849308160.0
2017-02-14,1636.1455078125,1652.761474609375,1619.6715087890625,1635.0286865234375,10985971712.0,108799426560.0
2017-02-15,1633.261962890625,1652.3038330078125,1608.4759521484375,1619.8138427734375,12567870464.0,123318501376.0
2017-02-16,1617.67529296875,1643.508544921875,1606.266845703125,1629.9998779296875,11518035968.0,110759100416.0
2017-02-17,1628.8876953125,1647.407958984375,1601.736572265625,1615.4796142578125,12646373376.0,125245538304.0
2017-02-20,1614.1895751953125,1640.8546142578125,1599.0655517578125,1629.459716796875,11974273024.0,117562548224.0
2017-02-21,1629.9212646484375,1659.3929443359375,1618.4613037109375,1646.09619140625,13418440704.0,131772555264.0
2017-02-22,1645.672119140625,1667.6014404296875,1630.7393798828125,1652.4256591796875,13556426752.0,132301946880.0
2017-02-23,1651.903076171875,1672.2486572265625,1630.1214599609375,1653.2098388671875,14594093056.0,140692226048.0
2017-02-24,1650.7088623046875,1674.491943359375,1636.651611328125,1660.0848388671875,12311543808.0,125335887872.0
2017-02-27,1658.4659423828125,1676.7464599609375,1635.7088623046875,1647.086669921875,11685743616.0,119298277376.0
2017-02-28,1645.79052734375,1667.4593505859375,1631.9686279296875,1653.280029296875,10696132608.0,111279292416.0
2017-03-01,1651.7210693359375,1674.9683837890625,1639.3548583984375,1657.1962890625,12304131072.0,124602294272.0
2017-03-02,1657.9412841796875,1673.6396484375,1635.446044921875,1645.421630859375,12044309504.0,119730069504.0
2017-03-03,1641.0352783203125,1665.4517822265625,1624.7752685546875,1651.714111328125,11641321472.0,119450902528.0
2017-03-06,1653.231201171875,1683.6473388671875,1644.4822998046875,1672.7437744140625,12195215360.0,129565999104.0
2017-03-07,1673.916259765625,1694.1165771484375,1657.587890625,1677.7967529296875,12581343232.0,134165069824.0
2017-03-08,1677.1712646484375,1692.72119140625,1656.3475341796875,1670.1475830078125,11146113024.0,117961842688.0
2017-03-09,1667.860595703125,1681.5386962890625,1643.4210205078125,1659.1956787109375,11440280576.0,117451104256.0
2017-03-10,1657.6771240234375,1678.6094970703125,1644.041259765625,1659.7652587890625,10166838272.0,108811673600.0
2017-03-13,1658.0985107421875,1680.900634765625,1639.4613037109375,1671.2216796875,10808235008.0,114562097152.0
2017-03-14,1672.444091796875,1691.3123779296875,1655.1038818359375,1668.5157470703125,10980824064.0,119013556224.0
2017-03-15,1664.9254150390625,1683.967041015625,1648.1910400390625,1666.248291015625,10945911808.0,116569473024.0
2017-03-16,1667.855224609375,1695.14990234375,1661.392578125,1684.1588134765625,12595465216.0,132237344768.0
2017-03-17,1685.290283203125,1706.564697265625,1662.183349609375,1671.8970947265625,14142252032.0,153091375104.0
2017-03-20,1670.0382080078125,1692.35498046875,1653.02685546875,1678.8287353515625,12174205952.0,130411831296.0
2017-03-21,1677.8763427734375,1694.8275146484375,1661.6724853515625,1680.1220703125,10835554304.0,116722040832.0
2017-03-22,1672.74609375,1690.322265625,1649.957763671875,1669.43994140625,12344705024.0,130289393664.0
2017-03-23,1669.1119384765625,1690.9078369140625,1643.35498046875,1669.72412109375,13423110144.0,142487830528.0
2017-03-24,1668.4820556640625,1687.6639404296875,1651.0140380859375,1672.7711181640625,12307739648.0,127360335872.0
2017-03-27,1673.2381591796875,1692.802978515625,1653.1241455078125,1669.334228515625,12013758464.0,126656757760.0
2017-03-28,1667.8798828125,1685.801513671875,1649.3936767578125,1664.188720703125,11110629376.0,116556374016.0
2017-03-29,1664.1220703125,1681.53369140625,1635.4520263671875,1649.0809326171875,13056754688.0,132790403072.0
2017-03-30,1645.5257568359375,1660.658203125,1597.4638671875,1612.9896240234375,14923425792.0,149402402816.0
2017-03-31,1612.9771728515625,1637.708251953125,1594.36376953125,1616.550537109375,11681067008.0,116854308864.0
2017-04-05,1622.3548583984375,1662.051513671875,1610.5164794921875,1651.316162109375,13766078464.0,135703568384.0
2017-04-06,1652.960693359375,1675.05615234375,1636.2694091796875,1655.0780029296875,13608491008.0,136293122048.0
2017-04-07,1654.0262451171875,1676.960205078125,1635.2550048828125,1654.9498291015625,13617179648.0,141871153152.0
2017-04-10,1650.956298828125,1671.323486328125,1615.4874267578125,1634.3929443359375,15288736768.0,160243728384.0
2017-04-11,1630.63525390625,1663.6031494140625,1604.1202392578125,1647.58251953125,17346263040.0,177771855872.0
2017-04-12,1645.048095703125,1665.953857421875,1617.3687744140625,1633.3585205078125,16118447104.0,161321549824.0
2017-04-13,1630.4189453125,1659.2119140625,1615.8046875,1638.551025390625,13573847040.0,130236628992.0
2017-04-14,1636.5218505859375,1650.8453369140625,1601.0430908203125,1613.26953125,13376580608.0,132344782848.0
2017-04-17,1605.8126220703125,1622.5003662109375,1565.833251953125,1587.1357421875,11918380032.0,118180077568.0
2017-04-18,1586.5887451171875,1607.4638671875,1555.4495849609375,1568.5234375,11293618176.0,114295840768.0
2017-04-19,1562.0269775390625,1577.2242431640625,1514.78857421875,1548.4425048828125,12444473344.0,120296603648.0
2017-04-20,1546.382080078125,1566.2420654296875,1516.783447265625,1538.4493408203125,10440291328.0,102351585280.0
2017-04-21,1538.553466796875,1557.6201171875,1516.505615234375,1531.091552734375,8867987456.0,86997409792.0
2017-04-24,1526.5640869140625,1535.90478515625,1463.5640869140625,1480.83349609375,10247128064.0,95231164416.0
2017-04-25,1481.864013671875,1509.1212158203125,1465.7977294921875,1485.7064208984375,9027979264.0,88521015296.0
2017-04-26,1485.770751953125,1508.9456787109375,1469.6319580078125,1491.091796875,9407740928.0,93185982464.0
2017-04-27,1488.13427734375,1515.5330810546875,1448.8626708984375,1501.192138671875,12706588672.0,121523478528.0
2017-04-28,1497.1942138671875,1523.543212890625,1485.150390625,1510.1690673828125,9427660800.0,91507736576.0
2017-05-02,1508.6190185546875,1528.8331298828125,1490.8890380859375,1510.997314453125,9119585280.0,91555389440.0
2017-05-03,1508.5718994140625,1529.504638671875,1489.36572265625,1509.4173583984375,10107957248.0,103812087808.0
2017-05-04,1504.6624755859375,1528.4893798828125,1485.598388671875,1504.8380126953125,10417498112.0,107023122432.0
2017-05-05,1500.242431640625,1517.9765625,1474.1861572265625,1485.2274169921875,9732421632.0,96850518016.0
2017-05-08,1480.84521484375,1499.6929931640625,1445.8026123046875,1457.806640625,9402949632.0,92056043520.0
2017-05-09,1452.06640625,1479.950927734375,1431.8807373046875,1468.3310546875,8557537792.0,82754781184.0
2017-05-10,1468.0,1486.7939453125,1430.0081787109375,1439.302978515625,9762020352.0,92109201408.0
2017-05-11,1429.0338134765625,1447.6748046875,1378.2767333984375,1425.2750244140625,11299225600.0,101201190912.0
2017-05-12,1421.7860107421875,1441.106201171875,1399.7935791015625,1421.7041015625,8671873024.0,83456794624.0
2017-05-15,1425.1048583984375,1447.857421875,1410.7889404296875,1425.73095703125,7910055424.0,76637995008.0
2017-05-16,1423.1807861328125,1462.9720458984375,1400.2845458984375,1457.0865478515625,11275254784.0,110829895680.0
2017-05-17,1455.869873046875,1484.29736328125,1444.1336669921875,1461.7406005859375,11084857344.0,111325675520.0
2017-05-18,1449.959228515625,1476.6324462890625,1435.9166259765625,1453.1014404296875,9611518976.0,97572380672.0
2017-05-19,1453.1104736328125,1472.6524658203125,1435.7996826171875,1452.2611083984375,8746917888.0,85675819008.0
2017-05-22,1450.37060546875,1465.280517578125,1410.563232421875,1422.4049072265625,9373558784.0,89326338048.0
2017-05-23,1418.328857421875,1432.1263427734375,1362.3974609375,1374.4373779296875,10190351360.0,93038985216.0
2017-05-24,1366.5521240234375,1392.9351806640625,1336.5406494140625,1381.7080078125,8691602432.0,77578600448.0
2017-05-25,1379.6807861328125,1405.0753173828125,1355.1107177734375,1393.5509033203125,9765431296.0,87980703744.0
2017-05-26,1392.2994384765625,1414.33349609375,1379.6995849609375,1394.721435546875,8982604800.0,83869900800.0
2017-05-31,1409.4931640625,1425.914794921875,1382.5433349609375,1390.9691162109375,8392870912.0,77887758336.0
2017-06-01,1386.3834228515625,1398.140625,1341.3682861328125,1350.4246826171875,9058372608.0,80735379456.0
2017-06-02,1345.10302734375,1378.449462890625,1321.7801513671875,1367.997314453125,8975178752.0,77347422208.0
2017-06-05,1370.110595703125,1395.5836181640625,1360.656005859375,1381.98095703125,7775220224.0,70693306368.0
2017-06-06,1379.3902587890625,1402.2989501953125,1367.3939208984375,1390.2293701171875,7546763776.0,68888518656.0
2017-06-07,1389.6312255859375,1429.546630859375,1383.063720703125,1420.650146484375,11286806528.0,101941731328.0
2017-06-08,1420.614990234375,1440.671630859375,1405.70263671875,1419.423095703125,10429976576.0,97053450240.0
2017-06-09,1417.3466796875,1435.2684326171875,1398.3759765625,1420.855224609375,9287276544.0,86608838656.0
2017-06-12,1413.6160888671875,1428.1156005859375,1386.904541015625,1397.6292724609375,9016962048.0,83066281984.0
2017-06-13,1395.0155029296875,1430.3250732421875,1388.1336669921875,1420.1282958984375,8836480000.0,81628553216.0
2017-06-14,1418.978271484375,1442.27685546875,1405.9202880859375,1424.1546630859375,9506297856.0,90599636992.0
2017-06-15,1421.289794921875,1457.548095703125,1414.3619384765625,1443.846923828125,10887911424.0,102819651584.0
2017-06-16,1443.5361328125,1461.559814453125,1427.453125,1440.7763671875,9306619904.0,90214612992.0
2017-06-19,1439.2821044921875,1462.2562255859375,1428.7230224609375,1451.132568359375,8777603072.0,83539345408.0
2017-06-20,1452.606201171875,1474.1790771484375,1439.6298828125,1452.9017333984375,10432900096.0,102505529344.0
2017-06-21,1454.33984375,1469.30322265625,1434.0133056640625,1452.4676513671875,9561543680.0,94747795456.0
2017-06-22,1450.74462890625,1466.2611083984375,1418.6170654296875,1425.7867431640625,11082517504.0,105928744960.0
2017-06-23,1422.922607421875,1440.4134521484375,1396.1817626953125,1425.921875,9684407296.0,90173890560.0
2017-06-26,1424.7122802734375,1450.3162841796875,1413.595703125,1442.4962158203125,9121714176.0,84516552704.0
2017-06-27,1442.4388427734375,1461.4425048828125,1430.2283935546875,1445.32177734375,8911906816.0,82161369088.0
2017-06-28,1442.0439453125,1454.0928955078125,1422.6920166015625,1434.7244873046875,8275344896.0,76579291136.0
2017-06-29,1435.4420166015625,1455.838134765625,1426.968505859375,1441.572509765625,7901064704.0,74344054784.0
2017-06-30,1437.3997802734375,1454.436767578125,1424.244384765625,1443.04248046875,7759003648.0,72903319552.0
2017-07-03,1443.7095947265625,1466.80126953125,1433.1402587890625,1457.7978515625,9373829120.0,86007914496.0
2017-07-04,1457.0421142578125,1472.4998779296875,1441.819580078125,1455.302978515625,9083916288.0,84796833792.0
2017-07-05,1454.662841796875,1476.3883056640625,1444.2281494140625,1467.9151611328125,10273276928.0,95840387072.0
2017-07-06,1467.062744140625,1486.65771484375,1450.34765625,1469.642822265625,12358706176.0,116335714304.0
2017-07-07,1466.837158203125,1488.080322265625,1453.9576416015625,1474.8123779296875,11617051648.0,108753207296.0
2017-07-10,1472.426025390625,1491.670166015625,1451.7349853515625,1465.8685302734375,12277184512.0,113139302400.0
2017-07-11,1463.6207275390625,1479.5562744140625,1437.8756103515625,1447.845947265625,11273252864.0,104100937728.0
2017-07-12,1445.32421875,1462.3521728515625,1414.6832275390625,1444.791259765625,11029021696.0,100201627648.0
2017-07-13,1442.2432861328125,1462.1517333984375,1426.6553955078125,1445.0823974609375,10147321856.0,90255491072.0
2017-07-14,1442.12109375,1457.4075927734375,1422.0755615234375,1436.543212890625,9192505344.0,84993310720.0
2017-07-17,1430.463134765625,1438.169189453125,1335.5235595703125,1355.9022216796875,14341377024.0,121889177600.0
2017-07-18,1348.54931640625,1380.7581787109375,1330.6065673828125,1368.2886962890625,10276691968.0,85783191552.0
2017-07-19,1365.6624755859375,1393.3494873046875,1350.642822265625,1384.8682861328125,12796277760.0,101779972096.0
2017-07-20,1383.95849609375,1414.59228515625,1373.1063232421875,1392.378662109375,13365548032.0,111873572864.0
2017-07-21,1390.13818359375,1412.4981689453125,1375.82080078125,1392.7576904296875,12519077888.0,104559951872.0
2017-07-24,1388.78125,1415.0050048828125,1373.0400390625,1401.3809814453125,13282729984.0,111542280192.0
2017-07-25,1399.5089111328125,1417.9859619140625,1381.2398681640625,1399.95751953125,11510509568.0,97786134528.0
2017-07-26,1399.42236328125,1419.0029296875,1381.1036376953125,1401.8460693359375,12049656832.0,103958953984.0
2017-07-27,1398.83642578125,1439.2613525390625,1383.7227783203125,1424.5426025390625,15417104384.0,135834468352.0
2017-07-28,1421.3753662109375,1442.5162353515625,1406.478515625,1422.8995361328125,12825380864.0,115423338496.0
2017-07-31,1422.021484375,1446.9532470703125,1407.5225830078125,1432.4083251953125,14944964608.0,128073498624.0
2017-08-01,1432.529541015625,1453.5347900390625,1415.0560302734375,1434.8448486328125,14434186240.0,127857819648.0
2017-08-02,1433.2833251953125,1451.179931640625,1408.2227783203125,1421.2369384765625,15004878848.0,131044204544.0
2017-08-03,1418.0550537109375,1448.0574951171875,1406.038330078125,1428.921630859375,13832565760.0,122738769920.0
2017-08-04,1427.8175048828125,1450.269287109375,1409.1739501953125,1422.8175048828125,15147710464.0,132178591744.0
2017-08-07,1420.6673583984375,1446.0321044921875,1409.0196533203125,1432.846923828125,12204791808.0,104575541248.0
2017-08-08,1432.7724609375,1455.17138671875,1416.183837890625,1439.235107421875,14662365184.0,126185472000.0
2017-08-09,1438.42529296875,1459.6226806640625,1423.6495361328125,1442.7235107421875,13824726016.0,120218664960.0
2017-08-10,1439.614501953125,1457.56396484375,1413.2073974609375,1431.0948486328125,14069538816.0,124155846656.0
2017-08-11,1421.14208984375,1442.4111328125,1396.9761962890625,1411.01904296875,14198294528.0,122605797376.0
2017-08-14,1411.282470703125,1448.1573486328125,1404.016845703125,1439.48681640625,12705950720.0,114207481856.0
2017-08-15,1440.1968994140625,1459.808349609375,1425.64501953125,1445.4593505859375,12208515072.0,112638074880.0
2017-08-16,1444.5416259765625,1469.72412109375,1429.37841796875,1455.1583251953125,13464668160.0,127627894784.0
2017-08-17,1455.4010009765625,1484.7877197265625,1443.735595703125,1469.3427734375,14985466880.0,142863056896.0
2017-08-18,1460.0966796875,1482.291015625,1444.675048828125,1462.66748046875,13356933120.0,126566449152.0
2017-08-21,1464.1998291015625,1486.936767578125,1452.8780517578125,1474.008056640625,12173035520.0,112907231232.0
2017-08-22,1472.4813232421875,1487.7415771484375,1451.170166015625,1464.3843994140625,12332432384.0,117494808576.0
2017-08-23,1462.2938232421875,1478.034912109375,1444.368896484375,1456.8106689453125,10455110656.0,98224537600.0
2017-08-24,1455.89697265625,1472.1834716796875,1435.0069580078125,1447.1326904296875,10156071936.0,94680276992.0
2017-08-25,1446.5931396484375,1471.8594970703125,1438.9698486328125,1461.6173095703125,10557112320.0,95324700672.0
2017-08-28,1462.6531982421875,1491.385009765625,1454.8870849609375,1478.7354736328125,13078626304.0,123305877504.0
2017-08-29,1478.2325439453125,1497.2867431640625,1461.59423828125,1475.8988037109375,12633198592.0,121808371712.0
2017-08-30,1474.783203125,1497.1387939453125,1462.88525390625,1480.044921875,13149783040.0,122792861696.0
2017-08-31,1479.901611328125,1498.2579345703125,1466.5355224609375,1485.2301025390625,12604804096.0,118232621056.0
2017-09-01,1486.7493896484375,1510.0830078125,1472.8724365234375,1495.9500732421875,15299417088.0,145344069632.0
2017-09-04,1495.4022216796875,1522.752197265625,1480.9639892578125,1507.09912109375,16079704064.0,157747462144.0
2017-09-05,1506.0535888671875,1525.9442138671875,1488.9775390625,1507.67529296875,14368067584.0,144359211008.0
2017-09-06,1503.3765869140625,1530.723876953125,1488.853759765625,1518.106201171875,15225264128.0,156182446080.0
2017-09-07,1518.27197265625,1542.94775390625,1499.82177734375,1513.191162109375,15678707712.0,165223235584.0
2017-09-08,1511.6982421875,1535.64453125,1496.3961181640625,1516.9669189453125,13988977664.0,142067253248.0
2017-09-11,1516.3126220703125,1543.8240966796875,1504.1146240234375,1531.76025390625,14552091648.0,147333677056.0
2017-09-12,1532.583251953125,1555.7037353515625,1509.5882568359375,1525.6063232421875,18748002304.0,194414379008.0
2017-09-13,1523.5452880859375,1544.4940185546875,1508.43701171875,1530.4691162109375,13678296064.0,136363016192.0
2017-09-14,1530.4891357421875,1551.78369140625,1511.9366455078125,1528.963134765625,15074209792.0,147062898688.0
2017-09-15,1526.2791748046875,1544.886474609375,1504.6407470703125,1523.0677490234375,14029596672.0,136089288704.0
2017-09-18,1521.1630859375,1546.767333984375,1509.0330810546875,1534.81982421875,12470511616.0,123018534912.0
2017-09-19,1534.858642578125,1552.8809814453125,1513.7418212890625,1528.3282470703125,13111607296.0,128893607936.0
2017-09-20,1526.4798583984375,1551.639404296875,1512.8721923828125,1540.7176513671875,13856923648.0,136776794112.0
2017-09-21,1540.80908203125,1558.94775390625,1515.732177734375,1525.2216796875,13891702784.0,139595055104.0
2017-09-22,1520.740478515625,1539.6864013671875,1498.354736328125,1518.57568359375,12112711680.0,119331127296.0
2017-09-25,1515.84619140625,1533.21435546875,1485.871337890625,1495.9664306640625,10868955136.0,105585410048.0
2017-09-26,1494.19775390625,1514.422119140625,1475.20263671875,1496.7701416015625,9260317696.0,92600442880.0
2017-09-27,1496.5689697265625,1520.5758056640625,1485.5513916015625,1507.939208984375,9753421824.0,98540863488.0
2017-09-28,1506.1636962890625,1524.177734375,1487.5948486328125,1498.877197265625,10281465856.0,104257200128.0
2017-09-29,1500.9588623046875,1525.8175048828125,1490.3277587890625,1513.2452392578125,10154048512.0,102747856896.0
2017-10-09,1528.4354248046875,1550.625732421875,1511.1641845703125,1532.6009521484375,12123005952.0,122844012544.0
2017-10-10,1531.566650390625,1558.420654296875,1517.2652587890625,1547.004638671875,12266866688.0,123864588288.0
2017-10-11,1546.9061279296875,1569.32666015625,1525.1734619140625,1542.5577392578125,13691212800.0,138250223616.0
2017-10-12,1540.7235107421875,1560.6373291015625,1518.9200439453125,1539.3436279296875,12128662528.0,121756565504.0
2017-10-13,1537.9078369140625,1560.551513671875,1523.3087158203125,1545.6788330078125,11036482560.0,113476927488.0
2017-10-16,1543.2633056640625,1557.9798583984375,1500.80810546875,1512.556640625,12933767168.0,130412470272.0
2017-10-17,1508.805419921875,1528.922607421875,1492.749267578125,1511.613037109375,8569553408.0,85511782400.0
2017-10-18,1512.0111083984375,1531.3026123046875,1485.671630859375,1496.7291259765625,9795729408.0,96559022080.0
2017-10-19,1494.385498046875,1511.6451416015625,1464.0587158203125,1481.1658935546875,9883108352.0,94369988608.0
2017-10-20,1480.5802001953125,1507.5450439453125,1469.9130859375,1499.7086181640625,8155410432.0,79698264064.0
2017-10-23,1500.2557373046875,1520.45166015625,1486.85791015625,1508.194580078125,8569985024.0,86394257408.0
2017-10-24,1506.645751953125,1519.0428466796875,1480.6129150390625,1498.9248046875,8807045120.0,88455356416.0
2017-10-25,1497.510986328125,1518.788818359375,1486.9586181640625,1508.51220703125,8364237824.0,83802595328.0
2017-10-26,1506.7752685546875,1528.6544189453125,1493.9517822265625,1514.4130859375,10099573760.0,100752818176.0
2017-10-27,1512.8695068359375,1528.0242919921875,1491.010498046875,1502.9888916015625,9319066624.0,91788517376.0
2017-10-30,1499.4710693359375,1511.0252685546875,1441.6524658203125,1461.8226318359375,11506970624.0,109379330048.0
2017-10-31,1459.7764892578125,1484.4736328125,1446.940185546875,1473.6083984375,8372103168.0,82283970560.0
2017-11-01,1473.363525390625,1493.271728515625,1458.4151611328125,1474.3118896484375,8929044480.0,88996741120.0
2017-11-02,1472.1363525390625,1484.7105712890625,1442.990234375,1455.7457275390625,9260810240.0,90532052992.0
2017-11-03,1454.4156494140625,1471.982666015625,1426.329345703125,1444.0279541015625,9631439872.0,91895595008.0
2017-11-06,1443.8153076171875,1468.231201171875,1426.9322509765625,1458.0283203125,8881681408.0,87737434112.0
2017-11-07,1457.40576171875,1477.9986572265625,1440.77587890625,1465.6182861328125,9811786752.0,96589135872.0
2017-11-08,1463.9541015625,1488.8607177734375,1451.8017578125,1470.0966796875,10465243136.0,103615143936.0
2017-11-09,1468.4295654296875,1489.48486328125,1456.2503662109375,1477.2852783203125,9449010176.0,93045907456.0
2017-11-10,1475.5352783203125,1496.1334228515625,1458.9188232421875,1477.9892578125,10840404992.0,107072913408.0
2017-11-13,1477.969482421875,1497.7725830078125,1456.0078125,1476.9486083984375,11721324544.0,116483072000.0
2017-11-14,1475.76416015625,1493.52099609375,1449.8212890625,1466.056884765625,11739119616.0,118613213184.0
2017-11-15,1462.91650390625,1479.2132568359375,1438.550537109375,1453.609619140625,9683206144.0,98546778112.0
2017-11-16,1451.22705078125,1471.722412109375,1433.462158203125,1449.4407958984375,9241487360.0,91634925568.0
2017-11-17,1448.3306884765625,1460.4908447265625,1380.242919921875,1395.542236328125,12775683072.0,120725020672.0
2017-11-20,1388.531005859375,1410.071044921875,1343.1328125,1396.3963623046875,9502986240.0,88051564544.0
2017-11-21,1394.245849609375,1416.1259765625,1372.614013671875,1394.079833984375,9405631488.0,89707282432.0
2017-11-22,1394.3055419921875,1416.8948974609375,1373.413330078125,1395.2235107421875,10116269056.0,98284535808.0
2017-11-23,1392.659912109375,1408.99560546875,1356.675048828125,1366.30810546875,10298237952.0,95606644736.0
2017-11-24,1361.041015625,1387.2830810546875,1345.7073974609375,1368.416015625,8287609856.0,77199048704.0
2017-11-27,1366.7540283203125,1385.2066650390625,1341.8897705078125,1355.884521484375,8094511616.0,73512574976.0
2017-11-28,1354.7774658203125,1383.2147216796875,1345.7884521484375,1376.472412109375,8059457024.0,72399634432.0
2017-11-29,1376.04150390625,1392.6126708984375,1353.487060546875,1377.7928466796875,9903050752.0,87373742080.0
2017-11-30,1374.9853515625,1393.2222900390625,1357.8370361328125,1371.5235595703125,8980453376.0,81046478848.0
2017-12-01,1369.9478759765625,1396.00634765625,1360.269775390625,1384.061279296875,8499821056.0,78744576000.0
2017-12-04,1382.4281005859375,1396.606201171875,1355.8199462890625,1366.9730224609375,8523458560.0,79210921984.0
2017-12-05,1364.137451171875,1377.697265625,1312.73583984375,1328.82080078125,10230516736.0,91055718400.0
2017-12-06,1325.1988525390625,1351.0950927734375,1305.923095703125,1342.631591796875,9100544000.0,80867049472.0
2017-12-07,1339.5115966796875,1360.4107666015625,1326.5953369140625,1342.6146240234375,8024275456.0,74113859584.0
2017-12-08,1340.883544921875,1368.5152587890625,1332.602783203125,1355.84423828125,8527744000.0,78998601728.0
2017-12-11,1358.142333984375,1381.978515625,1347.9600830078125,1370.90869140625,8761655296.0,82662522880.0
2017-12-12,1369.5267333984375,1382.885986328125,1347.99267578125,1357.01318359375,8684594176.0,83427131392.0
2017-12-13,1354.4622802734375,1374.8768310546875,1343.6839599609375,1365.662841796875,7651726848.0,72179195904.0
2017-12-14,1364.1268310546875,1380.61328125,1349.5064697265625,1367.5496826171875,8307701760.0,77166837760.0
2017-12-15,1365.7008056640625,1382.332275390625,1348.6578369140625,1365.0224609375,8807388160.0,82644107264.0
2017-12-18,1363.56689453125,1379.000244140625,1340.7030029296875,1356.30322265625,8021045760.0,73819586560.0
2017-12-19,1355.6043701171875,1376.3629150390625,1346.2406005859375,1364.688232421875,7257406976.0,68154318848.0
2017-12-20,1363.3671875,1375.374267578125,1338.136962890625,1349.4176025390625,8219442688.0,75808145408.0
2017-12-21,1347.1484375,1363.1866455078125,1325.720947265625,1348.8311767578125,8351014912.0,77909270528.0
2017-12-22,1347.4107666015625,1363.783935546875,1331.6199951171875,1345.1046142578125,7896925184.0,74127097856.0
2017-12-25,1343.6246337890625,1356.0081787109375,1312.040283203125,1325.6898193359375,8454064640.0,76642189312.0
2017-12-26,1324.5611572265625,1343.974365234375,1308.4459228515625,1333.081787109375,7515322880.0,67626926080.0
2017-12-27,1331.633056640625,1349.865478515625,1314.3087158203125,1327.707763671875,8547392000.0,74742702080.0
2017-12-28,1325.7635498046875,1347.8497314453125,1313.1400146484375,1330.1602783203125,8730566656.0,75741298688.0
2017-12-29,1330.1883544921875,1351.72216796875,1319.501708984375,1341.443603515625,7749174272.0,68336627712.0
2018-01-02,1343.3201904296875,1365.8143310546875,1331.4736328125,1354.6981201171875,9711850496.0,83707133952.0
2018-01-03,1354.5670166015625,1379.7183837890625,1344.0662841796875,1367.92626953125,11470536704.0,102536970240.0
2018-01-04,1365.9573974609375,1385.7789306640625,1352.53173828125,1369.9974365234375,11135186944.0,100784807936.0
2018-01-05,1369.6549072265625,1391.17626953125,1355.5535888671875,1371.766845703125,11499526144.0,103063158784.0
2018-01-08,1370.5546875,1389.787109375,1350.45263671875,1372.81201171875,12251353088.0,108927483904.0
2018-01-09,1371.25439453125,1388.8428955078125,1355.2713623046875,1370.7967529296875,10458218496.0,94406574080.0
2018-01-10,1369.887451171875,1385.873291015625,1344.1651611328125,1362.617431640625,11271645184.0,103132725248.0
2018-01-11,1359.2646484375,1384.35546875,1343.9075927734375,1371.5020751953125,10967239680.0,100924153856.0
2018-01-12,1369.79833984375,1387.606689453125,1350.8836669921875,1362.839111328125,11113232384.0,96816234496.0
2018-01-15,1358.4830322265625,1369.7677001953125,1312.4700927734375,1324.543701171875,13057467392.0,112357564416.0
2018-01-16,1322.0537109375,1346.65625,1307.6312255859375,1331.146240234375,10724632576.0,93053132800.0
2018-01-17,1327.578857421875,1347.8084716796875,1299.805419921875,1330.560791015625,11199698944.0,96289669120.0
2018-01-18,1327.634765625,1347.82373046875,1315.335205078125,1331.8304443359375,8885685248.0,76504571904.0
2018-01-19,1331.3826904296875,1350.80810546875,1316.0235595703125,1329.7835693359375,9376771072.0,82542649344.0
2018-01-22,1327.558349609375,1355.1080322265625,1309.7684326171875,1342.53515625,10080015360.0,91441692672.0
2018-01-23,1341.2254638671875,1359.839599609375,1326.9921875,1343.7481689453125,9701169152.0,86935961600.0
2018-01-24,1341.3592529296875,1365.7950439453125,1325.9024658203125,1353.806396484375,11292765184.0,104123990016.0
2018-01-25,1352.098876953125,1377.987060546875,1338.8646240234375,1352.1312255859375,11876501504.0,110419615744.0
2018-01-26,1348.3939208984375,1369.546142578125,1335.4329833984375,1350.72900390625,10335749120.0,92459204608.0
2018-01-29,1349.656494140625,1364.5914306640625,1320.96630859375,1334.2244873046875,10925864960.0,96707362816.0
2018-01-30,1331.3511962890625,1350.6546630859375,1315.91748046875,1331.588134765625,9141949440.0,80189947904.0
2018-01-31,1323.458251953125,1336.7083740234375,1282.35986328125,1297.589599609375,11429055488.0,98171551744.0
2018-02-01,1294.389892578125,1309.5225830078125,1225.7626953125,1240.70361328125,13310955520.0,107037564928.0
2018-02-02,1230.34619140625,1255.679443359375,1189.0341796875,1233.5120849609375,10739211264.0,85779038208.0
2018-02-05,1216.85205078125,1245.810546875,1200.1473388671875,1227.6546630859375,9071268864.0,72124063744.0
2018-02-06,1206.995361328125,1225.29833984375,1152.394287109375,1162.2479248046875,11445030912.0,89122349056.0
2018-02-07,1180.58154296875,1199.535400390625,1134.7298583984375,1168.0650634765625,10888744960.0,84669997056.0
2018-02-08,1164.9837646484375,1196.8995361328125,1155.3848876953125,1184.0789794921875,8074326016.0,64134823936.0
2018-02-09,1157.6346435546875,1179.3807373046875,1126.1092529296875,1149.7886962890625,10356087808.0,77570359296.0
2018-02-12,1154.9578857421875,1189.222900390625,1147.65087890625,1178.2701416015625,7883643904.0,63609249792.0
2018-02-13,1183.4874267578125,1202.7796630859375,1169.3201904296875,1179.6324462890625,7731438592.0,63359385600.0
2018-02-14,1180.24072265625,1193.5089111328125,1165.6842041015625,1181.8720703125,5460329984.0,43830726656.0
2018-02-22,1190.031494140625,1213.0716552734375,1181.4439697265625,1203.0545654296875,7160637952.0,59696644096.0
2018-02-23,1203.0849609375,1221.232421875,1189.87353515625,1207.154052734375,8033981440.0,65355546624.0
2018-02-26,1212.481689453125,1243.6531982421875,1201.8917236328125,1234.862548828125,11090677760.0,92903047168.0
2018-02-27,1234.8070068359375,1259.466796875,1221.616943359375,1241.208740234375,11390381056.0,97506312192.0
2018-02-28,1232.9652099609375,1263.4183349609375,1218.90771484375,1246.879150390625,10869963776.0,96704995328.0
2018-03-01,1240.2359619140625,1276.6358642578125,1232.336181640625,1266.7691650390625,11190854656.0,99824672768.0
2018-03-02,1259.6295166015625,1285.8211669921875,1246.2899169921875,1261.9100341796875,10854992896.0,97203093504.0
2018-03-05,1264.5323486328125,1283.8785400390625,1249.4261474609375,1270.4193115234375,9787916288.0,87991353344.0
2018-03-06,1271.49365234375,1296.3389892578125,1258.8392333984375,1282.42724609375,11881883648.0,106045833216.0
2018-03-07,1280.556640625,1297.0015869140625,1262.18115234375,1272.9356689453125,10398474240.0,90815168512.0
2018-03-08,1270.793212890625,1294.488525390625,1260.9849853515625,1281.9757080078125,9540016128.0,85662965760.0
2018-03-09,1282.1954345703125,1315.6190185546875,1272.6744384765625,1304.9102783203125,12894060544.0,117552922624.0
2018-03-12,1310.4405517578125,1342.0081787109375,1300.2454833984375,1326.501708984375,15001006080.0,141019774976.0
2018-03-13,1324.8165283203125,1347.40869140625,1306.9305419921875,1321.7828369140625,13513604096.0,124524863488.0
2018-03-14,1316.583984375,1334.251220703125,1296.021484375,1306.460693359375,11624921088.0,105572466688.0
2018-03-15,1301.245361328125,1320.9173583984375,1277.14892578125,1302.596923828125,11146842112.0,101370404864.0
2018-03-16,1302.2303466796875,1325.1715087890625,1288.631591796875,1301.6312255859375,10537966592.0,96945061888.0
2018-03-19,1299.9161376953125,1324.6533203125,1284.6033935546875,1305.9193115234375,10296610816.0,95364096000.0
2018-03-20,1295.629638671875,1318.73876953125,1279.479736328125,1306.6903076171875,9868079104.0,91422982144.0
2018-03-21,1307.72021484375,1334.2427978515625,1288.306396484375,1299.181640625,11636745216.0,108171083776.0
2018-03-22,1298.164306640625,1323.0169677734375,1282.7735595703125,1301.5657958984375,10289149952.0,95035957248.0
2018-03-23,1264.8162841796875,1288.9373779296875,1208.6474609375,1230.303955078125,15935657984.0,134073524224.0
2018-03-26,1212.0911865234375,1257.9178466796875,1187.375732421875,1249.7279052734375,11386540032.0,100812341248.0
2018-03-27,1260.4727783203125,1297.7135009765625,1251.4481201171875,1283.08349609375,13213792256.0,125765173248.0
2018-03-28,1268.0078125,1301.2386474609375,1253.8636474609375,1275.58984375,11987163136.0,114583805952.0
2018-03-29,1277.97802734375,1303.9493408203125,1263.7100830078125,1286.1109619140625,11158919168.0,103627874304.0
2018-03-30,1289.3841552734375,1319.5111083984375,1279.505615234375,1307.314453125,12412350464.0,122028113920.0
2018-04-02,1310.65625,1338.5135498046875,1293.3736572265625,1314.73095703125,14403240960.0,144707518464.0
2018-04-03,1297.4527587890625,1320.3514404296875,1277.4986572265625,1302.330078125,12310260736.0,119149821952.0
2018-04-04,1305.3306884765625,1326.2403564453125,1281.01611328125,1291.724365234375,11227704320.0,110084218880.0
2018-04-09,1285.2530517578125,1311.1138916015625,1265.709716796875,1293.6207275390625,10533867520.0,100709171200.0
2018-04-10,1293.3221435546875,1312.81884765625,1269.074951171875,1293.87548828125,11441678336.0,108045598720.0
2018-04-11,1296.6934814453125,1319.713134765625,1284.15185546875,1302.3331298828125,11520157696.0,106801496064.0
2018-04-12,1299.5279541015625,1319.11083984375,1282.6663818359375,1296.289794921875,10570054656.0,100232290304.0
2018-04-13,1301.041259765625,1319.087158203125,1282.45849609375,1295.031982421875,10093434880.0,96831602688.0
2018-04-16,1290.91064453125,1312.837890625,1268.8353271484375,1291.4029541015625,11199026176.0,106511638528.0
2018-04-17,1292.5648193359375,1306.6376953125,1251.852783203125,1261.762451171875,11717328896.0,113726636032.0
2018-04-18,1268.250244140625,1291.92431640625,1235.5970458984375,1279.6611328125,12128729088.0,115408093184.0
2018-04-19,1277.19140625,1301.6531982421875,1264.3076171875,1283.0299072265625,12213862400.0,116777132032.0
2018-04-20,1278.0068359375,1293.333740234375,1244.8057861328125,1255.076171875,11414504448.0,106681860096.0
2018-04-23,1254.1007080078125,1272.712646484375,1221.5992431640625,1244.0589599609375,10390026240.0,97061437440.0
2018-04-24,1242.8193359375,1277.751220703125,1233.907470703125,1270.1029052734375,11083879424.0,102103826432.0
2018-04-25,1263.5361328125,1290.22412109375,1252.464111328125,1275.654052734375,10852850688.0,105670148096.0
2018-04-26,1273.47509765625,1288.301513671875,1242.70263671875,1251.386474609375,10824786944.0,102440968192.0
2018-04-27,1254.775146484375,1273.298828125,1232.6212158203125,1252.2508544921875,9156788224.0,87367122944.0
2018-05-02,1251.8199462890625,1270.7080078125,1225.358154296875,1244.47021484375,9257449472.0,84243587072.0
2018-05-03,1241.39404296875,1265.56640625,1219.0662841796875,1256.88427734375,9784425472.0,89969065984.0
2018-05-04,1253.001953125,1272.7003173828125,1238.9857177734375,1253.7393798828125,8605209600.0,81139187712.0
2018-05-07,1254.629638671875,1285.213623046875,1246.9447021484375,1275.6268310546875,9941744640.0,92215181312.0
2018-05-08,1275.9361572265625,1296.3729248046875,1263.8638916015625,1283.318603515625,10205885440.0,95491121152.0
2018-05-09,1281.28662109375,1299.294677734375,1267.0662841796875,1283.994140625,9708778496.0,90805977088.0
2018-05-10,1285.6339111328125,1306.2369384765625,1270.0155029296875,1290.8037109375,10950584320.0,100837089280.0
2018-05-11,1291.4871826171875,1305.5350341796875,1266.96240234375,1277.451171875,10498404352.0,98028945408.0
2018-05-14,1274.7769775390625,1292.368896484375,1253.3455810546875,1267.6370849609375,9523642368.0,89152790528.0
2018-05-15,1267.91162109375,1289.7772216796875,1254.2105712890625,1281.2470703125,9073115136.0,84281139200.0
2018-05-16,1277.023193359375,1294.2650146484375,1259.9931640625,1273.8486328125,9618936832.0,90879746048.0
2018-05-17,1272.64794921875,1288.9891357421875,1256.4710693359375,1269.5084228515625,8703507456.0,80162193408.0
2018-05-18,1268.42919921875,1287.550048828125,1253.808349609375,1276.576904296875,9221351424.0,81680875520.0
2018-05-21,1283.2412109375,1305.652587890625,1271.8626708984375,1291.8702392578125,11507521536.0,102009733120.0
2018-05-22,1291.310546875,1309.358154296875,1276.515380859375,1297.6258544921875,10766646272.0,98187722752.0
2018-05-23,1293.8118896484375,1310.308349609375,1273.1436767578125,1283.6514892578125,11056951296.0,100747567104.0
2018-05-24,1282.875,1299.6971435546875,1267.2781982421875,1279.71875,8974943232.0,81489428480.0
2018-05-25,1278.724853515625,1293.1806640625,1252.6077880859375,1264.7352294921875,10031994880.0,90378166272.0
2018-05-28,1261.7086181640625,1278.5794677734375,1234.9320068359375,1252.5118408203125,9413473280.0,87479484416.0
2018-05-29,1250.844970703125,1272.18310546875,1230.4134521484375,1243.5238037109375,9377057792.0,86579036160.0
2018-05-30,1226.126953125,1241.6741943359375,1183.1456298828125,1198.745361328125,10935124992.0,93165879296.0
2018-05-31,1206.7196044921875,1230.7076416015625,1191.276123046875,1216.162353515625,9304050688.0,83182534656.0
2018-06-01,1210.7008056640625,1230.8070068359375,1186.9014892578125,1204.6737060546875,9207443456.0,81134182400.0
2018-06-04,1206.449951171875,1222.0108642578125,1184.2532958984375,1199.6536865234375,7899984896.0,71260569600.0
2018-06-05,1199.29052734375,1225.025634765625,1190.2431640625,1218.26171875,8147372032.0,74310090752.0
2018-06-06,1217.203125,1233.141357421875,1202.9156494140625,1219.3135986328125,7734974976.0,71303036928.0
2018-06-07,1222.247314453125,1235.2625732421875,1199.9971923828125,1210.4725341796875,8108260864.0,71841701888.0
2018-06-08,1208.3826904296875,1219.771240234375,1177.89599609375,1196.0194091796875,8402582016.0,72563523584.0
2018-06-11,1192.0684814453125,1208.1204833984375,1171.3980712890625,1186.5748291015625,7299649536.0,65402949632.0
2018-06-12,1186.3211669921875,1204.655029296875,1167.7889404296875,1194.521484375,7440501760.0,66968354816.0
2018-06-13,1191.004150390625,1202.4718017578125,1163.6956787109375,1172.0328369140625,7730297856.0,66235637760.0
2018-06-14,1167.0863037109375,1187.3189697265625,1150.921875,1165.995849609375,7408291840.0,63218163712.0
2018-06-15,1164.72265625,1177.5150146484375,1121.165771484375,1138.9296875,9526162432.0,75342372864.0
2018-06-19,1119.1226806640625,1132.3697509765625,1041.96435546875,1056.933349609375,12095704064.0,88709857280.0
2018-06-20,1048.438720703125,1082.0059814453125,1031.5521240234375,1067.06396484375,9484128256.0,70948052992.0
2018-06-21,1064.4488525390625,1083.1839599609375,1028.114990234375,1038.33349609375,9882788864.0,72225267712.0
2018-06-22,1029.615966796875,1064.614013671875,1014.4661865234375,1054.9193115234375,8840511488.0,62016618496.0
2018-06-25,1062.6336669921875,1078.09521484375,1041.0577392578125,1050.5374755859375,8182736384.0,60681351168.0
2018-06-26,1034.985107421875,1072.03466796875,1021.3240356445312,1061.7003173828125,9123619840.0,66782015488.0
2018-06-27,1061.083984375,1077.9471435546875,1042.4981689453125,1054.734619140625,8826845184.0,64948510720.0
2018-06-28,1052.1805419921875,1071.148193359375,1032.5306396484375,1042.3441162109375,8257145344.0,59761635328.0
2018-06-29,1042.1444091796875,1081.2169189453125,1033.2880859375,1073.5159912109375,9760066560.0,73765928960.0
2018-07-02,1072.391845703125,1090.848388671875,1045.4078369140625,1061.1536865234375,10247157760.0,79919677440.0
2018-07-03,1060.541748046875,1086.3623046875,1041.750732421875,1076.908935546875,9971196928.0,82407964672.0
2018-07-04,1071.7901611328125,1084.69189453125,1044.8665771484375,1057.5010986328125,9124039680.0,72913240064.0
2018-07-05,1054.0401611328125,1069.88037109375,1020.4620361328125,1028.78076171875,9045837824.0,70113468416.0
2018-07-06,1027.752685546875,1055.65673828125,1001.3915405273438,1033.3531494140625,10131821568.0,78104100864.0
2018-07-09,1034.353271484375,1062.1058349609375,1026.8851318359375,1054.402587890625,9113480192.0,74185375744.0
2018-07-10,1054.192138671875,1072.4287109375,1041.84765625,1061.757568359375,8886292480.0,72434302976.0
2018-07-11,1046.233154296875,1056.7646484375,1010.7177124023438,1033.54736328125,9787663360.0,77936230400.0
2018-07-12,1031.4561767578125,1072.0736083984375,1026.9078369140625,1061.479248046875,11056417792.0,89785491456.0
2018-07-13,1061.279296875,1080.168701171875,1047.9659423828125,1063.681640625,9791864832.0,81420230656.0
2018-07-16,1061.908203125,1078.7884521484375,1046.149169921875,1064.1611328125,8630421504.0,71867842560.0
2018-07-17,1062.6005859375,1078.4027099609375,1046.264404296875,1068.059814453125,8723138560.0,70953418752.0
2018-07-18,1068.2330322265625,1087.8966064453125,1053.637451171875,1063.609619140625,9723436032.0,79652454400.0
2018-07-19,1061.0648193359375,1074.1156005859375,1038.2882080078125,1049.886474609375,8651920384.0,69924110336.0
2018-07-20,1047.74951171875,1071.9310302734375,1034.193359375,1061.9803466796875,8919953408.0,71771480064.0
2018-07-23,1057.53759765625,1083.0970458984375,1044.678466796875,1071.6949462890625,11023881216.0,89703186432.0
2018-07-24,1071.7330322265625,1103.1497802734375,1062.2403564453125,1091.2154541015625,14081591296.0,103996145664.0
2018-07-25,1091.3955078125,1112.814453125,1078.1015625,1094.2891845703125,12760949760.0,99100835840.0
2018-07-26,1093.73046875,1115.6033935546875,1076.9169921875,1094.62548828125,13167265792.0,95196545024.0
2018-07-27,1092.6473388671875,1109.7015380859375,1073.6036376953125,1086.350830078125,11752915968.0,81733943296.0
2018-07-30,1083.3546142578125,1098.66796875,1055.5977783203125,1069.757568359375,10842574848.0,79376318464.0
2018-07-31,1067.273193359375,1085.384521484375,1053.3941650390625,1070.3951416015625,8364330496.0,62635687936.0
2018-08-01,1072.588623046875,1088.3076171875,1046.3568115234375,1053.5111083984375,9895073792.0,73307029504.0
2018-08-02,1048.1693115234375,1059.03125,993.9879150390625,1025.1419677734375,12048472064.0,86621495296.0
2018-08-03,1022.5767822265625,1040.1986083984375,1002.547607421875,1013.5781860351562,9297881088.0,67724824576.0
2018-08-06,1009.5763549804688,1024.717529296875,978.8525390625,993.1475219726562,9345339392.0,66166030336.0
2018-08-07,994.634765625,1024.8988037109375,981.4471435546875,1019.3661499023438,10143693824.0,71120257024.0
2018-08-08,1016.7289428710938,1033.3690185546875,993.6221923828125,1003.347412109375,10678746112.0,74883907584.0
2018-08-09,998.365966796875,1036.8126220703125,989.7001953125,1025.055419921875,11352493056.0,81366327296.0
2018-08-10,1023.281005859375,1043.333740234375,1013.69921875,1031.686767578125,9106614272.0,66759753728.0
2018-08-13,1018.9364013671875,1043.184814453125,1005.3478393554688,1036.274658203125,9308580864.0,69365555200.0
2018-08-14,1034.3070068359375,1050.291748046875,1021.987548828125,1035.012939453125,9100339200.0,65524314112.0
2018-08-15,1034.2822265625,1044.8966064453125,1007.2234497070312,1014.8236694335938,9004077056.0,64869449728.0
2018-08-16,1001.7750854492188,1023.5147094726562,984.8094482421875,1002.9293212890625,8387461120.0,59925463040.0
2018-08-17,1010.14599609375,1021.3294677734375,976.6632080078125,984.65087890625,8615952384.0,62608572416.0
2018-08-20,982.478271484375,1000.0364990234375,960.562744140625,989.3563232421875,8122282496.0,58724466688.0
2018-08-21,988.6951904296875,1010.3336791992188,978.88818359375,1000.1678466796875,8213621760.0,61982375936.0
2018-08-22,997.8907470703125,1008.9089965820312,979.278076171875,987.85986328125,7577349120.0,54877233152.0
2018-08-23,986.280029296875,1004.2250366210938,977.2183837890625,993.1806640625,7543515136.0,55509966848.0
2018-08-24,991.0855712890625,1004.245849609375,978.3214721679688,989.4677734375,7157778432.0,51240120320.0
2018-08-27,990.4871215820312,1017.4406127929688,985.2007446289062,1010.2973022460938,9214881792.0,68228194304.0
2018-08-28,1010.2332153320312,1025.034912109375,999.3137817382812,1011.7239990234375,8838491136.0,64235741184.0
2018-08-29,1010.7076416015625,1021.9518432617188,995.6515502929688,1006.7142333984375,7629837312.0,54824239104.0
2018-08-30,1004.8392333984375,1014.9764404296875,982.6930541992188,988.9984741210938,7894299648.0,55777574912.0
2018-08-31,985.6873168945312,997.8924560546875,967.9519653320312,977.9243774414062,6869844992.0,47980879872.0
2018-09-03,976.2113647460938,988.467529296875,953.1104736328125,976.8766479492188,7321748480.0,51330342912.0
2018-09-04,975.8513793945312,997.951904296875,967.2553100585938,989.6664428710938,8248049664.0,59277316096.0
2018-09-05,987.1502075195312,1000.3320922851562,969.48193359375,975.4401245117188,8594456576.0,59381383168.0
2018-09-06,972.34033203125,991.085693359375,960.4230346679688,972.532470703125,7643834368.0,55142637568.0
2018-09-07,973.6070556640625,993.8419799804688,961.0541381835938,975.4820556640625,8602800128.0,62130610176.0
2018-09-10,974.34521484375,983.7899169921875,948.408935546875,955.8966674804688,8044872192.0,55162474496.0
2018-09-11,954.4881591796875,970.5130615234375,940.6234130859375,957.6109619140625,7225028096.0,48253685760.0
2018-09-12,957.1610717773438,972.6905517578125,946.0853271484375,958.4373168945312,6718709248.0,47397896192.0
2018-09-13,965.6124877929688,978.1045532226562,949.2050170898438,966.9118041992188,7717983232.0,54934175744.0
2018-09-14,967.2216186523438,979.079833984375,949.550048828125,957.3226928710938,7765703168.0,54855270400.0
2018-09-17,952.8236083984375,962.9078369140625,929.38232421875,941.4962768554688,6934440960.0,46478778368.0
2018-09-18,938.18994140625,964.70751953125,929.6405029296875,958.859130859375,8351792128.0,55060766720.0
2018-09-19,956.6961059570312,981.5341186523438,948.8809204101562,969.0819091796875,10136494080.0,69159706624.0
2018-09-20,967.7841796875,982.2898559570312,956.6009521484375,966.2786865234375,8931773440.0,57064620032.0
2018-09-21,967.6929931640625,985.7035522460938,957.408447265625,977.513916015625,9953391616.0,64820658176.0
2018-09-25,971.689697265625,986.1700439453125,961.9470825195312,974.34716796875,7613211648.0,50502103040.0
2018-09-26,974.6260375976562,989.6723022460938,965.8541870117188,977.5596923828125,9169713152.0,61325492224.0
2018-09-27,976.779052734375,986.8173828125,954.4154663085938,960.6901245117188,9932481536.0,64293847040.0
2018-09-28,961.2950439453125,976.53564453125,952.7298583984375,968.8042602539062,7983927808.0,52967809024.0
2018-10-08,953.5263061523438,964.3062133789062,927.7642211914062,935.5374755859375,8347524608.0,54106349568.0
2018-10-09,937.845947265625,952.1651611328125,924.3143920898438,937.4156494140625,7252603904.0,47123963904.0
2018-10-10,938.6173706054688,951.449951171875,924.1932983398438,938.0806884765625,7487342080.0,48610881536.0
2018-10-11,908.45263671875,920.2333374023438,855.377685546875,864.91650390625,12466315264.0,74347642880.0
2018-10-12,855.9505615234375,874.7520751953125,813.3737182617188,854.7550048828125,11353335808.0,64658292736.0
2018-10-15,856.9873046875,871.9496459960938,834.9410400390625,842.9893188476562,7892366336.0,48052707328.0
2018-10-16,843.2879028320312,857.4693603515625,813.9906616210938,825.7830200195312,7884950016.0,47186681856.0
2018-10-17,836.5001831054688,849.0336303710938,809.4304809570312,833.7402954101562,8287944704.0,51307601920.0
2018-10-18,827.85595703125,835.1846313476562,797.3277587890625,806.1685791015625,8210862080.0,46922878976.0
2018-10-19,792.6364135742188,830.3147583007812,780.4769287109375,823.5738525390625,8925798400.0,52467073024.0
2018-10-22,831.1561889648438,877.2918701171875,826.0504760742188,864.0929565429688,12918738944.0,78733934592.0
2018-10-23,863.4002685546875,877.6468505859375,841.1812744140625,851.4259033203125,10675297280.0,64972906496.0
2018-10-24,847.6475219726562,868.0208129882812,838.046142578125,852.8602905273438,8608380928.0,51683901440.0
2018-10-25,826.990234375,854.2820434570312,814.6246337890625,847.0762329101562,9340926976.0,54095953920.0
2018-10-26,852.8757934570312,871.0332641601562,840.2135009765625,851.4811401367188,9530064896.0,54886649856.0
2018-10-29,848.1044311523438,860.3021850585938,828.9852905273438,839.9525146484375,7704049152.0,45334102016.0
2018-10-30,837.6387329101562,858.7160034179688,821.5880737304688,848.3912963867188,8850436096.0,52401143808.0
2018-10-31,849.8773193359375,872.15869140625,843.4503173828125,860.7696533203125,9963841536.0,58588631040.0
2018-11-01,866.1746215820312,886.7218017578125,857.183837890625,866.5010375976562,11714596864.0,72544518144.0
2018-11-02,877.4109497070312,898.0277709960938,869.1710815429688,891.2786865234375,13350602752.0,84500668416.0
2018-11-05,890.7613525390625,913.5924072265625,878.1705322265625,900.3211669921875,13891782656.0,85599068160.0
2018-11-06,897.5730590820312,911.9507446289062,880.2052001953125,901.3799438476562,11653649408.0,70263865344.0
2018-11-07,901.8296508789062,920.2359619140625,889.8347778320312,899.49365234375,12847524864.0,78131109888.0
2018-11-08,904.3755493164062,917.8182983398438,888.1646118164062,896.89501953125,11427101696.0,67042410496.0
2018-11-09,893.4273071289062,911.4105834960938,883.6842041015625,895.7642211914062,9874184192.0,57847422976.0
2018-11-12,895.6323852539062,929.26611328125,888.4930419921875,923.52490234375,13367740416.0,79058919424.0
2018-11-13,914.2265014648438,957.4945678710938,908.1433715820312,943.9991455078125,19304132608.0,110675591168.0
2018-11-14,943.5357055664062,967.353759765625,930.4588012695312,945.5584106445312,17625540608.0,102248857600.0
2018-11-15,945.3978271484375,970.92578125,936.665771484375,963.2235717773438,15745591296.0,98251300864.0
2018-11-16,965.136474609375,990.1802978515625,953.2786254882812,974.8828125,17734080512.0,112892559360.0
2018-11-19,974.9244384765625,994.7393188476562,955.8084716796875,979.5199584960938,16705028096.0,104590704640.0
2018-11-20,970.7463989257812,989.6221313476562,944.1246337890625,953.4086303710938,16431910912.0,107041128448.0
2018-11-21,941.4406127929688,970.9362182617188,930.2438354492188,961.6159057617188,13902159872.0,88895586304.0
2018-11-22,964.164794921875,981.5629272460938,949.57373046875,963.5863037109375,12943556608.0,82918031360.0
2018-11-23,961.5641479492188,970.22412109375,909.5050659179688,919.67822265625,14982245376.0,90616619008.0
2018-11-26,917.413818359375,938.3482666015625,902.977783203125,919.0459594726562,10389181440.0,65014628352.0
2018-11-27,925.2781982421875,941.86181640625,911.2208251953125,926.9783325195312,10440084480.0,65150615552.0
2018-11-28,926.5910034179688,947.7783813476562,906.77783203125,938.6213989257812,12193155072.0,75637440512.0
2018-11-29,942.0676879882812,955.696533203125,909.7188720703125,915.444580078125,12544315392.0,78275846144.0
2018-11-30,912.2777709960938,931.356201171875,892.9779663085938,921.3531494140625,10861167616.0,66551730176.0
2018-12-03,944.0594482421875,965.8988037109375,931.9957275390625,952.5001831054688,14759966720.0,96215891968.0
2018-12-04,950.8783569335938,971.387451171875,941.089599609375,962.1197509765625,13381103616.0,85892800512.0
2018-12-05,942.3568115234375,968.9872436523438,933.16455078125,955.2460327148438,13151795200.0,84482342912.0
2018-12-06,951.4340209960938,964.9472045898438,929.6404418945312,938.6701049804688,12193495040.0,79753773056.0
2018-12-07,940.1060791015625,955.907470703125,926.3338012695312,939.5861206054688,9909284864.0,64388202496.0
2018-12-10,932.5266723632812,946.5647583007812,915.2501831054688,927.6168212890625,9178721280.0,58691325952.0
2018-12-11,930.6792602539062,946.085205078125,920.7169189453125,936.7354125976562,8860756992.0,56654479360.0
2018-12-12,939.2926025390625,951.4853515625,926.3965454101562,936.5082397460938,9062889472.0,57094406144.0
2018-12-13,938.3367919921875,956.3184814453125,926.29736328125,944.9818725585938,10844631040.0,68705144832.0
2018-12-14,943.2147216796875,952.6621704101562,913.406005859375,919.7936401367188,11161136128.0,70442360832.0
2018-12-17,915.9117431640625,931.5270385742188,898.8399658203125,919.5059204101562,8999586816.0,58222993408.0
2018-12-18,913.97412109375,928.0700073242188,897.5526733398438,912.8492431640625,8549073920.0,54653480960.0
2018-12-19,913.692138671875,923.2364501953125,893.8137817382812,901.5283203125,8162828800.0,52330020864.0
2018-12-20,899.3829956054688,916.5111083984375,889.7760009765625,906.4453735351562,8393277440.0,53122195456.0
2018-12-21,903.0474853515625,914.673583984375,887.2286987304688,900.1475219726562,8307853824.0,52395802624.0
2018-12-24,898.8453369140625,915.8162231445312,889.4961547851562,907.401611328125,7672611840.0,49518788608.0
2018-12-25,897.573486328125,909.2538452148438,866.0437622070312,896.4127807617188,10921767936.0,67015901184.0
2018-12-26,895.13818359375,909.934814453125,882.58154296875,893.2244873046875,8961931264.0,58215989248.0
2018-12-27,905.3013305664062,913.6002197265625,872.748779296875,878.2747192382812,9492529152.0,60666757120.0
2018-12-28,879.23388671875,894.0895385742188,865.259765625,878.794677734375,8361640960.0,54249955328.0
2019-01-02,880.6822509765625,893.2299194335938,864.530029296875,876.1924438476562,7566893056.0,51171590144.0
2019-01-03,875.56201171875,892.2825927734375,859.3859252929688,871.1510009765625,9137297408.0,59963719680.0
2019-01-04,862.5989379882812,901.6439819335938,853.6251831054688,895.1957397460938,11734034432.0,74604290048.0
2019-01-07,900.5642700195312,923.9247436523438,891.8270263671875,915.1407470703125,12971106304.0,84142071808.0
2019-01-08,913.7822875976562,928.9412841796875,900.3862915039062,913.4406127929688,12006564864.0,77211975680.0
2019-01-09,914.2935791015625,936.0753784179688,905.0331420898438,915.3076171875,13835210752.0,90323075072.0
2019-01-10,914.932861328125,931.111328125,903.22509765625,913.7606201171875,11945758720.0,76631474176.0
2019-01-11,914.2731323242188,933.1052856445312,904.2866821289062,922.9502563476562,11811391488.0,75818246144.0
2019-01-14,923.1143188476562,936.5924072265625,906.2879638671875,917.5741577148438,11474935808.0,71993614336.0
2019-01-15,915.2174072265625,934.4906005859375,905.3460693359375,927.6791381835938,11460426752.0,73876176896.0
2019-01-16,927.5261840820312,943.763916015625,915.3367919921875,926.3980102539062,11535895552.0,77549371392.0
2019-01-17,925.3143310546875,937.5951538085938,907.7484741210938,917.40087890625,11647707136.0,74696622080.0
2019-01-18,917.4877319335938,934.6243286132812,905.0719604492188,922.8247680664062,12322422784.0,76103647232.0
2019-01-21,923.5169677734375,941.2398681640625,914.1820678710938,928.7343139648438,11366121472.0,73221890048.0
2019-01-22,927.9784545898438,938.5376586914062,909.435546875,918.5955810546875,10931367936.0,69420769280.0
2019-01-23,915.744140625,930.49560546875,905.1958618164062,920.199951171875,9635841024.0,61499273216.0
2019-01-24,920.749755859375,937.9344482421875,909.2799072265625,925.0401611328125,11268345856.0,75010564096.0
2019-01-25,924.7576293945312,938.551513671875,908.3973999023438,917.5469970703125,11361498112.0,74904772608.0
2019-01-28,921.5591430664062,934.3095092773438,900.2769775390625,908.71630859375,10341664768.0,68147085312.0
2019-01-29,905.7293701171875,915.379638671875,867.4683227539062,890.2886962890625,11043168256.0,68249300992.0
2019-01-30,883.8348999023438,899.3114013671875,867.3938598632812,875.892822265625,8517727744.0,53022810112.0
2019-01-31,871.03515625,886.7224731445312,847.0120239257812,859.1514892578125,10675867648.0,63203516416.0
2019-02-01,862.1485595703125,889.9434204101562,856.712646484375,884.5661010742188,8956284928.0,55541874688.0
2019-02-11,887.6305541992188,914.7860717773438,881.7025146484375,910.1683959960938,10743103488.0,70215614464.0
2019-02-12,910.5645141601562,934.0153198242188,903.0761108398438,923.8834838867188,12949787648.0,82629738496.0
2019-02-13,924.6133422851562,950.027099609375,916.3946533203125,940.900634765625,15682378752.0,104015364096.0
2019-02-14,940.7349853515625,958.6732788085938,929.78955078125,945.9288330078125,14026118144.0,94815092736.0
2019-02-15,944.5205078125,963.8709716796875,933.8633422851562,945.5638427734375,14203727872.0,95045910528.0
2019-02-18,951.5952758789062,984.6639404296875,945.6422119140625,978.9756469726562,18810468352.0,126605606912.0
2019-02-19,983.3333129882812,1005.0498657226562,963.2505493164062,984.580078125,21726490624.0,144738828288.0
2019-02-20,983.640380859375,1001.4854125976562,965.31591796875,986.1428833007812,18543710208.0,120994906112.0
2019-02-21,984.27880859375,1009.5537109375,969.0392456054688,981.9376220703125,21564661760.0,146912935936.0
2019-02-22,979.433837890625,1010.0380859375,969.599609375,1003.9692993164062,20146565120.0,139177099264.0
2019-02-25,1016.8070678710938,1065.61962890625,1005.7988891601562,1055.748291015625,31945730048.0,221186473984.0
2019-02-26,1057.80322265625,1093.8109130859375,1032.2315673828125,1056.3717041015625,34171559936.0,237811040256.0
2019-02-27,1053.9154052734375,1086.3199462890625,1032.77587890625,1055.110107421875,28155580416.0,199380860928.0
2019-02-28,1054.6612548828125,1082.10595703125,1039.2469482421875,1060.521484375,22582472704.0,157172170752.0
2019-03-01,1063.1182861328125,1081.6448974609375,1040.193359375,1066.115478515625,20246102016.0,144135520256.0
2019-03-04,1075.30615234375,1113.5838623046875,1064.0897216796875,1087.4644775390625,30992695296.0,229683232768.0
2019-03-05,1085.2066650390625,1129.3565673828125,1074.2423095703125,1121.5152587890625,30142586880.0,224048218112.0
2019-03-06,1128.541748046875,1163.394287109375,1105.6331787109375,1147.0716552734375,36301230080.0,268739018752.0
2019-03-07,1146.0870361328125,1192.37158203125,1126.7353515625,1168.4716796875,37154250752.0,281468141568.0
2019-03-08,1141.765380859375,1184.368896484375,1098.1507568359375,1116.2962646484375,37004447744.0,284791308288.0
2019-03-11,1125.1683349609375,1176.2677001953125,1109.4971923828125,1166.446533203125,29803515904.0,238269726720.0
2019-03-12,1176.4527587890625,1216.4610595703125,1155.2666015625,1191.44384765625,35904737280.0,288601997312.0
2019-03-13,1193.22119140625,1220.216552734375,1147.191650390625,1167.23974609375,33001201664.0,270134247424.0
2019-03-14,1157.1263427734375,1181.28271484375,1106.2403564453125,1132.4971923828125,26425600000.0,203658641408.0
2019-03-15,1139.2984619140625,1172.8660888671875,1122.766845703125,1150.934326171875,22912514048.0,181639593984.0
2019-03-18,1155.6624755859375,1189.493408203125,1134.66748046875,1178.6136474609375,24398790656.0,194835234816.0
2019-03-19,1179.382568359375,1207.207275390625,1158.8721923828125,1183.4102783203125,23806253056.0,194823307264.0
2019-03-20,1182.2431640625,1203.223388671875,1148.7213134765625,1181.96337890625,24540893184.0,193413382144.0
2019-03-21,1182.646484375,1216.2611083984375,1169.6597900390625,1195.0804443359375,27944140800.0,221912219648.0
2019-03-22,1193.635009765625,1217.88818359375,1166.2364501953125,1200.5123291015625,25134772224.0,203033346048.0
2019-03-25,1180.35986328125,1221.1287841796875,1164.4683837890625,1190.0120849609375,25084084224.0,206303969280.0
2019-03-26,1194.2889404296875,1212.9259033203125,1143.999755859375,1156.0670166015625,23821291520.0,192900268032.0
2019-03-27,1163.062744140625,1184.8013916015625,1129.082763671875,1163.5360107421875,20024705024.0,162690154496.0
2019-03-28,1158.1939697265625,1185.9049072265625,1133.3056640625,1147.5653076171875,19718815744.0,160350781440.0
2019-03-29,1147.1898193359375,1187.34228515625,1126.67822265625,1179.078369140625,22121752576.0,180058259456.0
2019-04-01,1188.8575439453125,1236.533447265625,1180.4251708984375,1223.8533935546875,28138825728.0,234851794944.0
2019-04-02,1231.7447509765625,1260.9678955078125,1209.8946533203125,1231.8895263671875,29800960000.0,257249099776.0
2019-04-03,1225.7799072265625,1259.7239990234375,1209.4954833984375,1245.65576171875,26806792192.0,224565559296.0
2019-04-04,1250.5997314453125,1276.2315673828125,1225.9625244140625,1249.629150390625,27819747328.0,236689375232.0
2019-04-08,1257.3751220703125,1282.5723876953125,1214.1182861328125,1244.07080078125,29971128320.0,251492483072.0
2019-04-09,1241.2169189453125,1270.18115234375,1217.9752197265625,1249.6683349609375,23933894656.0,202088644608.0
2019-04-10,1241.445556640625,1272.6455078125,1217.809814453125,1248.7781982421875,26107635712.0,212910309376.0
2019-04-11,1248.0631103515625,1271.210693359375,1212.807373046875,1226.16943359375,24625762304.0,199234191360.0
2019-04-12,1223.9703369140625,1248.5157470703125,1200.2191162109375,1224.4508056640625,20001939456.0,162809724928.0
2019-04-15,1238.6790771484375,1263.1978759765625,1205.0108642578125,1214.8092041015625,21962387456.0,185536348160.0
2019-04-16,1208.388671875,1247.1343994140625,1184.6759033203125,1240.061767578125,22531502080.0,188469346304.0
2019-04-17,1240.1912841796875,1272.1522216796875,1225.442138671875,1251.5709228515625,25301510144.0,211305447424.0
2019-04-18,1250.9925537109375,1275.3502197265625,1227.5589599609375,1245.7733154296875,23978385408.0,197321506816.0
2019-04-19,1244.773681640625,1271.36767578125,1222.88916015625,1256.8896484375,23389435904.0,188108488704.0
2019-04-22,1259.325927734375,1280.931396484375,1226.8582763671875,1242.44140625,24190740480.0,200119566336.0
2019-04-23,1238.9371337890625,1257.7637939453125,1200.6964111328125,1217.986083984375,23840665600.0,194864971776.0
2019-04-24,1219.1029052734375,1245.590576171875,1195.79296875,1231.978515625,20519886848.0,168277852160.0
2019-04-25,1227.59619140625,1244.807373046875,1171.0028076171875,1179.318359375,23948607488.0,194913304576.0
2019-04-26,1171.9521484375,1199.0924072265625,1146.1505126953125,1165.8385009765625,19450961920.0,156953362432.0
2019-04-29,1164.8558349609375,1182.50390625,1106.144775390625,1122.043212890625,20450656256.0,159161384960.0
2019-04-30,1117.0067138671875,1152.96337890625,1104.11572265625,1134.4647216796875,15359131648.0,121499697152.0
2019-05-06,1096.43798828125,1114.850341796875,1034.8316650390625,1047.9373779296875,19254118400.0,142768078848.0
2019-05-07,1052.637939453125,1080.8824462890625,1030.2181396484375,1061.6197509765625,16538117120.0,122706354176.0
2019-05-08,1039.56201171875,1085.447021484375,1023.506591796875,1059.8109130859375,16580487168.0,122170343424.0
2019-05-09,1050.2808837890625,1076.0118408203125,1035.3536376953125,1050.033203125,13769645056.0,101339373568.0
2019-05-10,1060.193603515625,1096.3720703125,1033.719482421875,1088.4090576171875,19716689920.0,147577176064.0
2019-05-13,1076.6256103515625,1101.7012939453125,1060.61083984375,1081.5325927734375,15335288832.0,116514308096.0
2019-05-14,1066.38623046875,1095.2169189453125,1055.0960693359375,1072.89599609375,14777100288.0,111777611776.0
2019-05-15,1081.5555419921875,1105.8619384765625,1071.5958251953125,1096.1343994140625,16513101824.0,125459210240.0
2019-05-16,1096.46044921875,1122.4178466796875,1082.6148681640625,1105.4559326171875,18598649856.0,140114149376.0
2019-05-17,1105.7310791015625,1119.7666015625,1052.8642578125,1065.1014404296875,19689316352.0,146944131072.0
2019-05-20,1063.8511962890625,1082.250732421875,1027.34765625,1062.0631103515625,15179495424.0,116034658304.0
2019-05-21,1060.57373046875,1094.9661865234375,1049.6280517578125,1082.507080078125,15992629248.0,123312611328.0
2019-05-22,1082.62548828125,1100.6834716796875,1059.256103515625,1076.5321044921875,15813613568.0,125880557568.0
2019-05-23,1073.9114990234375,1086.960693359375,1040.24267578125,1051.8551025390625,16028522496.0,126772576256.0
2019-05-24,1044.6527099609375,1065.79541015625,1026.671630859375,1040.3671875,13292325888.0,100109672448.0
2019-05-27,1041.1162109375,1077.2164306640625,1028.6708984375,1070.233154296875,14534602752.0,112353935360.0
2019-05-28,1069.93359375,1092.5731201171875,1057.2056884765625,1069.9986572265625,15712084992.0,123386257408.0
2019-05-29,1066.9127197265625,1090.1561279296875,1057.2452392578125,1074.5699462890625,13706595328.0,107908808704.0
2019-05-30,1070.7838134765625,1084.47705078125,1045.8360595703125,1067.91552734375,14875708416.0,116872445952.0
2019-05-31,1067.3236083984375,1088.24853515625,1053.65869140625,1067.354736328125,14272161792.0,108844785664.0
2019-06-03,1068.245361328125,1083.5047607421875,1036.0078125,1050.212646484375,15564816384.0,120180129792.0
2019-06-04,1048.3984375,1061.5203857421875,1018.62060546875,1032.18896484375,13255055360.0,103214145536.0
2019-06-05,1041.39111328125,1055.760009765625,1020.2415771484375,1032.3729248046875,12134180864.0,93763502080.0
2019-06-06,1030.728759765625,1041.1982421875,993.9175415039062,1006.0388793945312,12537839616.0,91560837120.0
2019-06-10,1008.3152465820312,1031.6580810546875,994.194580078125,1019.1041259765625,10993745920.0,81439997952.0
2019-06-11,1019.9139404296875,1064.0638427734375,1010.6860961914062,1056.6424560546875,17322547200.0,128856735744.0
2019-06-12,1054.30908203125,1074.3990478515625,1039.48828125,1052.0477294921875,16586909696.0,126728126464.0
2019-06-13,1051.191650390625,1074.1683349609375,1038.4288330078125,1061.185546875,14919287808.0,111687155712.0
2019-06-14,1062.5208740234375,1075.7557373046875,1029.3004150390625,1037.1883544921875,14641657856.0,107780218880.0
2019-06-17,1036.3564453125,1053.367919921875,1019.5174560546875,1036.119384765625,10504484864.0,78340636672.0
2019-06-18,1036.2611083984375,1052.0208740234375,1020.4434814453125,1036.063232421875,10092503040.0,76804849664.0
2019-06-19,1056.976806640625,1074.655517578125,1041.1488037109375,1050.9456787109375,14317364224.0,110590132224.0
2019-06-20,1050.35107421875,1078.1787109375,1036.178466796875,1067.4693603515625,16195090432.0,123270324224.0
2019-06-21,1076.1846923828125,1102.0950927734375,1066.71923828125,1087.281005859375,18440210432.0,142433386496.0
2019-06-24,1088.77001953125,1104.563232421875,1070.0989990234375,1086.2039794921875,14404098048.0,113173577728.0
2019-06-25,1084.881103515625,1095.84228515625,1055.70751953125,1075.5970458984375,14896373760.0,115758112768.0
2019-06-26,1070.1962890625,1092.6864013671875,1058.56982421875,1076.375,12268632064.0,97324417024.0
2019-06-27,1078.25,1099.595947265625,1068.116455078125,1083.88916015625,13904553984.0,113135124480.0
2019-06-28,1082.9461669921875,1094.2740478515625,1053.69873046875,1069.3568115234375,13347918848.0,103696646144.0
2019-07-01,1088.7215576171875,1111.2178955078125,1077.0423583984375,1101.52001953125,16923470848.0,139046125568.0
2019-07-02,1102.1278076171875,1119.89404296875,1086.6126708984375,1101.970458984375,15073325056.0,126589288448.0
2019-07-03,1098.3818359375,1112.15966796875,1077.2552490234375,1091.192626953125,13685323776.0,112247586816.0
2019-07-04,1092.60009765625,1108.5238037109375,1074.441650390625,1087.3043212890625,12804818944.0,104799731712.0
2019-07-05,1087.1763916015625,1103.1033935546875,1074.1275634765625,1091.1285400390625,10906313728.0,91252457472.0
2019-07-08,1087.9127197265625,1094.7083740234375,1040.9276123046875,1053.478759765625,13897588736.0,110352007168.0
2019-07-09,1052.460693359375,1069.9927978515625,1036.9609375,1057.2115478515625,10271385600.0,85680914432.0
2019-07-10,1058.5146484375,1071.6947021484375,1038.7037353515625,1049.357421875,9800299520.0,80476356608.0
2019-07-11,1053.4708251953125,1069.5679931640625,1036.360107421875,1048.59521484375,10040534016.0,81521541120.0
2019-07-12,1049.4840087890625,1064.640380859375,1035.1668701171875,1051.883544921875,9696994304.0,77845987328.0
2019-07-15,1048.5059814453125,1071.7720947265625,1026.9866943359375,1061.60595703125,11755750400.0,96427016192.0
2019-07-16,1060.0189208984375,1077.972900390625,1049.7481689453125,1065.2271728515625,10052231168.0,83811876864.0
2019-07-17,1064.6204833984375,1081.3343505859375,1053.2823486328125,1065.9351806640625,11244793856.0,91936571392.0
2019-07-18,1061.0079345703125,1070.65673828125,1038.6689453125,1046.4244384765625,10906060800.0,87163904000.0
2019-07-19,1048.524169921875,1068.339111328125,1040.67724609375,1051.6739501953125,9954404352.0,80605052928.0
2019-07-22,1052.130126953125,1060.3543701171875,1008.2021484375,1020.7142944335938,11136643072.0,85364473856.0
2019-07-23,1020.9896240234375,1040.970458984375,1012.6229248046875,1033.3270263671875,8453843968.0,66786574336.0
2019-07-24,1035.409912109375,1058.7869873046875,1029.47021484375,1045.945068359375,10407742464.0,83093602304.0
2019-07-25,1045.6788330078125,1060.12548828125,1034.220458984375,1048.661865234375,9741067264.0,80872570880.0
2019-07-26,1046.7735595703125,1060.5103759765625,1035.354248046875,1049.7100830078125,8892171264.0,73887891456.0
2019-07-29,1049.7376708984375,1063.064453125,1036.81591796875,1049.8409423828125,8722552832.0,72910012416.0
2019-07-30,1049.5601806640625,1068.1358642578125,1042.20068359375,1054.7681884765625,9577805824.0,80201220096.0
2019-07-31,1052.895751953125,1063.159912109375,1036.7486572265625,1047.266357421875,9377869824.0,76220350464.0
2019-08-01,1041.60595703125,1056.0460205078125,1028.58837890625,1042.0745849609375,9187407872.0,74633281536.0
2019-08-02,1022.1879272460938,1038.010986328125,1004.6925048828125,1024.45751953125,11508551680.0,90404216832.0
2019-08-05,1021.3998413085938,1038.756591796875,1004.0780639648438,1012.669677734375,10328612864.0,84344643584.0
2019-08-06,993.9335327148438,1006.9508666992188,950.8243408203125,983.1106567382812,14295564288.0,106405986304.0
2019-08-07,988.7308959960938,1003.6438598632812,970.4771728515625,980.2999877929688,10181538816.0,80820453376.0
2019-08-08,983.433349609375,1000.7636108398438,973.2421875,986.6138916015625,9469584384.0,77490921472.0
2019-08-09,991.8148803710938,1004.0751342773438,966.0862426757812,975.5667724609375,10171054080.0,82880626688.0
2019-08-12,976.2777099609375,997.150146484375,964.8550415039062,991.755615234375,8969523200.0,72932270080.0
2019-08-13,984.5225830078125,999.38037109375,971.7300415039062,986.37548828125,8965737472.0,75548262400.0
2019-08-14,997.0907592773438,1011.2883911132812,982.9910888671875,992.6720581054688,10234499072.0,87741857792.0
2019-08-15,969.3181762695312,1003.434326171875,958.349853515625,996.8391723632812,10813241344.0,89496567808.0
2019-08-16,995.796875,1017.1885375976562,987.2646484375,1001.4872436523438,10946322432.0,95365365760.0
2019-08-19,1009.7781372070312,1039.96435546875,1001.6349487304688,1033.5728759765625,14810761216.0,124495069184.0
2019-08-20,1035.8721923828125,1056.205078125,1023.8263549804688,1037.116455078125,14903811072.0,125167517696.0
2019-08-21,1035.89990234375,1054.5247802734375,1023.6848754882812,1039.10888671875,12911607808.0,110244839424.0
2019-08-22,1042.1983642578125,1058.32861328125,1027.7431640625,1045.0362548828125,12770013184.0,108846751744.0
2019-08-23,1045.93896484375,1061.60400390625,1028.3079833984375,1042.34375,13435133952.0,113100759040.0
2019-08-26,1020.6412963867188,1049.7197265625,1010.6237182617188,1035.558837890625,13640732672.0,109519347712.0
2019-08-27,1041.096435546875,1069.8935546875,1033.4312744140625,1057.0875244140625,16435473408.0,131492478976.0
2019-08-28,1056.659423828125,1075.2486572265625,1040.9588623046875,1056.6842041015625,15592429568.0,126664507392.0
2019-08-29,1058.2232666015625,1075.61474609375,1043.4544677734375,1057.228271484375,14488930304.0,119190175744.0
2019-08-30,1061.3831787109375,1077.0439453125,1028.49658203125,1039.982666015625,16381081600.0,139678892032.0
2019-09-02,1040.602294921875,1075.057373046875,1031.6917724609375,1066.87646484375,15768407040.0,134021226496.0
2019-09-03,1068.3470458984375,1086.8001708984375,1055.1260986328125,1074.0120849609375,16069206016.0,140780142592.0
2019-09-04,1071.7471923828125,1093.5447998046875,1059.8828125,1082.7373046875,17079120896.0,145063870464.0
2019-09-05,1088.3399658203125,1115.1256103515625,1078.0611572265625,1092.9686279296875,21613064192.0,186631553024.0
2019-09-06,1096.050537109375,1114.0277099609375,1080.580078125,1097.9774169921875,16994305024.0,153027100672.0
2019-09-09,1107.3848876953125,1131.4395751953125,1094.3046875,1123.5631103515625,19502608384.0,177704943616.0
2019-09-10,1125.0338134765625,1145.6072998046875,1106.255126953125,1127.55517578125,19583823872.0,182214033408.0
2019-09-11,1130.5640869140625,1146.733642578125,1109.4412841796875,1119.5489501953125,17607028736.0,157993959424.0
2019-09-12,1121.935791015625,1138.9981689453125,1108.216796875,1126.30322265625,14660497408.0,128460070912.0
2019-09-16,1130.40625,1150.60009765625,1116.23779296875,1132.2884521484375,16799772672.0,148105232384.0
2019-09-17,1129.935302734375,1139.77734375,1093.0059814453125,1105.1607666015625,17224585216.0,147443662848.0
2019-09-18,1107.0360107421875,1122.8253173828125,1090.8701171875,1104.6468505859375,12863997952.0,116907098112.0
2019-09-19,1106.8934326171875,1125.32421875,1091.8121337890625,1116.341796875,13125693440.0,121151406080.0
2019-09-20,1117.9217529296875,1136.04638671875,1102.4759521484375,1118.21337890625,14104666112.0,132147191808.0
2019-09-23,1114.5875244140625,1127.026611328125,1088.665771484375,1108.0855712890625,13540851712.0,123349999616.0
2019-09-24,1108.544189453125,1129.79541015625,1095.65234375,1111.1717529296875,14192635904.0,138886184960.0
2019-09-25,1105.9794921875,1119.3511962890625,1078.4659423828125,1089.7164306640625,14423646208.0,135425032192.0
2019-09-26,1091.077392578125,1102.203369140625,1046.81005859375,1055.4794921875,14583543808.0,130092531712.0
2019-09-27,1055.0841064453125,1079.85595703125,1045.6605224609375,1066.0406494140625,10236734464.0,93242834944.0
2019-09-30,1066.728759765625,1080.7281494140625,1045.5509033203125,1054.0404052734375,8771962880.0,79381184512.0
2019-10-08,1055.899169921875,1076.24755859375,1040.8043212890625,1055.2711181640625,9003546624.0,81372692480.0
2019-10-09,1051.46044921875,1071.856689453125,1036.9210205078125,1065.1695556640625,9278576640.0,83088850944.0
2019-10-10,1065.7418212890625,1086.741455078125,1056.651611328125,1078.9996337890625,10813581312.0,98623062016.0
2019-10-11,1079.9417724609375,1096.05810546875,1063.5672607421875,1080.749755859375,12042198016.0,105849946112.0
2019-10-14,1088.8509521484375,1110.721435546875,1079.05126953125,1098.5728759765625,14387183616.0,122006683648.0
2019-10-15,1094.2041015625,1107.25830078125,1070.36669921875,1084.4759521484375,13535098880.0,112586342400.0
2019-10-16,1085.263671875,1101.8114013671875,1067.920166015625,1078.92822265625,11837832192.0,98213036032.0
2019-10-17,1078.749755859375,1094.6689453125,1064.33203125,1077.552490234375,10306979840.0,87362650112.0
2019-10-18,1078.19140625,1092.724365234375,1053.054931640625,1064.0611572265625,12039250944.0,100132544512.0
2019-10-21,1062.636474609375,1074.8018798828125,1035.056640625,1057.6572265625,10328105984.0,86943129600.0
2019-10-22,1058.3935546875,1078.3424072265625,1047.9791259765625,1070.4345703125,10184207360.0,87413211136.0
2019-10-23,1070.2843017578125,1083.1126708984375,1052.685791015625,1062.6478271484375,10578515968.0,90665795584.0
2019-10-24,1061.20654296875,1075.530029296875,1045.6641845703125,1061.154052734375,10576939008.0,86720512000.0
2019-10-25,1060.0198974609375,1077.68359375,1045.5028076171875,1068.298095703125,11430979584.0,95200452608.0
2019-10-28,1075.6488037109375,1101.305908203125,1065.1044921875,1092.476806640625,15165195264.0,129515028480.0
2019-10-29,1093.6671142578125,1108.044677734375,1069.3343505859375,1078.870361328125,17199509504.0,145139351552.0
2019-10-30,1074.63720703125,1090.22412109375,1050.419677734375,1066.0106201171875,15618744320.0,130346024960.0
2019-10-31,1064.921875,1080.3828125,1042.399658203125,1052.70654296875,13441352704.0,114532024320.0
2019-11-01,1048.9285888671875,1072.0714111328125,1037.398681640625,1062.4776611328125,12082716672.0,102087114752.0
2019-11-04,1064.853759765625,1083.8529052734375,1052.326416015625,1066.838134765625,12943106048.0,115854262272.0
2019-11-05,1067.8211669921875,1082.7069091796875,1051.502197265625,1068.78662109375,12975047680.0,114846793728.0
2019-11-06,1068.2147216796875,1082.0565185546875,1047.6480712890625,1059.5882568359375,12621910016.0,110315094016.0
2019-11-07,1058.7435302734375,1077.4610595703125,1048.6614990234375,1066.735107421875,10922575872.0,99247554560.0
2019-11-08,1071.254150390625,1085.33056640625,1055.3990478515625,1064.2276611328125,11804288000.0,107787198464.0
2019-11-11,1058.1082763671875,1067.75390625,1025.6611328125,1035.86083984375,12096346112.0,101788712960.0
2019-11-12,1035.6971435546875,1051.0511474609375,1016.9000244140625,1039.4814453125,10573569024.0,87981785088.0
2019-11-13,1037.767822265625,1050.272705078125,1020.8291015625,1034.5321044921875,9747129344.0,83519545344.0
2019-11-14,1034.0433349609375,1051.99072265625,1023.3177490234375,1040.4700927734375,10287287296.0,89861873664.0
2019-11-15,1038.5377197265625,1051.3135986328125,1018.173583984375,1026.6865234375,10807276544.0,94989484032.0
2019-11-18,1025.46044921875,1044.5501708984375,1013.7550048828125,1034.8326416015625,9746521088.0,84279222272.0
2019-11-19,1035.33642578125,1060.6063232421875,1027.6201171875,1053.666015625,11814774784.0,103179255808.0
2019-11-20,1052.96923828125,1068.9052734375,1037.4033203125,1047.812744140625,12028181504.0,105897648128.0
2019-11-21,1043.7261962890625,1060.796875,1031.7667236328125,1047.5689697265625,10538423296.0,87003103232.0
2019-11-22,1048.4354248046875,1066.0181884765625,1025.3935546875,1037.6802978515625,13077624832.0,110942789632.0
2019-11-25,1037.4906005859375,1053.2359619140625,1014.5047607421875,1034.0279541015625,12139362304.0,94917935104.0
2019-11-26,1034.1396484375,1048.443603515625,1019.90380859375,1032.2352294921875,10352838656.0,81766793216.0
2019-11-27,1030.15576171875,1045.3489990234375,1016.7889404296875,1030.843505859375,10396555264.0,84266467328.0
2019-11-28,1029.895751953125,1043.7996826171875,1016.7368774414062,1027.300537109375,9654771712.0,78914011136.0
2019-11-29,1027.2706298828125,1039.7025146484375,1012.8330688476562,1028.0711669921875,9086924800.0,75244011520.0
2019-12-02,1029.04150390625,1043.9906005859375,1017.36083984375,1030.194580078125,9299159040.0,78466523136.0
2019-12-03,1026.311767578125,1043.8369140625,1014.0006713867188,1037.4967041015625,9783528448.0,82771869696.0
2019-12-04,1032.7789306640625,1049.857421875,1023.8063354492188,1038.8326416015625,10008363008.0,85034991616.0
2019-12-05,1040.6700439453125,1058.2115478515625,1033.4437255859375,1049.589599609375,11279511552.0,100036173824.0
2019-12-06,1049.8828125,1065.2003173828125,1039.574951171875,1056.92919921875,11334193152.0,99234955264.0
2019-12-09,1058.6356201171875,1074.4539794921875,1046.7542724609375,1060.885498046875,12679542784.0,109703716864.0
2019-12-10,1059.318359375,1075.63232421875,1046.7564697265625,1066.6993408203125,13171587072.0,111390097408.0
2019-12-11,1066.049560546875,1080.64208984375,1052.1700439453125,1063.3363037109375,13489117184.0,113801510912.0
2019-12-12,1062.273681640625,1078.2606201171875,1049.2427978515625,1061.1290283203125,13326098432.0,115509395456.0
2019-12-13,1066.615478515625,1083.0640869140625,1056.127685546875,1073.790771484375,13783751680.0,123138285568.0
2019-12-16,1077.206787109375,1099.9595947265625,1067.1627197265625,1093.2540283203125,16355638272.0,146457378816.0
2019-12-17,1093.812744140625,1119.1964111328125,1084.8411865234375,1107.342041015625,19477055488.0,168677769216.0
2019-12-18,1107.4091796875,1127.27587890625,1095.0372314453125,1108.563232421875,18364444672.0,161345830912.0
2019-12-19,1108.5693359375,1129.41748046875,1097.3955078125,1116.6353759765625,17013258240.0,144393404416.0
2019-12-20,1117.3538818359375,1131.8812255859375,1095.4256591796875,1103.525390625,16677080064.0,138423402496.0
2019-12-23,1100.3287353515625,1113.4708251953125,1071.0203857421875,1078.5726318359375,14854693888.0,123556503552.0
2019-12-24,1080.31494140625,1103.336181640625,1070.7435302734375,1096.7642822265625,12877156352.0,111160147968.0
2019-12-25,1095.9256591796875,1114.926025390625,1083.717529296875,1101.0277099609375,14272942080.0,128877387776.0
2019-12-26,1101.13916015625,1120.2965087890625,1089.6097412109375,1110.0869140625,14126063616.0,126308237312.0
2019-12-27,1111.14111328125,1130.5577392578125,1093.15380859375,1102.6038818359375,17461090304.0,151459266560.0
2019-12-30,1098.1202392578125,1119.9093017578125,1076.8677978515625,1108.673583984375,16104605696.0,135586578432.0
2019-12-31,1107.3699951171875,1129.8131103515625,1096.303466796875,1116.077392578125,15126765568.0,128622354432.0
2020-01-02,1123.19189453125,1149.822998046875,1113.2008056640625,1137.83740234375,20088545280.0,176874946560.0
2020-01-03,1139.3955078125,1161.0596923828125,1125.1220703125,1144.72705078125,19917336576.0,178295029760.0
2020-01-06,1140.553955078125,1172.7628173828125,1128.2943115234375,1156.08056640625,23193950208.0,203211063296.0
2020-01-07,1157.764404296875,1185.8065185546875,1147.152587890625,1174.12353515625,22633416704.0,201537257472.0
2020-01-08,1169.5968017578125,1190.499755859375,1145.2550048828125,1158.3792724609375,24297267200.0,213888090112.0
2020-01-09,1166.9332275390625,1191.30322265625,1154.6776123046875,1176.612548828125,20681244672.0,187336851456.0
2020-01-10,1179.8494873046875,1196.46435546875,1157.6619873046875,1173.9156494140625,18834737152.0,173850558464.0
2020-01-13,1172.427490234375,1194.975830078125,1156.5570068359375,1186.3062744140625,18036131840.0,172401065984.0
2020-01-14,1188.740234375,1210.193603515625,1171.4034423828125,1185.7003173828125,19779883008.0,184343691264.0
2020-01-15,1183.718017578125,1202.286865234375,1162.5946044921875,1183.4183349609375,17857617920.0,165880201216.0
2020-01-16,1184.42041015625,1202.273681640625,1165.6630859375,1179.603271484375,16549167104.0,162854535168.0
2020-01-17,1181.7313232421875,1199.21630859375,1162.2208251953125,1174.7774658203125,16064686080.0,157117825024.0
2020-01-20,1174.7034912109375,1199.11474609375,1156.3447265625,1186.6185302734375,16701379584.0,167581122560.0
2020-01-21,1185.6378173828125,1203.082275390625,1160.320068359375,1174.474365234375,17609828352.0,172599803904.0
2020-01-22,1168.2598876953125,1191.865966796875,1139.1346435546875,1174.8363037109375,18286100480.0,180133249024.0
2020-01-23,1161.643310546875,1181.7652587890625,1110.067138671875,1131.0955810546875,20747364352.0,199549681664.0
2020-02-03,1026.84130859375,1043.023193359375,1021.51708984375,1030.2908935546875,9680770048.0,82967248896.0
2020-02-04,968.2708129882812,1044.7786865234375,962.527587890625,1023.5712280273438,26651576320.0,217391382528.0
2020-02-05,1028.4652099609375,1075.261474609375,1017.828857421875,1051.537353515625,23437971456.0,211215499264.0
2020-02-06,1053.4029541015625,1094.8104248046875,1038.038818359375,1081.9080810546875,24667109376.0,221846847488.0
2020-02-07,1084.992431640625,1114.0516357421875,1061.3238525390625,1096.056884765625,25508069376.0,234210918400.0
2020-02-10,1096.394775390625,1133.1669921875,1075.2855224609375,1114.30078125,24552425472.0,225934639104.0
2020-02-11,1114.1419677734375,1135.220458984375,1089.503173828125,1107.8074951171875,21156962304.0,190484758528.0
2020-02-12,1105.06201171875,1139.83447265625,1094.398193359375,1129.6597900390625,22519293952.0,212220805120.0
2020-02-13,1130.34765625,1151.8638916015625,1104.382080078125,1119.4573974609375,24608088064.0,234650255360.0
2020-02-14,1116.9052734375,1144.1204833984375,1101.61572265625,1122.26611328125,22133647360.0,213876146176.0
2020-02-17,1128.6328125,1170.140380859375,1119.80224609375,1162.6939697265625,25384779776.0,241476534272.0
2020-02-18,1165.2904052734375,1199.8265380859375,1150.3189697265625,1186.86328125,27931174912.0,273690853376.0
2020-02-19,1185.36181640625,1213.810791015625,1161.3546142578125,1178.62548828125,28499795968.0,287401607168.0
2020-02-20,1181.2830810546875,1212.5863037109375,1161.4046630859375,1200.000732421875,27476312064.0,270324776960.0
2020-02-21,1200.3258056640625,1237.4039306640625,1187.2083740234375,1216.9200439453125,30497366016.0,308881260544.0
2020-02-24,1218.277099609375,1256.03955078125,1198.176025390625,1238.2374267578125,32958748672.0,342507945984.0
2020-02-25,1210.3035888671875,1254.6016845703125,1173.80810546875,1238.090576171875,38426816512.0,393839542272.0
2020-02-26,1221.5184326171875,1265.5380859375,1190.628173828125,1215.262451171875,35732996096.0,343658725376.0
2020-02-27,1221.079833984375,1251.13037109375,1190.5703125,1218.780029296875,29218799616.0,278033891328.0
2020-02-28,1176.6138916015625,1209.4678955078125,1136.9842529296875,1149.384765625,31268718592.0,283981381632.0
2020-03-02,1161.315673828125,1212.5362548828125,1147.58740234375,1198.7945556640625,27462569984.0,253459841024.0
2020-03-03,1220.0804443359375,1252.4796142578125,1191.6763916015625,1214.297119140625,32869437440.0,307524304896.0
2020-03-04,1205.5687255859375,1244.5074462890625,1186.207275390625,1226.291259765625,28337659904.0,255394349056.0
2020-03-05,1241.9456787109375,1271.7734375,1215.7022705078125,1247.3199462890625,33013987328.0,291549020160.0
2020-03-06,1232.783447265625,1270.2315673828125,1217.4361572265625,1244.937744140625,29557977088.0,254972182528.0
2020-03-09,1226.6212158203125,1256.4056396484375,1185.6611328125,1200.838134765625,32056631296.0,282561216512.0
2020-03-10,1182.4173583984375,1239.76123046875,1156.451416015625,1229.0560302734375,31662084096.0,281697189888.0
2020-03-11,1231.4403076171875,1263.6307373046875,1203.6868896484375,1215.9910888671875,29314414592.0,263523057664.0
2020-03-12,1197.3271484375,1223.5020751953125,1169.0013427734375,1192.0140380859375,24365172736.0,213040431104.0
2020-03-13,1129.71728515625,1197.7003173828125,1114.3941650390625,1177.7083740234375,27803717632.0,242885918720.0
2020-03-16,1189.0001220703125,1208.54345703125,1116.3834228515625,1126.3424072265625,27322767360.0,242635522048.0
2020-03-17,1133.74658203125,1156.6793212890625,1075.0955810546875,1121.5869140625,22995554304.0,196893933568.0
2020-03-18,1132.5450439453125,1159.302978515625,1095.4793701171875,1103.528564453125,22815535104.0,208457580544.0
2020-03-19,1101.957763671875,1129.49072265625,1075.164794921875,1113.89990234375,21204258816.0,188376973312.0
2020-03-20,1124.9500732421875,1146.314208984375,1099.7440185546875,1128.177490234375,19201812480.0,174169391104.0
2020-03-23,1099.390869140625,1125.2503662109375,1068.944580078125,1082.4415283203125,19032875008.0,164487495680.0
2020-03-24,1102.650390625,1120.537841796875,1064.8961181640625,1103.0235595703125,19579398144.0,170351804416.0
2020-03-25,1124.6248779296875,1145.898681640625,1105.067626953125,1129.152099609375,20278321152.0,173826277376.0
2020-03-26,1121.564453125,1144.6004638671875,1101.9000244140625,1118.4278564453125,18559377408.0,156197371904.0
2020-03-27,1130.616455078125,1147.020263671875,1102.5294189453125,1112.27099609375,17405564928.0,148738326528.0
2020-03-30,1096.9017333984375,1114.6641845703125,1061.452392578125,1086.1456298828125,17923946496.0,152032083968.0
2020-03-31,1095.948974609375,1114.7393798828125,1071.243896484375,1087.4122314453125,15976649728.0,134577119232.0
2020-04-01,1084.5623779296875,1110.33837890625,1066.7030029296875,1081.0477294921875,16551656448.0,141779255296.0
2020-04-02,1074.966064453125,1110.572021484375,1062.89111328125,1105.7630615234375,16360367104.0,145762156544.0
2020-04-03,1103.83935546875,1124.40771484375,1084.7703857421875,1099.967529296875,15795861504.0,142765031424.0
2020-04-07,1118.4912109375,1147.105224609375,1107.9874267578125,1137.0469970703125,20070047744.0,176686383104.0
2020-04-08,1133.0908203125,1159.8834228515625,1119.718505859375,1142.79736328125,20309114880.0,176221126656.0
2020-04-09,1149.0694580078125,1173.2008056640625,1134.0048828125,1155.5250244140625,20175691776.0,171622580224.0
2020-04-10,1154.425048828125,1168.19091796875,1114.1370849609375,1126.3973388671875,21259395072.0,182471016448.0
2020-04-13,1117.82666015625,1137.1939697265625,1095.3115234375,1115.20068359375,15666219008.0,131715039232.0
2020-04-14,1119.759033203125,1144.017578125,1108.1590576171875,1135.7335205078125,16028641280.0,141850181632.0
2020-04-15,1135.2486572265625,1155.3077392578125,1115.9940185546875,1128.1007080078125,18355040256.0,163166371840.0
2020-04-16,1122.3056640625,1148.2684326171875,1108.4886474609375,1134.502197265625,17461071872.0,156510142464.0
2020-04-17,1140.26806640625,1162.5198974609375,1122.342529296875,1135.6795654296875,20698337280.0,188354560000.0
2020-04-20,1137.528076171875,1163.72412109375,1124.158935546875,1152.0870361328125,18329053184.0,166394707968.0
2020-04-21,1147.4967041015625,1165.3809814453125,1123.9735107421875,1146.44921875,19619217408.0,174277541888.0
2020-04-22,1137.169677734375,1167.5028076171875,1124.7996826171875,1157.2364501953125,18848192512.0,163030597632.0
2020-04-23,1159.330078125,1180.74267578125,1137.2847900390625,1151.8817138671875,20834547712.0,183378214912.0
2020-04-24,1150.427734375,1167.12109375,1116.625732421875,1129.8974609375,20155928576.0,169234202624.0
2020-04-27,1129.2100830078125,1149.7822265625,1105.1260986328125,1122.377685546875,16410025984.0,138599120896.0
2020-04-28,1120.9088134765625,1136.7545166015625,1060.24267578125,1099.215576171875,20489398272.0,169968467968.0
2020-04-29,1093.646484375,1121.5235595703125,1078.03125,1097.801513671875,16051187712.0,132053811200.0
2020-04-30,1102.4215087890625,1136.4005126953125,1092.1522216796875,1123.3126220703125,18002429952.0,161685979136.0
2020-05-06,1114.36572265625,1151.92724609375,1104.9825439453125,1143.861328125,18069438464.0,168544763904.0
2020-05-07,1144.6312255859375,1165.1888427734375,1127.0556640625,1141.5235595703125,18171987968.0,167389822976.0
2020-05-08,1146.5560302734375,1170.4544677734375,1135.9017333984375,1154.4661865234375,18048284672.0,165949767680.0
2020-05-11,1159.12646484375,1177.532958984375,1138.091552734375,1153.6358642578125,17702461440.0,163332603904.0
2020-05-12,1152.523193359375,1168.5638427734375,1129.2611083984375,1152.87451171875,15791069184.0,147147227136.0
2020-05-13,1148.6451416015625,1172.041015625,1136.0360107421875,1159.9720458984375,15592671232.0,147515064320.0
2020-05-14,1154.8558349609375,1174.4835205078125,1137.2420654296875,1150.075439453125,17608650752.0,160866271232.0
2020-05-15,1154.68896484375,1174.5677490234375,1138.2705078125,1153.6512451171875,17202069504.0,166475104256.0
2020-05-18,1156.2222900390625,1176.77880859375,1129.1153564453125,1148.1497802734375,19503788032.0,189758996480.0
2020-05-19,1155.260986328125,1175.9107666015625,1139.5340576171875,1160.9412841796875,16869445632.0,167009746944.0
2020-05-20,1159.64697265625,1177.539306640625,1134.7413330078125,1149.521728515625,17998073856.0,180294647808.0
2020-05-21,1152.0267333984375,1169.3275146484375,1125.12646484375,1137.3489990234375,16976944128.0,158337089536.0
2020-05-22,1135.5538330078125,1150.75927734375,1103.04833984375,1117.8424072265625,15971844096.0,145612144640.0
2020-05-25,1115.5635986328125,1134.729736328125,1094.8533935546875,1114.7359619140625,12948525056.0,120563572736.0
2020-05-26,1117.68994140625,1147.3953857421875,1109.726318359375,1139.09033203125,14029538304.0,132765360128.0
2020-05-27,1140.1168212890625,1160.502685546875,1119.4744873046875,1136.1048583984375,16356994048.0,150578069504.0
2020-05-28,1136.4793701171875,1155.5487060546875,1109.972412109375,1134.1790771484375,16623612928.0,149103394816.0
2020-05-29,1131.80517578125,1160.605224609375,1120.37255859375,1144.1212158203125,16108822528.0,150136750080.0
2020-06-01,1150.592041015625,1188.0162353515625,1141.5579833984375,1177.75244140625,20191809536.0,188451520512.0
2020-06-02,1181.1065673828125,1204.0770263671875,1163.05859375,1183.5618896484375,21352419328.0,197788401664.0
2020-06-03,1185.3948974609375,1207.25634765625,1166.6466064453125,1182.768798828125,21335793664.0,195243573248.0
2020-06-04,1185.1832275390625,1206.0419921875,1166.45361328125,1185.4224853515625,18938478592.0,168485470208.0
2020-06-05,1186.4132080078125,1206.5191650390625,1166.0362548828125,1186.2188720703125,17949702144.0,161508818944.0
2020-06-08,1190.5960693359375,1210.840087890625,1169.74462890625,1184.847412109375,17449005056.0,163815211008.0
2020-06-09,1185.688720703125,1206.6083984375,1169.79296875,1191.7425537109375,16251582464.0,152026365952.0
2020-06-10,1190.59423828125,1209.23681640625,1171.0296630859375,1190.2166748046875,16119272448.0,151981637632.0
2020-06-11,1190.2760009765625,1212.4940185546875,1171.171630859375,1186.046630859375,17948399616.0,172161073152.0
2020-06-12,1162.3284912109375,1199.3912353515625,1152.087646484375,1186.4951171875,17510666240.0,167290667008.0
2020-06-15,1186.009033203125,1214.676025390625,1168.7659912109375,1184.868896484375,19279982592.0,189140205568.0
2020-06-16,1192.9249267578125,1217.8392333984375,1179.6162109375,1205.64013671875,18059008000.0,178599657472.0
2020-06-17,1206.9942626953125,1229.674072265625,1187.5933837890625,1211.6207275390625,19494246400.0,190623481856.0
2020-06-18,1210.2593994140625,1230.4993896484375,1190.1434326171875,1208.7747802734375,18386817024.0,181999009792.0
2020-06-19,1208.0025634765625,1229.4857177734375,1194.377197265625,1213.787841796875,17226035200.0,172421693440.0
2020-06-22,1216.100341796875,1238.3814697265625,1200.34423828125,1218.107421875,18150258688.0,189525262336.0
2020-06-23,1218.3538818359375,1237.2947998046875,1198.65576171875,1217.337646484375,17183678464.0,179013255168.0
2020-06-24,1218.2364501953125,1237.9078369140625,1198.55126953125,1214.225341796875,16193936384.0,174801879040.0
2020-06-29,1211.4920654296875,1233.78466796875,1190.1708984375,1208.9110107421875,16167615488.0,173980958720.0
2020-06-30,1213.987548828125,1241.5823974609375,1203.501708984375,1228.361328125,16321103872.0,180748369920.0
2020-07-01,1231.7156982421875,1255.2626953125,1208.802734375,1234.0426025390625,19484430336.0,213263384576.0
2020-07-02,1234.17236328125,1267.31787109375,1219.1466064453125,1251.42333984375,23038054400.0,241364271104.0
2020-07-03,1253.7120361328125,1282.5775146484375,1236.080078125,1265.7142333984375,24491745280.0,249939771392.0
2020-07-06,1273.4696044921875,1327.8824462890625,1262.291748046875,1315.9189453125,33734453248.0,331901730816.0
2020-07-07,1327.4241943359375,1367.5965576171875,1299.76123046875,1329.8814697265625,36529508352.0,374657712128.0
2020-07-08,1329.49609375,1375.556884765625,1311.396728515625,1361.1737060546875,33383534592.0,351470288896.0
2020-07-09,1362.3065185546875,1419.0040283203125,1347.56982421875,1400.10400390625,37849817088.0,406142779392.0
2020-07-10,1396.632568359375,1436.1617431640625,1364.2940673828125,1391.0906982421875,34777022464.0,379011137536.0
2020-07-13,1396.68212890625,1454.538330078125,1380.9879150390625,1439.8944091796875,34695868416.0,380974759936.0
2020-07-14,1442.865478515625,1477.6368408203125,1391.6484375,1432.4498291015625,36747051008.0,410425425920.0
2020-07-15,1435.3831787109375,1461.599609375,1371.3089599609375,1391.70556640625,33648306176.0,366064566272.0
2020-07-16,1391.0750732421875,1418.1419677734375,1312.3660888671875,1325.2781982421875,30791127040.0,323627024384.0
2020-07-17,1325.8736572265625,1360.403564453125,1294.0262451171875,1325.466796875,22890065920.0,240179642368.0
2020-07-20,1338.698486328125,1384.9620361328125,1316.108642578125,1373.8726806640625,24252100608.0,252227649536.0
2020-07-21,1378.027099609375,1411.2418212890625,1351.32666015625,1382.31591796875,23809998848.0,251966128128.0
2020-07-22,1380.9267578125,1421.1634521484375,1360.79931640625,1392.1531982421875,24964395008.0,271680094208.0
2020-07-23,1381.4576416015625,1411.640625,1340.8907470703125,1387.337646484375,26709377024.0,287668436992.0
2020-07-24,1383.4346923828125,1412.1107177734375,1312.9571533203125,1327.4708251953125,29066244096.0,311312515072.0
2020-07-27,1331.9920654296875,1361.027099609375,1296.2525634765625,1327.4775390625,20901457920.0,219653832704.0
2020-07-28,1336.396240234375,1368.7412109375,1313.3001708984375,1342.4456787109375,20266706944.0,212027113472.0
2020-07-29,1339.343505859375,1386.2222900390625,1321.0970458984375,1378.15869140625,22351998976.0,237409402880.0
2020-07-30,1381.5521240234375,1412.67138671875,1355.262451171875,1377.1661376953125,25617639424.0,267772067840.0
2020-07-31,1374.0355224609375,1414.0074462890625,1355.507568359375,1393.9393310546875,25531215872.0,269519421440.0
2020-08-03,1404.648193359375,1453.300537109375,1390.020751953125,1438.5030517578125,30014433280.0,323209854976.0
2020-08-04,1443.66455078125,1473.709228515625,1406.581787109375,1430.6793212890625,30299463680.0,331413487616.0
2020-08-05,1432.463134765625,1469.1029052734375,1403.0906982421875,1446.8963623046875,27037030400.0,301601521664.0
2020-08-06,1447.186279296875,1480.2298583984375,1412.303955078125,1447.9158935546875,27867883520.0,315215446016.0
2020-08-07,1443.4453125,1470.2647705078125,1393.8974609375,1428.79150390625,26740664320.0,304012197888.0
2020-08-10,1425.446533203125,1470.544189453125,1400.8953857421875,1439.3779296875,24849995776.0,284390457344.0
2020-08-11,1440.1260986328125,1469.5045166015625,1396.7149658203125,1411.5028076171875,25260554240.0,279826497536.0
2020-08-12,1405.406982421875,1430.2109375,1355.6192626953125,1397.5194091796875,23229093888.0,250760822784.0
2020-08-13,1401.5618896484375,1433.95654296875,1379.50146484375,1404.0374755859375,20900081664.0,210659770368.0
2020-08-14,1401.211181640625,1432.616455078125,1377.8773193359375,1416.4654541015625,19181762560.0,196519346176.0
2020-08-17,1420.45751953125,1461.2674560546875,1404.9713134765625,1446.9217529296875,22778843136.0,243438010368.0
2020-08-18,1448.8958740234375,1484.829345703125,1429.747314453125,1460.4130859375,23852824576.0,259742285824.0
2020-08-19,1458.52099609375,1482.9393310546875,1419.3975830078125,1435.21728515625,23988781056.0,253568204800.0
2020-08-20,1424.5516357421875,1455.2867431640625,1396.112548828125,1417.584716796875,20374806528.0,206126284800.0
2020-08-21,1422.7230224609375,1455.0279541015625,1400.457763671875,1425.3060302734375,19431290880.0,198315622400.0
2020-08-24,1428.064208984375,1459.0538330078125,1397.128662109375,1435.3607177734375,18614603776.0,198317146112.0
2020-08-25,1436.0753173828125,1465.5947265625,1406.9542236328125,1431.20458984375,21456584704.0,224393773056.0
2020-08-26,1430.4345703125,1454.2279052734375,1381.4783935546875,1399.7686767578125,22023303168.0,228101095424.0
2020-08-27,1399.4156494140625,1434.048828125,1373.427001953125,1414.1358642578125,18753540096.0,195060498432.0
2020-08-28,1411.41943359375,1444.5948486328125,1388.78759765625,1428.2603759765625,19182422016.0,205334953984.0
2020-08-31,1433.9151611328125,1468.8111572265625,1414.052490234375,1432.703857421875,20333273088.0,226270314496.0
2020-09-01,1431.69140625,1457.1673583984375,1407.076171875,1438.3734130859375,17996804096.0,193143472128.0
2020-09-02,1440.4627685546875,1470.540771484375,1415.203125,1444.54052734375,21578938368.0,222937874432.0
2020-09-03,1443.0250244140625,1466.3043212890625,1410.634765625,1428.83984375,20596430848.0,213757378560.0
2020-09-04,1405.0277099609375,1444.371826171875,1386.748046875,1429.3482666015625,18478878720.0,195514695680.0
2020-09-07,1430.4859619140625,1463.647705078125,1394.5770263671875,1410.5184326171875,22818881536.0,240337420288.0
2020-09-08,1412.708251953125,1445.3519287109375,1382.2314453125,1425.089111328125,22647533568.0,222397693952.0
2020-09-09,1409.625244140625,1441.4154052734375,1365.466064453125,1384.635986328125,27700889600.0,263183155200.0
2020-09-10,1393.133544921875,1411.720458984375,1320.03466796875,1332.45556640625,23098791936.0,209888706560.0
2020-09-11,1324.1597900390625,1364.85595703125,1305.879150390625,1351.70751953125,16317395968.0,153052037120.0
2020-09-14,1358.68359375,1396.007080078125,1339.6119384765625,1373.340087890625,18487822336.0,181353447424.0
2020-09-15,1375.39794921875,1399.71240234375,1349.7037353515625,1377.1578369140625,16691231744.0,169021325312.0
2020-09-16,1375.46044921875,1393.6990966796875,1346.5784912109375,1364.31396484375,14828552192.0,147270156288.0
2020-09-17,1362.636474609375,1387.760009765625,1338.86376953125,1367.002685546875,15109298176.0,154602831872.0
2020-09-18,1366.9766845703125,1400.311767578125,1350.3946533203125,1386.993408203125,16541734912.0,168901951488.0
2020-09-21,1391.1134033203125,1415.593505859375,1368.474609375,1386.82861328125,16032561152.0,167830650880.0
2020-09-22,1374.725830078125,1396.063232421875,1350.0511474609375,1363.864501953125,14669391872.0,149668904960.0
2020-09-23,1368.705322265625,1391.017578125,1349.2979736328125,1372.2373046875,13004020736.0,140614991872.0
2020-09-24,1362.877197265625,1376.263916015625,1325.447265625,1334.6973876953125,14346764288.0,144666427392.0
2020-09-25,1339.9449462890625,1356.040771484375,1309.96923828125,1326.6884765625,11319587840.0,120179720192.0
2020-09-28,1329.3961181640625,1346.760009765625,1296.7401123046875,1309.1383056640625,10616273920.0,111085961216.0
2020-09-29,1315.191162109375,1342.0997314453125,1299.6754150390625,1321.2763671875,10470893568.0,114719727616.0
2020-09-30,1325.12451171875,1343.516845703125,1301.6046142578125,1318.6702880859375,10441587712.0,111390908416.0
2020-10-09,1340.5323486328125,1373.95849609375,1328.1212158203125,1358.5218505859375,13960247296.0,150455877632.0
2020-10-12,1369.0206298828125,1411.682861328125,1357.2967529296875,1400.1492919921875,18791118848.0,211380174848.0
2020-10-13,1398.6484375,1420.60791015625,1376.795654296875,1402.8759765625,15913470976.0,182840115200.0
2020-10-14,1400.290283203125,1419.9853515625,1373.4329833984375,1389.757080078125,15160150016.0,177770790912.0
2020-10-15,1389.6932373046875,1409.93310546875,1363.8079833984375,1378.04345703125,14243807232.0,160676315136.0
2020-10-16,1377.52734375,1397.528564453125,1354.0633544921875,1375.791259765625,12914510848.0,144262021120.0
2020-10-19,1382.7750244140625,1404.3084716796875,1356.4593505859375,1369.3770751953125,13275217920.0,148469645312.0
2020-10-20,1367.379638671875,1391.2021484375,1346.9915771484375,1382.976318359375,12444965888.0,137472737280.0
2020-10-21,1383.5762939453125,1396.912109375,1349.2955322265625,1363.649658203125,12665438208.0,143822405632.0
2020-10-22,1358.453857421875,1377.3262939453125,1333.56640625,1357.206298828125,11751151616.0,130431664128.0
2020-10-23,1357.87939453125,1376.123291015625,1324.4669189453125,1335.0526123046875,12159207424.0,137665560576.0
2020-10-26,1331.7225341796875,1354.367919921875,1304.8975830078125,1334.8583984375,10848749568.0,119852564480.0
2020-10-27,1330.7625732421875,1356.1038818359375,1312.573486328125,1337.335693359375,11062722560.0,123541987328.0
2020-10-28,1336.7872314453125,1357.1160888671875,1306.698486328125,1337.8077392578125,12728181760.0,140482412544.0
2020-10-29,1319.94384765625,1352.56005859375,1305.19580078125,1333.685546875,12834971648.0,143311634432.0
2020-10-30,1335.083740234375,1355.0081787109375,1288.2520751953125,1298.8958740234375,15121827840.0,165778866176.0
2020-11-02,1299.763427734375,1324.89111328125,1268.64453125,1296.78857421875,13706831872.0,150018719744.0
2020-11-03,1301.4326171875,1340.13720703125,1287.9788818359375,1325.374755859375,13843426304.0,153123651584.0
2020-11-04,1327.0081787109375,1345.828125,1301.2904052734375,1321.523193359375,12533896192.0,138683940864.0
2020-11-05,1331.1229248046875,1359.3653564453125,1315.4281005859375,1345.623046875,15093848064.0,164787765248.0
2020-11-06,1348.871826171875,1364.91064453125,1315.9385986328125,1334.105712890625,15332542464.0,168933507072.0
2020-11-09,1340.9150390625,1381.749267578125,1329.269287109375,1364.86376953125,18612959232.0,208255352832.0
2020-11-10,1367.855224609375,1385.9173583984375,1334.6112060546875,1352.6346435546875,16306100224.0,183639146496.0
2020-11-11,1349.7081298828125,1370.138427734375,1319.358642578125,1333.6971435546875,14679441408.0,161158463488.0
2020-11-12,1336.205078125,1357.875732421875,1315.03466796875,1335.51220703125,12586952704.0,137048416256.0
2020-11-13,1333.05517578125,1354.5877685546875,1310.9949951171875,1337.1849365234375,12267242496.0,138023813120.0
2020-11-16,1341.012939453125,1369.079833984375,1320.740234375,1351.6341552734375,15287356416.0,159852462080.0
2020-11-17,1351.433349609375,1369.039794921875,1319.2183837890625,1341.74951171875,16071342080.0,167286784000.0
2020-11-18,1339.9986572265625,1366.7685546875,1323.2491455078125,1344.26318359375,15075067904.0,151152443392.0
2020-11-19,1341.2376708984375,1367.9171142578125,1320.147216796875,1349.2679443359375,15066968064.0,154146734080.0
2020-11-20,1347.833251953125,1373.551513671875,1330.6331787109375,1357.6143798828125,14805788672.0,152519868416.0
2020-11-23,1358.8092041015625,1386.5760498046875,1338.363037109375,1365.7039794921875,18575751168.0,183405821952.0
2020-11-24,1364.0003662109375,1388.0440673828125,1346.0284423828125,1365.5634765625,15991048192.0,167896350720.0
2020-11-25,1367.6556396484375,1386.67529296875,1336.860595703125,1346.48974609375,16862240768.0,170841538560.0
2020-11-26,1344.107421875,1363.3658447265625,1318.787841796875,1337.980224609375,13914738688.0,142739210240.0
2020-11-27,1337.65673828125,1357.278564453125,1313.0830078125,1337.910400390625,13214925824.0,133606293504.0
2020-11-30,1337.697509765625,1362.520263671875,1317.3697509765625,1334.6099853515625,14600379392.0,149582282752.0
2020-12-01,1332.3455810546875,1363.368896484375,1321.1455078125,1351.8343505859375,14904641536.0,147694518272.0
2020-12-02,1352.013916015625,1376.4290771484375,1335.3450927734375,1356.22314453125,16516947968.0,161755627520.0
2020-12-03,1354.873779296875,1374.517578125,1333.7960205078125,1352.21923828125,15202342912.0,147926073344.0
2020-12-04,1350.2667236328125,1372.9378662109375,1333.931396484375,1356.525634765625,13194594304.0,135066140672.0
2020-12-07,1358.5555419921875,1379.333984375,1337.030517578125,1351.9754638671875,14407706624.0,147139608576.0
2020-12-08,1351.9794921875,1372.2266845703125,1333.3289794921875,1349.8060302734375,13194485760.0,138808524800.0
2020-12-09,1349.91748046875,1367.611572265625,1313.8489990234375,1323.2332763671875,15585922048.0,158766759936.0
2020-12-10,1318.7786865234375,1343.729248046875,1299.482421875,1321.843017578125,13487115264.0,137778937856.0
2020-12-11,1322.923828125,1338.662353515625,1277.097900390625,1299.1165771484375,16154411008.0,160582008832.0
2020-12-14,1296.8865966796875,1325.0521240234375,1276.611083984375,1308.9088134765625,13548051456.0,136542470144.0
2020-12-15,1306.2191162109375,1328.8262939453125,1286.8824462890625,1309.8115234375,12536260608.0,135936688128.0
2020-12-16,1309.24755859375,1327.38671875,1280.759033203125,1296.3507080078125,13568698368.0,140699926528.0
2020-12-17,1293.52880859375,1322.1514892578125,1266.2353515625,1307.69873046875,15679558656.0,159178883072.0
2020-12-18,1308.0546875,1331.8226318359375,1286.0142822265625,1303.0277099609375,15776807936.0,161938079744.0
2020-12-21,1303.2467041015625,1335.2271728515625,1286.7247314453125,1319.1553955078125,16769046528.0,177905254400.0
2020-12-22,1314.8768310546875,1335.839599609375,1279.3687744140625,1291.386962890625,18701852672.0,194629369856.0
2020-12-23,1290.8072509765625,1321.0020751953125,1270.161865234375,1297.492919921875,18477559808.0,198287654912.0
2020-12-24,1296.52880859375,1315.857421875,1257.163818359375,1274.163330078125,18518298624.0,186436583424.0
2020-12-25,1268.881103515625,1305.604736328125,1250.95068359375,1286.023681640625,17965457408.0,174558658560.0
2020-12-28,1285.448974609375,1307.49658203125,1251.0037841796875,1273.4139404296875,20101296128.0,194690547712.0
2020-12-29,1273.40966796875,1308.0157470703125,1247.332275390625,1272.4947509765625,19298502656.0,188702228480.0
2020-12-30,1270.2928466796875,1300.10546875,1252.583984375,1278.557373046875,17475545088.0,172500746240.0
2020-12-31,1280.18505859375,1316.35009765625,1267.8736572265625,1298.5382080078125,18543355904.0,185759858688.0
2021-01-04,1301.550048828125,1340.8505859375,1284.3924560546875,1322.5234375,20361164800.0,227626024960.0
2021-01-05,1319.2677001953125,1349.0177001953125,1293.2181396484375,1321.830322265625,21996163072.0,250731495424.0
2021-01-06,1320.137451171875,1341.8958740234375,1280.748046875,1303.581298828125,20027039744.0,234002448384.0
2021-01-07,1300.4920654296875,1319.238037109375,1247.58740234375,1270.6397705078125,21591662592.0,238048919552.0
2021-01-08,1267.6572265625,1301.23681640625,1230.7784423828125,1270.1759033203125,18128838656.0,208803741696.0
2021-01-11,1268.7774658203125,1294.3477783203125,1226.2557373046875,1246.1666259765625,18719744000.0,214024716288.0
2021-01-12,1242.46923828125,1279.9686279296875,1224.43212890625,1259.1153564453125,15756356608.0,187562426368.0
2021-01-13,1259.0887451171875,1281.4989013671875,1219.8018798828125,1245.0203857421875,18204164096.0,213667987456.0
2021-01-14,1241.01708984375,1280.1390380859375,1216.4437255859375,1251.748046875,16636913664.0,199066140672.0
2021-01-15,1250.900390625,1284.5205078125,1230.3759765625,1262.3076171875,14878326784.0,177611571200.0
2021-01-18,1260.863525390625,1301.6619873046875,1247.6380615234375,1282.5125732421875,15429494784.0,185540411392.0
2021-01-19,1281.312255859375,1313.9752197265625,1259.2855224609375,1282.536865234375,17348816896.0,198089392128.0
2021-01-20,1281.0068359375,1307.4647216796875,1258.9271240234375,1286.2841796875,14603053056.0,171733975040.0
2021-01-21,1285.429443359375,1319.1339111328125,1269.2332763671875,1297.2872314453125,17831202816.0,203918049280.0
2021-01-22,1295.550048828125,1317.138671875,1261.677490234375,1284.548583984375,17908113408.0,210019024896.0
2021-01-25,1283.094970703125,1307.3695068359375,1243.650634765625,1265.3095703125,18755526656.0,226714681344.0
2021-01-26,1260.715087890625,1289.538330078125,1229.9954833984375,1250.29638671875,16087943168.0,195248488448.0
2021-01-27,1248.468505859375,1277.40234375,1223.046142578125,1251.296630859375,14730701824.0,174269120512.0
2021-01-28,1239.720703125,1273.4013671875,1216.8974609375,1232.73095703125,14873132032.0,166111952896.0
2021-01-29,1238.152587890625,1259.0462646484375,1189.4256591796875,1212.628662109375,16352935936.0,178522488832.0
2021-02-01,1205.86376953125,1241.2337646484375,1184.1124267578125,1218.0574951171875,14687852544.0,155005222912.0
2021-02-02,1218.39892578125,1248.263671875,1194.8648681640625,1226.73095703125,14419539968.0,163105374208.0
2021-02-03,1224.1124267578125,1244.731689453125,1187.7489013671875,1203.8536376953125,14804352000.0,168984838144.0
2021-02-04,1199.4407958984375,1217.810791015625,1150.4566650390625,1177.9368896484375,15744927744.0,166461898752.0
2021-02-05,1179.4527587890625,1208.23291015625,1146.6376953125,1159.98828125,13584365568.0,146098520064.0
2021-02-08,1161.7244873046875,1188.811767578125,1137.6243896484375,1165.111328125,11726317568.0,125072572416.0
2021-02-09,1167.4644775390625,1205.256103515625,1154.5594482421875,1191.6939697265625,12585691136.0,136524988416.0
2021-02-10,1193.3311767578125,1220.2099609375,1174.9453125,1201.128173828125,11966031872.0,135598358528.0
2021-02-18,1219.566162109375,1256.2908935546875,1201.644775390625,1232.08203125,15786168320.0,172687392768.0
2021-02-19,1231.7874755859375,1276.7906494140625,1214.822998046875,1265.990234375,17575198720.0,174362673152.0
2021-02-22,1272.60693359375,1317.4208984375,1254.3487548828125,1276.6002197265625,22959527936.0,229373181952.0
2021-02-23,1271.483642578125,1299.4461669921875,1243.8675537109375,1266.8787841796875,17881079808.0,177970151424.0
2021-02-24,1266.802490234375,1296.6229248046875,1243.1351318359375,1263.97265625,17019668480.0,175049080832.0
2021-02-25,1271.4957275390625,1290.8817138671875,1238.758544921875,1254.95068359375,15349215232.0,150680961024.0
2021-02-26,1236.6158447265625,1270.0283203125,1219.693115234375,1245.646484375,14014773248.0,139094097920.0
2021-03-01,1251.6898193359375,1289.4359130859375,1241.024169921875,1277.64501953125,14577129472.0,148068663296.0
2021-03-02,1281.91064453125,1302.4932861328125,1251.8590087890625,1272.5250244140625,15580762112.0,160394821632.0
2021-03-03,1270.7281494140625,1301.2261962890625,1255.82177734375,1289.205322265625,15588249600.0,151718887424.0
2021-03-04,1283.595703125,1308.096923828125,1258.1156005859375,1274.0386962890625,17107359744.0,167852359680.0
2021-03-05,1265.059326171875,1301.8065185546875,1250.1334228515625,1283.0445556640625,15808953344.0,147790495744.0
2021-03-08,1290.328369140625,1315.47607421875,1254.8427734375,1264.7374267578125,17628411904.0,164778688512.0
2021-03-09,1262.6055908203125,1280.0302734375,1199.334716796875,1227.8284912109375,18076022784.0,161655160832.0
2021-03-10,1237.8504638671875,1253.8980712890625,1199.0743408203125,1212.684326171875,13246063616.0,120671600640.0
2021-03-11,1213.947998046875,1251.0316162109375,1198.323486328125,1239.59326171875,14038960128.0,128575414272.0
2021-03-12,1240.9263916015625,1262.57861328125,1215.3609619140625,1239.416015625,15558670336.0,136378736640.0
2021-03-15,1236.9296875,1261.288818359375,1213.7994384765625,1235.5634765625,14997123072.0,131912810496.0
2021-03-16,1236.9317626953125,1266.3795166015625,1220.440673828125,1250.736083984375,15420829696.0,134427918336.0
2021-03-17,1249.5211181640625,1274.6136474609375,1230.1585693359375,1256.845703125,14027005952.0,125001711616.0
2021-03-18,1256.0841064453125,1279.639404296875,1237.668212890625,1256.527099609375,14343718912.0,130375196672.0
2021-03-19,1244.665283203125,1276.362060546875,1229.1524658203125,1251.0306396484375,14112580608.0,128765861888.0
2021-03-22,1252.499267578125,1286.8629150390625,1240.91162109375,1273.2440185546875,15312273408.0,138137337856.0
2021-03-23,1274.1512451171875,1294.962890625,1243.395263671875,1260.7916259765625,16646941696.0,151772512256.0
2021-03-24,1253.6812744140625,1279.430419921875,1229.5167236328125,1248.3323974609375,15509004288.0,139273142272.0
2021-03-25,1244.7286376953125,1272.4716796875,1223.222900390625,1246.5999755859375,13993928704.0,124324167680.0
2021-03-26,1247.6533203125,1278.7294921875,1234.6229248046875,1264.2578125,13918511104.0,131426926592.0
2021-03-29,1267.444091796875,1292.1143798828125,1247.611083984375,1266.51953125,14301347840.0,139373920256.0
2021-03-30,1264.7398681640625,1283.7679443359375,1236.2987060546875,1256.766845703125,14353510400.0,137219244032.0
2021-03-31,1253.952392578125,1278.8377685546875,1235.0616455078125,1259.055419921875,12443240448.0,119893606400.0
2021-04-01,1259.8980712890625,1282.613525390625,1241.9022216796875,1264.0860595703125,12546649088.0,116301201408.0
2021-04-02,1266.5120849609375,1288.9111328125,1247.8411865234375,1268.01416015625,13033373696.0,127464865792.0
2021-04-06,1270.084228515625,1297.9161376953125,1256.445556640625,1281.3519287109375,12673163264.0,123752513536.0
2021-04-07,1281.440185546875,1302.33349609375,1262.279296875,1286.1373291015625,14073987072.0,128879001600.0
2021-04-08,1284.361328125,1306.395263671875,1263.204833984375,1279.7060546875,15314734080.0,138981359616.0
2021-04-09,1278.031982421875,1300.508056640625,1259.5614013671875,1279.8446044921875,13744482304.0,130323906560.0
2021-04-12,1280.1561279296875,1299.0069580078125,1246.1663818359375,1259.7120361328125,14811082752.0,139761860608.0
2021-04-13,1257.24560546875,1280.1629638671875,1233.248046875,1251.6846923828125,13640210432.0,120402624512.0
2021-04-14,1250.1351318359375,1280.5443115234375,1235.4920654296875,1267.2025146484375,12958592000.0,118610599936.0
2021-04-15,1263.6580810546875,1283.9703369140625,1240.7032470703125,1262.128173828125,13199663104.0,117020360704.0
2021-04-16,1261.6400146484375,1295.890869140625,1249.5107421875,1280.8839111328125,15008674816.0,134720831488.0
2021-04-19,1280.8883056640625,1313.301025390625,1267.8995361328125,1298.893310546875,15990018048.0,155002372096.0
2021-04-20,1296.164306640625,1322.0565185546875,1277.9736328125,1293.773681640625,15638130688.0,158701518848.0
2021-04-21,1287.6798095703125,1311.5416259765625,1269.4112548828125,1290.95068359375,13380660224.0,136567816192.0
2021-04-22,1292.70703125,1317.301025390625,1277.2003173828125,1296.2412109375,13327059968.0,139471192064.0
2021-04-23,1294.3670654296875,1311.0379638671875,1267.361083984375,1285.1124267578125,13689282560.0,142037762048.0
2021-04-26,1287.1802978515625,1315.458251953125,1265.34228515625,1281.253662109375,15054883840.0,161805664256.0
2021-04-27,1279.7060546875,1299.02783203125,1248.3701171875,1273.861572265625,13614620672.0,138737729536.0
2021-04-28,1271.699462890625,1296.9227294921875,1250.67919921875,1277.342529296875,13740249088.0,145603706880.0
2021-04-29,1273.662109375,1298.1417236328125,1253.125244140625,1272.070068359375,13630581760.0,146138234880.0
2021-04-30,1268.6700439453125,1289.935791015625,1241.008544921875,1262.5665283203125,14678420480.0,152175443968.0
2021-05-06,1262.6907958984375,1290.298828125,1243.3411865234375,1267.0338134765625,14551718912.0,151692902400.0
2021-05-07,1267.6004638671875,1290.9725341796875,1240.447265625,1258.739501953125,17218750464.0,164129193984.0
2021-05-10,1259.8060302734375,1285.486328125,1235.6890869140625,1263.78125,16910440448.0,161260339200.0
2021-05-11,1257.9556884765625,1286.2364501953125,1235.6966552734375,1267.7987060546875,16721613824.0,157533765632.0
2021-05-12,1263.0875244140625,1294.2086181640625,1247.611328125,1282.1884765625,15446647808.0,146828427264.0
2021-05-13,1272.453369140625,1304.0877685546875,1255.6025390625,1275.9354248046875,16947713024.0,160167346176.0
2021-05-14,1279.8203125,1309.83544921875,1263.2122802734375,1292.5997314453125,16895073280.0,164857675776.0
2021-05-17,1290.6705322265625,1313.9298095703125,1264.7032470703125,1284.4229736328125,16232480768.0,166775848960.0
2021-05-18,1283.099365234375,1308.2100830078125,1263.7178955078125,1290.6402587890625,14344174592.0,148691025920.0
2021-05-19,1287.443603515625,1310.302734375,1267.8258056640625,1288.5521240234375,14739136512.0,153000640512.0
2021-05-20,1282.8375244140625,1307.8968505859375,1263.106201171875,1285.308349609375,15951382528.0,162941009920.0
2021-05-21,1286.66357421875,1310.6878662109375,1268.0859375,1286.1444091796875,14535233536.0,147932905472.0
2021-05-24,1286.1802978515625,1316.17578125,1268.1297607421875,1297.84716796875,15264543744.0,153822855168.0
2021-05-25,1298.5269775390625,1324.0712890625,1281.272216796875,1309.9166259765625,16456854528.0,171576229888.0
2021-05-26,1310.78173828125,1340.7801513671875,1296.0770263671875,1318.8056640625,17179838464.0,176675028992.0
2021-05-27,1317.904052734375,1348.23779296875,1304.50537109375,1330.52880859375,17013278720.0,183790796800.0
2021-05-28,1331.5111083984375,1355.3111572265625,1307.245361328125,1326.0576171875,18536974336.0,201076424704.0
2021-05-31,1328.4346923828125,1358.9478759765625,1311.3370361328125,1343.2564697265625,17835683840.0,202848616448.0
2021-06-01,1343.233154296875,1373.244873046875,1323.2486572265625,1354.0230712890625,19057768448.0,212099104768.0
2021-06-02,1352.8013916015625,1375.246337890625,1323.6009521484375,1339.3533935546875,18903136256.0,208753901568.0
2021-06-03,1339.46630859375,1369.607421875,1320.7374267578125,1339.933349609375,18021306368.0,192981401600.0
2021-06-04,1335.7081298828125,1365.0150146484375,1317.5062255859375,1342.0672607421875,17596215296.0,192969539584.0
2021-06-07,1345.4620361328125,1378.031982421875,1327.532958984375,1357.7906494140625,17520273408.0,203918213120.0
2021-06-08,1358.549560546875,1384.263671875,1333.01708984375,1354.3353271484375,18444830720.0,210928238592.0
2021-06-09,1354.155517578125,1381.103515625,1333.118408203125,1357.601806640625,17453948928.0,189042229248.0
2021-06-10,1357.64599609375,1390.34130859375,1339.0687255859375,1370.66455078125,19491432448.0,219424587776.0
2021-06-11,1372.279052734375,1398.260986328125,1342.4366455078125,1361.1014404296875,20806549504.0,238809088000.0
2021-06-15,1361.672119140625,1387.7591552734375,1328.9326171875,1352.18798828125,18618241024.0,212958740480.0
2021-06-16,1350.5465087890625,1375.183837890625,1316.8297119140625,1335.47314453125,17565980672.0,203712184320.0
2021-06-17,1334.2174072265625,1369.0382080078125,1316.6341552734375,1348.735595703125,16816478208.0,204772769792.0
2021-06-18,1347.4757080078125,1380.3316650390625,1326.5682373046875,1360.75732421875,17704513536.0,209402839040.0
2021-06-21,1357.1002197265625,1398.585205078125,1341.827392578125,1379.0328369140625,17864179712.0,219503951872.0
2021-06-22,1382.3477783203125,1410.6737060546875,1358.6319580078125,1384.6695556640625,18946043904.0,220884566016.0
2021-06-23,1384.1707763671875,1413.027099609375,1363.0528564453125,1390.9970703125,18327740416.0,220221292544.0
2021-06-24,1391.3084716796875,1414.90478515625,1361.4010009765625,1382.0323486328125,18335500288.0,210600493056.0
2021-06-25,1382.8555908203125,1409.85107421875,1359.193115234375,1386.2568359375,18677319680.0,217225658368.0
2021-06-28,1387.81005859375,1420.912353515625,1368.707763671875,1396.7679443359375,17315385344.0,210088230912.0
2021-06-29,1397.0360107421875,1420.5963134765625,1366.214111328125,1384.5166015625,17472856064.0,220031516672.0
2021-06-30,1385.201171875,1416.517333984375,1365.1165771484375,1394.9056396484375,16763904000.0,214327476224.0
2021-07-01,1396.6640625,1421.44189453125,1356.6549072265625,1373.0833740234375,17031154688.0,223812255744.0
2021-07-02,1369.8267822265625,1397.916259765625,1341.7191162109375,1363.97802734375,15923523584.0,216582553600.0
2021-07-05,1366.7808837890625,1400.9156494140625,1346.365966796875,1381.671142578125,16623069184.0,223489245184.0
2021-07-06,1382.51708984375,1408.7523193359375,1350.6494140625,1380.3516845703125,17842513920.0,248979390464.0
2021-07-07,1373.1749267578125,1410.0799560546875,1355.1414794921875,1392.5772705078125,16909432832.0,233955803136.0
2021-07-08,1393.95361328125,1423.64990234375,1366.091796875,1389.2537841796875,19112470528.0,265134997504.0
2021-07-09,1384.6231689453125,1417.3126220703125,1360.0272216796875,1397.4520263671875,18622986240.0,253401300992.0
2021-07-12,1404.3485107421875,1441.78125,1384.000732421875,1418.6849365234375,21087571968.0,291238641664.0
2021-07-13,1419.59228515625,1452.6868896484375,1394.403076171875,1428.3148193359375,21064906752.0,289353531392.0
2021-07-14,1425.572021484375,1454.2666015625,1394.9703369140625,1416.1949462890625,20737343488.0,284232581120.0
2021-07-15,1411.7008056640625,1437.5767822265625,1374.2178955078125,1407.819091796875,19969374208.0,269135642624.0
2021-07-16,1406.6973876953125,1441.8848876953125,1384.031005859375,1407.5069580078125,20111384576.0,275657916416.0
2021-07-19,1404.7972412109375,1437.2171630859375,1374.9188232421875,1405.0947265625,19524407296.0,263845412864.0
2021-07-20,1394.7872314453125,1430.50390625,1375.93017578125,1411.9752197265625,17898352640.0,235171676160.0
2021-07-21,1416.5400390625,1454.5975341796875,1399.594970703125,1432.5511474609375,20851701760.0,283891007488.0
2021-07-22,1433.2120361328125,1466.1402587890625,1407.221923828125,1440.2470703125,22233315328.0,301835550720.0
2021-07-23,1439.1181640625,1470.0369873046875,1402.2720947265625,1426.94384765625,23918258176.0,317119660032.0
2021-07-26,1424.2403564453125,1452.412353515625,1372.6748046875,1406.577392578125,23190396928.0,311265263616.0
2021-07-27,1408.0345458984375,1445.660888671875,1361.6629638671875,1376.705322265625,24287662080.0,340951400448.0
2021-07-28,1366.297607421875,1393.8050537109375,1300.1219482421875,1344.651611328125,21659856896.0,282261782528.0
2021-07-29,1361.30078125,1405.330810546875,1344.33447265625,1383.740234375,20056571904.0,284565733376.0
2021-07-30,1382.7373046875,1423.317138671875,1353.5975341796875,1397.3668212890625,22185345024.0,315095908352.0
2021-08-02,1396.6578369140625,1448.7608642578125,1368.018798828125,1426.5418701171875,23379374080.0,338912935936.0
2021-08-03,1423.0535888671875,1463.9625244140625,1390.850341796875,1418.8695068359375,22851018752.0,318057349120.0
2021-08-04,1417.5677490234375,1459.4107666015625,1398.66259765625,1439.3978271484375,20481581056.0,297192357888.0
2021-08-05,1435.6248779296875,1467.4541015625,1403.252685546875,1429.81591796875,21685620736.0,303102918656.0
2021-08-06,1430.7108154296875,1460.42431640625,1399.9388427734375,1433.1572265625,20347666432.0,291705913344.0
2021-08-09,1430.0145263671875,1473.0462646484375,1404.7425537109375,1448.0272216796875,19906666496.0,287557681152.0
2021-08-10,1446.188720703125,1486.2015380859375,1424.29052734375,1461.3419189453125,20732497920.0,303106785280.0
2021-08-11,1460.7142333984375,1495.4580078125,1436.4857177734375,1470.385986328125,21487931392.0,293467652096.0
2021-08-12,1469.051513671875,1508.1927490234375,1446.796142578125,1478.1407470703125,22896828416.0,307992395776.0
2021-08-13,1475.0599365234375,1509.61572265625,1448.2042236328125,1477.15966796875,22715699200.0,310770401280.0
2021-08-16,1476.3636474609375,1511.5562744140625,1445.6802978515625,1473.6962890625,22044774400.0,292491132928.0
2021-08-17,1472.1090087890625,1497.764892578125,1420.42626953125,1435.5677490234375,22562836480.0,283827863552.0
2021-08-18,1433.4007568359375,1471.7344970703125,1409.25634765625,1446.0386962890625,19461226496.0,248677531648.0
2021-08-19,1442.4656982421875,1477.585693359375,1414.5101318359375,1448.1455078125,19877146624.0,261439111168.0
2021-08-20,1443.2928466796875,1471.4139404296875,1406.716796875,1442.41845703125,19199049728.0,260935237632.0
2021-08-23,1446.4805908203125,1495.8551025390625,1429.74755859375,1476.174072265625,21923409920.0,305726390272.0
2021-08-24,1476.4134521484375,1511.4403076171875,1450.9808349609375,1483.0849609375,23129815040.0,322685501440.0
2021-08-25,1482.1072998046875,1517.7740478515625,1455.8778076171875,1493.1953125,22478753792.0,303214002176.0
2021-08-26,1491.259033203125,1523.33544921875,1456.6392822265625,1478.5489501953125,24722362368.0,319065751552.0
2021-08-27,1473.103271484375,1507.3487548828125,1441.42041015625,1476.0745849609375,23086635008.0,302869381120.0
2021-08-30,1479.095458984375,1521.4425048828125,1447.9814453125,1482.26171875,25658617856.0,350488428544.0
2021-08-31,1480.4306640625,1514.70263671875,1443.3223876953125,1481.0281982421875,25485737984.0,325712871424.0
2021-09-01,1482.1539306640625,1521.1781005859375,1433.937255859375,1475.21533203125,29167665152.0,372375945216.0
2021-09-02,1470.61962890625,1514.57568359375,1445.8328857421875,1489.634765625,24655153152.0,307631325184.0
2021-09-03,1491.83544921875,1535.593994140625,1457.957763671875,1489.8726806640625,28978335744.0,357957533696.0
2021-09-06,1490.7806396484375,1533.1998291015625,1460.2379150390625,1508.3076171875,24776368128.0,314079117312.0
2021-09-07,1508.1903076171875,1549.755615234375,1488.77978515625,1528.3582763671875,24795101184.0,314304823296.0
2021-09-08,1529.2783203125,1567.6785888671875,1504.47119140625,1538.2452392578125,27508545536.0,333805387776.0
2021-09-09,1535.811279296875,1569.384765625,1505.2752685546875,1537.855712890625,25970229248.0,318584782848.0
2021-09-10,1537.229736328125,1570.9056396484375,1504.374267578125,1533.7445068359375,26216845312.0,335009087488.0
2021-09-13,1533.967041015625,1570.4432373046875,1501.45751953125,1538.9803466796875,25464233984.0,331624022016.0
2021-09-14,1537.443603515625,1575.8603515625,1500.005615234375,1525.0423583984375,26570549248.0,353289568256.0
2021-09-15,1522.173828125,1558.1363525390625,1494.752197265625,1532.7237548828125,23307155456.0,314801061888.0
2021-09-16,1533.9073486328125,1564.496826171875,1488.2635498046875,1502.873779296875,25839910912.0,334720860160.0
2021-09-17,1501.5404052734375,1534.818115234375,1456.39404296875,1496.814453125,23449034752.0,302554546176.0
2021-09-22,1479.5699462890625,1525.998046875,1458.4327392578125,1502.876953125,20011018240.0,252580790272.0
2021-09-23,1510.057861328125,1550.66796875,1485.5474853515625,1517.166015625,23265110016.0,293594464256.0
2021-09-24,1517.0089111328125,1544.2545166015625,1473.5517578125,1492.9986572265625,22512302080.0,285887561728.0
2021-09-27,1496.5205078125,1524.231689453125,1428.610595703125,1454.8963623046875,23290464256.0,291611803648.0
2021-09-28,1449.6868896484375,1483.4857177734375,1424.65234375,1456.7562255859375,17426057216.0,220474671104.0
2021-09-29,1446.5189208984375,1466.751220703125,1397.2093505859375,1409.0523681640625,18935023616.0,227802415104.0
2021-09-30,1415.8367919921875,1457.4588623046875,1402.908203125,1440.8526611328125,16137840640.0,199661486080.0
2021-10-08,1455.817138671875,1493.813232421875,1425.880615234375,1459.564208984375,17506869248.0,220528181248.0
2021-10-11,1462.995849609375,1491.0697021484375,1428.4669189453125,1455.3092041015625,16488658944.0,205482000384.0
2021-10-12,1451.817138671875,1470.3775634765625,1401.8284912109375,1426.507568359375,17182765056.0,209434968064.0
2021-10-13,1426.9794921875,1454.585205078125,1396.52197265625,1434.2691650390625,14425181184.0,180637777920.0
2021-10-14,1432.51513671875,1464.999755859375,1410.5382080078125,1442.8218994140625,14141739008.0,180319846400.0
2021-10-15,1439.927734375,1468.1153564453125,1410.4969482421875,1436.3319091796875,15907909632.0,205100613632.0
2021-10-18,1434.693115234375,1465.4864501953125,1409.2823486328125,1446.0140380859375,15948879872.0,209973297152.0
2021-10-19,1445.1041259765625,1478.5657958984375,1426.9576416015625,1457.3668212890625,16722423808.0,217500270592.0
2021-10-20,1453.2496337890625,1483.4005126953125,1429.3170166015625,1456.7271728515625,17048788992.0,232381972480.0
2021-10-21,1455.9520263671875,1483.958740234375,1431.346435546875,1452.50341796875,17457453056.0,230509674496.0
2021-10-22,1452.2156982421875,1479.8743896484375,1423.223388671875,1442.498291015625,18373427200.0,234037215232.0
2021-10-25,1441.5518798828125,1473.4984130859375,1415.27978515625,1453.4473876953125,16569337856.0,228015587328.0
2021-10-26,1453.9765625,1482.4173583984375,1428.494140625,1448.738037109375,17763520512.0,245466169344.0
2021-10-27,1445.439453125,1466.12158203125,1402.1280517578125,1424.730224609375,17798496256.0,235866619904.0
2021-10-28,1418.3731689453125,1446.14501953125,1375.9814453125,1397.44921875,18260801536.0,243813859328.0
2021-10-29,1397.758544921875,1439.619384765625,1374.8216552734375,1419.4639892578125,17449510912.0,242029297664.0
2021-11-01,1418.10302734375,1462.4146728515625,1395.6954345703125,1439.7633056640625,18881038336.0,261518589952.0
2021-11-02,1440.2850341796875,1470.6739501953125,1397.48486328125,1423.465087890625,20633282560.0,275960332288.0
2021-11-03,1423.4759521484375,1456.1087646484375,1399.941162109375,1433.627197265625,15998798848.0,217571917824.0
2021-11-04,1435.448974609375,1472.6561279296875,1417.906005859375,1453.5439453125,17678651392.0,250815021056.0
2021-11-05,1452.1497802734375,1483.7447509765625,1422.57958984375,1443.282470703125,19827916800.0,263997489152.0
2021-11-08,1441.85302734375,1471.519287109375,1413.428955078125,1446.4171142578125,16639553536.0,232399372288.0
2021-11-09,1448.1617431640625,1484.63037109375,1430.3345947265625,1464.748046875,16970713088.0,238368096256.0
2021-11-10,1463.322265625,1494.1837158203125,1437.228515625,1474.0947265625,18147065856.0,247966826496.0
2021-11-11,1472.175537109375,1510.6669921875,1454.2398681640625,1487.9287109375,18638458880.0,251993423872.0
2021-11-12,1487.8160400390625,1526.8367919921875,1468.780029296875,1505.6087646484375,18947493888.0,262031360000.0
2021-11-15,1509.2916259765625,1546.79052734375,1480.9530029296875,1515.0892333984375,20721721344.0,282613809152.0
2021-11-16,1513.202880859375,1544.1160888671875,1483.02490234375,1503.56005859375,19221299200.0,259612344320.0
2021-11-17,1504.0123291015625,1542.3377685546875,1485.366455078125,1524.37744140625,18870226944.0,252238413824.0
2021-11-18,1524.66796875,1555.9642333984375,1492.4200439453125,1516.13671875,21449627648.0,286034821120.0
2021-11-19,1514.8134765625,1553.5723876953125,1493.9725341796875,1532.7872314453125,20450129920.0,276256522240.0
2021-11-22,1535.121826171875,1573.14892578125,1513.74853515625,1550.4786376953125,20740331520.0,305323573248.0
2021-11-23,1550.4403076171875,1583.3974609375,1527.09423828125,1554.2529296875,21068435456.0,303524151296.0
2021-11-24,1553.850830078125,1586.4039306640625,1529.1636962890625,1558.8380126953125,20510580736.0,289619705856.0
2021-11-25,1559.7220458984375,1591.386474609375,1532.95947265625,1557.922119140625,19141652480.0,273718378496.0
2021-11-26,1555.7010498046875,1589.5177001953125,1528.046875,1557.427001953125,18976956416.0,277650472960.0
2021-11-29,1538.7420654296875,1585.0614013671875,1518.2996826171875,1559.03564453125,19298678784.0,289465040896.0
2021-11-30,1564.6446533203125,1606.9111328125,1541.047607421875,1575.3284912109375,21501992960.0,309404434432.0
2021-12-01,1574.3731689453125,1610.306396484375,1549.7247314453125,1584.9324951171875,20546304000.0,288748404736.0
2021-12-02,1584.1727294921875,1610.2657470703125,1548.132080078125,1566.8973388671875,20115894272.0,273790795776.0
2021-12-03,1568.43310546875,1603.17333984375,1545.7279052734375,1576.04052734375,19556853760.0,265004122112.0
2021-12-06,1576.2235107421875,1603.797119140625,1538.281005859375,1554.947998046875,20874625024.0,274404835328.0
2021-12-07,1560.8782958984375,1584.3375244140625,1512.0130615234375,1539.2445068359375,19921987584.0,272840130560.0
2021-12-08,1542.9532470703125,1580.4476318359375,1525.04296875,1562.17236328125,17601961984.0,242658246656.0
2021-12-09,1563.5535888671875,1597.9207763671875,1541.2769775390625,1569.6331787109375,19708381184.0,261370675200.0
2021-12-10,1564.281494140625,1596.68310546875,1541.2984619140625,1569.1922607421875,18862866432.0,257041907712.0
2021-12-13,1573.0257568359375,1606.90966796875,1549.70361328125,1580.690673828125,19583434752.0,258866872320.0
2021-12-14,1579.06689453125,1617.463623046875,1556.2493896484375,1590.326904296875,20843986944.0,269219102720.0
2021-12-15,1590.305908203125,1627.7503662109375,1566.6263427734375,1590.7347412109375,21606084608.0,272871047168.0
2021-12-16,1593.378173828125,1628.9508056640625,1573.1707763671875,1605.2802734375,21114888192.0,256977633280.0
2021-12-17,1604.332763671875,1631.2340087890625,1569.9189453125,1589.5782470703125,21795500032.0,263392821248.0
2021-12-20,1586.51806640625,1619.1650390625,1549.9122314453125,1569.99951171875,21188300800.0,258177925120.0
2021-12-21,1569.627197265625,1613.53369140625,1551.8011474609375,1593.764892578125,20280545280.0,225680293888.0
2021-12-22,1597.4581298828125,1637.451171875,1573.36962890625,1607.887451171875,21992898560.0,254060462080.0
2021-12-23,1607.221435546875,1639.255615234375,1576.612060546875,1605.4495849609375,21645090816.0,262745817088.0
2021-12-24,1606.33544921875,1634.9658203125,1560.1051025390625,1582.2313232421875,22717878272.0,271322923008.0
2021-12-27,1580.6964111328125,1619.2420654296875,1551.6307373046875,1587.90087890625,19089727488.0,230527877120.0
2021-12-28,1590.515380859375,1626.0401611328125,1564.9671630859375,1600.112548828125,18571980800.0,231705837568.0
2021-12-29,1599.229248046875,1631.970703125,1570.4306640625,1598.4403076171875,18836375552.0,239327870976.0
2021-12-30,1599.7005615234375,1643.2122802734375,1581.5078125,1617.065673828125,19533723648.0,246547775488.0
2021-12-31,1620.4989013671875,1660.0133056640625,1598.124267578125,1630.416015625,20456419328.0,258695659520.0
2022-01-04,1636.504150390625,1678.1141357421875,1603.09912109375,1641.7943115234375,24499085312.0,309512962048.0
2022-01-05,1640.2677001953125,1664.570556640625,1584.8865966796875,1610.9407958984375,23760898048.0,299531730944.0
2022-01-06,1603.1287841796875,1650.3773193359375,1580.9849853515625,1625.17041015625,20948250624.0,259362881536.0
2022-01-07,1625.406982421875,1658.630615234375,1581.899658203125,1597.973876953125,23303012352.0,276004601856.0
2022-01-10,1595.6192626953125,1638.779052734375,1565.9476318359375,1612.5977783203125,19994607616.0,243826229248.0
2022-01-11,1612.6673583984375,1645.0196533203125,1578.4801025390625,1598.0322265625,20086464512.0,246010052608.0
2022-01-12,1603.62841796875,1642.146240234375,1582.401611328125,1620.783447265625,19553447936.0,249094012928.0
2022-01-13,1622.0316162109375,1649.5068359375,1581.469970703125,1599.1180419921875,21404672000.0,258476507136.0
2022-01-14,1593.5367431640625,1637.904541015625,1566.57666015625,1600.849853515625,21249601536.0,258256240640.0
2022-01-17,1605.218505859375,1655.231689453125,1581.1571044921875,1630.1776123046875,21653696512.0,283638431744.0
2022-01-18,1631.7310791015625,1664.8037109375,1589.979248046875,1616.1058349609375,24112881664.0,298301915136.0
2022-01-19,1610.307861328125,1644.162109375,1578.361328125,1608.7271728515625,20527337472.0,252520824832.0
2022-01-20,1608.7630615234375,1633.46630859375,1555.291259765625,1572.57275390625,21706016768.0,262493929472.0
2022-01-21,1568.9337158203125,1596.7666015625,1528.1497802734375,1548.7049560546875,19221381120.0,229180686336.0
2022-01-24,1540.7322998046875,1579.318603515625,1512.587890625,1548.459228515625,16826136576.0,208467427328.0
2022-01-25,1543.156982421875,1565.1739501953125,1474.8929443359375,1483.3382568359375,19345952768.0,220574285824.0
2022-01-26,1487.2637939453125,1521.301025390625,1458.876953125,1490.9266357421875,15507881984.0,177201512448.0
2022-01-27,1492.0184326171875,1509.8818359375,1435.3157958984375,1444.3060302734375,15964336128.0,176645963776.0
2022-01-28,1451.904052734375,1487.720947265625,1419.073974609375,1453.847412109375,15155769344.0,170642735104.0
2022-02-07,1473.7825927734375,1506.5450439453125,1442.3662109375,1473.88623046875,15844047872.0,172407914496.0
2022-02-08,1473.7197265625,1505.5985107421875,1442.1502685546875,1488.0899658203125,17564602368.0,181069643776.0
2022-02-09,1488.505126953125,1530.3353271484375,1468.8919677734375,1514.1751708984375,18788167680.0,208591945728.0
2022-02-10,1513.69970703125,1538.3306884765625,1484.9578857421875,1510.1163330078125,18077024256.0,197454790656.0
2022-02-11,1504.279296875,1525.95751953125,1463.526611328125,1479.2916259765625,18489253888.0,207661891584.0
2022-02-14,1471.2813720703125,1506.997802734375,1447.26708984375,1474.2056884765625,16130902016.0,177220976640.0
2022-02-15,1476.599609375,1510.5015869140625,1454.046875,1489.7890625,15677499392.0,178398527488.0
2022-02-16,1496.84814453125,1527.041259765625,1477.185791015625,1503.869873046875,16075661312.0,181823307776.0
2022-02-17,1501.310546875,1532.00439453125,1478.955322265625,1502.7198486328125,18061748224.0,211939016704.0
2022-02-18,1494.94482421875,1529.0889892578125,1478.9415283203125,1513.5811767578125,17187373056.0,188086812672.0
2022-02-21,1516.581787109375,1551.4681396484375,1498.8570556640625,1534.6651611328125,18605987840.0,209360846848.0
2022-02-22,1527.66650390625,1548.55078125,1492.2960205078125,1517.483154296875,19756478464.0,228641079296.0
2022-02-23,1520.3734130859375,1565.2691650390625,1505.1947021484375,1546.378173828125,20067180544.0,254606213120.0
2022-02-24,1540.5594482421875,1574.6737060546875,1478.8546142578125,1509.96630859375,27821510656.0,330778607616.0
2022-02-25,1519.8770751953125,1556.56689453125,1501.2069091796875,1523.544189453125,19455090688.0,239025848320.0
2022-02-28,1526.495849609375,1553.7738037109375,1493.333984375,1530.47119140625,18310721536.0,228021960704.0
2022-03-01,1532.811279296875,1561.050537109375,1510.6336669921875,1538.3450927734375,18176845824.0,228666195968.0
2022-03-02,1532.27490234375,1557.8453369140625,1510.3115234375,1538.38232421875,17504380928.0,209899651072.0
2022-03-03,1543.8203125,1564.8006591796875,1511.623046875,1529.3623046875,19929878528.0,224684687360.0
2022-03-04,1522.435302734375,1550.7452392578125,1492.848388671875,1511.261962890625,19405066240.0,219627323392.0
2022-03-07,1508.7294921875,1528.32275390625,1463.7142333984375,1481.7469482421875,18150684672.0,212810973184.0
2022-03-08,1482.1551513671875,1503.259033203125,1417.78857421875,1435.5992431640625,20916748288.0,242299633664.0
2022-03-09,1439.0985107421875,1463.336181640625,1349.02734375,1415.7801513671875,23176007680.0,251456782336.0
2022-03-10,1444.5064697265625,1477.6220703125,1418.6502685546875,1444.5836181640625,20238123008.0,239213379584.0
2022-03-11,1426.5255126953125,1469.645751953125,1393.3614501953125,1456.4620361328125,19702519808.0,229253709824.0
2022-03-14,1447.1551513671875,1472.927490234375,1406.7894287109375,1416.770751953125,17746649088.0,209426546688.0
2022-03-15,1406.32958984375,1428.378662109375,1333.97802734375,1342.150390625,21346555904.0,232508555264.0
2022-03-16,1364.2652587890625,1397.656005859375,1303.668212890625,1381.8499755859375,21559216128.0,246843424768.0
2022-03-17,1397.66943359375,1447.570556640625,1380.9674072265625,1411.9014892578125,22348230656.0,273063641088.0
2022-03-18,1407.304931640625,1444.5093994140625,1387.7984619140625,1427.6329345703125,18867437568.0,209608687616.0
2022-03-21,1431.0970458984375,1465.1336669921875,1409.7811279296875,1443.1070556640625,19450499072.0,224493453312.0
2022-03-22,1440.7724609375,1467.8797607421875,1412.6986083984375,1439.2586669921875,19447738368.0,214266478592.0
2022-03-23,1441.210693359375,1472.5067138671875,1420.66259765625,1447.560791015625,19044986880.0,207033466880.0
2022-03-24,1440.6595458984375,1462.7481689453125,1409.5194091796875,1431.1339111328125,19055814656.0,208970252288.0
2022-03-25,1432.6217041015625,1463.129638671875,1405.4490966796875,1419.6544189453125,18856050688.0,207338045440.0
2022-03-28,1410.942138671875,1440.2672119140625,1379.373291015625,1413.7056884765625,18273896448.0,191046713344.0
2022-03-29,1416.8028564453125,1441.118408203125,1382.4342041015625,1402.5582275390625,18068097024.0,194872606720.0
2022-03-30,1407.609619140625,1442.685791015625,1390.8341064453125,1428.85986328125,18621210624.0,196283760640.0
2022-03-31,1425.5283203125,1454.406005859375,1398.1541748046875,1419.229736328125,21283614720.0,222112481280.0
2022-04-01,1410.206298828125,1439.899169921875,1387.7843017578125,1418.393310546875,18708475904.0,189378822144.0
2022-04-06,1418.627685546875,1450.4874267578125,1394.9178466796875,1426.477783203125,19594473472.0,194867314688.0
2022-04-07,1421.6041259765625,1443.7156982421875,1382.055908203125,1393.592529296875,20469413888.0,200882257920.0
2022-04-08,1395.674072265625,1418.2703857421875,1354.7294921875,1384.0299072265625,20907036672.0,206608728064.0
2022-04-11,1379.4501953125,1398.258056640625,1321.8934326171875,1338.337890625,22304532480.0,213999648768.0
2022-04-12,1335.66552734375,1374.6761474609375,1308.4329833984375,1359.279296875,21123334144.0,196890755072.0
2022-04-13,1352.45849609375,1373.0076904296875,1313.2366943359375,1329.8909912109375,20197433344.0,189187915776.0
2022-04-14,1334.9901123046875,1368.956787109375,1315.6075439453125,1345.134521484375,19169536000.0,183660838912.0
2022-04-15,1338.1861572265625,1363.0936279296875,1301.4013671875,1326.2213134765625,20823748608.0,200901918720.0
2022-04-18,1318.1138916015625,1354.3365478515625,1289.058837890625,1335.9459228515625,17390647296.0,166723125248.0
2022-04-19,1334.819580078125,1366.113525390625,1315.4090576171875,1340.7750244140625,16555081728.0,166851641344.0
2022-04-20,1341.5650634765625,1365.7685546875,1307.660400390625,1322.8109130859375,18057779200.0,174579253248.0
2022-04-21,1317.1387939453125,1336.4344482421875,1259.4656982421875,1270.087158203125,18914918400.0,177864916992.0
2022-04-22,1261.54736328125,1285.4815673828125,1226.8134765625,1251.8319091796875,15890784256.0,151155933184.0
2022-04-25,1229.16162109375,1242.69140625,1145.2734375,1152.8031005859375,20053606400.0,174524596224.0
2022-04-26,1152.9698486328125,1181.36865234375,1101.4957275390625,1117.6766357421875,19508502528.0,165807833088.0
2022-04-27,1101.458251953125,1173.53857421875,1077.2862548828125,1165.5081787109375,21173841920.0,184237850624.0
2022-04-28,1156.573486328125,1184.94970703125,1121.864990234375,1148.85205078125,18663122944.0,176020111360.0
2022-04-29,1156.6724853515625,1214.90869140625,1142.879150390625,1201.010498046875,20503502848.0,194308128768.0
2022-05-05,1199.2506103515625,1245.6494140625,1182.60546875,1223.595458984375,18601465856.0,179484917760.0
2022-05-06,1194.27880859375,1235.970458984375,1177.199462890625,1209.6234130859375,16926222336.0,153608749056.0
2022-05-09,1208.550537109375,1248.248046875,1195.6363525390625,1228.3787841796875,15224885248.0,136636743680.0
2022-05-10,1212.9852294921875,1263.4014892578125,1198.686767578125,1249.9630126953125,18533931008.0,175537618944.0
2022-05-11,1252.658447265625,1300.5308837890625,1236.6339111328125,1256.508544921875,22507880448.0,225487290368.0
2022-05-12,1250.3883056640625,1286.9483642578125,1235.2379150390625,1266.146240234375,18194591744.0,171688067072.0
2022-05-13,1271.119384765625,1295.5648193359375,1248.4437255859375,1273.77783203125,16870553600.0,156378890240.0
2022-05-16,1282.2242431640625,1307.1083984375,1257.4432373046875,1276.3189697265625,17292967936.0,162466430976.0
2022-05-17,1275.8052978515625,1297.61962890625,1246.1270751953125,1277.5843505859375,17578364928.0,174362787840.0
2022-05-18,1279.628662109375,1309.3995361328125,1262.6739501953125,1282.8590087890625,16541052928.0,164756078592.0
2022-05-19,1263.4381103515625,1301.786376953125,1250.3558349609375,1290.502197265625,17566726144.0,175297036288.0
2022-05-20,1295.0701904296875,1325.39111328125,1280.0882568359375,1308.529296875,18308567040.0,187575877632.0
2022-05-23,1313.5374755859375,1342.1959228515625,1296.6319580078125,1326.4580078125,17929601024.0,186473054208.0
2022-05-24,1327.4959716796875,1346.3466796875,1263.5614013671875,1269.274658203125,21649246208.0,221027385344.0
2022-05-25,1269.008056640625,1307.577392578125,1255.6138916015625,1295.3297119140625,17616650240.0,169986113536.0
2022-05-26,1298.2001953125,1325.2242431640625,1268.3468017578125,1304.02099609375,18355376128.0,175940567040.0
2022-05-27,1309.138671875,1334.1309814453125,1282.5035400390625,1302.2415771484375,18528622592.0,177212686336.0
2022-05-30,1307.2423095703125,1334.0848388671875,1284.5382080078125,1317.222412109375,17276672000.0,169965813760.0
2022-05-31,1317.8997802734375,1349.889404296875,1293.8017578125,1334.4901123046875,18797187072.0,194983641088.0
2022-06-01,1331.6199951171875,1366.8494873046875,1313.6683349609375,1342.5938720703125,18650456064.0,189585195008.0
2022-06-02,1339.1038818359375,1372.73486328125,1318.262451171875,1356.239990234375,17770602496.0,190173347840.0
2022-06-06,1357.68115234375,1398.583251953125,1343.0086669921875,1381.782470703125,19836870656.0,236744966144.0
2022-06-07,1382.660888671875,1407.913818359375,1352.990966796875,1378.9964599609375,20250191872.0,226233057280.0
2022-06-08,1378.799560546875,1404.3460693359375,1343.36474609375,1378.18701171875,21137604608.0,235551932416.0
2022-06-09,1375.4105224609375,1393.307373046875,1335.86767578125,1351.461181640625,19209119744.0,207132917760.0
2022-06-10,1343.8812255859375,1390.1922607421875,1333.1380615234375,1377.038818359375,19155886080.0,216472764416.0
2022-06-13,1369.0858154296875,1408.033203125,1351.01513671875,1386.095947265625,21307138048.0,243020218368.0
2022-06-14,1374.04345703125,1400.9615478515625,1335.165283203125,1385.6033935546875,21498056704.0,238948024320.0
2022-06-15,1387.6544189453125,1425.84521484375,1368.023681640625,1387.115966796875,23595794432.0,262128500736.0
2022-06-16,1387.006103515625,1426.81884765625,1372.7552490234375,1399.3853759765625,20913319936.0,232679751680.0
2022-06-17,1391.4476318359375,1426.92431640625,1369.6885986328125,1409.355712890625,20339828736.0,244585889792.0
2022-06-20,1411.7503662109375,1450.885009765625,1394.8206787109375,1427.3043212890625,21248360448.0,259219783680.0
2022-06-21,1428.15869140625,1453.129150390625,1392.9102783203125,1417.2633056640625,20543604736.0,237359153152.0
2022-06-22,1417.661865234375,1442.4312744140625,1383.8831787109375,1397.5589599609375,18824728576.0,214916956160.0
2022-06-23,1398.0562744140625,1438.9989013671875,1378.5361328125,1427.3983154296875,20150142976.0,234407624704.0
2022-06-24,1431.6087646484375,1468.8988037109375,1413.2806396484375,1444.2686767578125,21020839936.0,256866680832.0
2022-06-27,1451.0716552734375,1484.5108642578125,1427.783935546875,1457.139892578125,22171140096.0,274798804992.0
2022-06-28,1457.155517578125,1492.6094970703125,1432.7908935546875,1474.50146484375,22774210560.0,272611639296.0
2022-06-29,1471.409423828125,1499.5513916015625,1430.6915283203125,1443.281494140625,24403427328.0,289764343808.0
2022-06-30,1445.2672119140625,1485.7178955078125,1429.4649658203125,1459.0296630859375,20774395904.0,251727642624.0
2022-07-01,1460.29296875,1490.36865234375,1432.7542724609375,1457.0311279296875,19070386176.0,233832185856.0
2022-07-04,1456.3258056640625,1490.72314453125,1429.0023193359375,1470.68798828125,19504459776.0,252318367744.0
2022-07-05,1471.81005859375,1496.6561279296875,1431.14599609375,1459.159912109375,21891862528.0,264570241024.0
2022-07-06,1454.687744140625,1481.442138671875,1419.138427734375,1442.952392578125,19531714560.0,238627651584.0
2022-07-07,1443.8206787109375,1478.83837890625,1421.25439453125,1456.5843505859375,18206289920.0,228172333056.0
2022-07-08,1460.9263916015625,1492.5343017578125,1435.7119140625,1455.8253173828125,18638606336.0,229822922752.0
2022-07-11,1452.0887451171875,1473.1219482421875,1412.67578125,1437.955322265625,18637916160.0,222946705408.0
2022-07-12,1437.712890625,1460.44482421875,1399.5579833984375,1414.0308837890625,18043912192.0,210812633088.0
2022-07-13,1414.5,1446.65234375,1394.72509765625,1426.9261474609375,17995030528.0,203183734784.0
2022-07-14,1424.9300537109375,1466.5615234375,1405.1346435546875,1440.837890625,19746256896.0,236000182272.0
2022-07-15,1435.1337890625,1467.71435546875,1401.2811279296875,1420.0509033203125,21225828352.0,249001066496.0
2022-07-18,1422.7193603515625,1465.104248046875,1403.4495849609375,1448.5361328125,19499700224.0,234953113600.0
2022-07-19,1449.8890380859375,1486.941650390625,1429.7877197265625,1464.06591796875,19465998336.0,235415928832.0
2022-07-20,1467.7623291015625,1503.25390625,1449.691650390625,1483.6627197265625,19276419072.0,241532108800.0
2022-07-21,1481.6304931640625,1515.182373046875,1456.9783935546875,1480.050537109375,20900216832.0,260583931904.0
2022-07-22,1481.0596923828125,1508.4102783203125,1448.165771484375,1472.105712890625,18368839680.0,221488807936.0
2022-07-25,1473.949951171875,1501.5037841796875,1440.1026611328125,1458.60400390625,17265668096.0,210550915072.0
2022-07-26,1458.957275390625,1490.7301025390625,1435.5028076171875,1474.66552734375,15723473920.0,194799484928.0
2022-07-27,1472.6903076171875,1509.078369140625,1455.90966796875,1490.0087890625,16198579200.0,206541488128.0
2022-07-28,1497.4776611328125,1529.9573974609375,1478.2784423828125,1503.0167236328125,19137366016.0,241095065600.0
2022-07-29,1504.3369140625,1530.28466796875,1475.786865234375,1494.8765869140625,18799157248.0,231274233856.0
2022-08-01,1492.16845703125,1525.5103759765625,1465.067138671875,1504.7337646484375,17428656128.0,228160012288.0
2022-08-02,1490.15576171875,1510.010498046875,1421.74853515625,1452.7266845703125,23760304128.0,279667769344.0
2022-08-03,1453.6690673828125,1504.842041015625,1426.2249755859375,1446.3697509765625,21111853056.0,267708334080.0
2022-08-04,1454.2159423828125,1481.7789306640625,1425.7857666015625,1459.112060546875,16732475392.0,210363580416.0
2022-08-05,1462.2645263671875,1503.19970703125,1440.0916748046875,1486.3016357421875,18128629760.0,239898853376.0
2022-08-08,1485.3828125,1521.9617919921875,1462.39111328125,1503.0228271484375,16898428928.0,232418787328.0
2022-08-09,1501.6226806640625,1530.416259765625,1475.6900634765625,1506.26416015625,17369051136.0,235299438592.0
2022-08-10,1501.73583984375,1533.42626953125,1480.5543212890625,1507.6558837890625,16960745472.0,233901785088.0
2022-08-11,1513.6597900390625,1549.2423095703125,1495.4354248046875,1530.0589599609375,19076239360.0,248429232128.0
2022-08-12,1529.637939453125,1558.98974609375,1503.2493896484375,1520.919677734375,19210162176.0,235585536000.0
2022-08-15,1518.698486328125,1550.2386474609375,1497.221435546875,1527.303955078125,17964466176.0,224364658688.0
2022-08-16,1528.72314453125,1561.675048828125,1509.198974609375,1536.431396484375,19491264512.0,241350475776.0
2022-08-17,1538.493408203125,1565.1043701171875,1512.4354248046875,1540.307373046875,19505405952.0,245094580224.0
2022-08-18,1537.7362060546875,1566.8916015625,1512.250732421875,1541.51171875,18750582784.0,242504368128.0
2022-08-19,1542.2291259765625,1571.7742919921875,1507.5013427734375,1521.8773193359375,20263747584.0,256614236160.0
2022-08-22,1518.4229736328125,1554.5782470703125,1490.933349609375,1531.62744140625,18461476864.0,232384036864.0
2022-08-23,1528.8472900390625,1558.630859375,1505.483154296875,1533.3553466796875,18245697536.0,228827955200.0
2022-08-24,1534.4459228515625,1551.5921630859375,1469.8343505859375,1479.9688720703125,22052898816.0,261715050496.0
2022-08-25,1484.748046875,1509.6121826171875,1444.89111328125,1477.566162109375,18628429824.0,214927179776.0
2022-08-26,1480.0050048828125,1513.3140869140625,1452.5703125,1471.3760986328125,17299587072.0,208825352192.0
2022-08-29,1452.4427490234375,1498.1300048828125,1431.5487060546875,1479.5594482421875,16379760640.0,190249844736.0
2022-08-30,1478.95654296875,1506.47265625,1450.1217041015625,1473.717041015625,16419066880.0,190519771136.0
2022-08-31,1469.7545166015625,1489.30078125,1419.09619140625,1432.9549560546875,17776850944.0,208164749312.0
2022-09-01,1434.1712646484375,1462.8111572265625,1408.31005859375,1425.462646484375,14653274112.0,167515963392.0
2022-09-02,1428.4970703125,1462.9075927734375,1409.1826171875,1442.1529541015625,13733582848.0,162328838144.0
2022-09-05,1442.018310546875,1470.0631103515625,1416.5662841796875,1443.7816162109375,14109448192.0,161721450496.0
2022-09-06,1446.99755859375,1478.365478515625,1427.3905029296875,1465.6304931640625,15437484032.0,183761289216.0
2022-09-07,1461.13232421875,1492.7589111328125,1443.2127685546875,1471.5185546875,15312019456.0,186886062080.0
2022-09-08,1472.171630859375,1492.991943359375,1444.159423828125,1457.95947265625,14215602176.0,165823741952.0
2022-09-09,1460.0447998046875,1483.44482421875,1436.42822265625,1462.6033935546875,13986679808.0,158316314624.0
2022-09-13,1466.7095947265625,1491.620361328125,1444.0709228515625,1462.3975830078125,13491574784.0,156495577088.0
2022-09-14,1440.9061279296875,1468.216064453125,1421.8192138671875,1446.7913818359375,12989923328.0,150215213056.0
2022-09-15,1452.756591796875,1468.151611328125,1388.527099609375,1409.6109619140625,17158496256.0,196010803200.0
2022-09-16,1406.56640625,1429.397216796875,1367.740966796875,1378.2640380859375,14552707072.0,160257572864.0
2022-09-19,1375.7371826171875,1395.531005859375,1339.2122802734375,1358.8514404296875,11606286336.0,130349064192.0
2022-09-20,1366.80615234375,1396.4105224609375,1352.3997802734375,1374.1881103515625,10722617344.0,126916550656.0
2022-09-21,1370.4549560546875,1394.6025390625,1341.856689453125,1377.5413818359375,11260678144.0,122346815488.0
2022-09-22,1368.6368408203125,1401.770263671875,1353.4556884765625,1375.1131591796875,11235808256.0,129139064832.0
2022-09-23,1375.1983642578125,1393.1220703125,1332.82080078125,1349.539306640625,11954064384.0,136013840384.0
2022-09-26,1340.67626953125,1365.7530517578125,1309.824951171875,1326.6619873046875,11807139840.0,129054875648.0
2022-09-27,1330.63427734375,1368.1689453125,1315.0628662109375,1357.7364501953125,11365693440.0,133034778624.0
2022-09-28,1355.58251953125,1371.5477294921875,1312.5302734375,1318.99755859375,11230691328.0,128903905280.0
2022-09-29,1331.800048828125,1355.019775390625,1300.491455078125,1318.604736328125,11338315776.0,127446450176.0
2022-09-30,1317.9090576171875,1337.3753662109375,1290.2294921875,1301.623779296875,9968338944.0,113064820736.0
2022-10-10,1305.238037109375,1324.788818359375,1263.09765625,1275.67529296875,11032847360.0,122828931072.0
2022-10-11,1277.42578125,1300.3421630859375,1250.700927734375,1280.7783203125,10147998720.0,111536275456.0
2022-10-12,1280.7939453125,1324.578125,1252.7435302734375,1318.5963134765625,12884342784.0,146042372096.0
2022-10-13,1313.2569580078125,1358.791259765625,1300.0042724609375,1334.68994140625,13817074688.0,157054877696.0
2022-10-14,1342.58984375,1383.9310302734375,1329.8450927734375,1367.9195556640625,15179440128.0,181411954688.0
2022-10-17,1363.1497802734375,1402.64990234375,1347.3287353515625,1386.2244873046875,14179747840.0,171128913920.0
2022-10-18,1389.3338623046875,1415.2950439453125,1366.9010009765625,1391.499267578125,13879687168.0,172917915648.0
2022-10-19,1388.52294921875,1413.279052734375,1365.068603515625,1380.669921875,13382354944.0,165890293760.0
2022-10-20,1375.039306640625,1406.778076171875,1348.4765625,1376.083984375,14315522048.0,176048488448.0
2022-10-21,1377.5826416015625,1401.8011474609375,1354.2628173828125,1376.0223388671875,12796698624.0,151129751552.0
2022-10-24,1379.43896484375,1411.65234375,1343.4793701171875,1360.6448974609375,15106715648.0,180064452608.0
2022-10-25,1354.6212158203125,1381.938720703125,1320.639892578125,1354.75341796875,13847326720.0,165200232448.0
2022-10-26,1356.49072265625,1408.2447509765625,1342.252197265625,1387.8199462890625,16131832832.0,200200028160.0
2022-10-27,1389.3076171875,1421.296630859375,1365.6240234375,1386.486328125,15756201984.0,196363436032.0
2022-10-28,1377.4971923828125,1400.46484375,1323.8170166015625,1336.831298828125,16736361472.0,197514526720.0
2022-10-31,1329.61572265625,1378.344970703125,1310.2369384765625,1352.1483154296875,15687389184.0,187134459904.0
2022-11-01,1354.9571533203125,1398.169921875,1336.739501953125,1385.902099609375,16356150272.0,199551418368.0
2022-11-02,1386.2928466796875,1429.15625,1370.619384765625,1406.04541015625,17390579712.0,216303779840.0
2022-11-03,1395.3741455078125,1432.1893310546875,1380.1014404296875,1411.898681640625,15153405952.0,199422984192.0
2022-11-04,1412.46484375,1453.2918701171875,1399.1212158203125,1438.41357421875,17641172992.0,230118260736.0
2022-11-07,1438.5592041015625,1469.6505126953125,1417.614013671875,1443.6636962890625,17048091648.0,220210872320.0
2022-11-08,1442.615478515625,1462.9915771484375,1414.343994140625,1440.403076171875,14403612672.0,180763672576.0
2022-11-09,1440.41015625,1465.2362060546875,1420.80419921875,1439.8458251953125,13441069056.0,164404510720.0
2022-11-10,1432.6925048828125,1460.14794921875,1409.1180419921875,1430.1436767578125,15052716032.0,183303847936.0
2022-11-11,1458.3924560546875,1484.830322265625,1421.8861083984375,1438.2569580078125,20352442368.0,237140705280.0
2022-11-14,1438.8997802734375,1471.49609375,1409.7481689453125,1435.781494140625,18571743232.0,212896579584.0
2022-11-15,1434.78955078125,1480.5224609375,1419.5140380859375,1467.5791015625,18161037312.0,221716250624.0
2022-11-16,1467.804443359375,1493.116943359375,1443.440185546875,1460.751220703125,16428795904.0,195240525824.0
2022-11-17,1458.1600341796875,1483.4639892578125,1432.0003662109375,1466.3160400390625,16866002944.0,198847168512.0
2022-11-18,1466.749755859375,1495.8782958984375,1440.2012939453125,1455.1856689453125,17830715392.0,215157473280.0
2022-11-21,1448.39697265625,1477.5146484375,1422.82958984375,1460.4970703125,14580228096.0,179567689728.0
2022-11-22,1459.03271484375,1483.677001953125,1424.25146484375,1438.8406982421875,16065042432.0,191781765120.0
2022-11-23,1436.7490234375,1458.8905029296875,1400.395263671875,1432.0338134765625,15397218304.0,179521421312.0
2022-11-24,1433.4599609375,1459.575927734375,1415.1392822265625,1435.341796875,13443097600.0,159909380096.0
2022-11-25,1432.9759521484375,1452.3988037109375,1405.699462890625,1422.67041015625,13273207808.0,149034237952.0
2022-11-28,1405.7781982421875,1437.1361083984375,1384.1558837890625,1417.6396484375,13838010368.0,152031625216.0
2022-11-29,1421.25244140625,1460.024169921875,1408.4609375,1445.3262939453125,16788965376.0,180031864832.0
2022-11-30,1445.23095703125,1469.6676025390625,1421.742919921875,1441.59765625,16531343360.0,178510462976.0
2022-12-01,1454.1949462890625,1485.847900390625,1434.2122802734375,1457.119873046875,17231937536.0,199785988096.0
2022-12-02,1454.727783203125,1487.366455078125,1439.4351806640625,1463.80322265625,15819595776.0,179613925376.0
2022-12-05,1470.989990234375,1499.7442626953125,1448.4439697265625,1475.894287109375,18939574272.0,206225539072.0
2022-12-06,1471.0025634765625,1498.8392333984375,1448.265380859375,1471.4891357421875,16424024064.0,191497748480.0
2022-12-07,1468.01708984375,1497.24853515625,1447.8590087890625,1473.55810546875,16520717312.0,188674736128.0
2022-12-08,1471.541015625,1492.90234375,1446.1583251953125,1464.28662109375,15737845760.0,176772055040.0
2022-12-09,1464.5205078125,1490.4744873046875,1441.0919189453125,1465.5592041015625,17052407808.0,201813655552.0
2022-12-12,1463.9456787109375,1488.6439208984375,1437.0628662109375,1461.0548095703125,16056645632.0,185189564416.0
2022-12-13,1460.658203125,1483.458984375,1431.2142333984375,1451.305908203125,15308086272.0,172048744448.0
2022-12-14,1452.4227294921875,1477.359375,1429.7611083984375,1447.3839111328125,14446227456.0,164842700800.0
2022-12-15,1445.4066162109375,1474.8870849609375,1425.8062744140625,1451.9425048828125,13464772608.0,157337403392.0
2022-12-16,1445.7801513671875,1466.6812744140625,1418.5645751953125,1436.30859375,14116914176.0,160312852480.0
2022-12-19,1436.1934814453125,1454.759521484375,1392.57958984375,1405.648193359375,13921623040.0,151493509120.0
2022-12-20,1403.8382568359375,1424.8707275390625,1377.732177734375,1395.5205078125,11348787200.0,128228720640.0
2022-12-21,1395.83642578125,1414.3199462890625,1368.3607177734375,1385.5557861328125,10668646400.0,119323197440.0
2022-12-22,1391.164306640625,1409.4075927734375,1353.8525390625,1364.80322265625,11682471936.0,128339894272.0
2022-12-23,1358.019287109375,1385.2353515625,1338.5609130859375,1361.3785400390625,10049081344.0,112961650688.0
2022-12-26,1362.5198974609375,1398.406494140625,1348.626220703125,1383.55615234375,10434530304.0,122461683712.0
2022-12-27,1386.1842041015625,1411.1475830078125,1363.790283203125,1392.819091796875,11335754752.0,132879040512.0
2022-12-28,1388.5404052734375,1405.7562255859375,1363.5625,1379.8184814453125,11203995648.0,125007568896.0
2022-12-29,1376.5648193359375,1403.17626953125,1359.8660888671875,1377.6715087890625,10661259264.0,119603879936.0
2022-12-30,1382.34912109375,1403.10009765625,1364.544921875,1384.1915283203125,10056646656.0,114313240576.0
2023-01-03,1385.2418212890625,1428.663818359375,1370.172607421875,1414.6795654296875,14176889856.0,160707706880.0
2023-01-04,1414.6468505859375,1440.13134765625,1395.2333984375,1417.7882080078125,13987197952.0,156632580096.0
2023-01-05,1419.154052734375,1446.477294921875,1403.50830078125,1430.429931640625,13020481536.0,155822047232.0
2023-01-06,1429.87158203125,1456.5533447265625,1411.8055419921875,1430.9329833984375,13822374912.0,165796216832.0
2023-01-09,1435.2662353515625,1461.5009765625,1418.6387939453125,1438.2979736328125,13055183872.0,162944057344.0
2023-01-10,1439.565185546875,1459.08154296875,1418.332275390625,1438.37109375,11910330368.0,146634276864.0
2023-01-11,1439.376708984375,1458.8753662109375,1416.5771484375,1427.41943359375,12098148352.0,147472859136.0
2023-01-12,1428.9173583984375,1450.0240478515625,1411.7601318359375,1427.989990234375,11193448448.0,134846595072.0
2023-01-13,1431.3089599609375,1453.4599609375,1412.0687255859375,1436.3392333984375,11800242176.0,138907303936.0
2023-01-16,1437.3822021484375,1473.5965576171875,1425.2960205078125,1453.10888671875,15029749760.0,175416639488.0
2023-01-17,1454.9761962890625,1475.1671142578125,1434.770751953125,1452.639892578125,11551180800.0,139660967936.0
2023-01-18,1456.291015625,1475.740234375,1439.6893310546875,1456.446044921875,11266329600.0,125976035328.0
2023-01-19,1454.786376953125,1481.58984375,1440.561767578125,1470.0364990234375,11469045760.0,135675330560.0
2023-01-20,1472.8663330078125,1499.7806396484375,1459.9483642578125,1482.8502197265625,13099883520.0,154872283136.0
2023-01-30,1499.367431640625,1526.013427734375,1477.5533447265625,1496.6025390625,18106265600.0,211140050944.0
2023-01-31,1491.5921630859375,1520.6754150390625,1475.23583984375,1501.7022705078125,15635824640.0,180790083584.0
2023-02-01,1503.740966796875,1537.177490234375,1489.8106689453125,1526.239990234375,17930833920.0,208871374848.0
2023-02-02,1528.6798095703125,1557.0384521484375,1509.163818359375,1530.6988525390625,17665417216.0,212328054784.0
2023-02-03,1528.8668212890625,1549.607666015625,1500.8670654296875,1529.7154541015625,16676904960.0,194152759296.0
2023-02-06,1525.0919189453125,1547.4095458984375,1502.6893310546875,1523.734375,15477604352.0,182865346560.0
2023-02-07,1525.6407470703125,1551.2806396484375,1506.1029052734375,1532.3306884765625,15903268864.0,187069726720.0
2023-02-08,1532.8695068359375,1552.054443359375,1509.755126953125,1522.404052734375,14661689344.0,173815136256.0
2023-02-09,1519.58642578125,1557.996337890625,1507.418701171875,1548.3155517578125,15839479808.0,194994536448.0
2023-02-10,1546.7464599609375,1570.5577392578125,1525.1600341796875,1544.9791259765625,16166197248.0,189923393536.0
2023-02-13,1545.498291015625,1579.25927734375,1531.3944091796875,1561.9837646484375,17086046208.0,207706783744.0
2023-02-14,1565.1834716796875,1587.93115234375,1544.310546875,1565.38232421875,16095848448.0,199029653504.0
2023-02-15,1565.74755859375,1591.196044921875,1545.1739501953125,1566.7091064453125,16874022912.0,207038414848.0
2023-02-16,1566.9276123046875,1592.8978271484375,1518.682861328125,1535.677001953125,22904154112.0,263155302400.0
2023-02-17,1537.5924072265625,1562.9283447265625,1511.26708984375,1526.7760009765625,18162993152.0,203845828608.0
2023-02-20,1527.9385986328125,1558.2308349609375,1505.558837890625,1546.9581298828125,17476395008.0,196438654976.0
2023-02-21,1549.6937255859375,1577.23779296875,1529.76025390625,1554.3697509765625,18102173696.0,203386322944.0
2023-02-22,1548.0247802734375,1575.8646240234375,1532.45703125,1557.4659423828125,15240898560.0,175966912512.0
2023-02-23,1557.8575439453125,1577.9139404296875,1534.282470703125,1550.90673828125,14997791744.0,172438847488.0
2023-02-24,1552.0126953125,1568.9102783203125,1529.49560546875,1546.857177734375,12794757120.0,151978033152.0
2023-02-27,1543.3944091796875,1565.3648681640625,1519.0155029296875,1535.115234375,13656940544.0,162346172416.0
2023-02-28,1538.6572265625,1563.594482421875,1521.204345703125,1549.470947265625,13886179328.0,164461395968.0
2023-03-01,1549.75927734375,1573.84765625,1532.0997314453125,1560.4647216796875,16501128192.0,194162933760.0
2023-03-02,1559.8101806640625,1582.5452880859375,1537.7562255859375,1554.5374755859375,17644285952.0,202422124544.0
2023-03-03,1554.443115234375,1575.6373291015625,1533.3148193359375,1553.1805419921875,16362670080.0,184879611904.0
2023-03-06,1554.814697265625,1579.921875,1531.222900390625,1558.0230712890625,15971584000.0,194154250240.0
2023-03-07,1556.980712890625,1573.3310546875,1519.8814697265625,1525.84814453125,16936261632.0,189478404096.0
2023-03-08,1522.3985595703125,1550.4345703125,1508.3916015625,1535.1990966796875,12886431744.0,152705794048.0
2023-03-09,1537.0638427734375,1558.4173583984375,1515.9312744140625,1536.1251220703125,13395248128.0,155909341184.0
2023-03-10,1527.9912109375,1547.515380859375,1502.5911865234375,1516.4412841796875,14814605312.0,170506321920.0
2023-03-13,1512.645263671875,1540.7467041015625,1490.9046630859375,1522.9239501953125,14955892736.0,176170860544.0
2023-03-14,1521.442138671875,1541.57275390625,1484.2850341796875,1509.0401611328125,16575537152.0,197124653056.0
2023-03-15,1515.0198974609375,1546.7789306640625,1498.69775390625,1519.712158203125,14797177856.0,171749343232.0
2023-03-16,1512.759765625,1532.8121337890625,1482.2135009765625,1495.400146484375,15062827008.0,175508127744.0
2023-03-17,1504.1119384765625,1532.7421875,1484.8885498046875,1506.6890869140625,17146805248.0,204155944960.0
2023-03-20,1509.1475830078125,1533.801025390625,1477.9869384765625,1502.9256591796875,18638262272.0,230174326784.0
2023-03-21,1504.532958984375,1537.62646484375,1489.1080322265625,1523.4908447265625,15531687936.0,195253239808.0
2023-03-22,1528.1256103515625,1553.053466796875,1507.044189453125,1530.1573486328125,17039767552.0,211699056640.0
2023-03-23,1527.8143310546875,1551.6326904296875,1507.121826171875,1533.67578125,17581219840.0,224978305024.0
2023-03-24,1535.101318359375,1560.0206298828125,1510.3131103515625,1532.7515869140625,19204124672.0,240207101952.0
2023-03-27,1533.617431640625,1562.3643798828125,1505.8792724609375,1534.4383544921875,20686704640.0,270611693568.0
2023-03-28,1534.55419921875,1556.9658203125,1505.7279052734375,1523.028076171875,18106552320.0,236725305344.0
2023-03-29,1523.3636474609375,1548.9715576171875,1497.353759765625,1518.068115234375,17090754560.0,220165767168.0
2023-03-30,1517.5357666015625,1539.76904296875,1491.8494873046875,1518.0301513671875,15551054848.0,195037118464.0
2023-03-31,1517.9852294921875,1549.7144775390625,1501.572265625,1531.0731201171875,16093696000.0,202602545152.0
2023-04-03,1531.4515380859375,1565.7335205078125,1511.7584228515625,1546.3436279296875,20648427520.0,274916835328.0
2023-04-04,1546.19580078125,1574.37451171875,1515.1358642578125,1541.7030029296875,22622130176.0,306141954048.0
2023-04-06,1537.5084228515625,1571.2259521484375,1514.55126953125,1546.1474609375,20248229888.0,281226969088.0
2023-04-07,1547.4302978515625,1580.9906005859375,1529.2142333984375,1560.954833984375,17710198784.0,242608177152.0
2023-04-10,1562.757080078125,1587.4541015625,1527.4281005859375,1547.0106201171875,19200540672.0,265199173632.0
2023-04-11,1547.095947265625,1573.52197265625,1522.845703125,1550.9085693359375,17275023360.0,228357144576.0
2023-04-12,1552.5283203125,1582.755859375,1531.1656494140625,1558.7435302734375,19136987136.0,252639248384.0
2023-04-13,1557.311767578125,1583.040771484375,1530.5673828125,1550.290771484375,19378100224.0,253331505152.0
2023-04-14,1552.855712890625,1583.061279296875,1529.6552734375,1559.3028564453125,18607546368.0,249159548928.0
2023-04-17,1557.570556640625,1587.011962890625,1535.2899169921875,1560.744140625,18463318016.0,235338072064.0
2023-04-18,1558.974365234375,1581.833740234375,1532.56005859375,1555.7135009765625,17102102528.0,221281583104.0
2023-04-19,1553.88623046875,1580.4910888671875,1529.1256103515625,1547.8968505859375,18022955008.0,237689585664.0
2023-04-20,1545.8193359375,1569.357666015625,1514.7200927734375,1542.3682861328125,18571501568.0,249390415872.0
2023-04-21,1540.44287109375,1564.2923583984375,1493.2513427734375,1503.7576904296875,20510683136.0,266671882240.0
2023-04-24,1502.257568359375,1529.3656005859375,1467.87353515625,1494.6915283203125,18314463232.0,233604513792.0
2023-04-25,1492.1290283203125,1513.9090576171875,1437.6102294921875,1466.3939208984375,20626587648.0,247485628416.0
2023-04-26,1461.159423828125,1507.1617431640625,1436.110595703125,1476.8787841796875,19687923712.0,254123868160.0
2023-04-27,1472.3277587890625,1509.5091552734375,1448.3594970703125,1482.283935546875,18555019264.0,232047935488.0
2023-04-28,1477.2564697265625,1521.4921875,1458.7919921875,1500.63134765625,20059949056.0,241929273344.0
2023-05-04,1495.6962890625,1533.041015625,1471.2884521484375,1504.0751953125,21407674368.0,252755410944.0
2023-05-05,1502.390625,1522.419677734375,1463.6153564453125,1488.0098876953125,19718316032.0,232757182464.0
2023-05-08,1489.504150390625,1524.1224365234375,1468.9796142578125,1498.402587890625,21586008064.0,239780233216.0
2023-05-09,1497.2645263671875,1523.654052734375,1465.018310546875,1478.8387451171875,23018123264.0,256339230720.0
2023-05-10,1476.6126708984375,1508.7042236328125,1455.387939453125,1485.3846435546875,18202052608.0,212227325952.0
2023-05-11,1486.85205078125,1514.3404541015625,1465.57666015625,1486.05224609375,16428667904.0,192273317888.0
2023-05-12,1483.483154296875,1507.1373291015625,1456.7301025390625,1469.3155517578125,16164113408.0,183608115200.0
2023-05-15,1468.8275146484375,1496.2254638671875,1441.4632568359375,1480.0465087890625,17005488128.0,191863226368.0
2023-05-16,1480.0260009765625,1498.0640869140625,1450.5845947265625,1465.7138671875,15050169344.0,178199461888.0
2023-05-17,1462.39794921875,1489.7205810546875,1446.4127197265625,1474.5672607421875,13262583808.0,156078817280.0
2023-05-18,1475.0897216796875,1500.0721435546875,1456.47119140625,1478.6383056640625,15207231488.0,186333528064.0
2023-05-19,1476.57763671875,1503.2718505859375,1456.333740234375,1483.4014892578125,14322380800.0,179071778816.0
2023-05-22,1481.4166259765625,1506.6719970703125,1461.2603759765625,1485.7369384765625,13816457216.0,163204579328.0
2023-05-23,1485.3023681640625,1505.5369873046875,1461.21826171875,1471.89208984375,13528742912.0,158376853504.0
2023-05-24,1467.822265625,1491.4974365234375,1446.71728515625,1466.99267578125,13297543168.0,163476979712.0
2023-05-25,1464.22021484375,1488.2513427734375,1437.7757568359375,1463.553955078125,14382349312.0,175437758464.0
2023-05-26,1463.1412353515625,1488.3681640625,1438.9593505859375,1472.3309326171875,13332312064.0,170164830208.0
2023-05-29,1474.589599609375,1501.0740966796875,1449.908935546875,1470.048583984375,16077507584.0,204321521664.0
2023-05-30,1467.533203125,1492.09228515625,1440.7857666015625,1475.614013671875,15904266240.0,193152155648.0
2023-05-31,1473.5926513671875,1497.7763671875,1452.6732177734375,1473.2117919921875,15028263936.0,197141086208.0
2023-06-01,1469.85693359375,1501.3746337890625,1450.52783203125,1477.222900390625,16109090816.0,208776085504.0
2023-06-02,1479.866455078125,1511.1995849609375,1464.285400390625,1490.1915283203125,15621629952.0,198301483008.0
2023-06-05,1491.6590576171875,1513.6484375,1469.789794921875,1490.588623046875,14348251136.0,186650951680.0
2023-06-06,1489.4158935546875,1504.9049072265625,1449.4832763671875,1458.9931640625,15880100864.0,198453133312.0
2023-06-07,1459.5823974609375,1484.35302734375,1439.24560546875,1460.52685546875,13751272448.0,169239134208.0
2023-06-08,1459.171630859375,1478.982177734375,1432.6207275390625,1452.2886962890625,14173534208.0,172327141376.0
2023-06-09,1453.85693359375,1480.418212890625,1433.3638916015625,1461.197509765625,15867000832.0,202023501824.0
2023-06-12,1460.152587890625,1491.73583984375,1439.8963623046875,1470.3280029296875,15681844224.0,197615927296.0
2023-06-13,1469.6966552734375,1494.9783935546875,1451.4642333984375,1474.1478271484375,15511313408.0,202077306880.0
2023-06-14,1475.3505859375,1499.1182861328125,1455.753173828125,1476.796630859375,16033906688.0,210426003456.0
2023-06-15,1477.3428955078125,1507.1171875,1458.13916015625,1487.756591796875,16201381888.0,218865369088.0
2023-06-16,1488.547607421875,1517.0816650390625,1472.4454345703125,1498.259521484375,16595175424.0,219205173248.0
2023-06-19,1498.886962890625,1525.6337890625,1478.58642578125,1499.005615234375,17913460736.0,242641600512.0
2023-06-20,1498.6820068359375,1522.9522705078125,1476.4263916015625,1496.87353515625,16928094208.0,237096304640.0
2023-06-21,1494.96337890625,1514.3670654296875,1462.9130859375,1471.667236328125,16514648064.0,222623236096.0
2023-06-26,1463.5711669921875,1488.4522705078125,1431.04541015625,1447.697265625,16645283840.0,209087315968.0
2023-06-27,1448.5340576171875,1486.5263671875,1435.7412109375,1470.236083984375,14536936448.0,178138398720.0
2023-06-28,1470.2623291015625,1487.6446533203125,1433.7379150390625,1464.8267822265625,15538614272.0,191049957376.0
2023-06-29,1462.423095703125,1495.2218017578125,1448.1209716796875,1474.6136474609375,14548701184.0,186672676864.0
2023-06-30,1473.805419921875,1512.471435546875,1460.65625,1494.3123779296875,15902978048.0,205196673024.0
2023-07-03,1497.8135986328125,1528.356689453125,1476.11572265625,1501.70166015625,16797855744.0,225625489408.0
2023-07-04,1501.6981201171875,1527.308349609375,1482.807373046875,1507.0474853515625,14582038528.0,203584274432.0
2023-07-05,1506.196044921875,1526.4727783203125,1483.7161865234375,1497.14208984375,13854281728.0,184778784768.0
2023-07-06,1495.0218505859375,1517.48388671875,1475.8116455078125,1492.241455078125,12900740096.0,173721960448.0
2023-07-07,1489.5838623046875,1507.789306640625,1464.5784912109375,1484.1241455078125,12832790528.0,164996218880.0
2023-07-10,1488.3360595703125,1510.9813232421875,1468.2625732421875,1486.9290771484375,12498480128.0,158540726272.0
2023-07-11,1488.8045654296875,1513.958984375,1472.3583984375,1499.7337646484375,12419276800.0,163273441280.0
2023-07-12,1499.908935546875,1516.76220703125,1470.4254150390625,1480.9869384765625,14546805760.0,187051032576.0
2023-07-13,1483.8187255859375,1512.360595703125,1470.4931640625,1495.528076171875,14049451008.0,180915175424.0
2023-07-14,1496.760498046875,1517.3856201171875,1476.3115234375,1493.070556640625,14078329856.0,188566798336.0
2023-07-17,1488.5792236328125,1507.768798828125,1463.93994140625,1487.13671875,13125023744.0,169209561088.0
2023-07-18,1487.700439453125,1509.2781982421875,1466.8212890625,1487.8828125,12481558528.0,160022183936.0
2023-07-19,1487.127197265625,1506.1964111328125,1468.251708984375,1485.053955078125,11353542656.0,141902020608.0
2023-07-20,1486.912109375,1504.4947509765625,1462.1351318359375,1469.924560546875,12699840512.0,155194327040.0
2023-07-21,1467.3662109375,1492.10498046875,1451.1507568359375,1470.2720947265625,11778304000.0,138826498048.0
2023-07-24,1469.7469482421875,1491.071044921875,1449.5675048828125,1467.620361328125,11334770688.0,129890500608.0
2023-07-25,1479.409423828125,1508.3729248046875,1465.2933349609375,1492.4847412109375,15287789568.0,173426720768.0
2023-07-26,1492.5330810546875,1510.2001953125,1469.728515625,1486.8043212890625,15443224576.0,156719251456.0
2023-07-27,1486.4263916015625,1506.3741455078125,1464.33642578125,1475.56005859375,14921266176.0,153228722176.0
2023-07-28,1471.5958251953125,1502.1053466796875,1454.8489990234375,1489.9427490234375,16272003072.0,166582386688.0
2023-07-31,1492.4888916015625,1525.1458740234375,1476.6600341796875,1502.2628173828125,19078844416.0,200612511744.0
2023-08-01,1501.48779296875,1522.6162109375,1480.047607421875,1499.8271484375,19039715328.0,183590027264.0
2023-08-02,1498.374267578125,1518.8052978515625,1479.28125,1496.7276611328125,17401528320.0,171110957056.0
2023-08-03,1491.848388671875,1515.2685546875,1476.4400634765625,1498.327880859375,16853878784.0,164830183424.0
2023-08-04,1502.0712890625,1527.448974609375,1484.647705078125,1502.9010009765625,20077416448.0,205415677952.0
2023-08-07,1500.09326171875,1517.5401611328125,1476.4647216796875,1493.1417236328125,17435752448.0,185333350400.0
2023-08-08,1491.9666748046875,1509.6278076171875,1469.551025390625,1486.8115234375,14726723584.0,154646577152.0
2023-08-09,1482.8779296875,1501.416015625,1463.09521484375,1478.31591796875,13665183744.0,148343586816.0
2023-08-10,1475.95263671875,1496.105712890625,1462.0301513671875,1479.8115234375,13587917824.0,134873268224.0
2023-08-11,1480.86376953125,1493.2388916015625,1447.0467529296875,1452.7772216796875,15354382336.0,149330411520.0
2023-08-14,1441.296875,1465.5787353515625,1419.7373046875,1453.89208984375,14278760448.0,145626316800.0
2023-08-15,1453.4345703125,1467.914306640625,1422.734375,1441.5107421875,12681741312.0,132851531776.0
2023-08-16,1437.01416015625,1457.0657958984375,1415.51416015625,1427.1298828125,12891851776.0,132390723584.0
2023-08-17,1423.4188232421875,1452.5013427734375,1405.0576171875,1441.0987548828125,13320718336.0,139152588800.0
2023-08-18,1440.4810791015625,1458.114990234375,1409.29541015625,1413.7852783203125,14361459712.0,139942739968.0
2023-08-21,1411.7518310546875,1435.3994140625,1392.6737060546875,1400.247802734375,12114470912.0,119633715200.0
2023-08-22,1405.49169921875,1425.952392578125,1373.9921875,1406.0008544921875,14916737024.0,153871286272.0
2023-08-23,1403.3917236328125,1415.6549072265625,1371.2999267578125,1379.2042236328125,13279601664.0,135807074304.0
2023-08-24,1382.3890380859375,1408.1298828125,1360.950439453125,1381.29833984375,13906688000.0,146793168896.0
2023-08-25,1376.1546630859375,1396.32861328125,1344.4664306640625,1358.38330078125,14518700032.0,150562439168.0
2023-08-28,1431.418212890625,1444.851318359375,1359.1802978515625,1368.9288330078125,21823201280.0,213172928512.0
2023-08-29,1366.3443603515625,1422.9222412109375,1356.255126953125,1412.2491455078125,19344601088.0,200633237504.0
2023-08-30,1413.71923828125,1444.0517578125,1396.900390625,1418.9576416015625,17364690944.0,194127659008.0
2023-08-31,1416.6517333984375,1434.6304931640625,1393.3104248046875,1410.2569580078125,14823198720.0,161004814336.0
2023-09-01,1411.541015625,1432.468017578125,1393.87548828125,1411.9908447265625,12862851072.0,138221322240.0
2023-09-04,1417.17236328125,1444.822265625,1401.728515625,1433.7808837890625,16106535936.0,167770701824.0
2023-09-05,1431.42822265625,1449.6202392578125,1413.06201171875,1427.12890625,14580416512.0,162636726272.0
2023-09-06,1422.580078125,1446.269775390625,1405.6646728515625,1434.0081787109375,13389209600.0,154853572608.0
2023-09-07,1431.992431640625,1443.7630615234375,1402.6737060546875,1408.2408447265625,13638234112.0,150714761216.0
2023-09-08,1404.154052734375,1430.6337890625,1391.15380859375,1412.6654052734375,12257830912.0,142083244032.0
2023-09-11,1414.933837890625,1445.74169921875,1398.88818359375,1430.3587646484375,14907209728.0,172589285376.0
2023-09-12,1429.1434326171875,1449.148193359375,1414.919189453125,1431.1180419921875,12455945216.0,144771923968.0
2023-09-13,1428.3284912109375,1440.781494140625,1398.9464111328125,1413.6529541015625,12884691968.0,137493577728.0
2023-09-14,1413.50537109375,1426.2030029296875,1391.2091064453125,1405.593017578125,11816402944.0,123059675136.0
2023-09-15,1408.8546142578125,1430.009765625,1390.2156982421875,1410.2310791015625,12841339904.0,137783246848.0
2023-09-18,1406.03173828125,1430.2052001953125,1388.4171142578125,1413.1451416015625,12241575936.0,132969971712.0
2023-09-19,1411.7659912109375,1425.0618896484375,1388.23828125,1401.5062255859375,11656023040.0,121079848960.0
2023-09-20,1398.7996826171875,1415.1455078125,1381.81640625,1390.1331787109375,10939713536.0,115642449920.0
2023-09-21,1387.2479248046875,1403.016357421875,1369.6090087890625,1379.3189697265625,10293764096.0,107167137792.0
2023-09-22,1377.7513427734375,1411.099853515625,1365.822509765625,1404.75390625,13835544576.0,147800981504.0
2023-09-25,1403.9390869140625,1421.1422119140625,1382.150146484375,1398.42138671875,13391931392.0,146282708992.0
2023-09-26,1396.3955078125,1412.1964111328125,1379.188232421875,1390.64794921875,11781484544.0,127029198848.0
2023-09-27,1389.5045166015625,1418.9755859375,1379.138916015625,1400.2933349609375,12592723968.0,141278707712.0
2023-09-28,1403.307373046875,1426.0152587890625,1390.7598876953125,1409.9227294921875,13179697152.0,144764764160.0
2023-10-09,1408.909423828125,1426.1141357421875,1384.0982666015625,1403.7237548828125,14123896832.0,151374315520.0
2023-10-10,1406.1732177734375,1425.8614501953125,1384.271484375,1398.4051513671875,14514835456.0,164183441408.0
2023-10-11,1401.154052734375,1426.841796875,1384.0657958984375,1402.6090087890625,14799544320.0,169349267456.0
2023-10-12,1408.5386962890625,1431.4700927734375,1391.5765380859375,1414.14306640625,15001749504.0,171667914752.0
2023-10-13,1408.7694091796875,1428.4072265625,1388.6376953125,1408.126708984375,14856195072.0,174075412480.0
2023-10-16,1409.7498779296875,1425.1258544921875,1378.29736328125,1394.5389404296875,16888697856.0,187595030528.0
2023-10-17,1395.25927734375,1410.5150146484375,1372.29638671875,1391.6748046875,14347978752.0,158570299392.0
2023-10-18,1387.85888671875,1399.0709228515625,1355.7005615234375,1366.13671875,14921455616.0,164665622528.0
2023-10-19,1360.062255859375,1384.716796875,1340.775390625,1351.7979736328125,15972054016.0,169977380864.0
2023-10-20,1346.0748291015625,1370.4989013671875,1325.6094970703125,1338.1295166015625,14308323328.0,152073207808.0
2023-10-23,1334.0654296875,1348.5362548828125,1291.60693359375,1306.1875,15013797888.0,156462252032.0
2023-10-24,1310.0721435546875,1343.1905517578125,1292.7060546875,1328.0753173828125,15620802560.0,163599466496.0
2023-10-25,1336.6724853515625,1367.8555908203125,1321.4620361328125,1342.131591796875,16864921600.0,178946015232.0
2023-10-26,1335.02587890625,1361.0111083984375,1314.189697265625,1348.66748046875,16210778112.0,177171578880.0
2023-10-27,1344.2890625,1388.6881103515625,1327.255859375,1374.929931640625,17806247936.0,201532112896.0
2023-10-30,1370.432861328125,1411.1834716796875,1356.1845703125,1394.283447265625,18529157120.0,219628060672.0
2023-10-31,1393.51171875,1413.5819091796875,1369.113037109375,1387.3880615234375,17041832960.0,196000268288.0
2023-11-01,1387.965576171875,1409.2470703125,1368.7440185546875,1387.0975341796875,15206141952.0,169629138944.0
2023-11-02,1387.158935546875,1403.700439453125,1362.2662353515625,1370.7923583984375,14424244224.0,159352389632.0
2023-11-03,1373.154296875,1405.44775390625,1363.965087890625,1389.8033447265625,15068561408.0,172570853376.0
2023-11-06,1397.101318359375,1429.39208984375,1386.6512451171875,1417.66943359375,19222908928.0,215540563968.0
2023-11-07,1416.5548095703125,1436.141357421875,1398.9859619140625,1420.917724609375,17913675776.0,206605090816.0
2023-11-08,1420.895751953125,1443.639892578125,1403.579833984375,1424.504150390625,18931853312.0,224318849024.0
2023-11-09,1423.8817138671875,1442.8720703125,1404.122802734375,1416.642822265625,16729229312.0,197856018432.0
2023-11-10,1411.9642333984375,1431.641845703125,1394.6624755859375,1414.2025146484375,14605424640.0,169645047808.0
2023-11-13,1418.18603515625,1440.881591796875,1402.443359375,1426.6087646484375,15576567808.0,185947750400.0
2023-11-14,1426.499267578125,1449.641845703125,1413.97021484375,1434.9447021484375,16517492736.0,195738959872.0
2023-11-15,1444.6673583984375,1464.1832275390625,1426.22509765625,1443.7294921875,17356709888.0,214435069952.0
2023-11-16,1440.3529052734375,1455.0997314453125,1420.5352783203125,1429.593994140625,14865479680.0,180512063488.0
2023-11-17,1427.3287353515625,1452.6749267578125,1415.8023681640625,1441.414794921875,15134011392.0,178808930304.0
2023-11-20,1443.8994140625,1467.2935791015625,1427.192626953125,1453.7410888671875,16616773632.0,200076591104.0
2023-11-21,1455.083984375,1474.8824462890625,1435.0836181640625,1447.0867919921875,18157619200.0,210626412544.0
2023-11-22,1443.27001953125,1462.9271240234375,1422.7109375,1430.612548828125,17575211008.0,190989549568.0
2023-11-23,1428.72998046875,1456.1185302734375,1416.2022705078125,1445.8968505859375,15651362816.0,169617260544.0
2023-11-24,1445.2833251953125,1457.7666015625,1416.8892822265625,1428.9083251953125,15475887104.0,165929615360.0
2023-11-27,1427.2015380859375,1447.8807373046875,1406.8751220703125,1426.75634765625,15955070976.0,169662791680.0
2023-11-28,1424.19677734375,1446.932861328125,1407.5435791015625,1435.1597900390625,13261336576.0,146958974976.0
2023-11-29,1434.112548828125,1452.9080810546875,1415.2940673828125,1427.6943359375,14016899072.0,149881389056.0
2023-11-30,1426.113037109375,1440.68115234375,1400.9517822265625,1419.36767578125,13530864640.0,148225474560.0
2023-12-01,1419.3631591796875,1442.5384521484375,1402.3348388671875,1428.587158203125,15028068352.0,166090768384.0
2023-12-04,1429.25146484375,1448.2802734375,1409.212646484375,1424.9571533203125,15814254592.0,177072930816.0
2023-12-05,1421.220458984375,1433.9586181640625,1391.74072265625,1397.6007080078125,14725447680.0,162512338944.0
2023-12-06,1394.3790283203125,1424.388671875,1382.0574951171875,1404.6600341796875,14837396480.0,153827852288.0
2023-12-07,1403.8314208984375,1421.5391845703125,1382.7913818359375,1402.8516845703125,15311306752.0,166906740736.0
2023-12-08,1402.9786376953125,1424.072998046875,1382.07080078125,1395.142333984375,17364150272.0,194131623936.0
2023-12-11,1391.11474609375,1419.8602294921875,1368.9814453125,1412.139892578125,16430982144.0,180810268672.0
2023-12-12,1411.260009765625,1428.6243896484375,1394.460693359375,1413.339599609375,13609017344.0,157568352256.0
2023-12-13,1411.0894775390625,1428.92578125,1391.9805908203125,1401.1793212890625,12996075520.0,147254951936.0
2023-12-14,1405.580322265625,1424.81591796875,1387.9744873046875,1396.7642822265625,12755122176.0,141843726336.0
2023-12-15,1398.7733154296875,1414.3563232421875,1376.5830078125,1386.8485107421875,12749527040.0,137786064896.0
2023-12-18,1384.0391845703125,1397.496826171875,1356.370361328125,1365.114501953125,12893508608.0,132021469184.0
2023-12-19,1364.6458740234375,1381.3377685546875,1346.6483154296875,1365.7852783203125,11360409600.0,116846542848.0
2023-12-20,1367.483154296875,1380.312744140625,1340.2076416015625,1345.1546630859375,11201125376.0,119871799296.0
2023-12-21,1340.7880859375,1365.8936767578125,1321.277587890625,1353.7681884765625,12577884160.0,134510755840.0
2023-12-22,1353.6566162109375,1370.1844482421875,1325.47412109375,1340.660888671875,14097158144.0,146081021952.0
2023-12-25,1338.8062744140625,1357.3419189453125,1319.62451171875,1339.12255859375,11205072896.0,116710227968.0
2023-12-26,1338.837646484375,1349.820068359375,1309.5157470703125,1320.736083984375,10793457664.0,113556488192.0
2023-12-27,1321.9498291015625,1342.5970458984375,1305.857666015625,1330.1678466796875,11210942464.0,116625981440.0
2023-12-28,1328.312744140625,1369.4044189453125,1313.9798583984375,1357.6895751953125,14936093696.0,157314564096.0
2023-12-29,1356.430908203125,1386.908203125,1347.593017578125,1375.864501953125,14182036480.0,158751342592.0
2024-01-02,1376.9208984375,1395.5872802734375,1357.304443359375,1371.06494140625,13544579072.0,146444206080.0
2024-01-03,1367.51513671875,1385.8822021484375,1347.11572265625,1364.9554443359375,12338118656.0,131179266048.0
2024-01-04,1362.9351806640625,1374.5372314453125,1340.91162109375,1356.1234130859375,10651455488.0,112642949120.0
2024-01-05,1355.2784423828125,1370.490478515625,1322.6558837890625,1332.3792724609375,12352518144.0,126682947584.0
2024-01-08,1329.8270263671875,1339.469970703125,1295.50732421875,1301.216064453125,11436355584.0,112633888768.0
2024-01-09,1303.1756591796875,1326.5126953125,1284.7694091796875,1303.761962890625,11405736960.0,114678407168.0
2024-01-10,1300.8536376953125,1319.287353515625,1275.9842529296875,1295.230224609375,11003338752.0,108158124032.0
2024-01-11,1294.6192626953125,1329.283935546875,1284.8555908203125,1318.5533447265625,12857178112.0,123635433472.0
2024-01-12,1316.43798828125,1339.2115478515625,1300.8055419921875,1310.8961181640625,12488615936.0,118289973248.0
2024-01-15,1307.3489990234375,1327.8175048828125,1289.64990234375,1307.416259765625,11235411968.0,107428093952.0
2024-01-16,1306.314453125,1319.993408203125,1279.065185546875,1302.289306640625,12063389696.0,113669513216.0
2024-01-17,1300.1011962890625,1310.7880859375,1264.925048828125,1267.9395751953125,10748787712.0,104138702848.0
2024-01-18,1261.30810546875,1276.7767333984375,1218.3095703125,1261.6898193359375,15385274368.0,142966456320.0
2024-01-19,1259.8360595703125,1278.2874755859375,1238.0521240234375,1246.55908203125,10984493056.0,109174685696.0
2024-01-22,1244.2186279296875,1253.1357421875,1161.667236328125,1173.399169921875,14914184192.0,139600822272.0
2024-01-23,1171.1766357421875,1202.7540283203125,1149.5576171875,1189.8187255859375,13475993600.0,124162899968.0
2024-01-24,1195.3863525390625,1220.068359375,1157.170654296875,1206.313232421875,14820384768.0,135222050816.0
2024-01-25,1206.7484130859375,1255.36767578125,1191.9144287109375,1248.68701171875,16893280256.0,158319214592.0
2024-01-26,1246.744140625,1270.6832275390625,1225.502685546875,1238.9788818359375,16096679936.0,150031253504.0
2024-01-29,1241.9791259765625,1257.4071044921875,1199.1820068359375,1206.3516845703125,15566657536.0,141294665728.0
2024-01-30,1198.4029541015625,1217.3487548828125,1163.6500244140625,1170.1253662109375,12977455104.0,117586952192.0
2024-01-31,1162.0511474609375,1181.03955078125,1113.1815185546875,1121.585205078125,16385688576.0,139299749888.0
2024-02-01,1114.327880859375,1145.7178955078125,1087.805908203125,1111.992431640625,15242866688.0,129099530240.0
2024-02-02,1112.5426025390625,1134.8109130859375,1029.603271484375,1067.815673828125,18318870528.0,150000795648.0
2024-02-05,1057.8568115234375,1070.90234375,966.2579956054688,996.1106567382812,21890424832.0,166206914560.0
2024-02-06,979.9029541015625,1080.1951904296875,955.6921997070312,1062.415771484375,21775200256.0,169330966528.0
2024-02-07,1065.2779541015625,1130.89892578125,1054.0743408203125,1107.6317138671875,22426972160.0,188713238528.0
2024-02-08,1113.2369384765625,1187.6624755859375,1102.6810302734375,1162.1761474609375,22559506432.0,192261783552.0
2024-02-19,1177.099609375,1198.8043212890625,1142.287353515625,1169.7969970703125,21069402112.0,185885016064.0
2024-02-20,1164.2481689453125,1185.34423828125,1141.50048828125,1173.3555908203125,15964770304.0,151079010304.0
2024-02-21,1163.7872314453125,1219.086181640625,1152.0296630859375,1182.878173828125,19997655040.0,178053447680.0
2024-02-22,1182.5269775390625,1211.10546875,1173.384765625,1200.66796875,15825208320.0,146838683648.0
2024-02-23,1204.5714111328125,1227.7225341796875,1186.14697265625,1219.7716064453125,17682202624.0,167541145600.0
2024-02-26,1222.4935302734375,1252.3011474609375,1205.228515625,1228.079833984375,19037294592.0,180222590976.0
2024-02-27,1223.9853515625,1263.6722412109375,1213.609619140625,1259.8485107421875,18824108032.0,183476436992.0
2024-02-28,1262.07421875,1292.14697265625,1197.316650390625,1201.2943115234375,26884108288.0,251859533824.0
2024-02-29,1193.874267578125,1249.639892578125,1188.33935546875,1245.3585205078125,19416385536.0,185219973120.0
2024-03-01,1247.935302734375,1272.4033203125,1231.478515625,1257.92919921875,19063275520.0,196339335168.0
2024-03-04,1259.948974609375,1281.7496337890625,1233.1527099609375,1261.064697265625,18554003456.0,199765409792.0
2024-03-05,1253.4644775390625,1272.177001953125,1230.2615966796875,1246.8826904296875,18009948160.0,196428300288.0
2024-03-06,1240.7239990234375,1268.2139892578125,1224.0736083984375,1249.347412109375,15979292672.0,164978917376.0
2024-03-07,1251.8935546875,1273.2432861328125,1225.754150390625,1232.54638671875,16629513216.0,167524663296.0
2024-03-08,1233.9278564453125,1258.803955078125,1219.07958984375,1246.3739013671875,14382033920.0,147532316672.0
2024-03-11,1244.5318603515625,1277.070556640625,1232.7576904296875,1270.2459716796875,16974374912.0,175152726016.0
2024-03-12,1272.8096923828125,1298.140625,1256.5704345703125,1280.800048828125,19017424896.0,198909263872.0
2024-03-13,1281.549072265625,1304.3238525390625,1264.6636962890625,1285.2298583984375,18707675136.0,200355381248.0
2024-03-14,1285.7403564453125,1304.977783203125,1259.4490966796875,1276.9859619140625,17441105920.0,184410013696.0
2024-03-15,1273.882080078125,1300.5699462890625,1259.1129150390625,1293.1177978515625,16630726656.0,171573280768.0
2024-03-18,1297.3192138671875,1322.6572265625,1281.8746337890625,1314.4757080078125,19976067072.0,212069711872.0
2024-03-19,1311.4244384765625,1331.74169921875,1294.960693359375,1305.927490234375,18678190080.0,202358292480.0
2024-03-20,1304.35986328125,1331.1978759765625,1292.8087158203125,1318.67822265625,18459197440.0,199862419456.0
2024-03-21,1321.9188232421875,1341.7552490234375,1299.9959716796875,1318.0294189453125,20006729728.0,215621369856.0
2024-03-22,1315.73486328125,1332.5888671875,1282.253173828125,1300.533203125,21625483264.0,226506014720.0
2024-03-25,1296.924072265625,1319.7991943359375,1262.6192626953125,1270.1046142578125,21096515584.0,224613400576.0
2024-03-26,1267.851806640625,1291.787841796875,1242.9580078125,1267.3277587890625,18896089088.0,197261344768.0
2024-03-27,1265.123291015625,1279.7738037109375,1219.9482421875,1225.7401123046875,18495858688.0,183978557440.0
2024-03-28,1224.2926025390625,1269.69580078125,1215.9676513671875,1251.322265625,18439852032.0,187597291520.0
2024-03-29,1251.8350830078125,1277.78955078125,1232.7703857421875,1264.6834716796875,17395691520.0,177336811520.0
2024-04-01,1269.184814453125,1305.9957275390625,1258.8623046875,1294.7711181640625,19742519296.0,202413408256.0
2024-04-02,1294.6143798828125,1313.79833984375,1268.9901123046875,1290.6895751953125,20211957760.0,201831301120.0
2024-04-03,1288.5859375,1308.2562255859375,1262.9381103515625,1283.052734375,19204849664.0,191730106368.0
2024-04-08,1279.97900390625,1297.21484375,1247.3536376953125,1256.080810546875,19269455872.0,186731200512.0
2024-04-09,1254.8367919921875,1286.800048828125,1242.4771728515625,1276.0302734375,16431433728.0,160292716544.0
2024-04-10,1273.6365966796875,1285.614990234375,1235.8280029296875,1250.981689453125,17271603200.0,164477829120.0
2024-04-11,1242.8681640625,1278.7879638671875,1230.3211669921875,1253.869384765625,17036966912.0,162747760640.0
2024-04-12,1253.5400390625,1274.448974609375,1231.2099609375,1242.4332275390625,16215622656.0,155385856000.0
2024-04-15,1238.000732421875,1263.3616943359375,1193.6826171875,1223.46435546875,20855826432.0,188383363072.0
2024-04-16,1216.043212890625,1233.2076416015625,1158.9444580078125,1167.7637939453125,21452468224.0,188123381760.0
2024-04-17,1178.248046875,1230.86474609375,1171.89404296875,1223.4664306640625,19720335360.0,181206089728.0
2024-04-18,1221.4967041015625,1248.854248046875,1197.8896484375,1222.416748046875,19536525312.0,187626258432.0
2024-04-19,1216.1458740234375,1241.519775390625,1194.929443359375,1216.017333984375,18519865344.0,176532946944.0
2024-04-22,1209.4373779296875,1241.6690673828125,1184.5570068359375,1215.0426025390625,17368334336.0,165970247680.0
2024-04-23,1212.8175048828125,1236.146728515625,1193.658447265625,1211.6922607421875,16247334912.0,154949451776.0
2024-04-24,1211.4324951171875,1239.221923828125,1195.2904052734375,1229.551025390625,16845584384.0,165940789248.0
2024-04-25,1224.478271484375,1252.077392578125,1209.6373291015625,1232.0675048828125,16327651328.0,164090134528.0
2024-04-26,1229.2684326171875,1267.5093994140625,1215.6302490234375,1255.104248046875,21826605056.0,219583791104.0
2024-04-29,1255.7818603515625,1300.2781982421875,1243.458740234375,1288.4119873046875,24989433856.0,247411965952.0
2024-04-30,1285.43115234375,1306.8037109375,1260.3355712890625,1277.9410400390625,21206599680.0,205851328512.0
2024-05-06,1292.4891357421875,1323.3275146484375,1277.9132080078125,1304.96484375,21299687424.0,213462089728.0
2024-05-07,1304.77197265625,1329.4539794921875,1288.69677734375,1311.86474609375,19191924736.0,197355470848.0
2024-05-08,1308.03076171875,1324.1337890625,1280.3514404296875,1292.067626953125,18156904448.0,186180911104.0
2024-05-09,1291.3687744140625,1327.041015625,1284.1668701171875,1312.92138671875,17859338240.0,186969325568.0
2024-05-10,1314.63818359375,1331.4737548828125,1283.8463134765625,1299.560791015625,19457183744.0,190161518592.0
2024-05-13,1291.2398681640625,1310.6180419921875,1262.8685302734375,1283.8465576171875,18934198272.0,183291445248.0
2024-05-14,1284.8912353515625,1313.677490234375,1272.9466552734375,1292.099609375,17688064000.0,171479465984.0
2024-05-15,1289.8924560546875,1309.5701904296875,1268.599365234375,1280.5384521484375,17011565568.0,157949657088.0
2024-05-16,1283.0989990234375,1305.267822265625,1267.1246337890625,1279.7493896484375,17663827968.0,163881533440.0
2024-05-17,1280.09521484375,1307.8687744140625,1264.0023193359375,1299.277099609375,19045298176.0,175154593792.0
2024-05-20,1299.9542236328125,1327.2581787109375,1283.8770751953125,1306.390380859375,20590045184.0,195086663680.0
2024-05-21,1304.2509765625,1318.565185546875,1279.06201171875,1292.1341552734375,17925824512.0,164555161600.0
2024-05-22,1291.7613525390625,1313.868408203125,1275.9793701171875,1295.78173828125,17488928768.0,159813009408.0
2024-05-23,1291.81005859375,1301.1455078125,1256.7354736328125,1265.48095703125,18227572736.0,165190582272.0
2024-05-24,1263.6866455078125,1283.06396484375,1242.2479248046875,1251.041015625,15632118784.0,144704143360.0
2024-05-27,1252.3673095703125,1272.134521484375,1225.685302734375,1260.615478515625,15660510208.0,145117724672.0
2024-05-28,1257.5538330078125,1276.9439697265625,1236.169189453125,1247.4168701171875,15333009408.0,142106165248.0
2024-05-29,1245.0712890625,1270.8590087890625,1232.5023193359375,1248.793212890625,14745339904.0,131542540288.0
2024-05-30,1245.2681884765625,1267.2586669921875,1226.5108642578125,1245.684814453125,14602641408.0,133659738112.0
2024-05-31,1245.9329833984375,1271.023681640625,1235.8350830078125,1252.8907470703125,14114452480.0,133754159104.0
2024-06-03,1252.0880126953125,1266.235595703125,1217.453125,1233.444580078125,16855334912.0,156820701184.0
2024-06-04,1229.3551025390625,1249.120849609375,1207.7454833984375,1236.3245849609375,14906563584.0,138133323776.0
2024-06-05,1231.8985595703125,1251.47998046875,1212.80615234375,1219.6451416015625,13568821248.0,129081221120.0
2024-06-06,1221.0604248046875,1236.862548828125,1176.7069091796875,1187.6773681640625,17425080320.0,159189467136.0
2024-06-07,1195.440185546875,1216.023681640625,1176.312744140625,1197.2310791015625,13382840320.0,127151505408.0
2024-06-11,1192.1800537109375,1218.69873046875,1169.909912109375,1208.4466552734375,13218540544.0,130922332160.0
2024-06-12,1206.7900390625,1230.603515625,1196.3988037109375,1214.3309326171875,12499020800.0,125294313472.0
2024-06-13,1214.311767578125,1230.569580078125,1191.957763671875,1206.18994140625,13501595648.0,138017521664.0
2024-06-14,1203.4613037109375,1220.4501953125,1183.709716796875,1206.429931640625,14286301184.0,147939033088.0
2024-06-17,1200.4600830078125,1223.34716796875,1186.1798095703125,1204.1234130859375,13085904896.0,134473531392.0
2024-06-18,1204.2193603515625,1227.53173828125,1192.8463134765625,1214.04248046875,14199937024.0,135095746560.0
2024-06-19,1215.02734375,1227.2891845703125,1190.58154296875,1198.6468505859375,13124526080.0,131769827328.0
2024-06-20,1196.9560546875,1212.6533203125,1167.1988525390625,1173.9947509765625,14540478464.0,136762638336.0
2024-06-21,1171.06396484375,1191.7314453125,1156.1654052734375,1173.349853515625,11749259264.0,107539693568.0
2024-06-24,1166.451416015625,1177.1334228515625,1125.425537109375,1132.316650390625,13510443008.0,128442417152.0
2024-06-25,1132.4173583984375,1151.8927001953125,1111.3790283203125,1126.4110107421875,12199385088.0,115088695296.0
2024-06-26,1124.6063232421875,1164.6177978515625,1110.4456787109375,1159.8685302734375,13717181440.0,122816552960.0
2024-06-27,1155.96435546875,1167.06396484375,1127.292236328125,1132.6156005859375,12133416960.0,112568991744.0
2024-06-28,1131.017822265625,1163.048828125,1119.875732421875,1137.2781982421875,13663624192.0,125989494784.0
2024-07-01,1137.340576171875,1160.095947265625,1115.91357421875,1147.673095703125,13047696384.0,119630585856.0
2024-07-02,1147.8040771484375,1163.302001953125,1128.365966796875,1141.457275390625,12166428672.0,116969054208.0
2024-07-03,1140.8153076171875,1156.1895751953125,1122.3084716796875,1134.0570068359375,10493199360.0,103816044544.0
2024-07-04,1134.319091796875,1145.633056640625,1099.8619384765625,1106.875732421875,12387270656.0,107066712064.0
2024-07-05,1105.475341796875,1128.8990478515625,1088.4954833984375,1119.25,11307405312.0,100918951936.0
2024-07-08,1116.708984375,1126.5115966796875,1081.1458740234375,1089.5767822265625,12623024128.0,109218209792.0
2024-07-09,1088.2449951171875,1119.5986328125,1068.086181640625,1110.9033203125,15180891136.0,139660886016.0
2024-07-10,1107.2677001953125,1130.570068359375,1091.16357421875,1106.1585693359375,14138839040.0,133173780480.0
2024-07-11,1122.755859375,1148.4996337890625,1109.4649658203125,1136.509521484375,15649961984.0,152871124992.0
2024-07-12,1135.6436767578125,1151.8380126953125,1119.152587890625,1133.3692626953125,13382088704.0,126357798912.0
2024-07-15,1131.4210205078125,1143.0943603515625,1108.2047119140625,1119.0308837890625,12916712448.0,116891287552.0
2024-07-16,1117.0262451171875,1132.9599609375,1101.725830078125,1120.2589111328125,12354443264.0,119708975104.0
2024-07-17,1120.3734130859375,1135.28955078125,1101.517822265625,1113.357177734375,12320036864.0,121445752832.0
2024-07-18,1106.47265625,1125.78759765625,1085.35107421875,1116.52001953125,12459555840.0,126287650816.0
2024-07-19,1112.2542724609375,1135.9710693359375,1099.5423583984375,1121.24462890625,11531134976.0,120485068800.0
2024-07-22,1121.8955078125,1139.0687255859375,1106.6065673828125,1122.509521484375,11315768320.0,117656272896.0
2024-07-23,1122.1126708984375,1133.7733154296875,1089.1754150390625,1093.132080078125,12306328576.0,121481764864.0
2024-07-24,1090.3839111328125,1106.0355224609375,1067.927490234375,1076.6573486328125,12356352000.0,118860087296.0
2024-07-25,1070.8411865234375,1097.18896484375,1059.42138671875,1081.0325927734375,11078495232.0,105862955008.0
2024-07-26,1082.7965087890625,1109.4921875,1074.8370361328125,1097.8095703125,11287457792.0,108478169088.0
2024-07-29,1099.028076171875,1112.0792236328125,1078.8656005859375,1093.1192626953125,11135946752.0,108822855680.0
2024-07-30,1090.50732421875,1109.7481689453125,1076.288330078125,1098.15673828125,11450200064.0,112127729664.0
2024-07-31,1097.5941162109375,1148.5621337890625,1089.221923828125,1143.4285888671875,17712412672.0,168965963776.0
2024-08-01,1144.67578125,1164.9058837890625,1128.216796875,1141.1007080078125,14923902976.0,150211395584.0
2024-08-02,1133.9610595703125,1155.9595947265625,1117.3616943359375,1126.1829833984375,14046997504.0,141716553728.0
2024-08-05,1119.116943359375,1143.926513671875,1092.577880859375,1096.95947265625,15563581440.0,147489783808.0
2024-08-06,1109.2705078125,1128.8016357421875,1095.1937255859375,1116.0384521484375,12936170496.0,119128621056.0
2024-08-07,1114.4696044921875,1130.056396484375,1100.8360595703125,1114.47900390625,11459053568.0,108773015552.0
2024-08-08,1111.028076171875,1130.7191162109375,1092.78515625,1114.8009033203125,12894340096.0,118056714240.0
2024-08-09,1119.49951171875,1134.41748046875,1100.132568359375,1104.39501953125,11775279104.0,101867749376.0
2024-08-12,1102.9718017578125,1116.8599853515625,1085.2095947265625,1096.7783203125,10954463232.0,93543645184.0
2024-08-13,1095.60791015625,1110.838623046875,1081.903564453125,1102.2437744140625,10212728832.0,89044336640.0
2024-08-14,1102.244873046875,1112.8388671875,1083.819580078125,1090.802490234375,10168228864.0,88619401216.0
2024-08-15,1088.4791259765625,1117.7034912109375,1077.6236572265625,1100.570068359375,13209505792.0,111713026048.0
2024-08-16,1101.8145751953125,1115.1715087890625,1083.203369140625,1091.8323974609375,12460978176.0,108365447168.0
2024-08-19,1091.0233154296875,1112.008544921875,1079.4268798828125,1092.645751953125,12197787648.0,104876105728.0
2024-08-20,1092.6273193359375,1101.281005859375,1063.0560302734375,1071.9310302734375,13224394752.0,107837865984.0
2024-08-21,1068.783203125,1084.821044921875,1054.4656982421875,1065.531005859375,11017443328.0,92260622336.0
2024-08-22,1066.032958984375,1078.9208984375,1043.77783203125,1051.47607421875,11546384384.0,97965867008.0
2024-08-23,1049.2135009765625,1066.4696044921875,1034.9876708984375,1051.412353515625,11224816640.0,94824259584.0
2024-08-26,1051.6973876953125,1073.258056640625,1038.7584228515625,1058.145263671875,11435897856.0,97386299392.0
2024-08-27,1055.0159912109375,1067.2239990234375,1034.7427978515625,1045.41259765625,11597370368.0,100042276864.0
2024-08-28,1042.79931640625,1063.88330078125,1029.8740234375,1048.7381591796875,10985861120.0,92294823936.0
2024-08-29,1045.1451416015625,1076.824951171875,1034.9246826171875,1067.0284423828125,13243142144.0,118040559616.0
2024-08-30,1066.348876953125,1107.18408203125,1056.582275390625,1087.68701171875,18120316928.0,162906587136.0
2024-09-02,1087.05810546875,1101.063232421875,1058.413818359375,1064.242919921875,15866427392.0,139838029824.0
2024-09-03,1063.954833984375,1088.6915283203125,1054.7332763671875,1074.512451171875,13114915840.0,116579549184.0
2024-09-04,1067.763916015625,1088.2935791015625,1056.6043701171875,1070.9376220703125,12492990464.0,113470300160.0
2024-09-05,1072.02880859375,1093.5552978515625,1064.112548828125,1080.3385009765625,12312385536.0,108293308416.0
2024-09-06,1080.727783203125,1091.370849609375,1054.3690185546875,1059.8848876953125,12922046464.0,115580272640.0
2024-09-09,1055.4971923828125,1072.60595703125,1041.134765625,1053.963134765625,11509873664.0,100227923968.0
2024-09-10,1055.7198486328125,1071.0869140625,1031.2989501953125,1057.173828125,13426655232.0,114554773504.0
2024-09-11,1053.0048828125,1069.8314208984375,1040.617919921875,1056.93017578125,11570567168.0,101974622208.0
2024-09-12,1057.85546875,1078.121337890625,1045.9942626953125,1054.0013427734375,12047519744.0,106135756800.0
2024-09-13,1054.99267578125,1066.298095703125,1034.0860595703125,1040.3118896484375,11852750848.0,102975447040.0
2024-09-18,1040.3829345703125,1053.1881103515625,1015.8778076171875,1035.361328125,11575232512.0,94318641152.0
2024-09-19,1040.2587890625,1072.2435302734375,1027.8699951171875,1057.7056884765625,14851401728.0,122485088256.0
2024-09-20,1058.363037109375,1069.181884765625,1038.3953857421875,1052.2618408203125,12987610112.0,110236303360.0
2024-09-23,1052.2142333984375,1071.3475341796875,1039.5850830078125,1053.462158203125,12712778752.0,113794875392.0
2024-09-24,1058.4798583984375,1101.2833251953125,1046.6097412109375,1096.8450927734375,22000787456.0,186419511296.0
2024-09-25,1107.9188232421875,1142.22900390625,1096.327392578125,1108.0543212890625,26931453952.0,228772102144.0
2024-09-26,1105.9842529296875,1155.8282470703125,1096.5528564453125,1153.0797119140625,25878999040.0,222478630912.0
2024-09-27,1171.822265625,1230.1795654296875,1160.5081787109375,1215.1883544921875,29621981184.0,278123479040.0
2024-09-30,1271.62939453125,1361.849853515625,1246.684814453125,1352.790771484375,48076480512.0,485050023936.0
2024-10-08,1526.248779296875,1530.105224609375,1376.1695556640625,1468.4365234375,56255750144.0,638372413440.0
2024-10-09,1430.3570556640625,1464.7113037109375,1328.3115234375,1346.715576171875,46599757824.0,561178607616.0
2024-10-10,1357.478515625,1407.6002197265625,1310.4879150390625,1337.31689453125,35552387072.0,422832930816.0
2024-10-11,1330.085693359375,1349.068115234375,1256.274169921875,1279.094970703125,28484720640.0,325513936896.0
2024-10-14,1287.223388671875,1331.5078125,1255.5103759765625,1321.4384765625,28623163392.0,332914360320.0
2024-10-15,1314.6505126953125,1348.1826171875,1282.55810546875,1294.1656494140625,30232510464.0,380974465024.0
2024-10-16,1276.5570068359375,1323.7393798828125,1265.095458984375,1298.965087890625,25256468480.0,306601656320.0
2024-10-17,1307.52197265625,1335.5938720703125,1280.5152587890625,1290.6195068359375,28054673408.0,351913541632.0
2024-10-18,1288.3345947265625,1376.1539306640625,1276.1534423828125,1343.778564453125,36580339712.0,468006535168.0
2024-10-21,1354.5689697265625,1398.145751953125,1331.7330322265625,1365.266357421875,36113571840.0,496180035584.0
2024-10-22,1366.386474609375,1402.7314453125,1339.8974609375,1377.21240234375,35274473472.0,466594856960.0
2024-10-23,1375.6004638671875,1415.9515380859375,1355.8011474609375,1384.319091796875,33874829312.0,435103072256.0
2024-10-24,1378.012939453125,1402.5108642578125,1353.058837890625,1374.5404052734375,26819819520.0,352283262976.0
2024-10-25,1377.61669921875,1423.5308837890625,1364.7808837890625,1405.6903076171875,31167918080.0,394949033984.0
2024-10-28,1409.4833984375,1447.7491455078125,1388.7421875,1432.8037109375,33162940416.0,408798494720.0
2024-10-29,1438.8062744140625,1464.6937255859375,1390.544921875,1403.7474365234375,37488201728.0,475114176512.0
2024-10-30,1396.933349609375,1434.512451171875,1371.5179443359375,1403.9002685546875,32925710336.0,416947175424.0
2024-10-31,1405.756103515625,1449.7677001953125,1382.3345947265625,1425.110595703125,39174873088.0,507595161600.0
2024-11-01,1421.5994873046875,1450.4012451171875,1369.173583984375,1387.7515869140625,41480642560.0,511368101888.0
2024-11-04,1386.3692626953125,1432.662109375,1370.7391357421875,1416.6065673828125,30024828928.0,378246856704.0
2024-11-05,1417.0994873046875,1478.256591796875,1402.676513671875,1464.807373046875,39648813056.0,511248826368.0
2024-11-06,1469.083984375,1512.4189453125,1442.2752685546875,1472.5015869140625,43084222464.0,551410139136.0
2024-11-07,1462.935791015625,1519.9664306640625,1445.4666748046875,1503.9754638671875,41466593280.0,498495782912.0
2024-11-08,1519.472412109375,1557.8134765625,1482.84228515625,1505.34375,45813534720.0,570702102528.0
2024-11-11,1503.9464111328125,1561.1192626953125,1483.603759765625,1542.62109375,40853983232.0,551137705984.0
2024-11-12,1547.0595703125,1580.2550048828125,1501.0699462890625,1523.92724609375,40660303872.0,547396124672.0
2024-11-13,1515.99365234375,1548.5775146484375,1483.7047119140625,1521.5191650390625,32191647744.0,420386930688.0
2024-11-14,1519.8651123046875,1539.9173583984375,1467.4708251953125,1475.166015625,29898080256.0,387867738112.0
2024-11-15,1469.628662109375,1504.8277587890625,1434.5997314453125,1444.921875,29920481280.0,383424102400.0
2024-11-18,1452.268310546875,1478.480224609375,1396.5736083984375,1414.978515625,32744513536.0,374007988224.0
2024-11-19,1417.0283203125,1460.076904296875,1398.890869140625,1451.7001953125,27714897920.0,327924252672.0
2024-11-20,1448.5694580078125,1492.65087890625,1433.499755859375,1478.291259765625,30416883712.0,367521333248.0
2024-11-21,1476.2652587890625,1506.6358642578125,1452.14111328125,1479.051025390625,30344634368.0,380712452096.0
2024-11-22,1475.2542724609375,1504.0869140625,1415.3863525390625,1424.4986572265625,34658095104.0,415874875392.0
2024-11-25,1428.83642578125,1459.0316162109375,1395.2711181640625,1435.2559814453125,28130807808.0,336016474112.0
2024-11-26,1432.377197265625,1462.8121337890625,1406.2747802734375,1420.623046875,24735342592.0,293810733056.0
2024-11-27,1412.9404296875,1456.641845703125,1379.0604248046875,1451.48828125,29447102464.0,337553555456.0
2024-11-28,1451.75439453125,1483.172119140625,1429.54150390625,1445.976806640625,30464835584.0,352731889664.0
2024-11-29,1442.4298095703125,1493.392578125,1425.6312255859375,1470.0859375,32906962944.0,387695673344.0
2024-12-02,1470.95654296875,1518.299560546875,1457.482421875,1500.4647216796875,35880992768.0,408649269248.0
2024-12-03,1502.3125,1525.5323486328125,1471.16455078125,1499.0660400390625,33104809984.0,377825591296.0
2024-12-04,1498.4530029296875,1520.1983642578125,1460.3330078125,1475.8770751953125,30326177792.0,351416844288.0
2024-12-05,1472.111328125,1512.462890625,1459.4620361328125,1494.783447265625,29226340352.0,340682866688.0
2024-12-06,1496.6837158203125,1531.22265625,1472.4822998046875,1511.367431640625,35324436480.0,392887664640.0
2024-12-09,1511.4544677734375,1537.5670166015625,1481.3233642578125,1502.8931884765625,29749794816.0,336347267072.0
2024-12-10,1547.1090087890625,1570.4412841796875,1502.5980224609375,1516.8665771484375,37968932864.0,453736857600.0
2024-12-11,1513.4642333984375,1557.1114501953125,1500.8487548828125,1537.671630859375,33572319232.0,392600354816.0
2024-12-12,1539.3433837890625,1569.145751953125,1513.5582275390625,1549.329833984375,34702536704.0,407629791232.0
2024-12-13,1540.31982421875,1563.018798828125,1501.513671875,1515.91015625,36725030912.0,430631059456.0
2024-12-16,1515.6729736328125,1540.7144775390625,1481.433837890625,1501.5098876953125,30791383040.0,366619721728.0
2024-12-17,1498.4459228515625,1517.3028564453125,1456.4122314453125,1469.123779296875,27915786240.0,321421082624.0
2024-12-18,1472.447265625,1504.7481689453125,1450.872314453125,1478.484375,24918208512.0,304482582528.0
2024-12-19,1463.165283203125,1497.0269775390625,1442.1005859375,1479.7103271484375,25708781568.0,315750744064.0
2024-12-20,1477.42333984375,1516.6402587890625,1463.4749755859375,1491.87744140625,24867360768.0,335576924160.0
2024-12-23,1491.1937255859375,1508.6453857421875,1439.3121337890625,1449.361572265625,26440413184.0,323106865152.0
2024-12-24,1452.3035888671875,1483.197021484375,1433.0255126953125,1465.6041259765625,21934133248.0,269886341120.0
2024-12-25,1465.4061279296875,1481.001953125,1423.927978515625,1448.6116943359375,22710235136.0,270327906304.0
2024-12-26,1445.841552734375,1482.422607421875,1434.698486328125,1461.530517578125,21271480320.0,276546256896.0
2024-12-27,1462.843017578125,1496.5775146484375,1444.17919921875,1467.8162841796875,24359694336.0,306503024640.0
2024-12-30,1466.016845703125,1488.40966796875,1436.861083984375,1459.93115234375,20992372736.0,266533240832.0
2024-12-31,1461.1162109375,1477.891845703125,1410.9510498046875,1418.245849609375,24063045632.0,291420143616.0
2025-01-02,1416.315673828125,1441.489013671875,1363.173583984375,1382.6312255859375,24832890880.0,293717966848.0
2025-01-03,1385.35546875,1406.677001953125,1333.1903076171875,1344.3009033203125,24085180416.0,272348053504.0
2025-01-06,1342.2021484375,1373.16455078125,1313.820068359375,1342.935546875,20639297536.0,234876616704.0
2025-01-07,1343.362060546875,1371.866943359375,1322.9490966796875,1359.1680908203125,19706001408.0,234287071232.0
2025-01-08,1353.446044921875,1374.4246826171875,1307.907470703125,1351.203125,22943653888.0,272083992576.0
2025-01-09,1343.1087646484375,1376.009521484375,1330.3223876953125,1351.863525390625,19654555648.0,248219975680.0
2025-01-10,1350.3287353515625,1374.123291015625,1314.834716796875,1321.3763427734375,20126044160.0,242988515328.0
2025-01-13,1308.3790283203125,1343.5120849609375,1289.8287353515625,1326.7283935546875,17203666944.0,201644048384.0
2025-01-14,1331.4298095703125,1388.5963134765625,1321.284423828125,1383.149169921875,23968169984.0,291062218752.0
2025-01-15,1382.3646240234375,1400.4278564453125,1358.2864990234375,1374.6375732421875,20766191616.0,258108817408.0
2025-01-16,1381.8568115234375,1413.6644287109375,1363.00927734375,1380.7659912109375,21974937600.0,268025004032.0
2025-01-17,1376.4405517578125,1408.2930908203125,1361.1092529296875,1390.0179443359375,19984881664.0,252875276288.0
2025-01-20,1397.8018798828125,1422.9638671875,1380.0540771484375,1398.2274169921875,20152764416.0,250732036096.0
2025-01-21,1404.606201171875,1423.517822265625,1375.491943359375,1400.680908203125,20261076992.0,273060397056.0
2025-01-22,1394.52685546875,1411.5516357421875,1370.065673828125,1387.779296875,18366787584.0,245947695104.0
2025-01-23,1400.263916015625,1428.40283203125,1376.7779541015625,1384.085693359375,22658506752.0,296684945408.0
2025-01-24,1380.9686279296875,1417.5074462890625,1370.368896484375,1406.5037841796875,21153466368.0,279147970560.0
2025-01-27,1409.2462158203125,1431.3173828125,1379.965087890625,1389.707763671875,19184070656.0,253588520960.0
2025-02-05,1402.5771484375,1426.8455810546875,1375.4154052734375,1397.9752197265625,21562486784.0,286305583104.0
2025-02-06,1395.0382080078125,1439.6959228515625,1379.6824951171875,1431.2530517578125,26001457152.0,361378414592.0
2025-02-07,1431.757080078125,1474.6353759765625,1417.9501953125,1451.69287109375,32886618112.0,447048581120.0
2025-02-10,1456.28076171875,1485.9310302734375,1437.7412109375,1468.6446533203125,30223900672.0,407767220224.0
2025-02-11,1469.267578125,1490.405517578125,1439.935302734375,1463.96875,29245145088.0,393173401600.0
2025-02-12,1459.9451904296875,1494.1678466796875,1446.385009765625,1480.8997802734375,28532615168.0,392322220032.0
2025-02-13,1482.0625,1503.2762451171875,1451.855712890625,1467.044677734375,31768551424.0,437899821056.0
2025-02-14,1465.3033447265625,1499.1990966796875,1446.2005615234375,1475.3570556640625,30232887296.0,411860041728.0
2025-02-17,1482.03466796875,1509.8182373046875,1456.2208251953125,1481.3594970703125,32841353216.0,458304258048.0
2025-02-18,1478.976318359375,1501.8472900390625,1438.342041015625,1452.1541748046875,30486472704.0,417068613632.0
2025-02-19,1450.639404296875,1493.7021484375,1439.131103515625,1482.372802734375,27776774144.0,405139554304.0
2025-02-20,1482.6141357421875,1514.6490478515625,1463.5054931640625,1493.0509033203125,29299427328.0,424704901120.0
2025-02-21,1495.0816650390625,1532.6087646484375,1474.090087890625,1513.008544921875,33276915712.0,503581245440.0
2025-02-24,1513.974609375,1545.94091796875,1487.75390625,1517.1787109375,32407676928.0,492113821696.0
2025-02-25,1499.379638671875,1541.210693359375,1481.51171875,1510.402099609375,30027460608.0,464348020736.0
2025-02-26,1513.4273681640625,1551.896240234375,1496.89013671875,1532.5648193359375,30833479680.0,463990751232.0
2025-02-27,1533.43359375,1559.7015380859375,1497.3262939453125,1530.1378173828125,31669305344.0,475356397568.0
2025-02-28,1523.0560302734375,1543.552490234375,1471.6939697265625,1483.8975830078125,30026174464.0,433909071872.0
2025-03-03,1488.2099609375,1526.5750732421875,1463.6500244140625,1487.9190673828125,27124948992.0,388839571456.0
2025-03-04,1477.8197021484375,1521.4244384765625,1465.4013671875,1505.6016845703125,23341455360.0,347694989312.0
2025-03-05,1506.8681640625,1532.0013427734375,1480.6307373046875,1510.66943359375,24307836928.0,359566606336.0
2025-03-06,1518.078369140625,1556.4385986328125,1504.0257568359375,1538.2674560546875,30537334784.0,464779837440.0
2025-03-07,1533.5419921875,1567.1064453125,1509.527099609375,1533.387451171875,31365206016.0,463226929152.0
2025-03-10,1536.47119140625,1564.42822265625,1513.785888671875,1539.37060546875,26080157696.0,374384361472.0
2025-03-11,1521.6444091796875,1560.187255859375,1507.3382568359375,1546.8641357421875,25673586688.0,366244102144.0
2025-03-12,1553.5645751953125,1581.3658447265625,1531.7783203125,1549.6180419921875,28622288896.0,416300269568.0
2025-03-13,1547.861328125,1567.1884765625,1508.209716796875,1531.7064208984375,27124563968.0,384618266624.0
2025-03-14,1532.100830078125,1570.61669921875,1513.9412841796875,1556.6666259765625,28095158272.0,384170688512.0
2025-03-17,1560.5743408203125,1587.8306884765625,1540.1256103515625,1562.683837890625,25717428224.0,353575305216.0
2025-03-18,1565.6422119140625,1593.654541015625,1546.8228759765625,1568.6510009765625,23925739520.0,344720015360.0
2025-03-19,1564.3717041015625,1586.6517333984375,1541.0518798828125,1560.1929931640625,22429745152.0,319500779520.0
2025-03-20,1558.123291015625,1584.9632568359375,1538.4317626953125,1555.345458984375,23606501376.0,315965046784.0
2025-03-21,1550.109619140625,1572.5008544921875,1516.5499267578125,1529.839599609375,26075502592.0,330068393984.0
2025-03-24,1529.5806884765625,1551.1292724609375,1484.7928466796875,1519.597900390625,26205761536.0,320008421376.0
2025-03-25,1518.2567138671875,1544.836669921875,1491.6357421875,1514.53662109375,23561113600.0,281804963840.0
2025-03-26,1511.2132568359375,1544.3729248046875,1500.3837890625,1521.2833251953125,21025304576.0,248509956096.0
2025-03-27,1516.595703125,1546.0560302734375,1492.87109375,1519.5474853515625,20254177280.0,256491192320.0
2025-03-28,1518.9031982421875,1542.53466796875,1493.0537109375,1504.9676513671875,20007815168.0,246701817856.0
2025-03-31,1496.0604248046875,1520.292724609375,1464.325927734375,1492.687744140625,21164152832.0,267751129088.0
2025-04-01,1496.219482421875,1530.65478515625,1481.8651123046875,1505.38916015625,18654855168.0,241748656128.0
2025-04-02,1503.8995361328125,1531.2288818359375,1490.2337646484375,1509.1708984375,16201883648.0,208427515904.0
2025-04-03,1493.99609375,1527.7596435546875,1474.275146484375,1495.832763671875,18707443712.0,238273429504.0
2025-04-07,1408.2613525390625,1443.1956787109375,1310.683349609375,1327.7020263671875,28222083072.0,311471177728.0
2025-04-08,1325.173828125,1380.68359375,1296.3857421875,1341.9788818359375,31496239104.0,342259662848.0
2025-04-09,1320.8883056640625,1387.815185546875,1260.6571044921875,1370.46435546875,31094710272.0,342055452672.0
2025-04-10,1395.4647216796875,1436.4586181640625,1380.50390625,1402.42919921875,27887022080.0,329964060672.0
2025-04-11,1393.0352783203125,1442.4324951171875,1381.290771484375,1417.30126953125,22605746176.0,288233390080.0
2025-04-14,1433.427734375,1462.288330078125,1415.6563720703125,1437.3905029296875,22008770560.0,272584146944.0
2025-04-15,1437.2183837890625,1457.2520751953125,1411.629150390625,1433.1282958984375,18598182912.0,225699659776.0
2025-04-16,1428.6983642578125,1445.7265625,1390.81884765625,1414.8607177734375,19344830464.0,229358764032.0
2025-04-17,1406.80078125,1443.3865966796875,1396.8836669921875,1417.4991455078125,17600339968.0,212894285824.0
2025-04-18,1415.7689208984375,1437.4300537109375,1394.600830078125,1414.87890625,16706178048.0,190680629248.0
2025-04-21,1413.5570068359375,1453.33984375,1400.0244140625,1442.10595703125,19575752704.0,228741775360.0
2025-04-22,1441.184814453125,1467.083984375,1423.5155029296875,1444.438720703125,20983930880.0,246735732736.0
2025-04-23,1448.7158203125,1476.6121826171875,1431.61328125,1450.3603515625,22212816896.0,274177015808.0
2025-04-24,1449.37939453125,1468.9439697265625,1421.9224853515625,1438.39404296875,20300900352.0,237751123968.0
2025-04-25,1439.5693359375,1466.94921875,1422.68798828125,1442.354736328125,20130447360.0,234739580928.0
2025-04-28,1439.94580078125,1457.6588134765625,1408.5394287109375,1424.1123046875,19799519232.0,221869899776.0
2025-04-29,1418.375732421875,1449.7276611328125,1403.5655517578125,1430.4283447265625,18918287360.0,219317370880.0
2025-04-30,1431.4521484375,1462.623779296875,1417.2630615234375,1439.3936767578125,19881660416.0,241673666560.0
2025-05-06,1449.1351318359375,1484.1168212890625,1438.0836181640625,1474.75439453125,22384484352.0,283546943488.0
2025-05-07,1490.4669189453125,1512.446533203125,1461.0667724609375,1479.2962646484375,23751229440.0,296522350592.0
2025-05-08,1475.4971923828125,1506.20361328125,1464.3187255859375,1490.34423828125,20722411520.0,262739558400.0
2025-05-09,1490.086669921875,1504.6246337890625,1460.5899658203125,1475.6279296875,19236378624.0,242809569280.0
2025-05-12,1485.052978515625,1509.8050537109375,1468.6468505859375,1494.49365234375,20099540992.0,265086025728.0
2025-05-13,1506.8802490234375,1522.91650390625,1478.9210205078125,1492.904296875,20800638976.0,264423669760.0
2025-05-14,1491.3804931640625,1514.3380126953125,1473.00341796875,1495.77099609375,21549264896.0,252973465600.0
2025-05-15,1493.4788818359375,1507.9876708984375,1465.5096435546875,1476.215087890625,19438647296.0,225559576576.0
2025-05-16,1473.57958984375,1501.1517333984375,1461.4031982421875,1479.113037109375,17929127936.0,206314635264.0
2025-05-19,1481.1204833984375,1503.505859375,1458.3961181640625,1488.394775390625,18747455488.0,214154772480.0
2025-05-20,1489.330322265625,1516.995849609375,1474.3797607421875,1500.5299072265625,19646220288.0,233126576128.0
2025-05-21,1498.6435546875,1520.752685546875,1480.381591796875,1498.1815185546875,20007477248.0,235140251648.0
2025-05-22,1494.050048828125,1515.9908447265625,1471.117431640625,1482.0718994140625,18973851648.0,221507010560.0
2025-05-23,1480.9205322265625,1503.6983642578125,1457.1378173828125,1465.10302734375,18786086912.0,225145946112.0
2025-05-26,1465.48828125,1490.85400390625,1450.6988525390625,1474.1976318359375,15857721344.0,192334610432.0
2025-05-27,1472.4345703125,1490.96142578125,1451.3465576171875,1472.021484375,16042374144.0,193825112064.0
2025-05-28,1472.1260986328125,1491.811767578125,1452.8404541015625,1467.069091796875,16191926272.0,192221478912.0
2025-05-29,1466.8548583984375,1502.5625,1458.4281005859375,1491.43017578125,19217510400.0,233042493440.0
2025-05-30,1489.00146484375,1507.3980712890625,1463.6937255859375,1477.77099609375,18960023552.0,228474814464.0
2025-06-03,1473.510498046875,1508.177978515625,1461.2716064453125,1489.468505859375,19357044736.0,234296508416.0
2025-06-04,1489.5556640625,1518.7054443359375,1477.8760986328125,1503.1317138671875,18857689088.0,232039989248.0
2025-06-05,1504.4691162109375,1530.9051513671875,1484.0828857421875,1510.6484375,20765698048.0,273238605824.0
2025-06-06,1510.9830322265625,1532.0927734375,1491.754150390625,1508.7025146484375,17967882240.0,240362536960.0
2025-06-09,1510.4093017578125,1539.968017578125,1499.0953369140625,1524.613037109375,19466596352.0,255785058304.0
2025-06-10,1525.5015869140625,1544.6075439453125,1491.33984375,1513.124267578125,22169456640.0,277218164736.0
2025-06-11,1513.6868896484375,1541.822509765625,1501.998291015625,1519.9847412109375,19900649472.0,243671171072.0
2025-06-12,1517.044189453125,1541.04150390625,1500.1903076171875,1520.892333984375,19825336320.0,250824409088.0
2025-06-13,1517.6732177734375,1535.5721435546875,1485.654296875,1499.114990234375,23828213760.0,298969333760.0
2025-06-16,1494.9246826171875,1525.9305419921875,1482.37451171875,1508.9381103515625,19909269504.0,252414935040.0
2025-06-17,1510.9949951171875,1533.8812255859375,1490.430908203125,1509.1048583984375,20875925504.0,254009933824.0
2025-06-18,1505.8433837890625,1527.5765380859375,1485.0509033203125,1506.598388671875,20611328000.0,253132226560.0
2025-06-19,1504.772705078125,1524.6285400390625,1473.800048828125,1486.5196533203125,21648560128.0,266703699968.0
2025-06-20,1485.793212890625,1508.272705078125,1465.4296875,1478.3880615234375,18296979456.0,221094232064.0
2025-06-23,1471.2908935546875,1508.5626220703125,1460.14990234375,1496.54345703125,19856279552.0,237914259456.0
2025-06-24,1497.6715087890625,1535.208984375,1488.935302734375,1523.9390869140625,23816235008.0,296977891328.0
2025-06-25,1525.5458984375,1554.0657958984375,1510.7847900390625,1542.2734375,25251545088.0,332765528064.0
2025-06-26,1542.604248046875,1565.7081298828125,1523.146484375,1536.646728515625,25987166208.0,342747709440.0
2025-06-27,1541.1552734375,1570.454345703125,1526.6031494140625,1544.6466064453125,25670346752.0,334803435520.0
2025-06-30,1549.5987548828125,1577.6077880859375,1534.9859619140625,1562.286865234375,24199237632.0,332952436736.0
2025-07-01,1562.8277587890625,1587.879150390625,1541.3812255859375,1568.398193359375,24721901568.0,336736354304.0
2025-07-02,1565.7340087890625,1584.255859375,1539.612060546875,1557.3692626953125,23929167872.0,296644018176.0
2025-07-03,1556.8721923828125,1584.456787109375,1542.6622314453125,1565.8983154296875,21461659648.0,270492467200.0
2025-07-04,1565.4964599609375,1586.9732666015625,1542.6593017578125,1558.1109619140625,23868301312.0,304676929536.0
2025-07-07,1556.7625732421875,1582.04443359375,1541.4373779296875,1562.9140625,21096423424.0,264834580480.0
2025-07-08,1561.78076171875,1595.4522705078125,1550.898193359375,1581.9266357421875,23558027264.0,306816876544.0
2025-07-09,1583.1234130859375,1605.935546875,1564.3756103515625,1578.24267578125,23668146176.0,303195815936.0
2025-07-10,1577.257080078125,1602.9986572265625,1561.4818115234375,1584.1629638671875,24058234880.0,296726331392.0
2025-07-11,1585.5869140625,1615.4287109375,1569.3919677734375,1596.27392578125,28301651968.0,352065978368.0
2025-07-14,1597.4830322265625,1621.99365234375,1579.625,1598.7066650390625,24237225984.0,302637449216.0
2025-07-15,1596.7276611328125,1619.2100830078125,1566.632080078125,1590.9093017578125,27015708672.0,347377827840.0
2025-07-16,1590.4122314453125,1618.9608154296875,1575.2420654296875,1597.6802978515625,22043480064.0,306082807808.0
2025-07-17,1597.2335205078125,1627.979736328125,1584.3033447265625,1613.9508056640625,22799003648.0,325983698944.0
2025-07-18,1616.627685546875,1640.3621826171875,1597.80517578125,1618.1832275390625,23460900864.0,330217291776.0
2025-07-21,1619.807861328125,1652.6781005859375,1606.18115234375,1635.9102783203125,27675779072.0,359907688448.0
2025-07-22,1635.7825927734375,1667.53125,1615.8525390625,1644.684814453125,30182879232.0,395915329536.0
2025-07-23,1645.0428466796875,1672.044677734375,1620.0811767578125,1636.3245849609375,29425459200.0,378330152960.0
2025-07-24,1635.4757080078125,1674.176025390625,1624.2154541015625,1659.710205078125,28557115392.0,374405595136.0
2025-07-25,1661.47412109375,1686.7281494140625,1639.35107421875,1660.2314453125,26410995712.0,363139661824.0
2025-07-28,1661.40087890625,1686.975341796875,1639.8587646484375,1663.3511962890625,25282895872.0,359575846912.0
2025-07-29,1662.515869140625,1690.9898681640625,1637.3004150390625,1672.5836181640625,25934776320.0,383703646208.0
2025-07-30,1669.3914794921875,1695.9586181640625,1640.52392578125,1662.42626953125,26825453568.0,392675065856.0
2025-07-31,1658.0294189453125,1688.46630859375,1629.0928955078125,1645.8050537109375,27021678592.0,401821827072.0
2025-08-01,1646.2335205078125,1676.7445068359375,1626.513671875,1649.5595703125,23253925888.0,349070950400.0
2025-08-04,1641.8380126953125,1676.5848388671875,1625.5137939453125,1665.80859375,21353918464.0,329554853888.0
2025-08-05,1668.4642333984375,1695.6224365234375,1652.673095703125,1677.5567626953125,22377013248.0,348578381824.0
2025-08-06,1677.1817626953125,1710.2451171875,1660.142333984375,1692.64990234375,25818468352.0,399056044032.0
2025-08-07,1693.597900390625,1720.5474853515625,1669.1156005859375,1692.0086669921875,26142863360.0,411411152896.0
2025-08-08,1688.8485107421875,1717.350830078125,1666.7762451171875,1689.507080078125,25152712704.0,381544628224.0
2025-08-11,1692.516845703125,1731.6878662109375,1679.296630859375,1713.8348388671875,26034499584.0,399462236160.0
2025-08-12,1714.03466796875,1741.9200439453125,1691.8011474609375,1717.9482421875,25993838592.0,408322867200.0
2025-08-13,1718.9385986328125,1756.498779296875,1703.366455078125,1738.3248291015625,29458010112.0,470716973056.0
2025-08-14,1740.20263671875,1764.3443603515625,1699.098876953125,1713.765625,31714686976.0,512652345344.0
2025-08-15,1710.41357421875,1762.204833984375,1700.87353515625,1747.5675048828125,30367121408.0,491346296832.0
2025-08-18,1756.48486328125,1799.79931640625,1736.0625,1773.2037353515625,37946687488.0,605656055808.0
2025-08-19,1772.827392578125,1808.0938720703125,1747.43359375,1774.7916259765625,34068867072.0,557889421312.0
2025-08-20,1768.7742919921875,1806.7930908203125,1743.3447265625,1791.3729248046875,32477145088.0,517077041152.0
2025-08-21,1794.41748046875,1823.455078125,1763.0313720703125,1783.78857421875,32670832640.0,516021387264.0
2025-08-22,1782.8289794921875,1823.21923828125,1764.62451171875,1804.889892578125,32654542848.0,527017574400.0
2025-08-25,1815.68212890625,1858.115478515625,1790.8370361328125,1827.116943359375,40842502144.0,660006764544.0
2025-08-26,1822.98046875,1861.298828125,1798.4893798828125,1828.4638671875,36309073920.0,571539849216.0
2025-08-27,1829.9898681640625,1868.906494140625,1780.3138427734375,1790.8790283203125,41619750912.0,670810898432.0
2025-08-28,1790.2547607421875,1834.1488037109375,1746.4031982421875,1811.134033203125,38096207872.0,629749645312.0
2025-08-29,1811.9505615234375,1846.451171875,1778.3568115234375,1809.408203125,32732065792.0,563732611072.0
2025-09-01,1815.399169921875,1854.427490234375,1784.3013916015625,1823.082763671875,32422072320.0,564568457216.0
2025-09-02,1823.02880859375,1846.0711669921875,1757.6068115234375,1786.08837890625,35043586048.0,598514466816.0
2025-09-03,1791.0968017578125,1820.7220458984375,1740.1602783203125,1759.873779296875,29028855808.0,486667190272.0
2025-09-04,1761.7491455078125,1793.861328125,1702.13916015625,1733.209228515625,29762838528.0,488595062784.0
2025-09-05,1735.254150390625,1787.4842529296875,1714.8541259765625,1778.00927734375,28276592640.0,458842767360.0
2025-09-08,1780.6820068359375,1822.333740234375,1755.56201171875,1798.0946044921875,30781327360.0,495541354496.0
2025-09-09,1793.273681640625,1820.9759521484375,1758.204833984375,1779.6781005859375,28244840448.0,431928803328.0
2025-09-10,1776.6669921875,1810.86279296875,1755.939208984375,1779.8270263671875,25267417088.0,396104761344.0
2025-09-11,1776.543212890625,1823.95703125,1750.9385986328125,1812.6436767578125,29397512192.0,486236618752.0
2025-09-12,1813.406005859375,1850.9345703125,1789.256591796875,1816.3270263671875,31583879168.0,508828450816.0
2025-09-15,1820.0924072265625,1851.2379150390625,1791.0369873046875,1813.57666015625,30130774016.0,475104739328.0
2025-09-16,1815.339111328125,1849.2396240234375,1787.5555419921875,1827.6907958984375,30901059584.0,474734493696.0
2025-09-17,1826.05126953125,1865.558349609375,1805.2161865234375,1840.1768798828125,30170646528.0,493296287744.0
2025-09-18,1838.9732666015625,1881.111083984375,1790.87158203125,1818.514404296875,39860011008.0,654022737920.0
2025-09-19,1817.3525390625,1852.5667724609375,1787.67138671875,1812.7803955078125,29589587968.0,483203153920.0
2025-09-22,1816.11767578125,1847.395751953125,1784.61083984375,1818.7650146484375,27036260352.0,440515493888.0
2025-09-23,1819.2784423828125,1841.0057373046875,1753.1243896484375,1799.09619140625,31326027776.0,503959584768.0
2025-09-24,1791.77392578125,1845.510498046875,1772.3978271484375,1828.217529296875,27891654656.0,494397652992.0
2025-09-25,1825.6171875,1857.096435546875,1798.740478515625,1819.5865478515625,26440372224.0,464745005056.0
2025-09-26,1814.1881103515625,1847.635009765625,1782.8045654296875,1800.541259765625,25875025920.0,436863303680.0
2025-09-29,1804.1146240234375,1840.318115234375,1776.0885009765625,1820.03369140625,25868333056.0,419534733312.0
2025-09-30,1824.5224609375,1863.163330078125,1805.128662109375,1834.9959716796875,25517377536.0,442639613952.0
2025-10-09,1844.87548828125,1883.96826171875,1815.5628662109375,1854.15576171875,30349197312.0,530500288512.0
2025-10-10,1847.4639892578125,1884.35302734375,1811.640380859375,1841.304443359375,29042991104.0,485703745536.0
2025-10-13,1778.9578857421875,1852.4603271484375,1763.1622314453125,1833.7327880859375,28841676800.0,470990848000.0
2025-10-14,1845.24658203125,1877.8634033203125,1791.0992431640625,1808.0023193359375,30442987520.0,506690142208.0
2025-10-15,1810.315185546875,1850.47216796875,1784.0343017578125,1832.9033203125,24485644288.0,403797540864.0
2025-10-16,1828.6915283203125,1854.100341796875,1794.4981689453125,1814.123291015625,23464306688.0,374296510464.0
2025-10-17,1813.359619140625,1835.88037109375,1758.0179443359375,1767.854736328125,25432731648.0,383875350528.0
2025-10-20,1783.5699462890625,1812.2996826171875,1757.026611328125,1781.678466796875,21857968128.0,328445198336.0
2025-10-21,1785.45947265625,1822.93408203125,1769.1536865234375,1805.1058349609375,23725015040.0,348158754816.0
2025-10-22,1798.20654296875,1829.82421875,1775.818115234375,1799.9114990234375,22732449792.0,332181340160.0
2025-10-23,1796.72314453125,1822.8687744140625,1761.5115966796875,1803.548828125,23156899840.0,328574763008.0
2025-10-24,1808.6846923828125,1844.4375,1788.4017333984375,1818.8502197265625,24555995136.0,397473054720.0
2025-10-27,1830.664794921875,1863.70458984375,1805.9854736328125,1834.66552734375,26534475776.0,458169843712.0
2025-10-28,1829.5712890625,1862.6285400390625,1805.7171630859375,1831.577392578125,25180426240.0,431016083456.0
2025-10-29,1830.63623046875,1867.96826171875,1807.3060302734375,1848.9820556640625,26584612864.0,439161782272.0
2025-10-30,1846.4456787109375,1875.1883544921875,1812.06689453125,1830.3695068359375,29738528768.0,478507139072.0
2025-10-31,1828.9306640625,1873.67724609375,1808.3280029296875,1839.4244384765625,29974519808.0,475588001792.0
2025-11-03,1841.4761962890625,1870.6075439453125,1806.1746826171875,1848.6270751953125,27824168960.0,432422780928.0
2025-11-04,1845.35693359375,1867.1895751953125,1807.4388427734375,1828.5205078125,25167742976.0,381678911488.0
2025-11-05,1808.0582275390625,1857.4080810546875,1793.570068359375,1836.949462890625,25854816256.0,373351677952.0
2025-11-06,1839.648193359375,1873.933837890625,1819.5965576171875,1852.0330810546875,26361399296.0,405168979968.0
2025-11-07,1846.293212890625,1882.680419921875,1823.2904052734375,1851.333251953125,26788868096.0,419611082752.0
2025-11-10,1857.1370849609375,1891.6497802734375,1829.722412109375,1861.06787109375,27438485504.0,433797529600.0
2025-11-11,1864.2340087890625,1894.7572021484375,1837.4041748046875,1861.17919921875,26527776768.0,404867252224.0
2025-11-12,1858.1116943359375,1884.4415283203125,1821.6612548828125,1849.1448974609375,26696335360.0,390482493440.0
2025-11-13,1848.611328125,1891.681884765625,1830.893798828125,1871.112548828125,27563606016.0,420596449280.0
2025-11-14,1859.8123779296875,1898.2066650390625,1838.0810546875,1855.5958251953125,27197276160.0,406292987904.0
2025-11-17,1857.1380615234375,1887.5186767578125,1828.6470947265625,1856.4169921875,26117435392.0,391318339584.0
2025-11-18,1852.872802734375,1879.6593017578125,1813.4844970703125,1836.8372802734375,27748544512.0,418065481728.0
2025-11-19,1834.9259033203125,1862.4425048828125,1798.8857421875,1820.9149169921875,23839510528.0,367172583424.0
2025-11-20,1828.4837646484375,1853.0635986328125,1792.781982421875,1809.2177734375,22753701888.0,356711956480.0
2025-11-21,1790.5328369140625,1818.781005859375,1734.751953125,1747.9368896484375,28480069632.0,408671944704.0
2025-11-24,1756.64306640625,1796.5338134765625,1731.6527099609375,1771.679443359375,24067301376.0,368993402880.0
2025-11-25,1779.2313232421875,1819.53076171875,1764.2220458984375,1791.6754150390625,24543985664.0,404174110720.0
2025-11-26,1790.26806640625,1825.7479248046875,1768.1669921875,1788.486083984375,23177682944.0,376963923968.0
2025-11-27,1787.8656005859375,1824.046630859375,1770.0567626953125,1790.19580078125,21127794688.0,365625966592.0
2025-11-28,1790.3404541015625,1823.6944580078125,1771.65625,1808.2197265625,20068050944.0,342185213952.0
2025-12-01,1812.755859375,1844.397216796875,1792.434326171875,1821.2789306640625,23442350080.0,392320319488.0
2025-12-02,1816.8489990234375,1835.1376953125,1787.575927734375,1807.352783203125,20052049920.0,320218857472.0
2025-12-03,1807.4139404296875,1830.7874755859375,1774.8778076171875,1794.5408935546875,21463339008.0,335034482688.0
2025-12-04,1793.9461669921875,1818.184814453125,1765.7060546875,1789.502197265625,19484491776.0,311315791872.0
2025-12-05,1788.5675048828125,1825.547119140625,1765.34423828125,1812.490966796875,21572767744.0,352805650432.0
2025-12-08,1816.3369140625,1849.9796142578125,1797.7352294921875,1824.6483154296875,24091897856.0,418474754048.0
2025-12-09,1820.236083984375,1847.9420166015625,1795.183837890625,1811.983642578125,22850605056.0,392312848384.0
2025-12-10,1809.7774658203125,1838.677978515625,1785.9886474609375,1818.755126953125,21563076608.0,360245231616.0
2025-12-11,1821.4659423828125,1842.35302734375,1783.89599609375,1795.1224365234375,23402704896.0,381933846528.0
2025-12-12,1795.701904296875,1829.9840087890625,1772.2235107421875,1805.762939453125,24352518144.0,422779420672.0
2025-12-15,1797.695068359375,1830.6719970703125,1773.1075439453125,1797.07666015625,21687238656.0,368125870080.0
2025-12-16,1795.24365234375,1813.142333984375,1748.739013671875,1769.2952880859375,22570459136.0,353776402432.0
2025-12-17,1768.0401611328125,1805.1639404296875,1742.310302734375,1789.6492919921875,21536139264.0,361313894400.0
2025-12-18,1780.5977783203125,1820.5377197265625,1765.68994140625,1788.8880615234375,19559010304.0,341641592832.0
2025-12-19,1792.63916015625,1830.5843505859375,1775.9932861328125,1807.225830078125,21150511104.0,350257250304.0
2025-12-22,1812.66650390625,1845.5059814453125,1795.859375,1821.3590087890625,21515393024.0,374414540800.0
2025-12-23,1821.889892578125,1849.8272705078125,1795.1068115234375,1815.974853515625,21947842560.0,391323615232.0
2025-12-24,1815.336181640625,1853.9793701171875,1800.3919677734375,1839.269287109375,21271547904.0,400697753600.0
2025-12-25,1839.8487548828125,1874.8287353515625,1822.3004150390625,1856.2752685546875,22355011584.0,420335255552.0
2025-12-26,1855.9349365234375,1888.4527587890625,1835.134521484375,1860.5040283203125,26237280256.0,466315116544.0
2025-12-29,1861.6044921875,1892.3822021484375,1834.856689453125,1857.4822998046875,26198974464.0,461795557376.0
2025-12-30,1850.2489013671875,1888.5635986328125,1829.643798828125,1857.416015625,26087788544.0,461978566656.0
2025-12-31,1860.152099609375,1889.9503173828125,1832.328369140625,1858.160888671875,24321898496.0,433398775808.0
2026-01-05,1867.9522705078125,1912.899169921875,1845.9326171875,1894.0323486328125,30539767808.0,542230839296.0
2026-01-06,1896.169677734375,1943.010986328125,1878.118408203125,1921.2325439453125,33118134272.0,580815093760.0
2026-01-07,1923.3382568359375,1962.4766845703125,1895.901611328125,1926.4552001953125,31874445312.0,617916989440.0
2026-01-08,1922.6405029296875,1974.4605712890625,1903.5537109375,1944.1614990234375,32557422592.0,605389062144.0
2026-01-09,1944.615234375,2001.338134765625,1925.78125,1978.507080078125,38104383488.0,705323008000.0
2026-01-12,1991.3555908203125,2048.693115234375,1962.96533203125,2026.194091796875,44729081856.0,829805035520.0
2026-01-13,2032.4429931640625,2067.43212890625,1970.1927490234375,1996.1158447265625,45449175040.0,826324156416.0
2026-01-14,1996.1004638671875,2064.87890625,1963.3363037109375,2006.7103271484375,48974868480.0,885566144512.0
2026-01-15,1995.5946044921875,2041.04052734375,1964.0789794921875,2003.4925537109375,35339636736.0,640651952128.0
2026-01-16,2011.55419921875,2050.050537109375,1968.3385009765625,2000.884521484375,35260268544.0,635862384640.0
2026-01-19,1996.0887451171875,2048.04736328125,1970.672119140625,2014.127685546875,32674668544.0,583762837504.0
2026-01-20,2016.5626220703125,2051.639404296875,1967.2244873046875,2003.4970703125,33670739968.0,580499013632.0
2026-01-21,1994.1802978515625,2049.86767578125,1973.170654296875,2014.9903564453125,32571105280.0,566182543360.0
2026-01-22,2019.4888916015625,2063.73046875,1992.04638671875,2029.5233154296875,32860815360.0,573261021184.0
2026-01-23,2034.975830078125,2091.19287109375,2014.5718994140625,2066.19775390625,39308730368.0,683490017280.0
2026-01-26,2074.13671875,2106.96142578125,2008.347412109375,2042.449951171875,40344707072.0,704409108480.0
2026-01-27,2034.675537109375,2077.44970703125,1978.6142578125,2040.94482421875,36575129600.0,632840585216.0
2026-01-28,2041.6968994140625,2084.816650390625,2003.5322265625,2042.3203125,34970861568.0,628948074496.0
2026-01-29,2037.0732421875,2091.57275390625,1992.6041259765625,2031.4669189453125,40201764864.0,679063191552.0
2026-01-30,2017.2994384765625,2060.70751953125,1967.987548828125,2015.3226318359375,36493815808.0,597680455680.0
2026-02-02,1997.4228515625,2034.5494384765625,1943.8885498046875,1953.9927978515625,30832148480.0,498940837888.0
2026-02-03,1972.90771484375,2020.056396484375,1949.5982666015625,2004.53515625,29922877440.0,525759545344.0
2026-02-04,2000.1915283203125,2038.268798828125,1964.9581298828125,2010.6444091796875,31646990336.0,516215177216.0
2026-02-05,1994.8369140625,2028.1279296875,1959.9244384765625,1985.2391357421875,27579883520.0,440829607936.0
2026-02-06,1968.717041015625,2023.14404296875,1945.5054931640625,1982.958740234375,28106960896.0,444487630848.0
2026-02-09,2009.4482421875,2045.639404296875,1984.828125,2021.160888671875,28283566080.0,482451161088.0
2026-02-10,2023.5302734375,2056.888916015625,1994.5894775390625,2024.6708984375,29190428672.0,474959970304.0
2026-02-11,2022.7777099609375,2060.97802734375,2001.2196044921875,2024.192626953125,27322474496.0,437993144320.0
2026-02-12,2025.898193359375,2063.397216796875,2000.641357421875,2034.5709228515625,27758358528.0,467760054272.0
2026-02-13,2027.8292236328125,2060.801513671875,1996.7354736328125,2010.5562744140625,26112466944.0,438756212736.0
2026-02-24,2034.984130859375,2069.156494140625,1998.4747314453125,2030.9805908203125,27946205184.0,469379383296.0
2026-02-25,2034.9400634765625,2089.098876953125,2016.6417236328125,2060.00048828125,33341972480.0,532925710336.0
2026-02-26,2063.84765625,2103.400146484375,2030.282470703125,2070.003662109375,33312718848.0,571023294464.0
2026-02-27,2060.5390625,2108.704345703125,2041.7703857421875,2086.75634765625,31387435008.0,549377867776.0
2026-03-02,2064.409912109375,2110.44873046875,2022.29052734375,2060.353515625,37890629632.0,659006816256.0
2026-03-03,2063.761474609375,2096.56591796875,1974.9996337890625,1991.5963134765625,39018954752.0,664863768576.0
2026-03-04,1969.3818359375,2026.12548828125,1940.9029541015625,1974.82568359375,32068956160.0,502701522944.0
2026-03-05,2005.287353515625,2036.1793212890625,1965.751220703125,1992.494873046875,31536019456.0,508728573952.0
2026-03-06,1982.752685546875,2042.509033203125,1964.6004638671875,2017.3719482421875,29463326720.0,474128416768.0
2026-03-09,1993.8798828125,2035.936767578125,1944.115234375,2005.6021728515625,35630788608.0,568760598528.0
2026-03-10,2019.2657470703125,2061.888671875,1998.4083251953125,2034.5263671875,31168528384.0,533511438336.0
2026-03-11,2035.97119140625,2076.00048828125,2007.3126220703125,2040.192626953125,32173731840.0,549266915328.0
2026-03-12,2039.4296875,2075.55322265625,2001.7161865234375,2035.6212158203125,32821276672.0,531966033920.0
2026-03-13,2028.5838623046875,2068.275634765625,1991.6219482421875,2012.2042236328125,33312301056.0,523300339712.0
2026-03-16,2011.853515625,2046.9517822265625,1968.5137939453125,2011.1258544921875,31153266688.0,489125150720.0
2026-03-17,2013.2196044921875,2043.2982177734375,1962.763671875,1974.0115966796875,29972336640.0,452754341888.0
2026-03-18,1979.5416259765625,2011.044189453125,1945.6478271484375,1986.4473876953125,27089354752.0,419893051392.0
2026-03-19,1965.0069580078125,1994.4688720703125,1921.9703369140625,1942.223876953125,28459110400.0,443807170560.0
2026-03-20,1947.568115234375,1984.339599609375,1894.2203369140625,1907.9200439453125,29902297088.0,486114328576.0
2026-03-23,1876.0032958984375,1910.3736572265625,1793.0933837890625,1815.8505859375,34925621248.0,505938378752.0
2026-03-24,1846.99853515625,1877.666015625,1796.3914794921875,1862.683349609375,29385508864.0,432416555008.0
2026-03-25,1871.5728759765625,1922.9892578125,1855.869384765625,1896.3477783203125,30366883840.0,471082958848.0
2026-03-26,1894.1597900390625,1925.6068115234375,1852.3001708984375,1871.7481689453125,27345514496.0,404052705280.0
2026-03-27,1848.6651611328125,1918.745361328125,1834.1837158203125,1897.25732421875,25889527808.0,403803668480.0
2026-03-30,1878.0013427734375,1925.744384765625,1849.4459228515625,1901.420654296875,26117412864.0,411973844992.0
2026-03-31,1897.9581298828125,1931.8699951171875,1859.6187744140625,1873.178466796875,25525579776.0,404652130304.0
2026-04-01,1904.469970703125,1935.6143798828125,1872.2706298828125,1906.6002197265625,25597564928.0,420061118464.0
2026-04-02,1899.917236328125,1925.2509765625,1852.603759765625,1874.3262939453125,24684115968.0,388676714496.0
2026-04-03,1879.6358642578125,1901.3548583984375,1825.443115234375,1843.7880859375,22368034816.0,354378842112.0
2026-04-07,1848.298583984375,1890.204345703125,1825.909423828125,1862.4637451171875,21097435136.0,343772233728.0
2026-04-08,1895.62646484375,1949.510986328125,1880.2762451171875,1938.7354736328125,29788518400.0,520657862656.0
2026-04-09,1922.5321044921875,1958.8143310546875,1894.304443359375,1921.0748291015625,26065068032.0,466353979392.0
2026-04-10,1934.131103515625,1976.962646484375,1914.3260498046875,1937.7965087890625,26241527808.0,494992293888.0
2026-04-13,1927.6024169921875,1968.2366943359375,1905.382568359375,1940.1092529296875,24984999936.0,452431904768.0
2026-04-14,1953.979248046875,1987.9132080078125,1923.6483154296875,1964.5277099609375,26630598656.0,509465001984.0
2026-04-15,1974.156005859375,2003.666748046875,1936.364990234375,1959.22119140625,27384184832.0,520849260544.0
2026-04-16,1962.945556640625,2004.36474609375,1942.3182373046875,1984.9688720703125,27958444032.0,504935022592.0
2026-04-17,1981.1932373046875,2020.9664306640625,1954.656494140625,1992.0189208984375,28510343168.0,530440486912.0
2026-04-20,1991.3690185546875,2032.90771484375,1967.4422607421875,2003.3812255859375,29206943744.0,559665053696.0
2026-04-21,1999.6552734375,2032.2554931640625,1965.567626953125,1999.9073486328125,27902814208.0,521902161920.0
2026-04-22,1992.322021484375,2040.591796875,1972.1949462890625,2018.5887451171875,28173737984.0,558389657600.0
2026-04-23,2018.24609375,2050.091552734375,1968.695556640625,1998.9952392578125,31979462656.0,623696478208.0
2026-04-24,1988.8134765625,2026.4822998046875,1950.58740234375,1983.450439453125,29374812160.0,566282027008.0
2026-04-27,1979.0850830078125,2023.18115234375,1947.079833984375,1989.05908203125,27714648064.0,544735952896.0
2026-04-28,1981.0460205078125,2014.72216796875,1936.285400390625,1965.2327880859375,28498927616.0,549201641472.0
2026-04-29,1954.7689208984375,2016.5994873046875,1935.5308837890625,1990.85205078125,28911486976.0,557143425024.0
2026-04-30,1988.594970703125,2032.7452392578125,1956.5321044921875,1994.55908203125,29911511040.0,595981893632.0
2026-05-06,2005.9549560546875,2060.015869140625,1984.32177734375,2027.719482421875,33085335552.0,690961252352.0
2026-05-07,2031.9302978515625,2078.6943359375,2002.2603759765625,2050.96923828125,33247719424.0,687608430592.0
2026-05-08,2043.2452392578125,2095.186279296875,2019.560302734375,2060.939453125,32178151424.0,656747069440.0
2026-05-11,2070.54931640625,2117.2294921875,2035.9498291015625,2081.59912109375,34605162496.0,742058819584.0
2026-05-12,2081.423095703125,2114.158935546875,2032.1495361328125,2064.68359375,32381919232.0,683334762496.0
2026-05-13,2057.494384765625,2114.081298828125,2031.4588623046875,2086.421630859375,32048961536.0,677072338944.0
2026-05-14,2091.61279296875,2124.98876953125,2027.135986328125,2047.037109375,35703382016.0,730559152128.0
2026-05-15,2048.03857421875,2097.240234375,1997.567138671875,2032.845458984375,35621502976.0,729712951296.0
2026-05-18,2026.0374755859375,2076.962158203125,1987.398193359375,2033.8597412109375,30122049536.0,627929251840.0
2026-05-19,2031.1197509765625,2083.292236328125,1994.8758544921875,2057.296875,30018404352.0,628277379072.0
2026-05-20,2048.963623046875,2090.673583984375,2003.0142822265625,2047.111572265625,31509221376.0,655292366848.0
2026-05-21,2053.53515625,2100.60888671875,1979.774169921875,1993.4163818359375,35259531264.0,744582348800.0
2026-05-22,2005.5489501953125,2052.944091796875,1967.490966796875,2020.844482421875,28650303488.0,612881006592.0
2026-05-25,2031.21533203125,2077.0771484375,1983.53857421875,2032.244873046875,30116378624.0,666991067136.0
2026-05-26,2024.2637939453125,2061.880126953125,1967.5771484375,2014.1246337890625,31745714176.0,680441151488.0
2026-05-27,2010.4683837890625,2052.419677734375,1948.4578857421875,1978.4508056640625,31699681280.0,667902279680.0
2026-05-28,1974.7208251953125,2023.8096923828125,1927.25634765625,1985.7615966796875,30250299392.0,635593621504.0
2026-05-29,1991.6895751953125,2033.3470458984375,1917.5013427734375,1948.394287109375,33250603008.0,704624197632.0
2026-06-01,1946.9658203125,2007.986083984375,1911.77099609375,1958.486083984375,30584174592.0,607633342464.0
2026-06-02,1960.6427001953125,1996.87109375,1905.0068359375,1946.0592041015625,29285105664.0,589657276416.0
2026-06-03,1943.3699951171875,1994.1295166015625,1902.0545654296875,1940.4366455078125,31829114880.0,688232595456.0
2026-06-04,1925.794921875,1973.744873046875,1884.1278076171875,1922.6163330078125,28635195392.0,599542792192.0
2026-06-05,1920.0472412109375,1977.8896484375,1875.1912841796875,1921.5086669921875,31495356416.0,664778768384.0
2026-06-08,1876.03466796875,1937.7825927734375,1827.89794921875,1866.3367919921875,30363115520.0,603155070976.0
2026-06-09,1880.971435546875,1923.783447265625,1834.5712890625,1894.262451171875,29309759488.0,602773127168.0
2026-06-10,1878.860107421875,1923.2264404296875,1832.282470703125,1875.4979248046875,28702842880.0,582026592256.0
2026-06-11,1866.2335205078125,1907.3743896484375,1815.4779052734375,1855.00927734375,27129178112.0,577080590336.0
2026-06-12,1875.1846923828125,1935.46240234375,1832.1552734375,1879.7230224609375,32859910144.0,717319045120.0
2026-06-15,1890.6375732421875,1953.5113525390625,1865.0482177734375,1927.190673828125,29935368192.0,650010034176.0
2026-06-16,1926.4830322265625,1977.3043212890625,1887.8330078125,1940.2802734375,29858125824.0,683488837632.0
2026-06-17,1929.9427490234375,1977.7938232421875,1892.781982421875,1936.490478515625,28236427264.0,658867290112.0
2026-06-18,1930.03076171875,1984.2921142578125,1892.1221923828125,1938.005615234375,29006241792.0,680473919488.0
2026-06-22,1939.851806640625,1985.82666015625,1866.99462890625,1949.2872314453125,33616771072.0,786540920832.0
2026-06-23,1942.3585205078125,1995.6466064453125,1891.83154296875,1925.6925048828125,30428858368.0,707484319744.0
2026-06-24,1924.6912841796875,1974.435546875,1866.598876953125,1922.1678466796875,28706500608.0,680312176640.0
2026-06-25,1918.5350341796875,1962.1722412109375,1862.6605224609375,1907.3253173828125,30559948800.0,729838190592.0
2026-06-26,1899.2239990234375,1940.434326171875,1828.165283203125,1856.866455078125,32130324480.0,755464142848.0
2026-06-29,1856.836181640625,1914.6766357421875,1790.1439208984375,1862.1575927734375,30989297664.0,750058602496.0
2026-06-30,1859.3074951171875,1926.5758056640625,1822.06005859375,1892.6627197265625,27911735296.0,685381648384.0
2026-07-01,1895.5673828125,1974.9970703125,1856.41845703125,1926.8516845703125,32577622016.0,782800125952.0
2026-07-02,1909.3492431640625,1977.14306640625,1868.7392578125,1903.099853515625,31085891584.0,717867319296.0
2026-07-03,1909.6549072265625,1968.1680908203125,1870.7235107421875,1917.260009765625,29024450560.0,674994847744.0
2026-07-06,1921.0166015625,1970.346923828125,1860.102783203125,1897.107177734375,28133079040.0,655185149952.0
2026-07-07,1891.938720703125,1925.715087890625,1826.580322265625,1852.2286376953125,24465350656.0,544620085248.0
2026-07-08,1853.2408447265625,1891.9346923828125,1791.850830078125,1823.7264404296875,23843938304.0,527835070464.0
2026-07-09,1823.5350341796875,1868.4073486328125,1770.9296875,1836.4979248046875,25471571968.0,580619862016.0
2026-07-10,1835.94677734375,1917.5989990234375,1792.796630859375,1845.7509765625,30861443072.0,692063961088.0
2026-07-13,1835.9996337890625,1872.757568359375,1757.36328125,1777.575439453125,28540672000.0,573921951744.0
2026-07-14,1777.6851806640625,1826.90185546875,1730.7462158203125,1798.16015625,25598943232.0,519384367104.0
2026-07-15,1798.40966796875,1854.5771484375,1752.757080078125,1799.6300048828125,25852239872.0,504425545728.0
2026-07-16,1784.085693359375,1834.9195556640625,1742.6468505859375,1781.059814453125,24840095744.0,473237782528.0
2026-07-17,1776.0936279296875,1809.2086181640625,1683.4957275390625,1696.4295654296875,29633458176.0,511050317824.0
2026-07-20,1710.724609375,1758.0970458984375,1628.7967529296875,1678.1640625,9752632320.0,518232604672.0
2026-07-21,1678.1441650390625,1746.8101806640625,1616.6346435546875,1723.3795166015625,10395340800.0,573023584256.0
2026-07-22,1710.30224609375,1754.5433349609375,1672.75732421875,1705.0443115234375,9019412480.0,518497402880.0
2026-07-23,1702.73095703125,1752.4215087890625,1674.3997802734375,1722.712158203125,7714286592.0,422393577472.0
2026-07-24,1704.9056396484375,1737.0662841796875,1658.005126953125,1672.2845458984375,7095071744.0,379967864832.0
