日,RV5m,BV,OFI,OFI尾,日内收益,隔夜收益,尾盘量占,委比,跳跃
2018-01-02,0.33909010332128253,0.34091957503473375,-0.9998647734956051,-0.7607719219049769,0.8922457036509845,0.02477078133800159,0.1565717611359216,0.0,0.0
2018-01-03,0.3770640415040807,0.3858661143390184,-0.9414189258130436,-0.9413428814341585,0.9748800179727013,-0.0016443689438760956,0.14081414296150607,0.0,0.0
2018-01-04,0.3992782363538464,0.37055255133663884,-0.8195121955053393,-0.4979308797530102,0.3518942094622668,0.0003762406833640597,0.15486570126787902,0.0,0.14870748711395027
2018-01-05,0.3989156941186972,0.3619102809330604,0.9999821750057931,1.484225563545677,0.07404946657751932,-0.006189346340468305,0.15980010622694976,0.0,0.16779356235909446
2018-01-08,0.46088482328429276,0.4371757321401545,-1.0,-1.0579580977437374e-05,0.2248232991933552,0.0016996549379699744,0.1408704238028512,0.0,0.1459184688842152
2018-01-09,0.36989352391611074,0.3851669794963086,-0.9999914237442218,-1.928433357178734,-0.0056874944981633035,-0.038673097837416126,0.1430129255657169,0.0,0.0
2018-01-10,0.5990171739579473,0.6368583188138074,0.0,-0.8874489364699253,-0.4731275404685875,-0.0001129277892863989,0.14065061297614642,0.0,0.0
2018-01-11,0.5191331991529117,0.5248532768407658,1.000065793802224,-0.0009970089730807366,0.7755806019107192,-0.01805247521466935,0.14433831337965294,0.0,0.0
2018-01-12,0.45237934136420765,0.3777002315805962,0.08287063893262617,-1.4710208884966167,-0.5386447946129302,-0.004420415936579047,0.144223636085141,0.0,0.24897711452476579
2018-01-15,1.100249835173791,0.9660469110851773,0.0,0.0,-2.4119543874339344,-0.0428345442946787,0.16013823971350827,0.0,0.5265957324008066
2018-01-16,0.4884550795501165,0.457959536059625,-0.9999953661011766,-0.16658577901400784,0.6461272051087485,-0.0024016226814471686,0.1680644018978207,0.0,0.16988651526935167
2018-01-17,0.9129648420425741,0.9578635539706144,-2.0,-1.0001052742393937,0.07540757966173484,-0.01569741811339176,0.11846792890711087,0.0,0.0
2018-01-18,0.43114388055389957,0.42965221039332824,1.0000348444196663,0.9999590558411959,0.3972726861073417,-0.005552753117632481,0.16514911923594808,0.0,0.03583327843223977
2018-01-19,0.44580384722316446,0.4632925863017661,0.030927835051546657,0.0,-0.21850274565835548,0.0024362407114564277,0.16327215692115762,0.0,0.0
2018-01-22,0.6133860914104785,0.5733622926217823,-0.9904762096086587,-0.9890638274035937,1.2461746973605026,-0.00848343416804953,0.14498764997306077,0.0,0.21794076841040463
2018-01-23,0.4082052059872734,0.4083621152469845,0.0,-0.0014184397163121522,0.1505573519550829,0.006438891325943885,0.15220457192376108,0.0,0.0
2018-01-24,0.4888487507919431,0.4801375814144774,0.0,0.00029700029700034344,0.9168652461521765,-0.0045402212018097465,0.1524186099047053,0.0,0.09187493708460105
2018-01-25,0.49275424467890633,0.45888967191912805,0.0,0.011522204500936937,-0.010656359544636285,-0.027003823774840452,0.16835473181296082,0.0,0.1795188420613126
2018-01-26,0.3985794477202948,0.3538073349874499,1.0206576986670477,0.0,0.19903159579366392,-0.01808534622257385,0.16679450870873655,0.0,0.18353731460957368
2018-01-29,0.7474981217977896,0.7470160136299987,1.0000577233721295,0.99651136202134,-1.1394021128483645,0.0075407942719429855,0.14577419759900231,0.0,0.026842456511443957
2018-01-30,0.5154772103945602,0.48116807646333687,-0.9999999999999998,1.0,0.023407969046540522,-0.029643413415114672,0.15937385586756614,0.0,0.18491629627680217
2018-01-31,1.0110442061309748,0.8671076075476942,-1.0,0.0,-1.7367523860746248,-0.03353075267317207,0.1412396770276405,0.0,0.5199372882222691
2018-02-01,1.422159806137092,1.3415643999360332,0.0,0.0,-3.9732304372645078,0.0045207935915891895,0.14886974768629738,0.0,0.47195706903929524
2018-02-02,1.4822616009649434,1.399999192040024,-0.0007053270999449647,0.0,0.5195859716714768,-0.001761576711856172,0.16111414655093018,0.0,0.4869309149996916
2018-02-05,0.7311157483916203,0.5893287388498696,0.0,0.0,0.9670665793968469,-0.04929660545432979,0.15015885730755837,0.0,0.4326914317523069
2018-02-06,1.4571624843236464,1.452607622505728,0.0,0.0,-3.2553826413044606,-0.060451380380499575,0.20135944722100785,0.0,0.11512428396527527
2018-02-07,1.953734737409329,1.5998429596580113,1.3035428993820618e-76,1.3035428993820618e-76,-1.570498686017885,0.3216490056757282,0.11964530880125339,0.0,1.1214196041592082
2018-02-08,1.0282419322951695,0.88672580082804,-0.23661774583228765,-0.23661774583228765,1.6006106114024643,-0.02993593277287321,0.15048848810720347,0.0,0.5205754752924644
2018-02-09,1.8578567495948102,1.4267894084595187,-0.9999999866665943,1.8654497858074695,-0.5125304974169298,-0.26464391867480064,0.12905130259279596,0.0,1.1899175122346632
2018-02-12,0.8042191598317944,0.7903242882550716,0.9999999769743001,0.9999999769743001,2.1079637096010906,0.020046223361158688,0.1460604863838859,0.0,0.14884883753214773
2018-02-13,0.48942193904675585,0.4623380852258566,0.0,0.0,-0.22067622616253058,0.014165141794930669,0.139249870458832,0.0,0.160553197943781
2018-02-14,0.5540438544169705,0.5018174487859607,0.0,0.0,0.2149196389185537,0.014797999742843793,0.20435976497038058,0.0,0.23482725717250724
2018-02-22,0.47586392426155594,0.4831784397416565,-0.3604609238411303,-0.3604609238411303,1.1777256186928708,0.061157687493573754,0.14440281798593632,0.0,0.0
2018-02-23,0.5236009033435167,0.4652839850600337,-0.6935952366963334,-0.6927010860332679,0.31862376042979257,-0.017720679177046783,0.14565254322728313,0.0,0.24014312238496666
2018-02-26,0.6130392107220565,0.6172405794615445,-0.9999990560410476,-0.9999990560410476,1.7242666585959965,0.0050402507168367805,0.1434397190176996,0.0,0.0
2018-02-27,0.7129762403370379,0.7179834229904357,-0.9999922789491024,-0.9999923607436758,0.35847823355388275,-0.005265584574176696,0.1255378679352548,0.0,0.0
2018-02-28,0.7473605540346571,0.6296351026949022,-1.0,0.0,1.2060915702984731,-0.04105884029274032,0.1285416793115259,0.0,0.402625676256954
2018-03-01,0.6689659439588677,0.6191105949239754,2.0541142738649878e-05,-0.17315060919375236,1.9838673326236345,-0.01796110068760237,0.16699533357221483,0.0,0.25341173104191556
2018-03-02,0.6613944902494118,0.6612758816018737,1.6458e-319,0.0,0.18807626822363588,-0.024242145994746167,0.1348259486999503,0.0,0.012525180395666713
2018-03-05,0.5614824654243218,0.548621427571584,0.0,0.0,0.38974994349361136,0.0015778563667634415,0.16739900125928509,0.0,0.11948676992994611
2018-03-06,0.4716542615547533,0.4451442664887706,-1.00027885683944,-1.000280197063606,0.8430526548266704,0.004082778750880145,0.1453138612312274,0.0,0.15589844275981096
2018-03-07,0.554481608052572,0.5069613082148086,-0.5915679869334423,-0.5915679869334423,-0.5409977101906827,-0.027879517551443467,0.15391470518855885,0.0,0.22458870328156733
2018-03-08,0.49849323426425357,0.48755866215120763,0.0,0.0,0.6953284056399056,-0.004379374574103867,0.16472209831828313,0.0,0.10383667737635181
2018-03-09,0.4823976712577757,0.5052161628156229,0.005009316538257558,-2.003620594824668,1.6363400950401896,0.024077271969713543,0.15493370607703058,0.0,0.0
2018-03-12,0.48264284411170266,0.46855097681914587,-0.00026581605528978104,-0.00026581605528978104,1.1905185506696503,0.004043437884115875,0.1345613141620412,0.0,0.11577606442636393
2018-03-13,0.6079657197549948,0.5492047299517359,0.9998283698665666,0.956914493732303,-0.30063006500579137,-0.06656360282996099,0.15028093947094448,0.0,0.2607613487383622
2018-03-14,0.6109066608373402,0.5757574408900941,0.9999997043404012,0.9999997043404012,-0.739160339089584,-0.004164961036701165,0.1655420626969814,0.0,0.2042310395486418
2018-03-15,0.8935517757080527,0.820750961807097,-0.9980248485728669,-0.9975604081669377,0.25995989014799825,-0.051341776196678346,0.14983863451568682,0.0,0.35327416345345636
2018-03-16,0.5898983194884914,0.6252851994225614,-0.9984152139461173,-1.0305910451667786,-0.22132898696640702,-0.003008256123748776,0.1612447193247817,0.0,0.0
2018-03-19,0.6140061731901119,0.562630261497925,0.0,0.0,0.364660387803184,-0.009241727513553677,0.16517145059960797,0.0,0.24586738206265196
2018-03-20,0.6502154109259469,0.629337430750308,-0.035716411691172095,0.0,0.8438580188676825,-0.05238514864932542,0.1492416204368989,0.0,0.1634456449777702
2018-03-21,0.7978115076854,0.6267873503125461,0.0,0.0,-0.8108351241853162,0.0026998828927649043,0.21249785885408445,0.0,0.4935998574588821
2018-03-22,0.867100727530305,0.930219596966372,-1.010027012772409,-1.0606884497742384,-0.11845770629629326,0.08050076479197976,0.16713116802991862,0.0,0.0
2018-03-23,1.968267885722982,1.9882681695148663,0.0,0.0,-2.3652285580094246,-0.12138791268623272,0.10819573580000244,0.0,0.0
2018-03-26,1.6716613321786458,1.6373400772996016,1.0018946207492778,0.0,3.261672121705561,-0.07029733070493815,0.1504187792439998,0.0,0.33700011983650585
2018-03-27,0.8616257278697915,0.8034269989137007,0.0,0.0,1.6701597928308942,0.010320500628147045,0.1324913154287702,0.0,0.3112939966393061
2018-03-28,1.0193961102063829,0.9458974711518685,1.4504504504504505,0.0,0.5689513825297476,-0.06516489842296469,0.14474655982552154,0.0,0.38006105242763816
2018-03-29,0.7891214445280751,0.7006034870374712,0.4902103498895381,0.49021077858797585,0.5095340809597504,0.022563167732769784,0.1577422893356899,0.0,0.36313552313841696
2018-03-30,0.5532616658198514,0.49856781124243027,0.0,0.0,1.4618774404308699,0.018694044555656042,0.1613517803501429,0.0,0.2398512215076031
2018-04-02,0.7784172260454704,0.7628880110019336,0.0,0.0,0.24118741941221433,0.019104960889237965,0.1352329165604189,0.0,0.15471024682883333
2018-04-03,0.8821227458198683,0.8550036025649231,-0.3215170755973802,-0.3215174810619806,0.4174493904544718,-0.056285846349746205,0.14381490821686918,0.0,0.21704694951504572
2018-04-04,0.7281044741999351,0.6717224381417315,-0.4565217391304274,-0.626865671641792,-1.1052607085978328,0.00822013437296043,0.18548803305309197,0.0,0.28093609851155055
2018-04-09,0.9754006703859169,0.9606279391652705,0.9480908410282007,-0.00012809017548351493,0.589315877897878,-0.016608295133135886,0.142342783858978,0.0,0.1691166174105361
2018-04-10,0.7187589229572462,0.6980965706730574,0.7378306143429574,0.0,-0.07943662351264091,0.0625834035651085,0.1402509157236532,0.0,0.17110104425507625
2018-04-11,0.5266478356343939,0.45167255291126107,0.0,0.0,0.3266763147204754,0.02350280301210983,0.14397494187451987,0.0,0.270831770154492
2018-04-12,0.6262649773652346,0.6019474067443996,0.0,0.0,-0.2804079813918947,-0.028314551851083003,0.1587162649667936,0.0,0.17282112540997435
2018-04-13,0.6261438595512528,0.5535465625398316,-1.0000007994633298,-1.0000000167748453,-0.4874921368296037,0.018442711097788056,0.16360581402632499,0.0,0.292647118479023
2018-04-16,0.7389670980982583,0.7063162777128081,0.9999999861126665,0.9999998898049526,0.20665933630081845,-0.0039109002652248925,0.1474888120782186,0.0,0.21723187590610235
2018-04-17,1.0798598043903,0.9812204433033219,1.0000375294844377,1.000000831319541,-2.4141073397980217,-0.004914215501017338,0.17019960789599495,0.0,0.45089204781354203
2018-04-18,1.3868879758522668,1.3296881875298883,0.0,0.0,0.9638159446313743,0.005640160916642323,0.14679349988018398,0.0,0.39419231538308613
2018-04-19,0.6957284228951955,0.6112543772154824,0.0016492922911497325,-0.9018847931240883,0.4277122061824068,-0.005949723482989722,0.14913664246448483,0.0,0.33227417106833457
2018-04-20,1.081300494033095,1.0158221334332338,0.0,0.0,-1.7150607673056206,0.00031879728490391557,0.1665712321107713,0.0,0.3705619403330147
2018-04-23,1.0990717576520506,0.9893143191015347,0.0,0.0,-1.01548649703731,0.0021155044941822965,0.14032238722240417,0.0,0.47876498043302473
2018-04-24,0.7120662595494638,0.6427255225700913,0.0,0.0,2.2648722991654546,0.012152677069887652,0.1562097639670825,0.0,0.3065000173340408
2018-04-25,0.713879765971636,0.6564579988030752,0.0,0.0,0.9547657548512278,-0.03590723064071932,0.14284794095955036,0.0,0.2805124169643468
2018-04-26,0.777600528102342,0.6626176783653224,-0.9999999990456676,-0.9999999990456676,-1.6862326719217058,0.01124677229189519,0.17891816133182,0.0,0.4069402826248483
2018-04-27,1.028134556042292,0.9717653550030058,-0.9999999855689854,-0.9999999091045352,-0.2099035175433639,0.031088728751305084,0.1571732845293975,0.0,0.3357569956741977
2018-05-02,0.8092667207593451,0.7926907855116774,0.0,0.0,-0.45942657955172495,0.0023079507245116204,0.1462725158458892,0.0,0.16295380907933318
2018-05-03,1.0029893739887588,0.9109771087914615,0.9745822880951257,0.9850147697515569,1.1718408189811846,-0.026369270824300184,0.16116807620805784,0.0,0.4196527035446237
2018-05-04,0.6881308009672491,0.6636712526125889,0.0,0.0,0.1225883357125035,-0.011034614431271184,0.16010946574549642,0.0,0.181836376161276
2018-05-07,0.49742936585667447,0.48998886931229985,0.0,0.0,1.628553139572464,0.029698078205342426,0.16136295205943757,0.0,0.08571395432849455
2018-05-08,0.46862770726222885,0.4519609151868062,0.0,0.0,0.4667465358491052,-0.003338176673162163,0.14978251169126172,0.0,0.12386791011944073
2018-05-09,0.5007051585226715,0.433940178131081,0.0,0.0,0.12347829934775678,-0.001439976924377806,0.15003210885958973,0.0,0.24980307759268963
2018-05-10,0.560818809909176,0.5418425347510768,1.0000000112013803,0.999999999970471,0.2514447837867362,0.06403507150687382,0.15587052422250625,0.0,0.14465270506448408
2018-05-11,0.6644304465294649,0.5973483158674421,0.0,0.0,-1.0249519696138187,0.002817172037117288,0.1569788478090422,0.0,0.2909343702721883
2018-05-14,0.5317316976236738,0.5765779077879865,1.09794319294809,0.0,-0.5542441917425256,0.05190920516999764,0.16594405614783164,0.0,0.0
2018-05-15,0.5644377338798398,0.5278129773323623,1.0000000086136014,1.000000000117248,1.017738969477322,0.020788307169539166,0.19391479945632137,0.0,0.20000854078502744
2018-05-16,0.6015238785724435,0.5268380103966752,1.0008355033423653,1.0009560387905112,-0.2098524291559989,-0.031668990123745466,0.17983877135361218,0.0,0.2902975840307812
2018-05-17,0.5848451092056656,0.5036823518825507,0.0,0.0,-0.38641653355270256,0.0057538470672025,0.15999304991796887,0.0,0.29723372985556207
2018-05-18,0.6389419374062725,0.591981469422682,-1.000000000305363,-1.000000000010718,0.5576743859041056,0.0028797663379487304,0.16514157685027608,0.0,0.24042616171424275
2018-05-21,0.4106746117339945,0.3737102140475244,1.64524e-319,0.0,0.611909146863332,0.03550920009589564,0.13807596820734347,0.0,0.17027716417482594
2018-05-22,0.40916143138108935,0.36186616366562474,0.0,0.0,0.482408020746683,0.004654948331106468,0.1529117191591788,0.0,0.1909606151114548
2018-05-23,0.5972372245007881,0.5880739442340862,0.0,0.0,-0.7036728249227631,-0.04565911785563426,0.1566393854947947,0.0,0.10421774533336242
2018-05-24,0.5380394377747936,0.5162338263278203,0.0,0.0,-0.3180287588661401,0.009557807113891315,0.1687749805120105,0.0,0.15162147986335522
2018-05-25,0.759827429072846,0.6957563195292177,0.0,0.0,-1.2268067690968332,0.00282068253691925,0.1567416602194583,0.0,0.3053864204685727
2018-05-28,0.8099913915515182,0.6895081401318609,0.0,0.0,-0.5471511562204934,-0.011190709063935156,0.15825417008635967,0.0,0.4250465610723924
2018-05-29,0.780550761726438,0.7067559282679158,-0.004212019887938117,0.0,-0.6991140526796502,0.0041639540796944985,0.16827408519725545,0.0,0.33129375105769693
2018-05-30,1.1829377772206389,0.9997322159941348,-0.9998039600078416,-0.9998039600078416,-1.7437957166526186,-0.045936455562567424,0.2071732341200267,0.0,0.6323585067658715
2018-05-31,0.8501614635690914,0.8373126132509726,0.0,0.0,0.6364432190558267,0.007480758958844369,0.14379072140720206,0.0,0.14724843574302113
2018-06-01,0.9293696894410137,0.8660863977248903,0.9999996247701248,0.9999996247701248,-0.5771486473373222,-0.08065335149431974,0.14733871358504308,0.0,0.33707917664490866
2018-06-04,0.6738077307591024,0.6063694027935423,-0.8256198560334373,0.00016116035455280523,-0.6142413956148784,0.02820740155755619,0.16603633256749928,0.0,0.2938247868824784
2018-06-05,0.5555644273280975,0.4253503899731768,0.0,0.0,1.691743089666442,0.00581228904992237,0.17596584397877094,0.0,0.3573917719562992
2018-06-06,0.47832240042437657,0.43894418483887604,0.0,0.0,0.2482830596274077,-0.06284886868074269,0.15456174448372634,0.0,0.19005346969700992
2018-06-07,0.5152539412519134,0.5181019795899797,0.9999999842802314,0.999999898135949,-0.9382653992739409,-0.0013434576045856517,0.16923207577106694,0.0,0.0
2018-06-08,0.7873821792848195,0.7886196131175311,0.0,0.0,-0.8737119839745899,-0.016410922340781564,0.14927606328996076,0.0,0.0
2018-06-11,0.804258308003175,0.6353644734385474,0.8248416577526692,0.632523974699041,-0.5654893456194743,-0.011207866703866198,0.15454174903310017,0.0,0.4930957431212393
2018-06-12,0.8076632000885665,0.8431839678377108,0.00022336385972753102,0.00022336385972753102,0.750267695033835,0.01573466286899361,0.16594417561825414,0.0,0.0
2018-06-13,0.719845844489659,0.6564960846057258,0.3457368174122248,0.33925887300880425,-1.421162068102011,-0.012949412901708257,0.1915099112268872,0.0,0.29528110458744583
2018-06-14,0.9809012542404499,0.9535991508208577,0.4110741493941721,0.4110741493941721,-0.14907953082136105,-0.0013115280913633676,0.19007611975090233,0.0,0.22981716673091876
2018-06-15,1.3631141679869418,1.1604590961795185,-5.456272830403983e-69,-5.456272830403983e-69,-2.0755791853881433,-0.0192885413512478,0.1575625697127036,0.0,0.7151327995980521
2018-06-19,1.926574873248841,1.9880561049933982,0.0,1.0000000154674187,-5.123402503698415,-0.005059230359638622,0.14980822859893747,0.0,0.0
2018-06-20,1.4115479371472708,1.4493216563190139,0.0,0.0,1.8691298312012883,0.012384560870049022,0.13395562904643288,0.0,0.0
2018-06-21,1.3981361797521312,1.2992651364205077,0.0,0.0,-2.1693166930119356,-0.005847723312990549,0.15471940043348115,0.0,0.5164250985516519
2018-06-22,1.3691092584584703,1.2662937926261482,0.29577464788732477,-1.0009007806765864,2.3783464890755557,-0.013603333016110053,0.14492415558423427,0.0,0.5205383678012487
2018-06-25,0.8320314744989232,0.8415811760288652,0.0,0.0,-1.3045909955321178,0.10506616949814696,0.15428062168430237,0.0,0.0
2018-06-26,1.2388380575313687,1.229811080559234,-0.0036754200546094567,0.0,2.5416285290183804,-0.24759361171974303,0.14596854995096586,0.0,0.14927973379472503
2018-06-27,1.0075583979785798,0.899681882030928,0.0,0.0,-0.8954055345434031,0.019733369022656433,0.1476654120639376,0.0,0.4535928091167778
2018-06-28,0.9658504917666599,1.0439669650521286,0.0,0.0,-0.9232898601894912,-0.006791686597074076,0.19903316561768591,0.0,0.0
2018-06-29,1.0039287333464537,0.8974106879462026,-0.546679858558315,0.00859908232343014,2.9918439280539166,0.06715231056944049,0.16192110536201576,0.0,0.45002995322371414
2018-07-02,1.159133012000045,1.192904992977164,-1.658e-319,0.0,-1.1350287672986181,-0.0011192959353700793,0.15859819182658125,0.0,0.0
2018-07-03,1.6849113361222134,1.477611804337713,0.0003783579265985542,0.0003783579265985542,1.2037568958680245,0.06113441628101679,0.15067609292832526,0.0,0.8096848561477422
2018-07-04,1.1280129627971187,1.1200714322361307,-0.99984350352049,-1.1019399166131503,-1.2183795632261574,-0.10168672008247226,0.14208990600951124,0.0,0.1336159830515679
2018-07-05,1.396429900889384,1.3944577643808687,0.0,0.0,-2.3959104261773057,-0.00035192824952012813,0.20529616740941078,0.0,0.07418902517114272
2018-07-06,2.218396084764871,2.339404146006539,-0.38211237838305495,-0.38211237838305495,0.4813723548595883,0.05520699020422626,0.12793254923403868,0.0,0.0
2018-07-09,0.7529691567710924,0.8266970627099315,1.2147583410812772,1.1922869318932325,1.9048033958630528,0.11462758278082408,0.17204720078229135,0.0,0.0
2018-07-10,0.7531720611442327,0.7324932978105307,0.0,0.0,0.6697667140205255,0.012778495388654498,0.1661682531218092,0.0,0.17527613172050832
2018-07-11,1.2689546562949934,1.1043232232645843,-0.28805991646262424,-0.28805991646262424,-0.8170558921840043,-0.008694710572554332,0.1325692303644472,0.0,0.6250729063807388
2018-07-12,0.8158252694686605,0.8308359453921274,1.0326658432442712,-7.866487287352275,2.857950987483515,0.029319626653889763,0.14029409519208416,0.0,0.0
2018-07-13,0.7872977269532531,0.6647249686630008,0.0,0.0,0.40943260802641657,-0.002328883144553373,0.14717204621616473,0.0,0.4218748948464836
2018-07-16,0.7702303634039649,0.7064672522552891,7.711900174254048e-303,7.711900174254048e-303,0.2616402999326972,0.003893940795784978,0.14182429194552296,0.0,0.3068531150245433
2018-07-17,0.8766416969548626,0.8340180869821802,0.0,0.0,0.32580171044997996,-0.009798642749425657,0.17389695773163105,0.0,0.27002684204813004
2018-07-18,0.7881667820832224,0.7242590427844584,-0.20694554971493054,-0.19672622910254756,-0.5336452046219353,0.02237387153838366,0.14892455981109143,0.0,0.31089502299709126
2018-07-19,0.9519955760121055,0.937103971296936,-0.023628031434570602,-0.023628031434570602,-1.0059905569683503,0.06045234598803795,0.15277297814363405,0.0,0.16772514339278954
2018-07-20,0.9610455205377914,0.7778835624736765,0.0,0.0,1.3076765523226674,-0.0019415728798821696,0.16608540591593046,0.0,0.5643630531661479
2018-07-23,0.6789552956096047,0.6996205197699901,2.0,2.0,1.334056102034098,-0.0076017812345563485,0.14995273393624167,0.0,0.0
2018-07-24,0.8291608161134651,0.7966274833806943,-0.30060611775500856,-0.30061915005732054,1.6768714503776927,-0.0007438987752794723,0.13341195377010445,0.0,0.22998328569808968
2018-07-25,0.6326569990494595,0.6439590742378969,0.9999999841631028,0.9999998971734418,0.2701211949428295,0.0048712578748277835,0.14058336416967146,0.0,0.0
2018-07-26,0.7472666827745074,0.7288820322131259,0.8709545162371605,0.0,-0.3265115134315044,0.011610489686653125,0.1394358058828014,0.0,0.1647376043946252
2018-07-27,0.8609682385063363,0.7850589604729297,0.0,0.0,-0.4559552084726137,0.012471463106855651,0.1503073778220004,0.0,0.35348088533592115
2018-07-30,1.062926626445152,0.9715473914107801,-1.0,1.000159376613485,-1.2369451078488303,-0.006508389932191605,0.15064913794049453,0.0,0.43117128782999947
2018-07-31,0.76002024715773,0.7979579764013235,0.0,0.0,0.11144841175085851,-0.006059556645998665,0.16262481714627572,0.0,0.0
2018-08-01,0.9413662988007563,0.8579253256294105,0.0,0.0,-1.760178507423471,0.0037110000632001316,0.19255845508774336,0.0,0.3874721204957909
2018-08-02,1.9242597716583687,1.8632715876547061,-1.2118644067796611,0.0,-1.9039755881721576,-0.036012780698169156,0.1374149494162636,0.0,0.48061903776424425
2018-08-03,1.1260822959433776,1.112555971458901,0.0,0.0,-1.075381975414147,-0.005315218626578133,0.177386309790873,0.0,0.17401306734912037
2018-08-06,1.59468265777551,1.641101442963574,-0.9999038553985193,-0.9999038553985193,-1.7055569095467016,-0.014453644777090435,0.16462400296624422,0.0,0.0
2018-08-07,1.2279112168185051,1.1984116253258819,-0.0,0.0,2.522163960998225,0.007511599089715659,0.17523398464738538,0.0,0.267536039950658
2018-08-08,1.0941436665743338,1.0929336852965836,0.0,0.0,-1.2614614734397067,-0.09597833578107728,0.13892689349875245,0.0,0.05144242071243533
2018-08-09,1.0810188590943157,0.9788005718256287,1.3278688524590163,0.0,2.7471205655571262,-0.006459064425889949,0.14678383574982498,0.0,0.45885859947417157
2018-08-10,0.8963659517207033,0.9164311653642286,-0.40161245875014,-0.2260817793511126,0.8264773219136989,-0.02329091077820644,0.16217367985818085,0.0,0.0
2018-08-13,0.8687887089935228,0.7790035009106246,0.0,0.0,1.953928928722215,-0.2251976767370656,0.18261504354503436,0.0,0.38463926794286407
2018-08-14,0.6809625813412107,0.7720046818070554,0.0,-0.3180823992219991,-0.10459764415692296,-0.020568436938406265,0.14698397844056024,0.0,0.0
2018-08-15,1.0384172321638234,0.9952479026389025,0.0,0.0,-1.9807581792266937,0.006051206144119803,0.16354728041873443,0.0,0.2962970812337536
2018-08-16,1.477041002049495,1.4199323011654519,0.07542528117728073,0.07542528117728073,0.07623650668235893,-0.02182817000599968,0.1603650649076612,0.0,0.4067460901377676
2018-08-17,1.047779446325187,0.9162985322324185,-1.205761316872428,0.0,-2.5154495888204287,0.09911455793460977,0.19379439816708707,0.0,0.5081719866051562
2018-08-20,1.6478946324541204,1.5012542817022327,-1.0597184576593437,-1.0581288213837579,0.629958312866763,0.010778645314757362,0.18166308659645994,0.0,0.6795530158433658
2018-08-21,0.7684201701400087,0.7159222926366866,-0.40631995334000215,0.7483120461232334,1.2622822558155722,0.009407126034299829,0.14398401034235028,0.0,0.2791501903703998
2018-08-22,0.7459736362243234,0.6933859854993915,-0.3004778089749273,0.3052952942414991,-0.9207718912727314,-0.03229970021979556,0.15157772343071166,0.0,0.2751227745112661
2018-08-23,0.9887535905165621,0.8571139583218911,-0.9538319482917821,0.3961250719355458,0.7486442099048807,-0.0035286979901183457,0.15061667798091993,0.0,0.4929394741843799
2018-08-24,0.7734274763158203,0.7179320570730972,1.0,0.9779235223962903,-0.040145021472215436,-0.0875362456902451,0.1719886219151776,0.0,0.2876866742604703
2018-08-27,0.7028080709289055,0.6261231784457534,0.2972219984881505,0.29722207735623934,2.0150472436146094,0.09532751833976061,0.162653536793407,0.0,0.31923181228661524
2018-08-28,0.6175165533348695,0.6163770861201887,1.0,-0.325766269893463,0.06492027419782165,0.009358236287204669,0.14452592031150513,0.0,0.03749641780973531
2018-08-29,0.583650807568353,0.5433457565666484,-0.9999996087066453,-0.999999106641348,-0.47808737509704713,-0.006915186140810103,0.15343019590489793,0.0,0.213128257150963
2018-08-30,0.7773997852477897,0.617399066865498,0.0,0.0,-1.5408914482474834,0.01184321789877707,0.1799721170644333,0.0,0.47240747066163336
2018-08-31,0.9270139357333113,0.8480457170577792,0.00518134715025911,-0.009900990099009691,-0.751596019401024,-0.0051485801956130395,0.1801705296388533,0.0,0.37439724735061924
2018-09-03,1.0182509988275867,0.9182628168442872,0.040638055450056915,0.030927835051545713,0.09827211872301955,-0.011620423270142233,0.15513941671107048,0.0,0.440032380416002
2018-09-04,0.9042978972501777,0.8763334117293866,-1.0039223625792704,17.442307692307708,1.3343142640255934,-0.03944085705899214,0.16569510514969227,0.0,0.22314667476309474
2018-09-05,0.8508482409968157,0.8683109250792461,-0.8091106290672452,-0.010101010101009883,-1.312483635429762,-0.017751769559670727,0.16680910755150605,0.0,0.0
2018-09-06,0.999736396481608,1.0035607797435502,0.9998060135790494,0.9998058344019851,-0.08352105138134114,-0.002674994097362493,0.15438303019130625,0.0,0.0
2018-09-07,1.0992359250975952,1.0674454376737297,0.13101552524486407,0.2550043597952979,0.02742133713036221,0.05331758276618803,0.13604121561678742,0.0,0.2624497220701625
2018-09-10,0.8685448451486454,0.8495940477103011,0.0003416467372736517,0.0003416467372736517,-1.8046121660188263,-0.05292233970560778,0.15374354420460298,0.0,0.18044418009321053
2018-09-11,1.127914189606046,1.0130503924208436,-0.999999999998829,-0.9999999999890699,0.1334366850614277,0.03398978171129663,0.1408274615928506,0.0,0.4959025322889956
2018-09-12,1.0266242539210513,1.0341674747780216,1.0001800567909922,1.0001807066845716,-0.017645956631151538,-0.034040654081124444,0.15507643042142838,0.0,0.0
2018-09-13,0.9542485539564528,0.972311911947359,0.0,0.0,-0.05711753505102113,0.10512554954422715,0.17744407655447425,0.0,0.0
2018-09-14,0.8957154342252893,0.8558033681352156,1.0755634511260263e-223,0.0,-1.0456677332358,0.022152989005896906,0.16734136453581458,0.0,0.26439881655903685
2018-09-17,0.9204248997240031,0.8464319959266274,0.0,0.0,-1.0519910663496668,-0.04700906776566871,0.15993371671486337,0.0,0.3615727759436638
2018-09-18,0.9670807444728278,0.9190480635364741,1.0,-0.9999999999895092,2.1382193672916605,-0.02799975629995677,0.17788239614590226,0.0,0.30099140060801727
2018-09-19,0.994824759751522,1.0186202772830433,0.0,0.0,1.3498957831937997,-0.008608881078320252,0.13453229644922038,0.0,0.0
2018-09-20,0.6854271854953177,0.7123954466643535,0.0,0.0,-0.23240826193268171,0.02948813566598929,0.15437857701164584,0.0,0.0
2018-09-21,0.7010646452517015,0.6641923164524502,0.9077984104445965,0.9334579887011645,1.0609635837669718,0.036467659179528766,0.17071234522001208,0.0,0.22436622648567744
2018-09-25,0.5468016256897065,0.5460683053177955,0.0,-0.5767691466302003,0.47083999794379494,-0.1609621910326764,0.1513249621428381,0.0,0.028309429246396657
2018-09-26,0.675224053084462,0.567882455669907,0.9999999984370455,0.9999999860424122,0.3935252470278483,0.02080918029703227,0.1405232237156148,0.0,0.36529034808782507
2018-09-27,0.6488352378405439,0.6298133885719435,0.0,0.0,-1.3144614403745924,-0.017709889977024496,0.16112202321261335,0.0,0.155955959934596
2018-09-28,0.5683228998233073,0.5465348387721085,1.0,0.0,0.6693347392493054,0.12916245808045623,0.18169694622603744,0.0,0.1558543822672893
2018-10-08,0.7965318906353868,0.7885435690532098,1.0,-0.41025695211319124,-1.5635097286425537,-0.24764676665428587,0.17306362470751224,0.0,0.11252596368842843
2018-10-09,0.8903168392600168,0.9140681146027946,-0.9999999697641898,-1.0172520178171347,-0.17164427395962578,0.014557689288174913,0.14819562737922046,0.0,0.0
2018-10-10,0.9437178289727114,0.9055093339134187,0.0,0.0,-0.28983620888346495,0.06355748597965949,0.1431536756896907,0.0,0.26581231520876614
2018-10-11,1.8415056202671758,1.898116706424544,0.0,0.0,-4.41882072786971,-0.006744647660994474,0.11712408265920907,0.0,0.0
2018-10-12,2.4425539392875217,2.2770529634837824,0.0,0.0,0.24060613992673563,0.03998607383910446,0.12339640453120435,0.0,0.883798363779157
2018-10-15,1.2378135138412734,1.140986923769751,-0.9992389647291435,-0.9920418242080083,-1.7422087559092136,0.02417992697634208,0.16053741988285916,0.0,0.479928260091569
2018-10-16,1.5300626081451,1.4983784529790443,-0.29196473499501724,-0.29196473499501724,-2.232563291748413,0.009628138836936806,0.16129018358936484,0.0,0.3097637753061395
2018-10-17,1.7629036282298205,1.858708481641263,0.0,0.0,-0.5599847557002602,0.12334814310546172,0.13093759164439273,0.0,0.0
2018-10-18,1.3968477171674194,1.3806595491614575,-0.9999999999657929,-1.0000016540925052,-2.476374263739012,-0.12216627952000847,0.1999915120063417,0.0,0.21204422714403628
2018-10-19,1.6247084933515,1.6754322084137063,-0.9999999999988403,-0.999999999992432,3.9486804624125904,-3.431268349451955e-05,0.15337058682563476,0.0,0.0
2018-10-22,1.544333201488474,1.3719216564857082,0.9999999999614914,0.9999999999614914,4.032877827134329,0.00862198746531817,0.11174560831798998,0.0,0.7090810995120026
2018-10-23,1.277485081496776,1.4045252654366671,0.0,0.0,-1.560647366160428,-0.009663039321894384,0.11179735427439125,0.0,0.0
2018-10-24,1.286226369384289,1.2194602148181857,0.0014930944382231858,0.0014930944382231858,0.4631440631193584,-0.03444240334515847,0.13658393794069956,0.0,0.4090171851830605
2018-10-25,1.639749913763653,1.5104795309510215,0.0,0.0,2.4375520385436333,-0.07935369982503548,0.15297563090916672,0.0,0.6381468218724355
2018-10-26,1.0838062467214136,1.0206541471802035,-1.0004064885239303,-1.0004086830218166,-0.5515333255148969,0.21016546026582095,0.1261929071741748,0.0,0.3645560207652715
2018-10-29,1.1710350786824508,1.0446651065624513,0.0,0.0,-0.9515609520796331,-0.0904879018119753,0.151118326351555,0.0,0.5291483446404005
2018-10-30,1.5545910835785497,1.373369231550164,0.0,0.0,1.201303060941461,0.018980670758983464,0.12952769127830055,0.0,0.7284300865376453
2018-10-31,1.0093658586502483,0.9058806006839746,-0.5390749601275917,-0.5390749601275917,1.3287622622666362,0.018265299946573776,0.13606494528488683,0.0,0.44519633187302254
2018-11-01,0.9475497122552171,0.9258361978339638,0.0,0.0,-0.03332571293190867,0.030572209707835363,0.13014892911883483,0.0,0.2016873619622563
2018-11-02,0.828128775102089,0.8039266217862325,-0.960181161607638,0.0,1.5884848890209913,0.04845418695482717,0.15883063137465286,0.0,0.19874419472141128
2018-11-05,1.1701549751521234,1.0362050338208841,0.0,0.0,1.0174548023230034,-0.13229725495043088,0.1276893649444037,0.0,0.5436375573463692
2018-11-06,1.0608632484691953,1.0051570558495988,0.0,0.0,0.394716627494085,-0.012312522437196716,0.14897812647747238,0.0,0.3392493552364989
2018-11-07,0.9708986621024736,0.9560377719635823,0.0,0.0,-0.26868920525912054,0.007307476708318106,0.1308172451569016,0.0,0.1692217203886148
2018-11-08,0.8456868636419064,0.804333650383936,-0.5048961903391077,-0.3250182808176394,-1.1258075679816404,0.14137775739628822,0.14271631843545668,0.0,0.26121571582991826
2018-11-09,0.7828950236111857,0.7891901295833902,-0.9989702779916164,-0.9989702779916164,0.2824464811660654,-0.10643474717838552,0.15185336489446896,0.0,0.0
2018-11-12,0.9284414146290813,0.9489593986718169,-0.0036140220802103424,-0.009364826554325897,2.9848634360565063,0.007456926656090879,0.16106254500186953,0.0,0.0
2018-11-13,1.288060124487796,1.1888566504272509,0.0,0.0,3.2239490253273884,-0.1663288525283968,0.11540868821094284,0.0,0.495700261277331
2018-11-14,1.1651571464042316,1.094854342003891,-1.0,-1.0,0.13752951733772,-0.004455721870000318,0.11567800298790515,0.0,0.3986039959810724
2018-11-15,0.9626717295216956,0.9064186627138664,-1.0024937655860349,0.0,1.6843110386644211,0.0014362252326760583,0.16627257684992675,0.0,0.32425617450450916
2018-11-16,0.9648515003036302,0.9046754236285101,0.9999999999989204,0.9999999999901193,0.8683345796466346,0.01497479945520297,0.13012342831034626,0.0,0.33541138251517644
2018-11-19,1.1566491335106792,1.1053921157836821,0.0,0.0,0.38419638800313294,-0.014525949014787543,0.15527583283082616,0.0,0.34050769215141036
2018-11-20,0.9978591007493989,0.9836884863867229,-0.5885081410327119,-0.5896718866517524,-1.760462313727429,-0.02464220329096989,0.1522823769558608,0.0,0.16757012471976332
2018-11-21,1.1775899640330008,1.150885671948411,-0.3969657488249272,-0.4011533640437355,2.000261364516387,-0.047328338333174624,0.12932591151516085,0.0,0.24935976719410521
2018-11-22,0.8354810609374755,0.7092445803248808,0.0,0.0,-0.1730849149521374,0.0011979050493104992,0.14266849105808307,0.0,0.44158886813980436
2018-11-23,1.7295788902773448,1.5477407400631358,1.0330250990760286,-0.27323910664606793,-4.0798826225254,-0.028418026295451426,0.12079947615064984,0.0,0.7719726285574046
2018-11-26,1.229090863563588,1.2464966615880086,-0.9999999998825364,-0.9999999998825364,0.015402487769411444,0.034525057418677285,0.13304193889224925,0.0,0.0
2018-11-27,0.9996533272522148,0.9765217111345945,0.0,0.0,-0.01927429476594744,0.21916956859795445,0.14688454234124176,0.0,0.21380393440998013
2018-11-28,1.2771394848720439,1.3568447085495958,-1.0763802407638026,-0.027823240589198318,1.2796456946378543,-0.017673676096996438,0.14270061276347235,0.0,0.0
2018-11-29,1.0847867823434043,1.1463173050881494,0.0,0.0,-2.743394100611185,0.020321790903010672,0.1700346186559831,0.0,0.0
2018-11-30,1.3793561597927178,1.2622107969253185,-0.9999999983393012,-0.999999984836918,0.9291257568462497,0.024433847129001762,0.15312358179000657,0.0,0.5562798932940736
2018-12-03,0.7997205211647092,0.835402906020766,0.0,0.0,0.8245927613371729,0.0011400465277588978,0.13095579572755262,0.0,0.0
2018-12-04,0.832734875443023,0.7885998453569799,-0.9999999539544743,0.7589828105689805,1.1043268989543886,-0.0017628696262983468,0.1535398937283221,0.0,0.2675026292993293
2018-12-05,1.0356789049070418,1.067359538981909,0.7658869395711501,-1.5097917839054587,1.6062698919088403,-0.2044288575787423,0.126508942592169,0.0,0.0
2018-12-06,1.0609565115363468,1.0487606558574765,0.00026759434593993177,-0.3097035473156484,-1.270664335879601,-0.09600314835785939,0.1344555077468987,0.0,0.16040513114227467
2018-12-07,0.8717595363746614,0.8685482618357265,0.009923094358132123,0.010481482947591481,-0.1511563894255774,0.01894403188811289,0.16051867898542277,0.0,0.07475698042526083
2018-12-10,1.0272963840983622,0.8757156572572732,0.0,0.0,-0.4385238184297924,-0.028389625270153207,0.14186930080459143,0.0,0.5370846752757258
2018-12-11,0.6585813892084263,0.6587777957140878,0.0,0.0,0.6079912401315335,0.007485732879475293,0.16467338022723946,0.0,0.0
2018-12-12,0.6446182461138816,0.6734993380703087,-0.3055555555555613,-1.703451882845188,-0.3322531608267565,0.03130103121844474,0.1478958936854199,0.0,0.0
2018-12-13,0.8595257315062124,0.7737865785871121,0.0,0.0,0.7593442240976911,0.00745854484298647,0.1430712557623845,0.0,0.374217602364908
2018-12-14,0.8475189837277584,0.8511052118218624,0.0015600624024960665,-4.531522549490435e-16,-2.3762677168894797,-0.0029358469286533406,0.19595839540902063,0.0,0.0
2018-12-17,1.0844301868541995,0.8966443830436797,-0.4995836802664446,-0.4995836802664446,0.09727798801542065,-0.00858725897786572,0.15335195054720696,0.0,0.6099325212815374
2018-12-18,1.067670256861839,0.9048349742207802,-0.99999999730906,-0.9999999999928617,-0.08988977786558161,-0.035892162726058885,0.15215716234837495,0.0,0.5667393111601712
2018-12-19,0.8267033204986255,0.771399315714686,-0.3608245045292031,-0.3608245045292031,-1.479054100807775,0.0018733558422745489,0.19991695717705057,0.0,0.29729022156533724
2018-12-20,1.118989400297239,0.9965216914714357,0.0,0.0,0.5741521976954989,0.014359071165270798,0.15705532272520004,0.0,0.5090007823220738
2018-12-21,0.9946248540026748,0.9766187317819657,1.0004850262541465,0.0,-0.41390641435576914,-0.0002623127858258911,0.15381849531254116,0.0,0.18839971585017593
2018-12-24,0.7985726288673997,0.7825055703317626,0.9999999979428225,0.9999999995487086,1.0414323263830516,0.002653387051898548,0.17644788316542556,0.0,0.1593840518243673
2018-12-25,1.6532587484078018,1.405284641848449,0.0,0.0,0.05166338846895879,0.0,0.1356865034301353,0.0,0.8708843577489539
2018-12-26,0.9279965018659708,0.7282054544384482,0.0,0.0,-0.3237124797132118,-0.005085020184736333,0.16636593586591933,0.0,0.5752341467624918
2018-12-27,1.0479033971999259,1.1559123983508635,0.0,0.0,-2.858289078064302,0.02477756954244459,0.21568208550904402,0.0,0.0
2018-12-28,0.9849004397099784,1.0441565073431665,-1.000005112098173,1.7557427928677325,0.02219216354493181,0.0,0.18261641110696025,0.0,0.0
2019-01-02,0.7989390841826525,0.6553800988777068,1.6614e-319,0.0,-0.6967339514810877,0.06111011425922186,0.1419329083232463,0.0,0.4569251429169364
2019-01-03,0.9675172893949591,0.8781824141005421,0.0,0.0,-0.6342992634077449,0.01105507787835247,0.14838046388098103,0.0,0.4060607748142055
2019-01-04,1.2833038413599591,1.175159938973571,-1.0002000400080016,0.0,3.6844777450557586,0.0,0.1395314423185032,0.0,0.5156237650466279
2019-01-07,0.8376082917930288,0.7716026492468198,-0.5990645376834635,-2.1872721591500883,1.550078566146773,0.017514032726295703,0.13829545634945717,0.0,0.32590949994703255
2019-01-08,0.7395653995670173,0.7310551037371701,1.0381185521944396,0.09890109890110302,-0.03930160821997708,0.0,0.13300989925281703,0.0,0.11187231800833233
2019-01-09,0.8334646428668465,0.7913738399494337,0.08477660222034646,-0.07128945240218722,0.1327624605643729,-0.0010177189444626755,0.15646383650285198,0.0,0.2615162640312227
2019-01-10,0.8020310924594133,0.7475912790215468,0.0,0.0,-0.21428803492854476,-0.009160100639626911,0.16042033511924902,0.0,0.29044991444751317
2019-01-11,0.7733757633739954,0.7147199506788622,1.0001499084938847,1.0001597213818687,0.7936236186981027,0.0,0.15384028684487364,0.0,0.2954411336898009
2019-01-14,0.6103927677864623,0.581856126782603,-0.999999969431299,-0.999999969431299,-0.5951322667247294,0.0,0.13576601128169677,0.0,0.18445264620374943
2019-01-15,0.7469928606011483,0.7374646218828288,0.9998243054273602,0.6265488849078737,1.3225235412070324,0.0,0.16669761438601058,0.0,0.11892966518200154
2019-01-16,0.6807414113812589,0.5319288480345926,0.0,0.0,-0.14908742895265448,-0.0022716378946241456,0.14648655900805702,0.0,0.42480650865769415
2019-01-17,0.7385427050214862,0.630537309568892,0.9997867594689458,1.0045052267042902,-0.7945733877906869,0.00047924616908279205,0.16401161896998592,0.0,0.38453612103686347
2019-01-18,0.7796952186739411,0.7963668077598258,0.0,0.0,0.6563618922917014,-0.00018493323279411555,0.13879169218654686,0.0,0.0
2019-01-21,0.5357497359319057,0.5169812357862978,0.002511661284535353,0.002511661284535353,0.5469711791702414,0.0,0.1346075238545082,0.0,0.1405637983122929
2019-01-22,0.5954936628622415,0.5374111067955395,-1.0095168305147655,0.0,-1.0297185867588987,0.0013373370883584812,0.13405163468789277,0.0,0.2565190145035689
2019-01-23,0.6323620218151943,0.5905076619146487,0.0007841165459742308,0.0,0.41258566309094746,0.0008321183207815608,0.15822156968874587,0.0,0.22623533732442247
2019-01-24,0.5762263418391946,0.5915089309327397,-3.104216079314635e-91,0.0,0.46840638192073847,0.0043498674460851205,0.1415083726686847,0.0,0.0
2019-01-25,0.6316727082348631,0.61293642002332,0.0,0.0,-0.562679980090719,-0.0009689118692368659,0.18798423348303703,0.0,0.15270676258032154
2019-01-28,0.7762089233204971,0.726450930494111,1.0,-1.3848818412746753,-1.3210766247242378,0.04661266906813566,0.13668837890723604,0.0,0.2734398256044748
2019-01-29,1.8144422145911463,1.935849690737813,0.5522819784200818,0.0,-1.4866958093049942,0.0,0.12056200095638066,0.0,0.0
2019-01-30,0.9509118468813218,1.0136838131444785,-1.0077575028791064,-0.9999923662092858,-0.9063153810933811,-0.02707177103448144,0.1844956809245384,0.0,0.0
2019-01-31,1.1186856259004645,1.1045967748501941,1.0000209255952845,1.0000004511277554,-1.2198881549024265,0.032145294371277444,0.13972097266299918,0.0,0.17698444730219504
2019-02-01,0.606844866616537,0.599995663086071,0.0,0.0,2.6025873605648453,0.0,0.18304471817147797,0.0,0.09091697540475362
2019-02-11,0.8391259221329699,0.7955414282920823,0.0,0.0,2.537888614485917,0.003406313829490415,0.15356572680132088,0.0,0.266919742743958
2019-02-12,0.784851394829402,0.7308476870864875,-1.0000004630424948,-1.0000000103023867,1.4101980519179103,-0.023502475045444893,0.13198921748507533,0.0,0.286100280052274
2019-02-13,0.7482413520217005,0.7513968554078152,0.0,0.0,1.7055209168379326,0.0067397602282026625,0.14979575551387075,0.0,0.0
2019-02-14,0.8169438087594464,0.791872686550422,0.0,0.0,0.4526273772746059,0.0,0.1432461574508917,0.0,0.20083534292003494
2019-02-15,0.8371953000068002,0.7629618006717666,0.17440846462414974,0.17440846462414974,0.01484451735194181,-0.003746083661226862,0.14836795636962455,0.0,0.3446523771413332
2019-02-18,0.7191304342852582,0.7419385072542981,-0.8080343782453635,-0.7497648678943729,2.701330984905148,0.15679672690109836,0.14144291760625588,0.0,0.0
2019-02-19,1.2781243857668645,1.3480352763796766,0.0,0.0,0.002502202572873813,-0.011921312008278395,0.1163506807343835,0.0,0.0
2019-02-20,0.9794574039646126,0.993057038300173,1.00014582883026,1.0001599873663407,0.17186790898156,-0.007539992004657048,0.13727909833106317,0.0,0.0
2019-02-21,1.3516976952450181,1.2088769698326312,-1.0000000251663368,-0.9999999999428232,-0.19263265816283903,-0.008522217784856512,0.1329537727205533,0.0,0.6047339341718553
2019-02-22,1.0416694812098823,1.0434362236270533,0.0,0.0,2.5138261206577583,7.699419526385753e-05,0.1731982451500069,0.0,0.0
2019-02-25,1.5655427482934943,1.4936619924568442,0.9999999917849681,0.9999999321196784,3.7369239139200428,0.058189287326460004,0.11850208402266074,0.0,0.46893277665801725
2019-02-26,2.2716938621382146,2.1857217204719266,0.0,0.0,-0.17882567036845431,-0.03915557115121704,0.13722807990037697,0.0,0.6190424572948764
2019-02-27,1.8782009425454766,2.0400358822045144,0.0,0.0,-0.037573387876221886,-0.005518992647557397,0.13063194245780507,0.0,0.0
2019-02-28,1.5724309621275425,1.4165789896318883,0.0,0.0,0.4766512588395555,-0.02167274954785192,0.1323538360866912,0.0,0.6825269934521622
2019-03-01,1.2129299635525002,1.1355438120047707,0.999999943505624,0.999999943505624,0.3597851062735469,0.013346626196319988,0.1588867096758058,0.0,0.42630898125789385
2019-03-04,1.624213363721333,1.5217569414937673,0.9999999609877815,0.9999999609877815,1.139836659386595,0.03320529434822639,0.11862334560387558,0.0,0.56773661314601
2019-03-05,1.3316500651525218,1.3163009318640346,-1.0000015629982058,0.0,3.4023173338391777,-0.04470174385972081,0.15117627232540343,0.0,0.20160295829820934
2019-03-06,1.8282819481696235,1.4716394502848258,-0.6567836949340107,-0.6567836949340107,1.439073666092372,0.0019930098209552938,0.12697563950625476,0.0,1.0848466298829018
2019-03-07,2.1931506145211404,1.9943345336423528,-0.20584971205295113,-0.20586984046623047,1.81004492268666,-0.043157934926152386,0.13365191972793558,0.0,0.9124359626275123
2019-03-08,2.6502533867175893,2.6301664471187087,0.0,0.0,-1.6972330898443078,-0.11072120080907188,0.15978200405475448,0.0,0.32568001820652187
2019-03-11,1.8336074187393567,1.530034912149733,0.030192131747483995,0.030192131747483995,3.307709437641959,0.09892704385683349,0.1479830448106741,0.0,1.010499546590183
2019-03-12,1.6380600036089246,1.7130154131759863,1.000002934616739,0.0,1.4037811786714594,0.007746633616600995,0.11412577897217867,0.0,0.0
2019-03-13,2.3533324618229425,2.410108066468724,0.0005193358450991076,-0.188775004006753,-2.4504021906882056,-0.008454555475767567,0.13076793100198073,0.0,0.0
2019-03-14,2.454797032040513,2.4875168431346606,-0.9999999999942238,-0.9999999999407608,-2.0676388857902905,-0.01655931511044262,0.13395130747255038,0.0,0.0
2019-03-15,1.5054130274474304,1.517620077741277,-0.10181818181818182,0.07547169811320754,0.8256553169166292,0.10752587101039435,0.14061722825652723,0.0,0.0
2019-03-18,1.3499805373640164,1.2511156878393908,-0.9999999999924216,-0.9999999999363677,1.982763500675322,0.0,0.16444929522909854,0.0,0.507106484777908
2019-03-19,1.2756364026521805,1.1858267271469884,-1.0000862143288214,0.0,0.45366126520713923,-0.01850352883779882,0.13325435704923072,0.0,0.470173590235838
2019-03-20,1.7638932150268523,1.7695910331761755,0.0,0.0,-0.13916421028000725,-0.014199857330865484,0.13514169911757867,0.0,0.0
2019-03-21,1.3762307930294515,1.2805833535111026,0.0,0.0,1.0268035337803516,0.0,0.1431307709012195,0.0,0.504100655021129
2019-03-22,1.683749352706713,1.5143841872759336,0.9999998159475892,0.9999998159475892,0.5671882593531796,-0.017906293994629507,0.1358966707348361,0.0,0.7359703907555556
2019-03-25,1.4755510180756364,1.3649182518349983,0.0,0.0,0.787610963735319,0.0,0.1453493367410116,0.0,0.5605791404893151
2019-03-26,1.8118286135612172,1.622640711565023,0.0,0.0,-3.2456378998909297,0.0028467022108458195,0.14488645419060375,0.0,0.8060769479962309
2019-03-27,1.6065469095210068,1.5895794373150698,0.0,0.0,0.06597127507672607,0.0,0.13763392972021415,0.0,0.23287375325829188
2019-03-28,1.4261780291934736,1.2326735256421246,-0.9999999781977625,-0.9999999781977625,-0.8513274999707998,-0.01120067260608204,0.15435041846116007,0.0,0.717286379443521
2019-03-29,1.4187830901267577,1.320942053073866,0.0,0.0,2.7571585630749684,0.0641024938552226,0.14870710041015917,0.0,0.5177427442761814
2019-04-01,1.0851525956660302,1.058996868754866,-0.9985571881406219,-0.9985571881406219,2.951108192377583,0.0,0.12843494455586535,0.0,0.23681593664302175
2019-04-02,1.2857538741659853,1.2809641063475437,0.0015788517639699874,9.775603009492508e-05,-0.09931111237554413,0.0,0.1398458794144047,0.0,0.11087823583588978
2019-04-03,1.1393639907768542,1.0942019552132523,0.0008343043580261731,0.00023376877290145882,1.6011912444400256,-0.05933054218376643,0.15645409272730199,0.0,0.3176041320361806
2019-04-04,1.1901400976851726,1.082811847422064,-0.26792638613266545,1.1055342141922437,-0.05450481436576338,0.012689438004476195,0.13955428768555744,0.0,0.49391492708814616
2019-04-08,1.4596284452669759,1.521455085102697,-2.3384246236789674,0.0,-1.1936726727273972,0.03246166831747388,0.12120925817369672,0.0,0.0
2019-04-09,1.2259548860175724,1.1556914865743932,0.9979631896755083,1.149882509358462,0.5667611703383368,-0.0401723512657548,0.13653556304424497,0.0,0.409075262524915
2019-04-10,1.300028685841332,1.2754520988395055,0.30086354188471887,0.30086354188471887,0.5208517960025194,0.0,0.1413745593171514,0.0,0.25158801159085603
2019-04-11,1.511411377806318,1.604500772427573,0.0,0.0,-2.0205794412906597,0.0,0.16129823067696492,0.0,0.0
2019-04-12,1.3424507509079053,1.2257689607237305,0.0,0.0,0.056371454396808574,0.01140547518900803,0.1399694713437169,0.0,0.5474161794644588
2019-04-15,1.1195787235723516,1.1960097911608478,0.0,0.0,-2.095636688536262,0.05006390625588164,0.15889230867969603,0.0,0.0
2019-04-16,1.3498010496836523,1.416694918955513,0.990306320279178,0.990306320279178,2.706464056290536,-0.03607002559110617,0.14579772319904485,0.0,0.0
2019-04-17,1.0038560587196272,1.1178085867593524,0.0,0.0,0.8653409522793698,-0.018366929251967257,0.11875893472518534,0.0,0.0
2019-04-18,1.0350215207167868,0.9286921763316041,0.0,0.0,-0.4316059981192999,0.000605166063505358,0.13960091565073943,0.0,0.45694681306182533
2019-04-19,1.1867860454015666,1.11199579229494,0.0,0.0,0.9125010290482516,0.0012309206095517666,0.14810378447582306,0.0,0.41464017590947233
2019-04-22,1.265736518297662,1.316959433263549,-0.9999999999983112,-0.9999999999983112,-1.2652408670240756,0.017949504431813423,0.13949358136635062,0.0,0.0
2019-04-23,1.6391434045748368,1.5641644161652624,0.9997844652983966,1.0001453755716232,-1.5649544925541825,-0.003622598556818346,0.13988380041856385,0.0,0.4900824216022961
2019-04-24,1.3480160492065156,1.310526703175338,0.0,0.0,1.1600461620895341,0.014265139853852915,0.138151821567391,0.0,0.3157008539467745
2019-04-25,1.7618802188693878,1.7444141055319096,0.0,0.0,-3.7180451667090497,-0.03705377134520793,0.16840290130754548,0.0,0.2474698649624841
2019-04-26,1.6099564207368986,1.7348705035355045,0.0,0.0,-0.4676285846395567,0.0,0.14469178463309962,0.0,0.0
2019-04-29,2.4214281882412108,2.3824209721295166,0.0,0.0,-3.729450118729438,0.15532207474087123,0.1317041706785214,0.0,0.43287963958421694
2019-04-30,1.44347173850761,1.3748918514935784,0.922360248447205,0.922360248447205,1.5294177325726466,0.014866486300690873,0.12879850285028593,0.0,0.43963968948076315
2019-05-06,2.277974395046776,2.188381554844808,-3.905487209531387e-05,-3.905487209531387e-05,-4.257182632014689,0.0,0.0860635280394373,0.0,0.6325768845790579
2019-05-07,2.044127014469774,2.0409425034630124,1.048814883323357,-0.0619337633106563,0.5803314365335988,0.16348446032881103,0.13479405273747416,0.0,0.11405677903238903
2019-05-08,1.8608890736246653,1.7550462739432748,0.0,0.0,1.8075134705231477,-0.001132945869697366,0.12861435061011733,0.0,0.618644260179865
2019-05-09,1.2987711132218498,1.2205289866553644,0.0,0.0,-0.1123420978884182,0.0,0.15637908080463808,0.0,0.44397679812525387
2019-05-10,3.4256077885496743,3.1948684521980906,0.0,0.0,2.781401780201942,0.10792920157274288,0.13746605544232007,0.0,1.2359629015959857
2019-05-13,1.348269705293328,1.0936857316721933,1.000000040570359,1.0000000010902925,0.43993447861847557,-0.07100573697834678,0.12382737807104056,0.0,0.7884685907177383
2019-05-14,1.396303268173058,1.1839871873040047,-0.9365691275876531,-0.9365691275876531,0.6548039685927654,-0.010140898304733525,0.15181460458643764,0.0,0.7401602238777186
2019-05-15,0.7322859196584789,0.7316915292648096,-0.1996007984031936,-0.1996007984031936,1.2766418780350675,0.07931372236948953,0.15116635759986363,0.0,0.029498714076860583
2019-05-16,0.9793986150217018,1.0175565124212216,0.9991584381889335,1.000177486042952,0.7184363912093428,-0.007616248365793776,0.13155146019402986,0.0,0.0
2019-05-17,1.5480252468225875,1.5118031418978524,-1.0000000001797966,-1.0000000000053804,-3.5459536862701646,-0.007388674396013872,0.16109442663442028,0.0,0.3329165435179132
2019-05-20,2.040272665923335,2.1037793174851545,1.0002386511589234,0.0,-0.2693758748122943,0.0245334688747878,0.12198613842028715,0.0,0.0
2019-05-21,1.0819288067714938,1.0725503566739574,0.0,0.0,2.1395377298940366,-0.01669984520036305,0.1269768890749121,0.0,0.1421466683413835
2019-05-22,1.2323883464268486,1.299780700215335,0.0,1.0000000066893957,-0.41889574295999044,-0.0021279966941345485,0.1400376984595964,0.0,0.0
2019-05-23,1.193715850814983,1.2185847292287153,-1.0000233428465535,-1.0311045860601689,-2.065054555073942,-0.028055465031739946,0.13976732448477905,0.0,0.0
2019-05-24,1.336740022038927,1.3263694150416274,0.0,0.0,-0.579977879660909,0.004094898332107633,0.1281321418926456,0.0,0.16618682668238752
2019-05-27,1.604752362004116,1.2805731824111095,0.9999999999957944,0.9999999999652908,2.8726267603228273,0.013252194879154189,0.14110752728745185,0.0,0.9671413897912096
2019-05-28,0.9896456508243189,0.9696443875152214,0.0,0.0,0.01483264578481247,-0.0022432449283016354,0.14362355672884577,0.0,0.1979602888352127
2019-05-29,0.8754748526848977,0.8366699002070687,-0.9982799167099192,-1.0000000053743008,0.7492869987755668,-0.0058086844929694514,0.14308183627952586,0.0,0.2577589877601498
2019-05-30,0.9167402055911463,0.7812849146180474,-1.000263982513587,0.0,-0.28946586239925187,0.0,0.13516557225129636,0.0,0.4795899151750041
2019-05-31,0.9103404138000912,0.7584272258312099,-1.0002596786653097,0.0,-0.03587784494256674,-0.009929371791950192,0.14684697949567277,0.0,0.5034955929456545
2019-06-03,1.274535236601876,1.1732372487449005,-1.0000000034367542,0.0,-1.613733069912715,0.0,0.12280855376284315,0.0,0.4979502259235321
2019-06-04,1.0595257887790217,1.1259737250314343,0.4119172279776515,0.01808400225963557,-1.6053593118208864,0.008570505631633196,0.1517347058614297,0.0,0.0
2019-06-05,0.9164262582930217,0.9198330808743366,0.0,0.0,-0.9353030284407926,0.01946158035868173,0.15305140052919763,0.0,0.0
2019-06-06,1.1558282411791418,1.2184917124632064,0.0,0.0,-2.2896457955340566,-0.01346763893373959,0.1447861161469448,0.0,0.0
2019-06-10,1.0699555293459202,1.00029409314125,0.0,0.0,1.0880448667438536,0.014379383944906898,0.13261517989654983,0.0,0.379758557513366
2019-06-11,0.9659586534052053,0.9283472343322278,0.9899829588132764,1.0001490642963846,3.598698606083328,0.03976410276667064,0.13658171477710562,0.0,0.266922334389802
2019-06-12,0.8300102618909834,0.8373664943791908,0.007523322299127242,0.007523322299127242,-0.17498102240779412,-0.04906282685532837,0.12477186225033703,0.0,0.0
2019-06-13,0.9567624510326352,0.9689010770946421,0.0,0.0,0.7045056852039933,0.003247157538743828,0.1421666575694201,0.0,0.0
2019-06-14,0.9375201130905313,0.7987133904923917,0.0,0.0,-2.350049991846248,-0.003354259482946098,0.16938321579451154,0.0,0.4909184069653845
2019-06-17,0.9814342045519727,0.9573866867436219,-1.0002894105462534,0.0,-0.1485522372583814,0.0,0.13921790360642625,0.0,0.2159255193594157
2019-06-18,0.8675753850740677,0.8966544383776037,-1.0,0.0,0.01484657639809761,0.0,0.1506233513709504,0.0,0.0
2019-06-19,0.6704724596489957,0.6103273753880982,0.0,0.0,-0.6578235649720154,0.0,0.12981227894242336,0.0,0.27754966042070667
2019-06-20,0.8849729521250983,0.8687880190531588,0.0,0.0,1.7114123287741645,-0.012452923321359943,0.14462032971215696,0.0,0.16847701309881905
2019-06-21,0.7683615177859527,0.8100654683120886,-1.0000001328396482,-1.0000000037605896,1.0232744802053828,0.018520488643347655,0.13614629307874115,0.0,0.0
2019-06-24,0.7889752097695188,0.7999757205816856,-1.0001500751959274,-1.0001505262714556,-0.16100470899604868,-0.0007297851364773678,0.13075565529466293,0.0,0.0
2019-06-25,1.0250702552491666,0.9306573784316384,0.0013723764729712097,-0.9820648070262912,-0.8406392251069317,0.0,0.13541491145670134,0.0,0.42970440091688816
2019-06-26,0.6951187392763749,0.7298572480867577,0.9997401264576617,0.9997401264576617,0.544796113208279,-0.02446607924158073,0.16457179902906086,0.0,0.0
2019-06-27,0.6247108311000025,0.6277265254930249,1.000003953758913,-0.9977396335521458,0.6521727212136064,0.011561032357110257,0.1456055021446615,0.0,0.0
2019-06-28,0.8929908204060755,0.8710913747107886,0.999897336919697,0.999897336919697,-1.2580364889124396,-0.013868328357702353,0.13687460936415355,0.0,0.19655132213746193
2019-07-01,0.6410165701859145,0.6631455523572837,-7.60862713592683,1.0105528807082935,1.1194384280823977,0.04640460213760633,0.14772447515375775,0.0,0.0
2019-07-02,0.5946488925605344,0.5997568683274778,0.9998019944504984,0.8435960398517421,0.019553326865406895,0.0,0.1309361052878061,0.0,0.0
2019-07-03,0.6632890145937185,0.6743317842837115,0.0,0.0,-0.6848037920321737,0.0,0.1380927195514372,0.0,0.0
2019-07-04,0.7198253509891799,0.6262665179424092,-0.9999999417216807,-0.9999995428961678,-0.5946003780999631,0.022562848544160907,0.1420979413572947,0.0,0.35487854884592
2019-07-05,0.6246255371853895,0.586446577702792,1.000023114336579,-0.876096545571683,0.3592506662647432,0.0023387021720111534,0.17540089978419302,0.0,0.21502900549651338
2019-07-08,1.2151389508029735,1.2406759176306996,-1.0000134946632546,-1.0000002864757942,-2.963200642675201,-0.10708285807391471,0.12795706962522096,0.0,0.0
2019-07-09,0.7754386507694228,0.7720627138806243,-0.846551724137931,-0.846551724137931,0.3501342381551975,0.04069385707685669,0.14712169352506246,0.0,0.0722790906306103
2019-07-10,0.6722289477451945,0.715927706555308,0.0,0.0,-0.9950327061451492,-0.004169140590903897,0.19422009707197208,0.0,0.0
2019-07-11,0.783339712793648,0.7156850565105671,1.0000000002595941,1.0000000000070528,-0.5882240622622104,0.010481879839296937,0.14796568075559965,0.0,0.3184587972204588
2019-07-12,0.7740922308044167,0.7571478900833506,0.0,0.0,0.18454673468832894,0.005351970887268465,0.1603708603540091,0.0,0.1610771688790463
2019-07-15,1.0697886190056682,1.1319355189707236,-0.009418925464455616,-0.009418925464455616,1.3562729686011687,-0.006378305382848115,0.13493072823847674,0.0,0.0
2019-07-16,0.5190888439866432,0.5188545216475244,0.0018392642523240997,8.512774316407254e-05,0.39109803367147755,-0.00014625862461148387,0.14744132392718148,0.0,0.015595297923036133
2019-07-17,0.5761630262204938,0.5254913458048012,-0.00027483935674539167,-0.007932351889508091,0.17524811222968673,-0.04526591281783787,0.1451600748985334,0.0,0.23626823372560324
2019-07-18,0.6681914656276354,0.6574841865856491,0.005206320801977079,-0.5287020454330992,-1.3439690979921481,0.0,0.17717350275005972,0.0,0.11914016588629897
2019-07-19,0.5839879105539929,0.5099129283213039,0.0,0.0,0.2094327797584672,0.06512057862726461,0.1675746303860293,0.0,0.2846588927190072
2019-07-22,1.6048061217736531,1.51158155229864,0.9998431531212775,0.999972776681866,-2.840755099711423,-0.007571719638643781,0.15004765832988506,0.0,0.5390026894484172
2019-07-23,0.7017201067648193,0.7077950896114454,-1.69237e-319,0.0,1.1446913704457717,0.00508795127993622,0.1676390086286872,0.0,0.0
2019-07-24,0.6200358816124087,0.6022231854617639,0.0,0.0,1.0293626469062955,-0.0008479283651441349,0.14035329653836598,0.0,0.14755246314163273
2019-07-25,0.5532575303659841,0.5276692444972835,0.0,0.0,0.34014769264301137,-0.004513199365641096,0.1547952241520651,0.0,0.16631014195873292
2019-07-26,0.49923477681973655,0.521176544949819,0.0,0.0,0.2932797815673682,-0.004077623337339631,0.17649379092119666,0.0,0.0
2019-07-29,0.4349913732111027,0.42297744462378767,0.0,0.0,0.020743974679326982,-0.0005576924396288874,0.1603847154004005,0.0,0.10152623359315296
2019-07-30,0.5156277234768313,0.4408351413261997,0.9999999888850867,0.9999999888850867,0.43419039678258553,0.0,0.16085795706183492,0.0,0.2674627588839409
2019-07-31,0.4769081178597732,0.4753435945590313,0.0,0.0,-0.5554888566992044,0.0,0.17166994963194332,0.0,0.03859818638551063
2019-08-01,0.5822322969545908,0.5680908000535658,-1.6680026720109609,0.0,0.04766026377724941,-0.02547909958818817,0.15868165138712628,0.0,0.1275432887749031
2019-08-02,0.7031072369322169,0.6200716011968871,0.0,0.0,0.40638738404992214,-0.06979110834635094,0.13388881366748906,0.0,0.3314679411580933
2019-08-05,0.9161083151112476,0.843901748721629,0.0,0.0,-0.8563562370710431,0.0,0.15872667742268676,0.0,0.3564888266419375
2019-08-06,1.7920801994542812,1.2354765931758767,-0.9989118921162966,-0.9989118921162966,-0.8308962454706359,0.0,0.10599434399145143,0.0,1.2981329011278566
2019-08-07,0.8381333179844188,0.836380470650156,0.0,0.0,-0.939332926149905,0.07366477646566505,0.16821771250521347,0.0,0.05417718182588024
2019-08-08,0.6548397654474035,0.665993389837965,0.0,0.0,0.3182524371509565,0.12019422515270328,0.15630038108433914,0.0,0.0
2019-08-09,0.8026411049098922,0.7240268816818463,-0.9999998888240438,-0.9999997816778841,-1.5905961542188263,-0.00026270501575220706,0.15325676221221268,0.0,0.34643587847253093
2019-08-12,0.6863390450972142,0.6904025239891023,0.0,0.0,1.5767665885668913,0.029896055042044622,0.1995692951230244,0.0,0.0
2019-08-13,0.6305523766531048,0.6157199428799898,1.2314814814814814,0.0,0.21497419443441412,0.0,0.15058695712451478,0.0,0.13596047823813034
2019-08-14,0.5768479968742795,0.5441782684439876,-0.9999999811999564,-0.9999998803602353,-0.42744900939696295,0.0535038871888327,0.1529579458655865,0.0,0.19137299613888056
2019-08-15,0.8721679392938949,0.90129899128329,0.0,0.0,2.885987710239357,-0.06786118577342126,0.1535392489780579,0.0,0.0
2019-08-16,0.599499645477646,0.56389155475109,0.0,0.0,0.6411277466511933,0.0016179660556669972,0.15374808133749307,0.0,0.20353412344916935
2019-08-19,0.7781210917901186,0.7652550313836528,0.9996923783688704,0.9996923783688704,2.2284548337873966,0.11719890926944476,0.15120773437140944,0.0,0.14091547264459856
2019-08-20,0.7613989755324314,0.7734157084868488,0.999999998977953,0.999999998977953,0.04354807008695172,0.0,0.1323340653414403,0.0,0.0
2019-08-21,0.645925025092809,0.5432767297194437,0.999794149197327,0.999794149197327,0.17728248911126343,-0.00833932855348607,0.14354226028486503,0.0,0.3493845059336381
2019-08-22,0.607468622623366,0.5808804565038957,0.0,0.0,0.16180147215705265,0.00154036743436059,0.15137536471522356,0.0,0.17775270103082855
2019-08-23,0.8982038201452627,0.7195556711633744,-1.0289079167220727,0.0,-0.2434861710537639,-0.003544820483725175,0.14213157047061972,0.0,0.5375962598643793
2019-08-26,0.8220643646248398,0.7607340318460836,-1.0001074509410985,-1.000602604163011,1.533891330941195,-0.1081021830734552,0.1259040469195826,0.0,0.3115662888973123
2019-08-27,0.7585134099090748,0.6075296397954114,-0.9292523056179293,0.0,1.3407928747503517,0.016054215598004795,0.1330704451542986,0.0,0.4541479161924558
2019-08-28,0.5580962283200626,0.5721614486876423,0.0,0.0,-0.09401413796855662,-0.009449559725016599,0.13778087012604529,0.0,0.0
2019-08-29,0.528266985578876,0.5051683250964514,-1.1047537239948906,0.0,-0.03495674812594718,-0.0032282218718315825,0.1514015562841715,0.0,0.15450233451905623
2019-08-30,0.9711278968847818,0.9659235489809948,0.9509875640087784,0.9509875640087784,-1.8471528318854569,-0.00037117599481772956,0.1326326070124971,0.0,0.10040462953379842
2019-09-02,0.7482193344811054,0.6920877821062023,0.9999999925389385,0.9999999925389385,2.508719162587192,-6.361569152568691e-05,0.13810809034032184,0.0,0.28433549611447784
2019-09-03,0.6332192464558127,0.6217533625339021,0.0,0.0,0.6341155316986979,-0.025939559699073023,0.14237245618106753,0.0,0.11995570123947162
2019-09-04,0.8161697140105095,0.8474574947425484,0.0012006219875334402,0.0012006219875334402,0.941223842847938,-0.028737697345559976,0.15013692624239125,0.0,0.0
2019-09-05,0.7493755028615431,0.7684952228066211,1.000000001403556,0.0,0.39826714457471546,0.00023045893093875947,0.1255422102727618,0.0,0.0
2019-09-06,0.695113246034266,0.646893519476646,1.0000000015339283,0.0,0.12478844280501278,0.005696412002009765,0.13725917585010033,0.0,0.2543839603265354
2019-09-09,0.6643298696668716,0.6521280186977976,0.0,0.0,1.5536512881757059,0.0,0.15478787127321067,0.0,0.12674077071285123
2019-09-10,0.7673548424579023,0.7626351093953279,0.0,0.0,0.10540835431813722,-0.0012979750661834544,0.1316238782928783,0.0,0.08497731556814725
2019-09-11,0.8348572433194192,0.8156167060144469,0.0,0.0,-1.131176374904963,-0.0018755993792196612,0.1429824848712824,0.0,0.1782021481156814
2019-09-12,0.6131233238154983,0.5862616465144437,-1.0080089828751928,0.0,0.2040443084021515,0.01668099636349396,0.15264130899888936,0.0,0.17949231747553382
2019-09-16,0.6395368944202339,0.5802752257263839,0.0,0.0,0.23537138636486876,0.008028757881306525,0.1436785957752072,0.0,0.26886446721884166
2019-09-17,1.0436822923024074,1.0621962386215706,0.22217030613693936,0.22217030613693936,-2.060370560232838,-0.11385506609890017,0.12628116141528642,0.0,0.0
2019-09-18,0.791010196246847,0.8247078425698606,0.0,0.0,-0.34401149829530464,0.054085539342163536,0.14923582226065446,0.0,0.0
2019-09-19,0.6473921804323493,0.5916754427096157,0.0,0.0,0.9692684283547193,-0.0020737681912574857,0.1767316808890586,0.0,0.26274855999478236
2019-09-20,0.6016829122796054,0.5306730049110169,1.0001849384601553,0.0,-0.040791580819199424,-0.023258832587536027,0.1646079043523792,0.0,0.2835639060035306
2019-09-23,0.6327113311377757,0.5959238380590869,0.9714188263855829,0.9714188263855829,-0.6744718208807288,-0.002798477534349253,0.1401572166047348,0.0,0.2125991716424672
2019-09-24,0.7123300051535805,0.7417415913931931,-1.000000148219579,-1.0000000062385521,0.4430735347467074,9.265148717130245e-05,0.14610964266499743,0.0,0.0
2019-09-25,0.897698069763333,0.8204273385822456,1.6457e-319,0.0,-1.4636639465338441,0.0,0.14782396931662736,0.0,0.3643635637157854
2019-09-26,1.3470441555383776,1.3778303165380719,0.0,0.0,-3.3963746905882997,-0.003054187250184359,0.13661113503690825,0.0,0.0
2019-09-27,0.7071125801552063,0.728372530291753,-1.0256027711648774,0.999999833888009,0.9298534076021436,0.02238284843458782,0.16240446183932833,0.0,0.0
2019-09-30,0.7979975658981415,0.8386508559828175,0.0,0.0,-1.2201991206113316,0.0,0.1976505826019498,0.0,0.0
2019-10-08,0.7038016772972323,0.6347530432291155,-0.9999999999952396,-0.9999999999604762,-0.13662712008291056,0.04439701149527853,0.15011652645180099,0.0,0.30401541914477653
2019-10-09,0.739846694988868,0.7540215782321867,0.0,0.0,1.2441762776635112,0.0,0.14835699284709367,0.0,0.0
2019-10-10,0.5895038645051804,0.5042287653381845,0.999999999985014,0.9999999998623273,1.434134548135635,-0.00958697939658082,0.16734529076391064,0.0,0.30539836029696066
2019-10-11,0.676614744696373,0.5776760859621362,0.0,0.0,-0.003397980865771366,-0.010416286372927352,0.14147475427663125,0.0,0.35227525097287865
2019-10-14,0.6600645517279925,0.6494496965397258,0.0,0.0,0.7693861796563395,0.04248979165846212,0.13557812868502966,0.0,0.1178995509420357
2019-10-15,0.6075656006412429,0.6210585819910032,0.0,0.0,-0.95244889911692,-0.050168101168779344,0.1290389817186052,0.0,0.0
2019-10-16,0.5013176332455878,0.5124167579667156,0.0,0.0,-0.45881603679913674,-0.0011621957399454708,0.1379473485894912,0.0,0.0
2019-10-17,0.5456530112067112,0.5295132796765475,-0.14410165716905746,-0.14410165716905746,-0.13648887249834152,0.0031842939342663357,0.15854754905905527,0.0,0.13173038861681716
2019-10-18,0.8581967142560528,0.7548561107428425,-0.9946956204047139,0.0,-1.3275672585705611,0.017472665389606234,0.13224325275376247,0.0,0.40828158473543064
2019-10-21,0.9420938138052133,0.9765612285110842,0.9993194829812246,0.0,-0.49817487956640427,-0.0014126853417062435,0.134627774686442,0.0,0.0
2019-10-22,0.6078984608853355,0.5873589131687825,0.0,0.0,1.1475698146937274,0.0,0.1662671923540985,0.0,0.1566845425303543
2019-10-23,0.5704851118374016,0.5297212336712456,0.0,0.0,-0.7606447440220432,-0.031087595763146236,0.153362321296767,0.0,0.2117750632769265
2019-10-24,0.6412467625908468,0.6699542117140816,0.0,0.0,-0.06594241795200295,0.0,0.14085095210184656,0.0,0.0
2019-10-25,0.6596633066067372,0.5740470048846672,0.0,0.0,0.8768996733131029,-0.006659216743254426,0.16073131818114514,0.0,0.3250010988693378
2019-10-28,0.47498583914608367,0.4392204261027979,-0.9999999999937897,-0.9999999999399651,1.5261516437924172,0.012980256143335644,0.12366255907674441,0.0,0.1808230203358686
2019-10-29,0.5840281922251388,0.564843882483318,0.0,0.0,-1.2036639488852696,-0.04001241371149877,0.15394934785773315,0.0,0.1484598185871698
2019-10-30,0.8417161705420749,0.7720221590201468,-1.0000002694733574,-1.00000000742066,-0.6496253402759389,-0.017154360755899933,0.12233703145606624,0.0,0.335362337977726
2019-10-31,0.8235839026762289,0.7885731621445117,-0.3333332986641934,-0.3333332986641934,-1.0688086902944427,-0.00029374894892075787,0.1443197372064553,0.0,0.23757696162046926
2019-11-01,0.7427401705045289,0.7204732239683301,0.564971199613769,1.000176859848967,1.325618079258284,-0.00290558188451584,0.14727423079712915,0.0,0.18050289312301082
2019-11-04,0.52928378092149,0.4904609287635562,-0.02510550398234641,-0.02510550398234641,0.3687162302240754,0.01652936708775865,0.1495302730615268,0.0,0.198970847369502
2019-11-05,0.673150888976729,0.615321723760996,0.0,0.0,0.20386911337062497,0.0,0.1329733987982183,0.0,0.2729675724293218
2019-11-06,0.5579984276904585,0.5733502418373069,-0.020325805455510677,-0.020325805455510677,-0.8062964587328025,-0.009223229795207732,0.14896675755953218,0.0,0.0
2019-11-07,0.5403449446204752,0.5145250054550098,-0.2988226207652768,-0.2988226207652768,0.7452114684598499,-5.282348408686133e-05,0.1491759205469646,0.0,0.16503538389820105
2019-11-08,0.5340824289058358,0.4937546063979044,0.0,0.0,-0.7361684617438913,-0.0004886900065503852,0.16443080844028,0.0,0.20359378558003105
2019-11-11,0.766996139241134,0.8440925992414419,-0.8174386920980926,-0.8174386920980926,-1.96610163465194,-0.0397910320488859,0.14939476953695696,0.0,0.0
2019-11-12,0.8902400382806189,0.778017185834024,-1.0000000003719378,-1.000000000008863,0.25414284318658886,0.0011420893413216504,0.1454078705261185,0.0,0.43268531787522396
2019-11-13,0.6731929677792804,0.6311441471633212,-0.237707247314205,0.0,-0.1340073926965224,-0.00846617434760999,0.1437007415459875,0.0,0.23419188151803885
2019-11-14,0.6067669913782223,0.5280039358873861,0.0,0.0,0.7013594222169406,0.0,0.16067668760800216,0.0,0.2989615786578749
2019-11-15,0.6841783195757263,0.6925163900585648,9.7845e-320,8.943e-321,-1.0369946318059098,-0.03474794739816156,0.1728690664632069,0.0,0.0
2019-11-18,0.7202478887313527,0.6822091020372169,0.00370934525205556,-1.0805120566804867,0.8222135604892156,0.0,0.14475099719268814,0.0,0.23097134523473956
2019-11-19,0.5498392028441812,0.5742087746185401,-1.0338015981395603,0.0,1.8164694809775117,-0.01622860381258473,0.16191809661047343,0.0,0.0
2019-11-20,0.5316269657771369,0.49430089783501063,0.0,0.0,-0.4235549527691229,-0.00011927644635312262,0.14484894388392536,0.0,0.1956881527862825
2019-11-21,0.5499922791640832,0.5684346374437385,0.0,0.0,0.23970865209979042,-0.00934792005915508,0.1519580601194711,0.0,0.0
2019-11-22,1.0672249059826309,0.9637563792860712,0.0,0.0,-1.4221791041879595,0.008199144879994513,0.11412163508451374,0.0,0.4584131775320576
2019-11-25,0.9231544175519629,0.7398752225137871,3.3133545412220947e-33,3.3133545412220947e-33,-0.5371171500729965,0.0007916363503834845,0.1348753668200555,0.0,0.5520858028928817
2019-11-26,0.503851190681097,0.5210675188566464,1.000061419078205,-0.013388039999170372,-0.15456493749411715,0.014999251492353594,0.15368223462897837,0.0,0.0
2019-11-27,0.5826609686290806,0.49633793258605996,-1.0000004319200695,-1.0000000099820578,0.15903511624371092,-0.005130341323211773,0.14479037910306045,0.0,0.30519249833502493
2019-11-28,0.5861636039250961,0.494098543280838,0.0,0.0,-0.21872185578655223,0.0,0.1585726872054234,0.0,0.31536391691855115
2019-11-29,0.5834607854680885,0.5850469798647495,0.0,0.0,-0.07146392315476868,0.0,0.1617976838026886,0.0,0.0
2019-12-02,0.42633133334062284,0.42800813040748376,0.00024676956254586653,0.0020276359500632194,0.11437058153407342,0.0004228459661526074,0.14815991745516274,0.0,0.0
2019-12-03,0.5614643205100339,0.5489641164511783,0.0,0.0,1.0080222698461094,0.0,0.18075735796858464,0.0,0.11781588201414667
2019-12-04,0.5929514645027959,0.43892985299229753,0.0,0.0,0.607684903312733,0.0,0.15343822250738282,0.0,0.39866279411072525
2019-12-05,0.4902167817406326,0.45736649029154713,-1.0000059256448695,0.0,0.9244881056279741,0.001256242024805232,0.1654953202463026,0.0,0.17643238551506113
2019-12-06,0.4864506259663271,0.4527842157443633,0.0,0.0,0.656712517617275,0.0,0.17265122237677072,0.0,0.17782200503816545
2019-12-09,0.5059547970552473,0.46154515698397486,0.0,0.0,0.1528318296546427,0.0,0.14031697376619578,0.0,0.20728319933813852
2019-12-10,0.4358131340691321,0.4103685959430858,-1.04992237071354,0.0,0.7627579595860912,0.0,0.14624152732463053,0.0,0.146733442987138
2019-12-11,0.5441164073181585,0.5518039532831575,0.0,0.0,-0.3482497766238879,-0.008300364787783288,0.14384194200720557,0.0,0.0
2019-12-12,0.4660562468347521,0.5002215150280486,0.0,0.0,0.027192251784713406,0.004906914770752557,0.1636723106790168,0.0,0.0
2019-12-13,0.4779211589355404,0.388470594287746,0.9999999638648586,0.9999999638648586,0.7601407484374434,0.015774442752092277,0.16694349795744182,0.0,0.27838683792883506
2019-12-16,0.4906020474651542,0.4952021771492432,0.0,0.0,1.5809908234910353,0.005083955468698775,0.14615958166908163,0.0,0.0
2019-12-17,0.5399534149381627,0.5778298623117418,-0.8789892396255241,-0.8789358259833876,1.2141626138822081,-0.014646264161555234,0.12745314259193757,0.0,0.0
2019-12-18,0.6531602014742217,0.6872832968581317,0.0,0.0,0.006752158286915666,-0.051641850048989024,0.12931350410139347,0.0,0.0
2019-12-19,0.5388045160997211,0.509003412513022,0.0,0.0,0.4229129199337267,0.0,0.1500475900825127,0.0,0.17670832640131331
2019-12-20,0.6756532416997452,0.5853129447005335,1.000000443578579,1.000000012980341,-1.2585787343094235,-0.006373357606304086,0.15983226014812615,0.0,0.3375145327024667
2019-12-23,0.8781656723198895,0.9015137349891582,0.0,0.0,-1.8342119580432636,-0.0184464285032937,0.1560603786863523,0.0,0.0
2019-12-24,0.5884905665972194,0.6117446593877932,0.8661570322588987,0.8661570322588987,1.52382910293829,0.025938115916579463,0.15521193409247144,0.0,0.0
2019-12-25,0.6468019485509936,0.6508906932626674,1.6009e-319,0.0,0.669155954690237,0.001406428192529674,0.12694186198213897,0.0,0.0
2019-12-26,0.5012824698656276,0.4681269446809827,0.0,0.0,0.7455952617916761,-0.01196010731824293,0.1767272747641012,0.0,0.17927988804724315
2019-12-27,0.7412879947860616,0.7813112961529166,-0.0007916734560826403,-0.004202739810795317,-0.8860553583853958,-0.0047239298280321584,0.13915129412495872,0.0,0.0
2019-12-30,0.9752131838060302,0.843561310640183,0.0,0.0,0.9636798333196195,-0.014441390371999763,0.13492010678464028,0.0,0.4893312467645109
2019-12-31,0.5247704489412779,0.5274217931196565,0.009993409632969645,-0.7017685127195159,0.7990016268431432,-0.027628183694272668,0.1451385007958625,0.0,0.0
2020-01-02,0.6808894103174324,0.6689128981288226,1.0000000015341755,0.0,1.295317727238543,0.0006352681119592418,0.12742718214365692,0.0,0.1271452861860016
2020-01-03,0.659932184037706,0.6753699035681925,0.9999707327952992,0.9999707616074267,0.3679849763683185,0.0006772106428964975,0.13769211833384695,0.0,0.0
2020-01-06,0.9816699519488966,0.9806326039454486,0.0,0.0,1.3804541227832923,0.0013418543252097237,0.11001058113418062,0.0,0.045117520305507496
2020-01-07,0.6317970573513165,0.6350662091823166,0.0,0.0,1.370032310831104,0.010400742298410925,0.13634457377125925,0.0,0.0
2020-01-08,0.9573239642634488,0.9622075921467889,-1.1080193570687877,0.0,-0.9018427549936203,-0.0407335694222688,0.11459055272743988,0.0,0.0
2020-01-09,0.591887733088705,0.6150647888042636,5.6843418860804784e-14,-1.6320042068809786,0.7817024745676804,0.05085509674469524,0.1433836865452834,0.0,0.0
2020-01-10,0.7499419463269253,0.6886190825345435,0.0,0.0,-0.4647032986741184,0.0,0.14304602486837936,0.0,0.2970129324287084
2020-01-13,0.7845552409937736,0.7716334467865215,-1.000204509169506,-1.000204509169506,1.400860289840744,-0.002044495195829832,0.15862056428201646,0.0,0.14180532419888456
2020-01-14,0.5752529448624805,0.5198804996042061,0.0,0.0,-0.44514176027601327,0.011017015666214824,0.13362707899451062,0.0,0.24625234355075085
2020-01-15,0.7281799292318426,0.7073397413935949,0.0,0.0,0.16522511445453691,0.0,0.14579806193599956,0.0,0.17296386784913656
2020-01-16,0.584029429758349,0.5549269226545974,0.0,0.0,-0.26294709954668427,0.0077823553875644436,0.1404907850703353,0.0,0.1820617624240763
2020-01-17,0.6556550322685639,0.6276064767639341,0.0,0.0,-0.6019760781499572,0.020746417163608477,0.1488538054925241,0.0,0.18971987682647548
2020-01-20,0.5696668611534204,0.521421384386196,0.0,0.0,1.2709594121914858,0.0,0.1376119101630861,0.0,0.22943424461307677
2020-01-21,0.6718198407014545,0.6749280105336956,-0.6636968151760703,0.001513132701450186,-0.7595372922874488,-0.08349968502175953,0.1356483639097085,0.0,0.0
2020-01-22,1.1023713403007345,1.0201060319501274,-1.0000100024695702,1.1551470017841952,0.9342233465654548,-0.04126487344650043,0.1321625681062899,0.0,0.41785913355508164
2020-01-23,2.0059884726163246,2.2195533838526083,0.0,0.0,-2.605493230168776,-0.012566207329134382,0.13144823802364777,0.0,0.0
2020-02-03,0.48606664964219165,0.5309325713545336,-0.999999999987777,-0.9999999998981972,0.3566138095883131,0.021175207410872865,0.07335087445895945,0.0,0.0
2020-02-04,2.429795352634816,2.625518083446324,0.0,0.0,5.308377908714346,0.5318018376388345,0.10168913702548592,0.0,0.0
2020-02-05,1.7119021699795873,1.4515464850540645,0.0,0.0,1.998579434170522,0.023180535857991735,0.11770065514342834,0.0,0.9075361377421896
2020-02-06,1.6087117212294353,1.3501857418534333,-0.7427510355663477,-0.7690828686791001,3.0571820909267577,-0.021831847216002842,0.12932292861995207,0.0,0.8746152665696307
2020-02-07,1.6117024985652353,1.6397318214720114,-1.085907700766295,0.0,0.9477554808215771,-0.07146535983297841,0.12149306613816843,0.0,0.0
2020-02-10,1.3948201500503963,1.55068872564058,1.0000009529082923,1.0000009555588303,1.4112951437195376,-0.0747402642916839,0.125075000578645,0.0,0.0
2020-02-11,1.1167685393997153,1.0637918118984369,-0.9999999982358523,-0.9999999982358523,-0.588057446322765,0.0,0.12164566250628407,0.0,0.33988079017622397
2020-02-12,0.9005921456939461,0.8565358151606325,0.0,0.0,2.6458924537563044,0.0,0.13915228597050677,0.0,0.27823121721463356
2020-02-13,1.3943492725805302,1.493630382039042,0.37199002254481617,0.33474982562735195,-0.8468576781036186,-0.04575861707846185,0.12004923224521699,0.0,0.0
2020-02-14,1.1462983482420865,1.1640254555627287,-0.007292416984722584,-0.007292416984722584,0.5617104428060182,-0.004726037139557437,0.12342422693541394,0.0,0.0
2020-02-17,0.7744309579287773,0.7315131437788996,-0.00010260938329321659,-0.007530006956732231,2.9292574765930723,0.01718533159287272,0.14592009758480262,0.0,0.254227907746562
2020-02-18,1.179884762027166,1.212600531989341,0.0,0.0,2.0777626907433566,-0.0008993638572540874,0.12743821333194957,0.0,0.0
2020-02-19,1.377471359026937,1.3882302816452063,0.0,0.0,-0.6715491026604736,0.0007212775320564191,0.12673402351718188,0.0,0.0
2020-02-20,1.3381296462593588,1.39509786186464,-0.009178863805507285,-0.009364399746048477,1.6907074662748656,0.0,0.14655173996720167,0.0,0.0
2020-02-21,1.117533831116508,1.0857843704869177,-0.9902037617554859,0.3698630136986227,1.6556404878751652,0.0,0.11818604821348631,0.0,0.26448849596205043
2020-02-24,1.3730855147581094,1.3516895656486168,-1.0003505224273888,0.0,2.0325988007182882,-0.016164824803999167,0.11785687937766774,0.0,0.24145216701283886
2020-02-25,2.4993795200958964,2.5277450010915476,0.0,0.0,2.833195770730801,-0.04663012072865236,0.10305790212395471,0.0,0.0
2020-02-26,2.420533103808226,2.4975898050732233,0.0,0.0,-1.478584079546219,-0.0019048882790251298,0.13045338499528084,0.0,0.0
2020-02-27,1.5920122950192266,1.6037669223284876,1.0002600685608345,0.0,-0.49271687982828105,0.13676625441729762,0.12435467148610749,0.0,0.0
2020-02-28,2.1887251802285075,2.0754929135247546,0.08670828979769049,0.08670742886655176,-2.1525626108852225,0.01515531969056294,0.1385215480213887,0.0,0.6948719885524512
2020-03-02,1.2540708142530126,1.2950032375558227,0.9999999999884339,0.9999999999073349,2.6103626710979544,0.18590904076016823,0.11601019010604731,0.0,0.0
2020-03-03,1.5416801444138923,1.4747694663194741,0.0,0.0,-0.4810147105160367,-0.0019932660053845197,0.1001231392395637,0.0,0.4492579313621668
2020-03-04,1.4534911693418633,1.4588463297446324,0.008230452674897127,0.008230452674897127,1.3039695196494394,-0.0061772323613928926,0.12834428601053594,0.0,0.0
2020-03-05,1.0105716826348754,0.8484336817507303,0.0,0.0,0.05389364218033599,0.0,0.12492909298152696,0.0,0.5490131268142721
2020-03-06,1.0641711311810156,1.1000097685483365,0.0,0.0,1.049335900802384,-0.07866418064530478,0.1286674781451461,0.0,0.0
2020-03-09,1.6991389177663356,1.6596247491106746,0.0,0.0,-2.32356439987923,-0.07527349806575323,0.12910814889401467,0.0,0.3643058522827825
2020-03-10,3.1362676152651363,2.9831094976526953,-1.0000001623460126,-1.0000009678769528,3.89365511130797,0.14156219608936205,0.11630827194293133,0.0,0.9681075764475499
2020-03-11,1.276213066383658,1.2527242456470324,-0.9794160291697761,-0.9794059230567258,-1.5597994812704963,0.0,0.12554436366997107,0.0,0.24372475290058768
2020-03-12,2.012491027085681,1.9596810737296282,0.0,0.0,-0.4384225172965883,0.0,0.13150589300791132,0.0,0.4580067940175899
2020-03-13,3.1108842967531594,2.4858045138111655,-7.807846039686356e-05,0.0,4.597568677409103,0.044793817840638184,0.11272889041903816,0.0,1.8703948852853065
2020-03-16,2.493090545812737,2.7013626542537494,0.9999999999906749,0.9999999999269717,-5.73418086422306,0.039873027691905705,0.14034131932126256,0.0,0.0
2020-03-17,3.9446470661925077,3.79615739826246,-0.00012006826610311361,0.0,-1.2778414095536705,0.1496929582547768,0.10212276125135297,0.0,1.0721144922247579
2020-03-18,1.7944707914610967,1.641542733551871,0.0,0.0,-2.6092380630672873,0.04895326832337066,0.14072238143419175,0.0,0.7248881812597481
2020-03-19,2.192037499826454,2.2471128046711204,9.811252159663432e-05,-0.09574284531148451,1.0940618557940374,0.0701592777333282,0.11748766513151054,0.0,0.0
2020-03-20,1.2720566215093543,1.2561322743722139,0.0,0.0,-0.11443433689615201,0.0,0.15792627812868285,0.0,0.20064834314362523
2020-03-23,1.7248154276816656,1.8105758983135896,-0.9909826522662313,-0.8742185829465479,-1.6569082872103569,-0.12865630939222772,0.1889097690662955,0.0,0.0
2020-03-24,1.7753211779259326,1.6266065493344672,0.0,-1.0001920952312877,-0.19420979169088026,0.10526099627641283,0.14040946731514556,0.0,0.7112780176938819
2020-03-25,1.0049243350587573,0.9360573086302333,0.0,0.0,0.2524177935973482,0.0,0.136014683007606,0.0,0.36560858052459566
2020-03-26,0.9455119982588636,0.9866727046258885,0.0,0.0,-0.1883502442261653,-0.011456070482218639,0.12972874733756154,0.0,0.0
2020-03-27,1.0584954658509889,1.106201769503413,0.0,0.0,-1.9123880817525807,0.04063898980659619,0.1680357542597694,0.0,0.0
2020-03-30,1.4127128498794177,1.3345169894198528,0.0,0.0,-0.9895051349914308,-0.0478057245527741,0.12165496441056532,0.0,0.46348894395033696
2020-03-31,0.9889087171781663,0.9590987999549234,0.0,0.0,-0.6990619153781519,-0.0006166094232318287,0.16069744340361508,0.0,0.24097705873379796
2020-04-01,1.0979963040073357,0.9930892175527601,0.0,0.0,-0.16147693748581604,-0.027784005467912376,0.13337647910116643,0.0,0.468369180875745
2020-04-02,1.1783415045363064,1.2635016483665913,0.0,0.0,3.014529639672614,-0.002460635733425587,0.18473753168793805,0.0,0.0
2020-04-03,0.8918334848955132,0.8679836879990523,-1.0000003814767116,-1.000000010545631,-0.29331094969126115,-0.04444082584689202,0.13964240912259832,0.0,0.2048689389547358
2020-04-07,0.7042195212700761,0.7159780115934612,0.0,0.0,1.5404359466088868,0.06241089748539874,0.13117534512963017,0.0,0.0
2020-04-08,0.9105664806818761,0.848625216731724,1.0000000003471352,1.0000000000105063,0.7893952332972853,0.0,0.11708191796288013,0.0,0.3301008289423277
2020-04-09,0.6987087121818112,0.6602525103366277,0.0,0.0,0.6054768758827489,0.06149138812787669,0.13435441209005716,0.0,0.2286055272143401
2020-04-10,1.2581165095075655,1.2591907957366233,-0.003794709756085003,0.0,-2.559107573295305,-0.03373970146024474,0.11679510521036099,0.0,0.0
2020-04-13,0.917674064617545,0.9082277320680827,0.999786063314098,0.8907783274430671,-0.18958028536785188,-0.015505375515845188,0.13207513854940842,0.0,0.13133192899730473
2020-04-14,0.6380286928818463,0.6603252970101342,0.0,0.0,1.535798275586342,0.0,0.15916949729299792,0.0,0.0
2020-04-15,0.7538167880244937,0.6922699656313775,-0.999998296275303,0.0,-0.5586675048779632,0.0,0.1319359390481057,0.0,0.2983321045283189
2020-04-16,0.7883125056113088,0.7118056411210577,0.0,0.0,1.3254009028385028,-0.008114672009429391,0.16064515559399312,0.0,0.33877623259523354
2020-04-17,0.7952938259519329,0.8421522454847117,1.6457e-319,0.0,-0.4882599898572204,0.037809227993501615,0.12399411297528977,0.0,0.0
2020-04-20,5.076500910696366,0.8522619191309196,-0.0003447082232030585,0.0,-4.100865547459353,0.0,0.14177906745331167,0.0,5.004449132272234
2020-04-21,0.8478020351681032,0.7340726238346336,0.0,0.0,-0.08218588101084334,-0.0536546641752067,0.1240914084027967,0.0,0.42415288961848907
2020-04-22,0.7201590993711615,0.736866159860452,0.0,0.0,1.8475069387219545,-0.011535383688354717,0.13917323321524738,0.0,0.0
2020-04-23,0.7366436149970311,0.6887411144066956,0.0,0.0,-0.8807728636224921,-0.008140168392789526,0.14313974837149002,0.0,0.26130344973175773
2020-04-24,0.9909004356539853,0.9626444811045216,-0.0005044479774449758,0.0,-1.84664956686178,0.0,0.1334623428564952,0.0,0.23494526251504683
2020-04-27,0.857687523417712,0.8422240390724562,1.0001864908212388,0.0,-0.5249960337963544,-0.001983943448791159,0.14386047518590778,0.0,0.1621312919669921
2020-04-28,2.7552725289967146,2.94476361630279,0.0,-0.0052754570586372165,-1.4291712847021687,0.009517323167851366,0.11057577526637569,0.0,0.0
2020-04-29,0.7735457662808839,0.8432371750950467,0.0,0.0,0.26442630406537937,0.0,0.14831344538429628,0.0,0.0
2020-04-30,0.6893744475815428,0.7491655369786333,0.0,0.0,1.8418104240461197,0.05209083566473094,0.13856988816058521,0.0,0.0
2020-05-06,0.7714117766852481,0.7761715118539779,1.0101010101010102,-0.20040080160320642,2.9369489447577557,0.0,0.14803265515990965,0.0,0.0
2020-05-07,0.7494471369790636,0.6754756437479562,0.9263080324244657,0.9263080324244657,-0.21120018688257636,-0.02407076419099763,0.13775199922583312,0.0,0.3246593073198419
2020-05-08,0.6502929297866574,0.5348403733451549,-1.0000023861906375,0.0,0.5205312317881683,0.1144919518337284,0.1333992982173318,0.0,0.3699008915514126
2020-05-11,0.7694092134123134,0.7658960595071759,0.0,0.0,-0.7431571119251967,0.0517906835012516,0.11998470295067891,0.0,0.07344224748150907
2020-05-12,0.816026746464114,0.7535255616878219,0.0,0.0,0.3740504662963495,-0.0011594299654138496,0.14707124691833193,0.0,0.31320740544862574
2020-05-13,0.5796236720386947,0.5823850196700782,0.0,0.0,1.1550998462302342,0.0,0.14821923077394514,0.0,0.0
2020-05-14,0.6827163269540919,0.6918316809095176,-0.0005870288793894447,-0.002972166864403829,-0.4240105173004549,-0.01587838464850444,0.14764017790338038,0.0,0.0
2020-05-15,0.6277690702227293,0.6146797177836228,0.0,0.0,0.013499328777721864,0.040835582413190075,0.14554469449440266,0.0,0.12752588001561008
2020-05-18,0.9947247360834884,1.0043802319246755,-0.0004914004914004809,-0.0004914004914004809,-0.7825390054266967,0.005723067696350448,0.15070590315862012,0.0,0.0
2020-05-19,0.5473844664698216,0.5720461657608937,0.0,0.0,0.6864764387490618,-0.0005223743712923223,0.15554079420608527,0.0,0.0
2020-05-20,0.7082019558037647,0.6872300006931904,0.0,0.0,-1.045344389743319,-0.01117489054551779,0.1381244789562082,0.0,0.17106997501465593
2020-05-21,0.8773482475342245,0.7604888258051082,0.0,0.0,-1.477130225436607,-0.004279839955090292,0.13661707762500805,0.0,0.43748907789445746
2020-05-22,1.2201933662825015,1.2742573190438387,4.066339204323651,0.0,-1.705604318205045,0.0,0.13225867859993384,0.0,0.0
2020-05-25,0.8834003850273362,0.747451886424855,-5.087978271721762,-1.0228790329711734,-0.04782995585446148,0.006777926404955004,0.14405866786580426,0.0,0.4708629500676088
2020-05-26,0.5366129265528697,0.5284672369914446,1.0670690811535881,0.0,2.0194590412730973,0.055716657328130914,0.15158200644213657,0.0,0.09314404098096603
2020-05-27,0.7269372558257765,0.7287537706529997,0.0,0.0,-0.7020924425701347,-0.018734139427656338,0.13217467597661248,0.0,0.0
2020-05-28,0.9963363495366948,1.0252160988901309,-0.00908710155812575,1.0000000000176394,-0.18821838983342776,0.0,0.1287171729604085,0.0,0.0
2020-05-29,0.7049693482557513,0.7658754236059007,0.0,0.0,1.2535866736332446,0.002708803391682224,0.15248171178276398,0.0,0.0
2020-06-01,0.6452589012711946,0.6475311102199467,0.0,0.0,2.36458886319455,0.0,0.1291449573314134,0.0,0.0
2020-06-02,0.7196898304490004,0.6442129631743377,0.0,0.0,-0.1395057374604214,-0.022348195429366946,0.12082626364888455,0.0,0.3208474873360399
2020-06-03,0.6344576740745527,0.5786016952783183,0.0,0.0,-0.26113528586744206,-0.0012694643153343677,0.14259184355210505,0.0,0.2603010150059876
2020-06-04,0.6443100395905185,0.660767692870256,0.9999999999819041,0.999999999897586,0.03463795410811876,0.003765535038735557,0.1471833451287166,0.0,0.0
2020-06-05,0.6461792314267053,0.658330997858995,1.0453103760761215,0.0,0.0905741275538885,0.0,0.13613174377254508,0.0,0.0
2020-06-08,0.48760233235469846,0.4728391473586417,0.0,0.0,-0.6261378180436705,0.0,0.1330487992932591,0.0,0.11907634207891404
2020-06-09,0.5958388187912129,0.5540357707838792,-0.9999999999831533,-0.9999999998962426,0.6080237023479818,-0.0002947133323272233,0.13845776960392375,0.0,0.21924475517197828
2020-06-10,0.559760320065881,0.5637459810870424,-0.00034831069313827193,0.0,0.263846120276634,-0.0014005166762864896,0.13434712589881506,0.0,0.0
2020-06-11,0.8488326083529885,0.7771791445316147,0.0,0.0,-0.37636570539323344,0.0009702285934443111,0.12139896482059896,0.0,0.3413346954360858
2020-06-12,0.7886360450495624,0.7707507624088592,-1.0000000778031564,0.0,2.217038468701671,-0.012074081070934106,0.13621221437035538,0.0,0.16700321493186196
2020-06-15,0.8609727065510525,0.8794868617615145,1.0000000553523112,-0.002324398410712155,-0.03978210534779647,0.0043375219491714745,0.14644764842871313,0.0,0.0
2020-06-16,0.5179187213692314,0.5011386838410832,-0.9999999999855874,-0.9999999998833592,1.197604593408541,0.03751930806885628,0.14326869286277968,0.0,0.1307662858032089
2020-06-17,0.7042573111067794,0.6800304070614064,1.0000000814913637,1.0000000008403997,0.2973167867000637,-0.006092332290896785,0.1349787523605014,0.0,0.18313111619615316
2020-06-18,0.5646023758771431,0.5785492907463988,-0.9999922281994356,-0.9999826782838994,-0.3071559218890352,0.0029895991941364386,0.13909556017893562,0.0,0.0
2020-06-19,0.4069524726571289,0.3982307614421002,1.0755634511260263e-223,0.0,0.6380097503789983,0.0,0.16546452944908457,0.0,0.08380080932184578
2020-06-22,0.6005110640310968,0.5663963275761532,-0.9205087440381559,-0.9205087440381559,0.35870085193971946,0.020256267898988156,0.1229243949147187,0.0,0.19952127237968129
2020-06-23,0.5169022103566798,0.4792890199559496,0.987525595509774,0.987525595509774,0.1643756785068451,-0.01584520262774003,0.1428762305560075,0.0,0.19357151242186085
2020-06-24,0.44012419068161956,0.46475946128633117,0.0,0.0,-0.24103356283594612,0.0009098832268961132,0.14223349099362098,0.0,0.0
2020-06-29,0.6051012910774574,0.5520731060218353,-1.1712015052270282,1.041505822122685,-0.05162689984183899,-0.004725752376932846,0.12936737316277303,0.0,0.2477152762164844
2020-06-30,0.5372323242890105,0.5359458616983501,0.0,0.0,1.2241486666961565,0.05642179468874353,0.1352217098041579,0.0,0.03715647439391236
2020-07-01,0.777795284858951,0.8560849367028832,-9.488210314289118e-78,-9.488210314289118e-78,-0.029011821438074126,-0.0052652808218311975,0.12096992534003181,0.0,0.0
2020-07-02,0.5944865098872759,0.6575410677322577,-1.0000002326901507,0.0,1.1356081131421725,-0.0003011691227738922,0.14179105887492127,0.0,0.0
2020-07-03,0.7484666168448797,0.8051526321009728,-0.3985488704792042,-0.3985488704792042,0.8291522960289122,0.01535002421586551,0.14206555602736448,0.0,0.0
2020-07-06,1.0851767228545708,1.0230511747998616,-0.9949533181932879,-0.9949533181932879,3.208172459204328,0.0,0.1174643307082151,0.0,0.3619044260105266
2020-07-07,1.7505513016688794,1.7902746717781608,-2.1127502792091106,1.0741683759249827,0.48702239973479333,0.0,0.12332642982787301,0.0,0.0
2020-07-08,1.1172981982206125,0.9480395526478935,-0.9999969567209933,-0.9999969567209933,2.2905511236799736,0.0,0.13633894927269163,0.0,0.5912497529489623
2020-07-09,1.5870649243361887,1.649576380824422,-0.00011431970941627554,-0.011045320249871593,2.944929331021373,0.0,0.12775813735366678,0.0,0.0
2020-07-10,1.6602029133189224,1.696387686908687,0.0,0.0,-0.14364496773455748,-0.012685679388579896,0.1454554618097552,0.0,0.0
2020-07-13,1.11392597359502,1.190524458863316,-0.9910051889017296,-0.9910051889017296,3.0774780280987235,0.029072536773133706,0.11613704824362997,0.0,0.0
2020-07-14,1.9951718794762,1.9853787893497645,-0.995300027336991,-1.0113216536996192,-0.8640204473398194,-0.04409849201963967,0.10209322749251669,0.0,0.19743832316107074
2020-07-15,2.3736309694733704,2.489927059087229,0.0,0.0,-3.04829199896286,0.001676282268570084,0.1357052045911709,0.0,0.0
2020-07-16,2.7973336437729244,2.329828525557443,0.0,0.0,-5.242011617329368,0.02746547520482423,0.1579063875341622,0.0,1.5482165727322317
2020-07-17,2.143967380323876,2.2441171542542704,0.0,0.0,-0.03369833615536333,0.23244945923821536,0.10887322980204586,0.0,0.0
2020-07-20,1.2006842619067561,1.1808606404354325,0.9997408840750333,0.9997408840750333,2.1739190692173116,0.04868406981193285,0.13075413581754833,0.0,0.21728056668968815
2020-07-21,1.081871077821609,1.0836032999868634,1.0000000000280835,0.999999986891549,0.4570697317109129,-0.004294877463506541,0.11896384867816139,0.0,0.0
2020-07-22,1.1155777652883472,1.1789921959961271,-0.33339250759730976,0.0,1.0720140280448875,-0.005796833893301212,0.14379764939563397,0.0,0.0
2020-07-23,1.6486108423048809,1.497114712793933,0.0,0.0,0.7337391185203712,-0.008331446178477808,0.10988858107036283,0.0,0.6903370525338679
2020-07-24,2.3304390669049333,2.382956103155127,-0.9999999648968859,-0.9999999648968859,-4.4142535953834106,-0.007850939164188997,0.1134783666290196,0.0,0.0
2020-07-27,1.845810461192306,1.8917908403611758,-0.3334226883719706,0.0,-0.41590799511056487,0.1012047239956182,0.11988263399744158,0.0,0.0
2020-07-28,1.027621470986409,0.9757861197156477,0.09831227905243486,0.0,0.32871314139812924,-0.0013151805260847027,0.11874609440021427,0.0,0.322253527835695
2020-07-29,1.0633246381851373,0.9177763645734763,0.0,0.0,3.185851339009038,-0.018913369912909594,0.1485046234584963,0.0,0.5369784267564635
2020-07-30,1.1809174053983613,1.0468923433253305,-0.005819827844387588,0.0,-0.47329879591856416,-0.0030637948301048823,0.12833195809094886,0.0,0.5464268842760173
2020-07-31,1.4790633881524164,1.397442445099803,1.0006413584381146,0.0013985334683787056,1.5878077196805895,-0.004770774525431065,0.13213425195682052,0.0,0.4845442382346419
2020-08-03,1.0055319720003397,0.994262271383952,-0.9994988163946451,-0.9962123052078787,2.3439099266472585,0.0041906267963076616,0.11675236820870424,0.0,0.15012355716980819
2020-08-04,1.2711003270274808,1.3812618328845834,-0.3333857362787813,-0.33333397942359455,-0.9619367462154083,-0.022140873830367447,0.11049934482835076,0.0,0.0
2020-08-05,1.1089785945409834,1.0943715479673732,0.0,0.0,1.1982138445441937,-0.01776569076883394,0.12503363485002797,0.0,0.17940021780809007
2020-08-06,1.3438283153078778,1.272528315944185,-1.0000000006707381,-1.0000000000154674,0.09683155067468086,0.00038246339610914504,0.1232024646684368,0.0,0.43190997458204855
2020-08-07,1.8276303467083945,1.7949673967668227,0.0,0.0,-0.8901829729034638,-0.026294319235042884,0.11470876073868018,0.0,0.3439836169842712
2020-08-10,1.1223533959479461,1.1442927583148916,0.9999999986911114,0.9999999986911114,0.5603498860677236,-0.0230355927300141,0.11803375125878071,0.0,0.0
2020-08-11,1.1856122683331813,1.1651390479558756,0.0033438665459633813,-0.9992082866461098,-1.9770137034689106,0.0027871667806822487,0.1760358278576573,0.0,0.21937969311362257
2020-08-12,1.7845890338582324,1.6589008798819307,-0.013781993914444237,-0.013781993914444237,-1.173734469484966,-0.004156397939303336,0.11835001100983025,0.0,0.6578798450279622
2020-08-13,0.9910554258846834,1.0607732117486277,0.9999074159800019,0.9999074159800019,-0.0509697322431224,0.0734132910282348,0.12045721684943318,0.0,0.0
2020-08-14,0.9573608472097191,0.9543306807132522,1.1868795807860135,-0.562023855057245,1.1401862524824224,-0.00140643392132489,0.15339632743506434,0.0,0.07611007567656132
2020-08-17,0.7545034704019088,0.743818554998418,0.0,0.0,1.8518282612056236,-0.001849749984705884,0.12497171289134454,0.0,0.12652843193760646
2020-08-18,0.841466411249541,0.8148696920766125,-0.9999515986951009,-0.9999515986951009,0.8661671744203181,-0.024659725119380305,0.12523806362802026,0.0,0.20988831838896713
2020-08-19,1.17384420482103,1.142543321596264,0.1693644801236397,0.1693651330465732,-1.8907034063294192,-0.025899301191978363,0.15095727158493263,0.0,0.26926747940977297
2020-08-20,1.006894752062046,0.8758492621997472,0.9999999935265882,0.999999952758897,-0.6124791286527098,-0.014225257882649611,0.1424389414626821,0.0,0.4967143159143367
2020-08-21,0.8043955769097512,0.7902982342534505,0.0,0.0,0.16667216397481255,0.0,0.1403665147289577,0.0,0.14993647017270248
2020-08-24,1.0743444003394418,0.9522522013499222,0.9993749875406998,0.9993749875406998,0.5699691510498539,0.0,0.12345415328809352,0.0,0.49742500496551434
2020-08-25,0.8491442662032059,0.8199667769871809,0.0,0.0,-0.6107404095613056,0.0,0.1271363234977243,0.0,0.2206818285746152
2020-08-26,1.3075173073223578,1.3645559262489624,-0.4958209657829529,-0.4958209657829529,-2.3940386005485093,0.015141110965299909,0.11907086256072083,0.0,0.0
2020-08-27,1.0255980153505775,1.0143723945109098,-0.012630697000244304,1.0483292575659438,1.0014612534976708,0.024812821684760955,0.13815280268642796,0.0,0.15132724257464922
2020-08-28,0.7257226484669783,0.725963884183892,-2.805851486034953,-0.3333314810934691,1.4439366430534673,-0.0005984000275627288,0.1518276392038886,0.0,0.0
2020-08-31,0.6538391124958997,0.6149920293640612,-0.3333331539655201,-0.33333178604729574,-0.20429256412587415,0.0024244823146668537,0.12639733850814788,0.0,0.2220143888312184
2020-09-01,0.8717698572422276,0.8977973385238852,-1.0024524014708291,-1.0000850887712558,0.581716099281504,0.0035958533533664294,0.14154833030940375,0.0,0.0
2020-09-02,0.8185089322543405,0.8001125863969925,0.0,0.0,0.012313440342914816,0.010735876089240648,0.1289052507671884,0.0,0.17255932681039235
2020-09-03,0.9745942315982404,1.0003426658774082,-1.0,-1.143459673485781,-0.9916723155753759,-0.0238091173472621,0.1346574160447043,0.0,0.0
2020-09-04,0.9785422181496026,0.9157401787209933,-1.0000005213767056,0.0,1.7481253161519383,-0.07886011217758115,0.1409420449664813,0.0,0.34491273936633265
2020-09-07,1.2573848380706325,1.0960576236228539,0.0,-1.0000000000069833,-1.846671306371217,0.0,0.153988572607313,0.0,0.6161771796392115
2020-09-08,1.4201393701739355,1.5028685563545385,-1.000000254629547,0.0,0.3964941964520907,0.06158530982531829,0.13217412378636564,0.0,0.0
2020-09-09,1.580502200536286,1.48943727296729,0.0,0.0,-2.0744293636635214,0.0,0.14807120907878835,0.0,0.528737946241619
2020-09-10,1.7538237341506413,1.7582708057695022,-1.0000042918639136,0.0,-4.2319759398558805,0.08065496833231656,0.13353294796736165,0.0,0.0
2020-09-11,1.1727020003126984,1.1775655036032577,0.0,0.0,2.2833812724935676,-0.02048112518626688,0.1457236701998377,0.0,0.0
2020-09-14,0.9238106826179561,0.9952154217532345,-1.0000001379971017,0.0,0.9425131536035414,0.040093217985193164,0.12937002723617771,0.0,0.0
2020-09-15,0.7915001949366631,0.8096260894600867,0.0,0.0,0.3081871041910045,-0.008497271647056603,0.12762850064330722,0.0,0.0
2020-09-16,0.7031639601626384,0.6726486159788384,-0.0,0.0,-0.8266778042680056,-0.019940120259842598,0.12550359289341517,0.0,0.20489849753806805
2020-09-17,1.0521344234453058,1.0318457398785053,0.0,0.0,0.36496297233177266,-0.00028527930410193747,0.12747985194452324,0.0,0.20562396283790976
2020-09-18,0.9163020585368931,0.7857787193934079,1.0030141407035984,0.9392111276732867,1.5458166377903426,0.019114836786227052,0.1710045572043241,0.0,0.4713398631851582
2020-09-21,0.7365239665974062,0.7056880097287012,0.0002536139994927215,0.0002536139994927215,-0.35332531492312524,0.0,0.11423375310966881,0.0,0.21088382180129805
2020-09-22,0.8548835201420755,0.8636157182708567,0.0,0.0,-0.6707161190732336,-0.007847178979969449,0.1650374494856379,0.0,0.0
2020-09-23,0.8740254814777622,0.8993500412399209,0.9998007326422983,0.9998007326422983,0.32998394989949276,0.013476187254002348,0.12857309708782752,0.0,0.0
2020-09-24,1.0342901833871208,0.9426572480525255,0.9999802535571253,0.9999803512804216,-1.9820468085507637,-0.05689895708823611,0.14114886682635572,0.0,0.4256213060280269
2020-09-25,1.024342837191339,1.0151008873140976,107.07328981844512,0.978957602419091,-1.0378454518873204,0.005128571099533019,0.14252278001379537,0.0,0.13728960878134142
2020-09-28,0.8279119170784434,0.8568931034096432,0.05389175891896081,0.05389175891896081,-1.540537754093585,0.05529702834570216,0.1541718237297951,0.0,0.0
2020-09-29,0.7899046074082829,0.746721670602258,0.0,0.0,0.5240937684742875,0.020199897284545187,0.15407354012741842,0.0,0.2575966526525654
2020-09-30,0.8003109576557877,0.7637594473827328,0.0,0.0,-0.36891075657962125,0.004149736902014922,0.15701719378008303,0.0,0.23910068062961815
2020-10-09,0.6658193615601693,0.5023745457763663,-0.3333326940437758,-0.3333288316151278,1.2151593747925737,0.043471430213615214,0.12342205714766416,0.0,0.43696136898401106
2020-10-12,0.658843821008609,0.6676645614335242,1.1197604790419162,0.0,2.2473081935310724,-2.4703465051345574e-05,0.13302049220505802,0.0,0.0
2020-10-13,0.6024746391436394,0.5947718163602705,0.0,0.0,0.4333420527127929,0.0,0.1370102616430247,0.0,0.09603216791660571
2020-10-14,0.6832580417330972,0.663767193986102,-0.6097538655726109,-0.9999432560188593,-0.674957737239601,-0.010949469965360059,0.13323849079388358,0.0,0.16203290956087685
2020-10-15,0.7087184999146342,0.6818614771432195,1.0650195058517555,0.0,-0.9174968866705213,-0.010694053665638581,0.14023182952277155,0.0,0.19325330038401958
2020-10-16,0.7756857594803737,0.7514774360312557,0.0,0.0,-0.26628675062293494,0.00024838223022793926,0.14085419030169108,0.0,0.1922760010935688
2020-10-19,0.7953687934264684,0.693857219314732,1.000018666164197,1.0000009277355273,-1.2591028430993578,0.02896541049270951,0.13172818224372818,0.0,0.3888105923987977
2020-10-20,0.71769536223208,0.7374202662734489,-0.9987506947994497,0.0,1.1469748929826995,-0.02171080183669405,0.16000306267586087,0.0,0.0
2020-10-21,0.68749699938724,0.605156563339136,0.999999999990944,0.9999999999248139,-1.6088829207271615,0.0,0.13604281675787092,0.0,0.326247847523972
2020-10-22,0.7058059475801197,0.7036874752395884,-1.2392344497607655,0.0,-0.240227248975855,0.0016337646742137224,0.14468547240214671,0.0,0.05464405576459676
2020-10-23,0.9439985269560551,0.8914314013900506,0.0,0.0,-1.9702935264824806,0.0006789901509485219,0.15386056356390762,0.0,0.3106175711561926
2020-10-26,1.0301231307234802,0.9307205142326435,0.0,0.0,0.4810182004047814,-0.05278551001874909,0.139145377055623,0.0,0.4414895115833081
2020-10-27,0.7619334142983053,0.7265627506260796,0.0,0.0,0.8063831705923397,-0.02468812280200794,0.1301726352844766,0.0,0.2294539108992007
2020-10-28,0.7667631291651787,0.8105512358914363,1.0000159492176908,0.0,0.07489792379242743,-0.00021705157143836473,0.13021964217745172,0.0,0.0
2020-10-29,0.7522519346288163,0.6928815896684862,0.0,0.0,1.2689697775300823,-0.027142867998697362,0.1476935830759656,0.0,0.2929130858313921
2020-10-30,1.1293824314745105,1.2326004438380866,-0.9999990033389663,-0.999991589178101,-2.6262124955879207,0.017551172572094487,0.15401390047768526,0.0,0.0
2020-11-02,1.0330530662622965,1.0876653806180325,-1.0011123470522802,0.0,-0.09886914646610734,0.04315049723648823,0.12344427975133107,0.0,0.0
2020-11-03,0.7398211682855977,0.6853581360062111,0.0,0.0,1.6715750146441444,0.0,0.1310660826519131,0.0,0.27860291896094436
2020-11-04,0.9062711974830933,0.9440029436444909,0.6232149319210534,1.0002363776004715,-0.2991244737362564,0.0,0.12712449890300917,0.0,0.0
2020-11-05,0.6343418739528542,0.678646115855908,0.0,0.0,0.962719233477527,0.07980160962939298,0.13627297427565788,0.0,0.0
2020-11-06,0.867999517914954,0.8211096419739656,0.0,0.0,-1.2118355879902842,-0.006955948260278788,0.12242349441429724,0.0,0.28142871025888344
2020-11-09,0.7681559729946374,0.7732718436876345,-1.000000552951767,-1.0000000168984835,1.9082181606804083,0.003751062311407871,0.11547501866640691,0.0,0.0
2020-11-10,0.9059669301197357,0.9433582984782543,0.00630372492836673,0.00630372492836673,-1.0971989381184266,0.0,0.10706127200081274,0.0,0.0
2020-11-11,0.7462466774301264,0.7264157936361134,0.22784389151481735,0.22784389151481735,-1.421475719767673,-0.022610873144124355,0.12945652524551182,0.0,0.1708923589032539
2020-11-12,0.7355676465720479,0.7175109726552011,0.4755405110286089,0.4755405110286089,-0.05650731811535081,0.0,0.1361249336183013,0.0,0.16198076059498032
2020-11-13,0.7044418574106546,0.6351730599894194,-1.0398090408052372,-1.0006607482830183,0.34867999982350906,-0.0009499909315646704,0.13065364556012485,0.0,0.304620278930754
2020-11-16,0.5222988345383961,0.49271458649014443,-0.006564108193944486,-0.006564108193944486,0.6657868257664346,0.0,0.12778275750931023,0.0,0.17328707055061218
2020-11-17,0.7564339444961831,0.7140333183536862,-0.0035564959665223086,-0.0035564959665223086,-0.8873368407793181,-0.03447724301037791,0.11929710892676325,0.0,0.24969728205745054
2020-11-18,0.6281912526563713,0.5901970862337933,0.0,0.0,0.13841081841494685,-0.010587995790101168,0.12123628217322387,0.0,0.21515494257655646
2020-11-19,0.7440550853179273,0.7919449849742176,0.0,0.0,0.8334476224575393,-0.02858586940398533,0.136920580367874,0.0,0.0
2020-11-20,0.41139937686954925,0.377962109715172,1.048615998305399,-0.5006257822277848,0.7989429166656681,-0.01811384781994496,0.14836289871276795,0.0,0.1624625831024167
2020-11-23,0.6230328479950057,0.5981893416131558,-0.0069230407498487275,-0.0069230407498487275,0.4644800824149753,0.0,0.11350412207829727,0.0,0.17418220707404927
2020-11-24,0.47879691072353786,0.4927072769937505,0.0,0.0,0.1463434604008329,-0.011510801525238534,0.13640162943230935,0.0,0.0
2020-11-25,0.7086563952243997,0.6992416533014751,0.0,0.0,-1.822546483873,-0.0019160148487351591,0.13440488314012206,0.0,0.11513034691453085
2020-11-26,0.7907571930098081,0.8044091183589068,0.0,0.0,-0.5233735724048283,0.0,0.13898639210334826,0.0,0.0
2020-11-27,0.6166316570115529,0.6211744020352852,-1.218560125890646,0.0,0.030460480076133223,0.0022938133639627267,0.148873569910462,0.0,0.0
2020-11-30,0.8635549882266408,0.6495877936841236,0.9999783554468518,0.9999783554468518,-0.2980282889225694,0.0,0.12719766676498365,0.0,0.5690016836422421
2020-12-01,0.6379238686048843,0.5295039022415423,-1.000005153515562,-1.0000000000192004,1.58293559649465,0.0,0.16219154662632265,0.0,0.3557702624542991
2020-12-02,0.5340323772543253,0.505954227443937,0.0,0.0,0.3401611356703693,-0.0001713122348756535,0.1217367220566195,0.0,0.17088270739754471
2020-12-03,0.5628141374179965,0.44461085192158273,0.0,0.0,-0.19526023155985728,-0.019119094130781722,0.12527436962701857,0.0,0.3450810682015573
2020-12-04,0.4622120607466363,0.46958355684187486,0.0,0.0,0.7166727403036255,-0.03082370187168504,0.14137435650532998,0.0,0.0
2020-12-07,0.5278716241308621,0.4073291830354257,-0.28010898421392294,-0.28010898421392294,-0.4009109919018927,0.0,0.14289956339103446,0.0,0.3357549526220675
2020-12-08,0.4158311412447141,0.4100084368861965,0.0,0.0,-0.015566956806922772,0.0028462284755725875,0.14313878113289324,0.0,0.0693442118061717
2020-12-09,0.7669967188351835,0.7647690023056576,0.9997607903606179,1.1901445242654367,-1.954299458362907,0.0,0.16963661510609615,0.0,0.058415236166146745
2020-12-10,0.8003247091838473,0.6758959257798379,-0.0013339391897736654,-0.013392861832727827,0.44008512814537326,0.002843646550010348,0.12829169395519396,0.0,0.42858410801664776
2020-12-11,0.9965678871444903,1.0305928370419477,0.8050744083922908,0.0,-1.7000812827821732,0.0010649635801440738,0.12096731199950131,0.0,0.0
2020-12-14,0.8929880645826064,0.7782147486657766,0.0,0.0,1.274839034025077,0.005831852014170913,0.13225078196536405,0.0,0.43796060147694965
2020-12-15,0.5587084835021038,0.5083954297571156,-6.990216430475659e-77,0.0,0.4722505868329119,0.0,0.12673857495792976,0.0,0.2317094226381359
2020-12-16,0.6571003409683075,0.6196811779852073,0.0,0.0,-0.8177452160968102,0.0,0.15282704399530067,0.0,0.21857743651056896
2020-12-17,0.923387308384032,0.9203483967509763,1.001243595925271,-1.2352609043429499,1.0356203008554887,-0.006497050717180208,0.12949464121100834,0.0,0.07485285487284299
2020-12-18,0.6606810835877087,0.6455949622432937,1.0000001051712935,1.0000076285506134,-0.46368386166414366,0.0,0.13071691443931566,0.0,0.1403803367167535
2020-12-21,0.7670861391495999,0.614765453320409,1.000000063655073,0.0,1.7489720053144309,-0.0022336385972709927,0.12698100065240658,0.0,0.45878598744860477
2020-12-22,0.9097932200683299,0.9692331515307501,0.0,0.0,-1.7325473000591174,-0.04141139524804771,0.14185007165770197,0.0,0.0
2020-12-23,0.8996181637387319,0.9295727059749139,1.001274647439101,9.287524091465855,0.7342402875988752,0.013007695998834556,0.1138228071622434,0.0,0.0
2020-12-24,0.952178808086682,0.9491598525959611,0.999999999949923,0.999999999949923,-1.4212937229485467,-0.02730973253818325,0.12306341473120828,0.0,0.07576316248275092
2020-12-25,0.8336725215529867,0.8002138041959768,-0.48666399411466277,-1.5779300121666673,1.467976433816509,0.0,0.12581317961555755,0.0,0.23381133583878663
2020-12-28,0.9024360327022224,0.913184764954278,0.745619449763946,0.7203198328795023,-0.6377955213640485,-0.006832000676648686,0.11663348598270973,0.0,0.0
2020-12-29,1.067124822294863,1.1516848423272417,1.041226304861201,1.0410875575340646,-0.5729618073456622,-0.004933299761100685,0.11054248646466285,0.0,0.0
2020-12-30,0.5509923794945643,0.5510790705980864,0.9997708348783665,0.8915243685087836,0.8808077019904159,0.0,0.13082392610698987,0.0,0.0
2020-12-31,0.9150415955365994,0.73539425904301,0.6655574043261231,0.6655574043261231,1.6174849736548813,0.05840876926110905,0.12672559918087942,0.0,0.5445148348105383
2021-01-04,0.8603002394951079,0.8778842482079763,1.0001812308485447,0.0,1.9019529251520284,-0.0008753093371671739,0.11876662717914892,0.0,0.0
2021-01-05,0.971557282565226,0.9721756511146381,-0.33333709656121974,0.987220447284345,0.4076575198943333,-0.08416746371933126,0.12166436872724387,0.0,0.0
2021-01-06,1.1215762710220163,1.0115296711844068,1.0000336115451278,1.0000009233491711,-1.1658896019073661,0.008724681191241146,0.11388038060840805,0.0,0.48450083181891135
2021-01-07,1.169362870318313,1.2500471839250178,-0.42133114573073926,-0.42133114573073926,-1.3790164350012346,0.005309511266493594,0.11587329326286144,0.0,0.0
2021-01-08,1.5340368934632411,1.4769116722411633,-1.68985e-319,0.0,-0.26642634178687397,-0.00839402711135806,0.11836244318796735,0.0,0.414730156733462
2021-01-11,1.1523688755069472,1.1288767495063554,-0.1927036471539838,0.9997650384725605,-1.5627688336734558,-0.01331531452062329,0.10553220182532692,0.0,0.2314979690215691
2021-01-12,0.8196550689957149,0.7795467792765463,0.0,0.0,1.7278785322962342,0.0033751672241955077,0.13535030527767827,0.0,0.2532612308465981
2021-01-13,1.0045242665925143,1.014765230995551,-0.999762015186809,-1.0000000000230322,-0.8187488813132693,-0.002932576726510927,0.1076815657821378,0.0,0.0
2021-01-14,1.2425495817612386,1.0917401205621093,0.0,0.0,0.2800070479904049,-0.00137622863852771,0.12037349770816874,0.0,0.593323665708743
2021-01-15,1.1765977012782178,0.9758967337725091,0.0,1.0000000121155088,0.49921089521709483,-0.013454096043441499,0.12661127814778741,0.0,0.657272938485478
2021-01-18,0.6924645524278081,0.549806629067277,-1.68985e-319,0.0,2.119116052384995,-0.02334866121603829,0.13110678844514104,0.0,0.4209748531714482
2021-01-19,0.7593108441349945,0.7439959797285196,-0.0005739040577569173,0.0,-0.5127300077022778,0.0031934678164979857,0.11166388335020869,0.0,0.15173312152855134
2021-01-20,0.7519998421635333,0.7696494841961956,1.0000378802227357,0.0,0.9795737549889827,0.0,0.13516409564540846,0.0,0.0
2021-01-21,0.5667096924206783,0.5334673331717903,-0.0007599575387804624,-0.008997662985335908,1.1213010025824532,0.0020344283140127928,0.11989285362054777,0.0,0.1912393262959212
2021-01-22,0.8129224330229253,0.8030179472937004,-0.9998493866346001,-0.9998493866346001,-0.1666830111961004,-0.04254301815138639,0.1173653747001314,0.0,0.12651110005104071
2021-01-25,0.9796572775157315,0.9632325769315362,0.0,-0.01593750136406854,-0.7976484595154765,0.0,0.11605053939870588,0.0,0.17863757759040275
2021-01-26,1.0499101213827955,1.0715637325739171,-0.010387591038861345,0.0,-1.4339026634911378,-0.01820715589790911,0.11495045746207502,0.0,0.0
2021-01-27,1.094494029201694,1.1203265317046167,0.0,0.0,0.22918208788316186,0.05146139865148669,0.12303426141209706,0.0,0.0
2021-01-28,1.058924605889026,0.9663404761295997,0.999999999156078,0.999999999156078,-1.0429410093667935,0.0,0.1357784992651779,0.0,0.43302125253946544
2021-01-29,1.4323441655867257,1.4113302367073328,-0.9999998639493144,1.000344934681616,-2.092824513807734,0.0040210520479311285,0.11977466521787425,0.0,0.2444519822909139
2021-02-01,1.0583536622489087,0.6633644035452478,4.547473508866709e-13,0.005717961593126286,0.981946903646258,0.033060965461384484,0.12026365908919068,0.0,0.8246575910671864
2021-02-02,0.670357824269336,0.6472435533058687,0.0,0.0,1.006280511991564,0.029390742873225406,0.12434426717740883,0.0,0.17451474225151034
2021-02-03,1.0198973595427654,0.9294620204166957,-1.0000001549024935,0.0,-1.5004840966466704,-0.009351861939477235,0.15060049938236758,0.0,0.419870190184084
2021-02-04,1.4745951924387959,1.5371736305250063,0.0,0.0,-1.7557203441328717,0.0,0.11350454289982209,0.0,0.0
2021-02-05,0.9314560963258116,0.831194301596073,-0.02938683367217345,-0.02938683367217345,-2.1732096412506174,0.0017056431754536305,0.1438007287083007,0.0,0.4203885017180371
2021-02-08,1.0387053525659142,1.0184746322226501,0.0,0.0,0.5198097030209015,0.006954039888551478,0.13000268864273465,0.0,0.20400547288741472
2021-02-09,0.851903787445136,0.8298917139990124,0.0,0.0,2.4915546637644947,0.004905208042771392,0.13991016269409334,0.0,0.1924053172320058
2021-02-10,0.6453811996264417,0.6748156757359781,-0.9996940699435651,-0.9996940699435651,0.6231226570403203,-0.01822066376173659,0.15552264731899496,0.0,0.0
2021-02-18,1.0909809099235726,0.9245900519604694,0.0,0.0,-0.12370784768694909,0.11717210436783532,0.10539995791222218,0.0,0.5791136172059873
2021-02-19,0.8861451735309637,0.9431586212957227,0.0,0.0,2.140726122819414,-0.07412310332979288,0.1264104863319936,0.0,0.0
2021-02-22,1.2139795718582778,1.1561826655299041,-7.130357940497354e-67,0.0,-0.2950634629353521,0.0,0.10990853749582882,0.0,0.37011896035919756
2021-02-23,1.037184677003757,1.0753014288255087,0.0,0.0,-0.011410167784464686,-0.09310653894538667,0.12678463807253776,0.0,0.0
2021-02-24,1.3268073410178098,1.284797796825832,-0.0,0.0,-0.8126512527958818,0.0031400324914887534,0.11571453745373612,0.0,0.331228533568953
2021-02-25,0.9407391755832757,0.9586736486142124,0.0,0.0,-1.2661060487766496,0.007509734649757682,0.13116176338340343,0.0,0.0
2021-02-26,0.9754807926173721,0.8667061183375397,0.0,0.0,0.6365502985341331,-0.03331854311715565,0.12318881321234122,0.0,0.44764191180193463
2021-03-01,0.7258188912165598,0.6963055971967697,0.0,0.0,2.0254685561862162,0.05147309597990368,0.1384827841176996,0.0,0.20486966139300952
2021-03-02,0.9762677389191455,0.9143935363094192,-1.3136974610960072e-47,0.0,-0.7882482778715616,-0.004830995915261482,0.1082829729906026,0.0,0.34202800880900935
2021-03-03,0.5611494805145512,0.5875200238366473,-4.580960440872108e-72,0.0,1.4991091177264826,0.001423325589855473,0.12943920770374434,0.0,0.0
2021-03-04,0.8931604570023612,0.9257043469547804,-0.004180464928847735,-0.004868012608914735,-1.2708454279179104,-0.020177818830868777,0.12300211291705739,0.0,0.0
2021-03-05,1.0354135815241203,1.0114723967611858,0.0,0.0,1.3860488055045916,-0.019115332069508106,0.12358555424549938,0.0,0.22137044833217573
2021-03-08,0.981638273478902,0.918352636584036,0.0,0.0,-2.601388946076466,0.006737769816367312,0.12611141613648286,0.0,0.34675947692570586
2021-03-09,2.848650673357917,3.0156924194046053,0.9999999798439839,0.9999998473125327,-2.978473888344413,0.0,0.1154309139279749,0.0,0.0
2021-03-10,1.305715473652944,1.2080584042422717,-1.0000028170140671,-0.9999998505216049,-1.8861888408338467,0.047610300749623136,0.1335141519271528,0.0,0.4954672442012163
2021-03-11,1.0736371018984765,1.0551045885822536,0.9999999811078462,0.9999998493933036,2.194677130653311,0.0,0.1288850668807479,0.0,0.19862259117641431
2021-03-12,0.875166355858727,0.870971129418469,4.440892098500628e-16,1.0002078929721123,-0.17158255765631347,-0.008362096796010743,0.11566755922850336,0.0,0.08558879685192806
2021-03-15,1.0277671970238427,0.9321025923836748,-0.9997923569414078,-1.081919538629161,-0.43645749185037275,0.0,0.1160373126912359,0.0,0.43300134936265405
2021-03-16,0.9320582722436903,0.8454392196339708,-1.0000006786364566,0.0,0.8153696615955441,0.008541824093044603,0.14609285687777504,0.0,0.39238393030626967
2021-03-17,0.8744574893558774,0.7796021214198771,0.0,0.0,0.8678831681780741,-0.03140780098906948,0.13519310711878643,0.0,0.39610154375893536
2021-03-18,0.5673923319418288,0.5446337684314202,-0.9999999999974893,-0.9999999999776352,0.35100068204549917,0.000916072409173907,0.13726407396224538,0.0,0.15908524956945752
2021-03-19,0.848110458887881,0.7229605243493311,0.22928121367185633,0.22928121367185633,0.3717509904557659,-0.03869937795123457,0.1248882296314926,0.0,0.4434178962418548
2021-03-22,0.7311856605514336,0.7363776811735853,-0.24831381497265193,-0.24831381497265193,1.6188062599713726,0.02823612600222347,0.12874715604530879,0.0,0.0
2021-03-23,0.9281989311772617,0.9750401342960563,0.0,0.0,-1.1897030860339997,-0.0014957223362421779,0.10735327305083167,0.0,0.0
2021-03-24,0.9586784653683664,0.9014190485483085,-0.05819861535776632,-0.05819861535776632,-0.8445119954327729,-0.0030515751728632523,0.12921394392501043,0.0,0.32635578572366164
2021-03-25,1.0920252035722846,1.123368574803583,-0.9999914732857123,-0.9999914732857123,0.2989049656148879,-0.00215313480306234,0.11460198595045347,0.0,0.0
2021-03-26,0.5013045481767039,0.4896796618948906,0.9996816614042605,0.9996816614042605,1.6242222120225414,0.03383058867287847,0.13691245912420136,0.0,0.1073316297703285
2021-03-29,0.6251768054095362,0.6183419587951863,-0.9997382014186132,-0.9997382014186132,0.027453516101472175,0.01473290105860059,0.11973349316057749,0.0,0.0921914313556596
2021-03-30,0.5261759462485855,0.463205956960997,-4.7341430219941997e-73,-4.7341430219941997e-73,-0.18847437978025683,0.0,0.13082054121130968,0.0,0.2496024195524583
2021-03-31,0.6860610513604954,0.6786818886658977,0.0,0.00235096199488631,0.059410249098701406,0.0008124517338448101,0.13285442956341123,0.0,0.10035267904126109
2021-04-01,0.5058717285030112,0.4869245732344142,0.9910338829032321,-0.01080123509682799,0.5266510229605892,0.0005965828811627105,0.1493511694429195,0.0,0.13715198022306455
2021-04-02,0.4451027125911376,0.4354345216526442,-1.0,-1.0,0.08352498206127823,0.019440706576667743,0.13882276493627407,0.0,0.09226701528239543
2021-04-06,0.4813751984739306,0.44336518910271916,0.0,1.775126921577062e-05,0.6718714828853667,0.029929170035503105,0.12832658129575802,0.0,0.1874817079016675
2021-04-07,0.4985026123750227,0.48880857076454287,0.9976020788638525,0.9976020788638525,0.03277390256020141,0.010358267713828084,0.13699043329182098,0.0,0.0978316701883751
2021-04-08,0.46096255607073594,0.48165062302691025,5.026653132854724e-07,2.5665128996686694e-05,-0.08677018565999006,-0.02090303676934857,0.1428301646441557,0.0,0.0
2021-04-09,0.48762998952949294,0.48492521019314455,0.0,0.0,-0.012925857434864518,0.018786879232313147,0.1286062298417093,0.0,0.0512888604637301
2021-04-12,0.7904237970638961,0.7396222432608033,-0.9999999629894545,-0.9999999629894545,-2.100243463040341,-0.011635517212349455,0.1367324932655775,0.0,0.27879870200337076
2021-04-13,0.7820638550898731,0.7733401025185056,0.0,0.0,-0.3449895793993796,0.0,0.1313294656719924,0.0,0.11648587585926996
2021-04-14,0.5752982400704462,0.5976925849877218,0.9999999836908011,0.9999998960555795,1.4650954471361999,0.024972483457830208,0.1343069055318779,0.0,0.0
2021-04-15,0.6822574973378315,0.6396743470299864,-1.0096489890754146,0.0,-0.1015530787809471,-0.027425404359371353,0.13213582570993693,0.0,0.23725939902444682
2021-04-16,0.521369095762847,0.5415631020174708,-0.0,0.0,1.1385580456223288,0.025708713870464805,0.12496509044257854,0.0,0.0
2021-04-19,0.501027160421982,0.47705018318218045,1.0216519397089106,0.520723247332351,1.7221420636661433,-0.01786817672543295,0.13828427120142606,0.0,0.15313829764746173
2021-04-20,0.5426733020753088,0.5766441374183926,0.0,0.0,-0.044756452997474216,0.0,0.1331196515849588,0.0,0.0
2021-04-21,0.5349075925502679,0.5469592255049982,0.0,0.0,0.5043477443450017,-0.0004357748219607771,0.13006235958702794,0.0,0.0
2021-04-22,0.4625823682777287,0.4387499853854306,1.0002000400080016,0.0,0.2026747479668023,0.02518520966108273,0.13358194208809837,0.0,0.1465636304330534
2021-04-23,0.5438299785430603,0.5351276491477899,1.0,0.0,-0.3955775610352652,0.0,0.12987768533571906,0.0,0.09689914695034864
2021-04-26,0.689474068188228,0.6935530098208607,0.0,0.0,-0.594792299388458,0.026187888124939995,0.126380167780748,0.0,0.0
2021-04-27,0.7748327952113545,0.8219879892391191,0.9997077270673062,0.9997077270673062,-0.35963066231260443,0.003416987092874635,0.11877135455244886,0.0,0.0
2021-04-28,0.674367984679774,0.718473861606327,-0.36264348389622236,-0.36264348389622236,0.6635706572542865,-0.0033088225060873278,0.13406098803854244,0.0,0.0
2021-04-29,0.5891131975375453,0.5649241490087585,0.0,0.0,-0.21989126681956073,0.0026997786337412677,0.14003260057113784,0.0,0.1670780218330373
2021-04-30,0.6094342024491083,0.6202846643037114,-0.9999978661933959,1.0025063744447829,-0.11009566719035746,0.0,0.13005031135193965,0.0,0.0
2021-05-06,0.6409563401324797,0.6547653092154816,0.0,0.0,0.19809145863085575,0.007340275403611152,0.11773620447440106,0.0,0.0
2021-05-07,0.7408205894557536,0.6844251779407186,0.00909136347807876,-0.46298159706935077,-1.306042027202714,-0.0014053759439969227,0.11340631555697014,0.0,0.2835089444133746
2021-05-10,0.8638052038853536,0.83884956724427,0.0,0.0,0.10885418552026849,0.024116314631550395,0.12677509748185734,0.0,0.20613304876588415
2021-05-11,0.90573580517393,0.8525925410871736,-0.33333305369141647,-0.33333305369141647,0.7501122544756322,-0.11018823646580245,0.11557796984351473,0.0,0.3056849810778794
2021-05-12,0.6332709801149788,0.6080982782960805,0.0,0.0,1.5800211389262575,-0.023799517144718063,0.13798390334662272,0.0,0.17677278690208087
2021-05-13,0.818137075754871,0.8358962170925862,0.0,0.0,0.15728034353601483,0.0,0.12340968222164798,0.0,0.0
2021-05-14,0.5280014423946338,0.5026388454478553,0.0,0.0,0.9980961340037897,0.048521549239044504,0.13106947863530163,0.0,0.16167780991113392
2021-05-17,0.5869775594862083,0.5491954651698254,-0.9999999999159446,-0.9999999999159446,0.006647206602794498,-0.0010577805419464958,0.11894312322761769,0.0,0.20718831139155586
2021-05-18,0.4575148172256929,0.45287578518688376,0.9995677980060258,0.9995677980060258,0.5526486578588008,0.0015454801719494426,0.12523934345740098,0.0,0.0649871615969086
2021-05-19,0.48621411064471787,0.4669603569099132,0.0,0.0,0.33398538309878933,-0.045484810352991456,0.12655722149092297,0.0,0.13547024198915572
2021-05-20,0.6376321994569135,0.6762841535260433,0.0,0.0,0.42179772365915635,-0.0018293841947292222,0.13078124487518536,0.0,0.0
2021-05-21,0.45196138290915205,0.4257262784365271,-0.9997743563277323,0.0,-0.20001657384906002,0.007953369597335502,0.12958019219378095,0.0,0.15174395371723304
2021-05-24,0.6113288131703654,0.5380489258326364,0.0,0.0,0.8754492396080726,0.008719934722845046,0.11728147212714235,0.0,0.29021762734650275
2021-05-25,0.3628672198169476,0.36785528157657377,1.0000034931569055,-0.008389329677978629,1.1162781072146633,0.0,0.12471094984833636,0.0,0.0
2021-05-26,0.3685397577103756,0.37319449926772247,0.0,0.0,0.40170649104660505,-0.00023420332919688036,0.12073498419017845,0.0,0.0
2021-05-27,0.4423974792635219,0.4032722706844116,0.0,0.0,1.0287779404657416,0.0,0.12703783612655214,0.0,0.1818983379686492
2021-05-28,0.5352067485881414,0.5722931308328527,0.0,0.0,-0.24074804190108434,0.009144713678144178,0.11805515758556394,0.0,0.0
2021-05-31,0.45473264765574184,0.42036379781870997,-1.0246917767292993e-158,0.0,1.504106735041888,0.009516222254024598,0.12652525999478462,0.0,0.17342450324977665
2021-06-01,0.5962509471055791,0.5195769094345839,1.000196107412972,0.0,0.6646725916186424,-0.01465684216764851,0.12572831088232123,0.0,0.29249790957664357
2021-06-02,0.7109749808519391,0.6973497242516808,0.0,0.0,-1.24741365487957,-0.00012125903460225018,0.11372519579271816,0.0,0.13852359179403295
2021-06-03,0.6384567953845138,0.6597039683049616,1.0001952474810634,0.0,-0.04401628943093705,0.033537739246369824,0.13052506408652664,0.0,0.0
2021-06-04,0.6175430795920801,0.5883266913873355,0.0,0.0,0.8948139322198401,-0.002908196748074854,0.12146538664972896,0.0,0.1876996519797015
2021-06-07,0.6631327715131473,0.6661549355205096,0.0,0.0,0.744444583106052,0.0015856616253806521,0.12008171073907019,0.0,0.0
2021-06-08,0.7660980538616733,0.7469203852600396,0.0,0.0,-0.8176805899184902,0.003635433274751243,0.12236356244970098,0.0,0.17034132268371446
2021-06-09,0.5427930254951089,0.42971432717415753,0.0,0.0,0.24866443487252532,-0.01466915675087943,0.12997812183868743,0.0,0.3316170465271577
2021-06-10,0.4852848842785347,0.4619056958698663,0.0026093368917782305,-0.00035613601772640076,1.188330338724497,-0.005721967193839106,0.12218012277921939,0.0,0.14881043993015214
2021-06-11,0.6012393402039797,0.6232729978594268,0.0,0.0,-0.7902975218568864,-0.0038709693296556935,0.12997648747584134,0.0,0.0
2021-06-15,0.8069490936197721,0.7038743044130464,-0.9999842162467903,-0.9999842162467903,-0.5789588302232085,0.0,0.12966906679375775,0.0,0.39462362230462295
2021-06-16,0.8712448008498028,0.8441536002569862,-0.9999999999853122,1.47367472043195,-2.0106089854872278,0.02256987297510893,0.12124801281439342,0.0,0.2155741222433273
2021-06-17,0.7164098858162912,0.7827426196689614,0.0004286326618088207,0.0004286326618088207,1.7560736187489656,0.012949675300810704,0.12951679665471177,0.0,0.0
2021-06-18,0.6673545117380386,0.6520167057329773,0.0,0.0,1.165258646539069,0.009758262196779555,0.12419756418663061,0.0,0.14225420831114974
2021-06-21,0.891518622936424,0.6460838068115394,-1.0000006613454424,-1.0151697701540803,1.8110179733806575,0.0,0.12363133126879715,0.0,0.6143135759678173
2021-06-22,0.47793346640878615,0.4625368025107004,0.0,0.0,0.17348995076378326,0.00880427712699472,0.12448301043958043,0.0,0.12033330643132707
2021-06-23,0.6037746268987059,0.6128760921305868,0.0,0.0,0.6818000934205593,0.015054150927018561,0.13189801182705432,0.0,0.0
2021-06-24,0.5247935196953532,0.5105274773899021,-0.1428316372076415,-0.1428316372076415,-0.9925428581985862,-0.006922591039104642,0.13824869401991632,0.0,0.12153161376423828
2021-06-25,0.5633180956373283,0.5553221764291568,0.0,0.0,0.35756351896187866,0.0,0.12702742944321377,0.0,0.09457566937881276
2021-06-28,0.489740628335733,0.5429596952006297,0.013492109139539228,-1.0549864458411007,0.7992564498735089,0.0005294383490950239,0.11871086428992585,0.0,0.0
2021-06-29,0.6524346179482978,0.6325485006619754,0.006063076462999041,0.005939742384133891,-0.9068245358328286,0.0,0.1286521220236032,0.0,0.15985407410394095
2021-06-30,0.5797321237844559,0.5944293698922974,0.0,0.0,1.0050975087713354,0.029006544465204342,0.1273537922292488,0.0,0.0
2021-07-01,0.9311527946170084,0.9074640938830818,0.0,0.0,-1.8114511152151014,0.055260712565341485,0.1761283925901379,0.0,0.20869701779379102
2021-07-02,0.9886205333107652,0.9608201197358467,0.0,0.0,-0.5421750182769358,-0.012260620136050893,0.12227227492163442,0.0,0.23279874654829005
2021-07-05,0.679900178684475,0.6998019058032439,3.0516646830846227e-05,1.0000000000027593,1.102914566843105,0.0,0.12519987709341998,0.0,0.0
2021-07-06,1.1427823555110013,1.1679549895422707,4.682532336103161e-06,4.652930031274987e-06,-0.4804857296010767,-0.017549215862711076,0.11096136228624713,0.0,0.0
2021-07-07,0.8836050057649788,0.9256726937060975,0.0,0.0,2.262900902157239,-0.0022876293830464967,0.1328427148147092,0.0,0.0
2021-07-08,0.8161054408598968,0.7837759892046384,0.0,0.0,-0.04584475292920276,0.0,0.1255608009800085,0.0,0.22742754746823654
2021-07-09,0.8586896434043804,0.9402240980527741,0.0,0.0,1.1485256102596875,-0.04528384334238078,0.13021147874679745,0.0,0.0
2021-07-12,0.9478563023643118,0.7647650843112217,-4.734145720796873e-73,0.0,1.3657312119818465,0.027892196923362533,0.11686378730076372,0.0,0.5599695846652707
2021-07-13,0.7148876967321278,0.74375213559564,0.0,0.0,0.659630764439445,-0.031265616938891405,0.12163015363622791,0.0,0.0
2021-07-14,0.9626924975151396,0.9686553150395638,0.0,0.0,-0.7845139049909244,-0.007080628901734443,0.12729366377190302,0.0,0.0
2021-07-15,1.0499961580622554,1.0041342389122292,0.0,0.0,0.3253859309916285,-0.002866308711946264,0.11751120214476031,0.0,0.30693054945647746
2021-07-16,0.9516058160382037,0.8343651467433167,0.0,0.0,-0.034752359188572335,0.0004176551517742766,0.12679740979046814,0.0,0.4575898065054981
2021-07-19,1.0065231283680964,1.068082677306583,0.0,0.0,-0.11590837288694145,0.0,0.13395267750514211,0.0,0.0
2021-07-20,0.7402084945499934,0.7141633198607849,6.819019626293029e-38,0.0,1.542553647963829,-0.034336085099651026,0.13724769527893985,0.0,0.19462622631441517
2021-07-21,0.5180454031472784,0.4386435311452111,6.819019626293029e-38,0.0,1.5192218774799926,0.036740556587799844,0.12181567754140629,0.0,0.27561366494875844
2021-07-22,0.7179500832405301,0.6986522496930337,0.0,0.0,0.5513655859196165,0.0,0.1269289285712624,0.0,0.16534012224486494
2021-07-23,0.9399983298861481,0.9024868492502232,-1.0000009287629528,0.0,-0.8424039692219498,-0.0018407488123206583,0.12288404301393857,0.0,0.2628960766522632
2021-07-26,1.8596475135760524,1.756617876316392,6.861086673390461,-3.2664608255523464,-1.104203641840673,-0.008592407563556836,0.10254800933031051,0.0,0.6103953729799096
2021-07-27,1.9653375727253808,2.2247527902864404,-0.9999999999971654,-0.9999999999724156,-2.8183071974983376,0.017291620828574494,0.16769426560000966,0.0,0.0
2021-07-28,3.5952872959251754,3.8817894728202016,-0.9999999999971305,-0.9999999999807172,-1.0533055113802536,0.0056560377654779614,0.10445843830519864,0.0,0.0
2021-07-29,1.1787371641695488,1.1502602344455168,-0.6666512418926405,-0.6666512418926405,2.005799038367817,0.11165964087584968,0.1359580668951723,0.0,0.257531930540301
2021-07-30,1.2457150606159495,1.1373157932410718,-0.01668584579976985,-0.01668584579976985,0.7399753023908939,0.0,0.11790595171778386,0.0,0.5082507242393565
2021-08-02,1.0663555948029393,1.0362739669402206,0.5551878480646731,1.0014987374736102,1.8994276257250364,0.0,0.11314079641975798,0.0,0.25149656063157017
2021-08-03,1.3427349986436676,1.26118604639701,-0.9999998443600259,-0.9999998443600259,-0.8985353842052013,0.0,0.1202107835001756,0.0,0.4608112769411023
2021-08-04,0.9053410464199892,0.8403726998920422,0.19933773743430916,0.19933773743430916,2.5033916127600975,0.0,0.1319267602485702,0.0,0.33677312186247976
2021-08-05,0.9612119959729313,0.9840059544702289,0.0,0.0,-0.08506253896921612,0.0,0.1138865595454584,0.0,0.0
2021-08-06,0.9716112746840188,0.9419502367204745,1.0002055792692384,0.0,0.2588526464781582,0.0,0.12675795894055367,0.0,0.2382398384723803
2021-08-09,0.9937781378632766,0.8637447950810248,-1.0000001158480074,-1.000000003359624,0.6477476898196777,-0.007788883035830807,0.12227433660281097,0.0,0.49146710598517185
2021-08-10,0.9881331427452344,1.0126219584299476,0.9965952642631122,1.000273527481416,0.7827775587569086,0.023491300187306052,0.11987216503502078,0.0,0.0
2021-08-11,0.9238941653588775,0.797581652818791,0.0,0.0,0.9273674943048205,-0.03701241829441315,0.12110466208120935,0.0,0.4663088417251193
2021-08-12,0.9599591680626965,0.9290151088585317,-0.00543137616568479,-0.00543137616568479,0.8427447741154781,-0.022793151400579692,0.1189522107671433,0.0,0.24176958423299433
2021-08-13,0.88970378661537,0.8361986223427604,1.0000000000891947,1.0000000000026148,0.1262978187048347,-0.042094211720433705,0.12154121131823341,0.0,0.30388269432430226
2021-08-16,0.9342781542038784,1.003526219877689,0.0,0.0,-0.7841306783519464,-0.0027188739761152547,0.11271584200232414,0.0,0.0
2021-08-17,1.2872868282620977,1.3334566776648908,0.0,0.0,-2.639377753062633,0.003455347720082713,0.13161844058845576,0.0,0.0
2021-08-18,1.3451969133906059,1.1756930449667977,0.0,0.0,0.6652182066087198,0.04868101579103001,0.11820618415018827,0.0,0.6536823386112803
2021-08-19,0.9491259984508233,0.9795864475549936,-1.0002195566435612,-1.000225192313673,1.1024577822800863,-0.0015093181103820186,0.11897638119506003,0.0,0.0
2021-08-20,1.2343089001959473,1.2146163978832543,-1.1084291313611135e-47,-1.1084291313611135e-47,0.38198424763296046,0.0033661817917529646,0.12995781753647537,0.0,0.21960297606370768
2021-08-23,0.7389862038041919,0.818984277726273,0.0,0.0,2.01367789967839,0.0012264359985802997,0.1197590245395444,0.0,0.0
2021-08-24,0.7936648037786863,0.7500645799625427,0.0,0.0,0.8293161977485752,-0.033601208436317975,0.11828351866137726,0.0,0.25943582374582547
2021-08-25,0.648183434979643,0.7121298258454735,-1.0,0.0,0.8103556748505047,0.0010146497386953612,0.1304261795074628,0.0,0.0
2021-08-26,0.9625589382047631,0.9086134095577043,-1.5557538194652854e-58,0.0,-1.1052497001061146,0.0072407873876079165,0.13625033424943503,0.0,0.31771273422669805
2021-08-27,0.7936492881192345,0.8162039072823037,0.0,0.0,0.5796405985485809,0.011664813254541606,0.12106914446260812,0.0,0.0
2021-08-30,1.030311460334425,1.0645993482857836,0.0,0.0,0.35966124017901,-0.017777240156890972,0.10470074132969914,0.0,0.0
2021-08-31,0.907719575820592,0.9063886149239155,0.0,0.0,0.215911491460119,-0.03110638969915369,0.11380055010695057,0.0,0.049137633889123386
2021-09-01,1.7340790717102688,1.6806129131483187,0.0,0.0,-1.6979755457167456,0.0,0.09697743648910997,0.0,0.42728265013064737
2021-09-02,0.7496545781632438,0.6764270769767314,-0.33333333275433613,-0.3331814910740212,1.5582847165789948,0.010641773000186205,0.11496155013232652,0.0,0.3231538272925543
2021-09-03,1.3050564135178473,1.3094100747541786,-0.005747494564290549,2.067919692439073,-0.8390495549450705,-0.013695900365262581,0.10179335911633908,0.0,0.0
2021-09-06,1.0489311492369908,1.160477051277237,0.004052651230129783,0.0002545327114960316,1.4272738243205962,0.006659022123245428,0.11197555314902898,0.0,0.0
2021-09-07,0.7282622121081112,0.6998634587469962,-0.0001416116505678158,-0.0020259333344752484,1.8600623653869164,-0.009545945746081141,0.11428999504077567,0.0,0.20138765775312797
2021-09-08,0.8102497872387977,0.7894413548507703,0.0007586120459949884,0.012994653267600194,0.13275983385188095,-0.03149651628673311,0.11634988280765082,0.0,0.1824474307078542
2021-09-09,0.8176353345399887,0.8516277684522282,1.0000198482802218,0.9999999786342815,0.15678883762564322,-0.012119673619881421,0.11679104900724713,0.0,0.0
2021-09-10,1.0127786187510066,1.0685401205089062,0.0,0.0,0.42416357950800787,0.022977382245570332,0.11425237460575945,0.0,0.0
2021-09-13,0.7918938270756639,0.8437705710788459,-0.006781376725396288,0.0,0.07898797671679336,0.0,0.11792247141899764,0.0,0.0
2021-09-14,1.0022317944537331,0.8745527660568968,0.9999999979627102,0.9999999979627102,-0.1025296902980033,-0.03623913007420043,0.11234831763662634,0.0,0.48951611740184886
2021-09-15,0.8833290764738753,0.9019773028581124,0.9999999849423018,0.9999999849423018,0.9178317988054907,-0.012238166645928139,0.11304331964242399,0.0,0.0
2021-09-16,1.3417335062448452,1.2967464827614796,0.0038564274607338364,0.0038564274607338364,-2.748913884156723,0.0008377139208537443,0.11096705695227023,0.0,0.34452483397545924
2021-09-17,1.567144591140349,1.6261916867725372,0.0,0.0,-0.1344476955431717,0.0009301653795201759,0.09929826396811474,0.0,0.0
2021-09-22,0.8155093444978434,0.7633448733312911,0.9997649504224029,0.9573827920237625,1.6937806533562139,-0.01061452747944669,0.12021213077364032,0.0,0.28698448620463335
2021-09-23,0.706456547514203,0.7063571239734936,-0.0,0.0,-0.15250311380667902,0.0,0.11179096314562827,0.0,0.011851874855137952
2021-09-24,0.957172232656698,0.9551281719501965,0.0,0.0,-1.3261179856946748,-0.011312930016182943,0.12354948281460609,0.0,0.06252086144707125
2021-09-27,1.7906537588332103,1.8290221125419492,0.0,0.0,-3.297901707507034,0.06990705865104196,0.08847850764235157,0.0,0.0
2021-09-28,0.9518508452375329,1.0099747475247292,-0.5156115726152964,-0.254618312963334,0.5428836865280173,0.0,0.12357245758624716,0.0,0.0
2021-09-29,1.2972706802707779,1.17940367502246,0.0,0.0,-2.84456704338526,0.0,0.12650611601980802,0.0,0.5402945393336144
2021-09-30,0.6298183295876056,0.6212887201563182,0.0,0.0,2.2344134729173293,0.08389040003033976,0.1434943718190676,0.0,0.10330273225353699
2021-10-08,0.8713783369106066,0.9295294708438494,-1.0728305597028507,0.0,-1.0705533506896958,0.06377211365728996,0.10624090949115518,0.0,0.0
2021-10-11,1.0765630018529642,0.950015495734188,-0.48754495542590376,-0.48754495542590376,-0.7630148702884698,0.0,0.1252150118229065,0.0,0.5064172734253745
2021-10-12,1.2727708163733555,1.32489069836009,0.0,0.0,-2.139519009556179,-0.0012218032417576907,0.1126917292052566,0.0,0.0
2021-10-13,0.9661925333186066,1.0229122090718432,0.0,0.0,1.0762819645289579,-0.017482311463812295,0.12380908452943633,0.0,0.0
2021-10-14,0.7380018631150013,0.7439436388344728,-1.000423954066255,-1.0000144450814297,0.9002222490199108,0.0032941626201488106,0.12687576175231247,0.0,0.0
2021-10-15,0.7395482614718993,0.7745003996839659,0.00018971732119138702,0.00018971732119138702,0.46173446393589224,-0.06760563257165453,0.1272854395904987,0.0,0.0
2021-10-18,0.5817594610750214,0.5930242984702421,0.0,0.0,1.158029153306983,0.0,0.1250109702378698,0.0,0.0
2021-10-19,0.5520758073296385,0.5376449665445794,0.0024779326087871543,0.25125125125136405,1.1514302882251526,-0.02482455236497705,0.12451428241738684,0.0,0.12540170249223165
2021-10-20,0.6129596615043926,0.5488510080383631,-0.00021915925930297177,-2.254075746175187,0.7530457008121605,-0.0001392731660221358,0.1181642050214519,0.0,0.27291412130348314
2021-10-21,0.5281950779351539,0.5337285638562334,0.0,0.0,-0.23348064256497603,0.0022218004361862498,0.1232562974484668,0.0,0.0
2021-10-22,0.6678090051434611,0.6932088688597494,-0.3342779817889086,-0.3333417978355405,-0.9072515299302197,-0.003827160222469317,0.11895735352174291,0.0,0.0
2021-10-25,0.7260136299317924,0.7756716784577755,0.0,0.0,1.262980785977219,0.0,0.12234292686386836,0.0,0.0
2021-10-26,0.5966231754549058,0.6425463841622815,-1.0743786609030472,-1.0001868840025887,-0.5375091667844889,0.020080153677559665,0.11393331312173159,0.0,0.0
2021-10-27,0.7567848118289093,0.813247821120432,-0.2840570220990905,-0.2840570220990905,-0.7376521626579535,-0.02539152239010578,0.11506280212971282,0.0,0.0
2021-10-28,1.2271495014937759,1.2494524954489656,1.0000144719894644,0.0,-1.7341958926348044,0.008464620933645861,0.12168262017725666,0.0,0.0
2021-10-29,0.9734286737755224,0.9946790765503792,-0.5786709338944455,-1.0010716829271886,1.4361460481751909,0.05813774192153787,0.12411697424649319,0.0,0.0
2021-11-01,0.7586460154372148,0.7298645649965314,0.0,0.0,1.1090133481041153,-0.008365368940166373,0.10684943460925672,0.0,0.20698186756618706
2021-11-02,1.4467987040099743,1.4382347094916879,0.0,0.0,-1.2534193144835504,0.0,0.09566482173679197,0.0,0.1571859101137943
2021-11-03,1.0214322410978556,1.0583717736852654,0.0,0.0,0.3111953657125799,0.002336284744641759,0.11854481400390199,0.0,0.0
2021-11-04,0.47663747554949304,0.4143334082582196,1.111379306909325e-159,0.0,1.0901284186489946,0.004467313402711781,0.13235014543565027,0.0,0.23560795805600682
2021-11-05,0.7049182947851583,0.6702757328760992,0.9999923720967485,0.9047619047619048,-1.1577072998006588,0.0,0.12284014326311708,0.0,0.2182664523929949
2021-11-08,0.5541237450802863,0.49280906874000746,0.0,0.0,0.6431425764092502,-0.016754086423220738,0.11969488294305397,0.0,0.25336208601408516
2021-11-09,0.49360718421227506,0.484397989577004,0.0,0.0,1.2011849042145473,-0.012009210832286676,0.11744547940543124,0.0,0.09490331922397441
2021-11-10,0.8917825295721239,0.9654870108865654,0.0,0.0,0.3005157486880128,-0.04460482104339247,0.11955050232734189,0.0,0.0
2021-11-11,0.4856709096618931,0.47016772137806306,0.9997793707017,0.9997793707017,0.952897971750799,-0.028029695794729026,0.12499158765279675,0.0,0.1217314514247275
2021-11-12,0.45733214804539507,0.44987477974735357,0.0,0.0,1.3691296866761293,0.005091228533582459,0.13215908003077045,0.0,0.0822519068659521
2021-11-15,0.6588899043807438,0.7006834288363063,0.0,0.0,-0.48440138982726033,0.0,0.11565804035901447,0.0,0.0
2021-11-16,0.5907186034220538,0.5866694945699942,-1.0000000001143452,-1.0000000000024927,-0.9008820315812849,-0.011044496250334213,0.14158653782262368,0.0,0.06904616260075062
2021-11-17,0.4554513969975863,0.49660324885037055,0.0019090550694837074,8.72082853554158e-06,1.5984019058448595,0.0029973712436071054,0.11857024706610737,0.0,0.0
2021-11-18,0.6128852002832861,0.6277356345634142,-0.9999989992845342,-0.9999989992845342,-0.07224002547649988,-0.04739103760841301,0.11849266901861345,0.0,0.0
2021-11-19,0.5278250465744736,0.5353445827426263,0.0,0.0,1.2146595554850093,0.01034981962271253,0.1295791921059785,0.0,0.0
2021-11-22,0.45621132983464247,0.3920077534158561,0.0,0.0,1.5703483052041278,0.01967157984898993,0.11807836335459211,0.0,0.23336387623483265
2021-11-23,0.43398339795408236,0.4401672063579799,0.0,0.0,-0.0734467006160755,-0.03589069887268703,0.11633762146137883,0.0,0.0
2021-11-24,0.6332706527419488,0.6396656698764865,0.0,0.0,0.0037765445068727033,-0.01406369761766113,0.11821182918283457,0.0,0.0
2021-11-25,0.6114700488774537,0.6364074771299668,1.000007082085318,1.000007082085318,-0.14473655813439512,-0.0018582921113785567,0.1277542284971949,0.0,0.0
2021-11-26,0.5629219818460087,0.5771023568917593,0.0,0.0,0.36374705382986594,-0.011180486208461904,0.1188585660548383,0.0,0.0
2021-11-29,0.7580210527801475,0.840978437235334,-1.0002823515832315,0.0,2.0671452261160406,0.005394652172063807,0.11929981810709193,0.0,0.0
2021-11-30,0.7561752860989079,0.7466100289773039,1.0002207521892437,0.0,0.21195170943493213,0.0,0.11297135731181705,0.0,0.11989381942900469
2021-12-01,0.654892743552916,0.6627766240924501,-0.9997793214000645,-0.9997793214000645,0.07838364148124999,-0.017092525938111613,0.1293837125916448,0.0,0.0
2021-12-02,0.7468412978089902,0.7557930076239914,-0.6666673024483316,-0.6666673024483316,-0.9554459821862316,-0.007815325256244066,0.12620073089278264,0.0,0.0
2021-12-03,0.5537241073136833,0.5585641050893927,-1.0000841553884139,0.0,0.6313694090579025,0.0,0.12541581395876403,0.0,0.0
2021-12-06,0.6420151406135537,0.6077348245229983,0.00100397329854485,-2.9127773527154543,-1.3944245813829248,0.001383058885506827,0.12653664081191776,0.0,0.20698266555207362
2021-12-07,1.3372016030877225,1.4210578411859527,0.0,0.0,-1.997391648843072,0.03538263515412421,0.10888486174677958,0.0,0.0
2021-12-08,0.4646595382211112,0.41879197258149986,0.0029550283577491807,-0.8844665241753777,1.4900109374067272,-0.0018395206301424771,0.13102059468868124,0.0,0.20130019910857666
2021-12-09,0.4903964135501314,0.45291823308893114,0.0,0.0,0.09451599989036552,-0.0032658106372873696,0.1241693166011825,0.0,0.18802584013489254
2021-12-10,0.3757744634529589,0.3536295279137152,0.0,0.0,0.6399493681014334,-0.0007862112871737104,0.13340096212160732,0.0,0.12709289661850515
2021-12-13,0.39949671090092825,0.42241101632266204,0.0,0.0,0.2710139301740133,-0.002060656458846566,0.11766599574810233,0.0,0.0
2021-12-14,0.38088106031144936,0.33753347306273584,0.0,0.0,0.1844654014659275,-0.03098398838125016,0.119816937601536,0.0,0.17646964800265602
2021-12-15,0.40602912263147095,0.4120744675137516,0.9999999996678629,0.9999999996678629,-0.33221087581890574,0.0,0.12772599699266793,0.0,0.0
2021-12-16,0.48231678035904485,0.4916747739159995,0.9999999981607599,0.9999999840076738,0.47915250052859015,0.016283185636312147,0.13258162619721306,0.0,0.0
2021-12-17,0.603324920378527,0.631870291428808,0.9999999994796174,1.0000037255731402,-1.276948560723934,-0.015728726569086415,0.12269687591327981,0.0,0.0
2021-12-20,0.9702238997680985,1.0000858046535368,1.0000038457602627,-0.0036318148385597326,-1.54633436463949,0.00045213991088921546,0.11345947642189555,0.0,0.0
2021-12-21,0.6726330577600348,0.6450813298081332,1.0,0.99411812196048,1.2616721203981163,0.018241705527333174,0.12667172163818854,0.0,0.1905395190625421
2021-12-22,0.5563312267033783,0.5095239259490753,0.9999999984874002,0.9999999818814905,0.788257633465439,0.006177955283881431,0.11640332076375469,0.0,0.2233602531578234
2021-12-23,0.5241754693599557,0.48041821925638545,0.0,0.0,0.01911325371315442,-0.012061115096040353,0.12194636892467306,0.0,0.209662245731685
2021-12-24,0.9997352327672203,1.061975078802031,0.9500840161134845,1.0002716114323715,-2.051758661707148,-0.010988141320811273,0.11365564479966281,0.0,0.0
2021-12-27,0.7238173314494035,0.6524255142596477,1.0000425021832173,-0.011180331484960757,0.10360715240775864,0.0,0.12068325148174135,0.0,0.3134525125909346
2021-12-28,0.5746534637078782,0.6113495948049887,-0.33333300908558927,-0.33333300908558927,0.8786395389190904,0.013009964965982057,0.126978508897643,0.0,0.0
2021-12-29,0.5984967345612185,0.528334379223169,-1.0000001008137178,-1.0000000025240234,-0.03483764133338507,-0.009877918445821976,0.12146927780013379,0.0,0.281178101941297
2021-12-30,0.5174483638882589,0.5090035099174662,0.0,0.0,0.8012158330920283,-0.02079567148881578,0.1296717737051131,0.0,0.09310336289488079
2021-12-31,0.46768958617449924,0.33632294866022855,0.0,0.0,0.7918408160220824,0.005639903416465586,0.12687507489589164,0.0,0.3249929587245909
2022-01-04,0.6268969321491707,0.6058816569241474,0.8701694116243389,0.8701686310120396,-0.8080761893875077,0.037374322346472866,0.11116487218536103,0.0,0.1609570791884958
2022-01-05,0.9519880911693016,1.0115003022050497,1.0287268724128265,1.0289601246519733,-2.3294548580606977,-0.01841069231167669,0.10496531490744447,0.0,0.0
2022-01-06,0.8351398360499946,0.8161364776468502,-0.4239270006596291,-0.42392543862498844,1.2937892789418592,0.005927274740824551,0.11803927501460092,0.0,0.17714343231349103
2022-01-07,0.8338171220768098,0.8419781602170822,0.0,-0.0012578616352202107,-2.0197530502064964,-0.00084426567040774,0.13359569399287244,0.0,0.0
2022-01-10,0.9244095249487212,0.9091340426838053,-0.005254949823704909,0.0,0.8494082379226997,0.0,0.11355694103851217,0.0,0.16735669167774977
2022-01-11,0.6890092818903137,0.6795186927958484,1.0,1.0,-1.138197499002458,0.0025017660399528907,0.13034358986783734,0.0,0.11396550650099001
2022-01-12,0.4761307814925936,0.49211822197180133,-1.0,0.47072668431891734,1.1105280075894175,0.029041146824981823,0.12744194398664957,0.0,0.0
2022-01-13,0.7634841258739781,0.7485734558257775,0.0,0.00027240533914459303,-1.7308525594117774,-0.02406920952187086,0.12554165496957764,0.0,0.15015256139874913
2022-01-14,0.8004328981406832,0.7844253945374946,-1.0,0.12420844053027638,0.8412619203395533,0.0006372112252295281,0.1273665115384006,0.0,0.1592784506158609
2022-01-17,0.5617900081296463,0.5528854208980737,-0.8412030791207047,4.445679355376494,1.5658212302823271,0.0,0.11997218857270714,0.0,0.09962793078583906
2022-01-18,0.5502454430300154,0.5435200464771042,0.0,-0.5077617783290373,-0.6203124956769779,-0.025062140239162645,0.10625607590847418,0.0,0.08576716535379077
2022-01-19,0.7161565946569535,0.693273574158978,-0.96902662997779,-0.9784683679507724,-0.7924184404237478,-0.022609528563444226,0.11076544303231241,0.0,0.1795884724682517
2022-01-20,0.9538152294279431,0.9876424322966385,0.0007243752263672429,-0.0309278350515476,-2.2556011874952264,0.018178212952491002,0.1272314114316668,0.0,0.0
2022-01-21,1.171996964371067,1.2552681404110608,-0.19749308258416617,0.0655753195901933,-1.1436069583180553,-0.00716143844868844,0.1371287460563461,0.0,0.0
2022-01-24,0.713894413720739,0.5757470882881094,0.996962579193993,0.9979540006399722,1.074950470851066,0.0006179909329828703,0.11626345856678526,0.0,0.4220906588275103
2022-01-25,1.3237024097667167,1.3118444538750402,-1.0,0.5724633365592199,-3.603212998160865,0.012568316993410988,0.15022166469698572,0.0,0.1767829133697887
2022-01-26,1.502309101089778,1.5169443656811117,1.0,-0.012345679012345689,0.10608745582110224,0.06792001522428759,0.11140525809798993,0.0,0.0
2022-01-27,1.282513474236426,1.2320024868835802,0.9999783554468518,3.8958509187715085,-3.04287753955228,0.0,0.15994927579540363,0.0,0.356385583196994
2022-01-28,1.8086155101671428,1.5724422989606728,-0.0005608524956957155,-1.0023502506538364,-0.3821815546819596,0.04279547417886942,0.14463869300084747,0.0,0.8935968218701477
2022-02-07,0.6032764446267684,0.5907997994195745,0.0,-1.0000862143288214,-0.28231562897204077,0.014141433771053258,0.11451901885663324,0.0,0.12205763248279457
2022-02-08,1.2925598955714857,1.3705556301306576,0.9999901186747167,1.0720757701664982,0.3806874606389288,-0.06349310426492227,0.13783679376557376,0.0,0.0
2022-02-09,1.0577384099809146,0.9832281137991558,1.0002128112364332,0.9913392816497475,1.87959112482321,-0.0711562506022112,0.12482556406207086,0.0,0.38996540895816373
2022-02-10,0.9841593469060689,1.0352068327754953,0.0015072852117990257,-0.29334338467253535,-0.45865539240670383,0.0015620301814456283,0.12015199465293701,0.0,0.0
2022-02-11,0.8765440267504865,0.9250396934040247,-0.9999765263726204,-1.000198161279333,-1.4994994489233027,0.0,0.1259123261190106,0.0,0.0
2022-02-14,1.0639837282655813,1.1849468439444402,0.0,-0.039550257076671,0.20655831296876315,0.0,0.12462340018461963,0.0,0.0
2022-02-15,0.9680633600911134,1.0567106586061343,0.9800400146059446,0.9893082369299635,1.4506757569918705,0.04038812312547879,0.12168519225799762,0.0,0.0
2022-02-16,0.6397301024080113,0.6326894484421313,1.1051524710830705,0.009009009009008995,0.26532441063722434,-0.001835507998537711,0.12062406420729327,0.0,0.09465022850979504
2022-02-17,1.0014612377216963,0.9397013347263099,0.24605672859427818,-0.4515390892817878,0.7097403884742892,0.0,0.1248385135434047,0.0,0.34624559516716397
2022-02-18,0.7744245082508965,0.860460043294551,-1.0,-1.0204602275626307,1.0842756020440047,-0.00809384568060123,0.135015329127699,0.0,0.0
2022-02-21,0.6013214834740392,0.5232528727139184,1.0,0.13061439551562531,0.9656168479227789,0.0,0.12867755611707285,0.0,0.2963004517108457
2022-02-22,1.111796525990314,1.122001190426388,0.0,0.0009661835748792065,-0.4298067757848023,0.0,0.11324509413931969,0.0,0.0
2022-02-23,0.5218023529301837,0.47700964747436747,-0.3758652153996453,-0.3758652155130661,2.203866264925969,-0.013159224837444583,0.12352665660703976,0.0,0.21151711925954292
2022-02-24,1.9680179999937832,1.6997732741723015,0.9963073914732462,0.9963368736760113,-1.7322789527119853,-0.012476961420893051,0.09865208466811175,0.0,0.991900027577933
2022-02-25,0.9420997390969196,0.8970555340995151,-1.0,0.019184652278177474,0.1987027200621272,0.006864162911845995,0.11248989765169047,0.0,0.2878250981897125
2022-02-28,1.1344568244934017,0.837104754877193,1.0,-0.22492513263985137,0.66419398829205,0.005999648731558338,0.11183402050804743,0.0,0.7656682806553027
2022-03-01,0.6088030571133217,0.5098474810367699,0.6031737749602315,-4.79211164484502e-07,-0.045734857886003955,-0.012148653403631915,0.11818597399142443,0.0,0.3327111486424628
2022-03-02,0.8359373031890603,0.8343534447049562,0.0,0.0017825311942959415,0.18096409340266906,-0.00041616298672719765,0.11842867263502416,0.0,0.051434464826346
2022-03-03,0.6813249350901835,0.6633568061100567,-0.999950741342791,-2.0941420620696163,-1.3343156794340394,0.013060177354184965,0.11410937015954249,0.0,0.15543942538206815
2022-03-04,0.9834336622131263,0.9636900164764065,-0.01734104046242776,0.0,-0.7293570457092224,-0.07161922124995224,0.12117790183656714,0.0,0.1960696817910022
2022-03-07,1.0339630050014734,0.934250557443299,-0.9998360924438616,1.0009776677323974,-2.0064002229570166,0.0,0.1254654359255727,0.0,0.4430072139689849
2022-03-08,2.4249266643770655,2.390738399276808,-1.0,-2.533755625937656,-3.090282873233785,0.011555096674276122,0.11744436003661655,0.0,0.4057576047719227
2022-03-09,2.980887871572405,3.078832813271823,1.0002857959416975,1.0001498977004126,-1.4216980292823145,0.06594810160911457,0.12150175069997236,0.0,0.0
2022-03-10,1.0231241728845684,1.0261721324178186,0.21239553440278558,1.1215137821225716,0.022514890542968402,0.06304400901968599,0.10852612107313489,0.0,0.0
2022-03-11,1.790616503460078,1.7804125587773538,0.0,0.0021598272138228483,2.0952431497079926,-0.13947609362516822,0.12606545010509848,0.0,0.19088892846750194
2022-03-14,1.6034006393137086,1.7051318264353719,-0.31894561042813474,-0.251892794426692,-1.983640165211742,0.0,0.13967717084997677,0.0,0.0
2022-03-15,2.3241997049504226,2.1430272114887075,0.0,0.3488402139553312,-3.9861392562431375,-0.04983991336808824,0.16962603566588208,0.0,0.8996325023644747
2022-03-16,3.0146179936990785,3.1271104286731437,101.0000000000199,0.0,1.4421022849808063,0.16694239646248832,0.10230139392299868,0.0,0.0
2022-03-17,1.4308852625182122,1.3820678296766842,0.0,-0.00018165304268849344,0.5892943451780264,0.01269597540087819,0.10024347902666043,0.0,0.37056868278983435
2022-03-18,1.0683986996682244,0.94162345653629,-1.0,0.026097189667295302,1.3761190402091783,-0.09335538587479375,0.13650263540036098,0.0,0.5047980264951542
2022-03-21,1.3249248394073034,1.2419931500894332,0.0,-0.5297233666862861,0.9929391115913511,0.0,0.11211240319639633,0.0,0.46138795520624015
2022-03-22,1.0162806618549223,0.9544007495775865,-1.0,0.0,-0.1798550856423886,-0.043996442008065184,0.11555218545464732,0.0,0.34920709166055036
2022-03-23,0.8147329950929316,0.7611080842256636,0.0,0.0,0.4098846716818594,0.0,0.11464259542515276,0.0,0.2906962975674771
2022-03-24,1.0799117753758518,1.0099933072333023,-1.1389167054681535,0.0,-0.44908516117623254,-0.03156129827129872,0.12281006274009773,0.0,0.3822603326783469
2022-03-25,1.0036736281390821,0.9197103954629485,-0.21721688420970237,-0.21721688420970237,-1.2530892740751476,-0.00468531975085229,0.12611511118042612,0.0,0.40186258882764325
2022-03-28,1.353945044651551,1.435647913396223,0.0690396491480108,-0.0022189891910672954,-0.06112186624722682,-0.015564543152679633,0.11205777185190072,0.0,0.0
2022-03-29,1.1378680262886085,1.116416125036615,0.0,0.0,-0.8780071838157322,-0.0018569341309948584,0.1279446281633775,0.0,0.21990607314979474
2022-03-30,0.8624561938337905,0.8253890623012338,0.0,0.0,1.6999069393254462,0.0,0.12494885981360913,0.0,0.2501271319064744
2022-03-31,0.694139685819735,0.7034966093885586,1.2455120036352771,1.2453997157075074,-1.0583021782728408,-0.026767612964451182,0.11277701670953524,0.0,0.0
2022-04-01,0.6663694297353804,0.6472626333810326,0.0,0.0,0.7789014115525239,-0.04459890988870452,0.1257075821681975,0.0,0.15842758697432407
2022-04-06,0.6937708454034383,0.6231515626862357,-0.34171191379635646,-0.34171191379635646,-0.04925216340777583,-0.031284808393072794,0.11178524226547246,0.0,0.30495920358878137
2022-04-07,1.0822162348765845,1.0226284960901404,0.0,0.0,-1.5935941267193443,-0.08145971945726638,0.12626969141657693,0.0,0.35415101018473516
2022-04-08,1.3635186436837452,1.3721269917777035,0.00015036832518721467,0.0031633235889986216,-0.964236932262974,0.05438919737799086,0.11067052008072277,0.0,0.0
2022-04-11,1.198348589889657,1.1657534334037667,-0.25839800402870916,-0.25839800402870916,-3.2616745353902354,-0.04380764116564961,0.12766888134903956,0.0,0.2775937236283617
2022-04-12,1.7321326703012636,1.6986495183809742,0.32874892716314796,0.32874892716314796,1.5692984313919522,0.017362408338184032,0.1304605324290405,0.0,0.3389297880521424
2022-04-13,1.1639481143758554,0.9539349843533153,0.0,0.0,-1.4007777169883218,-0.09753387560500482,0.14174554655172744,0.0,0.6669207288620962
2022-04-14,1.1706688679757182,1.1275734171672793,0.0,-0.9205128523874221,0.7368063222151555,0.0014572871588791614,0.1212758576978634,0.0,0.31471222941801025
2022-04-15,1.2744876324730077,1.3031435575541208,0.0,0.0,-0.7539638211177202,-0.08671775181924302,0.1202920499808271,0.0,0.0
2022-04-18,1.289819417149646,1.166859452699086,0.0008033888401986519,0.0008033888401986519,1.5441733173480632,-0.05768581878735635,0.11724710498885109,0.0,0.54961181437724
2022-04-19,0.8406753493121765,0.8138679578689704,-0.9999919563219187,-0.8688611987865323,0.3168687662844505,0.02092208128032791,0.11855118846953601,0.0,0.21060387008633483
2022-04-20,1.079452847889951,1.1326721477953205,0.9999999999712568,0.9999999999891576,-1.7876138979069034,-0.0011862378451077404,0.12273010796001556,0.0,0.0
2022-04-21,1.8593209577062202,1.835461186993449,0.0,0.0,-3.60945926076478,-0.013082129168640044,0.1280710813770786,0.0,0.2969118637006194
2022-04-22,1.899693806066561,1.96905724732629,0.00031201248049921336,0.00031201248049921336,-0.7705789138804597,0.002878368630265804,0.12456016712932912,0.0,0.0
2022-04-25,2.4237964761793975,2.2695757743020413,0.0,0.0,-5.9615309536062755,-0.004108251616397052,0.11977968685140661,0.0,0.8507732733466385
2022-04-26,2.1891193707628736,2.261511468178552,-0.01744186046511625,-0.02040816326530568,-3.2362184661375526,0.1855130202043087,0.14081970232976534,0.0,0.0
2022-04-27,3.093321734097345,2.5731448201681353,1.0025062656641603,0.0,6.710764349020826,-0.004406351331776026,0.10894256491481438,0.0,1.7168474262673725
2022-04-28,1.8537516596605321,1.895175463320663,-1.0003677568180092,1.000000000001266,-0.05506160142865202,-0.08341326271240623,0.12024302214723462,0.0,0.0
2022-04-29,1.9715709464633568,1.7895401070251211,0.0,0.0,3.5477119340899366,0.06951354665793996,0.1294313546253363,0.0,0.82742866900231
2022-05-05,1.2280245850132028,1.1821690331487484,0.0,0.0,2.040082054732517,-0.05159890199576411,0.11169570533021546,0.0,0.3324466249806158
2022-05-06,1.4372865437692337,1.46219990067204,0.0,0.0,1.310173111345625,0.0,0.10736632302288007,0.0,0.0
2022-05-09,1.1666500862080829,1.2724789108019932,0.0,0.0,1.5808545933078788,0.0015600267239346266,0.11015258934356761,0.0,0.0
2022-05-10,1.345918401145827,1.529768287228985,1.0,0.000642673521850886,3.3178498949245183,-0.039464773736719305,0.11169571764665821,0.0,0.0
2022-05-11,1.280388984200645,1.1174430111020706,-0.3135691782755478,-0.3135691782755478,0.7255156180864697,0.0,0.12942758955041178,0.0,0.6250736499017516
2022-05-12,1.3229268915345909,1.3187451695017764,-0.0,-0.0067289877186269605,1.0611536122751675,0.0,0.12058288167870261,0.0,0.1051034645532969
2022-05-13,1.068660540141675,1.0696679910956433,-0.9999999938133549,-0.999999999992199,0.17199940210272935,0.0370176651784071,0.1300563021645125,0.0,0.0
2022-05-16,1.0791989678350107,1.14306516032986,0.06424498502233739,-0.12118241568573128,-0.49966072228244673,0.039842948613832974,0.10921680374563564,0.0,0.0
2022-05-17,1.3142105413425116,1.4228981130894713,-0.6763754045307443,0.0,0.6644807094673633,-0.020189834449602095,0.11121394929230133,0.0,0.0
2022-05-18,1.0454877812287071,0.9885620690232795,-0.04403669724770646,0.0,0.08144944272869825,-0.025494833924355476,0.1387216005800968,0.0,0.3402789097004657
2022-05-19,1.006319627073686,0.9003324230074813,2.0,0.0002801905295601447,2.517376005817762,-0.07126627454219214,0.1260170455166652,0.0,0.44953389184265113
2022-05-20,0.8618223878284896,0.8915116518390581,-0.4285148012021198,-0.4285148012021198,0.9475521016017119,0.011871537105667684,0.1342099440310082,0.0,0.0
2022-05-23,0.8389009084221349,0.8816082955326915,0.0,0.0,0.9523419091041818,-0.015485475381493696,0.1273670707208919,0.0,0.0
2022-05-24,1.3902898581587178,1.4165073138235602,0.0,0.0,-4.117793347281684,-0.016688510535078915,0.1560734343215269,0.0,0.0
2022-05-25,1.4434954165973817,1.4453596909297153,1.0000018273313724,0.9999999999128549,1.7066447212522817,0.07388233478309303,0.12577548410132552,0.0,0.0
2022-05-26,1.5328163254376626,1.2886193603177751,0.9999999708538272,0.9999997657833342,0.5204574671592965,-0.005694721661286817,0.1139272249467973,0.0,0.8300518247329056
2022-05-27,0.9995795715741944,1.0687868800831464,0.9996661877796101,0.5475764264407623,-0.7104817291656129,0.03467009026809631,0.107732901057024,0.0,0.0
2022-05-30,1.0101745984613295,0.9869147654880048,-1.0009099181073704,0.0,0.7938146839038929,0.019941796336220285,0.12259986359405162,0.0,0.21552717934929844
2022-05-31,1.0567703385481495,1.0277644172001315,-1.0744601638123603,0.0,1.1361926745449447,-0.018912458664521736,0.13533515892057635,0.0,0.24589398360359427
2022-06-01,1.1749657232772932,0.9935453261409107,0.0,0.0,0.6963437297235808,-0.04970790977174566,0.12124417998858522,0.0,0.6272257454697503
2022-06-02,0.9330062858767431,0.996103621542779,0.999999999971469,0.999999999719934,1.4909205648724777,-0.020069106518594282,0.13686076207239248,0.0,0.0
2022-06-06,1.0030086057775995,1.0638763780221259,1.0153784318938506,0.9166099153337123,2.414781907352581,-0.004732116028027811,0.12256903251964935,0.0,0.0
2022-06-07,1.1805535856358669,1.1056505346337893,0.9999999849770514,0.9999998947884512,-0.19294647506339357,-0.038943530399038195,0.11348985042137882,0.0,0.41381597820978117
2022-06-08,1.3512310262251788,1.3949493799335688,0.0,0.0,0.2028150794278316,0.009093368561297055,0.11178820111612627,0.0,0.0
2022-06-09,1.1217082533133131,1.0582048233879906,-0.6855206998156629,-0.6858814837166642,-1.505266098109237,-0.03571493531907555,0.11399307389536288,0.0,0.37206445316583975
2022-06-10,0.9541943712098284,0.9332221788417875,0.0,0.0,2.8548155220591287,-0.04680146601575563,0.14216354165937548,0.0,0.19895542959745194
2022-06-13,1.1653450195995327,1.1162807311110243,-0.0003512504090177703,-0.003915395979462507,1.4650880129509547,-0.06478659798673236,0.10746513240031169,0.0,0.33458383711062956
2022-06-14,1.6441822191048354,1.7656101977168286,0.003934730961179672,-0.699202887652294,0.9470365770920974,-0.06649043344313377,0.14366057600028143,0.0,0.0
2022-06-15,1.226612982183658,1.2247802082576391,-1.0000108343535683,0.0,-0.26600431968292204,0.006828007819525972,0.12568658553887938,0.0,0.06702872161887782
2022-06-16,1.1986464348586616,1.2629570041572618,0.0,0.0,0.6330020401257297,0.051700443477842306,0.11131687734680354,0.0,0.0
2022-06-17,1.2932118868537144,1.258320776188847,0.9999999711623613,0.9999999711623613,1.874820452769388,-0.0372534450793327,0.1248067352217342,0.0,0.2983719298312789
2022-06-20,1.3479553822793084,1.3369355596232864,-0.009363164589095165,-0.009363192634177599,0.8893042519359629,0.015391889786831037,0.1183993917589674,0.0,0.1720087847481249
2022-06-21,1.2980970571264303,1.1889219646303222,-0.011235955056179785,-0.011235955056179785,-1.0057030537635847,-0.025076889492237076,0.10608041257388556,0.0,0.5210763204559136
2022-06-22,1.1633762480589829,1.1701363753778438,0.0,0.0,-1.342710108527101,0.01505190570352255,0.14082640937461824,0.0,0.0
2022-06-23,1.0823121477800972,1.1444659545799452,-0.9998287377975681,-0.9998287377975681,2.2412771170622348,0.01709079095419952,0.1359386338251871,0.0,0.0
2022-06-24,0.9006198621612221,0.7595441326665895,-0.043580860205482026,-0.043580860205482026,0.9636243939003641,0.00201591812063473,0.1210641877026226,0.0,0.48395128541110116
2022-06-27,0.8343487386566998,0.8068737193374056,1.0000169828303584,0.0,0.45516386868977854,0.044050529968986396,0.11576345814577481,0.0,0.2123502266084207
2022-06-28,0.8763930918646918,0.9224884966793676,0.0,0.0,1.1261520527100277,-0.005327614665084912,0.13730958498744814,0.0,0.0
2022-06-29,1.4893923940349216,1.5457258603235422,1.000061143543307,0.2120786460791968,-2.2402532004239584,-0.03761651699855095,0.13493663321454627,0.0,0.0
2022-06-30,1.061562830791161,1.1096330595693171,-1.0002544982696409,-1.0002554162810307,1.2392057438500803,0.0023604365820606432,0.12783825969148147,0.0,0.0
2022-07-01,0.8750187238907366,0.8845596067515755,0.008440594697874892,0.008440594697874892,-0.09659256366236768,0.022666760194800517,0.1233699846048618,0.0,0.0
2022-07-04,0.9842579274554114,0.9129998516442311,0.0,0.0,1.3146814559901188,-0.007951263479244464,0.11959992039659359,0.0,0.3676886436326717
2022-07-05,1.2632443184190778,1.3762966290575869,0.5252327015812494,0.5252327015812494,-0.6612365162244283,0.013198432466210441,0.10604071744571292,0.0,0.0
2022-07-06,1.1365677948295603,1.1633749675087335,-0.0008203445447087603,-0.0008203445447087603,-0.8351447179997473,-0.02717390064671532,0.10804573913466878,0.0,0.0
2022-07-07,0.9136139364302602,0.9631455878477708,-0.8703703703703703,-0.8703703703703703,1.2338238992341877,0.007323667080005869,0.12388167405784388,0.0,0.0
2022-07-08,1.0722746772859821,1.0341644068861757,0.13798339554349714,0.13798339554349714,-0.9777898426740372,0.04076817076608119,0.11986492547065737,0.0,0.28333189562511557
2022-07-11,1.180624054560671,1.143691928785828,0.9977303659507902,0.9977303659507902,-1.1459957446071312,-0.03647312402083047,0.11251158147840741,0.0,0.2929879353103651
2022-07-12,1.338338540842674,1.1121219985774278,0.0,0.0,-1.617762601088213,-0.007886436132287233,0.12656293279415787,0.0,0.7445365741083816
2022-07-13,1.2896796296085333,1.1514171149701644,0.0,0.0,0.7654048952576931,0.03499979109555795,0.13360914256625228,0.0,0.58095797987547
2022-07-14,0.8304123937889724,0.8082952862576941,0.0019267822736030989,0.0019267822736030989,1.4750171375097265,-0.041318507700138785,0.12133677256264903,0.0,0.1903771886858395
2022-07-15,1.290629676785782,1.2927707896825442,-0.9999968924894578,-0.9999968924894578,-0.5108172597061311,-0.026251812078237347,0.13531796477494193,0.0,0.0
2022-07-18,1.05009417766497,1.0103766483741907,-0.0,0.0018453046711118168,1.1384337360279329,0.10712695645049841,0.12382076820916217,0.0,0.28607133793165357
2022-07-19,0.930305469215425,0.905256526317729,0.9999999715010947,0.9999999715010947,0.7860604351090705,-0.03172837920031313,0.11864575824713638,0.0,0.21442688173662106
2022-07-20,0.6030593735690567,0.5931939983482342,1.0000018526628036,1.000000034052211,1.1532021447237195,0.0036051715175178245,0.13293253774207928,0.0,0.10863465548865274
2022-07-21,0.9351893394359879,0.9471321561500671,-0.015298317185109675,-0.015298317185109675,-0.2834622413702026,-0.040328137996781255,0.1504415830473664,0.0,0.0
2022-07-22,1.1616160610227861,1.0988067104913455,-0.6484045382024464,-0.6484045382024464,-0.7047024186796591,0.041793035314063864,0.1219382436544698,0.0,0.37679661119134505
2022-07-25,1.0945818178902624,1.0063670131282574,-0.9999919094505708,-0.9999919094505708,-1.259685192874882,-0.0027778743205475465,0.11423361496379646,0.0,0.43050527400167987
2022-07-26,0.9547359332573345,0.7180550426439533,0.008781558726673994,-0.1596638655462169,1.093291793233142,0.03208719381935232,0.13263564424961247,0.0,0.6292198804760891
2022-07-27,0.7524775827349934,0.7480263946355387,-0.3253134435058812,-0.3363424052876097,1.1653554424158052,-0.008143085308021103,0.13431412613093774,0.0,0.08172530481592769
2022-07-28,0.824386919580523,0.857125093074934,0.0,-0.33444816053511706,0.12434819629021376,0.04204772991009964,0.1265289587858507,0.0,0.0
2022-07-29,0.8044867617175466,0.7571418951854699,0.9993337774816788,1.0140245729697333,-0.46950162915488924,-0.01841499015712289,0.134022889842616,0.0,0.2719100960496677
2022-08-01,1.0633014768789566,1.1636202177157278,0.0,0.0,1.135798640832153,-0.012633944492246307,0.12356905161793441,0.0,0.0
2022-08-02,2.23886901704211,1.8504054091669677,0.0,0.38981389708691633,-1.9184742771437668,-0.05780211721509998,0.10615971442661476,0.0,1.2603706983251917
2022-08-03,1.336309064670938,1.435782572232479,-0.9782419495213229,4.25936599423631,-0.8982525009052722,0.15887394154656675,0.1553402423907573,0.0,0.0
2022-08-04,1.3525517469282065,1.4664217618364732,-0.9539195322717132,0.0,0.010266398603264726,0.08073214787174265,0.12405063961294725,0.0,0.0
2022-08-05,1.1116782376932508,1.2461963934044686,0.0,0.0,1.5923163797315176,0.04282177798768938,0.14120422423521517,0.0,0.0
2022-08-08,0.7190076783446849,0.6871303273177274,-0.23712537482104593,-0.23649372638488184,1.3673859106706487,-0.0456361971371777,0.12807977564997586,0.0,0.21171668521599027
2022-08-09,0.5654698158674183,0.5516805675867421,0.0,0.0,0.581118142114434,-0.04470662660729374,0.14382226201264872,0.0,0.12411552684616867
2022-08-10,0.7608361989990369,0.799300093429124,0.0,0.0,0.40923576573657083,-0.006966272535369189,0.12296090974737199,0.0,0.0
2022-08-11,0.6196089999343073,0.5984486932336843,-1.194544306901235,-1.999879156292189,0.6815037440560223,0.04665044025446985,0.14124163293621855,0.0,0.16054430655270213
2022-08-12,0.7168518430236177,0.6781651378839733,-0.05769694443114005,-0.05769695030797263,-0.7778826984070508,-0.02941688618184335,0.13242546510273343,0.0,0.2323114517305787
2022-08-15,0.6198641939478595,0.6085725272798451,-0.9950541904133429,-0.9950539379911462,0.9092877942031841,-0.003082532358655854,0.126408810664215,0.0,0.11777562557189741
2022-08-16,0.7250950923317822,0.7375828702998181,-0.27717039797736703,-0.27717039797736703,0.43650806601187586,0.034915170428928555,0.12321172273307471,0.0,0.0
2022-08-17,0.7736568278980024,0.7699944898991046,0.0,0.0,-0.025830198400755844,0.0011622701252766987,0.12490620536558669,0.0,0.07518891459661524
2022-08-18,0.6720664584940449,0.6756321113811493,0.0,0.0,0.5109909429137804,-0.01840908488818238,0.12865800092459947,0.0,0.0
2022-08-19,0.8992711923462539,0.8825691741684536,-1.64524e-319,0.0,-1.6208986956537497,0.0022465693037210244,0.12992996953734498,0.0,0.17251182623654227
2022-08-22,0.8636883451335857,0.831415902284261,-2.0,0.0,1.0390310291713556,-0.01186502568557568,0.11803844925912978,0.0,0.2338913314948634
2022-08-23,0.6032190168232833,0.5801955456166762,0.0,0.0,0.4220407687852923,-0.0009250371602376184,0.12207134757062348,0.0,0.16506456646965734
2022-08-24,1.351639103687283,1.3176451050928,1.0007537570075802,0.0,-3.749495445814377,0.014778694283834604,0.11601862012080898,0.0,0.3012302170127459
2022-08-25,1.5815190833154011,1.5800025951449033,0.0,0.0,-0.7395500885085671,0.045935537190811004,0.12571741214040372,0.0,0.06924167983344608
2022-08-26,0.8292675462366977,0.8263564878916728,0.00026828838027323157,0.004178174023771874,-0.7769335016367007,0.03101246836312299,0.13102026445460618,0.0,0.06942346981225624
2022-08-29,0.9501345585800546,0.8054435686742795,-0.1012834969039694,-0.1012834969039694,2.0851346034872487,-0.09918326787493603,0.1246647323039172,0.0,0.5040003344139331
2022-08-30,1.0917291917209964,1.0784393734567275,-0.29396338017200896,-0.29396338017200896,-0.5985227670445403,0.00011113133162599098,0.1184022826313912,0.0,0.16982681129327365
2022-08-31,1.60009720368626,1.6440993276981322,-6.322531306758436,-1.6974484893776023,-2.9060641449030977,-0.024632940641799994,0.1326040149824653,0.0,0.0
2022-09-01,1.0757376699882284,1.0902956319182175,-0.0050296122134764676,1.0000004899858586,-0.6494826802326048,0.05928069237646216,0.1433303116371463,0.0,0.0
2022-09-02,1.1009062157910274,0.9432657402812437,-0.9999999999891662,-1.000000000303769,0.5961838173342837,0.07414650558019709,0.1251681426491856,0.0,0.5676656050695671
2022-09-05,1.022194082864291,0.9570739802593877,7.67927888852824e-05,0.0032368548182316733,0.2679218211384171,-0.018406621081112906,0.12503948789482908,0.0,0.3590127286785557
2022-09-06,0.9420368150138982,0.8678637278178358,0.0,-0.00017364125716272898,1.585504851586994,0.04072626159765669,0.13791418352209994,0.0,0.36639583892241323
2022-09-07,0.6532799790824135,0.5758912841730018,0.0,0.0,1.040805149373747,-0.04241800251006955,0.13550784266448654,0.0,0.3084217240783948
2022-09-08,0.8071219108591302,0.7884918697026119,0.0,-0.9988004798080767,-0.9741905596901912,-0.008764547641670895,0.1338996591682303,0.0,0.1724133127161968
2022-09-09,0.7992315151884842,0.8571490110734808,-0.03325717187103332,0.0,0.05782548253450148,0.01260582181403791,0.12981752375901304,0.0,0.0
2022-09-13,0.6570732142050971,0.6830772832064073,-0.34172349979283123,-0.41685684442069243,-0.4922436635681038,0.0380645310590344,0.12094580933500786,0.0,0.0
2022-09-14,0.8000730520743858,0.7202191735333121,-0.9999999949928211,-1.000000125859823,0.5036160466249218,-0.08221673310122579,0.11827378572068485,0.0,0.3484267939332676
2022-09-15,1.4619511909344727,1.419877502239545,-0.7432210114773453,-0.7317023597401101,-3.549601288280624,0.051636851301761766,0.1130805935164925,0.0,0.34820850550886007
2022-09-16,1.3352667957299398,1.2344822259742148,0.13973938077726122,0.2037029740097279,-1.774891598408146,-0.013825771009867704,0.14926095945577605,0.0,0.5089116323416556
2022-09-19,1.2648915478593235,1.18451048160221,0.0,0.000257135510413937,-1.0787006883853034,0.01846516937085152,0.11269569896965223,0.0,0.4437178684935458
2022-09-20,0.9885527277990933,1.0841804393199277,-0.9999746328099236,-0.28362530055449237,0.5477523355821967,0.08885134248199922,0.125354278764777,0.0,0.0
2022-09-21,1.3281512404508258,1.0967189405285989,-1.018214936247723,-1.0170299727520435,0.38251477425907954,-0.0826713212465302,0.13414153753310057,0.0,0.74912834881407
2022-09-22,1.0783184801662458,1.072054055839772,0.9547920433996383,-1.014443909484834,0.8069685665268889,-0.04570005193462734,0.13087380597707993,0.0,0.11606397384863779
2022-09-23,1.5755392702937878,1.5177797995930997,0.0,0.0,-1.9373136230885657,0.040346634506094325,0.11161909693308535,0.0,0.4226919353205253
2022-09-26,1.416318875561509,1.2436839954878325,-1.6488e-319,0.0,-0.48719302409893084,-0.06240920419907647,0.1561123240380166,0.0,0.6776498185930829
2022-09-27,1.151992366223335,1.1714994991045378,0.0,0.0,1.5771859239336772,0.11683533750466157,0.15852890789290255,0.0,0.0
2022-09-28,1.314442009054738,1.2116914188334351,-0.3781931632819137,-0.3781931632819137,-2.8404793210597634,-0.0804084305622843,0.1549854297695257,0.0,0.5094719822456115
2022-09-29,1.3788600716695467,1.450022815350565,0.0,0.0,-0.7736552520828943,0.10265820911177226,0.13732911531215128,0.0,0.0
2022-09-30,1.4050334497321453,1.3830223335770768,-0.005258560322086634,-0.00420695308617902,-1.5768699958560117,0.018660100625678133,0.17142606669138305,0.0,0.24772609812700336
2022-10-10,1.7224471832423365,1.538663133982246,0.4852990023787443,0.42816493362033525,-2.5475987215327955,0.06902230604997062,0.1401800425534478,0.0,0.7741705620749162
2022-10-11,1.5083490254578282,1.541063305723069,0.00015057973196812738,0.00015057973196812738,0.32561832588047235,0.05713820641679579,0.1231704850284802,0.0,0.0
2022-10-12,1.8134185030227754,1.9841543577222207,0.0,0.0,2.9273645661101355,-0.0190621799636026,0.16947914676916376,0.0,0.0
2022-10-13,1.0649582709986272,1.0785729112773101,0.21490031441032467,16.728249062360664,1.5602144384181615,-0.10599403823493558,0.11394695489982778,0.0,0.0
2022-10-14,1.0115618865458587,1.0796652249442005,0.0,0.0034146782966538256,1.701649076283629,0.046290301495721664,0.1226655416176648,0.0,0.0
2022-10-17,0.9314201748726798,0.9280316628813449,0.0,0.0,1.4707625994991425,-0.02461832274036624,0.12605811456653254,0.0,0.07937742027515937
2022-10-18,0.8241055308942727,0.856223134974537,0.0,0.0,0.26493126660809274,0.010935820767787874,0.11504147502889939,0.0,0.0
2022-10-19,0.8779931206693857,0.836510657306477,0.0,0.0,-0.41906273540317507,-0.06566245052289643,0.12474027605674907,0.0,0.2666867828660661
2022-10-20,1.5346966233011696,1.5957759415993573,0.0,-0.0008718395815169823,-0.0013841813761628075,-0.03409055980672093,0.10996368593509145,0.0,0.0
2022-10-21,1.0688893521340472,1.077480568342243,-1.002568449170391,0.0,-0.011748646795428641,-0.003817620397938981,0.11869083710737809,0.0,0.0
2022-10-24,1.7827400124219297,1.8035161066147396,-0.006840739466137531,-0.8752417191691094,-1.1188562412894787,0.026973735443536206,0.1041489616733113,0.0,0.0
2022-10-25,2.112217663308387,2.1696388104327955,0.0007457121551081124,-1.973729821555833e-15,0.17268096453011417,-0.020973335799290282,0.1062906817155583,0.0,0.0
2022-10-26,1.184513033081443,1.1073018732534272,-1.0002381519409382,-0.040016006402561026,2.0683870870564114,0.032703371783204815,0.10991211175426856,0.0,0.42065863479697047
2022-10-27,1.2106678516007887,1.2656940080440788,-0.916780354706685,0.03846153846153767,-0.5649305586760245,0.012329320063475535,0.12643570657230374,0.0,0.0
2022-10-28,1.4014412393391271,1.3830476034739243,0.0,0.19060549883808978,-2.6129983699827997,-0.08197594973967659,0.14279120686830024,0.0,0.22631145319100243
2022-10-31,1.3319368420412672,1.222096200193915,-1.003052130386033,-0.3609108064573767,1.4474818624041097,0.017532156947597244,0.10384437772032222,0.0,0.5296570859135729
2022-11-01,1.2592456198273931,1.2864197349625222,0.2908007660117739,0.0,2.190209250858932,0.044029027152969746,0.1507157295079554,0.0,0.0
2022-11-02,0.9157483746252241,0.8963820045676302,-1.0004001600640255,-0.04693183151472486,1.4375826447553086,-0.045109904809825796,0.11811400236961866,0.0,0.18733496074159986
2022-11-03,1.0280534244648274,0.942440275919102,-1.005341595000267,0.0,1.5983632846110485,-0.05715896296329959,0.12077292062646894,0.0,0.4107312623594479
2022-11-04,0.9405710404331584,0.8628199817137034,0.9999999287719152,0.9999997830133757,2.114883868300854,0.02278821393575381,0.1285484326346375,0.0,0.3744536837274786
2022-11-07,1.1138744795292663,0.9813223961936441,0.0,0.0,0.0023058076845883235,-0.0036954117969778544,0.11431935506362298,0.0,0.5269940330547951
2022-11-08,0.8359625841494,0.820154511385943,0.9999999785902175,0.9999998011073546,-0.1742481453909095,-0.005519596012093508,0.12464389339117528,0.0,0.161802408977826
2022-11-09,0.8095776224674025,0.8399281374048679,0.0,0.0,-0.2768226088248449,0.0020255723126805236,0.13564780756660463,0.0,0.0
2022-11-10,0.8904811911193419,0.9602179951658438,0.0,0.0,-0.537892689393249,0.007581513585552813,0.12756840306995607,0.0,0.0
2022-11-11,1.2040889450003383,1.1743432306051387,1.0000035024769158,1.0000037042732712,-1.628173342312067,0.06479266428920383,0.12645810763025603,0.0,0.2659852706521803
2022-11-14,0.9459494963860323,0.822805283360099,-0.8336807002917882,0.0,-0.5894710508871581,-0.0033679654878215892,0.11314002079072923,0.0,0.466703241244043
2022-11-15,0.7126707189648657,0.7366635335074845,0.0,0.0,2.4111955935954166,-0.0014847668757478338,0.1348151620020815,0.0,0.0
2022-11-16,0.725752396046177,0.6827645520879957,0.0,0.0,-0.6796849778053282,-0.030428331168919076,0.10584373113269745,0.0,0.24606728100022882
2022-11-17,0.7352972578375582,0.7481362363146945,0.0,0.0,0.4382573094129816,-0.011038083767123119,0.14140314874274043,0.0,0.0
2022-11-18,0.9339651011796483,0.9231229743715009,0.0,0.0,-0.8054181118203108,0.008490896906288015,0.15688573866695715,0.0,0.14189709091106778
2022-11-21,0.9151512043727484,0.8463145425637348,0.9999999974126462,0.9999999971930962,1.0546379276966444,-0.04665084106657558,0.1247095408248487,0.0,0.3482146204713814
2022-11-22,1.0913295670027752,1.0324507721334142,0.9999999999781723,1.000000000506752,-1.4752050101443426,-0.003726399934744773,0.12264344459443607,0.0,0.35361791093718903
2022-11-23,1.434889875659485,1.4315410311893164,-0.04379038047379752,-0.04379038047379752,-0.07287627947697439,0.009412423742038989,0.11169867597219899,0.0,0.09797566683376634
2022-11-24,0.8654844467788002,0.8046658189630048,0.0,0.0,0.19718447278491702,0.0064319129003509445,0.131109778970541,0.0,0.31871028757886466
2022-11-25,0.6839198895204507,0.6312186325522079,0.003230340542006784,0.003230340542006784,-0.9091315503872099,-0.016888737874232174,0.13031056279965564,0.0,0.2632668858793035
2022-11-28,1.0016898095847835,0.8734838022394019,0.0,0.0,1.0954590710511303,-0.07115371572312679,0.12438849633806265,0.0,0.49031471714746366
2022-11-29,0.6803885164707626,0.6851912699671003,-0.4357795086900827,-0.43572171791342157,1.358944238829718,0.00022133767760834644,0.13045343088253597,0.0,0.0
2022-11-30,0.610487105764618,0.603243359908672,0.02446128116257114,0.016977650580226936,0.022866075417882215,-0.043653530627763004,0.14616290561253653,0.0,0.09376542556271107
2022-12-01,0.7488070795095804,0.7233779350367626,-0.999999999977882,-0.9999999998845932,0.15075347860187271,0.044189519135695576,0.11984018680375293,0.0,0.19348489715121492
2022-12-02,0.6062524914208159,0.6318558514588369,0.0,0.0,0.5398522343494472,0.0034329444067671133,0.1271386290048565,0.0,0.0
2022-12-05,0.5847603487733026,0.5279208526077734,1.1472754050073637,0.0,0.0372578935310619,0.01700263308348493,0.11910937349865819,0.0,0.2514840728144749
2022-12-06,0.7089414124335008,0.7040275208608859,0.0,0.06770676691729323,0.21843965706320745,-0.029572914623776647,0.11439367014480349,0.0,0.08332572312126607
2022-12-07,0.6360735051001928,0.6578969890098219,0.0,0.0,0.3146078395745988,-0.005237404938707169,0.11525831165368354,0.0,0.0
2022-12-08,0.6689219866534826,0.5828769994720807,-0.004920619724180375,0.0,-0.47570514407517805,-0.009789623032452344,0.12576070093379016,0.0,0.32819358268385734
2022-12-09,0.731740053524102,0.7688779751625521,0.9999999999684258,0.9999999997757762,0.24989634922991666,0.027384085782733436,0.13907123311149366,0.0,0.0
2022-12-12,0.5129768075197744,0.49378522521663004,0.5108535297954186,0.5108535297954186,-0.17945781800163818,-0.022887420535966374,0.120482299204224,0.0,0.13900128204783427
2022-12-13,0.5391362490502494,0.5716211597249831,-0.18593973544124423,-0.1819144028598828,-0.9178648072547202,0.0011841307900661846,0.12971569759422621,0.0,0.0
2022-12-14,0.6431655094149018,0.675601680879148,0.0,0.0,-0.48951147983573584,0.029251227363746857,0.12280890538814937,0.0,0.0
2022-12-15,0.4662064732409705,0.46981805412450917,-0.9999999999622275,-0.9999999999622275,0.6019020239361961,0.0026395628042186203,0.13859303970044648,0.0,0.0
2022-12-16,0.6147008052094638,0.5573172461048466,0.0,0.0,-0.7169057398176082,-0.03874680888372728,0.13046689961751778,0.0,0.259334855195504
2022-12-19,0.8346882425379669,0.7941426915044295,0.0003535619720412388,0.0010312343399404202,-1.9654524927365746,0.007879255684017927,0.13287732311357697,0.0,0.25698608476184165
2022-12-20,0.9894459049739145,0.9376215523675433,-1.0000014308689953,-1.0000000285676935,-0.6058037047224629,0.0003087670097823292,0.11805207808485257,0.0,0.31602060598246884
2022-12-21,0.8941563300059793,0.9388232557175631,0.0,0.0,-0.8527753748658218,0.031763626890835006,0.12010364952857691,0.0,0.0
2022-12-22,0.8185993216921935,0.8450275142529796,-0.9999187057962767,-0.9999187057962767,-2.034142996480437,0.013283600596913914,0.14982905815204153,0.0,0.0
2022-12-23,0.9213770017070925,0.8637915321125158,0.015224010439321428,0.015224010439321428,0.11506151960247735,-0.016150367788059228,0.1262126116949296,0.0,0.320624029550912
2022-12-26,0.6778388336009393,0.5918019076259083,0.0,0.0,1.8399075413103594,0.003408019485307001,0.13387544844143542,0.0,0.3305086783547714
2022-12-27,0.6656283671484358,0.6316515710556541,0.0,0.0,0.5807536612888242,0.007906362085141616,0.12417369756349513,0.0,0.2099462215321267
2022-12-28,0.5366051581757977,0.5077694743838683,0.0,0.0,-0.5280744756407718,-0.04514171635944253,0.11885079372543413,0.0,0.1735374791357847
2022-12-29,0.49584942091302797,0.5154342621626957,1.0000000025473657,0.9999999992712635,0.16099615786846488,-0.03246668882387338,0.14031723776597904,0.0,0.0
2022-12-30,0.46961800334294573,0.47783208719931364,0.0,0.0,-0.03374581901158802,0.0038433994404840632,0.14718367598728702,0.0,0.0
2023-01-03,0.5917379697450079,0.6566987616095835,-0.11276393582751383,-2.59526106660264,2.1805441742387632,-0.0031080924898230222,0.1307323918953416,0.0,0.0
2023-01-04,0.4892901787254,0.5393231165757792,-0.030226249026255647,-0.030226249026255647,-0.012429004837666291,-0.021089979720501084,0.11348760739606853,0.0,0.0
2023-01-05,0.5173121030859008,0.4420084808083174,0.9999905482934944,0.9999905482934944,0.8943164015868588,0.008208537043441488,0.13197358285112332,0.0,0.26877558462903767
2023-01-06,0.5132458754754307,0.5023034286626442,0.0,0.0,0.2772297382987343,-0.008232448433820316,0.11666326497097546,0.0,0.10541629023207527
2023-01-09,0.41085637099951566,0.4040028951258085,0.0,0.0,0.1826502776320238,0.0106819775829603,0.12706636512180453,0.0,0.07473030389913206
2023-01-10,0.44361704361537346,0.40724952481293647,-0.11907983761840325,-0.11907983761840325,-0.020805429064363334,-0.00393927102390057,0.1340849099031609,0.0,0.1759088000234258
2023-01-11,0.510469175385193,0.5498000979435801,1.480255054203021,-0.999899028040558,-0.8792174394992136,-0.0018656696747942902,0.15340283712624567,0.0,0.0
2023-01-12,0.5375365266874563,0.5308927646424,-1.0000093364113032,-1.0000092921150876,-0.10284546720044085,0.016804821337879083,0.13131530336203334,0.0,0.08425194344087125
2023-01-13,0.4872312776394907,0.41802464676232204,0.027952741563433952,0.027952741563433952,0.17701823505467118,0.011670596730906091,0.1443762073460451,0.0,0.2502992461224092
2023-01-16,0.6318985836298453,0.5827299117703164,0.9999999992806964,0.9999999937690703,1.0748055506118126,0.003930105398586292,0.11646872169745168,0.0,0.24438017497653897
2023-01-17,0.4623488966690824,0.4311448402387588,-0.9999963662922736,0.945786835680136,-0.03305768193510028,-0.008701184770165682,0.1320273292646991,0.0,0.16697493520469764
2023-01-18,0.4667964279096038,0.5006997367055994,-0.03964845040639662,0.0,0.015423506997569447,-0.026568921099801024,0.14424907286300737,0.0,0.0
2023-01-19,0.4406452003219269,0.4293860907618555,-1.0101010101010102,0.0,1.0907509344346478,-0.021215820637765503,0.17337800267728473,0.0,0.0989736208643629
2023-01-20,0.5012247502738216,0.4612011256817919,0.0,0.0,0.6751540915242549,0.02285451758776702,0.15472449157286697,0.0,0.19626454584795205
2023-01-30,0.6140769564335598,0.6105773434402139,-1.2049180327868851,0.0,-0.4593671046416392,0.03862283433262448,0.10537299582754696,0.0,0.06546614468712193
2023-01-31,0.5339934889798232,0.4531008153234075,1.64524e-319,0.0,0.6578273592780626,-0.0384155932000807,0.12721387579105423,0.0,0.282575118200644
2023-02-01,0.5260110185972332,0.5065633262496506,-0.9999999999682967,-1.000184455042091,1.4655209024561744,0.02584864698635947,0.14773651649423206,0.0,0.1417081090996167
2023-02-02,0.6894890719050374,0.6807157813943783,0.0029692769733110445,-0.5742144256152661,0.11693791750495564,-0.02095695375865514,0.11776847872749832,0.0,0.10964125700260285
2023-02-03,0.836022529789288,0.8433572859872868,0.0,0.0,0.0739093707385452,-0.04086358009625091,0.1333363240251649,0.0,0.0
2023-02-06,0.6534869503433547,0.6402120197679103,1.0000002149705953,0.0,-0.10433839658937627,-0.05622607105124633,0.12247533557506741,0.0,0.13104870855430406
2023-02-07,0.7465827247220799,0.7632326815549706,0.0,-0.0010604453870625436,0.3539631932540699,-0.004840416819607007,0.1270937176331877,0.0,0.0
2023-02-08,0.5184234197278161,0.49683471587156286,0.0,0.0,-0.6949351480060706,-0.021298248186596425,0.14900232120651208,0.0,0.14804765187974714
2023-02-09,0.659942463293716,0.6017391521834248,0.01227976508275496,0.01227976508275496,2.0060150940490296,-0.036246945779616624,0.1544339594261223,0.0,0.27098717236753256
2023-02-10,0.6658458035046346,0.6800573294875865,-0.9999999999793375,-1.000000240692245,-0.187173880035707,-0.03946370498449925,0.11298319221965016,0.0,0.0
2023-02-13,0.4904590422323647,0.4633137284019087,0.0,0.0,1.1035610299975573,-0.016189026827051478,0.12823023975533435,0.0,0.16090513099901715
2023-02-14,0.4028986857801712,0.4240713599197087,0.0,0.0,-0.031030739402404528,-0.012574086324101952,0.1280608154944919,0.0,0.0
2023-02-15,0.4737915814316561,0.473468609310694,-0.9804992199687987,-0.9804992199687987,0.020145331568266478,-0.0025416427275604114,0.12858521231230077,0.0,0.017491101534981665
2023-02-16,1.354278252365981,1.3104086483364057,0.015274034141958662,0.015274034141958662,-1.9691282743631966,0.005410588572796193,0.18944931127569808,0.0,0.3419046054042124
2023-02-17,1.1146129154290796,1.1710838430624422,1.2183406113537119,0.0,-0.9265156363658322,0.011364696664739604,0.12756644562133831,0.0,0.0
2023-02-20,0.902182215026561,0.9299021838831828,0.0,0.0,1.2690512072364823,0.0041822723342077595,0.13004735548752736,0.0,0.0
2023-02-21,0.9129258534172336,0.9331526816615603,0.9999999993376849,0.9999999946543128,0.34096816396029794,-0.037795463680578845,0.11527130551833226,0.0,0.0
2023-02-22,0.6162539515417722,0.595254920670973,-0.3713935970476175,-0.3713935970476175,0.5599355800714134,-0.024264667518181238,0.1275219474321777,0.0,0.15950082196604068
2023-02-23,0.7116982823777238,0.6755938182630286,-1.0000002769801768,-1.000000001361034,-0.461016628334332,0.018160038295556014,0.11879331628499555,0.0,0.2238022293548127
2023-02-24,0.5948558802721893,0.5246573724250138,0.0,0.0,-0.3869887852987808,0.0022304623902069665,0.12521678922843907,0.0,0.2803357983820148
2023-02-27,0.6890341774047505,0.7191247479404842,1.000063698324734,0.9999944604725285,-0.4808931010452544,-0.006121505401290861,0.13405605151913008,0.0,0.0
2023-02-28,0.6086351803518645,0.5964847334462562,-0.25487348352956773,-0.24938414855708266,0.6030390777809647,0.0364313120087667,0.1533953366807094,0.0,0.12100721270856248
2023-03-01,0.49729883821550286,0.5205393516661274,-1.6457e-319,0.0,0.7240009738170183,-0.04379711041436751,0.13263751960150347,0.0,0.0
2023-03-02,0.5602413185784767,0.536702181858317,-1.6457e-319,0.0,-0.3522988938447602,-0.03251499500188659,0.1274547598404897,0.0,0.1606894614810577
2023-03-03,0.5730372909961637,0.5414225866102151,-0.8544395924308757,0.8051477647777087,-0.03808140037411256,0.005470420904774009,0.13131260865019784,0.0,0.18770540636999808
2023-03-06,0.5672667982840838,0.57399576775083,0.0,0.0,0.3233698344438318,0.01388681238374545,0.1254644154080665,0.0,0.0
2023-03-07,0.7008564361618703,0.6792965672542784,1.0572269880939535,1.0571903051226068,-1.9426567934521022,-0.005745499351694772,0.1396074475079373,0.0,0.1724990371743315
2023-03-08,0.6623531868447642,0.6631054881984562,-0.6500723675947502,-0.5347363917576189,0.7868975106843257,-0.014305499789823983,0.1405476923975505,0.0,0.0
2023-03-09,0.6961833163691027,0.6685621465250231,-0.0004606172270842831,0.0,-0.09759130756452628,0.019573109354253937,0.13307018265657308,0.0,0.19415423308425622
2023-03-10,0.8421523415317488,0.9038047436853581,-0.4025501464224329,-0.4574200630416393,-0.7742247925534573,-0.04473907973495672,0.14035176373331348,0.0,0.0
2023-03-13,0.806722874386345,0.8442731945670828,-0.00021332574841784213,-0.00021332574841784213,0.765760499757473,0.009948344419963284,0.13381524256348706,0.0,0.0
2023-03-14,1.003512225891083,1.0679964714561874,0.0,0.0,-0.7631440349822216,-0.034260184649492764,0.12022515892903146,0.0,0.0
2023-03-15,0.5553563104000556,0.538927509443213,0.0,-1.0000584829522194,0.030458425175905468,0.05268600273613533,0.12171556175634689,0.0,0.13408121071387483
2023-03-16,0.7720450975506722,0.7411840600009956,1.0004087078176283,1.0000086088874411,-1.1307463192322675,-0.04896148545824319,0.12226028335376052,0.0,0.21610141566511676
2023-03-17,0.7638255171786684,0.704727865518931,2.1784085436673184,-0.47108891649549206,0.0685408371774443,0.07129226059912064,0.12121623451136594,0.0,0.2945981266987145
2023-03-20,0.8803416103802607,0.7297030812725749,0.9294781382228491,-1.0001877918939222,-0.3819658287451011,0.01888836333916455,0.11846916392881895,0.0,0.492478186469432
2023-03-21,0.5800760628398138,0.6519305168813503,1.651e-319,0.0,1.2151195788884461,0.01255277771088359,0.1331395402515029,0.0,0.0
2023-03-22,0.4718920942966174,0.4708370405014055,0.0,0.0,0.15971051358412147,-0.011345212488700351,0.12633996257609748,0.0,0.031537754383048046
2023-03-23,0.5631182245123737,0.5388712782684232,-1.0000449141905758,-1.0000005992964858,0.6713411596817709,-0.06806708361575264,0.1329669725199846,0.0,0.16346216759643112
2023-03-24,0.44578107501026587,0.39886198543845397,0.9994381511233534,0.7952000027219085,-0.07818776300766439,-0.01763027515069293,0.12086402689063486,0.0,0.1990725581525561
2023-03-27,0.720095863554858,0.7505924934590451,-1.7763568394002536e-15,-0.0006435006435006298,0.18765630023611646,-0.00866841065759738,0.11278884088102564,0.0,0.0
2023-03-28,0.6341403583729742,0.6565813700392942,-0.9999922421082846,0.02207873579054335,-0.8004885835837361,-0.009422899983790867,0.1342161824917244,0.0,0.0
2023-03-29,0.6774000226791741,0.5622948060770997,0.0,0.0,-0.2928991201526676,0.016787960093478382,0.12424481381278867,0.0,0.37775036966820097
2023-03-30,0.6171409012993953,0.6513754089865532,0.15259063474979223,0.0,0.0784424852697363,0.003497464330992628,0.13379790146448847,0.0,0.0
2023-03-31,0.5251004228113754,0.564091903131763,0.0,0.0,0.9939797331921962,0.02245317914200129,0.14098930977575425,0.0,0.0
2023-04-03,0.3859417729891402,0.4002594574291139,1.0000265259025438,0.0,1.210198210606328,0.012603791730581015,0.12142458643443985,0.0,0.0
2023-04-04,0.7229332364983383,0.6376519830821759,-0.3669334972207078,-0.4297735810958016,-0.08879606924725447,-0.01959084061758931,0.1032259253330378,0.0,0.3406353077784668
2023-04-06,0.5535911717839687,0.5867915657113861,-1.0000023343557396,-1.7739339060443529,0.8280444654753527,-0.007357582129885465,0.10925365380189096,0.0,0.0
2023-04-07,0.36279280843856454,0.3519796851294857,-0.23232323232323235,0.013550135501355086,0.8051498306588911,-0.005288387431123809,0.1281446851048596,0.0,0.08791429412154261
2023-04-10,0.7492914903821614,0.685750502551005,0.0,0.0,-1.1601494861125827,0.0018722779365987208,0.10300660613506725,0.0,0.3019668621060343
2023-04-11,0.5696648167147638,0.5620882972084907,0.0,0.0,0.23443387567996243,0.011155399392714926,0.11779225783601421,0.0,0.0925999435416933
2023-04-12,0.47873362644944156,0.48642990045698586,0.32690269454975335,0.32690269454975335,0.45788859728204123,-0.009708580906198083,0.11979091330490299,0.0,0.0
2023-04-13,0.705158585312729,0.7192502507757551,0.0,0.0,-0.6322603224873213,-0.007285010504720635,0.12794435525894574,0.0,0.0
2023-04-14,0.7090075393179844,0.7433230854706617,0.0,0.0,0.552383256419664,0.0420887175197171,0.11360958647823076,0.0,0.0
2023-04-17,0.47532325569996947,0.4426869645368364,0.8608674838500517,0.8608674838500517,0.042486265075836194,0.004659411965080018,0.11818822365308326,0.0,0.1730908687319475
2023-04-18,0.45972791210031366,0.42792675793414886,-0.674245138594834,-0.674245138594834,-0.059323904878416656,-0.014730965864084844,0.12305298772437345,0.0,0.16801322271798158
2023-04-19,0.4360847736799097,0.43211478002147613,0.0,0.0,-0.33331422676504685,0.0030864308380618155,0.11983760120110745,0.0,0.058709000353007024
2023-04-20,0.4706987113443169,0.4598670851837213,0.21070324743843635,0.21070324743843635,0.1148591777888619,-0.00655802247763182,0.12819278923522578,0.0,0.10039691641593651
2023-04-21,0.9960087597374919,0.9974352196130881,1.64524e-319,0.0,-2.5901889059548155,-0.006821876336671195,0.1287408538742005,0.0,0.0
2023-04-24,0.7882085800360087,0.8352719677996606,0.0,0.0,-0.6295973584641956,0.020140343374830394,0.11604064128349083,0.0,0.0
2023-04-25,1.3774918789505435,1.403304881642747,0.1500826288007841,0.5582239322354982,-1.5682562477784434,0.0024834987828903365,0.09980075399228776,0.0,0.0
2023-04-26,0.9328413456679436,0.9514527039743087,0.0033178500331784884,-0.03846153846153849,0.7331849920032774,-0.01785519027149851,0.10897765744237997,0.0,0.0
2023-04-27,0.8125047453098296,0.82990147917032,0.272975432211101,0.0,0.5683333820244219,-0.026149900694638628,0.1158559243349465,0.0,0.0
2023-04-28,0.4944094853661014,0.5095894328765948,0.0004154549231408304,-9.489085680556894e-17,1.5666432362443805,0.03436585076850296,0.12350674141638286,0.0,0.0
2023-05-04,0.4665163702830063,0.4764321157609446,-0.7854077253218884,-0.7854077253218884,0.504142352123127,-0.0193941926890151,0.10914039692193642,0.0,0.0
2023-05-05,0.7270685597456533,0.7348266499450132,0.0,0.0,-1.0286653417045155,-0.005223734388215551,0.10528371925779022,0.0,0.0
2023-05-08,0.5329857905365581,0.5414321863273502,0.0,-0.0006854009595613288,0.6159089809483875,0.008327682709619033,0.11677660308417104,0.0,0.0
2023-05-09,0.717853683753859,0.7303664841305969,-0.006558751864085887,9.795074758127086,-1.2615825206193865,-0.008280237028923665,0.11192333156754766,0.0,0.0
2023-05-10,0.8500669311854251,0.8489651863828029,-1.000534850511689,-1.0005372428567652,0.3837776107738611,0.03313136775198178,0.11165138128231948,0.0,0.04326545741141419
2023-05-11,0.44013570537748997,0.3661283863665021,-0.0130690488650915,-0.01307109888991366,-0.18209380839601108,0.006606710355661072,0.12369328848748928,0.0,0.24427329744530413
2023-05-12,0.7379155089867363,0.7663081469381704,0.0,0.0,-1.0700450224462865,-0.03313295689540974,0.12813280421230588,0.0,0.0
2023-05-15,0.6587743397286396,0.6283060518718514,0.0,0.0005608524957935944,0.7018522451574638,0.0399593312120583,0.11678813254220351,0.0,0.19802811887737426
2023-05-16,0.6339550680437643,0.5661782109302025,0.2907801418603673,0.33326126560095826,-1.0475421357304282,-0.021945680501012088,0.13662005404909947,0.0,0.28520389507552135
2023-05-17,0.5370436597249689,0.5001826473060448,-0.17147984247254713,-0.3976541182571333,0.8351777663407001,0.00383974108331131,0.12931059491205274,0.0,0.1955331475343887
2023-05-18,0.5178267773115993,0.51057256977059,0.0,0.0,0.4027340641836741,-0.00061762565453094,0.11964203085366819,0.0,0.08637257839599756
2023-05-19,0.6687202011568466,0.6695873231835191,7.775913246027978e-11,-0.9998125117178641,0.4949878441462552,-0.019616237904751532,0.12343474788328841,0.0,0.0
2023-05-22,0.6069797369618859,0.5041723218766416,1.0000000011897885,1.0000000000228424,0.08545977124774229,0.015195730201655877,0.124434837513636,0.0,0.3379861993274818
2023-05-23,0.5574789933825081,0.5625879810169118,-0.03104648995492525,0.14603306844099173,-0.9543391154707925,-0.003031150303323127,0.15821980494476512,0.0,0.0
2023-05-24,0.7694499071904145,0.6787799085123088,0.0,0.0,0.09715131116541098,-0.0030674376159889327,0.1348667648272013,0.0,0.3623685906302574
2023-05-25,1.11355360186136,1.1548353980442783,0.0,0.0,-0.04455328310970508,0.0256465850747567,0.12043972428683983,0.0,0.0
2023-05-26,0.812188132635893,0.8344086191978408,-0.0008145975842231173,-0.007238446036639423,0.7749659563188072,0.01106022409023133,0.13062618568469495,0.0,0.0
2023-05-29,0.6620528582766048,0.6636231541643641,0.0,0.0,-0.4192694571582889,0.022351584897029042,0.11378775970263948,0.0,0.0
2023-05-30,0.842285608519218,0.7327439238571025,0.0,0.0,0.7412779573729988,-0.02364328545192418,0.13413414396206502,0.0,0.41536897858300154
2023-05-31,0.6863695748004126,0.7532498579310151,0.0,0.0,0.10025206263399866,-0.021940007280685236,0.13356109650674258,0.0,0.0
2023-06-01,0.7083171722323515,0.7616521173219832,0.0,0.0,0.5744427385336204,-0.03141487245481578,0.12265928567981312,0.0,0.0
2023-06-02,0.45973107268298713,0.4617604193233997,0.0,-0.27312204509163074,0.574980495256705,0.04051031856076026,0.13733754850988092,0.0,0.0
2023-06-05,0.4631546193358435,0.4539436479969831,-0.9999999928729187,-0.9999999940618471,0.020087087272080417,0.006059215302656185,0.13633604456928775,0.0,0.09190955257926778
2023-06-06,0.7599378542449231,0.8064034248522249,0.002629272567922819,0.0,-2.0183907618380625,-0.023952895526813123,0.1562107393216012,0.0,0.0
2023-06-07,0.7739374710607931,0.72704670137003,-1.1968503937007875,0.0,-0.009734652362036744,0.03071742979756653,0.13029719931223693,0.0,0.2652966323550571
2023-06-08,0.9383318069566722,0.864886712950304,-1.647e-319,0.0,-0.5447799447695911,-0.002602679206620273,0.12456044546374756,0.0,0.36391970777713045
2023-06-09,0.5351621856591375,0.5144916754711656,1.0426803243704652,0.0,0.7473860959676282,0.011741036023793505,0.1454108109257692,0.0,0.14729861109439576
2023-06-12,0.48425861936830866,0.45463821540410054,-1.0457038391224862,0.0,0.6494116408215733,-0.0026663791292680372,0.12169847454564807,0.0,0.16676481501406445
2023-06-13,0.4071476757084889,0.3515227926850815,-0.9999999876198139,-0.9999999876198139,0.4626415666672212,-0.004249777361775564,0.13351971113825706,0.0,0.20542871283660924
2023-06-14,0.5486088546007264,0.4949854770920121,-0.9999999714727155,-0.9999999714727155,0.33549531596190896,0.0014505724971858314,0.12352153294857475,0.0,0.23656088606173697
2023-06-15,0.41529827040157447,0.34419428872856606,0.18010333867099007,0.34109379869864853,0.5166429583158605,0.0075720479143059904,0.13486954931844553,0.0,0.23238533732827416
2023-06-16,0.45910241145483743,0.49608965720624293,1.170940170940171,0.0,0.8450991277533237,0.0001996036808282753,0.14050683329596073,0.0,0.0
2023-06-19,0.4067177717351796,0.3939097512807867,1.0002662297676888,1.0066632176756962,0.2858040211357604,0.0015777364456459608,0.12788213500373596,0.0,0.10126427648059518
2023-06-20,0.48846533256948516,0.4997636344256838,0.10686897987692945,0.15307793872232425,0.1500774168168073,-0.0006059314676232219,0.1298225013252691,0.0,0.0
2023-06-21,0.84689053202176,0.7600058277650152,1.0000000020385693,0.9999999997198377,-1.9825786198570006,0.025633509712141844,0.14344218407735115,0.0,0.3736505252121476
2023-06-26,1.1323835303012473,1.2123441812920561,0.0,0.0,-1.2551764745613037,-0.036570496361210125,0.12855337989761847,0.0,0.0
2023-06-27,0.6674517430251115,0.6747939359413854,0.0,0.0,1.2008949348579323,0.06554626679549092,0.1227768103190818,0.0,0.0
2023-06-28,1.0922900849563841,0.985643803123164,0.6972822793614301,0.6972822793614301,-0.4606154371439519,0.014935816652550393,0.10489932544472694,0.0,0.4707482586892173
2023-06-29,0.515382883544418,0.4957496872524416,-1.000105608252382,-1.9999961723804949,0.864187391412119,-0.014211700353083945,0.132994716118982,0.0,0.1408962889492318
2023-06-30,0.56756068586538,0.5063568908680927,-0.9999999789026632,-0.9999999789026632,1.447469914049182,0.005138683130700983,0.12888750529738613,0.0,0.2563743965578058
2023-07-03,0.626607348451955,0.6482291311782454,-0.11424500516498608,0.4652061951820047,-0.0979398726228764,0.03462707645147667,0.11672749121136478,0.0,0.0
2023-07-04,0.3562141576805159,0.35698100843742864,0.9994399825834624,0.6618681386714447,0.4346873931260653,-0.01434349171324234,0.13171812246733708,0.0,0.0
2023-07-05,0.4865879388573656,0.479229480401532,0.9474018426947387,0.9474018426947387,-0.7270402463258496,0.004197596550303828,0.14881267776511833,0.0,0.084302594002421
2023-07-06,0.5646324146750079,0.4485819024923179,-0.9999923706855035,-0.9999923706855035,-0.08195250695278711,-0.0168918723624345,0.12709295985661204,0.0,0.3429052937154845
2023-07-07,0.7606775803637879,0.767821547360825,0.0415021820988788,0.0415021820988788,-0.4689193050929297,-0.021473831139151578,0.13127347246541562,0.0,0.0
2023-07-10,0.5637585587166103,0.5623953325704887,0.0009112447603426409,0.0009112447603426409,-0.23664337890183518,0.049773062849567395,0.12798295421802341,0.0,0.039181659346678596
2023-07-11,0.45355109872376137,0.39130191381258644,0.0,0.0,0.7309311164362287,3.062023923305901e-06,0.14233943949039973,0.0,0.22932817402172434
2023-07-12,0.6280969527795054,0.6350731633186956,0.0,0.0,-1.4288572531077737,0.00030865409208491457,0.14961526928035615,0.0,0.0
2023-07-13,0.47677152583498267,0.43943983913624496,-0.024114415381065454,-0.02411143140715142,0.7622822514259164,0.014845003222863085,0.1291213523029413,0.0,0.18494246572090656
2023-07-14,0.4057901440445646,0.3467284389523026,-0.9912967798085291,-0.9912967798085291,-0.1436813879298282,-0.010049531052147564,0.13450458430572212,0.0,0.210819900923532
2023-07-17,0.49612576899009014,0.42125745038622586,-0.28233236114576743,-0.27918832941935995,-0.10165576627586548,-0.021674874008470457,0.12889733319532612,0.0,0.262074300819643
2023-07-18,0.5832631638527621,0.6125484597312973,0.0,0.0,-0.1595429876862564,0.010429836572134477,0.13943990394376324,0.0,0.0
2023-07-19,0.6097059150911989,0.556339749279197,-0.00028637011000484165,-0.008490000526896873,-0.26350558082665065,0.015043352773225216,0.1268408202862058,0.0,0.24945417669214592
2023-07-20,0.6752359798855152,0.7295317988572053,0.0,0.0,-1.3891237312836813,0.019412789734984948,0.15313690879722014,0.0,0.0
2023-07-21,0.7503446161952229,0.6621095742600567,-0.9999963543698346,-1.5004029690360583,0.0628224182026127,0.0038110697350601797,0.13097519644044137,0.0,0.3530268470333705
2023-07-24,0.581928300180769,0.5786089833931249,0.8905930229530723,-1.5146693498275092,-0.05880683185890412,0.0019617251019621307,0.12722213887613004,0.0,0.062066020398070625
2023-07-25,0.45343357222819053,0.43928535473232005,1.0002901528961916,1.0005754185049947,0.7028670181750796,0.0719944927872973,0.12726985497283597,0.0,0.11238497026434363
2023-07-26,0.4663173343886816,0.40007809753011414,0.0,0.0,-0.5975779888913291,-0.023427130297493104,0.12473084633945344,0.0,0.23956079025593893
2023-07-27,0.4361044482872063,0.4240787553089152,0.0,0.0,-0.7900769052139767,0.001387322430868032,0.13889743970888302,0.0,0.10170692754935533
2023-07-28,0.6826313581635323,0.6956827762126929,-0.895040532074743,-0.895040532074743,1.2005981209872285,-0.011905591585426034,0.12992218430781968,0.0,0.0
2023-07-31,0.6111448563093812,0.5445194451006705,0.8911026327577299,0.8911026327577299,0.5908770692411025,0.026958713528579814,0.11735930764477565,0.0,0.27748262882687275
2023-08-01,0.46457074970084067,0.4772834474883501,0.9999999557390575,0.9999999557390575,-0.06394918342739198,-0.023999178522138287,0.11243745994182185,0.0,0.0
2023-08-02,0.523594809924223,0.5300972767851011,0.0,0.0,-0.029901668294551875,-0.029212918916454722,0.11257192133819333,0.0,0.0
2023-08-03,0.5404667871268425,0.5332593035094176,0.9993609465494606,0.18193367339968158,0.4268796689698151,-0.003019106789692305,0.12808296075577086,0.0,0.08797080883942406
2023-08-04,0.5522589260778701,0.5296349180952267,-0.6601492613051452,0.0012594076846124845,0.28833432061707853,0.030586963929901678,0.11860074108795803,0.0,0.15645055118773135
2023-08-07,0.509704605842417,0.4727646929363575,0.0,0.0,-0.30246571949155143,-0.008917436812305723,0.1250064491196559,0.0,0.19050546010486222
2023-08-08,0.4785557990943657,0.46669835993968545,0.0,0.00036913990402368267,-0.37180998345114347,-0.01684730040982796,0.13877482657791085,0.0,0.10586922912940605
2023-08-09,0.4839635903957661,0.4481718564036496,0.9999962894386292,1.0000778819103107,-0.4765209454358432,-0.019515015070803443,0.14223519261099063,0.0,0.18265471238505543
2023-08-10,0.4693963527759819,0.49314240821297156,0.0,0.0,0.26977202094800035,0.004694797443605125,0.13533228403384426,0.0,0.0
2023-08-11,0.6277161598892184,0.6087891201586136,1.0000122550521453,0.0,-1.9222438451715562,-0.010536830024077126,0.15893935353476174,0.0,0.15298164779661597
2023-08-14,0.8885250565614001,0.859133472563223,0.0,0.0,1.1428096762734485,-0.06335767426488559,0.13428323919847948,0.0,0.22664168296872694
2023-08-15,0.8897569702344457,0.8913648203591531,0.0,0.0,-0.8979468414963332,-0.0012312956224280747,0.139682150940634,0.0,0.0
2023-08-16,0.8450460272238204,0.8196278634161086,-1.3174603174603174,0.0,-0.862116502118282,-0.008196179916764024,0.1343434352785068,0.0,0.2057011269748092
2023-08-17,0.9847367825573232,0.9895372244705489,0.0,0.0,1.3139579314928929,-0.017502601961627562,0.1332142552436747,0.0,0.0
2023-08-18,0.791953791527393,0.854441107862124,0.1876137695967146,-0.3368519672110229,-2.0547580665305043,0.004957465712784881,0.15616893519553757,0.0,0.0
2023-08-21,0.9057865228101551,0.9296693822257027,0.0,0.0,-0.8444890914497738,0.013660942288695743,0.1532461001105278,0.0,0.0
2023-08-22,1.4659202190218636,1.538471238180616,2.436453639215e-312,1.303434e-318,0.1780201332829412,0.09265097594652882,0.1389380831596591,0.0,0.0
2023-08-23,1.037179505807155,1.0511273065794635,0.007451593450066379,-0.00022991443578172837,-1.7921454248073787,-0.02419892764383702,0.15769375985634923,0.0,0.0
2023-08-24,1.1165015263211886,1.009085813691405,-0.16062996372301017,-0.16062996372301017,-0.08420139287210748,0.059848787895089295,0.13022879132703652,0.0,0.47782996859165194
2023-08-25,1.3728867335684378,1.2602477343629486,-0.07384322707418116,0.0,-1.3651676376815414,-0.003229546772787195,0.1361654521059911,0.0,0.5446041050536342
2023-08-28,1.1519902530435784,1.0994940513636084,0.0,0.0,-4.513372591852138,-0.03255103186207142,0.10684217526415084,0.0,0.34379408680698154
2023-08-29,1.1301823702494371,1.2098150454163306,0.0013927576604508165,0.15503755156271973,3.3936317401357607,-0.02043840773804373,0.11765486136239091,0.0,0.0
2023-08-30,0.8065496563168282,0.8101189760199217,0.9999999991217062,0.9999999944636373,0.36279434078949624,0.00035309053607601726,0.13032565917186809,0.0,0.0
2023-08-31,0.6735552178309229,0.7036272082620052,0.0,0.0,-0.43480028805311655,0.00506472225698662,0.1303459183018955,0.0,0.0
2023-09-01,0.5690147704943385,0.5771903039271263,0.9994541656508256,1.3974941598658868,-0.05668942311455316,0.04151845089945816,0.13348887408380775,0.0,0.0
2023-09-04,0.7973095791311902,0.7808323255134451,0.0,0.0,1.096547365883005,0.032441266746552344,0.14533730993081265,0.0,0.1612558352668859
2023-09-05,0.6181597564887902,0.555233159916048,-0.999538039384637,-0.999538039384637,-0.3018791163524659,-0.03551578898925989,0.11501675164113113,0.0,0.27173079080575435
2023-09-06,0.5915264977597868,0.6373008183788049,-0.9995375420368507,-0.9995375420368507,0.8206046030916125,-0.023374682295396187,0.13697451511611014,0.0,0.0
2023-09-07,0.6888153750994417,0.6469888868751443,-0.9995374772473495,0.0,-1.6121596101832503,-0.03485021609607175,0.13832141798071812,0.0,0.23637258985222084
2023-09-08,0.69470224901284,0.6835310414889433,1.0101010101010102,0.0,0.6487697719753882,-0.0014563169164705236,0.1317742390015486,0.0,0.12408275506507098
2023-09-11,0.8590235197956074,0.71803632598361,0.0,0.0,1.0884814777330165,0.03278341783192751,0.1123816487761876,0.0,0.4715349850541244
2023-09-12,0.4620646124299701,0.46793404763922125,-1.0271076172404445,0.0,0.14632334244402134,-0.001054142644574263,0.1260118952166406,0.0,0.0
2023-09-13,0.7131940876190842,0.7405554538035791,1.0375883166726834,1.1592171475035515,-1.059933476416841,-0.01636591733933379,0.11441729260299263,0.0,0.0
2023-09-14,0.6772429674515877,0.7186138944818774,0.0,0.0,-0.5534578864704987,0.011716266923000873,0.13969078060818685,0.0,0.0
2023-09-15,0.8406310374075294,0.7547851822183906,0.0,0.0,-0.06998151864563429,0.018513055090751962,0.14377515638040383,0.0,0.3700808962327155
2023-09-18,0.7414829418214954,0.7095597648678831,-0.9995106626366799,0.0,0.4575713631727263,-0.033669526254520576,0.12820622950491153,0.0,0.21522521481669776
2023-09-19,0.7735711542445471,0.7557533402284984,0.9995088683206044,1.137276429561945,-0.7522519300229846,-0.01056537995662854,0.12757696392313506,0.0,0.16507337584452716
2023-09-20,0.4687193389848646,0.4822876069513195,0.0,0.0,-0.6210637621220982,-0.016022494406253696,0.1631461112588323,0.0,0.0
2023-09-21,0.668857142202272,0.6590104281402666,-0.9999999991948209,-0.9999999928628732,-0.4743953711874971,-0.006279792151620001,0.13687203501256828,0.0,0.1143465446673962
2023-09-22,0.7675061777344087,0.8107218375788191,1.4083299305839119,0.0,2.0214093845076997,0.011657717483948282,0.14089302374583904,0.0,0.0
2023-09-25,0.38530221834938844,0.3358468551353087,0.0,0.0,-0.4087534705331408,0.005142253961953891,0.11391558890740831,0.0,0.18885097129928338
2023-09-26,0.5253704810716526,0.5382418775560853,-0.3529831047461664,-0.3529831047461664,-0.3401055660738228,-0.012118387337800574,0.13645645673478105,0.0,0.0
2023-09-27,0.6255155288362523,0.5940856774199952,1.0382848392036754,0.0,0.7194020645834742,0.01934120403195294,0.14173770117846574,0.0,0.19578530256309273
2023-09-28,0.39845082478437527,0.3923409697816412,0.013396595032096021,0.013396595032096021,0.48669956634446176,0.011064944811600697,0.14219127019273958,0.0,0.0695098784501185
2023-10-09,0.6669872162260053,0.6586137172782227,-0.9995553381257805,0.0,-0.18322906840553266,-0.03601186456825278,0.1194056639993052,0.0,0.10535614847685597
2023-10-10,0.50777473619557,0.4999465997202392,0.9995513963637503,0.8506072496587961,-0.433705738932344,-0.0016260549958402315,0.11202752686899584,0.0,0.08881767924603548
2023-10-11,0.7074827840999517,0.7370742048295706,-0.2787845895576201,-0.2787845895576201,0.04305413275011993,0.012625434709367944,0.12040136636903803,0.0,0.0
2023-10-12,0.49505604649961227,0.5450923212314153,0.000217912399215472,0.000217912399215472,0.2178195780527581,0.04340445656205727,0.11746807065470571,0.0,0.0
2023-10-13,0.4189305445116582,0.41208534862830737,-0.8671978751660027,1.1805054151624548,0.03378394048314526,-0.008494607108633367,0.11544271569283837,0.0,0.07542192367422605
2023-10-16,0.7078997192394964,0.6437574915840205,-0.009188361408882092,0.0,-1.0556993124126168,-0.012920762504309291,0.11878801921816295,0.0,0.29444575821160596
2023-10-17,0.6439742406835547,0.697845214828133,-1.0003976916702844,0.0,-0.26519265775981626,-0.009286795197482878,0.12076425399709258,0.0,0.0
2023-10-18,0.7450718455822908,0.6990265328861736,-1.0004604197619344,-1.0004605382291862,-1.4009261258082772,-0.009324975098490285,0.13028800252195427,0.0,0.2578642305565786
2023-10-19,0.8774662194543947,0.8340682813337453,-1.0000019708801149,-1.0000019564046674,-0.6013381965580322,-0.02666923953993372,0.12551535302500816,0.0,0.2725381961424129
2023-10-20,0.9762316811527765,1.0544801111183781,0.9999999909715386,0.9999999909715386,-0.7074229847238711,-0.02161700380385323,0.12639965284068458,0.0,0.0
2023-10-23,0.9731605681404466,0.9305008629663367,-0.033811028031188455,-0.033811028031188455,-2.017793820040681,0.0011869638970152252,0.1365319174132985,0.0,0.2849730432906585
2023-10-24,1.2481236920537084,1.3165922914250472,0.0,0.0,1.1087587773060958,0.029692698869321354,0.10411910926806488,0.0,0.0
2023-10-25,0.8342474374073147,0.8391008882549645,0.0,0.0,0.42966321602802005,0.008625776500204019,0.11392344194607243,0.0,0.0
2023-10-26,0.8213304317898412,0.8675369081159661,0.06171800656931209,0.06171800656931209,1.1609408167180923,-0.00937249664269002,0.12815715088542134,0.0,0.0
2023-10-27,0.97446342419674,0.9896255157576536,4.4053883262804754e-05,0.00852195496121643,2.1801052583114267,-0.037376961459678615,0.12401753429551794,0.0,0.0
2023-10-30,0.6886662978289684,0.7289500640243511,0.2021129084183976,1.0409130479870488,1.8207762448711362,-0.0039105807653205815,0.12387610667046335,0.0,0.0
2023-10-31,0.6220787998078824,0.5908804285365581,1.0000000010253427,1.000000000029672,-0.5541974791089199,-0.012616257715458712,0.11539071066375635,0.0,0.19453110893342707
2023-11-01,0.5809466781559016,0.5600575635354632,-0.0008203445447087603,-0.0008203445447087603,-0.1940351206265123,0.0032630871192873556,0.12532839830246206,0.0,0.15438448233905297
2023-11-02,0.6198755292954721,0.6553961458029829,0.0,0.0,-1.2690993712103582,0.04060601391933094,0.13723613748612323,0.0,0.0
2023-11-03,0.7237622672650202,0.6284702008282831,1.64524e-319,0.0,1.2848470625460129,0.030409109896289976,0.12679303903223926,0.0,0.35896660873604963
2023-11-06,0.5239896549783836,0.49381720290770514,-0.9306815507325633,-0.9306815507325633,1.4698235280714345,0.013726326186414006,0.11900283162224388,0.0,0.17524191461170427
2023-11-07,0.5677884550100396,0.5060540103485923,0.0,0.0,0.484683321031687,-0.020661866259263917,0.1297533352388793,0.0,0.2574744031021231
2023-11-08,0.745710712309904,0.7559741492682546,-0.9541221497124159,-0.9649572143983475,0.40254978289098187,-0.010838943197810647,0.10688679808500906,0.0,0.0
2023-11-09,0.8283289491131934,0.8174276923120581,0.0,0.0,-0.5538261946452794,-0.006576940142732912,0.10906352749449584,0.0,0.13394333048103094
2023-11-10,0.6359094078381725,0.63004187844258,-0.9999999875442699,-0.9999999875442699,0.1619981631302725,-0.012538915378401683,0.13134037618596467,0.0,0.08618588275141414
2023-11-13,0.4841499762055353,0.46944864618569093,0.0,0.0,0.6076407934162864,0.004150791254597941,0.1239463498992927,0.0,0.11840256776878769
2023-11-14,0.6414308041253629,0.6516658509902514,0.0,0.0,0.623673511269307,0.0029722564762302284,0.12371487752182338,0.0,0.0
2023-11-15,0.5164088985837217,0.4979071154793997,-0.033558173093056816,0.0,-0.3165739647053467,0.012574287110278526,0.11947674988155549,0.0,0.13699144094225862
2023-11-16,0.4316608101079344,0.44569346258312853,-0.9995411653381797,0.0,-0.6985897234299765,-0.007172604535088389,0.13874625722877593,0.0,0.0
2023-11-17,0.5396630776109672,0.5584294217940112,1.0000156496971784,0.0,1.0346487053795705,-0.0013135967860899989,0.1291829654009122,0.0,0.0
2023-11-20,0.49776691218551006,0.5234983235407672,1.0000652499325953,0.0,0.6719026091451807,0.0032327971521528553,0.12366261620841153,0.0,0.0
2023-11-21,0.5661653390338472,0.5771177210539097,0.0,0.0,-0.7641597006090128,0.019491139847738204,0.12052909226509165,0.0,0.0
2023-11-22,0.6266331320523466,0.5958331287346631,-0.9999999901093036,-1.0002462751234924,-0.969376105188624,-0.0057206444154966896,0.13414615827938456,0.0,0.19404114225595573
2023-11-23,0.736344852390381,0.7060572579625607,-0.9995573024009305,0.0,1.192279310105815,0.01500264763172332,0.12888025881792586,0.0,0.2090140907216595
2023-11-24,0.6735310363213912,0.6349875796613833,-3.03018527560766,-2.0176603131374087,-1.2635980962693472,-0.0057119571103991795,0.1228080092836763,0.0,0.22457700364005573
2023-11-27,0.7993973215328976,0.7539439872009828,-0.0033024670470920654,-0.0033024670470920654,0.0684194008242045,-0.006159577157627272,0.11254154601852226,0.0,0.26571515168965265
2023-11-28,0.7410317604593358,0.6843877174666666,0.8516312968507069,1.2610304135756738,0.7317029218778082,-0.013679783580045068,0.13685802255618434,0.0,0.28415052734462526
2023-11-29,0.49840477790378784,0.4599412248170635,-0.9999999992891695,-1.134349679405116,-0.3971606695080232,-0.016584780433215318,0.12062849735441167,0.0,0.1919932091275718
2023-11-30,0.8815955260911567,0.9170122085164601,1.658e-319,0.0,-0.3864820627265009,-0.010416437508597998,0.13122411821373287,0.0,0.0
2023-12-01,0.6529958600185463,0.622908633378775,0.9046810078392042,0.0,0.8379033661468416,0.007820830273108648,0.13070418586829827,0.0,0.19592964978161861
2023-12-04,0.5007142428666962,0.5052854350054913,1.64613e-319,0.0,-0.28105108048345206,0.0006164797966334845,0.11342078245038195,0.0,0.0
2023-12-05,0.7531375216382359,0.7556655575066341,0.0,0.0,-1.7240696184386284,-0.006362619388078361,0.15576467282556414,0.0,0.0
2023-12-06,0.7898559866610948,0.6857978223585968,-0.9999999999810372,-1.025035220488796,0.768748089822946,0.003979850746738123,0.11706182444897033,0.0,0.3918594473948256
2023-12-07,0.7571925744082628,0.7474830718217634,-0.3442541362422512,-0.054236642043524144,0.011918381132014488,0.002546528717561891,0.12148983249254555,0.0,0.120870393723662
2023-12-08,0.7654904529631287,0.660468407681578,0.9999999992276166,0.9999999931190008,-0.30279954937875164,-0.009010417078370025,0.1446838939454567,0.0,0.3869846457319163
2023-12-11,0.7883202084771163,0.7933939430309456,0.0,0.0,1.5708822048674742,-0.05938666066422904,0.12450431388358307,0.0,0.0
2023-12-12,0.5167165695367267,0.5169620545030632,0.18778239323690243,0.7332337071536701,0.15138552068865163,-0.017695965230979382,0.1291715824170916,0.0,0.0
2023-12-13,0.5016558328755332,0.4790613661175599,0.0,0.0,-0.7797330493159338,-0.015204899451704001,0.1440207913298873,0.0,0.1488582619528459
2023-12-14,0.7050443775068584,0.6889329001625804,1.000015015240469,0.0,-0.8048385704019778,0.025794344343688103,0.13065854639630695,0.0,0.14986338221063084
2023-12-15,0.8227376162273033,0.7333664912262444,-0.8710530852954782,-1.5960279049958501,-0.8365396172799744,0.02582055423112628,0.1297489154085175,0.0,0.37292194183487276
2023-12-18,0.8065052162361591,0.8207648295208599,0.0,0.0,-1.357909816216496,-0.03033285407896269,0.13224272740708842,0.0,0.0
2023-12-19,0.923956722543708,0.9048640637713232,0.0,0.0,0.15055526155762777,0.026187409285638452,0.13606661551820132,0.0,0.18686104791785063
2023-12-20,0.7897526026168993,0.6376978367819176,-0.02731035335461946,-1.1352045645061035,-1.8562824238082087,0.012280306166023713,0.14298076573078053,0.0,0.4658869415467972
2023-12-21,1.2883350916115377,1.275105730453717,0.9999999567526611,0.9999999567526611,1.0647073165928278,-0.020911231708142797,0.10751724907670383,0.0,0.18415396938920991
2023-12-22,1.3307099093241952,1.0235033466173653,0.0,0.0,-1.074523036277808,-0.024465259271455597,0.11614460177900313,0.0,0.8504291635619401
2023-12-25,0.8378566431172879,0.8623113155063575,0.003591262847716599,0.003591262847716599,0.1683698490937413,-0.0083296056747173,0.12171556517689565,0.0,0.0
2023-12-26,0.8216682163400114,0.8464565888743225,0.999994474771808,0.999994474771808,-1.4468059446343884,0.007076898436420009,0.13967741623185972,0.0,0.0
2023-12-27,0.829044871021341,0.7836437035817991,0.9999998450772283,0.9999998450772283,0.6457116753402437,0.025136998230967933,0.12455216134670888,0.0,0.27058814460983543
2023-12-28,0.995773257639375,0.9138329904217469,0.0,0.0,2.108661083368979,-0.037220320367981063,0.12220613303640042,0.0,0.3955674989765722
2023-12-29,0.7132248800783861,0.5278825092526309,1.0000000006090648,1.0000000000182527,1.5595855561364225,-0.012898493461832583,0.13811914246382742,0.0,0.4796142053650771
2024-01-02,0.5987048343988163,0.5557765053901035,0.0,0.0,-0.605159683924128,-0.013212985846067227,0.12085710869265477,0.0,0.22262065220656935
2024-01-03,0.627350475222031,0.6239109293766245,1.0000024676923658,1.0000000000140425,-0.23261013984512413,-0.015949157538674985,0.11811506335478036,0.0,0.06560313228577454
2024-01-04,0.623059429306522,0.6246446898466311,0.2547642320039369,0.2546773028367791,-0.5392707417158693,-0.009742151643532537,0.13369258606565199,0.0,0.0
2024-01-05,0.7365993726129803,0.7612382985920935,-1.0001112632066784,-1.0001114515559875,-1.7806082234476994,-0.01819280732006101,0.1522305728278828,0.0,0.0
2024-01-08,0.8797657500877629,0.8517108175424684,0.00037133308577794313,0.00037133308577794313,-2.1139811616752158,-0.02042739310766928,0.15853592354733415,0.0,0.22040067674266414
2024-01-09,1.131850695450428,1.1874483458263903,0.9999959283387622,1.118960284744852,-0.07103691839590587,0.07324807341142492,0.10672580015789854,0.0,0.0
2024-01-10,1.3900182202585543,1.3087039125825521,-0.9829931972789115,-0.9829931972789115,-0.4619540779933762,-0.054399616103784076,0.1164647531044468,0.0,0.4684492734991466
2024-01-11,1.114205254341179,1.1073848270312159,-0.317299610094764,-0.317299610094764,1.870532339700537,0.005109115195289782,0.11001621405445634,0.0,0.12309424707326973
2024-01-12,0.7150076582516224,0.6734263519496763,0.0,0.0,-0.4429433187678633,-0.03219547540112,0.11992221916971044,0.0,0.24027671518110022
2024-01-15,1.0165295641335073,0.9641168476627716,-1.0001020512297174,0.0,0.07049461631409848,-0.048368628392614355,0.12311861071075943,0.0,0.3221972358823989
2024-01-16,1.1268779671948488,1.1477771495612876,0.0,0.0,-0.274541088368363,-0.004972096941191495,0.1176117956629036,0.0,0.0
2024-01-17,0.8212791370065298,0.8610342310752817,-0.4128126448707477,0.0,-2.499229048458995,-0.04763381927748167,0.2001324333048192,0.0,0.0
2024-01-18,1.9435594059691716,2.1776366873867694,0.0,0.0,0.2806760291656385,-0.03399122966574186,0.1430081556108522,0.0,0.0
2024-01-19,1.1696893558658736,1.1941401571354286,0.9999999994651161,0.9999999957308192,-1.029691113925757,-0.04858888679498685,0.12816297172480132,0.0,0.0
2024-01-22,2.064855583506108,2.1917103821878126,0.9999999994314701,0.9999999942874216,-5.602802600888824,-0.01251530298245207,0.1994170710490626,0.0,0.0
2024-01-23,2.384292512154977,2.3524816009327405,0.0,0.0,1.6956049356457337,0.04295592182042007,0.10732835286332323,0.0,0.38817663607077285
2024-01-24,2.0305435093378916,2.010385498727944,0.0,0.0,0.6909636251949403,0.10362299517667761,0.14917602358910365,0.0,0.2854068846728045
2024-01-25,1.3293883054946225,1.2919340146703069,-1.000415148847883,-1.0004151786490891,3.405122890127066,-0.04192064486671088,0.12398147577091355,0.0,0.31333651003948915
2024-01-26,1.312812279899151,1.3221188735123535,0.8917748917748918,0.8917748917748918,-0.6027158474961714,-0.042272181111446816,0.12121011833610561,0.0,0.0
2024-01-29,1.5645272455441495,1.6373518803806715,0.0,0.0,-2.865787297537603,-0.0034413455214266087,0.11079684087271585,0.0,0.0
2024-01-30,1.5529636960094473,1.6187926741694858,0.0,0.0,-2.2401152127390467,-0.01385210214082111,0.17016938025573627,0.0,0.0
2024-01-31,2.0979159674943313,2.1498725114094706,-1.0000000011395052,0.0,-3.3039906186300483,-0.013274904893489925,0.12711314177515207,0.0,0.0
2024-02-01,2.5232604461223636,2.2702805090897678,0.0,0.0,-0.05050449475063612,-0.016724028682613135,0.09817772690984414,0.0,1.101212826393125
2024-02-02,3.3371785419621647,3.2735020683936202,0.1259120169869157,0.12587162096057225,-3.834693864251848,0.07196548013028714,0.12747295166747535,0.0,0.6488026118592694
2024-02-05,4.423953946577132,4.202241880755239,0.0,0.0,-5.275420550024723,-0.057167399040358724,0.09743685129098856,0.0,1.382943128643421
2024-02-06,4.270091848209615,4.071716645125525,0.0,0.0002154708037061315,8.668482743874906,-0.08720283450230903,0.08897255539029844,0.0,1.2863933900459643
2024-02-07,2.237696186183466,2.178521649855959,0.0,0.0,4.158839396120673,0.04683195059766998,0.11134036686760838,0.0,0.5112021545033815
2024-02-08,2.161911474923039,2.0680205012502935,0.0,0.0,3.42558966420321,0.032802589330427345,0.08740305878087543,0.0,0.6302003108634546
2024-02-19,1.9600144492614624,2.0030985660275635,-1.0031051465223035,-1.0031060565987835,-0.7096645123957579,0.056288316750197076,0.10844785734013049,0.0,0.0
2024-02-20,1.260954145810462,1.2163866991095764,0.0,0.0,0.9371489724528725,-0.1050631178999728,0.1326498229421501,0.0,0.33227813058626177
2024-02-21,1.651181739336886,1.6911490597404693,0.0,0.0,1.5283842925839952,-0.09096186069705858,0.12094710175212654,0.0,0.0
2024-02-22,1.2609714815599415,1.2487274278002942,0.0,0.0,1.4741756492004265,0.02488458174370045,0.1382617236991677,0.0,0.1752965726040727
2024-02-23,1.2988385464493375,1.1684907636671638,0.18069762264274078,-1.40314250094917,1.0906505782185993,0.005370464134224484,0.13878067201525918,0.0,0.5671074897822778
2024-02-26,1.4451132500999233,1.5220058312820568,0.0,0.0,0.40814217882692017,-0.014734072626032546,0.10003171203790046,0.0,0.0
2024-02-27,1.0044367483192311,0.9322803092207997,0.001260239445494645,0.001260239445494645,3.0590301721453272,-0.06069192460194106,0.15397812660957688,0.0,0.37382697389739067
2024-02-28,2.446819835142554,2.397525859767758,1.428922e-317,1.682877e-318,-4.67680804922238,0.02459333598507918,0.12934350263299052,0.0,0.48866865808225113
2024-02-29,1.7042533246723761,1.7277823319801209,0.0,0.0,4.311086796299235,0.030016517577147184,0.14502325228803553,0.0,0.0
2024-03-01,1.4667337547876513,1.3105019624703351,0.0,0.0,0.8449885554961956,0.03633422821185395,0.12419870653785087,0.0,0.6587051797237384
2024-03-04,1.6878095256915897,1.451117410875831,0.0,0.0,0.2829029699122021,0.002111619231937034,0.11978844529884763,0.0,0.8619508424894624
2024-03-05,1.5679512675621168,1.704145738677211,0.0,0.0,-0.2902401154386336,-0.03892541886407752,0.13466909332366112,0.0,0.0
2024-03-06,1.362561818280579,1.2724842076114504,0.0,0.0,0.6779514267764464,-0.016062238058034417,0.10147291385873339,0.0,0.4871946736321495
2024-03-07,1.179178429282965,1.182715814734123,0.0,0.0,-1.6341749309063847,0.02583493356860256,0.11905751017866133,0.0,0.0
2024-03-08,1.0176621841607036,0.9461208875165037,0.0,0.0,1.0537520560286007,0.08998993990783077,0.14510022327061312,0.0,0.3748220741574825
2024-03-11,0.9653090818397363,0.986531020079185,0.0,0.0,2.002469862538314,0.009138176980161283,0.13991226355926922,0.0,0.0
2024-03-12,1.1479850856218963,1.0775272011852266,-0.9979806962925607,-0.9979806962925607,0.34007536958442497,0.010874305678942875,0.10729041268115207,0.0,0.39598596883759013
2024-03-13,0.978321693604451,0.8934828567736353,-0.9999803540205497,-0.9999803540205497,0.36350569528851295,0.0036153213720746535,0.11755803516511477,0.0,0.3984993360455006
2024-03-14,1.1495259370144335,1.0148525466673346,0.0,0.0,-0.6354327527245518,0.0003042532320085556,0.10522098798577086,0.0,0.5398927563801321
2024-03-15,0.939462620637803,0.9057361084859243,0.0,0.0,1.5202535186668031,-0.008105402833868958,0.1751186768119037,0.0,0.24946365939836274
2024-03-18,0.7858360233348984,0.8174440265577506,0.0,-4.095493694487618,1.265164686973863,0.06316013486575844,0.14072167805104133,0.0,0.0
2024-03-19,0.9472747597408503,0.8991735342183764,0.9999999999583872,0.9999999999583872,-0.4297812199639872,-0.03239546653048819,0.1252227507689891,0.0,0.2980208479340329
2024-03-20,0.9134039705545008,0.989092700915509,-1.0001562744178778,0.0,1.0396481009204983,0.014276468317797608,0.11428324168973356,0.0,0.0
2024-03-21,0.8492744495017132,0.737574305390741,0.9999999991428714,0.9999999917858993,-0.3404479072324884,0.05487184322128247,0.1155802985789298,0.0,0.4210121549359399
2024-03-22,1.141312737268553,1.120485553928813,-0.011603863766186676,0.0,-0.9308215392229258,-0.010994704804290212,0.10919598660359162,0.0,0.21704121195818568
2024-03-25,1.264595924056975,1.299216894823787,0.0,0.0,-2.0730925308032333,0.007625393513577272,0.14742453772572284,0.0,0.0
2024-03-26,1.7736667295781168,1.7191901901091557,1.0303490136570561,0.0,-0.1751102517695058,0.0486062047498681,0.11258583976390794,0.0,0.4362095343350227
2024-03-27,1.6848463393815127,1.7008051454083677,0.0,0.0,-3.1325677241732186,0.010347736941662689,0.1744874980553352,0.0,0.0
2024-03-28,1.361366291299708,1.3017285170408628,0.0,0.0,2.218870659074601,0.060508686096860664,0.13196551142989435,0.0,0.3985235840069162
2024-03-29,1.4089559572085677,1.3988705206673262,-1.00125,0.0,1.0728008847765702,-0.004433716925689168,0.12937475751199728,0.0,0.16827999216019393
2024-04-01,0.8806450836229619,0.8907453272460263,0.0,0.0,1.7253388838933459,0.05827426869611241,0.12731340124876786,0.0,0.0
2024-04-02,0.9376266370298544,0.8683016146709157,0.0,0.0,-0.4364482180272522,-0.021940001878517634,0.11806661899464768,0.0,0.3538304910939628
2024-04-03,0.9401524324421987,0.8688491253269782,0.9999989966900805,0.9999989966900805,-0.32282897779702946,-0.0030495147701814496,0.1155031121853055,0.0,0.35914870686879524
2024-04-08,0.8613964193977768,0.8363580586670155,0.9861852202322313,-1.991720400252357,-1.5730640597213186,-0.025790724516172592,0.11650121853241739,0.0,0.20617708178663227
2024-04-09,0.931191504726572,0.9604418645522784,0.8198878887052443,0.6025060337814176,1.3403137298182655,0.06648254631973494,0.12945182307152686,0.0,0.0
2024-04-10,1.0562800799762653,1.0706482236084713,-0.00558659217877093,-0.00558659217877093,-1.6315208787601843,-0.016545807201928664,0.11469283833057692,0.0,0.0
2024-04-11,0.9122596100585799,0.938444763901073,0.9999982987439626,0.9999982987439626,0.9364706733472783,-0.01282199216089408,0.11830349408140627,0.0,0.0
2024-04-12,0.9437698992989022,0.9224440158505209,0.19414702387812993,0.19414702269711273,-0.8228363665816363,0.07237734106064764,0.14075213532811448,0.0,0.19949601611115914
2024-04-15,2.3347562099257577,2.147365483216028,0.0,0.0,-0.6594731192821945,0.03390274050065756,0.10302149905377911,0.0,0.9164649700230142
2024-04-16,1.9332509076927955,2.1328462164616764,-1.705143419388157,-2.6196954972462847,-3.5672427814703256,-0.021329322377949822,0.1291594988765233,0.0,0.0
2024-04-17,0.9411835447455505,0.9963383588998215,0.6516836120825648,-0.005550825028864936,3.2567275023554387,0.2271836523912718,0.12185727860605426,0.0,0.0
2024-04-18,1.4303875597145919,1.3559824627566253,0.9999996586002787,0.9999999998622853,0.27082907099613696,-0.07640144041721753,0.12439399680231067,0.0,0.4553242050262016
2024-04-19,1.223732482249183,1.199578630480756,0.9997778271495223,1.0250198857473425,0.16826415691659768,-0.027842825320312237,0.1090907488985789,0.0,0.24193448990514105
2024-04-22,1.3181896831334294,1.0967990570196495,0.0,0.0,0.27147802211917593,0.006003940351062553,0.10712696752298946,0.0,0.7312016611306477
2024-04-23,0.8976197064191148,0.9175068362948405,1.64524e-319,0.0,-0.3728362244766137,0.06729667300615638,0.1185945438676827,0.0,0.0
2024-04-24,0.8658701843115921,0.7660547022759697,0.0,0.0,1.6101674692600598,0.043577083864621,0.13705234208025593,0.0,0.40359802923288157
2024-04-25,0.7975534146823049,0.7997871333108465,0.0,0.0,0.5933604156209027,-0.047228671650312304,0.118250618416072,0.0,0.0
2024-04-26,0.9016907208536696,0.8257589216420335,7.524653586907932e-06,0.0038156329850574018,2.100121401754218,0.026127864443448168,0.1221542976370188,0.0,0.3621717263981225
2024-04-29,0.7721565158517522,0.7599378985161254,0.0,0.0,2.2224807939089652,0.04170654130448703,0.10822070316539623,0.0,0.13682132644881184
2024-04-30,0.7352593225283585,0.7732434622528519,-1.025779840164991,0.0,-0.6153376115831777,0.009473971303441964,0.10911801905184447,0.0,0.0
2024-05-06,0.7464125218010077,0.7688140854494031,0.0,0.0,0.7572226118605752,0.10398415232875102,0.11440476905282058,0.0,0.0
2024-05-07,0.6752371664339817,0.5675650511288313,1.0004175535344297,1.0004232166586853,0.369342484448798,0.006509321542957913,0.115267657386162,0.0,0.36580752270957995
2024-05-08,0.6672330788479927,0.6453425140225764,-0.9996035989882102,0.0,-1.188137277175516,-0.042086543505603924,0.12550319600267038,0.0,0.16950817415096078
2024-05-09,0.6109892096788888,0.6300405131298826,0.0,0.0,1.6414897308557386,0.04410218565329416,0.11881923018703525,0.0,0.0
2024-05-10,0.851880940506651,0.7893776414274825,-1.9713911772836554,-1.000674815821346,-1.0720387957521615,0.03334955392197969,0.11584430082939294,0.0,0.32028748962905373
2024-05-13,0.9160233436356351,0.8955854571789064,-0.9999908969258918,-0.9999908969258918,-0.26604314560120246,-0.04328875348325045,0.11516810002111287,0.0,0.19241999629731327
2024-05-14,0.68578000189597,0.6871322972599909,-0.9995456610631531,-0.9995456610631531,0.4462011898469287,0.04668894418182745,0.11679207427887234,0.0,0.0
2024-05-15,0.6646565800726827,0.6358953796449293,0.0018135654697134824,0.0018135654697134824,-0.797851117381343,-0.006530358235168343,0.1307392001911647,0.0,0.19340484890546503
2024-05-16,0.6319971293745406,0.5807378474892425,0.9999999694422487,0.9999999694422487,-0.47411883688440737,0.11153305481199638,0.1446810804960124,0.0,0.24932694204842978
2024-05-17,0.9068464174972898,0.9285279294690592,0.0,0.0,1.3168679042437015,0.02744918585146916,0.17680625371736078,0.0,0.0
2024-05-20,0.6647231451591938,0.6057666489641533,-0.9999999874723134,-0.9999999874723134,0.5985718496340109,-0.003195741733441615,0.11196916299278474,0.0,0.2736852694484504
2024-05-21,0.566307358228884,0.5568902182800349,0.500096641586006,-0.8145185294103328,-0.8591735689435276,-0.0229430358219207,0.10604372085691147,0.0,0.10284604400847233
2024-05-22,0.5265013575323356,0.5553009734851051,-1.0000000416879917,-0.9999999225691985,0.08607931571893435,0.03708762183811665,0.12700630321374576,0.0,0.0
2024-05-23,0.8731420763532858,0.8360482076008259,0.0,0.0,-1.9479499289674629,-0.014895366839973168,0.12216562212265578,0.0,0.25179451953125076
2024-05-24,0.8494892173748296,0.7462403265529284,-0.7348738078133855,1.5911012340782458,-0.9771215096662456,0.02438359228427167,0.1446360457308276,0.0,0.4059030739749076
2024-05-27,1.0627068191477693,1.0853906322590607,-1.0003315156643628,-1.1910972899567556,0.7908457130261004,0.07713402950733084,0.1332553379772067,0.0,0.0
2024-05-28,0.7490003471265796,0.7752289308676831,0.0,0.0,-0.7822869375754271,-0.0038698393091007866,0.12081725778989565,0.0,0.0
2024-05-29,0.7031305718543358,0.6801364150617086,-0.9999999993313458,-0.9999999934366561,0.21808156430669356,0.05455060073211726,0.11425756869650402,0.0,0.17834533350556858
2024-05-30,0.9921722087174486,0.9058061499591581,-1.0075084270717474,-1.0075882953737585,0.008342940526184783,-0.017728885858547816,0.11606959988929923,0.0,0.4048714739857916
2024-05-31,0.6157015817839445,0.64475133859663,-0.9997965275511769,1.065974279657752,0.3464242526995287,0.04918356685077452,0.13239402803989736,0.0,0.0
2024-06-03,0.9625453759396865,0.9556931907566981,-0.45410517375232945,-0.45410517375232945,-1.2382318653797464,0.004434981323542253,0.10020704694023114,0.0,0.11464783418867455
2024-06-04,1.062479062258068,0.9496114370262251,-2.2790430052480235,0.00018471865776180103,0.8865460473947762,-0.006606723309188212,0.1401093889225959,0.0,0.4765499726217296
2024-06-05,0.6628455505096512,0.6582410725860853,-0.9617737003058104,-0.9617737003058104,-0.9667987704823466,0.018493471668512562,0.1546254845493248,0.0,0.07799303937636054
2024-06-06,1.5902237895855689,1.6311765108458214,-0.9995710678946764,0.0,-2.3159105866434104,0.04881379729686497,0.1036940541489063,0.0,0.0
2024-06-07,1.1890277394364206,1.1482549474330872,0.9958200480865438,0.9958200480865438,-0.207862740688447,0.09979700815210268,0.1151105209177878,0.0,0.3087029977903074
2024-06-11,1.0317589165066807,0.9735403120600474,0.9999011026928719,0.9999011026928719,1.3335805865139605,-0.03340076487011734,0.11436631970139602,0.0,0.34168073194879633
2024-06-12,0.7571402895837784,0.6962275576498922,-0.9255952380952381,-0.9255952380952381,0.549997931737134,-0.008274294261767512,0.1296013355846882,0.0,0.2975375708710984
2024-06-13,0.6786900611893377,0.7046306462078731,0.0,0.0,-0.7023075235358389,0.04722872370162001,0.12393367846304897,0.0,0.0
2024-06-14,0.8672308846305634,0.901726789997508,-0.8919521589296574,0.0,0.32964797338772556,-0.024058679013549966,0.14102944199165343,0.0,0.0
2024-06-17,0.6830402952955335,0.7156647039623217,-1.015925602959044,-1.0160900494011094,0.5141474056495676,-0.029629890950344517,0.11755211404840961,0.0,0.0
2024-06-18,0.6559795203029786,0.6246396159170073,-1.0003005630899209,0.0,0.8053156587994659,0.04290534160216186,0.12456687008985912,0.0,0.20033592110248075
2024-06-19,0.7134218584556106,0.5850839319388043,0.0,0.0,-1.3575452898388018,0.009941711363903316,0.12345707311171678,0.0,0.4082248653735903
2024-06-20,1.2272890702301993,1.2749658978700407,0.0,0.0,-1.8400183221776945,0.002341385908266602,0.13277619679285255,0.0,0.0
2024-06-21,1.0222312255243475,1.0718566565884624,0.08678643909417041,0.08678646480750825,0.28790951249815233,0.003793177624844546,0.12869732021420716,0.0,0.0
2024-06-24,1.3738513060772357,1.2996257104725961,0.0,0.0,-2.6785312684072804,-0.06400336013162589,0.14801876894449306,0.0,0.44546652386989316
2024-06-25,1.4370156060814132,1.2436652235199397,0.0,0.0,-0.8706983823571379,0.08799420191625273,0.10768742541871618,0.0,0.7199379583885197
2024-06-26,1.4802704082732234,1.4338057804290434,-1.000000022869381,-1.0000000006766545,2.9616350006926417,0.019611715703571342,0.1396090138868248,0.0,0.3679693813588811
2024-06-27,1.0350000663646177,0.9559077137307883,0.0,0.0,-1.9522903070697817,-0.0749638580421319,0.1371039158577257,0.0,0.39681932942428627
2024-06-28,1.1595368381449978,1.1797962455567523,0.0,0.0,0.838876242459885,-0.0019195318648801418,0.11123840477067104,0.0,0.0
2024-07-01,1.5786534374817345,1.1275872911735412,-0.9999999999864958,-0.9999999998503946,0.897011259359437,0.03610743946054207,0.1026941481430963,0.0,1.1048500244181616
2024-07-02,0.8048703308009717,0.7886855540742727,0.0,0.0,-0.7073497393128791,-0.0020887727614105067,0.11460410250724892,0.0,0.16059684367453556
2024-07-03,0.7154371879072623,0.7204153682838275,1.0000294291916751,0.9999999933505339,-0.6851679696171398,0.0008876342388663971,0.13633124358951187,0.0,0.0
2024-07-04,1.0507895123470017,1.0977206525967629,0.0,0.0,-2.248851925896733,0.059011458451863064,0.1187326205536934,0.0,0.0
2024-07-05,1.2580363980088514,1.1980394589926522,-0.3090153976584933,-0.3090153976584933,1.1908768656618385,0.009340027159687736,0.11630998379198292,0.0,0.38387111562564624
2024-07-08,0.9381064321766929,0.9699279442479007,-7.669141804546481e-35,1.70816e-318,-2.2164676577708264,-0.02344689275666223,0.13648068567798638,0.0,0.0
2024-07-09,1.9493073384308708,1.7652867613919758,0.9999999994300267,0.9999999936638538,2.3013097358871804,-0.0026294044443764264,0.10303004642761006,0.0,0.8267779325276376
2024-07-10,0.997576377959379,0.9808495708893973,0.0,0.0,-0.06746627501992286,-0.04729709034982932,0.12302150873482771,0.0,0.18191412575344207
2024-07-11,0.9959962722447009,0.9346175391848962,-0.9997905341107869,-0.9997905341107869,0.8723834828902932,0.10662376431185283,0.1087139625732453,0.0,0.3442362993254913
2024-07-12,0.6612879406597703,0.6681314537903708,0.9999999262484769,1.0000000008784393,-0.1041407098205216,-0.026791344074195145,0.10962418064386897,0.0,0.0
2024-07-15,0.8822011915968238,0.9057705248333238,12.74880442706476,12.288069396647163,-0.7972465063750045,-0.053495538163628176,0.1313246594762781,0.0,0.0
2024-07-16,0.8662151883259589,0.801911667866777,0.0,0.0,0.4468660902601229,-0.011165473142582538,0.12722379874832976,0.0,0.327515540739215
2024-07-17,1.0593737826590413,0.9808276214513733,0.0,0.0,-0.7778522094250673,-0.025276966360265885,0.14769008981722362,0.0,0.40031236351550165
2024-07-18,1.4382555419443654,1.4083903135010423,-0.18699627074003478,-1.1200148818453484,1.1313137035900755,-0.09891874410270507,0.1090437290897869,0.0,0.2915745681127147
2024-07-19,0.8538243869291294,0.8236314421262034,0.16125109670108376,0.16125109670108376,0.767342606265009,-0.08485058243234977,0.13623016685408337,0.0,0.22504961954203356
2024-07-22,0.6609839899282804,0.6551976627432444,0.034929888217135566,0.010385378324199957,0.07500746124995405,0.012735764833160523,0.12494423244058006,0.0,0.08726888149448742
2024-07-23,0.7366794389118638,0.7543087458524808,0.0,0.0,-2.70805088766487,-0.0023188129501194865,0.16264602455770616,0.0,0.0
2024-07-24,1.3793027241833722,1.3607628305606976,-1.000312597686777,0.0,-1.093834218072598,0.0035326319400175166,0.12323882799306185,0.0,0.2253897156130018
2024-07-25,1.2627551886492148,0.9857687204639046,0.9995605086160674,1.0914110146475617,0.6586249423679247,-0.0082126902533175,0.11583971130594976,0.0,0.7891835630672184
2024-07-26,0.9836182798712801,0.845553107425347,-0.9934426229508196,-0.75,1.3341572106969624,0.04011588612160555,0.11524000122406776,0.0,0.5025384194469869
2024-07-29,0.730361511888566,0.6377992930509712,-0.23875846048676913,-0.44927105461094496,-0.45318893832755336,-0.006400726024602399,0.11357406867390493,0.0,0.3558651427603346
2024-07-30,0.9380797616463471,0.9214795035569454,0.0,0.0,0.6214468956156516,-0.03157270307942994,0.12459359329671192,0.0,0.1756962257275687
2024-07-31,1.4128887406501176,1.4249469360095877,-1.1065291730140308,0.0,4.060550619577863,-0.00916204198142534,0.1254310483079587,0.0,0.0
2024-08-01,0.9201118933032008,0.9222974930361484,0.0,0.0,-0.33465998061769087,-0.0028458721411106502,0.11357958250367563,0.0,0.0
2024-08-02,0.8611914367424541,0.8764557020658681,0.0,0.0,-0.686720703145971,-0.033636218925714445,0.11756051813855786,0.0,0.0
2024-08-05,1.566407240387573,1.4384978617036903,0.0,0.0,-1.9568109802916345,-0.08425559028156782,0.12065455211552804,0.0,0.6199641478444724
2024-08-06,1.0861203002505553,1.1347540382771102,0.006080752146306491,-1.0977364244106487,0.25687577826594143,0.13908745566844072,0.12690002534814662,0.0,0.0
2024-08-07,1.029809526888629,0.9269080042665699,0.6448594276813251,0.0013598599514990687,0.033208660790062794,0.0038805046672196752,0.11027447983675465,0.0,0.44871952631587814
2024-08-08,1.0083890440872365,0.9307109389416006,0.0031470675501609614,0.0031470675501609614,0.2536858643880091,-0.017553765226596685,0.11119745057911172,0.0,0.38810515632958925
2024-08-09,0.8126608616722512,0.707336568746542,0.0,0.0,-1.2883087647274638,0.0839200263387907,0.13231032178671867,0.0,0.4001158014972092
2024-08-12,0.905338724313972,0.863033668876368,0.0,0.0,-0.4875471838226675,0.013578589445395473,0.12614707518839577,0.0,0.273516164290606
2024-08-13,1.1452317015749913,1.0639469769205676,0.3230362712881648,0.3230362712881648,0.5175677533806322,0.04704358320921642,0.1493887434938082,0.0,0.42375993273778867
2024-08-14,0.623557007938989,0.6298788685486286,0.0,0.0,-1.0401949210500638,0.003097060733980861,0.12768919134744577,0.0,0.0
2024-08-15,1.3521464694460428,1.4505097918018357,0.0,0.0,1.1399321211272628,-0.0024832486341552773,0.11233660172141213,0.0,0.0
2024-08-16,0.7462101268028137,0.793807653004117,0.0,0.0,-0.9255747588125196,0.05167651222997005,0.13593228194890555,0.0,0.0
2024-08-19,0.7245690550340175,0.7251162685508762,0.0,0.0,0.2508306420568207,0.013899348635448838,0.1139463818903346,0.0,0.0
2024-08-20,0.8502035445457422,0.8816708280363523,-1.0016722408026757,0.0,-1.8186653928311092,0.007575407196358519,0.11636515449706317,0.0,0.0
2024-08-21,0.7274240644524309,0.7438518114664402,-0.22599920982590305,0.0,-0.34175444759324547,-0.011320271152814865,0.1309264490618242,0.0,0.0
2024-08-22,0.9931716146756912,1.025711605422039,0.0,0.0,-1.3182070317512617,0.05588332762256343,0.1345843811496374,0.0,0.0
2024-08-23,0.8730927459974576,0.8521435341150211,-0.0,0.0,0.2625853541241119,0.020443244976542374,0.13447878635272315,0.0,0.19011138939932776
2024-08-26,0.8839557186425313,0.926433935763713,1.000250994141981,1.0003806239550475,0.3991522666775049,0.04998324283735922,0.11550213516731979,0.0,0.0
2024-08-27,0.9891364114128595,1.0857937592103846,0.0,0.0,-0.8917647549302021,-0.020601079601445527,0.1231482071629789,0.0,0.0
2024-08-28,0.9186126147041578,0.8624572414090015,0.005530135428147011,0.005530135428147011,0.44955192654487774,0.018684358661302802,0.11231858007877468,0.0,0.31625407923817334
2024-08-29,1.0230705224207994,1.0560387754578746,-0.008148786814021626,1.3271716015049742,2.039957347069299,-0.03995570786059499,0.1242921005580523,0.0,0.0
2024-08-30,1.1700421300165318,1.227624137241937,0.0,0.0,1.9717135583392054,-0.0026784559256753937,0.12195493609225103,0.0,0.0
2024-09-02,0.9888237489937827,0.71929562797187,0.0,0.0,-2.029719408394115,-0.016513290735331587,0.1205006888796885,0.0,0.6785176535320747
2024-09-03,0.9835685048973362,1.0049632021799852,0.0,0.0,0.9211321714549747,0.015949434750917035,0.11289673385247395,0.0,0.0
2024-09-04,0.9400617836875622,0.7644441127072982,0.000656463831740734,-1.6111625854840523,0.21338316935102242,-0.040174734892650665,0.11673444370375421,0.0,0.5471209698933067
2024-09-05,0.825314970345306,0.8978271416378867,1.0000357935428448,0.0,0.6285006928494097,0.07937172896259614,0.12272680657958786,0.0,0.0
2024-09-06,0.7178059697997274,0.6980753819860999,0.0,0.0,-1.8135329475593154,0.05597822027090249,0.12384028261167906,0.0,0.16714117190293964
2024-09-09,0.812127415849696,0.8177666277061286,0.0,0.0,-0.31570887527399005,-0.02858390052828952,0.11906996133980247,0.0,0.0
2024-09-10,1.3282953704474372,1.2838939774132663,-0.6612378125922211,-0.6612378125922211,0.09141789247129051,0.04438927922927327,0.10519796654975931,0.0,0.34056547962768857
2024-09-11,0.831355543960862,0.8313266588579603,-1.000000046931139,-1.0000000017390998,0.4088285149551396,-0.0285006881494132,0.13307107562277903,0.0,0.006930133225354114
2024-09-12,0.6872209956115907,0.7086299464920833,1.003316343427622,1.5800176247926039,-0.5379449454321672,0.05321873941868116,0.13354220322765697,0.0,0.0
2024-09-13,0.8140011843169821,0.8601400213495187,1.4830917874396137,0.0,-1.3786955106885213,0.06481687455206497,0.14209820621365551,0.0,0.0
2024-09-18,1.081637694372804,1.1210031567281726,0.9996651814943466,0.9996651814943466,-0.3610991067877434,0.026579651912594926,0.11073805708051515,0.0,0.0
2024-09-19,1.4402898724430946,1.5556090764675379,-1.28487e-319,-1.140949e-317,1.3937277185551267,0.04250490247952321,0.10735991671966623,0.0,0.0
2024-09-20,0.7497191403608934,0.6800345832948728,-1.0004349717268377,0.0,-0.4220580986806777,-0.04239798753622459,0.14263258487582814,0.0,0.3156449824509266
2024-09-23,1.0406929730938406,1.0811139536888252,0.9996214140173361,0.6475424912944664,0.15693626489896584,-0.013146700823440938,0.11855647641080352,0.0,0.0
2024-09-24,1.9244856336576524,1.7759284273969198,0.0,0.0,3.3461636065749145,0.0612051403051872,0.11552242285349218,0.0,0.7414331897873194
2024-09-25,1.6921235789811713,1.521572874371001,0.9999999993792574,0.9999999958147563,-0.11275595067931077,0.06739202175383152,0.0861003353462163,0.0,0.7403365413934515
2024-09-26,1.6404439485758178,1.5566375725595645,0.0,0.0,4.247033964598246,-0.008231492230748039,0.15820876805165207,0.0,0.5176251695144733
2024-09-27,1.986743714162056,1.895706381472281,0.0,0.0,3.6478594972045197,0.09548898567190989,0.10284087215775228,0.0,0.5945148450692485
2024-09-30,3.3511528817025877,3.002544947713394,0.5286513014492699,0.0,6.048152085678216,0.14264716650018716,0.08097058258872074,0.0,1.4882706318087218
2024-10-08,6.464430040137817,6.981847772862761,1.020948946001363,1.0210262942304764,-3.5583087029610216,-0.09786064032121233,0.0993515884772298,0.0,0.0
2024-10-09,4.691537167996351,4.792157346660557,-0.006259516929357818,0.0,-5.154068210648921,-0.23223137621649625,0.10534950411262477,0.0,0.0
2024-10-10,3.583877792225666,3.7527625678764434,-0.9321827615667034,-0.5738002154276932,-2.4128146926367555,0.28450137802704667,0.09890309511246351,0.0,0.0
2024-10-11,3.0301405661309238,2.893210292190829,-0.9999999991183725,-0.9999999923566523,-3.4423874730383774,-0.01918570759776861,0.12735824399027101,0.0,0.9006031621492849
2024-10-14,2.6412860638935536,2.781114545113935,-0.2441077215386712,-0.32636208611467554,2.8775547523413936,0.12951748829108656,0.10268740416895245,0.0,0.0
2024-10-15,2.1402579532518073,2.213252649899183,1.0106669449735446,-0.9191174091688513,-1.2757147534674051,-0.13156659436999174,0.12051041099539057,0.0,0.0
2024-10-16,2.3907824348367397,2.3310713659579925,1.2790366e-317,1.90245e-318,1.8187316046093471,0.0026984028828058726,0.10319133356412699,0.0,0.5309867583420779
2024-10-17,1.798200641468482,1.8315560637510537,1.268841e-317,1.413507e-318,-1.1005089404765078,0.0613718304484534,0.11891599797505228,0.0,0.0
2024-10-18,2.840856700053824,2.9214196462885296,0.0,0.0,4.622348208419802,0.004018055042998014,0.16348353231492205,0.0,0.0
2024-10-21,2.336516316550655,2.4911624155710808,-1.0000001330514947,-0.9999999998574365,1.0913123692452675,0.005200963415075144,0.09380799655782777,0.0,0.0
2024-10-22,1.7006939885955925,1.7737464332999824,2.3863641088e-312,-1.3890937e-317,0.41887189994302965,-0.04320253252134698,0.10324001045315637,0.0,0.0
2024-10-23,1.4017879703450404,1.4202411868296179,1.000000000886404,0.9999999952381597,0.5598709621131182,-0.010363941427538048,0.10783922995537365,0.0,0.0
2024-10-24,1.1234695694280803,1.064266563067335,0.0,0.0,-0.11010391468068148,-0.05439182799872322,0.11273710880490707,0.0,0.35988964442973154
2024-10-25,1.266964832294432,1.1894559968310507,-1.1457946381979027,1.097894792549947,1.6129028966463732,0.06180616117574811,0.11751578599114572,0.0,0.43634197354083376
2024-10-28,1.108547771315564,1.20053034082822,-1.0002572262366118,-5.861321141788356e-05,1.552690192489159,0.006220023764313964,0.11532194696850667,0.0,0.0
2024-10-29,1.3807613836557333,1.3383057286213673,0.0,0.0,-2.003980050779497,0.00015066667629071162,0.09718743959205624,0.0,0.33976429378927725
2024-10-30,1.4450666566537682,1.3872023191601166,-0.9999999899008413,-0.9999999899008413,1.0038878464764922,-0.02132770419284169,0.09998711611264512,0.0,0.40483004815514106
2024-10-31,1.6922829845151615,1.568112899486548,-0.9409681227863047,-2.809523809523809,1.199209659644862,0.05243988139804756,0.14806865627525978,0.0,0.6362732385881347
2024-11-01,2.626773833409043,2.3044940931947844,-0.06808267880262588,-0.06808267880262588,-2.7595370675741804,-0.03715912262443055,0.09136844815263388,0.0,1.2606536980125778
2024-11-04,1.0612345538594616,1.1062133874437303,0.0,0.0,2.2611322063394557,0.11764599424575195,0.12217329637857165,0.0,0.0
2024-11-05,1.4329082190767217,1.383131582363626,-0.045549998715256446,1.0002762697024365,3.4500341111246335,0.005728712352537357,0.11512815376139682,0.0,0.3743968351440946
2024-11-06,1.8780797108954859,1.8987208371424114,0.8849208186633263,0.8854402393620187,0.05810919195423647,0.03571012028338316,0.11096273618615479,0.0,0.0
2024-11-07,1.3586109764246495,1.3049943196019782,0.0,0.0,2.7195149446308298,-0.06803430734617644,0.11254558858032755,0.0,0.3779068814775795
2024-11-08,1.9468856205167708,2.0669257161414154,-0.05594639865996649,-0.010101010101009883,-0.8196146951324201,0.09470989341728853,0.10412821885235342,0.0,0.0
2024-11-11,1.3440196579053947,1.398694655397051,0.0,0.0,2.524187366749042,0.01340363989246196,0.11405688646604428,0.0,0.0
2024-11-12,1.7854612095886226,1.8817840196128244,0.0,0.0,-1.553231859536064,0.008744549064254592,0.11451437816611863,0.0,0.0
2024-11-13,1.6454407998573988,1.7914056995769085,-0.005727604076268881,-0.005727604076268881,0.3219217249981643,-0.003803922735279297,0.10827888977386092,0.0,0.0
2024-11-14,1.4586071666150546,1.3270464282785073,1.0006723474775772,-1.967773398957192,-2.928047839909209,-0.009699767888016186,0.14982072994841336,0.0,0.6053780997806695
2024-11-15,1.5608685368742496,1.5607240399487678,0.0,0.0,-2.028236058445143,0.09587540906781378,0.15384634530870991,0.0,0.02123818565598093
2024-11-18,2.308301581894349,1.8777124127230391,0.0,0.0,-3.014961362438928,0.09392303273532132,0.11330595299084657,0.0,1.3425543892452836
2024-11-19,1.774642772715838,1.9188939696244847,2.25436149553e-312,-1.543079e-317,2.4143572578084083,0.13254277403500492,0.14365078717269378,0.0,0.0
2024-11-20,1.3707075904238033,1.3522397511194333,0.0,0.0,2.261220496294536,-0.07154697290504552,0.10293369379648608,0.0,0.22424752827597025
2024-11-21,1.2698357743813615,1.3282003277064833,1.0001135128742074,1.0001155252649463,0.371150331696124,-0.032050909207204104,0.10556866293958009,0.0,0.0
2024-11-22,1.7552786242507983,1.7924036188196708,0.0,0.0,-3.36221933404236,0.00345027323744862,0.15606237039904045,0.0,0.0
2024-11-25,1.9710784964193255,1.599340805447873,0.0,0.0,-0.08803687815432948,0.15746026778316047,0.12141925350965041,0.0,1.1520674576933496
2024-11-26,1.49980285811043,1.4008912884845888,0.0,0.0,-0.9080782620724093,-0.00418279215870232,0.12815332687861788,0.0,0.5356418682703988
2024-11-27,1.9930047110558287,1.912931341812791,1.0000000247454583,1.0000000005896372,2.982251592487839,-0.017825731289133895,0.1598664369505313,0.0,0.5592508022354927
2024-11-28,1.292140532459075,1.2409433128874316,-1.0050251256281406,0.0,-0.5512270599231539,-0.030359324040218905,0.12924520267198666,0.0,0.3601206045529573
2024-11-29,1.572505459675762,1.5544448936957176,-0.6846362261076179,-0.6846362261076179,1.9539855188789979,0.06259072560457213,0.09623382291797185,0.0,0.23764362641019532
2024-12-02,1.0973389591587968,1.1173680526275174,0.9645459890593947,0.9645459890593947,1.9865480850496553,0.029509751936473982,0.11586299123818367,0.0,0.0
2024-12-03,1.4221508084961525,1.3535073623652454,0.0011238294604559312,0.0011238294604559312,-0.23581808874181265,-0.012514705728761122,0.1062676377236774,0.0,0.43649827276787306
2024-12-04,1.2058782551739948,1.1341112605936814,-0.0002696571318659847,-0.01377295569314373,-1.5380371467205278,0.01304544915456951,0.12645176085254164,0.0,0.4097975291483455
2024-12-05,1.046034901011156,0.9444373887669463,0.971830985915493,0.971830985915493,1.586490342949065,0.021255640467665593,0.11376859747844839,0.0,0.4496966008682865
2024-12-06,1.2511528921526103,1.2353743503426713,0.0,0.0,0.9004432034379395,0.026301392403382806,0.12187598598984224,0.0,0.1980751727432394
2024-12-09,1.182315154629673,1.1402616540192423,1.0004446138762917,-1.9441614158124032,-0.685603716362948,0.0030110635076407988,0.11068911531429217,0.0,0.3125259753049168
2024-12-10,0.9977121306776924,1.0359826736361515,-0.9965398650576829,-0.011442683507401833,-2.0294740661126354,0.0042057199824530045,0.10801748538916175,0.0,0.0
2024-12-11,0.9459932755077813,0.9826771454254499,-1.0000326808065623,0.0,1.6193338571986127,0.01343835776426161,0.11765468501695461,0.0,0.0
2024-12-12,0.8678552445441986,0.8396427931683303,0.9995686063068653,0.9053545628777144,0.5369949335602309,0.008333150011274881,0.12021253505115467,0.0,0.21948281336668518
2024-12-13,1.058173931370549,1.0441403782386978,0.0,0.0,-1.3935743621207641,-0.03724871137528174,0.14800226872675307,0.0,0.1717641975609367
2024-12-16,0.9299071510251172,0.8512371182448666,0.0,0.0,-1.2588143484736802,0.030171682632862407,0.12516035296713993,0.0,0.3743296382198787
2024-12-17,1.52194775153855,1.526767774448055,-1.0002471532029054,0.0,-1.9207741178296045,0.02831460341159442,0.11696971687249837,0.0,0.0
2024-12-18,1.140514812698956,1.1795922204311953,1.0000000487803593,0.0,0.5846420465833724,0.051366869556446204,0.1292420851736392,0.0,0.0
2024-12-19,1.3178165527888799,1.07883356671045,0.017203529910821344,-1.051420226660358,1.3293615112905055,-0.02394886999490531,0.11414615052762789,0.0,0.7568081673338203
2024-12-20,0.9348900353997196,0.9241761370608427,0.0,0.0,1.2023496198880768,0.025777790058811867,0.11918059278561242,0.0,0.14113059901023425
2024-12-23,1.3631844443214127,1.4923444202514742,0.9990800700777984,0.9909663391124354,-2.7926626061755555,-0.0038202971751166714,0.11241453987642847,0.0,0.0
2024-12-24,1.3674938721711332,1.1725255870635465,0.0,0.0,0.7559029429578201,0.12022386257279916,0.13389325751965792,0.0,0.7037209945048428
2024-12-25,1.170086924902129,1.2305014465712085,-0.9006338624419341,-0.9006338624419341,-1.0409886732786644,0.002433975333970828,0.1255689287458418,0.0,0.0
2024-12-26,0.7415136415233397,0.8083281405142254,1.000320413526912,1.0003227775769858,1.2389240044781813,0.019316597136831426,0.13440310346816026,0.0,0.0
2024-12-27,0.900493329815022,0.9584681138473434,-0.999999999101412,-0.9999999927425868,0.08799022182388594,0.02384069220249252,0.11993579966683207,0.0,0.0
2024-12-30,1.0655644537094089,1.0593068124028424,0.0,0.0,-0.3241190773226821,0.016300324351958828,0.13209717269170732,0.0,0.11531124058807261
2024-12-31,1.5035139374687019,1.5901731111459578,0.0,0.0,-3.1730548667535885,0.03121263890286663,0.1411428235155951,0.0,0.0
2025-01-02,1.7319500587278234,1.6918238804078876,-0.9999999745319853,-0.9999999614788292,-2.5898388260456207,0.04262626187234719,0.1537843056457373,0.0,0.37065207892160584
2025-01-03,1.9934769124366094,1.7255026510482467,0.19274422404706168,0.19724947850898505,-3.2662131840587305,0.11365329794270629,0.1406713574204496,0.0,0.9982939455106746
2025-01-06,1.864771869521558,1.766135225510563,0.10129314636409617,0.10129314636409617,-0.13287695097857766,0.026148782547052996,0.11999366485644941,0.0,0.5984484025959796
2025-01-07,1.1662850254748123,1.1981538912618126,0.0,-0.00010873110797004584,1.407611961828903,0.03716129019379899,0.16622043432373668,0.0,0.0
2025-01-08,1.763146419984887,1.6168552861914314,0.0,0.0,-0.01715597302992533,-0.02756380602686459,0.0971685207869012,0.0,0.7031815425765581
2025-01-09,1.069638817031258,1.0981700816348239,-0.32404149608852567,-0.3240491676955998,0.7273675650885991,0.03411075929087293,0.1224523990432488,0.0,0.0
2025-01-10,1.179868545153653,1.1970728906304473,-0.38827930282920275,-0.3880632389531045,-2.1219091986079186,0.041638656948372876,0.15125442033848116,0.0,0.0
2025-01-13,1.684650182011995,1.783668356372241,1.0871080139372822,0.0,1.3489328029461678,-0.030030298745331585,0.11583769341530138,0.0,0.0
2025-01-14,1.4950040399787974,1.515763734753028,1.028952316326471,-1.9789648054495892,4.026453727414037,0.0941375208036277,0.13012274910164326,0.0,0.0
2025-01-15,0.744421961307004,0.811889345608753,-1.0004728423760223,-1.0000057618694076,-0.4667775951717634,-0.055832878910377914,0.10736956831640533,0.0,0.0
2025-01-16,1.4525987959840343,1.4649661908106029,-0.000853970964987248,-8.074349270001134e-16,-0.22008561220238088,0.06970678794890883,0.09952630644029545,0.0,0.0
2025-01-17,1.8118322063625552,1.849114072365823,-0.00571999432452201,0.0,1.0633082262047733,-0.008549277259117805,0.11981297401996097,0.0,0.0
2025-01-20,1.0041572563624082,0.9948298439293894,0.0,0.0,-0.054170656011487406,0.07424329343521663,0.1182456220755911,0.0,0.13654807626878437
2025-01-21,1.052614810436023,0.9867084466198814,0.0,0.0,-0.094960142139211,0.037794738739593825,0.12282728401854134,0.0,0.3666120299693466
2025-01-22,0.950799170654776,1.0048570716362402,-0.0657888063597011,-0.0657888063597011,-0.37116794944782594,-0.038919404535842084,0.13725845161862024,0.0,0.0
2025-01-23,1.390523361140623,1.3321117683372077,0.9999999405229543,0.9999994817025449,-1.44799618143151,0.05850400836957537,0.11314079368621181,0.0,0.39878998800788956
2025-01-24,1.2040839995680932,1.0839740262282798,0.001085423494507234,-1.9998481611275492,2.102849637039883,0.006424257224924013,0.14616026975967586,0.0,0.5242314264505215
2025-01-27,1.2003724568855665,1.121406931703383,0.99019800039208,0.99019800039208,-1.7682201808421505,0.07687587450384559,0.1343420151244528,0.0,0.42818282167445165
2025-02-05,1.2579710095005836,1.2755793363009402,-0.8439117793064321,-0.8439117793064321,-0.3692534999244823,0.04612649937814073,0.10526905183834623,0.0,0.0
2025-02-06,1.076916629924369,1.0455787073625533,-0.010113027959547882,-0.010113027959547882,2.9339469742012847,-0.0014140403748807984,0.1237226066958447,0.0,0.25790423516823563
2025-02-07,1.3292865085536463,1.3256003148627573,0.0,0.0,1.457657699261139,-0.007262214930581212,0.09609148917353487,0.0,0.09892637190608855
2025-02-10,0.9858617568790978,1.0083135431186905,0.10896449734229087,0.3476696423863841,0.8563721800399549,0.04487696292236887,0.12876084732032037,0.0,0.0
2025-02-11,1.0298544542515953,0.8491708368311229,-1.114678899082569,0.0,-0.2972235054724104,-0.014385973461683577,0.11303833197014229,0.0,0.5826740828433864
2025-02-12,0.9220768336660645,0.9741023800528738,-0.9518768046198267,-0.9518768046198267,1.8199189984926534,-0.001835592627075222,0.13685760654682225,0.0,0.0
2025-02-13,1.1960724935747036,1.1668614621351099,-0.05180290419131801,-0.05180290419131801,-1.2366403112100688,-0.008024429619313267,0.12976053691564893,0.0,0.2627236914896005
2025-02-14,1.118420036277343,1.0434547411549455,0.9821048160116107,0.9820875051590652,0.7205944287512089,0.010497339338755296,0.12287069516103062,0.0,0.402573695995999
2025-02-17,1.0950527623349409,1.1112069519125034,0.011575435235649374,-0.6357278158239927,-0.11185478662746329,0.05663448082211531,0.11019550641357567,0.0,0.0
2025-02-18,1.1492003980226932,1.1368341070789492,-0.02171410211786129,-0.02171410211786129,-1.9338522771255695,-0.016311526205248228,0.1358492413974181,0.0,0.16813615850710034
2025-02-19,1.0944507804114687,0.9810926304297035,0.0053321425757138,0.0053321425757138,2.448051575257182,0.05330080995062936,0.13695816468178654,0.0,0.4850564516216624
2025-02-20,1.0883506578568447,1.1192747867318806,-1.000052912852532,-0.00046131060771602137,0.7073793474057677,0.012526369096121925,0.11527138801923975,0.0,0.0
2025-02-21,1.096545098329209,1.109732228331884,0.0,0.0,1.566300481305527,0.03310506059703844,0.12077608366730423,0.0,0.0
2025-02-24,1.099675608050938,0.9831413256875711,-0.15548370384796842,-0.15548370384796842,0.1793395834330802,-0.03263585104865685,0.10007708172709293,0.0,0.4926657859720781
2025-02-25,1.139051488360441,1.2923282865553063,0.9999943036172031,1.0025889214333104,1.0891517119136829,-0.04998684465823411,0.13602227264810332,0.0,0.0
2025-02-26,1.160606334361894,0.9843643576563129,0.0872483134960919,0.0,1.044364235529982,0.08633162485711665,0.12336707603162249,0.0,0.6148445939721897
2025-02-27,1.4226707494698136,1.4629561415803285,0.0,0.0,-0.437709005931608,0.01981825518548863,0.10452779901905915,0.0,0.0
2025-02-28,1.4370329536379434,1.4158220901819962,-0.999999851375535,-0.9999984067583628,-2.929054157869393,-0.01980063532288634,0.15373122090750965,0.0,0.245990891689255
2025-03-03,1.399648868630803,1.4529205570356778,0.0,0.0,-0.32767135379508927,0.05157167640421623,0.12563739504987656,0.0,0.0
2025-03-04,1.0651497921981046,1.009725484733307,0.0,0.0,2.235865940251003,-0.0039042706288627826,0.13723614048715668,0.0,0.3391143248224018
2025-03-05,1.178344770381449,1.129614653247335,0.9999999517120912,0.9999999517120912,0.49008856228778264,0.025156188937769386,0.1177126830514365,0.0,0.3353611978959591
2025-03-06,0.7799757285053488,0.7820130716905602,0.0,0.0,1.4378644153932196,0.0649253924918547,0.12206907049848634,0.0,0.0
2025-03-07,1.0890198862426637,1.0439560699293324,-0.7269422989550205,-0.7269422989550205,-0.05187108577682231,-0.024421393392426438,0.11942344943056844,0.0,0.3100323155570832
2025-03-10,0.8546147607930057,0.884052580638946,0.0012890949160714357,-0.0,-0.01864251575437459,0.048478085253211844,0.11596241587589985,0.0,0.0
2025-03-11,1.0187959906626882,1.0026635228420786,0.9990731905379049,0.6840343795350942,1.7821295236065904,-0.019048670798371692,0.13543709897830786,0.0,0.18058552143591333
2025-03-12,0.8771483890570984,0.8611371490898795,-0.02878365831012067,-0.02878365831012067,-0.34732473141561027,0.06469726336360004,0.11851313588822762,0.0,0.16682957436503112
2025-03-13,1.288378653186483,1.3200692415076347,-1.0253338489745978,-1.0254358854755126,-1.4207537435939277,0.02491606589942741,0.11871551022162544,0.0,0.0
2025-03-14,1.134856615016681,1.2488997004418032,0.0,0.0,1.6045620082749457,0.05372587504695048,0.12799747133335823,0.0,0.0
2025-03-17,0.656532274484844,0.6407672967858996,-1.0005885815185402,0.0,0.01680362738571972,0.0400511966564876,0.12158968743451311,0.0,0.143010135339889
2025-03-18,0.6744030726937494,0.6548269022171254,0.0,0.0,0.07630524939219452,0.027886268113630486,0.12005689803927913,0.0,0.16131098100096602
2025-03-19,0.7273199834531395,0.7543313138793245,1.8727577784e-313,0.0,-0.3777198221892153,-0.014998736145954705,0.12466498476155381,0.0,0.0
2025-03-20,0.7261745331764351,0.7529441176658178,0.0,0.0,-0.26880314946738926,0.013062018610887627,0.14778136902534433,0.0,0.0
2025-03-21,1.12103107431065,1.0041900191210396,0.0001560601657325052,-0.40692567249151484,-1.5851196759824493,0.012802803119349448,0.12293337043535534,0.0,0.49831021971034895
2025-03-24,1.198928569756224,1.3006570350053306,1.0000534787956574,0.0,-0.7098428296151815,0.03509451321108692,0.1221512683166148,0.0,0.0
2025-03-25,1.1889090518792627,1.1596138544150651,-1.0637457206159475,0.8050700729429904,-0.7139923537004655,0.005237724403994726,0.12823993588332985,0.0,0.26229838407638645
2025-03-26,0.7218215099880618,0.7100222325632434,-0.9760243286092873,-0.9758241614148588,0.5641181554008279,0.032442326975212765,0.12090054787653903,0.0,0.12997969667356962
2025-03-27,1.0073213308343665,1.0198765572012352,-0.999991572182809,0.5956664565914253,0.199058179597289,0.017361569668317145,0.1312088768204732,0.0,0.0
2025-03-28,0.9376537057089362,0.8755503283511229,-0.9999999464401959,-1.0000294793211304,-0.9569457522488944,0.032760571527590265,0.12814563656695785,0.0,0.33556831547978616
2025-03-31,1.2694109895131924,1.190869886051117,-0.0044476007933438345,0.0,-0.026156507884789182,-0.020508686374176577,0.11050011306170873,0.0,0.43958295553110527
2025-04-01,0.7047244772533788,0.6431122202260113,0.0,0.0,0.20742887403331078,0.07137534504972898,0.1221716534828667,0.0,0.2881722766610598
2025-04-02,0.6635660212195298,0.6771021785962696,-0.9396786905122765,0.0,0.37268310875540056,0.02103914538111873,0.1306583971784973,0.0,0.0
2025-04-03,1.211285623297949,1.148839365104597,0.0,0.0,-0.09898052841827987,0.017966306555039502,0.11338887793007749,0.0,0.3839022979800557
2025-04-07,3.4841991147625486,2.585652577801887,0.24300636023237215,0.24300636023237215,-5.586665224929477,0.17442180897919712,0.06280880695135745,0.0,2.3353895217326346
2025-04-08,2.6553819002385617,2.817403594860154,0.0,0.0,0.6087554824989461,0.3834932022202864,0.1116392605753603,0.0,0.0
2025-04-09,3.072943657179587,3.1077494311694087,-0.03041407108831072,-0.03041407108831072,4.014931269507183,-0.09236508164921498,0.10371551708570587,0.0,0.0
2025-04-10,1.544584071107727,1.2152415321734673,0.9999999556164735,0.9999999556164735,0.24937281159946867,0.06400583951620131,0.10845364312935162,0.0,0.9533771400659886
2025-04-11,1.1571726381087943,1.0786985617039075,-1.0000000014341865,-0.9999999995239409,2.0594047856877795,-0.015622837716577909,0.12469210173375202,0.0,0.41887698357105735
2025-04-14,0.9112201095501193,0.8207257153961792,0.0,0.0,-0.03581928798042089,0.11227012102474898,0.12001117018422872,0.0,0.3958931524236828
2025-04-15,0.9914081242658402,0.997296649867053,1.0,0.01818181818181783,-0.40129126053177755,-0.012056769129042966,0.12065579432377849,0.0,0.0
2025-04-16,1.3498486700673251,1.325563725613545,-1.0,-1.0,-1.0435694187818867,-0.005329647607021926,0.12604323644036955,0.0,0.25489653081214037
2025-04-17,0.894835073284009,0.9393867317673288,0.17806127464857496,0.17806127464857496,0.6355974483662097,0.006712863692670545,0.1329034485899395,0.0,0.0
2025-04-18,0.9642663841893284,0.8918580487684344,-0.9986738674506392,-1.0000002457341295,-0.08009099779343609,0.05577301157460024,0.13424946622396697,0.0,0.36660452878343214
2025-04-21,0.7475853186540261,0.6378288509982687,0.03549193920084705,0.03549193920084705,2.136745772073856,0.025464154452858878,0.1329254485228877,0.0,0.3899463623388096
2025-04-22,0.8801104653778627,0.8896011103593388,0.0,0.0,0.04872683957399815,-0.012342048680547002,0.12050067488565758,0.0,0.0
2025-04-23,0.7047752052403267,0.7108222940131691,0.0,-0.9351377472876322,0.14200405381641357,0.07743818241958689,0.12018631660803479,0.0,0.0
2025-04-24,0.9437264781204427,0.8141765845110661,0.18760098565584415,0.18760098565584415,-0.9886737671571555,0.003177572997525857,0.11422743440468013,0.0,0.4772170939305395
2025-04-25,0.8117833399218414,0.8785469522479852,0.0,0.0,0.14544563308094283,0.06005922410750042,0.12640207795315353,0.0,0.0
2025-04-28,0.675958997774255,0.6489733518247547,-0.00272597320567798,-0.00272597320567798,-0.9614666634738311,0.011662752762564566,0.12082291134056869,0.0,0.18908769207253678
2025-04-29,0.6309931025970271,0.6158181863919541,0.0,0.0,0.8752218710015747,0.022808740227220348,0.12516181112146296,0.0,0.1375509245114221
2025-04-30,0.5301343915025332,0.46019608955963115,-1.65324e-319,0.0,0.6557074547214325,0.07055302793816942,0.14704637638295215,0.0,0.2631768078835692
2025-05-06,0.5431076356273549,0.5484161931227447,0.9942975465915004,0.9942975465915004,1.7546676819031992,0.07256228578491619,0.1289909592975046,0.0,0.0
2025-05-07,0.8867586033172697,0.8595480312302275,1.181159420289855,0.0,-1.0560997758197854,0.08296056440404431,0.11376578359588542,0.0,0.21798624398212565
2025-05-08,0.6889682777237727,0.6335896952099638,0.0,0.0,1.0856475220932804,-0.026570676794079873,0.1432594536864299,0.0,0.27063145758282936
2025-05-09,0.7559990230188235,0.6879585407113241,0.0,0.0,-1.1190259265617897,-0.04252519302420099,0.12622045071652133,0.0,0.3134446826279894
2025-05-12,0.5545725721693273,0.5353774518220069,-1.0006102737933367,0.15123598823245535,0.6592812938525539,0.07182162366259348,0.1450992679342864,0.0,0.1446434301414288
2025-05-13,0.8294426389781004,0.8595927509053818,0.0,0.0,-1.1060207204984907,0.005604994072228031,0.1308546167289053,0.0,0.0
2025-05-14,0.972366687521829,1.0231961486019554,-1.0267665952890792,-0.000778210116731501,0.22405891311221282,0.03826832205167108,0.12394819433889587,0.0,0.0
2025-05-15,0.7525216426188144,0.739208593155298,0.2045953811525711,0.20459538780290473,-1.4258952337740105,-0.02195899200546636,0.12186463662148551,0.0,0.14092366165794776
2025-05-16,0.5458033953171125,0.5122793803378445,-2.4417470852295113,-1.014210099264111,0.3849759397482,0.04345257350617526,0.1280765144957965,0.0,0.18833794843409102
2025-05-19,0.7000496706579987,0.6882436309177892,0.013608443668601927,0.013608443668601927,0.3369472501113524,0.027408929772021473,0.11736253120199103,0.0,0.12802439568094226
2025-05-20,0.7356270107317197,0.6505670348247424,-0.6620820326232085,-0.6661633912090684,0.7459672871875878,0.051578027022447515,0.13075350186802806,0.0,0.3433797200147789
2025-05-21,0.4750387495331662,0.42580859245671476,0.02608251182372498,0.02608251182372498,-0.08017140209731766,8.961893962489142e-05,0.12525253021149743,0.0,0.21059168109891144
2025-05-22,0.6416720402965643,0.6593595800151371,0.9999999050341222,0.9999991485854599,-0.789371827493146,0.018998212198551023,0.13073213268689707,0.0,0.0
2025-05-23,0.7816952247331027,0.7254314866993786,-0.01620869001436869,-0.01620869001436869,-1.206541365686975,0.03807925391987599,0.16026266036378056,0.0,0.2911985275987247
2025-05-26,0.6105013675442437,0.6778635902201039,-0.9920467269976091,-0.9920467269976091,0.5670857054971279,0.048933064757794575,0.1323444038342911,0.0,0.0
2025-05-27,0.7769948435861384,0.8412602712321022,0.0,0.0,-0.1770940114595443,-0.007033756783003664,0.12702643675872805,0.0,0.0
2025-05-28,0.5828494344399431,0.6142845223761251,1.0000194556314326,0.0,-0.4260240330379417,0.052791054617307154,0.12625383117303665,0.0,0.0
2025-05-29,0.6967686035801066,0.661978579002648,0.0,0.0,1.7801683086027031,0.03698801086513548,0.12857374587698117,0.0,0.217418600576415
2025-05-30,0.6196645863241176,0.6084464584026534,0.9635698489114845,0.9734900117051783,-0.7812135614564952,-0.023687132726812887,0.11527157723803137,0.0,0.11737592087608045
2025-06-03,0.6606002100804286,0.6431567330234574,0.0,0.0,1.01022593371074,0.0024063165710019874,0.12172442846615145,0.0,0.15080468933325467
2025-06-04,0.3730604752476054,0.307429905794197,0.0,0.0,0.8625989043002269,0.0490801715645528,0.13266654608989528,0.0,0.21133142505396668
2025-06-05,0.4900021983599575,0.5085092962009646,0.0,0.0,0.640809673022269,0.0303204907211585,0.13736472513142853,0.0,0.0
2025-06-06,0.3476111668947331,0.3638929219172515,-0.999999997178721,-0.99999997366709,-0.19382158360443658,0.006222818058310153,0.12476281422480757,0.0,0.0
2025-06-09,0.48176363133847255,0.46469557788868604,0.0,0.0,0.8907738815282285,0.04735813339422634,0.12903095715428542,0.0,0.12709923827911723
2025-06-10,0.9297870000831531,0.8655867923360717,0.0,0.0,-0.933219718644962,-0.004917973538942633,0.11598554278644911,0.0,0.33950459563455015
2025-06-11,0.5761922622957658,0.5481236820088973,0.0,0.0,0.3427428197135818,0.05231934377263325,0.13090831714127749,0.0,0.17764558072330938
2025-06-12,0.507407300345725,0.5114605871706035,0.0,0.0,0.3547492137698782,-0.019871808042226657,0.12915215680444966,0.0,0.0
2025-06-13,0.795169597520016,0.7523540848598131,0.0,0.0,-1.1083189914137592,0.00014900156963815192,0.1313373367060057,0.0,0.2574063321188842
2025-06-16,0.5037532823963732,0.4421940188456205,0.0,0.0,0.9154962362830421,0.02836634499916446,0.13578446172803352,0.0,0.24131270008492944
2025-06-17,0.5768546868073254,0.5811261635547931,0.0,0.0,-0.222502608297781,0.03277184669381317,0.11686991727391274,0.0,0.0
2025-06-18,0.5109968322679773,0.45133979510669214,0.0,0.0,0.1433731152011175,0.0068868364951679695,0.11897168795331237,0.0,0.23960415676894364
2025-06-19,0.7318412481717108,0.7045198744537255,0.0,0.0,-1.3179826051657462,0.01738921016154471,0.1319369005434804,0.0,0.1980993665442531
2025-06-20,0.726141429473877,0.6117680499703142,0.0,0.0,-0.7173790277193115,0.04885603063700117,0.13842796401205604,0.0,0.3911792794025326
2025-06-23,0.5537763824095701,0.525486736928084,0.0,0.0,1.8640472084875848,0.008370072656060934,0.1378034674125684,0.0,0.17473400077633727
2025-06-24,0.6730090442366408,0.6850444499158769,0.0,0.0,1.8358985883336842,0.004021211545657266,0.12052395730218679,0.0,0.0
2025-06-25,0.7223545915183157,0.6109056347632741,0.0,0.0,1.2865215873463454,0.004710987683997914,0.13708634943011774,0.0,0.38547433287065164
2025-06-26,0.765438135126455,0.7580919674865846,0.0,0.0,-0.3744121168157255,-0.018676933671257778,0.11547357549143822,0.0,0.1057927574940002
2025-06-27,0.7921141995058086,0.8063008886602426,0.0,0.0,0.11888857959529986,0.05681844115745793,0.1159484737987,0.0,0.0
2025-06-30,0.5369670321313382,0.5612836448031256,0.0,0.0,0.8849513277325416,0.05317864229987812,0.1291862026218429,0.0,0.0
2025-07-01,0.5662914710503607,0.5903657598129637,0.0,0.0,0.26047752277695846,-0.01338615888157868,0.11658655050335098,0.0,0.0
2025-07-02,0.5274897793544558,0.4975843308076409,0.0,0.0,-0.7508146728285814,-0.026072232144935814,0.12120674229927178,0.0,0.17508655304769885
2025-07-03,0.5147358531394175,0.5324440898116445,0.0,0.0,0.5297393863034072,0.03917234581116702,0.1267666713785501,0.0,0.0
2025-07-04,0.7416823657828552,0.7422427615642411,0.0,0.0,-0.4485715154035952,0.03284501504048354,0.11468255564364967,0.0,0.0
2025-07-07,0.42286722438787844,0.4234459886265677,0.0,0.0,0.34252413869009235,0.007871474725629213,0.12386504388696828,0.0,0.0
2025-07-08,0.48625956859880837,0.3767400805440357,0.0,0.0,1.332209812675389,0.030109692199831173,0.13284464789589268,0.0,0.3074333745148251
2025-07-09,0.5921298845802268,0.6259408375375701,0.0,0.0,-0.3570404036646102,0.019017038979973755,0.1358628227193103,0.0,0.0
2025-07-10,0.6501099797995586,0.6625908908547202,0.0,0.0,0.3152054745765742,0.019173988401011144,0.13058864231895476,0.0,0.0
2025-07-11,0.831924711503814,0.7600276638873236,0.0,0.0,0.7197948085257533,0.05633634979789193,0.12260636656715702,0.0,0.33831446279560917
2025-07-14,0.37047103066817755,0.4058784675290853,0.0,0.0,-0.06609213310468931,0.016595762187820995,0.1167549050200077,0.0,0.0
2025-07-15,0.9007031354115526,0.8157412229587396,0.0,0.0,-0.15099548364948534,0.008989464672892744,0.11116612439774035,0.0,0.38188007974491334
2025-07-16,0.5903372865303537,0.5954729180648061,0.0,0.0,0.31791402621246245,0.01657475685801213,0.11407290759553293,0.0,0.0
2025-07-17,0.4228767537818976,0.44655035345687116,0.0,0.0,1.172348658500355,0.023607964655592006,0.133667580379248,0.0,0.0
2025-07-18,0.4632001586952379,0.4530116371627611,0.0,0.0,0.03682785462821858,0.05040662125295192,0.12422278387762091,0.0,0.09661699441821003
2025-07-21,0.5725918789590498,0.5819161280150847,0.0,0.0,0.817887393573602,0.020822748995108498,0.1261996769459582,0.0,0.0
2025-07-22,0.6118511291039314,0.6326795630132411,0.0,0.0,0.41997043519979016,0.023004540025639564,0.11995908083725217,0.0,0.0
2025-07-23,0.7441986809007305,0.7228971928040814,0.0,0.0,-0.40394975708613057,-0.001584233467355478,0.12738670068598773,0.0,0.17678044374411442
2025-07-24,0.5950667117090482,0.5965839787768351,0.0,0.0,1.4623028492999568,0.03594425074124885,0.13213483798736447,0.0,0.0
2025-07-25,0.6548132380322969,0.6375723221975895,0.0,0.0,-0.03882868619993207,0.01691542089792275,0.1243461667229993,0.0,0.14927126538592275
2025-07-28,0.6829973044161083,0.6936729909103403,0.0,0.0,0.2249364351514238,0.01574662975651897,0.11830783709116476,0.0,0.0
2025-07-29,0.7468212890509748,0.7147977497746736,0.0,0.0,0.7529200662743651,-0.015637280525970798,0.12414898923022702,0.0,0.21634743977413456
2025-07-30,0.9684487047720453,0.9610726089505869,0.0,0.0,-0.5977025867851316,0.008176579432594977,0.10917919419286416,0.0,0.1192993466015819
2025-07-31,0.8897670303104266,0.9349949480681418,0.0,0.0,-0.6328278269830401,0.03659816306320618,0.14099980015170063,0.0,0.0
2025-08-01,0.7488401717405649,0.6354613599413677,0.0,0.0,0.032350002432401936,0.04010266558431841,0.12533832133558728,0.0,0.3961697399271004
2025-08-04,0.756404194138594,0.698123658388469,0.0,0.0,1.5474761005286108,-0.012823450523580249,0.13704142437955538,0.0,0.29115401853444517
2025-08-05,0.4914653475387947,0.4466353211280997,0.0,0.0,0.4753240262595826,0.027305733866511694,0.12787520417034615,0.0,0.20507334724977658
2025-08-06,0.5424263452246849,0.5273124572333825,0.0,0.0,1.129241873638076,0.007644260468575581,0.12638953480077286,0.0,0.12715310629434576
2025-08-07,0.6401059892551969,0.6570240628655358,0.0,0.0,-0.06159869438030485,0.0281697913084189,0.1190001458355393,0.0,0.0
2025-08-08,0.575336076366378,0.5382036322424943,0.0,0.0,-0.07875625869472325,-0.013425498673125258,0.11944658964706006,0.0,0.2033431853041666
2025-08-11,0.6770311401378593,0.6087555980620533,0.0,0.0,1.3296840694302592,0.032757849976228215,0.11648797377008495,0.0,0.29629003787586494
2025-08-12,0.5468686320738011,0.5780682516417145,0.0,0.0,0.2656424831692483,0.021540494603278226,0.11989182101866482,0.0,0.0
2025-08-13,0.7355313906944267,0.6778317308941005,0.0,0.0,1.3839751056125227,0.023351079598787905,0.11227110234818086,0.0,0.28557060648810684
2025-08-14,0.9727137142170562,1.0005662836555518,0.0,0.0,-1.3793835115476716,0.016447278427844658,0.11954850112804695,0.0,0.0
2025-08-15,0.7619390243918084,0.7542219540157232,0.0,0.0,2.2591900541582,0.0538732954486143,0.12293351504251138,0.0,0.10816802194662263
2025-08-18,0.8455737408875453,0.9071468515012006,0.0,0.0,1.029561552806224,0.07424009095944317,0.1043529267709677,0.0,0.0
2025-08-19,1.0476406631179709,1.0493116920888206,0.0,0.0,0.18124149615710294,-0.030199406932862605,0.10369392098235532,0.0,0.0
2025-08-20,0.947041866890382,0.8263873022522259,0.0,0.0,1.3213087073792984,-0.03850425158447024,0.1307705090934599,0.0,0.4625714261814148
2025-08-21,1.109957481591622,0.9311681583811885,0.0,0.0,-0.9241009997505434,0.030598092416478373,0.1276754898014415,0.0,0.6040955816410195
2025-08-22,0.7724164932713246,0.7546639936209306,0.0,0.0,1.5344052630307248,0.020388427262774123,0.14383684652374917,0.0,0.1646496152733985
2025-08-25,1.1083135071588022,1.2519791653097252,0.0,0.0,0.7455970800983147,0.054469013592273186,0.10662198400343605,0.0,0.0
2025-08-26,0.7122845331616445,0.7110212864480822,0.0,0.0,0.30658813314392575,-0.0557096826531267,0.13234149444377882,0.0,0.04240266971566982
2025-08-27,1.41363078912397,1.565242581721283,0.0,0.0,-2.0942061057073746,0.06014078704672521,0.15790516507786215,0.0,0.0
2025-08-28,2.080515974993396,2.2037392902201614,0.0,0.0,1.464177141980727,0.11536057583250159,0.115616681275681,0.0,0.0
2025-08-29,1.1143513397273657,1.0951360784852402,0.0,0.0,-0.13604052008252543,-0.014147909087358634,0.11470629426333485,0.0,0.20604824180794276
2025-09-01,0.9630267948608373,0.967794689200905,0.0,0.0,0.29527892005527523,0.05436655300201654,0.11069904959556881,0.0,0.0
2025-09-02,1.9225465284141219,1.9371791336184154,0.0,0.0,-2.4763979487765875,0.015439201678701941,0.0954478348046704,0.0,0.0
2025-09-03,1.8673059370115317,2.0626261817921216,0.0,0.0,-1.8293309945236147,0.06521194584379053,0.1416710771703588,0.0,0.0
2025-09-04,1.9939472968628609,1.9298234131797811,0.0,0.0,-2.478697270279173,0.07483172875279998,0.13312199524566873,0.0,0.5016048410949098
2025-09-05,1.1534577275273095,1.1678312817531553,0.0,0.0,2.748773715162267,0.06910925155068082,0.14212331800236552,0.0,0.0
2025-09-08,1.271015547891071,1.1349318671412165,0.0,0.0,0.7252820029454154,0.01459076225758249,0.11372353291250574,0.0,0.5721976755704198
2025-09-09,1.133044259322079,1.133348226604339,0.0,0.0,-0.7885154675617123,-0.05411256079549398,0.10340481558160222,0.0,0.0
2025-09-10,0.9624066925530436,1.0445786290354449,0.0,0.0,0.1540549711100958,0.06681659080776114,0.12020298458212954,0.0,0.0
2025-09-11,1.0462870877522181,1.085916227492255,0.0,0.0,2.5548954367353938,-0.005431040961478839,0.1425945589674081,0.0,0.0
2025-09-12,0.8786617930787107,0.8581238094862579,0.0,0.0,0.2674669241881755,0.009001113730788823,0.10671458905614167,0.0,0.18886522763358965
2025-09-15,0.7982879414317838,0.8190023548395788,0.0,0.0,-0.4064687913288956,0.0045383128290943375,0.11476733231733631,0.0,0.0
2025-09-16,0.9207349854637955,0.9579547551412849,0.0,0.0,0.7566101417428195,0.013764390820725225,0.11335051160458681,0.0,0.0
2025-09-17,0.877216833314132,0.9005343906416684,0.0,0.0,1.0457714465008427,-0.023854007430468283,0.11950298708613506,0.0,0.0
2025-09-18,1.4791603605699242,1.5415239381177799,0.0,0.0,-0.9897670162602012,-0.014426202209782968,0.1329145950799612,0.0,0.0
2025-09-19,1.2347521953694682,1.2885510439606798,0.0,0.0,-0.526526032556085,0.06073179369283643,0.10876352808581903,0.0,0.0
2025-09-22,0.9792277703189344,0.9306701985551781,0.0,0.0,0.3731877709067133,0.05023407370086108,0.11439202829229984,0.0,0.3045324411044859
2025-09-23,1.6318241907323612,1.4759438468657642,0.0,0.0,-1.2468232113871047,0.013101586921226982,0.10890597045086416,0.0,0.6960172055045871
2025-09-24,1.0738273649774066,1.0863450944811759,0.0,0.0,2.225560080899913,-0.07750093934164592,0.1240204208706437,0.0,0.0
2025-09-25,0.965565267988705,0.9235234196053258,0.0,0.0,-0.19487395656516693,-0.0019584337396238993,0.12048404498837087,0.0,0.28181692672120506
2025-09-26,1.0639891003707398,1.0222779654740917,0.0,0.0,-1.0655290951562035,0.00434134982436607,0.12761709517384298,0.0,0.29499248636853137
2025-09-29,1.2016153240375307,1.2382004092829832,0.0,0.0,1.053561739303932,0.06111964621515753,0.12205361300218687,0.0,0.0
2025-09-30,0.6852539765453909,0.6815374974229985,0.0,0.0,0.6184725523424417,0.03690989463824845,0.14424159017036667,0.0,0.07127167724746913
2025-10-09,0.7739359868847411,0.8096987608870841,0.0,0.0,0.28703821317834777,0.03756510337926677,0.12233677842628517,0.0,0.0
2025-10-10,1.018533278328109,0.9976625858216229,0.0,0.0,-0.9234343161654834,-0.05590348224949748,0.11866430777485802,0.0,0.20513264955515478
2025-10-13,1.3669937589056453,1.054248022211823,0.0,0.0,3.6209951775587834,0.08840259881601753,0.11794231326859009,0.0,0.8701913838630243
2025-10-14,1.3274242118498103,1.2143178013983837,0.0,0.0,-2.8025802435933445,0.07065860849133632,0.11650922294151597,0.0,0.5361784361684883
2025-10-15,1.4973512019183288,1.4294148316021111,0.0,0.0,1.2461910148131583,0.09923468020696102,0.13012182252109256,0.0,0.445907906503318
2025-10-16,0.8730741460563065,0.8953427690134989,0.0,0.0,-0.7787098554976946,-0.01118250237943652,0.1237295486165637,0.0,0.0
2025-10-17,1.1832185651297717,1.0540468461852692,-0.1323931342133073,-0.06897589019491715,-2.8642343101062395,0.02014503832667991,0.15488734464623122,0.0,0.5375792210592253
2025-10-20,0.8093473134740994,0.8122574779149541,0.0,0.0,-0.3448443048674532,0.06541096440944028,0.11876161353920205,0.0,0.0
2025-10-21,0.7116826972255255,0.745612798680159,0.0,0.0,1.1584190527472504,0.03904858907795017,0.12587945524754918,0.0,0.0
2025-10-22,0.8230746000762811,0.7042599438412036,0.0,0.0,0.11026050866052017,-0.011055495961376227,0.12305962120996201,0.0,0.42599263936307014
2025-10-23,0.992230525146646,1.0515769837683495,0.0,0.0,0.19464478683699493,0.020728456885676927,0.1541761070226317,0.0,0.0
2025-10-24,0.6034933791563997,0.6642687834453678,0.0,0.0,0.9979132388044265,0.07165559238113683,0.13184030060855745,0.0,0.0
2025-10-27,0.7902054998145784,0.7560165625134142,0.0,0.0,0.11612476179725384,0.04535568829833192,0.1156577513125277,0.0,0.22992104980320666
2025-10-28,0.8893297675088304,0.9151804875947364,0.0,0.0,0.24202795518644127,-0.023429194134605424,0.1114679378245667,0.0,0.0
2025-10-29,0.7530148920762176,0.8415448569492372,0.0,0.0,1.163947469283766,0.010603861650260171,0.1268981898594094,0.0,0.0
2025-10-30,1.206962466841355,1.0602235282804071,0.0,0.0,-0.9837578824336779,-0.015189270893700701,0.11019508179828177,0.0,0.5767880602477948
2025-10-31,0.9140312937442036,0.9044945388169879,0.0,0.0,0.264675757804822,0.08288575351715899,0.11137878592475908,0.0,0.1316921986829397
2025-11-03,0.9605410264810682,0.7969036221244085,0.0,0.0,0.38752200736962283,0.02190646127517848,0.10820313894678221,0.0,0.5362682916211831
2025-11-04,0.8597704714867869,0.7670216050627954,0.0,0.0,-1.1584762945092697,-0.010073582074210385,0.12551017564763745,0.0,0.38843676577726893
2025-11-05,0.9125274086691753,0.9253148875936712,0.0,0.0,1.7972126089633722,0.01321039690149739,0.11835879542324099,0.0,0.0
2025-11-06,0.6123447939204206,0.6353662596918048,0.0,0.0,0.8725228973228694,0.04812166928429562,0.1233239613672181,0.0,0.0
2025-11-07,0.6432005827803962,0.6728446345463532,0.0,0.0,0.2892504726649481,0.005033413688426691,0.12413873024305942,0.0,0.0
2025-11-10,0.8265167443311768,0.8583215359821018,0.0,0.0,-0.14559533192938234,0.07306224907848158,0.1197270665160641,0.0,0.0
2025-11-11,0.6758058922575403,0.6429317088530181,0.0,0.0,-0.5513506275032887,0.035479320568043704,0.11803680912167264,0.0,0.20821244381964332
2025-11-12,1.0778874050214253,1.0832637869574537,0.0,0.0,-0.4812472020898073,0.031916795167608036,0.11579557513713055,0.0,0.0
2025-11-13,0.6836805906373986,0.64801402023181,0.0,0.0,1.3831092215482288,0.044877749122917976,0.12694191566457044,0.0,0.21793801778787836
2025-11-14,0.8148271923969866,0.6100045578951743,0.0,0.0,-0.3675471798134988,0.034542471265597285,0.13963550666057012,0.0,0.5402201336646654
2025-11-17,0.7963726292810616,0.7756139619612769,0.0,0.0,0.02125247389896945,0.0883292317819917,0.11809042772885367,0.0,0.18064425448588764
2025-11-18,0.7923463838515463,0.7637070517639551,0.0,0.0,-0.8162559958545867,0.0115282203669409,0.10979955860786719,0.0,0.211102655332967
2025-11-19,0.9249552649953395,0.8967809655896097,0.0,0.0,-0.7400175854649582,0.05571151825924936,0.1158483479967846,0.0,0.2265527355799659
2025-11-20,0.8204433206529927,0.7656657153550146,0.0,0.0,-1.2427233323324072,0.04146331559198302,0.12824199411897796,0.0,0.29475965587916414
2025-11-21,1.6225480749899992,1.7068096065066187,0.0,0.0,-2.331454981973946,0.01507879576065907,0.12662136023619697,0.0,0.0
2025-11-24,1.1077781075467228,1.1289666355846704,0.0,0.0,0.6076603242893386,0.10614804404724953,0.13509171487638696,0.0,0.0
2025-11-25,0.8542772799418389,0.6638237802166763,0.0,0.0,0.7091070256963761,0.05280260177065177,0.11859228552301765,0.0,0.5377059231993533
2025-11-26,0.7965376396065121,0.7194285140893861,0.0,0.0,0.14238320519504022,0.020556457614384627,0.12170262814726937,0.0,0.3418988511607661
2025-11-27,0.8386744525331505,0.8300425117789926,0.0,0.0,0.1491089274012758,0.0405109859319408,0.14281733565566354,0.0,0.12001777356458819
2025-11-28,0.7421532139749795,0.6122519157494416,0.0,0.0,1.016930705537633,0.04425005939647786,0.14661536234190994,0.0,0.41945081317662297
2025-12-01,0.45868855615219967,0.4863335754846403,0.0,0.0,0.40224613340538173,0.007808046994428608,0.11985582762987577,0.0,0.0
2025-12-02,0.5626739642996061,0.5320980315160774,0.0,0.0,-0.6837552631880905,-0.00920126589104564,0.1259141096784584,0.0,0.1829581235074026
2025-12-03,0.8302599511404932,0.737783984039048,0.0,0.0,-0.8900226306233883,0.009535508336333542,0.1158785304506825,0.0,0.38079703171543233
2025-12-04,0.8891831319899495,0.8380584561838188,0.0,0.0,-0.013982703490966752,0.03875884379311856,0.12462010055083061,0.0,0.2971610106226087
2025-12-05,0.7495694241638272,0.7983857280430449,0.0,0.0,1.3417314074340325,0.013846792249294637,0.1367789563235022,0.0,0.0
2025-12-08,0.5586999151152987,0.544726050311258,0.0,0.0,0.8423017169847169,0.021140056994717327,0.11837998300693842,0.0,0.12417377042732812
2025-12-09,0.6154205830368739,0.648597859443981,0.0,0.0,-0.2852332916798206,0.010285187773040327,0.12096284188899252,0.0,0.0
2025-12-10,0.6930716495940265,0.6402989953618674,0.0,0.0,0.5396390455460143,0.013417048112596142,0.12098297654780533,0.0,0.26526497697503965
2025-12-11,0.703888786216376,0.7326969838044222,0.0,0.0,-1.49545543084727,0.01638419448557471,0.13693988601266013,0.0,0.0
2025-12-12,0.7951057477205665,0.7476790817517253,0.0,0.0,0.7678417261653081,0.02604585804946158,0.1527979618712702,0.0,0.27049794965799284
2025-12-15,0.6899638640941685,0.616023716317338,0.0,0.0,-0.20287724793228712,-0.007421687577346958,0.1232465857708739,0.0,0.3107489576657212
2025-12-16,1.212516724639086,1.145722383418971,0.0,0.0,-1.6504750662134748,-0.0002615664728478073,0.11678473768383713,0.0,0.3968841489178545
2025-12-17,1.199732346138361,1.287579519575388,0.0,0.0,1.4983979415848392,0.03942016018902983,0.12598969753878242,0.0,0.0
2025-12-18,0.8076841157134464,0.736281031262134,0.0,0.0,0.3884259432960002,-0.005187283574470403,0.12531390927284436,0.0,0.33202992904161593
2025-12-19,0.7517560461594841,0.7520019009337972,0.0,0.0,0.4313029074961561,0.03641474462849903,0.1271293232501879,0.0,0.0
2025-12-22,0.5034245488670629,0.45109475179742264,0.0,0.0,0.5614370638702626,0.05329031501015713,0.12723481252770014,0.0,0.22349452186312632
2025-12-23,0.721947931017991,0.7222414273213816,0.0,0.0,-0.2529655210492421,0.012745904185673673,0.12171544076288247,0.0,0.0
2025-12-24,0.7546579158791762,0.5060326705474405,0.0,0.0,1.51962119984983,0.03326766700832984,0.12735609288285918,0.0,0.5598566837483744
2025-12-25,0.5524319455080765,0.5945954488206521,0.0,0.0,0.9376316008930408,0.02232627950686794,0.1274757889576599,0.0,0.0
2025-12-26,0.949099328974258,0.978238042110742,0.0,0.0,0.36776118101438104,0.022912049409562485,0.09928841774958466,0.0,0.0
2025-12-29,0.6944973614987874,0.6428600519571036,0.0,0.0,-0.17138905095035462,0.00999679876314552,0.12065345803183193,0.0,0.2627880110021905
2025-12-30,0.9293001043793819,0.8196477898069248,0.0,0.0,0.5110661543436645,0.02821265766794756,0.11538529462653002,0.0,0.43792257839046544
2025-12-31,0.6778979024999224,0.651978735441138,0.0,0.0,-0.1929797307222092,0.04369862765536414,0.12760819397665238,0.0,0.18565908204655338
2026-01-05,0.5629310450259718,0.49242211249420437,0.0,0.0,1.4647316272582867,0.03152677763542666,0.11539323056511132,0.0,0.27278530858676725
2026-01-06,0.8080700524307618,0.7391841247162548,-0.012701894026840315,0.01251542461334539,1.386480044156313,0.015358119118280555,0.11011115203564548,0.0,0.3264721112176634
2026-01-07,0.9752313041704902,0.9637563408169328,0.9945823562707204,0.9945823562707204,0.3081603537602007,0.0037326329009212955,0.10912247667232064,0.0,0.1491637092902666
2026-01-08,0.8716119963203435,0.9229419355176475,0.9992361160771024,0.999236094408029,1.0654216840127795,0.009416988259491887,0.10682629942049424,0.0,0.0
2026-01-09,1.0716579375965585,0.9599169269344433,1.000005685080643,2.1689e-318,1.9835280427559887,0.023648576580570513,0.12166675234585672,0.0,0.47645590414900296
2026-01-12,0.9554078019269003,0.9985125949032576,-1.00042965002814,-1.0004297955600057,1.9153363543259028,0.04720546456022934,0.11056984548264563,0.0,0.0
2026-01-13,1.4597429993308368,1.4521907982674243,0.0009542213524005628,-0.9165177900589379,-2.109416655667129,-0.01363076317204559,0.1270096190043636,0.0,0.14829534558713656
2026-01-14,1.978611045918427,1.9992601055511283,-0.99999997908439,-0.99999997908439,0.6034779569957571,0.04096032902241031,0.08233736899900136,0.0,0.0
2026-01-15,1.2342831723344827,1.2086917729513573,0.0,0.0,0.5225215688660301,0.010709935897512679,0.10273316551535595,0.0,0.25003829208299005
2026-01-16,1.1821376223651765,1.0446508198592181,0.0,0.0,-0.6057417820804045,0.07604443385289539,0.10785658290455886,0.0,0.5533118675563141
2026-01-19,0.9603419516743922,0.7830950702808249,0.0,0.0,0.7348007883438701,0.008852322096464249,0.1138045149903981,0.0,0.5558945718818006
2026-01-20,1.3221993980172089,1.4057849723810636,0.0,-0.00022691173133646496,-1.1228305996587196,0.04708539608988538,0.10746778248697414,0.0,0.0
2026-01-21,1.322973547252963,1.1315675717598745,0.9999999761431726,0.9999999761431726,1.3166778037853266,0.022284935079186496,0.12191742153876592,0.0,0.6854296734695318
2026-01-22,0.7811402386451554,0.8273080223120967,0.0,0.0,0.35907585322048075,0.08639863976751538,0.11622046224872262,0.0,0.0
2026-01-23,0.8795396364504849,0.8207938606715885,0.9999999939502535,0.9999998466455242,1.6330432010728924,0.034396053525131975,0.12598700198199828,0.0,0.31604969604680844
2026-01-26,1.1994690028098811,1.17418456496675,0.0,0.0,-1.7712500756345562,0.03591472351665015,0.0933485699320154,0.0,0.2449826444782873
2026-01-27,1.5029696843614668,1.5725451569779667,-0.3239517547415124,-0.3332737815423587,0.6645842697158288,0.01659733533612151,0.10234198500771095,0.0,0.0
2026-01-28,0.8043334603484958,0.7586512435794234,1.0992063492063493,0.0,0.08458546592209348,-0.000688689429506617,0.11542166294043794,0.0,0.2672089183608583
2026-01-29,1.4038810692966994,1.0757560706177791,0.03144448292676585,-0.012074306664567772,-0.5923295093070546,0.014910617494434675,0.09754224542810887,0.0,0.902014929620702
2026-01-30,1.787913682167283,1.7894189061017365,0.0,0.0,-0.036787811213256916,0.031050224261641723,0.09613416362919133,0.0,0.0
2026-02-02,1.3445110618565013,1.2843422346693512,0.0,0.0,-2.3652083301325733,0.02323449662142707,0.13506289703116586,0.0,0.39771223227232266
2026-02-03,1.281018385428774,1.2165938029503194,0.0,0.00010450412791303177,1.8126913359582053,0.051896305419107946,0.13759897612999336,0.0,0.40113292364180525
2026-02-04,1.1231562322416244,1.107105732889627,0.014711429671796858,0.04919396532595814,0.27760740622666535,0.0023850821129212108,0.12218043591804555,0.0,0.1892004709986835
2026-02-05,1.2550688538002683,1.2742970388882437,-0.2753623188405801,0.23456790123456714,-0.6645414974057462,0.006649008951065127,0.11437452370752366,0.0,0.0
2026-02-06,1.363275597360392,1.2400388138303904,0.0,0.0,0.8364116344471872,0.05416726495046653,0.11701021220067646,0.0,0.566413360146503
2026-02-09,0.6670077131438407,0.6295674543764521,0.2757712550090844,0.2757712550090844,0.6802581093626303,0.010453339620664082,0.11730349511680684,0.0,0.2203272787998116
2026-02-10,0.7047449172448154,0.6816197920081786,-0.9999999999978543,-0.999999999980283,0.02080842072320621,0.02868951595371705,0.11868443869221817,0.0,0.1790526669031462
2026-02-11,0.5731240273220276,0.6201992166061867,9.769962616701474e-15,1.989972533826005,-0.03295103828042656,0.037122669985345524,0.1254944333704741,0.0,0.0
2026-02-12,0.7498842706406331,0.7440518291571718,-0.9999999999867788,-1.0061236344807587,0.7200728096661058,0.03880184272155862,0.13423978289102967,0.0,0.09334503137340065
2026-02-13,0.8612911333874134,0.8235194227464582,0.0,0.0,-0.8527121975221319,0.030441649417634054,0.17893339431643238,0.0,0.25226608335469
2026-02-24,0.764758966211275,0.7768672729072076,0.9985824974703552,0.9985824974703552,-0.2789587037982266,0.0396348869075247,0.1133937606806863,0.0,0.0
2026-02-25,0.8266800889250953,0.7374958656490672,-0.5504543589838293,-0.5504543589838293,1.2214252319496355,0.04855171594224661,0.10913530739274682,0.0,0.37349674372842445
2026-02-26,0.5943632410272609,0.546237608142743,0.0,0.0,0.48778598221084213,0.019173078625378537,0.12200324627529648,0.0,0.23429071201164797
2026-02-27,0.6006415137219603,0.5887844875108098,0.0,0.0,1.4726931225988116,0.029666487078161552,0.1204077354391738,0.0,0.11875628519299868
2026-03-02,1.1757574932486823,1.0758751676005367,0.0,0.0,0.14169216035571086,0.00824878915168803,0.10696346243084413,0.0,0.4742344427294819
2026-03-03,1.9705892027168945,2.0572401509801206,0.9913849303874926,0.9913849302591118,-4.187258825283124,0.027611967800633685,0.11790597263687229,0.0,0.0
2026-03-04,1.47287579860891,1.3899872615099707,-5.850135178501957,0.0,0.6293406522422496,0.05350395025578436,0.10317428126296467,0.0,0.4871329705202131
2026-03-05,0.9974484428404473,0.9230833439045282,0.0,0.0,-0.8150562365315306,0.03511072914912372,0.10205648216418549,0.0,0.3779160440241558
2026-03-06,0.9706989426170213,0.916891284342196,0.0,0.0,1.5672208560461476,0.013289830729146246,0.12101459491689714,0.0,0.3186954814476061
2026-03-09,1.5457704809789858,1.3640215727724596,0.0,0.0,0.8778232578232403,0.009069396984351386,0.09786102654822378,0.0,0.7272217879556077
2026-03-10,0.5727751753957291,0.5500921338784408,0.0,0.0,0.8910432164502158,0.0411365216377968,0.11378394295247744,0.0,0.15959337641228025
2026-03-11,0.7147667425574264,0.6532553394082473,0.0,0.0,0.07288839568064809,0.016092454917226995,0.11424282862601826,0.0,0.29008439772033584
2026-03-12,0.7914504600756483,0.6816249950269104,0.999998170846587,0.999998170846587,-0.26940956899277335,0.012866517307541514,0.1036033930263468,0.0,0.40222033378301464
2026-03-13,0.9953000260744372,0.94498534076152,1.4110769673344576,1.0105964408444545,-1.0291207161467475,0.021612662807779515,0.13534435488047208,0.0,0.3124497521996288
2026-03-16,1.3071115239081248,1.3128488200968988,0.2714232333674271,0.2714232647449711,-0.0702313962039347,0.059126182098978575,0.10344727875372668,0.0,0.0
2026-03-17,0.8978205503924697,0.9348502815150332,-0.0,0.0049341242769103625,-2.4487895053264985,0.020399052278063934,0.13073554617548147,0.0,0.0
2026-03-18,1.037710975159584,1.0701717272988698,-1.0000000028034437,-1.000000000024577,0.5004757099220658,0.06908207576881153,0.1303813085074582,0.0,0.0
2026-03-19,1.4136514978826755,1.3144534499538594,0.0075290896646132395,0.0075290896646132395,-1.00326321578863,0.006456480076022508,0.14197844290316108,0.0,0.5202140764822969
2026-03-20,1.5102650375646893,1.4446101649229997,0.0,0.00889665815936633,-2.0820659206163494,0.0695406396296061,0.14182397794741589,0.0,0.44045653030851556
2026-03-23,2.3139707593204357,2.292164230101605,-0.9501246882793017,-0.9501246882793017,-2.9644350332028058,0.032527303486395986,0.12152002256103121,0.0,0.3169287257928985
2026-03-24,1.7211440973826198,1.7567930770083076,-0.3775586752113462,-0.3775586752113462,0.7831359072848709,0.041085348819747125,0.1329221782333681,0.0,0.0
2026-03-25,0.9731341269381412,0.9372081166639491,-0.00016911889058010424,-0.00016911889058010424,1.2218607737617626,0.03699255359765896,0.11110933681663357,0.0,0.2619751420857937
2026-03-26,1.0145493099522895,1.0861177518454104,0.0,0.0,-1.2116871616781766,-0.00808021845373208,0.11522791397975451,0.0,0.0
2026-03-27,1.1302809374422806,1.1184708172318025,-0.00019883545171693061,-0.01034777963570958,2.8944899106240873,0.02415171903160651,0.12286352502998639,0.0,0.1629663417587336
2026-03-30,1.2446166858403223,1.3667219165590037,-0.06577042880380468,-0.06577042880380468,1.3296241243690776,0.017811674524548238,0.10505128138543375,0.0,0.0
2026-03-31,1.1233626410853768,1.0799873825664956,0.07472936151849147,0.07472936151849147,-1.583920387525184,0.006798021193277215,0.11718912122126947,0.0,0.3091453976424085
2026-04-01,0.9693714342042091,0.9282329111088501,-0.9999999991221594,-0.9999999932876371,-0.09454802440140853,0.04656867317092139,0.12212738911944593,0.0,0.2794005014052676
2026-04-02,1.0004596012204794,0.9984251053171734,0.0,0.0,-1.4326357409021218,0.006110879701082261,0.11168236582657735,0.0,0.06377086126619187
2026-04-03,1.0475547870235629,1.0762819653128153,0.0,0.0,-1.6348908875034707,0.03971498851920163,0.12567416623252775,0.0,0.0
2026-04-07,1.1032312113776568,1.0168243754155788,0.0,0.0,0.6080929814632707,0.04986583008179668,0.11731857362580127,0.0,0.42800384965386734
2026-04-08,0.7714901837146683,0.7230908331935688,-0.9997787018059282,-0.9997787018059282,2.397059322083428,0.05122367115149018,0.1252839148877956,0.0,0.26895492283935435
2026-04-09,0.7565326249897931,0.6948078077476618,-1.0000000010478214,-1.0000000000148446,0.5191908692960601,-0.01612829004207228,0.11686102699613332,0.0,0.2993054008313836
2026-04-10,0.8136222346013544,0.7809198844767165,0.0,0.0,0.16045745778543452,0.04757053199926364,0.12296254897760267,0.0,0.22835339863153617
2026-04-13,0.6297281084474659,0.6312415174671773,0.0,0.0,0.9662377381633114,0.019454596104595545,0.12347830164480532,0.0,0.0
2026-04-14,0.8119820303385796,0.8031674396913044,-0.0007621231035836615,-0.014866453584627876,0.6661711941934767,0.034777231358495975,0.13097701701033831,0.0,0.1193184034945021
2026-04-15,0.8209207897357629,0.8204254382750099,1.0000298683273454,-0.06075995514266887,-0.9818610783687065,0.005752452133900299,0.12841447639269787,0.0,0.028513913299412958
2026-04-16,0.6242763685916778,0.6440374088833218,0.0014457288093864132,0.0014457288093864132,1.3598685542186573,0.02672419254048375,0.12934502166361672,0.0,0.0
2026-04-17,0.6279898386318434,0.6390610479591793,0.0,0.0,0.973156564510802,0.019964188704646446,0.11715052018136125,0.0,0.0
2026-04-20,0.7400020575000087,0.6981495688768331,0.0,0.0,0.5961967917259114,0.002705807667102711,0.13102844342462042,0.0,0.24533696130289515
2026-04-21,0.955517248637877,0.8291008851779117,0.0,0.0,0.23248437048772885,0.002328486588520917,0.11787420297530965,0.0,0.4749788781005971
2026-04-22,0.6417997446114041,0.587993311497467,-1.0000005990028997,0.0,1.9446807613995754,0.026151585317979453,0.12492021514856737,0.0,0.25723681271837096
2026-04-23,1.1928070956469805,1.1766623641027485,0.0,0.0,-1.5280581277336558,0.04140301161645876,0.10647759827032743,0.0,0.19558744420313864
2026-04-24,1.1363640246555688,1.1035771924574023,0.0044445290451977015,-2.1869436201777597,-0.2085214681360137,0.03481957437823091,0.11236411323969578,0.0,0.2709992192225651
2026-04-27,0.689641126243884,0.6377202849880054,1.377121e-317,1.457227e-318,0.5132297543390063,0.04023967265140982,0.11702499860596492,0.0,0.262521848846434
2026-04-28,1.0116973562586904,0.8568338240326482,0.0,0.0,-0.9965080075186705,0.021728057406456003,0.11423961046606923,0.0,0.537928748678124
2026-04-29,0.67035495334426,0.6857678602406765,0.0,0.0,2.1469010098837504,0.05346090713120866,0.11938361966833351,0.0,0.0
2026-04-30,0.6536123489524468,0.6654044939956154,-0.06421464128202448,0.0,0.39075993332007286,0.04881581154896342,0.11181379034328007,0.0,0.0
2026-05-06,0.7670978071494079,0.6972080069744361,-1.000204698279955,0.0,1.28879213276889,0.04054113301277251,0.10684028755351013,0.0,0.3199062999444758
2026-05-07,0.7543456887785535,0.7291054802592548,1.0001281687434793,0.0,1.299334954268061,0.006808766091626062,0.11872735982438434,0.0,0.19350094789098998
2026-05-08,0.8490249578002721,0.8417369738449729,0.0,0.0,0.9870018186589391,0.006838721378854551,0.11961357258301455,0.0,0.11100561170527035
2026-05-11,0.8751664247344281,0.7460683241148017,0.005679605678467671,-0.06733818317483842,0.6216614837333712,0.04647416156282613,0.11198725694954452,0.0,0.4574913406120082
2026-05-12,0.9551776329795995,0.8568241288174482,1.1080425e-317,1.438413e-318,-0.6756998365575528,0.01675146976243269,0.10621875436696965,0.0,0.4221572252380993
2026-05-13,0.8787711603901633,0.8296429108787989,0.0,0.0,2.1390370306171524,0.04422854916221741,0.12090763672722128,0.0,0.2897091520163411
2026-05-14,1.5153482020731182,1.450768486766177,-1.0004401122441764,-1.0004404734061667,-2.3588966680945234,0.014523632367136052,0.11979376544436741,0.0,0.43766536455654
2026-05-15,1.9216355315055,1.8260017785348799,1.000416193669204,1.0004315861434745,-1.2395864773025456,0.059773183536648844,0.10674643256612197,0.0,0.5986657003135231
2026-05-18,1.445335214103936,1.1516632023436606,0.999999990141045,0.999999990141045,0.8573054607876163,0.003777572811625163,0.10466628491258984,0.0,0.8733073625570867
2026-05-19,1.6354631877827972,1.384037260313019,-1.0496736441578844,0.0,1.3202658924070354,0.02851444570262096,0.1247399645186493,0.0,0.8713097615991118
2026-05-20,1.1530995120761374,1.0887228696227342,-1.0285346841492604,-0.9609030462887355,0.4456060987084509,0.008362320258425981,0.10849683250806486,0.0,0.37989603566063307
2026-05-21,1.5904169874346543,1.694477511017562,0.0,0.0,-3.894724532027327,0.033381780650909576,0.1664920579160525,0.0,0.0
2026-05-22,1.3593737017274714,1.3496063778712328,0.9999999994191222,0.9999999947543775,1.245822284393272,0.07929571205409491,0.11853522381437927,0.0,0.1626637198564558
2026-05-25,1.122977954488539,1.0973331185626338,0.0,0.0,0.47568338772596697,0.013648212865247089,0.1047460652933887,0.0,0.23862001838250668
2026-05-26,1.7079721454147965,1.8311117281997222,0.0,0.0,-0.7903842447792075,0.006338577697406755,0.11142981938146375,0.0,0.0
2026-05-27,1.5407072808081406,1.4606883672122177,-0.9999999824952776,-0.9999999824952776,-1.5612181721709195,0.029084505061716115,0.10558321247990293,0.0,0.49006981035983
2026-05-28,1.5465405617915047,1.677956048720946,0.00023917723032771017,0.00023917723032771017,1.2659428410017437,0.02172044804231721,0.1078346826504524,0.0,0.0
2026-05-29,1.7150733155982278,1.7441537480448102,0.9999123313380146,0.9999123313380146,-3.0677513736592554,0.012229936643670669,0.11552515799602038,0.0,0.0
2026-06-01,1.3629399898241676,1.2945721794889014,-0.0011242662013782063,-0.012235568974637982,-0.6112367971454868,0.034944822065208214,0.1170842423832281,0.0,0.4262490914421495
2026-06-02,1.5808555174599155,1.5148793487000942,0.0,0.0,0.23087292813135374,0.05574102940684167,0.10908821736465008,0.0,0.45193442662120287
2026-06-03,1.551529887734499,1.5123067635653613,-0.003960837253699967,-0.9162015854660023,0.5104415587127598,0.03572374950064905,0.13508627837824172,0.0,0.34666012953307657
2026-06-04,1.2251382235422106,1.251322027523222,0.0,0.0,0.9303492040568573,0.04348799007634074,0.12173744122433662,0.0,0.0
2026-06-05,1.5488809042994585,1.4748404595968319,0.0,0.0,-0.5487098084480335,0.0731548508497104,0.11519495574257292,0.0,0.4731571350404786
2026-06-08,2.065841349750907,2.0295295505655297,1.77653490242e-312,0.0,0.036333021111079056,0.10960183069990137,0.10035551403017468,0.0,0.3856297261907181
2026-06-09,1.379478424092098,1.3326457709913109,0.0,0.0,1.6929166739606982,0.017001223562362888,0.1229299684026857,0.0,0.35639300160720483
2026-06-10,1.4070874675996077,1.347480874941356,-0.9999999999983289,-0.9999999999983289,-0.4372771436223277,0.032899565945121445,0.11097773535483023,0.0,0.4052041869763373
2026-06-11,1.5300996573320862,1.4827087993366779,3.801001524447121,3.7320709629954454,-0.017820318572103755,0.03002159794915915,0.11142020223313752,0.0,0.3778618500687181
2026-06-12,1.2746655165555651,1.2584870244374524,0.999719653816596,0.9994830199023624,-1.1231053394638035,0.01295254147335445,0.12034326997896258,0.0,0.2024415679114172
2026-06-15,1.2183164906031223,1.0189986518462957,0.9997766297906154,1.2093030209263285,2.947116179886655,0.09546524140842116,0.11605082528350943,0.0,0.6677850094236466
2026-06-16,0.9083013244960987,0.8029072033367046,0.0,0.0,1.3421571674840704,-0.027866471816195837,0.11312925725854762,0.0,0.42467790019189694
2026-06-17,1.0237291421362764,0.8948443360785292,0.0,0.0,1.385280170109393,0.04526052734916686,0.12172684834688471,0.0,0.49726750411348286
2026-06-18,1.2156531313382035,1.1547286762545639,0.0,0.0,1.1907047453232122,0.01359812221528589,0.1166678991319032,0.0,0.38001871002328563
2026-06-22,1.531233218928671,1.2313767373276654,0.0,0.0,0.590447567945307,-0.0010052503682245195,0.10566322008605293,0.0,0.9101574048036598
2026-06-23,1.7374521932766624,1.757445483362637,0.0,0.0,-1.7722004050475526,-0.02399657137530653,0.10907809299575372,0.0,0.0
2026-06-24,1.4420837395303576,1.4117102743769225,1.6457e-319,0.0,1.6212176966591274,0.027555783295163394,0.10979108824169444,0.0,0.29441401637234366
2026-06-25,1.296986520882174,1.2158747290126488,0.0,0.0,0.21549478652156395,0.009887497044780424,0.10516582674601418,0.0,0.45146725097006074
2026-06-26,1.8036637874248655,1.8411559730212825,0.0,0.0,-1.9582928839739666,0.01840941660127271,0.10692048202895038,0.0,0.0
2026-06-29,2.1888673082940566,1.9101269729111834,0.0,0.0,-0.3079881390772976,0.0932150075210414,0.09603704589153234,0.0,1.0689036629536024
2026-06-30,1.0753537102839004,0.9949649470979149,-1.0003334444814937,0.0,2.707239771448111,0.038732252892792474,0.11611191969359592,0.0,0.4079587678525786
2026-07-01,1.6651523925502467,1.5912546577024105,0.0,0.0,0.5085443690219682,0.04811004629616811,0.09673190189363665,0.0,0.49055183697158383
2026-07-02,1.5401239948565426,1.492219311403365,0.0,0.0,-0.7994245048009718,0.07540954115197174,0.12559397381258944,0.0,0.3811344201298837
2026-07-03,1.746093410173974,1.326710862152887,0.0,0.0,-0.23977064004243598,0.16374028834866827,0.11806650308595357,0.0,1.135200636583032
2026-07-06,1.625261523855676,1.7677178055013512,0.0,0.0,-2.340377961723339,0.07524059815506856,0.10542062676510884,0.0,0.0
2026-07-07,1.3486076106646265,1.334791963874921,-0.9996230471533708,0.0,-1.5994532868024436,0.004218629358199166,0.10965368286011637,0.0,0.19254324375964058
2026-07-08,1.9000826822653776,1.8365887294151186,0.0,0.0,-2.4924875706717975,0.11312702142129982,0.12367345562934738,0.0,0.4870893536407379
2026-07-09,1.9779411128185114,1.7656311253208787,0.9993896587691896,0.9993896587691896,1.5857374262410184,0.10604937588662988,0.13082722268689062,0.0,0.8915143156875601
2026-07-10,1.608727186785154,1.558249689817373,3.827316308814481e-05,0.007742745719849253,-1.4213774999964235,0.048422303406070455,0.10370093707904016,0.0,0.3998262943901222
2026-07-13,2.0729544011305947,1.9429979784070324,0.9999999982174477,0.9999999982174477,-4.204751573430999,0.06551898284208324,0.10733909797574831,0.0,0.7224256398224579
2026-07-14,2.7424436088251882,2.730210482549896,-0.3042914816064714,-0.3042914816064714,1.5575781381470089,0.04824987470852804,0.11318195905334243,0.0,0.25874247537036754
2026-07-15,1.914697465487618,1.9737603215589103,0.0,0.0,-1.8313272613104337,0.0540055054834232,0.11678420201026325,0.0,0.0
2026-07-16,2.0239001582398584,1.999954898454754,0.0,0.0,-1.016031025904307,-0.03936142594778147,0.13872711412359556,0.0,0.31040659572592644
2026-07-17,2.745839238179536,2.839119923269041,0.005910157465298395,0.005910157465298395,-5.753864005035759,0.08190922850510596,0.10443333476123824,0.0,0.0
2026-07-20,3.5839196131005786,3.6717775323820074,0.0,0.0,-4.154766525417363,0.15226562297481205,0.11301716391460627,0.0,0.0
2026-07-21,3.485979494161708,3.6262203006573728,0.0,0.0,3.974820432382997,0.09224481951994878,0.0968036427053182,0.0,0.0
2026-07-22,1.8085456273902665,1.8518657160606558,-0.6588250037179798,-0.00023472616838728707,-0.5151579342714152,-0.014327075162412495,0.09820346458832403,0.0,0.0
2026-07-23,1.59199801729656,1.7451215479979205,0.9999999993136272,0.9999999952227144,0.3195670845568488,0.04234300745569186,0.126566234466943,0.0,0.0
2026-07-24,1.7543174633514946,1.8083748672383502,0.9780263227273391,1.000352425595387,-1.5742286051768306,-0.023417387001933854,0.12397444339843713,0.0,0.0
2026-07-27,1.7137877161345556,1.7918211390736432,-1.0000000016369375,-1.0000000000162812,3.461755493619445,0.0823601803189078,0.1373902075512135,0.0,0.0
2026-07-28,1.2678193891527931,1.2557177913485202,1.0002178955779488,0.9999991515601959,-1.545629439485663,0.011860025797760798,0.12967314807374322,0.0,0.17475363230146518
2026-07-29,2.6431847181444192,2.8814150254622954,0.06340177013176726,0.0,0.9724853715416648,0.09441152676725739,0.10830112666543988,0.0,0.0
2026-07-30,2.299917201504953,2.3332707163798196,0.0,0.0,-2.217075929958734,0.057133824424959734,0.10880988250977819,0.0,0.0
2026-07-31,1.4664887335927637,1.4969200855401976,-0.3329937307787961,-1.0007699641438617,-0.18297584303267334,0.08080473222737972,0.12704932425454982,0.0,0.0
