日,hs300,zz500,zz1000,cyb,kc50,hongli
2021-01-04,0.5760747,0.64016676,0.69981134,0.81536496,0.70326185,-0.3666765
2021-01-05,-0.48650628,-0.49477464,-0.49118108,-0.52062845,-0.29604703,-0.7592071
2021-01-06,-0.4226933,-0.41012445,-0.33390728,-0.58647674,-0.020377604,-0.11703326
2021-01-07,0.3895565,0.39363506,0.4405759,0.45553392,-0.1877785,0.35379338
2021-01-08,0.16895497,-0.035325073,0.08149707,-0.084419124,-0.09807075,-0.26530716
2021-01-11,0.5362203,0.5802146,0.48275238,0.5226194,0.5948161,0.27875537
2021-01-12,0.52518857,-0.18531233,-0.11098759,0.1641423,0.08218273,0.46463114
2021-01-13,0.68055695,0.5610945,0.5293919,0.5777481,0.3620229,0.6569133
2021-01-14,0.4941918,0.3830145,0.31341773,0.267721,0.4714597,0.4136757
2021-01-15,0.6312688,0.588158,0.62697625,0.5038004,0.7646698,0.70068157
2021-01-18,0.27677047,0.7129119,0.6416186,0.41992694,0.5798589,0.116114095
2021-01-19,0.043581404,0.04632777,0.31313902,0.025999147,-0.25042748,0.6018108
2021-01-20,0.683225,0.59495264,0.4626181,0.59593296,0.5749657,0.18761574
2021-01-21,0.27376834,0.5624114,0.61092925,0.22053763,-0.100437954,0.3833267
2021-01-22,-0.5864768,-0.69432384,-0.6641925,-0.617444,-0.58289886,-0.5993675
2021-01-25,0.18617424,0.489904,0.33928034,0.19671552,0.46487632,0.4382085
2021-01-26,-0.011322108,-0.08366678,-0.14865808,-0.30826545,-0.14003867,0.47099847
2021-01-27,-0.36588955,-0.13977739,-0.1805304,-0.29345497,-0.26219594,-0.2368077
2021-01-28,-0.30805033,0.18414915,0.4134051,-0.15042952,0.2057868,0.3296629
2021-01-29,0.47476682,0.28242812,0.115783975,0.4269709,0.2827879,0.2745628
2021-02-01,-0.20247765,-0.27736515,-0.1821113,-0.1763984,0.08826223,-0.26185
2021-02-02,-0.14854762,-0.36773753,-0.0060623526,0.30128947,-0.33493248,-0.36226767
2021-02-03,0.5594274,0.28694373,0.09682125,0.30666736,-0.3198877,0.13997953
2021-02-04,0.53605664,0.5875584,0.489122,0.6504904,0.582835,0.34096345
2021-02-05,0.74803746,0.7710395,0.75743353,0.6479352,0.28682867,0.5385257
2021-02-08,0.3919213,0.5652557,0.621027,0.41509676,0.61161864,0.4984866
2021-02-09,0.3757788,0.22877498,0.50436103,0.19116315,0.35147464,0.2719015
2021-02-10,0.30095547,0.304558,0.21608587,0.48998016,-0.26341245,-0.111850105
2021-02-18,0.19013193,-0.07945548,0.112611316,-0.22493133,0.34421143,-0.019219715
2021-02-19,-0.53146327,-0.7635635,-0.63923186,-0.64380884,-0.507131,-0.53130746
2021-02-22,0.28566194,0.3959766,0.59452087,0.060590796,0.38652495,0.6828021
2021-02-23,-0.17227152,-0.08705914,-0.22418217,-0.31716877,-0.20475546,-0.36698163
2021-02-24,0.30420673,0.28854284,0.32253584,0.22644465,0.22966576,0.47865462
2021-02-25,0.43193159,-0.10379429,-0.09526763,0.27713194,0.22359273,-0.026538152
2021-02-26,0.32879525,0.3707179,0.2771732,0.27320504,0.34992638,0.43907318
2021-03-01,0.47210962,-0.01660524,0.21396098,-0.09039261,-0.26363885,0.0018691361
2021-03-02,0.16338453,0.04980751,0.13702631,0.12780936,0.30706236,0.20075779
2021-03-03,0.6501319,0.3869587,0.15405303,0.3622123,0.3383254,0.5570357
2021-03-04,0.12320151,0.3790271,0.51170164,-0.22249058,0.20282078,0.61381716
2021-03-05,0.687671,0.61084366,0.6366266,0.6142782,0.61239684,0.39988285
2021-03-08,0.5523585,0.6011246,0.6389843,0.41275603,0.37124848,0.5639032
2021-03-09,0.23657043,0.24882098,0.2918329,0.44159603,0.24244997,-0.18120815
2021-03-10,0.5942004,0.55539304,0.45060372,0.5068816,0.43313274,0.7099615
2021-03-11,0.51561767,0.33585984,0.2978847,0.57616013,0.0628104,0.18389879
2021-03-12,-0.18714468,-0.3896385,-0.26490635,-0.43238562,-0.027857905,0.03539694
2021-03-15,0.20628217,0.37375617,0.41116938,0.19808096,0.4199055,0.23595281
2021-03-16,0.17936067,-0.1793369,0.006870377,0.06233723,0.16370413,-0.33630866
2021-03-17,0.027788723,-0.035890162,-0.20150551,0.18145029,-0.26248106,0.043969415
2021-03-18,0.6340703,0.68765527,0.70032585,0.45329088,0.57849467,0.7215948
2021-03-19,0.5709433,0.7328619,0.7539021,0.55417746,0.6187972,0.7108671
2021-03-22,0.12406118,0.17439923,-0.03952854,0.33782816,0.45035988,0.044226084
2021-03-23,-0.18673591,-0.2873922,-0.26882172,-0.0196395,-0.0031870522,-0.11759071
2021-03-24,0.6101803,0.5972819,0.5831908,0.5742439,0.5615195,0.47312292
2021-03-25,-0.33354732,-0.33557022,-0.12440498,-0.49967894,0.020116717,-0.11619185
2021-03-26,0.13407561,0.35800093,0.45830688,0.42795467,0.48997727,0.7614976
2021-03-29,0.34953874,0.31992275,0.23686011,0.4789853,0.36552477,0.47289306
2021-03-30,0.412255,0.078016564,-0.25147158,0.34707338,-0.06196939,-0.06323654
2021-03-31,-0.1645046,-0.07741764,0.043986913,0.14335199,-0.36969367,-0.21456416
2021-04-01,0.312576,0.29003698,0.39686084,0.2874921,0.2908879,0.07189149
2021-04-02,0.62902486,0.56249875,0.4917438,0.6410174,0.45119017,0.41961813
2021-04-06,0.071425356,0.16562498,0.42159182,0.25794297,0.17805167,0.35346037
2021-04-07,-0.65506446,-0.6661037,-0.72263247,-0.7044837,-0.5114496,-0.27910668
2021-04-08,0.49990407,0.5304869,0.42039195,0.49290475,0.53690743,-0.14771694
2021-04-09,-0.4186728,-0.1162097,0.1015769,-0.42206508,-0.36150867,-0.1372169
2021-04-12,-0.02390248,0.3502527,0.11507728,0.17222926,0.31299812,0.4139588
2021-04-13,0.5120385,0.34602302,0.4408248,0.64881146,0.41365796,0.039357085
2021-04-14,-0.06975506,0.0612571,0.39022583,0.008357492,0.4250648,-0.18735139
2021-04-15,-0.33809325,-0.17013827,0.054511793,-0.4791228,-0.47473997,-0.026125904
2021-04-16,-0.22602654,-0.2599368,-0.16464111,-0.49851996,-0.42922688,0.5029842
2021-04-19,0.8014123,0.803733,0.8192539,0.81861323,0.6114466,0.7476256
2021-04-20,-0.029999409,0.42688122,0.48429322,0.2532622,-0.09660433,0.57762825
2021-04-21,0.40274224,0.40790424,0.43600607,0.21303101,-0.16550797,0.38143048
2021-04-22,0.38948613,0.68702585,0.44261986,0.5957984,0.47755188,0.7202989
2021-04-23,0.5980194,0.24049513,0.30085987,0.48981595,0.59858024,0.3711254
2021-04-26,0.5858046,0.79786295,0.8140343,0.62822354,0.69618803,0.5516915
2021-04-27,-0.6275605,-0.050898362,-0.17868531,-0.4151466,-0.34061506,0.04201196
2021-04-28,0.22777005,0.6247439,0.5452716,0.08780868,0.30877113,0.6259016
2021-04-29,-0.06217754,-0.4433586,-0.39466077,-0.2761568,-0.11824526,-0.015686268
2021-04-30,0.75734013,0.7547579,0.65107036,0.7696544,0.63613707,0.5891063
2021-05-06,0.04487607,-0.09950822,-0.3256595,-0.14736393,-0.28327024,-0.08117516
2021-05-07,0.6874689,0.496229,0.47248903,0.49213132,0.0438532,0.59538734
2021-05-10,0.599069,0.61357915,0.53587085,0.6207901,0.5929462,0.30834684
2021-05-11,-0.66238976,-0.7217569,-0.73454803,-0.6010252,-0.5055498,-0.6208179
2021-05-12,0.20323439,0.3111394,0.49466172,-0.12316553,0.3406159,0.48417434
2021-05-13,0.45259237,0.6175869,0.70444745,0.6147914,0.5916618,0.098489285
2021-05-14,0.6117032,0.39998668,0.35459143,0.45451966,-0.12207918,0.46143618
2021-05-17,0.7555124,0.8260132,0.7464854,0.52745116,0.6951685,0.63477504
2021-05-18,-0.081581965,-0.2047267,-0.2440697,-0.3829915,0.4006401,-0.2880922
2021-05-19,0.29480407,-0.21678135,0.07572632,-0.17509958,0.09113304,0.17890516
2021-05-20,-0.0254089,0.1589658,-0.059392583,0.005954546,0.41777426,0.1375867
2021-05-21,-0.5618177,-0.62332284,-0.5620177,-0.7368595,-0.38553804,0.49262515
2021-05-24,-0.05243536,-0.3685067,-0.07121576,0.19844247,-0.19546536,-0.16743493
2021-05-25,0.6707689,0.30265492,0.05176828,0.34495896,0.6879509,0.15211058
2021-05-26,0.015903229,-0.4024306,0.19001035,-0.26440632,0.076697655,0.28406724
2021-05-27,0.5115801,0.4482823,0.5729734,0.40269384,0.7142973,-0.045994855
2021-05-28,0.2014238,0.30067968,0.36699378,0.5275122,0.14864203,0.1974668
2021-05-31,0.15838261,0.30604464,0.5960149,0.5486709,0.58685374,0.29027748
2021-06-01,-0.2948857,-0.2717077,-0.004254165,-0.17537217,0.34581843,0.10509591
2021-06-02,-0.41466957,0.07973372,-0.00045388992,-0.34327856,-0.056725007,0.12814294
2021-06-03,0.72193444,0.6796348,0.60917395,0.25621146,0.17819984,0.11916588
2021-06-04,-0.44114786,-0.33820495,-0.30828553,0.16027185,-0.41301337,-0.55429685
2021-06-07,-0.50098026,0.035839085,0.47273073,-0.016595116,0.39156905,-0.023283329
2021-06-08,0.17718881,0.19474252,0.30501437,0.41336694,0.1769454,0.09888697
2021-06-09,0.43477774,0.48430005,0.560098,-0.010577643,0.51934206,0.7284524
2021-06-10,0.4173274,0.24392644,0.3139431,0.57596385,-0.22888227,0.54543716
2021-06-11,0.021664565,0.4914895,0.6607963,0.363409,0.5432745,0.41830295
2021-06-15,-0.29694098,-0.3994965,-0.38841337,-0.12702082,0.090382665,-0.519554
2021-06-16,0.67426366,0.72700405,0.69801855,0.5135083,0.5591563,0.7403494
2021-06-17,0.42107758,0.39375606,0.19343822,0.40493292,0.1254162,0.76352775
2021-06-18,0.119455956,0.28644487,0.54424345,-0.12676269,0.43967247,0.53494847
2021-06-21,0.38865176,0.29668537,0.5261363,0.3833993,0.36998612,-0.044184964
2021-06-22,-0.03257204,0.40822673,0.40218145,-0.5731318,0.22036436,0.3425302
2021-06-23,0.426799,0.0551138,0.26981944,0.5028559,0.61852556,0.26869905
2021-06-24,-0.022644509,0.2941022,0.4645722,0.18162975,0.11891951,0.529607
2021-06-25,-0.31105596,-0.86038244,-0.84061974,-0.29240283,-0.7169253,-0.74596244
2021-06-28,-0.24449186,0.1693784,0.40711698,0.64131707,0.5654237,0.45990783
2021-06-29,-0.5282229,0.2648481,0.18208888,-0.15391374,-0.24887447,0.20975181
2021-06-30,-0.56992567,-0.68314874,-0.65707535,0.2012101,0.020729875,0.22247271
2021-07-01,-0.78622127,-0.40171248,-0.059798986,-0.5317761,-0.53016543,-0.38286233
2021-07-02,0.25525263,0.14562902,0.2327931,0.39782947,0.30521002,-0.027448976
2021-07-05,0.6275945,0.6450011,0.6951709,0.5736321,0.68837535,0.18129161
2021-07-06,-0.40582794,0.04960183,0.078853965,-0.067920044,0.057259034,0.4923411
2021-07-07,0.6577699,0.7327375,0.74909645,0.71052724,0.63604844,0.60964245
2021-07-08,0.44025412,0.0025289238,0.29787517,0.45359507,0.6528901,0.10777767
2021-07-09,-0.32420868,-0.22831997,-0.3794044,0.08983843,-0.56900823,-0.17464533
2021-07-12,0.72259784,0.7325616,0.66457176,0.7677224,0.19597375,0.51740783
2021-07-13,0.39189196,0.36997077,0.26284438,0.5106734,0.063690804,0.0035851419
2021-07-14,-0.10629143,-0.06831365,0.059317373,0.24051604,0.41431504,0.3650691
2021-07-15,0.21960096,0.07598906,0.20165554,-0.15310645,0.35160926,0.2646804
2021-07-16,-0.30205402,0.17724964,0.49570552,0.27399352,0.33390212,0.18355449
2021-07-19,-0.20154317,-0.32837337,-0.4596971,0.066637255,-0.08672963,0.16332616
2021-07-20,0.0019107849,-0.12125584,-0.1938718,-0.10042353,0.1953078,0.26279986
2021-07-21,0.4291625,0.6172363,0.63016665,0.5036458,0.78239214,-0.006243226
2021-07-22,-0.19856057,-0.22627838,-0.6028341,-0.32492775,-0.6017058,-0.13136467
2021-07-23,0.57324815,0.640206,0.626523,0.5547239,0.48397207,0.7030837
2021-07-26,0.23540406,0.2089876,0.19895521,0.07518583,0.011866624,0.30832177
2021-07-27,0.73004234,0.7592435,0.67577446,0.6858931,0.8851287,0.6152665
2021-07-28,0.10458374,0.27235702,0.34922013,0.03730559,0.32996583,0.42902392
2021-07-29,-0.08173932,0.28551733,0.4284671,0.0576608,0.18294938,0.14920661
2021-07-30,0.4676922,0.44010943,0.52655494,0.5970429,0.6465794,0.3409994
2021-08-02,0.39423177,0.29754925,0.0767377,-0.22756028,0.58187735,0.5708554
2021-08-03,0.6107685,0.7297223,0.7836858,0.6113643,0.6939606,0.71430546
2021-08-04,0.38621387,0.5157021,0.31630737,0.542388,-0.16927665,-0.20797534
2021-08-05,0.15172574,-0.38457426,-0.2977863,-0.32190332,0.037719373,-0.16397971
2021-08-06,0.058448046,-0.16742186,-0.18496288,0.18884222,0.15601726,-0.05672871
2021-08-09,0.50359136,-0.36226857,-0.17116125,-0.16790399,-0.4047285,0.4968966
2021-08-10,-0.35484487,-0.15247665,0.009992152,-0.13613237,-0.28712115,-0.17391397
2021-08-11,0.38502663,0.61502004,0.6382998,0.52304226,0.5766992,0.40928555
2021-08-12,-0.49021083,-0.5828582,-0.6106321,-0.48553038,-0.6404756,0.23788217
2021-08-13,0.39342523,0.30008918,0.24874993,0.4727257,0.32660455,0.29532528
2021-08-16,0.54683036,0.4990878,0.41382203,0.3455179,0.618805,0.58827055
2021-08-17,0.33771056,0.2447894,0.17717202,0.09861767,0.017867986,0.36386418
2021-08-18,-0.33180815,-0.43122235,-0.34417278,-0.3405579,-0.3932924,-0.42025295
2021-08-19,-0.6812666,-0.80263025,-0.730931,-0.6943451,-0.15403934,-0.81310797
2021-08-20,0.16532002,0.55796194,0.6838836,0.2893347,0.53025,0.63950574
2021-08-23,-0.18133238,-0.1524385,0.21493766,-0.39001504,0.39896926,-0.40909904
2021-08-24,0.39807454,-0.2705212,-0.51327866,0.18009034,-0.31422773,-0.14582779
2021-08-25,-0.5018477,-0.25556028,-0.29594705,-0.32467425,-0.2795168,0.31961277
2021-08-26,0.450579,0.5352267,0.59048235,0.5570137,0.5137728,0.7399994
2021-08-27,0.47956467,0.13838604,-0.20425923,0.3373105,0.24077618,0.472095
2021-08-30,-0.20130956,-0.12624927,-0.04058052,0.41135836,0.5071877,-0.25955042
2021-08-31,-0.5545407,-0.18638851,-0.02451222,0.059470706,0.13565612,0.00022268892
2021-09-01,0.027687067,-0.09908076,-0.2513031,-0.26219532,-0.47366983,0.12327379
2021-09-02,0.2378619,0.76390946,0.625628,0.024538273,0.040573087,0.5492533
2021-09-03,0.16326347,-0.3426686,-0.5000748,0.21789889,-0.76140475,-0.17059731
2021-09-06,0.64541227,0.117404655,0.15943503,0.72842425,0.65027547,0.39643836
2021-09-07,-0.17444758,0.73459,0.602383,-0.20267756,0.17258292,0.65238106
2021-09-08,0.42353415,0.2703113,0.18275794,0.26764846,0.0513222,0.243812
2021-09-09,0.06810228,0.41822162,0.30990523,0.20811701,0.29785582,0.57242334
2021-09-10,-0.014331195,-0.4255999,-0.67329854,-0.4419096,0.13078922,-0.1495809
2021-09-13,0.22698525,-0.18610123,-0.35749814,-0.13507465,-0.12048993,0.07184196
2021-09-14,0.3860272,0.576016,0.7316736,0.55309737,0.329953,0.57090056
2021-09-15,0.51372933,0.61349726,0.6158591,0.5004984,-0.083480075,0.4490909
2021-09-16,-0.0020139187,0.20598881,0.10482991,-0.34994912,-0.12327118,0.27216858
2021-09-17,0.35893613,0.5718202,0.49741387,0.31321257,0.3070312,0.5500561
2021-09-22,-0.39653122,0.4356374,0.51722157,0.030009245,0.50143594,0.44070515
2021-09-23,-0.17126468,-0.012650713,0.0730208,-0.45656317,0.16389999,0.37397814
2021-09-24,0.33747563,0.08730699,0.12102572,0.4593389,0.27446887,-0.04217779
2021-09-27,0.5609514,0.29433042,0.29327628,0.46577564,0.34985095,0.2611984
2021-09-28,0.7447761,0.059043877,0.16168001,0.28780407,0.37361342,0.17919354
2021-09-29,-0.5939899,-0.036972124,-0.15753649,-0.5684339,-0.78950274,-0.019993406
2021-09-30,-0.2896295,-0.32548606,0.23247723,-0.27474195,0.34768197,-0.39989623
2021-10-08,-0.091517985,-0.04811929,-0.44786867,-0.18925197,0.13209583,0.20141998
2021-10-11,-0.13996996,0.7233887,0.5822435,-0.26925755,-0.18923344,0.6717436
2021-10-12,0.316265,-0.22302727,-0.2287504,0.113211535,-0.30727297,-0.17861243
2021-10-13,-0.7207437,-0.571454,-0.6648117,-0.63160235,-0.56102043,-0.7194846
2021-10-14,0.18476793,0.4193903,0.15964273,0.27003574,0.09062866,0.5525449
2021-10-15,0.31259874,0.30883652,0.17317753,0.6220818,0.5396494,0.33542153
2021-10-18,0.1346272,0.44802213,0.53143984,0.27321905,0.3249264,0.54379416
2021-10-19,-0.4732038,0.41243035,0.46746054,-0.36401814,-0.1699743,0.38240606
2021-10-20,-0.22748256,0.5346507,0.5413016,-0.22705217,-0.19393167,0.3291156
2021-10-21,0.5159929,0.566661,0.44636497,0.34554765,0.095619485,0.6823316
2021-10-22,-0.49625796,-0.41736856,-0.03275718,0.14847454,0.21089475,-0.40032768
2021-10-25,0.37409404,0.52463853,0.2987449,0.15251602,-0.414392,0.37463778
2021-10-26,0.12885712,0.5011252,0.53271586,0.37925118,0.42014757,0.59999704
2021-10-27,0.2417303,-0.41925073,-0.08325236,0.40825015,0.32897186,-0.37805
2021-10-28,0.4612089,0.3001706,0.14028805,0.6190854,0.24644268,0.09259624
2021-10-29,-0.6021861,-0.3471933,-0.37032354,-0.21202727,0.23526363,-0.6000937
2021-11-01,0.3514556,0.30652413,0.40643853,0.4539566,0.38220567,0.35126957
2021-11-02,0.24506381,0.19318315,0.17490879,0.5561961,0.54044235,-0.35129046
2021-11-03,0.29211688,0.3773077,0.2353231,0.35150743,0.07142624,0.15260041
2021-11-04,0.27845138,0.71030694,0.60600686,0.4997302,0.37258855,0.40865487
2021-11-05,0.40419307,0.29438117,0.32713312,-0.01836915,0.4726897,0.41703716
2021-11-08,-0.66220486,-0.39239973,-0.52810895,-0.48567733,-0.47550693,0.0092145
2021-11-09,-0.5823222,-0.11331071,-0.2465303,-0.7625524,-0.7570814,0.13703951
2021-11-10,-0.76944315,-0.40463337,-0.53245026,-0.6293372,-0.79670155,-0.3101981
2021-11-11,0.18587616,-0.07976563,-0.19178632,-0.0051520793,0.25133818,0.09427698
2021-11-12,0.09054353,0.15583947,0.35945287,-0.2687006,0.5990785,0.15218413
2021-11-15,-0.50958526,-0.09828179,-0.11844172,-0.3976233,-0.06748906,-0.39589268
2021-11-16,0.5781077,0.7523448,0.6932632,0.69013727,0.5929317,0.67062426
2021-11-17,-0.084758565,0.346309,0.48812062,0.3555003,0.2591009,-0.3859069
2021-11-18,-0.5845691,-0.36776313,-0.43453652,-0.08729409,-0.3836928,-0.42287645
2021-11-19,-0.25616497,0.04688263,-0.41864938,-0.37916788,-0.1551286,0.36822602
2021-11-22,0.65951514,0.6551718,0.61673313,0.5157119,0.5656296,0.6504869
2021-11-23,0.36873862,0.035992395,-0.40717846,0.3786618,0.39685854,0.6135183
2021-11-24,-0.5650655,-0.66558486,-0.52105284,-0.110033974,0.24588422,-0.7832883
2021-11-25,-0.4241394,-0.022405544,-0.0028084994,-0.39326072,-0.23957162,-0.4567946
2021-11-26,0.3310972,0.31525174,-0.057688974,0.5284165,-0.16188711,0.47060186
2021-11-29,0.46250853,0.56708497,0.6281103,0.5075835,0.46021342,0.590759
2021-11-30,0.05442663,0.27702275,0.35181618,0.20195341,0.29705086,-0.021175131
2021-12-01,0.40585247,-0.46897092,-0.5052881,0.07093341,-0.07444042,0.13003115
2021-12-02,0.3182005,-0.14453402,-0.33599612,-0.2932359,-0.16843203,0.25020558
2021-12-03,-0.24312095,-0.36067393,0.45551604,-0.26639667,-0.287919,-0.73406106
2021-12-06,0.38479906,0.57196885,0.32565767,0.6203798,0.22445615,0.42285237
2021-12-07,-0.064209506,0.04957529,0.20106849,0.43818212,0.23319001,0.19025904
2021-12-08,0.5943547,0.6201426,0.75219196,0.5607532,0.3471952,0.61772096
2021-12-09,0.56048363,0.20136583,0.52211607,0.39865583,0.24051294,0.49765888
2021-12-10,-0.40509623,-0.16784492,0.20675063,0.012965607,0.20738573,-0.005806378
2021-12-13,0.5811533,0.48660368,0.30354255,0.52618086,0.2186152,0.61879414
2021-12-14,-0.4448917,0.17873564,-0.3885421,-0.5573644,0.35898298,-0.4787159
2021-12-15,0.7304827,0.7809512,0.7035592,0.6514084,0.62754977,0.7628605
2021-12-16,-0.18442072,-0.22018866,0.013825032,0.16054425,-0.046052337,0.42104664
2021-12-17,0.4144887,0.5732852,0.51431966,0.11629343,0.059270144,0.28931484
2021-12-20,0.03664589,-0.14317831,-0.28817347,-0.0092421,0.08159186,0.05332739
2021-12-21,-0.16348682,-0.5492574,-0.41810387,-0.3965187,-0.38223487,0.65261483
2021-12-22,0.39071777,0.10164325,0.32188085,0.35137028,0.6124415,-0.30238968
2021-12-23,0.44255143,0.4910224,0.5937818,0.5482434,0.61667085,0.41676697
2021-12-24,-0.19083694,-0.102749124,0.03671294,-0.11511268,-0.048379567,-0.1511043
2021-12-27,0.4211133,0.59270155,0.5818361,0.5364773,0.29229555,0.6503943
2021-12-28,0.05524956,-0.49004588,-0.18676862,-0.005936301,-0.0044154436,-0.48635927
2021-12-29,0.14849362,0.2643596,0.38278756,0.20035884,0.28547305,0.280588
2021-12-30,0.75227517,0.7907535,0.76501894,0.8203411,0.7786189,0.17708097
2021-12-31,-0.3890368,0.2244263,0.6381385,-0.27750987,0.18973939,0.64609367
2022-01-04,-0.011176574,0.14974746,0.12621216,0.35391557,0.36977258,0.87739676
2022-01-05,0.88253325,0.758788,0.77239263,0.7393802,0.7549716,0.88734704
2022-01-06,0.24968812,0.5650523,0.46271056,0.11572416,0.32293695,0.8020873
2022-01-07,0.4843673,0.5255098,0.4262546,0.048612066,0.52697927,0.9452077
2022-01-10,0.79520416,0.74606407,0.88833076,0.915871,0.9120654,0.26865017
2022-01-11,0.83277893,0.7682832,0.69927144,0.595438,0.57327193,0.9364454
2022-01-12,0.4334239,0.19487219,0.5573191,0.678776,0.5311655,0.44196978
2022-01-13,0.8322775,0.83173245,0.816442,0.8313675,0.8902507,0.9202949
2022-01-14,0.59326303,0.8939098,0.89555204,0.7946217,0.8599682,0.8312833
2022-01-17,0.83147156,0.91369456,0.9493035,0.8183565,0.8759465,0.650652
2022-01-18,0.9496487,0.95572937,0.95807713,0.91138774,0.9399072,0.87251055
2022-01-19,0.7847667,0.7590175,0.81766146,0.6689738,0.7788883,0.89440393
2022-01-20,0.7161591,0.29794395,0.5060288,0.60828984,0.72017723,0.46453947
2022-01-21,0.8325124,0.72295874,0.6881235,0.8120071,0.75140417,0.53624827
2022-01-24,0.82783395,0.85404587,0.7511036,0.754856,0.7629531,0.89211714
2022-01-25,0.77573216,0.74355423,0.71454084,0.77976465,0.7817452,0.6863519
2022-01-26,0.57211095,0.76014143,0.6685418,0.6715657,0.7364465,0.72768456
2022-01-27,0.72788966,0.6398064,0.6732751,0.73570263,0.6249996,0.77713335
2022-01-28,0.57249945,0.53381217,0.47008353,0.6687361,0.68159574,0.410966
2022-02-07,0.56840837,0.7302523,0.8014714,0.7545227,0.72035325,0.92811364
2022-02-08,0.061374355,0.2586795,0.27361748,0.17575319,0.4328704,0.746637
2022-02-09,0.5581643,0.88328725,0.86326635,0.67654735,0.6624498,0.876202
2022-02-10,0.7975007,0.88702285,0.8591622,0.6507125,0.7575886,0.9373945
2022-02-11,0.9093838,0.8099529,0.81216604,0.88192284,0.8046482,0.874918
2022-02-14,0.8290799,0.84580344,0.8902515,0.8002186,0.88588774,0.79560804
2022-02-15,0.91878545,0.9064352,0.8936054,0.9104394,0.9017483,0.8707293
2022-02-16,0.94303703,0.8502394,0.9229132,0.9416649,0.8120128,0.90408576
2022-02-17,0.91548574,0.8653966,0.9060179,0.89448583,0.9050275,0.8206102
2022-02-18,0.4530565,0.8959503,0.84517515,0.63986146,0.7870557,0.8392351
2022-02-21,0.31802836,0.20244887,0.078707755,0.43704852,0.27191716,0.7862954
2022-02-22,0.57080185,0.7692873,0.83016074,0.81491345,0.85273254,0.7411525
2022-02-23,0.36426735,0.90533125,0.95271623,0.9139225,0.9633845,0.40490276
2022-02-24,0.77304566,0.7774429,0.7789859,0.82556504,0.80708754,0.7951831
2022-02-25,0.86333084,0.8476968,0.85240823,0.8875168,0.913247,0.6689326
2022-02-28,0.3702247,0.44901156,0.49175406,0.5219166,0.6069461,0.41799107
2022-03-01,0.52961856,0.72943443,0.72811955,0.7040023,0.47366875,0.35816303
2022-03-02,0.6079198,0.66690123,0.66232675,0.5349815,0.538108,0.6199449
2022-03-03,0.7367102,0.6859731,0.7737864,0.6624452,0.74927056,0.8199113
2022-03-04,0.9261919,0.9473028,0.9363362,0.8987732,0.9338814,0.9025057
2022-03-07,0.7087601,0.7665731,0.80664843,0.7485258,0.85491246,0.9490446
2022-03-08,0.37136763,0.39324898,0.3765194,0.2713667,0.38638955,0.53100646
2022-03-09,0.79526174,0.8089388,0.83467656,0.806588,0.8366769,0.7992806
2022-03-10,0.9517926,0.95273435,0.94873464,0.92277116,0.80993986,0.9513295
2022-03-11,0.3566125,0.5649058,0.41397867,0.29889423,0.3887578,0.7893387
2022-03-14,0.78028756,0.75454015,0.6971944,0.7041363,0.6693076,0.79755676
2022-03-15,0.8922676,0.8270777,0.84239453,0.903492,0.91618663,0.8126915
2022-03-16,0.06973419,-0.034422368,-0.0069554923,0.09962448,0.043012023,0.07346822
2022-03-17,0.76985735,0.87079394,0.91704047,0.88824195,0.8841294,0.8710631
2022-03-18,0.1676888,0.3703704,0.54405934,0.11813064,0.40687782,0.57911074
2022-03-21,0.90036917,0.89907074,0.92453253,0.8612291,0.9235164,0.90901184
2022-03-22,0.59754735,0.5827815,0.6028173,0.56872445,0.44834766,0.8386227
2022-03-23,0.87065136,0.8946985,0.9093071,0.90887564,0.8948824,0.30436927
2022-03-24,0.56679577,0.6124446,0.45294753,0.5370141,0.66067445,0.7634181
2022-03-25,0.8390519,0.85578173,0.86143076,0.8010335,0.8123172,0.93044204
2022-03-28,0.81908405,0.812394,0.7875496,0.81047857,0.75447714,0.89486533
2022-03-29,0.69091094,0.61662513,0.6306046,0.7871065,0.75812376,0.74706525
2022-03-30,0.80356896,0.7609954,0.8989031,0.89423513,0.8779327,0.5334766
2022-03-31,0.7199,0.82106227,0.7860753,0.6206526,0.7021785,0.9314467
2022-04-01,0.9326986,0.923059,0.92433846,0.92130595,0.85508996,0.41318798
2022-04-06,0.61862767,0.26062328,0.7216121,0.73445654,0.8282954,0.43178973
2022-04-07,0.83250695,0.7966205,0.8362058,0.76798236,0.83333635,0.88029164
2022-04-08,0.4090484,0.22687554,0.41154504,0.73841333,0.5904667,0.17448933
2022-04-11,0.43645573,0.57737476,0.6459151,0.36962193,0.5342432,0.78100216
2022-04-12,0.16386911,0.109963335,0.11382022,0.27980286,0.09780018,0.0969251
2022-04-13,0.516749,0.503114,0.43985838,0.61831236,0.52688694,0.5699541
2022-04-14,0.5574663,0.7200409,0.65493315,0.4968145,0.26109573,0.7510458
2022-04-15,0.63462746,0.553951,0.40818986,0.38839546,0.538514,0.7591839
2022-04-18,0.75922436,0.9135537,0.94954336,0.8958433,0.9473628,0.8964473
2022-04-19,0.7047907,0.87696993,0.8588274,0.7124406,0.62137884,0.94315016
2022-04-20,0.76016134,0.7452965,0.8441908,0.76127183,0.7943152,0.66317785
2022-04-21,0.46698985,0.51913613,0.5243235,0.4212226,0.5482203,0.59948933
2022-04-22,0.7958635,0.56118006,0.55386966,0.41404814,0.47586662,0.8806962
2022-04-25,0.63141996,0.6714722,0.6849364,0.67370343,0.7046102,0.61232466
2022-04-26,0.90091217,0.90203696,0.9015708,0.92724353,0.9346906,0.8589695
2022-04-27,0.65266407,0.603855,0.67888576,0.5757985,0.46565896,0.493989
2022-04-28,0.93979454,0.9045806,0.9139966,0.9124974,0.875992,0.93005884
2022-04-29,0.29239196,0.4732488,0.52876174,0.3744618,0.3754837,0.32522193
2022-05-05,0.77088445,0.8424376,0.91054136,0.76310337,0.8688513,0.3608748
2022-05-06,0.8331913,0.8568247,0.90111876,0.88076055,0.9193897,0.87643975
2022-05-09,0.8544243,0.89357203,0.9075281,0.86959314,0.9297675,0.847772
2022-05-10,0.91046697,0.89831257,0.934186,0.917055,0.94008607,0.79272896
2022-05-11,0.9408313,0.93893325,0.941175,0.94972837,0.9467101,0.5866872
2022-05-12,0.82893467,0.8269248,0.8443572,0.8504211,0.91603184,0.8275968
2022-05-13,0.66370285,0.4944324,0.45640603,0.6434828,0.604396,0.84666204
2022-05-16,0.6406123,0.6371423,0.5909809,0.68291485,0.5513903,0.8420085
2022-05-17,0.792527,0.58290786,0.61816275,0.84532994,0.8348222,0.52181375
2022-05-18,0.21951704,0.5840563,0.7405467,0.6576862,0.80075896,0.2468441
2022-05-19,0.5232544,0.5964732,0.47694176,0.21148877,0.39174867,0.8815668
2022-05-20,0.6634651,0.10724387,0.13335295,0.20032462,-0.0021998347,0.85370886
2022-05-23,0.4821577,0.5912844,0.7692908,0.66809464,0.5678603,0.590545
2022-05-24,0.8625118,0.8579714,0.86151934,0.87703115,0.87828314,0.77438366
2022-05-25,0.43951434,0.557726,0.4154775,0.5141121,0.45143908,0.7755576
2022-05-26,0.4264297,0.6736991,0.69221675,0.62880474,0.61411154,0.48768392
2022-05-27,0.79760534,0.8208963,0.84539163,0.8928301,0.6600124,0.8564857
2022-05-30,0.906812,0.8467641,0.8560168,0.9177604,0.92289513,0.8102652
2022-05-31,0.7541372,0.7894657,0.70947903,0.7423185,0.7723689,0.7003223
2022-06-01,0.8516828,0.85140705,0.9080985,0.9058813,0.77018654,0.8903855
2022-06-02,0.73470235,0.75543207,0.8252883,0.78942424,0.8572243,0.44861087
2022-06-06,0.9429674,0.91668844,0.9599987,0.94885623,0.9592425,0.26266074
2022-06-07,0.8077259,0.7788464,0.7607114,0.7739512,0.696861,0.8717269
2022-06-08,0.84880066,0.7545527,0.7691851,0.7368215,0.87191945,0.6297241
2022-06-09,0.8410386,0.8074995,0.79233736,0.7799986,0.7314664,0.9227589
2022-06-10,0.84983474,0.92067736,0.95603675,0.8364418,0.9153048,0.89467347
2022-06-13,0.70391077,0.72927964,0.82581776,0.82094413,0.706524,0.6017841
2022-06-14,0.19730318,0.26668343,0.22808814,0.225175,0.23211336,0.34157485
2022-06-15,0.4021946,0.24823432,0.3119669,0.065162346,0.114246234,0.834813
2022-06-16,0.86788476,0.87702763,0.87836695,0.88663065,0.90509045,0.76097554
2022-06-17,0.42054796,0.33194607,0.4352699,0.6539661,0.4046701,0.14717683
2022-06-20,0.7684259,0.70106477,0.77954453,0.86887074,0.73723114,0.70883554
2022-06-21,0.78709364,0.72634184,0.7756629,0.8154646,0.7475085,0.8148103
2022-06-22,0.72932005,0.73119414,0.77498883,0.69852173,0.7309054,0.7557279
2022-06-23,0.30409104,0.3614412,0.3843522,0.33185172,0.32731232,0.85444087
2022-06-24,0.88856745,0.9220629,0.9328426,0.9329041,0.9061233,0.8082153
2022-06-27,0.9018496,0.87846965,0.828071,0.8392743,0.7748848,0.9150115
2022-06-28,0.6558402,0.82312715,0.8066182,0.53216696,0.63743144,0.7525206
2022-06-29,0.826735,0.7861716,0.7645467,0.8512546,0.80891114,0.74969405
2022-06-30,0.74603575,0.87993133,0.7817857,0.64683473,0.687747,0.8978106
2022-07-01,0.7534474,0.89113396,0.90407073,0.7927309,0.7591491,0.89563113
2022-07-04,0.897247,0.9382286,0.9400366,0.91520673,0.91651404,0.50667334
2022-07-05,0.5502628,0.65052193,0.66678363,0.5116016,0.56364685,0.78006685
2022-07-06,0.7490109,0.7509964,0.81648767,0.82854116,0.9015605,0.5720366
2022-07-07,0.8867062,0.9254152,0.90528363,0.842179,0.8619787,0.9260629
2022-07-08,0.81093156,0.8268906,0.8354906,0.7740251,0.8283911,0.7621885
2022-07-11,0.7012316,0.7772145,0.8162519,0.7574834,0.76444864,0.8514798
2022-07-12,0.42775702,0.6604058,0.6640963,0.52960926,0.4982555,0.70787495
2022-07-13,0.8024017,0.8235337,0.8321223,0.7856693,0.8521727,0.83772194
2022-07-14,0.90965116,0.9262573,0.9432295,0.9358699,0.9407649,0.59278405
2022-07-15,0.9112377,0.85971355,0.8744442,0.854276,0.8873086,0.8989352
2022-07-18,0.7714261,0.7840254,0.70801055,0.74512166,0.6957854,0.96287984
2022-07-19,0.71057373,0.8861874,0.9200085,0.75040036,0.6970118,0.8489641
2022-07-20,0.85728586,0.9223307,0.92147887,0.923336,0.81874067,0.8088133
2022-07-21,0.79123795,0.7191493,0.82937896,0.8896702,0.92380846,0.5610956
2022-07-22,0.85194415,0.717305,0.7440064,0.7958952,0.8108977,0.7484113
2022-07-25,0.72252953,0.77317715,0.825147,0.73525304,0.87022656,0.8627378
2022-07-26,0.8934617,0.9443682,0.9247662,0.8955506,0.92386264,0.92052287
2022-07-27,0.7108563,0.8016224,0.8949202,0.750824,0.7327594,0.69482577
2022-07-28,0.8927685,0.91526794,0.9112875,0.8780627,0.8851048,0.64028704
2022-07-29,0.6232329,0.6063664,0.6135,0.596514,0.61321056,0.5967363
2022-08-01,0.89291495,0.8649427,0.87372524,0.93340504,0.8938843,0.5100368
2022-08-02,0.356169,0.2589861,0.30738267,0.41068703,0.5342149,0.29741007
2022-08-03,0.2966214,0.5012838,0.61305386,0.5385548,0.17376025,0.5339557
2022-08-04,0.7856039,0.8298178,0.86182183,0.7233168,0.82342494,0.8082706
2022-08-05,0.6981553,0.7565075,0.79333955,0.8447124,0.85802287,0.41458464
2022-08-08,0.81313354,0.9029724,0.94694644,0.8538262,0.76584375,0.8843579
2022-08-09,0.89092606,0.84460753,0.7818804,0.87054217,0.84613067,0.874479
2022-08-10,0.7457633,0.8533164,0.87526447,0.7219684,0.87809944,0.70879775
2022-08-11,0.7808095,0.8234806,0.80155295,0.8103672,0.713083,0.8521658
2022-08-12,0.8095668,0.9166988,0.8689097,0.7706723,0.82470715,0.9150022
2022-08-15,0.6771804,0.72124034,0.88874686,0.86500853,0.8926749,0.37804213
2022-08-16,0.9201558,0.92095643,0.9386528,0.9471472,0.9207858,0.85329545
2022-08-17,0.8066932,0.5675757,0.5071333,0.7320474,0.6584277,0.8750633
2022-08-18,0.53083193,0.52294385,0.7922081,0.74435276,0.900548,0.43539613
2022-08-19,0.6209231,0.5346012,0.5873895,0.5725912,0.6801847,0.79121125
2022-08-22,0.93069714,0.9418844,0.780324,0.89799273,0.59879297,0.93475187
2022-08-23,0.38164815,0.5733477,0.6550382,0.6651968,0.694069,0.6055843
2022-08-24,0.69616765,0.6155841,0.59398973,0.6782908,0.65861124,0.6029879
2022-08-25,0.4919774,0.67992806,0.6569727,0.65163934,0.6078599,0.77130497
2022-08-26,0.8984906,0.93741035,0.95149267,0.8933859,0.9150383,0.90787745
2022-08-29,0.7375437,0.880243,0.8778868,0.7749857,0.8619051,0.85056543
2022-08-30,0.47433454,0.63557,0.7731007,0.6475139,0.86294,0.527758
2022-08-31,0.1685662,0.18052661,0.3615458,0.20934442,0.29549608,0.22503349
2022-09-01,0.8744422,0.86027944,0.8400798,0.85240096,0.8380016,0.93754387
2022-09-02,0.75467724,0.8567273,0.89491016,0.7796631,0.91739017,0.8887798
2022-09-05,0.5729286,0.8050286,0.85763806,0.7070836,0.81691664,0.9361618
2022-09-06,0.7130328,0.8981311,0.9040817,0.74939024,0.833518,0.89277095
2022-09-07,0.92401254,0.9320189,0.9440913,0.93698347,0.93939495,0.8788543
2022-09-08,0.6777062,0.64749587,0.6442711,0.6333448,0.66241044,0.7872116
2022-09-09,0.94292134,0.8666484,0.7380332,0.8848314,0.64775145,0.8580974
2022-09-13,0.88919413,0.8071871,0.6469008,0.7725986,0.75139296,0.85522425
2022-09-14,0.824617,0.8226594,0.78110355,0.6917267,0.7026146,0.8069458
2022-09-15,0.7433932,0.7200974,0.6859921,0.6907133,0.70671237,0.7451442
2022-09-16,0.6815253,0.7961552,0.8614057,0.79612225,0.9205879,0.7560643
2022-09-19,0.91301215,0.8806492,0.8303298,0.878791,0.78962004,0.91833
2022-09-20,0.79750806,0.8779377,0.8964488,0.8948876,0.91409,0.80185956
2022-09-21,0.53402877,0.76249963,0.61306244,0.47096094,0.6241521,0.8308698
2022-09-22,0.88308,0.912646,0.9152654,0.91611063,0.92050517,0.7013614
2022-09-23,0.22556372,0.19129191,0.17321992,0.059485674,0.28424734,0.47895414
2022-09-26,0.9040934,0.8950464,0.9023981,0.95371616,0.93193495,0.8408991
2022-09-27,0.27901068,0.2116265,0.1950186,0.59164655,0.46101588,0.1739787
2022-09-28,0.67891234,0.60739625,0.60002655,0.5655643,0.56146145,0.6903347
2022-09-29,0.73101205,0.78662145,0.75748074,0.8164121,0.78805864,0.7182975
2022-09-30,0.6314903,0.64022666,0.6247558,0.682516,0.7080294,0.5037407
2022-10-10,0.86698216,0.90248644,0.86467314,0.7919839,0.6553956,0.9396537
2022-10-11,0.82714826,0.8387626,0.8296278,0.87587863,0.7981026,0.67125356
2022-10-12,0.17455918,0.27066293,0.3299578,0.26166946,0.32945922,0.4419375
2022-10-13,0.5641309,0.7219516,0.86359966,0.7974203,0.8076226,0.31863815
2022-10-14,0.9274944,0.93936425,0.91798943,0.8867194,0.58830285,0.9251069
2022-10-17,0.28195524,0.4352869,0.41678625,0.2900297,0.37672764,0.45112538
2022-10-18,0.5048326,0.70761263,0.8194029,0.7253576,0.56887966,0.8137568
2022-10-19,0.7718519,0.85859907,0.91253567,0.82399005,0.85463494,0.8948784
2022-10-20,0.5161243,0.4734501,0.4173154,0.5728617,0.7009264,0.5127973
2022-10-21,0.83067214,0.7032517,0.6565753,0.700394,0.699679,0.922334
2022-10-24,0.69032234,0.8084203,0.84646446,0.74202853,0.7532093,0.7549932
2022-10-25,0.58716285,0.5704377,0.5695945,0.50004065,0.6875728,0.48479527
2022-10-26,0.9427186,0.95398426,0.94857347,0.95408,0.9533297,0.8834087
2022-10-27,0.8924655,0.8535465,0.7947205,0.86465263,0.31506008,0.91343343
2022-10-28,0.8764432,0.7621599,0.7527472,0.7431416,0.86097306,0.8222377
2022-10-31,0.84865314,0.8606642,0.8670372,0.8776762,0.87361985,0.63544285
2022-11-01,0.9036459,0.7526446,0.8718673,0.8428645,0.86012715,0.5506605
2022-11-02,0.5655494,0.69039834,0.763667,0.54114664,0.5878655,0.93175524
2022-11-03,0.7533974,0.8490944,0.850175,0.8904811,0.8138552,0.81511176
2022-11-04,0.89291763,0.88710797,0.88259155,0.8794489,0.7799572,0.9046561
2022-11-07,0.8088129,0.8444103,0.7772997,0.73197675,0.74109286,0.9068777
2022-11-08,0.7165518,0.81259996,0.6841964,0.5928041,0.49068722,0.89826
2022-11-09,0.8410312,0.9060184,0.90080386,0.8353945,0.8805151,0.8774723
2022-11-10,0.7577348,0.77622885,0.76008475,0.64207834,0.804815,0.9221657
2022-11-11,0.38275355,0.64556897,0.6443164,0.59783095,0.8183905,0.6891881
2022-11-14,0.8166069,0.9349554,0.9140922,0.7760569,0.8796895,0.89729804
2022-11-15,0.9556931,0.9548217,0.941881,0.9354722,0.8811922,0.912621
2022-11-16,0.87874305,0.8485359,0.83312285,0.88746774,0.8399674,0.7940665
2022-11-17,0.47300187,0.5974287,0.5173793,0.3551394,0.17598985,0.8996175
2022-11-18,0.42840618,0.4722325,0.80953217,0.81691825,0.7908964,0.3160571
2022-11-21,0.32654458,0.62376803,0.6387003,0.5587978,0.6700716,0.55447054
2022-11-22,0.63487893,0.6059016,0.7250837,0.7019969,0.82253516,0.48768038
2022-11-23,0.5439404,0.053488344,-0.016426519,0.061564427,0.04864219,0.6560613
2022-11-24,0.69369984,0.82931674,0.85068226,0.7620194,0.66995955,0.8505312
2022-11-25,0.8819698,0.7699913,0.7263192,0.8223038,0.7493572,0.89650804
2022-11-28,0.809517,0.8286279,0.8523245,0.7424103,0.74798334,0.8570377
2022-11-29,0.9266542,0.8495604,0.7128197,0.73269486,0.6303422,0.8785715
2022-11-30,0.88465786,0.76910585,0.80082524,0.60176337,0.73760736,0.8817876
2022-12-01,0.8303091,0.8625008,0.90751076,0.8831484,0.9209814,0.8583676
2022-12-02,0.7600931,0.80202323,0.8711852,0.9069088,0.90104043,0.35093766
2022-12-05,0.9200449,0.8870903,0.86150247,0.90117276,0.8005161,0.7698835
2022-12-06,0.92919004,0.92809474,0.8440008,0.92830276,0.9092213,0.8461113
2022-12-07,0.5675706,0.6649648,0.85841113,0.9115881,0.91857374,0.28674012
2022-12-08,0.8875615,0.8911837,0.93372375,0.9105275,0.850358,0.90417755
2022-12-09,0.2550099,0.57869583,0.78784007,0.5806203,0.83498955,0.14817607
2022-12-12,0.83276844,0.54256606,0.5383636,0.7884332,0.78299904,0.7700974
2022-12-13,0.63959235,0.515835,0.5999347,0.43055448,0.57006013,0.8271575
2022-12-14,0.43956965,0.59838915,0.7655443,0.41899198,0.81437075,0.4959762
2022-12-15,0.42704827,0.2118262,0.3009597,0.2942493,0.76989686,0.48354226
2022-12-16,0.84620845,0.85371363,0.8227743,0.7764275,0.6872617,0.94598234
2022-12-19,0.6653331,0.7361479,0.77970135,0.75622046,0.71336627,0.7051767
2022-12-20,0.7435247,0.88311446,0.8805475,0.73800504,0.6481456,0.92716706
2022-12-21,0.8714199,0.7947237,0.81457025,0.85294926,0.8061841,0.9094931
2022-12-22,0.9274567,0.8906067,0.87885094,0.89568776,0.88667697,0.85253775
2022-12-23,0.9070799,0.8375211,0.78755915,0.8338572,0.6989771,0.90025675
2022-12-26,0.8998523,0.9431917,0.95703906,0.94608897,0.9585215,0.76676154
2022-12-27,0.85454905,0.3058959,0.033730317,0.5275974,0.05999757,0.9001039
2022-12-28,0.7772576,0.92660874,0.88875085,0.7435785,0.80491734,0.9041046
2022-12-29,0.7527896,0.91146326,0.9068018,0.9075678,0.85364676,0.7599495
2022-12-30,0.5204134,0.4491496,0.7170222,0.60981333,0.5213455,0.5954117
2023-01-03,-0.14705913,0.66129524,0.83220994,0.21168856,0.25142136,0.70106333
2023-01-04,0.8307587,0.8028434,0.7897186,0.6667129,0.21627751,0.95936334
2023-01-05,0.84427583,0.8789691,0.8065977,0.8988665,0.8493859,0.7548361
2023-01-06,0.9224807,0.95756835,0.92510587,0.9135801,0.9687556,0.8735734
2023-01-09,0.71786433,0.9081831,0.8152242,0.7203452,0.82677984,0.6911593
2023-01-10,0.053298436,0.4195424,0.48019752,-0.40761843,0.498695,0.20489669
2023-01-11,0.33702406,0.6660046,0.81229705,0.46053487,0.258413,0.53478724
2023-01-12,0.31543684,0.5218549,0.6363564,0.45519075,0.558454,0.14905514
2023-01-13,0.58985674,0.41494894,0.36320624,0.21724229,0.14776358,0.5987679
2023-01-16,0.93178636,0.9104951,0.85439,0.8966896,0.84904826,0.6476383
2023-01-17,0.56747776,0.49578172,0.7637153,0.6398362,0.7430618,0.07251417
2023-01-18,-0.2682237,0.3568123,0.4040657,-0.055029918,-0.47754127,0.69168913
2023-01-19,0.27691755,0.7575277,0.834301,0.7520919,0.79355955,-0.59838665
2023-01-20,0.37341914,0.44685578,0.11010666,0.28882927,0.31954113,0.7222929
2023-01-30,0.53215283,0.72611487,0.45672703,0.4555734,0.5123976,0.49587497
2023-01-31,-0.06417783,-0.13717498,-0.012812844,0.070678495,0.00089339016,-0.1563534
2023-02-01,-0.27815264,0.14341749,0.15877981,0.17026871,-0.038710404,-0.80273515
2023-02-02,0.5813862,0.7202875,0.72899354,0.578386,0.17428142,0.6394934
2023-02-03,-0.3891778,-0.15119186,0.003250414,-0.14635286,0.027833998,-0.22358909
2023-02-06,0.1550069,0.19210634,0.048563547,0.0763448,0.24258034,0.25862795
2023-02-07,0.2044807,0.26787242,0.27084833,-0.084886864,0.10555323,0.7152606
2023-02-08,0.5728,0.80892575,0.607868,0.5795772,0.42912388,0.88739884
2023-02-09,0.40272087,0.57570946,0.68742967,0.5687291,0.77705526,0.39404994
2023-02-10,0.6628454,0.38411933,0.31015962,0.6268989,0.34392995,0.4801023
2023-02-13,0.3496461,0.4847127,0.3326215,-0.1561014,-0.012154339,0.84303856
2023-02-14,0.14252283,0.3196861,0.15725592,-0.050133467,-0.029604813,0.6145873
2023-02-15,0.08534707,0.15941527,0.050353885,-0.047532104,0.33131665,-0.12381563
2023-02-16,0.81662494,0.8122622,0.81677276,0.8037859,0.79011285,0.7429165
2023-02-17,0.66498566,0.37544963,0.50975996,0.4727509,0.65376556,0.71977246
2023-02-20,0.5295359,0.19884054,-0.13535997,-0.11958442,-0.056114655,0.7467558
2023-02-21,0.38789427,0.4743174,0.5361982,0.49887332,0.42718926,0.20127699
2023-02-22,0.3261293,0.62931484,0.5419191,0.07671472,-0.14542648,0.7635148
2023-02-23,0.5587484,0.4865126,0.20638242,0.012593335,0.25205714,0.7444562
2023-02-24,-0.2842183,-0.39982948,-0.58839357,-0.45980707,-0.54681706,-0.3321162
2023-02-27,0.6027819,0.5770445,0.60184443,0.39588264,0.623776,0.6385644
2023-02-28,-0.015017045,0.43488947,0.28459316,0.2681442,0.36797762,0.18952128
2023-03-01,0.868209,0.8577081,0.743691,0.73294055,0.3522994,0.72951806
2023-03-02,0.66463715,0.63524586,0.5353258,0.20192325,0.42988068,0.90564775
2023-03-03,-0.08897538,0.054421604,-0.23690215,0.23037267,-0.38978142,0.41631898
2023-03-06,-0.04268192,-0.04473669,-0.07528098,-0.14551911,0.059518766,0.5388093
2023-03-07,0.4087677,0.25241977,-0.19957028,-0.22546211,0.02271315,0.88751316
2023-03-08,-0.32860214,-0.27854097,-0.2750315,-0.439637,-0.35782513,-0.07136894
2023-03-09,-0.47772926,-0.5140356,-0.50479686,-0.08200946,-0.17274362,-0.10480227
2023-03-10,0.544595,0.52305657,0.56267023,0.42927298,0.45302457,0.6543035
2023-03-13,0.35475054,-0.28732443,-0.39078164,-0.06657851,0.036627084,0.36809915
2023-03-14,-0.51573825,-0.39475867,-0.5013814,-0.66647273,-0.5286532,0.38834092
2023-03-15,0.021659022,0.6512853,0.5722157,0.04248599,0.4910303,0.8538364
2023-03-16,0.7497281,0.7360739,0.66946256,0.4794136,0.31818753,0.8556101
2023-03-17,0.623269,0.52706057,0.4290719,0.21056095,0.715762,0.7622578
2023-03-20,0.5919827,0.52985275,0.36367384,0.58930993,0.4135441,0.7140384
2023-03-21,-0.77806485,-0.1924554,0.10920646,-0.50565547,-0.5151071,-0.4574334
2023-03-22,0.55057776,0.24667254,0.32847744,0.15627465,0.28303736,0.46320423
2023-03-23,0.38607472,0.23091097,0.35453796,0.30446061,0.29244357,-0.44013077
2023-03-24,-0.13546869,-0.37883037,-0.2219249,0.37931338,-0.6472241,-0.3368066
2023-03-27,-0.69279253,-0.6412692,-0.5655691,-0.1886016,-0.07113663,-0.8871835
2023-03-28,0.16203332,0.42191514,0.19414899,0.29276347,-0.25341183,0.026481465
2023-03-29,0.36402267,0.38379803,0.55578405,0.62376434,0.729827,0.47786278
2023-03-30,-0.6494423,-0.61748856,-0.6422137,-0.36029816,-0.5729981,-0.5248258
2023-03-31,-0.36736107,-0.100212194,0.2943589,-0.036272787,-0.20757575,0.13673511
2023-04-03,0.6571278,0.42249665,0.05979957,0.40104762,0.44005427,0.386574
2023-04-04,0.23836699,0.19966896,0.12152598,0.22307971,0.82971466,0.300201
2023-04-06,-0.0554622,0.48847708,0.30039972,-0.28922412,0.6775249,0.2712248
2023-04-07,0.57839704,0.5174929,0.102300666,0.40718952,-0.4754737,0.20146489
2023-04-10,0.22903495,0.30675697,0.43844017,-0.17338865,0.6675934,0.68158424
2023-04-11,0.5487156,0.6670317,0.78427804,0.75241023,0.5980857,0.825164
2023-04-12,0.53203344,0.6182469,0.47185546,0.3245459,0.6041978,0.12721333
2023-04-13,0.7419523,0.8705026,0.92211926,0.8662712,0.5592676,0.3501386
2023-04-14,0.22965232,-0.2765403,-0.34559122,0.045309093,0.22906289,0.072470784
2023-04-17,0.6080046,0.37131706,0.12092986,-0.06903223,0.009723124,0.8710607
2023-04-18,-0.2824131,-0.6354886,-0.73941,-0.63982594,-0.8823001,0.5361628
2023-04-19,0.016718004,0.17768517,0.49497017,0.4992156,0.54444104,-0.42212492
2023-04-20,-0.4796273,-0.2812332,-0.09924655,0.096305594,0.22896163,-0.80683345
2023-04-21,0.8756954,0.71926636,0.70616466,0.7101826,0.406186,0.94411546
2023-04-24,0.22038753,0.5770097,0.5382487,-0.09701967,0.40855542,0.27700382
2023-04-25,0.3548557,0.5053601,0.5191683,0.34206992,0.84111845,0.48962218
2023-04-26,0.08218317,-0.040516973,-0.19355437,0.8008954,-0.4084944,-0.16657928
2023-04-27,-0.085529685,0.53995425,0.5321698,0.18814164,0.07502018,0.6360434
2023-04-28,0.26894683,0.16307665,0.40414506,0.03592419,0.50373495,0.22979362
2023-05-04,0.5067184,-0.29873595,-0.18753357,-0.50776744,-0.32687816,0.92575234
2023-05-05,0.39808232,0.2589336,0.05978086,0.62637955,0.79245514,0.50303984
2023-05-08,0.8616875,-0.016360875,-0.8314087,-0.0941968,-0.101546444,0.93718547
2023-05-09,0.82672375,0.936539,0.8898508,0.50121367,0.74982744,0.7702913
2023-05-10,-0.366522,-0.25976953,-0.24795397,-0.4254434,-0.37236327,-0.23541717
2023-05-11,0.76268375,0.7917426,0.7821965,0.8275746,0.4974895,0.7062491
2023-05-12,0.56523484,0.79226565,0.7657613,0.43758544,0.39032778,0.6115663
2023-05-15,-0.6025329,-0.69189596,-0.7083496,-0.11024904,-0.5627845,-0.805107
2023-05-16,0.34534588,0.19540057,0.15985557,0.5460984,0.5429214,0.2889854
2023-05-17,0.6358716,0.5498341,0.57526237,0.1363708,-0.08898381,0.54056734
2023-05-18,0.5852009,0.5865298,0.61541355,0.25626907,0.65371567,0.6590661
2023-05-19,0.8560009,0.73169625,0.6083405,0.65675974,0.57639426,0.6214735
2023-05-22,0.5303933,0.12075665,-0.059168357,0.43672362,0.19444256,0.11268302
2023-05-23,0.8813146,0.9402216,0.937655,0.87486875,0.72136056,0.82326806
2023-05-24,0.87077826,0.8734487,0.91536605,0.8333231,0.89848673,0.56752646
2023-05-25,0.21814167,0.08954494,0.15343192,0.13845277,-0.08434648,-0.10829407
2023-05-26,-0.8893876,-0.7597264,-0.80449754,-0.8014334,-0.47890338,-0.80677336
2023-05-29,-0.06362005,0.51071686,0.64493984,0.151316,0.35128078,0.33080643
2023-05-30,0.5083398,0.4005665,0.5077333,0.18303195,0.73098564,0.57861
2023-05-31,0.18214652,0.39882752,0.4483668,0.06219151,0.38501486,0.3199578
2023-06-01,0.60531557,0.78100455,0.7074851,0.41144738,0.86054116,0.5308634
2023-06-02,0.65412986,0.621588,0.8114649,0.7224178,0.48921508,-0.22467247
2023-06-05,0.62571514,0.42517367,0.5323085,0.076601945,0.66443485,0.80198383
2023-06-06,0.81708705,0.7193885,0.6716084,0.32568917,0.6277101,0.92977697
2023-06-07,-0.29292905,0.2749195,0.09992136,-0.45414558,-0.056411106,-0.5001341
2023-06-08,-0.6723989,-0.6450761,-0.531826,-0.49103856,-0.3845055,-0.67651236
2023-06-09,-0.26651555,-0.042133886,0.045991283,-0.40239936,0.51519984,0.3848129
2023-06-12,-0.51833415,0.05141923,0.5456749,-0.26525527,0.13170199,-0.33921152
2023-06-13,-0.16578124,0.6604107,0.59191334,-0.106178805,0.78170514,0.1282961
2023-06-14,0.65834314,0.22160769,0.21894114,0.5962166,0.08114529,0.06887104
2023-06-15,-0.5294879,-0.25848258,0.3550272,0.11973939,-0.42556223,-0.35867852
2023-06-16,-0.23135905,0.298817,0.46743655,-0.40572518,0.51450074,0.20936759
2023-06-19,-0.36965635,-0.0599918,-0.19726142,-0.17800729,0.39734554,0.18725108
2023-06-20,0.2431281,-0.13900627,-0.15413228,-0.10290345,-0.02223741,0.69320786
2023-06-21,0.7068685,0.56546724,0.67466986,0.29021472,0.35043773,0.87963164
2023-06-26,0.5309559,0.50899327,0.58229303,0.27314553,0.76482236,0.48625574
2023-06-27,0.20792799,0.36233366,0.48007244,-0.27434066,0.3209026,0.73997986
2023-06-28,0.39960817,-0.10203775,-0.23680934,0.19363609,0.5376979,-0.39210182
2023-06-29,0.078527905,0.29271618,0.15325291,-0.036303855,0.2857619,0.74010175
2023-06-30,0.37882584,0.54158735,0.33317804,0.82019126,0.31944486,0.16414186
2023-07-03,0.55471957,0.48918945,0.3238163,0.3687542,0.40441388,-0.10663378
2023-07-04,0.7197986,0.7646852,0.63904846,0.76495934,0.8921968,0.10965431
2023-07-05,0.092760384,0.7791041,0.76608074,0.05939555,0.23395643,0.27948874
2023-07-06,0.734655,0.7680119,0.75147694,0.26683223,0.72606313,0.7979131
2023-07-07,-0.8562911,-0.7790011,-0.61093557,-0.7827512,-0.45426926,-0.72569805
2023-07-10,0.86911154,0.8133532,0.75707823,0.80790377,0.7347137,0.41539192
2023-07-11,0.7136068,0.39963326,0.4562753,0.38839462,0.69151676,0.63728
2023-07-12,0.85906523,0.8562959,0.81728154,0.6562902,0.6972539,0.56685674
2023-07-13,0.39203456,-0.45381436,-0.69785064,0.0805372,-0.35636592,-0.4478135
2023-07-14,0.3918743,0.46989807,0.4554072,0.24196796,0.2518523,0.6830969
2023-07-17,-0.057002135,0.18940662,0.2185758,-0.0765328,-0.2754107,-0.06311171
2023-07-18,-0.27557588,-0.10177815,0.1875968,-0.18590298,-0.038487118,-0.20522852
2023-07-19,-0.16802779,0.024804268,0.08144321,0.070958234,-0.061226167,-0.12449191
2023-07-20,-0.10250129,-0.03526134,0.107551955,-0.084586486,-0.38604635,0.14025779
2023-07-21,0.7627486,0.7644616,0.736923,0.75937223,0.2902382,0.5350547
2023-07-24,0.552522,0.43193334,0.3416311,0.060225904,0.1234834,0.52994066
2023-07-25,0.7915281,0.05990082,0.1834184,0.6663467,0.33615962,0.154496
2023-07-26,0.34452853,0.39580363,0.39887834,-0.0047919475,0.37508613,0.63172024
2023-07-27,0.74711645,0.7060516,0.21447726,0.21678475,-0.19151668,0.864089
2023-07-28,0.94064444,0.81088746,0.51170063,0.91862977,0.11765611,0.9032914
2023-07-31,0.66510344,0.76034427,0.7232022,0.602707,0.6357787,0.5039321
2023-08-01,0.60360384,0.42202416,0.6908084,0.53508025,-0.17949815,0.32598138
2023-08-02,0.30010024,0.20203188,0.07059618,0.21580324,0.4413436,0.42054334
2023-08-03,-0.6733273,-0.76051724,-0.76487786,-0.6810681,-0.3710972,-0.7318624
2023-08-04,-0.1838499,-0.43178082,-0.5840329,-0.28600022,-0.5801438,-0.23037505
2023-08-07,0.22179899,0.26319,0.15900008,0.21493435,0.23550661,0.014511657
2023-08-08,0.42020673,-0.00712524,-0.25453097,0.49985808,-0.55189514,0.4312113
2023-08-09,0.268059,0.5619625,0.5521716,0.5562934,0.1982536,-0.27217403
2023-08-10,-0.34120268,-0.038722415,-0.06821022,-0.25066426,-0.07343923,-0.038343005
2023-08-11,0.19658324,0.22720686,0.30133885,0.29785472,0.16654608,-0.17961021
2023-08-14,-0.62247866,-0.47391382,-0.43443078,-0.39532322,-0.21084817,-0.07974968
2023-08-15,0.27999285,0.3792016,0.3202437,0.14335509,0.13002878,0.6776532
2023-08-16,0.90929157,0.90685415,0.9010399,0.90418816,0.7238417,0.8829771
2023-08-17,0.7293285,0.8513139,0.8933551,0.78278255,0.9239909,0.5671542
2023-08-18,0.81776315,0.79047275,0.80189896,0.8533293,0.9014386,0.85332745
2023-08-21,0.42698345,0.72487324,0.6777202,0.2065469,0.57517654,0.79508597
2023-08-22,0.18620653,0.0801413,0.07290111,0.04208451,0.032076936,0.04202682
2023-08-23,0.4363225,0.344885,0.5154642,0.2750997,0.5225656,0.54452246
2023-08-24,-0.34559134,-0.6053516,-0.5704256,-0.018468985,-0.0073278574,-0.0695094
2023-08-25,0.24495009,0.50800645,0.56712145,0.2936278,0.42048788,0.5244189
2023-08-28,0.85682833,0.890672,0.90274394,0.91708297,0.7622647,0.9063999
2023-08-29,0.85448396,0.8106011,0.8367468,0.9280631,0.89541227,-0.040034104
2023-08-30,0.6541783,0.6899189,0.7076139,0.72775614,0.703516,0.40133777
2023-08-31,-0.021742886,-0.0076444866,-0.08187549,0.1442715,0.47004324,-0.18864314
2023-09-01,0.27223307,0.4608174,0.37800568,0.14153169,-0.28640255,0.75462896
2023-09-04,0.55072314,0.40119934,0.059383243,-0.02659231,-0.44075823,0.82734585
2023-09-05,0.00081198214,-0.116414286,-0.09367827,0.08912014,0.11753366,-0.6128011
2023-09-06,-0.5234467,-0.57454693,-0.3357187,-0.40978917,-0.40709049,-0.30443722
2023-09-07,0.35123596,0.012984818,0.1925462,0.17522386,-0.3061698,0.7714955
2023-09-08,-0.4515416,-0.5451869,-0.54610443,-0.27732652,-0.15894277,-0.43704313
2023-09-11,-0.1278706,0.35583407,0.1940178,0.088641405,-0.04380689,0.2378161
2023-09-12,0.8158512,0.8073329,0.8743335,0.7198183,0.8603786,0.7952164
2023-09-13,0.14656481,0.20216456,0.13746017,-0.15644065,0.23550293,0.21146962
2023-09-14,-0.100649476,-0.062643215,-0.17802837,-0.41375732,-0.4671294,0.039951354
2023-09-15,0.54006565,0.4501814,0.49624977,0.5678794,0.47386822,0.63860244
2023-09-18,0.5003928,0.4153049,0.5524011,0.4833284,0.6522012,-0.1654051
2023-09-19,0.47359958,0.5229789,0.49648684,0.22586039,0.50277716,0.8773743
2023-09-20,0.39518207,0.4722782,0.3673443,0.12623379,-0.24234343,0.78620934
2023-09-21,0.6662955,0.6472875,0.38540632,0.44606036,0.408554,0.28615236
2023-09-22,0.8457715,0.7420756,0.8127378,0.87822247,0.81930035,0.22821465
2023-09-25,-0.027754549,-0.3996298,-0.34911427,-0.37284747,-0.6563106,0.56459475
2023-09-26,-0.28843048,-0.32449517,-0.057338648,-0.15296957,0.14235207,-0.18061025
2023-09-27,0.39414498,0.62093085,0.7035316,0.565444,0.35810718,0.5010464
2023-09-28,-0.3072272,-0.22477742,-0.22652674,-0.4702364,-0.6381928,0.6809354
2023-10-09,0.31454054,0.2791509,0.16720721,0.0731416,0.20943907,-0.3730598
2023-10-10,-0.3581504,-0.15711404,0.06836648,-0.20530197,-0.54214925,-0.5792219
2023-10-11,0.41660205,0.7240149,0.71444416,0.6895194,0.5185411,0.22955975
2023-10-12,0.08767347,-0.3067039,-0.49618715,-0.2050012,-0.6097189,0.3209098
2023-10-13,0.228551,0.09666871,0.19875515,0.07857846,0.50662494,0.66355723
2023-10-16,-0.292711,-0.18799576,-0.14062381,-0.43296543,-0.16804025,-0.2506793
2023-10-17,0.663617,0.48949438,0.5108179,0.79645294,0.6659049,0.08269444
2023-10-18,0.20266882,0.15281257,-0.03976698,-0.02771892,-0.33724254,0.7245884
2023-10-19,0.38603997,0.47917318,0.65858907,0.55102146,0.32561755,0.7905339
2023-10-20,0.5636724,0.705107,0.6775896,0.40652424,0.36750907,0.75586176
2023-10-23,0.062166452,0.08492514,0.04402553,-0.48299256,-0.44030294,0.4579882
2023-10-24,0.36355066,0.584359,0.77818316,0.5052348,0.6697651,-0.086246215
2023-10-25,0.58230627,0.8157116,0.73087776,0.32105774,0.469714,0.4705698
2023-10-26,-0.02284812,0.13445887,0.21874289,0.00069657096,-0.05560111,-0.29512367
2023-10-27,0.3631938,0.49783212,0.4991269,0.48394814,0.17318846,-0.17496283
2023-10-30,0.31187218,0.47824878,0.6230667,0.6608407,0.69410264,-0.0066215186
2023-10-31,-0.43770736,-0.22137766,-0.12362419,-0.14742067,-0.40991193,-0.3631664
2023-11-01,0.7713078,0.6022936,0.46417832,0.74656284,0.5757829,-0.023536403
2023-11-02,0.75324285,0.4824205,0.3086343,0.55519813,0.5485441,0.81088924
2023-11-03,0.75744504,0.8508924,0.730054,0.7314156,0.6201674,0.6434329
2023-11-06,0.44174188,0.39471453,0.5785573,0.7969094,0.5229584,0.2843062
2023-11-07,0.48988754,0.37101132,-0.068490416,0.19941007,-0.19452423,0.66590273
2023-11-08,0.5483346,0.74928284,0.81996614,0.6719807,0.9200449,0.5229441
2023-11-09,-0.2109247,-0.21421675,-0.07069967,-0.18589315,0.053177804,0.17343788
2023-11-10,0.50386006,0.69736195,0.7745243,0.6881224,0.8269164,0.13988908
2023-11-13,-0.46940488,-0.5417835,-0.2054967,-0.07772161,-0.16587672,-0.8377017
2023-11-14,0.65157735,0.5933453,0.45311326,0.54426277,0.30346268,-0.05193793
2023-11-15,0.73149765,0.66102916,0.60198814,0.67084765,0.74533325,0.2791577
2023-11-16,-0.024891514,0.77230793,0.8975949,0.10790692,0.6975096,-0.31950095
2023-11-17,0.114681624,-0.04604578,0.13515551,0.09448892,0.12701595,0.09605586
2023-11-20,-0.04400568,-0.22771092,-0.25505453,-0.2318745,-0.3851213,0.62927717
2023-11-21,0.3138073,0.21806458,0.06955774,0.22163749,-0.16563158,0.8698017
2023-11-22,0.22452879,0.14532912,0.0581365,0.05570938,0.07008976,0.72835416
2023-11-23,-0.071019575,0.13646637,0.35880846,-0.10237391,0.07262565,0.14243086
2023-11-24,0.2397099,0.32826546,0.20243934,-0.20628914,-0.17723835,0.39725277
2023-11-27,-0.6689204,-0.64584196,-0.59653956,-0.7489727,-0.4509198,-0.6087204
2023-11-28,0.2131176,0.5191449,0.54655886,0.36176997,0.4393074,0.16036496
2023-11-29,0.137727,0.7040572,0.73050064,0.6672259,0.3311635,0.14263383
2023-11-30,0.47715792,0.37234414,0.23748043,0.5095228,0.122738086,0.7309759
2023-12-01,-0.17626002,-0.2776125,-0.26124686,-0.3858263,-0.34917802,0.4640789
2023-12-04,0.4375554,0.38912264,0.46747118,0.6317436,0.64038837,-0.24260792
2023-12-05,0.5233296,0.2194821,0.10542984,0.21637444,0.04158652,0.8168505
2023-12-06,0.40885153,0.14717391,0.25421962,0.33894718,0.013653165,0.63025653
2023-12-07,-0.4188826,-0.5030547,-0.5458115,-0.5606207,-0.8517267,0.77576226
2023-12-08,0.35323617,0.41266942,0.18351272,0.028482962,0.0643798,0.76968974
2023-12-11,-0.22331795,-0.063316815,-0.14085574,-0.19490652,-0.02605868,0.58611035
2023-12-12,0.646838,0.37775266,0.53994817,0.68952984,0.506419,0.6676866
2023-12-13,0.5812628,0.82685935,0.8710491,0.735227,0.82903194,0.5086271
2023-12-14,0.7864419,0.8270701,0.83473647,0.8257662,0.8523852,0.5508853
2023-12-15,0.7517967,0.3149727,0.4502839,0.41116914,0.09711085,0.58514714
2023-12-18,0.16438457,0.31014478,0.1868805,0.24484734,0.0057481825,0.79852426
2023-12-19,0.4650155,0.23747487,0.3830501,0.31186676,0.47923,0.53700006
2023-12-20,0.5845699,0.36791664,0.27167016,0.41641897,0.27358773,0.89177626
2023-12-21,0.0028433606,0.12421054,0.08867257,0.32882163,0.19459859,-0.16684036
2023-12-22,0.78496265,0.8867399,0.8731386,0.79788065,0.81107265,0.8891199
2023-12-25,-0.43258077,-0.20302255,-0.26369658,-0.13097408,-0.050021857,-0.6576172
2023-12-26,0.09535314,0.18240702,0.29549074,-0.023089577,0.23280089,0.3418483
2023-12-27,0.109259486,0.19359818,0.23164454,0.20945053,0.5062021,0.028777737
2023-12-28,0.6640246,0.757929,0.80121815,0.87865573,0.85065633,0.66281575
2023-12-29,0.44970655,0.6111026,0.5972171,0.40650702,0.43972617,-0.09653173
2024-01-02,0.19248153,0.40515986,0.23815918,0.19040784,0.25530928,0.09549959
2024-01-03,0.19874866,0.39030394,0.3062898,0.07556547,0.28321618,0.2761205
2024-01-04,-0.009562412,-0.13378853,-0.111707196,-0.06426517,-0.12978026,0.085770115
2024-01-05,0.56394863,0.41637602,0.34079084,0.26559803,0.35436746,0.59041595
2024-01-08,0.007605237,0.19747083,0.13188943,0.20596819,0.03481831,0.09684224
2024-01-09,0.32616767,0.28877324,0.23796074,0.24319395,0.3001525,0.42472807
2024-01-10,0.14903298,0.09608023,0.056806244,0.062756695,0.095415264,-0.06653353
2024-01-11,0.055446647,-0.033840824,-0.13709381,0.01658846,-0.25023025,0.3171656
2024-01-12,0.36037645,0.38989186,0.44052988,0.3912488,0.48696065,0.21454541
2024-01-15,0.15015735,0.19484086,0.13415532,0.13846792,0.25341707,0.036713205
2024-01-16,0.111353554,-0.1367008,-0.1533196,-0.107674085,-0.08295713,0.11454634
2024-01-17,0.28391,0.43684116,0.4471039,0.22847776,0.33048823,0.59080786
2024-01-18,-0.039429713,-0.04371137,-0.06295518,0.03691314,0.007994679,-0.033339154
2024-01-19,0.3434399,0.391536,0.3338341,0.35543007,0.25277847,0.26350498
2024-01-22,0.54262877,0.612139,0.5818515,0.65052235,0.5195414,0.64234596
2024-01-23,-0.029477175,-0.053008042,-0.046677347,0.052565325,-0.13723221,-7.469058e-05
2024-01-24,-0.020882335,0.04353033,0.03601069,0.00047302246,0.13062963,-0.059362225
2024-01-25,0.0031582727,0.20195007,0.22036126,0.16199912,0.16169055,0.26137954
2024-01-26,0.05313872,0.27218238,0.28265435,0.33755895,0.42626172,-0.04628715
2024-01-29,0.5458702,0.4707079,0.40923196,0.41818786,0.37228417,0.4544219
2024-01-30,0.21932426,0.5741221,0.57051885,0.30266318,0.3355222,0.44160247
2024-01-31,0.38512737,0.4219212,0.43199578,0.4156207,0.38870493,0.48739558
2024-02-01,0.1509116,0.19643724,0.18721509,0.19209032,0.11199421,0.20845416
2024-02-02,0.11532867,0.05517795,0.018009577,0.010777943,0.022440124,0.3365672
2024-02-05,-0.23866609,-0.2154092,-0.11533487,-0.22211337,-0.2623979,-0.29735327
2024-02-06,-0.2835544,-0.19764078,-0.21553214,-0.28860486,-0.18899849,-0.028826362
2024-02-07,0.009735112,0.058929443,0.06581433,-0.05218174,0.022998083,0.0018491015
2024-02-08,0.004270354,0.41697565,0.33425114,0.28638393,0.25846004,0.20570996
2024-02-19,-0.01506335,0.13805291,0.023565477,-0.113485076,0.01884676,0.18344381
2024-02-20,0.04627841,-0.0036479882,0.036928408,0.001990764,0.10934901,0.08369003
2024-02-21,0.43166438,0.6101054,0.5104965,0.4067355,0.46464795,0.5819316
2024-02-22,-0.105631545,-0.23975606,-0.24088717,-0.2858875,-0.12429994,-0.18360855
2024-02-23,0.15556315,-0.0024817735,0.017796298,0.14210689,0.17565341,0.13410637
2024-02-26,0.32382604,0.46040687,0.40595236,0.3805137,0.3073725,0.31559333
2024-02-27,0.0149665475,0.006479797,0.019737843,0.020496696,0.13825111,-0.12692693
2024-02-28,0.26588792,0.15458085,0.3117178,0.2637144,0.21660233,0.00858618
2024-02-29,0.06373061,0.04494989,0.025843585,0.20860481,-0.04318006,-0.065619245
2024-03-01,0.34761557,0.25574383,0.23205908,0.27239567,0.26048845,0.22634856
2024-03-04,0.061481725,0.11981545,0.1130121,0.12692347,0.14919688,-0.07607947
2024-03-05,0.065230645,0.16752233,0.16542467,0.17241737,0.17811108,-0.14984491
2024-03-06,0.1257635,0.20255558,0.11238118,0.2048173,0.16312203,0.038560808
2024-03-07,0.30508804,0.59569037,0.57933587,0.45123404,0.2959867,0.2141265
2024-03-08,-0.16863108,-0.057610698,-0.11017817,-0.06584661,-0.036626883,0.014742529
2024-03-11,-0.023444846,-0.2945055,-0.29460683,0.04738736,-0.35219705,0.14645253
2024-03-12,-0.10383906,-0.09586189,-0.19130401,-0.30712706,-0.1360471,0.0011379359
2024-03-13,0.02238194,0.25519887,0.1557008,0.12559658,0.42579597,-0.22942884
2024-03-14,0.26532608,0.15323849,0.08234553,0.2875777,0.100039884,0.13416371
2024-03-15,-0.067859426,-0.11611362,-0.18203749,-0.12125301,-0.1205472,-0.32454932
2024-03-18,-0.082623765,-0.09332867,-0.13441099,-0.23328547,0.01104998,-0.12653247
2024-03-19,0.35434896,0.15202451,0.15247777,0.18088801,0.1848218,0.24878784
2024-03-20,-0.22823575,-0.08156085,-0.08664623,-0.059051313,-0.060209174,0.13717194
2024-03-21,0.09536997,0.014690816,-0.11414661,0.063479416,0.019289382,0.21886568
2024-03-22,-0.2720036,0.06262075,0.09931034,-0.12589575,0.120496675,-0.1609368
2024-03-25,0.61990106,0.6903249,0.7058903,0.56725377,0.55510443,0.48119345
2024-03-26,-0.05385866,0.0038439068,0.0041570948,0.08744828,0.13545388,0.07789071
2024-03-27,0.5637843,0.41178542,0.36856955,0.4841856,0.41618046,0.4464911
2024-03-28,0.3915008,0.52464664,0.4533165,0.49813518,0.5593175,0.22575036
2024-03-29,-0.073844746,-0.15132043,-0.17646202,-0.101980366,-0.1973227,-0.037402913
2024-04-01,0.057120062,0.023198755,-0.01864749,-0.05764423,0.03518401,0.09648068
2024-04-02,0.25968808,0.10704619,0.123829044,0.21632183,0.1391272,0.11383917
2024-04-03,-0.0017801613,0.018514844,-0.044306647,0.20055637,0.39075226,-0.19422111
2024-04-08,0.46730107,0.48408478,0.3942682,0.21174788,0.12555158,0.2516659
2024-04-09,0.17384279,0.024709215,-0.01481623,-0.13382213,-0.26085436,0.362122
2024-04-10,0.33505398,0.26688647,0.27372342,0.09932543,0.13146415,0.34205067
2024-04-11,0.08976545,0.31071413,0.3071231,-0.015469658,0.31365672,0.10469838
2024-04-12,0.365156,0.27692094,0.29143304,0.112531066,0.4082283,0.42857045
2024-04-15,-0.03518609,0.08779911,0.21809728,-0.007065871,-0.041589826,0.09521763
2024-04-16,0.04002333,0.23241904,0.09014902,0.12961526,0.12508991,0.0721946
2024-04-17,0.2600631,0.13469696,0.086031675,0.2616629,0.19335881,0.14972413
2024-04-18,0.3862062,0.27353278,0.24236341,0.2880169,0.29868716,0.4246369
2024-04-19,-0.17682365,-0.08924396,-0.121329725,-0.23582044,-0.16530967,0.023175662
2024-04-22,0.23108253,0.17926064,-0.008597599,-0.07598753,0.008114781,0.15706965
2024-04-23,-0.15392092,-0.17227367,-0.08906239,-0.22784472,-0.15653504,0.15753326
2024-04-24,-0.0049161464,-0.0693454,-0.08740163,-0.19419262,-0.21804893,0.058207262
2024-04-25,0.16819745,0.33008927,0.25805846,0.25251517,0.22338605,-0.22701263
2024-04-26,-0.045201458,-0.065170124,-0.041336264,-0.03703565,-0.02697916,-0.039912757
2024-04-29,0.23201749,0.1711941,0.23774555,0.26078737,0.18838207,0.0008770898
2024-04-30,0.43577322,0.11822873,-0.10050313,0.17647505,0.017978022,0.16532478
2024-05-06,0.3096765,0.13975284,0.13502596,0.2963623,0.30047783,-0.0020719238
2024-05-07,-0.13036662,-0.21510124,-0.110042,0.029758621,0.11345251,-0.19400981
2024-05-08,0.3028738,0.4270038,0.48903984,0.3783129,0.20525396,0.17341377
2024-05-09,0.26751915,0.16227284,0.1315476,0.19255467,0.048105657,0.13709117
2024-05-10,-0.18526866,-0.20738979,-0.122737825,-0.03185697,-0.17195703,-0.23570125
2024-05-13,0.23053364,0.11308911,0.12247221,0.16959214,0.021639079,-0.044652294
2024-05-14,0.16132848,0.04182308,0.018164616,-0.038883954,0.030293012,0.10935763
2024-05-15,0.3436908,0.41617003,0.3669522,0.18339829,0.39618045,0.46028012
2024-05-16,0.34179756,0.5026434,0.536751,0.37911677,0.45847306,0.00862065
2024-05-17,-0.085518956,-0.20063677,-0.111369096,-0.3071036,-0.16450831,-0.13786665
2024-05-20,-0.31150934,-0.22025076,-0.2473835,0.009653876,0.045587026,0.002658087
2024-05-21,0.14368655,0.23260638,0.033460617,-0.069193766,-0.048748456,0.08290083
2024-05-22,0.059638303,0.06373871,-0.052871794,-0.027087782,0.08693496,0.49410143
2024-05-23,0.35177988,0.40961394,0.3707865,0.4328107,0.38523895,0.26776823
2024-05-24,0.68539643,0.7602371,0.7253339,0.6338783,0.6447996,0.51169336
2024-05-27,0.12974313,0.038279083,-0.039284773,-0.13221285,-0.22202416,0.18642284
2024-05-28,0.408432,0.3850542,0.3561267,0.29473108,0.12116514,0.1835979
2024-05-29,0.35365945,0.2947021,0.30051118,0.13734533,0.0008803606,0.27626184
2024-05-30,0.2572947,0.23267159,0.20978418,0.068852425,0.16723147,0.21742968
2024-05-31,0.25126207,0.15019163,0.20540161,0.35166627,0.09975811,0.1005371
2024-06-03,0.07967062,0.15558693,0.17033705,-0.0400729,-0.029688586,0.3035005
2024-06-04,0.38249674,0.3421151,0.3174995,0.29879215,0.3055023,0.37588137
2024-06-05,0.49295124,0.7832235,0.76596344,0.6069909,0.5456527,0.0684194
2024-06-06,0.37367493,0.20787378,0.07182646,0.27233,0.40620384,0.36098224
2024-06-07,0.09606235,0.16043842,0.010970956,0.09166888,0.18381593,0.14301701
2024-06-11,0.2078697,0.2587931,0.25898552,0.1857391,0.13797247,0.21747963
2024-06-12,-0.0047040908,-0.06697704,-0.10370271,0.14418578,0.0052359877,-0.11023189
2024-06-13,0.16510978,0.3117705,0.22798999,0.31485224,0.24797161,-0.2640267
2024-06-14,-0.09372287,-0.04504784,-0.24896088,-0.23145863,-0.18056707,-0.17825456
2024-06-17,-0.076345906,-0.23012674,-0.09176681,-0.07210504,-0.0004934423,0.107946314
2024-06-18,-0.065209016,-0.10905267,-0.20789352,0.09008953,0.19387439,-0.1265211
2024-06-19,0.28032488,0.33835074,0.3673497,0.2034549,0.24446997,0.34388718
2024-06-20,0.18361692,0.24051413,0.24911848,0.2553117,0.37650996,0.08032064
2024-06-21,-0.21606508,-0.05259431,-0.029999346,-0.22187695,-0.26395977,-0.15832663
2024-06-24,0.16429874,0.07891643,-0.019324124,0.18118691,0.35350168,0.017197913
2024-06-25,0.17238402,0.20583394,0.11044423,0.1093843,-0.010458298,-0.10628637
2024-06-26,0.1345019,0.017090887,-0.01616112,0.052225403,-0.036371224,-0.07667269
2024-06-27,0.30084276,0.12050416,0.18617824,0.098185614,0.14835444,0.24908772
2024-06-28,0.4925626,0.5168587,0.42160589,0.36085933,0.19300939,0.3123328
2024-07-01,-0.06887977,-0.20780942,-0.26592928,-0.14439748,-0.30287904,0.21880615
2024-07-02,0.19533937,0.1286709,0.23490658,0.23210688,0.21821621,-0.1984436
2024-07-03,0.056809224,0.17997251,0.20713833,0.22935756,0.03606993,0.14591894
2024-07-04,0.3076647,0.28205484,0.2357004,0.33515805,0.38602287,0.29330558
2024-07-05,-0.23618293,-0.13861448,-0.07570286,-0.28428426,-0.23530567,-0.13257101
2024-07-08,0.102803156,0.2045124,0.15646659,0.32282442,0.33462673,0.030465517
2024-07-09,0.020123962,-0.03662289,-0.06748836,-0.06955068,0.016957415,-0.05388453
2024-07-10,0.19561338,0.31792733,0.23211208,0.102823034,0.18867329,0.26705763
2024-07-11,0.043406837,-0.05956755,-0.18629722,-0.07605531,0.19939299,0.007806629
2024-07-12,-0.2521483,0.031128388,-0.0106598735,0.035127323,-0.20399714,0.029397726
2024-07-15,-0.04714011,0.044712234,0.14487109,0.10322712,0.12696625,0.00085977913
2024-07-16,0.08839578,-0.11540963,-0.15385029,-0.119409025,-0.016197547,0.061751805
2024-07-17,0.029182255,0.04887581,0.005392595,0.037662033,0.21346739,-0.12320509
2024-07-18,-0.10668033,-0.25511807,-0.25568777,-0.08379901,-0.25324127,-0.02915147
2024-07-19,0.121623136,0.15782712,0.10019703,0.037779547,0.17792235,-0.037433155
2024-07-22,0.22797199,0.2747906,0.10980334,0.2291451,0.22677135,0.14408685
2024-07-23,0.6807338,0.58849776,0.63734853,0.5964889,0.5522287,0.6632192
2024-07-24,0.11590934,0.35906354,0.3537491,0.2300499,0.34249377,-0.012496424
2024-07-25,0.20255785,0.28099167,0.23091955,0.29577088,0.23506704,0.13613276
2024-07-26,-0.11010535,-0.14832911,-0.16507557,0.014100772,-0.016035264,-0.15345016
2024-07-29,0.18447076,0.09599251,0.012956386,-0.019061856,0.32950234,0.099240765
2024-07-30,0.032465674,0.09598366,0.04867824,0.098374225,0.15114836,0.06427758
2024-07-31,0.2850687,0.20164295,0.16201726,0.24152145,0.23697214,0.21531713
2024-08-01,-0.10533661,-0.22337925,-0.3167409,-0.1380971,0.0018158614,-0.024909426
2024-08-02,0.26505125,0.2933196,0.44603047,0.099221386,0.008301323,0.21840224
2024-08-05,0.5300758,0.57314575,0.5273592,0.5253842,0.50828254,0.5062841
2024-08-06,0.112241246,0.14232697,0.08155428,0.022462672,0.227006,0.13012531
2024-08-07,0.2207421,-0.009938741,-0.040072344,0.09776076,0.17794697,0.13246712
2024-08-08,0.28069228,0.19805333,0.22646347,0.2698942,0.06141324,0.1195796
2024-08-09,0.29761153,0.30732316,0.31900534,0.21526513,0.21282843,0.2490786
2024-08-12,-0.22329697,-0.13618916,-0.08359716,-0.12866104,-0.22190142,0.011616799
2024-08-13,-0.045664083,-0.13510442,-0.14679165,-0.061354518,-0.025093865,-0.060416423
2024-08-14,0.3038434,0.26380926,0.25848728,0.2511139,0.51808435,0.19008093
2024-08-15,0.11502419,0.06928827,0.10177783,0.07760195,0.06973843,-0.009786625
2024-08-16,-0.12871365,-0.059548914,0.17135203,-0.032894477,-0.007721509,0.0039866283
2024-08-19,0.16012584,0.08435975,0.16460088,0.21483524,0.2832987,-0.0794736
2024-08-20,-0.11155681,0.034207363,0.01801108,-0.017300677,-0.029500898,0.24026617
2024-08-21,0.20275259,0.19613828,0.22226664,0.33492598,0.31271333,-0.15675041
2024-08-22,-0.18893513,-0.047318883,0.05318113,-0.25234124,-0.0059050783,-0.030664649
2024-08-23,0.029491026,0.104347825,0.18702367,-0.01281794,-0.24117148,0.27166805
2024-08-26,-0.0038884827,0.060374796,0.032352198,0.12444117,0.12673753,-0.04955361
2024-08-27,0.0030749782,-0.04005779,-0.06762206,-0.054996688,-0.046860114,0.06268408
2024-08-28,0.08587136,0.14417608,0.08494779,-0.19969462,-0.14210173,0.27182168
2024-08-29,0.11898913,0.34446126,0.27938277,0.248017,0.28277066,0.20868666
2024-08-30,0.2832364,0.23618583,0.27538583,0.21644183,0.15993175,0.32646862
2024-09-02,0.37516934,0.29453272,0.38081974,0.1955925,0.17659497,0.17383268
2024-09-03,0.16298166,0.12473564,-0.04160618,0.00712898,-0.024910573,0.12075774
2024-09-04,0.49600488,0.4666814,0.4014271,0.34989223,0.3344253,0.4261121
2024-09-05,-0.07562168,-0.044547718,-0.05964144,-0.13478582,0.15696542,0.05341395
2024-09-06,0.29939738,0.28989214,0.18444337,0.12485852,0.23330006,0.38569027
2024-09-09,-0.014222821,0.027236823,0.13602483,-0.04670938,-0.051750194,0.029744167
2024-09-10,-0.16221097,-0.29645592,-0.27588668,-0.2064605,-0.21504411,-0.09109549
2024-09-11,0.04899878,-0.0401736,-0.025853097,-0.0088484185,-0.0250835,0.009446492
2024-09-12,-0.06873285,-0.08363607,0.093724415,0.0902915,0.044464156,-0.3069217
2024-09-13,0.5004906,0.25154135,0.20025966,0.22952433,-0.2313118,0.31871837
2024-09-18,0.18435764,-0.09986497,-0.05396232,0.018020835,0.030961478,0.063071504
2024-09-19,0.035172023,-0.0058868253,-0.06566485,-0.023958143,-0.00843481,0.014842336
2024-09-20,0.23432589,0.09192891,0.14913669,0.20510551,0.2010041,-0.0129215
2024-09-23,0.13111953,0.09487233,0.022599638,0.07746641,0.15348282,0.06324719
2024-09-24,0.11095305,0.023087118,-0.0052568493,0.10390335,0.018094212,0.1140373
2024-09-25,0.4050812,0.4815156,0.50750804,0.42193013,0.44415465,0.38378325
2024-09-26,-0.124858364,-0.22672048,-0.15307994,-0.18049216,-0.18632932,-0.07851003
2024-09-27,-0.07941977,0.040850166,0.12301798,0.38206872,0.031731628,-0.054255694
2024-09-30,0.14011295,0.21040209,0.24783881,0.13494036,0.25065023,0.09741305
2024-10-08,0.48392263,0.40612537,0.39895815,0.44275755,0.45247906,0.44530353
2024-10-09,-0.081502065,-0.1568828,0.037333447,-0.18845984,-0.15405491,0.013191479
2024-10-10,0.35045904,0.3993916,0.43141776,0.29600137,0.43340835,0.381936
2024-10-11,-0.048298936,-0.016455632,-0.026591558,-0.17529166,-0.09678528,0.02017415
2024-10-14,0.022460954,-0.0534271,-0.05271247,-0.11131787,-0.11568663,0.14255801
2024-10-15,0.53415227,0.4920455,0.48809558,0.4187387,0.45531732,0.4863041
2024-10-16,0.18044707,0.11764721,0.110610485,0.14653829,0.19253895,0.09811659
2024-10-17,0.46186003,0.4028233,0.52261,0.46075696,0.42708787,0.45564777
2024-10-18,0.018703187,0.009574133,0.0034708977,0.13750803,-0.02638868,-0.07106199
2024-10-21,0.07721168,0.14654788,0.108309925,0.15893859,0.4072764,0.045103952
2024-10-22,0.07091234,0.055740606,0.0016398057,0.01958247,0.12411183,-0.011326997
2024-10-23,0.17728539,0.18730275,0.21151611,0.21502924,0.28891367,-0.044377
2024-10-24,-0.07797281,-0.08954905,-0.07121289,0.060284056,0.15908237,-0.2079787
2024-10-25,0.0591496,-0.053844936,-0.06250697,0.05952506,0.19260257,-0.1855348
2024-10-28,-0.2177875,-0.11919068,-0.17947967,-0.09561123,-0.11190925,-0.3476423
2024-10-29,0.26278415,0.28018722,0.33167562,0.1523986,0.43895227,0.03024244
2024-10-30,0.31194356,0.3506317,0.24650443,0.19471648,0.22505887,0.38612548
2024-10-31,0.28495482,0.20091562,0.24516459,0.3122431,0.3498505,0.06980069
2024-11-01,0.1507138,0.11075729,0.051633228,0.18644635,0.2172317,0.09688504
2024-11-04,-0.11820082,-0.01982854,-0.0020489525,-0.09091449,0.158996,-0.12063776
2024-11-05,0.13171475,0.13269298,0.20084336,0.114761434,0.12293555,0.13893597
2024-11-06,0.25909892,0.22476773,0.19894859,0.24143124,0.15543512,0.34924936
2024-11-07,0.034414954,0.013961339,0.031419728,-0.010244931,0.03660257,0.11545618
2024-11-08,-0.040854745,0.07684275,0.083707295,0.06609581,0.33025822,0.022590496
2024-11-11,-0.07000009,-0.08642005,-0.04584717,0.0018872439,0.11671023,-0.29642516
2024-11-12,0.14374655,0.17006484,0.13517918,0.114023924,0.20708397,0.24796946
2024-11-13,0.1368123,0.19150445,0.25122386,0.11575718,0.113707386,0.021096693
2024-11-14,0.594049,0.47677055,0.47957414,0.4988576,0.41731653,0.56101215
2024-11-15,0.5528855,0.31699026,0.44953832,0.35448536,0.43153507,0.42670837
2024-11-18,0.07252027,-0.0020149904,-0.09828874,-0.13925417,0.047092106,0.018454352
2024-11-19,0.027280068,0.02332097,0.027594095,0.060678393,0.093737446,0.16432866
2024-11-20,0.16373023,0.13116622,0.08097335,0.19975945,0.0995856,-0.16483667
2024-11-21,-0.030906677,0.09838934,0.14493848,0.09500251,0.20156626,-0.145574
2024-11-22,0.41512117,0.4159225,0.5127769,0.36814994,0.37947303,0.46429545
2024-11-25,-0.12911746,-0.11740124,-0.123653814,-0.15170869,-0.17059176,-0.10809542
2024-11-26,0.17984314,0.29757372,0.3513462,0.10683727,0.23463507,0.23566146
2024-11-27,-0.03319319,-0.065223835,-0.063586116,0.015853304,0.05450814,-0.074753195
2024-11-28,0.32856312,0.32536522,0.38873208,0.30270013,0.37833175,0.16089438
2024-11-29,0.25840625,0.14941852,0.12518883,0.19827947,0.18728225,0.26845902
2024-12-02,0.016269937,0.04033763,0.005724502,-0.0051110946,0.029451042,0.0987487
2024-12-03,0.15325147,0.08231115,0.086742796,0.1054706,0.26748985,0.11108005
2024-12-04,0.41530377,0.27013847,0.328591,0.27055582,0.32180637,0.24275613
2024-12-05,0.052877337,0.038872007,0.07050121,0.07343979,-0.033878367,-0.047593288
2024-12-06,0.31928864,0.23620236,0.22645183,0.12973471,0.15257822,0.18559587
2024-12-09,0.21816261,0.27160105,0.27170366,0.30861074,0.27719992,0.017629389
2024-12-10,0.18986882,0.19795564,0.34372723,0.18503979,0.3388914,0.41529313
2024-12-11,0.07500164,-0.07247092,-0.038976997,0.19006373,0.24881335,0.009764083
2024-12-12,-0.024509441,-0.062281393,-0.1019582,0.032443035,-0.25358188,-0.11866852
2024-12-13,0.5886466,0.52314216,0.6034315,0.5396902,0.50208384,0.4639019
2024-12-16,0.003930536,0.031944565,0.12041254,-0.03990769,0.11073685,0.28745234
2024-12-17,-0.075124145,-0.112006426,-0.12764195,-0.07246941,-0.21515667,-0.05043769
2024-12-18,-0.13125071,0.031792175,0.19191597,-0.05309671,-0.038625017,0.19280888
2024-12-19,-0.27508643,-0.36458305,-0.36513543,-0.24250185,-0.017013788,-0.108054005
2024-12-20,0.41040725,0.27931458,0.21735597,0.32814702,0.15899776,0.08428179
2024-12-23,0.43501663,0.28014573,0.15633762,0.17447127,0.313476,0.63985884
2024-12-24,0.014419991,-0.14939317,-0.111613095,-0.04788372,-0.122724235,-0.05808546
2024-12-25,-0.068927035,-0.064600036,-0.24623346,-0.025140295,-0.039131477,-0.19295977
2024-12-26,0.1182853,0.10178907,0.099981956,0.15748689,0.11125257,-0.0154354125
2024-12-27,0.28241944,0.47877684,0.49927917,0.30705127,0.5739281,-0.06539078
2024-12-30,0.13915353,0.078542285,-0.004906452,-0.055344738,0.034009144,-0.09576805
2024-12-31,0.23670366,0.007164933,0.00026333332,0.03355356,-0.09104641,0.28455576
2025-01-02,-0.18071607,0.3671897,0.597692,0.08651098,-0.15860002,0.25615406
2025-01-03,0.42151794,0.4759934,0.44941157,0.3820831,0.4252748,0.4031512
2025-01-06,0.33928332,0.4027269,0.43128037,0.2745723,0.044375114,0.5806862
2025-01-07,-0.048253167,-0.1460228,-0.2572618,-0.27151957,0.17815956,-0.46570912
2025-01-08,0.35819927,0.008083227,-0.10475136,0.063893765,0.15563147,0.36325034
2025-01-09,0.6063817,0.59647256,0.6306827,0.58085227,0.59651214,0.2896125
2025-01-10,0.48649687,0.74947107,0.7557598,0.6796328,0.77236986,0.056046635
2025-01-13,0.3587815,0.430695,0.45209223,0.3887013,0.41485554,-0.25779587
2025-01-14,0.8101923,0.7903131,0.7617847,0.7796499,0.77635777,0.6894554
2025-01-15,0.76679075,0.48932084,0.55070806,0.46778193,0.6897282,0.56204987
2025-01-16,0.10558808,0.29572627,0.24693,0.1861826,0.025355738,0.55202705
2025-01-17,0.3553819,0.2206002,0.059114754,0.2395844,0.13884924,0.2944881
2025-01-20,0.3020022,0.2374619,0.20221634,0.08341341,0.26046544,0.5133024
2025-01-21,0.32347804,-0.13313557,-0.17411461,-0.1819134,0.36676112,0.16562359
2025-01-22,-0.2161828,-0.04957986,0.21650891,-0.062383674,0.07525643,-0.38998163
2025-01-23,0.70245904,0.80381405,0.83591735,0.7538268,0.82230854,0.6756299
2025-01-24,0.53255886,0.57437253,0.5280111,0.6309747,0.46000034,0.41755494
2025-01-27,0.27511856,0.34922785,0.47036624,0.43008384,0.59244,0.6176885
2025-02-05,0.3629591,0.5752526,0.5675269,0.626665,0.72238636,-0.49619007
2025-02-06,0.64253604,0.7723873,0.7491846,0.76194304,0.7619224,-0.095239505
2025-02-07,0.8847715,0.90818006,0.8944977,0.8798214,0.90013313,0.74058306
2025-02-10,-0.049348526,-0.218793,-0.15214446,-0.12787081,-0.12012927,-0.21189013
2025-02-11,-0.18113074,0.083305456,0.29476297,0.1604483,0.18470906,-0.32745463
2025-02-12,0.29824787,0.52894413,0.56645644,0.49260443,0.23257244,0.20513387
2025-02-13,0.47185,0.16726765,0.1933817,0.46355358,0.16698931,0.65321
2025-02-14,0.5576714,0.4541065,0.24489944,0.73607266,0.20826492,0.33882982
2025-02-17,-0.17542896,0.36694846,0.4156549,0.19383104,-0.082288645,-0.19092754
2025-02-18,0.8304083,0.6245457,0.428267,0.44997805,0.3635875,0.94300383
2025-02-19,0.63669705,0.5902774,0.5909567,0.62474585,0.6332298,-0.030917427
2025-02-20,-0.097472034,-0.086888865,0.032211166,-0.19975665,-0.15179268,0.22047968
2025-02-21,0.507312,0.4643832,0.5265956,0.6265579,0.7511801,-0.28990778
2025-02-24,0.6254163,0.7332669,0.7446396,0.700949,0.7655057,0.13273434
2025-02-25,0.7613599,0.7837216,0.77746737,0.657937,0.7188279,0.7686383
2025-02-26,0.20479056,0.4182679,0.5017755,0.26680058,0.5638221,0.45843896
2025-02-27,-0.062480103,-0.25497565,-0.17117223,-0.2195609,-0.08227967,0.6508924
2025-02-28,0.25928628,0.09051236,0.14649013,0.083939925,0.025209215,0.15419544
2025-03-03,0.69652283,0.6384492,0.62655103,0.5332631,0.58375293,0.22659867
2025-03-04,0.29253584,0.31392974,0.40030956,-0.09979884,0.3525299,0.58853334
2025-03-05,0.20913371,-0.35073465,-0.26101157,-0.35431585,-0.1194549,0.4688577
2025-03-06,0.53815496,0.5080312,0.5898908,0.6403824,0.4858353,0.3337391
2025-03-07,0.31207404,0.608034,0.76253,0.19377722,0.6619299,0.5932919
2025-03-10,-0.37066063,-0.22475243,-0.061319422,-0.35119158,-0.33827904,-0.04368701
2025-03-11,0.16102003,0.32691592,0.33020073,-0.032681018,-0.037843794,0.3576513
2025-03-12,0.4848632,0.4506188,0.64645153,0.45985514,0.530355,0.5557432
2025-03-13,0.25562817,-0.06577073,-0.21218607,-0.23028903,-0.1712542,0.56120914
2025-03-14,0.6199268,0.50666916,0.45127273,0.6316687,0.5788383,0.49080104
2025-03-17,-0.10741861,0.2073061,0.34526253,-0.22547475,-0.20541349,0.5459989
2025-03-18,0.22459805,0.4485128,0.2106311,0.048182398,0.38899437,0.30876142
2025-03-19,-0.026542697,-0.082363114,0.11926673,0.3357993,-0.12041638,0.11934967
2025-03-20,-0.027357161,0.7401636,0.6830162,0.44251075,0.6484213,-0.19346312
2025-03-21,-0.2911611,0.1800262,0.3002003,-0.07694961,-0.055524625,-0.108201206
2025-03-24,0.22166939,-0.14687207,-0.25104412,-0.19147037,-0.064422205,-0.11116427
2025-03-25,0.012052598,-0.07742617,-0.19030866,-0.21720949,-0.41484332,0.46410805
2025-03-26,0.54760265,0.61152935,0.6337821,0.65763175,0.60218954,0.46041936
2025-03-27,0.71828735,0.6772123,0.6374663,0.66686356,0.63055676,0.43018976
2025-03-28,-0.13922277,-0.042515446,0.10076612,-0.056925423,-0.15779419,-0.13236256
2025-03-31,-0.025030494,-0.2610467,-0.12879416,-0.21873946,-0.20807627,0.30673295
2025-04-01,0.5275757,0.67748165,0.6145872,0.6264521,0.6978493,0.67958206
2025-04-02,0.4254238,0.51121795,0.4710478,0.35539576,0.19734967,0.62177426
2025-04-03,0.46677566,0.36317968,0.23959735,0.3165366,0.34774998,0.5682312
2025-04-07,-0.078107834,-0.06872724,-0.15053287,-0.012792194,0.10454233,-0.15614505
2025-04-08,0.12563469,-0.13114496,-0.23855552,-0.23125091,-0.045997284,0.42904395
2025-04-09,0.37129778,0.574309,0.56928843,0.50368243,0.44592372,0.2365262
2025-04-10,0.45347747,0.67939293,0.6711567,0.71869713,0.5426115,0.5859521
2025-04-11,-0.072386295,0.17097951,0.27297977,0.33433563,0.49134374,-0.36568737
2025-04-14,0.6107934,0.52857935,0.50362456,0.37972704,0.67102087,0.59025574
2025-04-15,0.14733166,-0.11448715,-0.11067573,-0.015690451,-0.1967574,0.43017787
2025-04-16,-0.27051514,-0.28947458,-0.34565878,-0.2593363,-0.19521339,-0.2186312
2025-04-17,0.25919616,0.74692804,0.7034644,0.5147859,0.4431219,0.45343962
2025-04-18,0.14344509,0.10845848,0.08117507,-0.024659315,0.16325863,0.40678686
2025-04-21,0.47341537,0.577556,0.59275025,0.6178993,0.51662904,0.40553457
2025-04-22,0.33834636,-0.032263614,-0.107697114,-0.30712616,-0.17049293,0.6734375
2025-04-23,0.05184739,-0.41082144,-0.32102317,-0.22503915,-0.40618438,0.22826032
2025-04-24,0.5263435,0.2374107,0.1387417,0.4444562,-0.2839581,0.58018595
2025-04-25,0.4242444,0.56810313,0.44983235,0.41991848,0.5139096,0.33963713
2025-04-28,0.4803517,-0.20619556,-0.14673439,-0.1411695,0.32415682,0.56838095
2025-04-29,0.42232084,0.31574494,0.36549598,0.2980071,0.34126303,0.529599
2025-04-30,0.35929534,0.5768324,0.5964727,0.57242984,0.5846568,-0.2937076
2025-05-06,0.5153127,0.5928082,0.5951745,0.40255985,0.35672942,0.056390155
2025-05-07,-0.5677036,-0.34868374,-0.27094942,-0.34374788,-0.4345111,0.20966275
2025-05-08,0.70709884,0.50059956,0.52756476,0.66592884,0.3949638,0.50752103
2025-05-09,-0.1065097,-0.4035286,-0.5131443,-0.43008924,-0.42882738,0.43526158
2025-05-12,0.4733507,0.52798885,0.5079063,0.16621621,0.112928584,0.3862421
2025-05-13,-0.00215815,-0.1393548,-0.16524497,0.033820312,0.009091306,0.5755501
2025-05-14,0.667729,0.15925023,-0.20307577,0.28088805,-0.12997897,0.51571167
2025-05-15,0.054739684,0.059197843,0.15387772,0.051548757,-0.34000826,0.15120253
2025-05-16,-0.4809216,-0.07200958,0.27552727,0.15171435,-0.3991117,-0.5180627
2025-05-19,-0.33783397,0.025423815,0.05080978,-0.22251141,0.14859782,0.33062264
2025-05-20,0.5777379,0.50619256,0.59314644,0.6432952,0.57872945,0.071589544
2025-05-21,0.7843536,0.27587575,0.11034725,0.5085134,-0.20818694,0.7438142
2025-05-22,0.5865985,0.6059896,0.6383182,0.50045854,0.45043927,0.43648863
2025-05-23,0.79553854,0.8233522,0.82097846,0.7997995,0.80426806,0.4456334
2025-05-26,0.38072637,0.581432,0.57503504,0.039487045,0.36208317,0.19963899
2025-05-27,-0.35094255,-0.33701307,-0.4724022,-0.39831385,-0.29333505,-0.4937726
2025-05-28,0.20026457,-0.022460539,0.06781323,0.24556454,-0.020885343,0.5251818
2025-05-29,0.6616972,0.66632926,0.6799301,0.69047403,0.72125494,0.5123099
2025-05-30,-0.19229978,-0.1855711,-0.24888833,-0.27875432,-0.09984803,0.37732512
2025-06-03,0.72059417,0.47946835,0.42239362,0.56155235,0.58049977,0.7623519
2025-06-04,0.36185986,0.5896462,0.54311883,0.54304516,0.5422371,0.22964187
2025-06-05,0.07334343,0.5400991,0.5588942,0.64048433,0.5759975,-0.17729399
2025-06-06,0.6260996,0.4542758,0.52883166,0.46726257,0.59535366,0.21344824
2025-06-09,0.50656533,0.5508891,0.56677026,0.6516294,0.5143288,0.5463427
2025-06-10,0.6593739,0.38114992,0.3201972,0.5437869,0.1654199,0.6981319
2025-06-11,0.6223504,0.6305128,0.65836585,0.55002725,0.6524569,0.6206129
2025-06-12,0.6117593,0.57490134,0.5106536,0.6788262,0.58245957,0.24892493
2025-06-13,-0.403444,-0.2189984,-0.13626525,-0.29216957,-0.4652752,-0.14447848
2025-06-16,0.43550014,0.41929907,0.3512818,0.2541615,0.10042821,0.26187915
2025-06-17,-0.14957877,-0.12012807,0.28046182,0.22880527,-0.31121528,0.12761165
2025-06-18,-0.49506348,-0.6397327,-0.63861436,-0.5281513,-0.29173166,-0.4235159
2025-06-19,0.41828123,0.17439756,0.237492,0.29107055,0.5990296,-0.069135115
2025-06-20,0.27063996,-0.10023793,-0.16113974,-0.33704656,-0.099379875,0.6279596
2025-06-23,0.546343,0.36733782,0.6690068,0.07084352,0.64386284,0.4149471
2025-06-24,0.49373358,0.50136524,0.5871047,0.45892745,0.4794635,0.5763146
2025-06-25,0.48270112,0.600088,0.4255012,0.60909706,0.38333142,0.25304383
2025-06-26,0.5572412,0.7023166,0.82013005,0.5034145,0.76473266,0.64856833
2025-06-27,0.6441648,0.60392797,0.5538938,0.56930625,0.76025546,0.2771992
2025-06-30,-0.24714772,0.3819604,0.34298033,0.4652671,0.4402663,-0.48229098
2025-07-01,0.4195029,0.039383724,-0.36946332,-0.13274902,-0.009951239,0.74748635
2025-07-02,0.262782,0.3599388,0.2135149,-0.02007269,-0.41642386,0.6452583
2025-07-03,0.23411922,-0.48148307,-0.5443889,0.5111228,-0.42809248,-0.3136682
2025-07-04,0.78838646,0.72990894,0.55911124,0.65867835,0.59635174,0.78447264
2025-07-07,-0.26509976,-0.13865574,0.018569812,-0.58354634,-0.3641855,0.67847484
2025-07-08,0.46629158,0.6058158,0.53723145,0.63455117,0.59907943,-0.3450555
2025-07-09,0.7734446,0.5028244,0.66257745,0.6466985,0.2289222,0.23231776
2025-07-10,0.4643107,0.12932679,0.19290045,-0.26339492,0.20488453,0.5934685
2025-07-11,0.8574122,0.64886194,0.57583296,0.60087055,0.65486217,0.7902103
2025-07-14,0.5855589,0.013825869,0.08853175,0.18069272,0.3991173,0.49690133
2025-07-15,0.30718222,0.16948335,-0.114272796,0.23307379,0.42433482,-0.122476794
2025-07-16,0.13029446,0.47393912,0.45771226,0.62118787,0.47366,-0.4322051
2025-07-17,0.0013530969,0.4249436,0.53750545,0.43315345,0.27690426,-0.15576062
2025-07-18,0.64176196,0.17504898,-0.0516331,0.21729593,0.2228458,0.54909647
2025-07-21,0.03176984,0.15745595,0.064898774,-0.15942192,-0.008494449,0.2892509
2025-07-22,0.21137312,0.48066807,0.44018015,0.39369363,0.7242918,0.21940012
2025-07-23,0.44029856,0.7192386,0.6466936,0.60546464,0.7818049,0.678411
2025-07-24,0.5561123,0.54341614,0.37404993,-0.023466438,0.64587003,0.5358349
2025-07-25,-0.1589362,0.17793004,0.053191435,0.019600391,0.100747325,0.20538417
2025-07-28,0.47385055,0.4352049,0.4463915,0.52250165,0.6396531,0.64002466
2025-07-29,-0.076851815,0.17549218,0.12099524,0.26207533,0.47220117,-0.35987017
2025-07-30,0.64815956,0.45583567,0.38559985,0.38052613,0.49892288,0.7234197
2025-07-31,0.32687423,0.53855085,0.6900831,0.72982,0.641625,0.04843403
2025-08-01,0.33942693,0.3180377,0.34130484,0.45035967,0.27108502,-0.09520825
2025-08-04,0.3657161,0.33864114,0.4365135,0.031886976,0.4148311,0.60377187
2025-08-05,0.07821129,-0.06763492,-0.18361811,-0.5318847,0.22325715,0.72466666
2025-08-06,0.11525265,0.5727315,0.6029096,0.41799027,0.49995857,0.3642118
2025-08-07,-0.3252219,-0.25821584,-0.20089085,-0.38528192,0.5902736,0.110637985
2025-08-08,0.5778512,0.60767937,0.50000405,0.57981443,0.58231014,0.36993012
2025-08-11,0.63026655,0.5353831,0.6093216,0.50396127,0.5375021,0.28726408
2025-08-12,0.48812747,-0.04545975,-0.33786458,0.42915455,0.6546329,0.46584383
2025-08-13,0.62164474,0.65682465,0.6153846,0.73258317,0.27874154,-0.084552124
2025-08-14,0.8668022,0.717624,0.67480284,0.7748314,0.86713684,0.78588086
2025-08-15,0.49549168,0.60085243,0.5916487,0.5665368,0.51866287,0.29806942
2025-08-18,0.8237978,0.7605735,0.7296349,0.72316694,0.7699154,0.47678107
2025-08-19,-0.06739094,0.20673528,0.49447447,-0.038016055,0.35234526,-0.16229303
2025-08-20,0.71544224,0.64330256,0.669526,0.6389088,0.54973066,0.5332364
2025-08-21,0.48130053,0.25560242,0.015788252,0.3085209,0.37892243,0.62792283
2025-08-22,0.70490664,0.64490324,0.55985343,0.6828548,0.62700254,-0.26820245
2025-08-25,0.70170003,0.73859376,0.7163797,0.72422945,0.28838268,0.80801934
2025-08-26,0.6175908,0.66516924,0.6522336,0.6371501,0.46008787,0.6291418
2025-08-27,0.8102846,0.8581912,0.81492454,0.8438808,0.82136726,0.4882881
2025-08-28,0.40131655,0.14426687,-0.06282981,0.3476443,0.60472566,0.36473092
2025-08-29,0.59148085,0.58216226,0.5098072,0.76976407,0.37031803,0.19503984
2025-09-01,-0.031859674,0.1176282,0.08373271,-0.3623078,-0.07334858,0.68107736
2025-09-02,0.09810516,-0.14732942,-0.28010702,0.15062666,0.060326595,0.2742341
2025-09-03,-0.0012734563,0.39689538,0.4514691,0.34736675,0.3298703,-0.25793013
2025-09-04,-0.3215683,-0.023391586,0.15581831,-0.17894396,-0.21238875,-0.22873957
2025-09-05,0.75288147,0.7754098,0.73550904,0.7541747,0.6605534,0.18429692
2025-09-08,-0.2388078,-0.083786145,0.051677275,-0.19351096,-0.13609202,0.51523614
2025-09-09,0.37164417,0.43841547,0.5291809,-0.0059672953,0.24235372,0.42505962
2025-09-10,0.20573655,0.18130815,0.1472322,0.20565239,0.2724043,-0.06513531
2025-09-11,0.71742404,0.77359873,0.7351694,0.7007122,0.77430856,-0.4766938
2025-09-12,0.4747025,0.61877334,0.5061491,0.51220447,0.46120757,0.18828554
2025-09-15,0.56355035,0.041713443,0.016118765,0.32773346,0.39428613,-0.02082509
2025-09-16,-0.4453807,-0.4233958,-0.36853617,-0.39487576,0.24293797,-0.53486794
2025-09-17,0.4437078,0.40334216,0.46973664,0.58012426,0.40131703,0.47493434
2025-09-18,0.7396852,0.7658301,0.86848813,0.68565416,0.64898473,0.4811716
2025-09-19,0.3284666,0.34306288,0.24897988,0.29643402,0.23816514,0.43878537
2025-09-22,0.079657674,0.26897293,0.16793653,0.14058256,0.40504193,-0.30203468
2025-09-23,0.05307769,-0.096117556,-0.26343393,0.000408262,-0.16035573,0.5485005
2025-09-24,0.47434273,0.50295603,0.47520727,0.43680447,0.6610582,0.16077428
2025-09-25,0.66598994,0.50112844,0.38772136,0.5289149,0.4964587,0.30462644
2025-09-26,0.44650355,0.47248107,0.52088606,0.39566597,0.36807352,0.69824183
2025-09-29,0.70276546,0.517418,0.37399748,0.6048775,-0.22660947,0.67126095
2025-09-30,-0.02697299,0.39976677,0.44300294,-0.008382768,0.3736239,0.05846674
2025-10-09,0.6152712,0.48352274,0.44286728,0.72841966,0.7985482,0.16109651
2025-10-10,0.31800085,0.083737776,0.041407663,-0.054369055,-0.23093323,0.62532854
2025-10-13,0.040818196,0.22207603,0.42851168,0.16108175,0.018204981,0.35366732
2025-10-14,0.22342603,0.09193404,0.029527565,0.10532023,-0.20162776,0.6269423
2025-10-15,0.21067336,0.123029135,0.22107582,0.4250037,-0.0070683537,0.24088654
2025-10-16,0.6502725,0.67089534,0.7330329,0.6599567,0.6860248,0.4207127
2025-10-17,0.23546544,0.101641476,0.11274803,-0.18081298,-0.15950072,0.8479847
2025-10-20,0.5162321,0.58517545,0.6045858,0.6546076,0.63631654,-0.18350895
2025-10-21,0.6747433,0.7064949,0.6792976,0.72709566,0.5757781,0.22322793
2025-10-22,0.30552897,0.10462078,0.12091155,-0.029077824,0.22687241,0.3403321
2025-10-23,-0.2160387,-0.37299928,-0.4346053,-0.44437343,-0.40557265,0.4844843
2025-10-24,0.059185088,0.04444928,0.08628116,0.48010427,0.4692513,-0.2890118
2025-10-27,0.16331844,-0.10632578,-0.16233675,-0.038717773,-0.37684697,0.5777286
2025-10-28,0.5935339,0.5324957,0.608151,0.70194465,0.5509747,0.10528462
2025-10-29,0.36703643,0.5310268,0.35087696,0.4261548,0.052449323,0.09421776
2025-10-30,0.64730036,0.51745665,0.54523385,0.48145732,0.22931537,0.6029255
2025-10-31,0.20418492,0.44792095,0.6214931,0.5043582,0.172093,0.0066004395
2025-11-03,-0.19969276,-0.28871673,-0.03361554,-0.38138804,-0.5900165,0.49640903
2025-11-04,0.45583567,0.027591199,0.00431723,-0.097972415,0.49252504,0.7738747
2025-11-05,0.62092626,0.48611745,0.44494972,0.47558862,0.40485606,0.5908483
2025-11-06,0.60121477,0.4635066,0.26451904,-0.08916427,0.4710552,0.47348323
2025-11-07,0.5804859,0.7277267,0.6781553,0.57490116,0.73384845,0.083440766
2025-11-10,-0.32919407,-0.54834616,-0.48537272,-0.53966063,-0.41736436,0.66307896
2025-11-11,-0.21144316,-0.06641443,0.43455952,-0.15995269,-0.07526926,-0.15828648
2025-11-12,0.45446548,0.2882881,0.2288574,0.22882524,0.3491177,0.70911396
2025-11-13,0.67137736,0.7524574,0.71622497,0.68969595,0.58503574,0.23874573
2025-11-14,0.82270306,0.8798419,0.87322485,0.6440581,0.7498349,0.6768435
2025-11-17,-0.029758697,0.21469887,0.4128669,0.27761385,0.24474087,0.34368595
2025-11-18,0.5015564,0.18702109,0.070305414,0.42490736,0.5689493,-0.10964018
2025-11-19,0.6527174,0.04587586,-0.088100865,0.5662408,0.16121593,0.39449802
2025-11-20,0.467277,-0.16546826,-0.08640573,-0.27860317,-0.34647498,0.76405954
2025-11-21,-0.10851069,-0.18601176,-0.23430291,0.011644429,-0.18922886,-0.14657693
2025-11-24,-0.35283318,-0.2320776,-0.0029158443,-0.16491432,-0.102341495,-0.3705936
2025-11-25,0.7242531,0.7395369,0.71366197,0.67263126,0.79362476,0.6590988
2025-11-26,0.6137739,0.68680084,0.6007594,0.63543004,0.62164974,-0.19701418
2025-11-27,0.64322376,0.6452544,0.56847334,0.52555984,0.63572073,0.5613521
2025-11-28,0.2606229,0.5029086,0.46609002,0.31880912,0.5595366,0.19472617
2025-12-01,0.5546387,0.4563629,0.50339234,0.5585593,0.4878965,0.42344254
2025-12-02,0.12652446,-0.10605538,-0.08186175,0.012611294,-0.2952167,0.21408589
2025-12-03,0.20721368,-0.08026845,-0.31804246,-0.26598936,0.0077855824,0.6439406
2025-12-04,0.0988607,0.1583184,0.02425537,0.24500358,0.40872926,0.11818031
2025-12-05,0.42212334,0.6178256,0.64832574,0.3236251,0.49023318,-0.28870994
2025-12-08,0.36436298,0.27983385,0.47488642,0.46098107,0.56098413,0.015107289
2025-12-09,0.3940869,0.40254655,0.27176088,0.54410917,0.4816711,0.06370506
2025-12-10,0.2856332,0.59785455,0.4755911,0.5229116,0.40216082,-0.27744353
2025-12-11,0.59156626,0.56020784,0.6633137,0.7627864,0.39881262,-0.06827326
2025-12-12,0.3329961,0.54102623,0.47963795,-0.031269662,0.42574087,-0.10796432
2025-12-15,0.849954,0.7259715,0.6527318,0.4596184,0.50469184,0.7272389
2025-12-16,-0.3836573,-0.4347164,-0.3855334,-0.34580764,-0.22655782,-0.352688
2025-12-17,0.54109126,0.32007426,0.22089496,0.46869487,0.44107652,0.46401525
2025-12-18,0.506307,0.75727296,0.7796726,0.3573168,0.36502936,0.61827815
2025-12-19,0.6359062,0.53548354,0.43579698,0.46589297,0.32404646,0.67664224
2025-12-22,0.49505916,0.6049472,0.70624596,0.42618388,0.4419672,0.036468767
2025-12-23,0.70155466,0.7644634,0.75483876,0.5714892,0.5835642,0.58799064
2025-12-24,-0.054520167,0.5898846,0.6770957,0.3692756,0.21590023,-0.43447644
2025-12-25,-0.11528566,0.35436898,0.25390118,-0.43519512,-0.24011752,0.53074634
2025-12-26,0.7576177,0.6875386,0.7663519,0.75663596,0.6946036,0.558257
2025-12-29,0.76142955,0.70727575,0.57608545,0.583138,0.77278817,0.58724344
2025-12-30,0.40176636,0.47235712,0.43512902,0.12627459,-0.040876444,0.6252335
2025-12-31,0.28531274,0.08132719,-0.067752376,0.4699212,0.44528404,0.17451574
2026-01-05,0.19896355,0.32284078,0.31431898,0.11995101,0.29960412,0.16528006
2026-01-06,0.30456626,0.23927288,0.1725491,0.12492074,0.2289687,0.3626358
2026-01-07,0.23499522,0.3053048,0.27879548,0.15706,0.22636986,0.1353308
2026-01-08,0.358517,0.55193853,0.49669614,0.31685188,0.4432024,0.47917038
2026-01-09,0.2495151,0.29085082,0.26871198,0.19393605,0.17365655,0.25526768
2026-01-12,0.056939386,0.093405925,0.21741077,0.17089988,0.1478086,0.07658606
2026-01-13,0.38195616,0.48249322,0.57304,0.45634547,0.34137636,0.50814897
2026-01-14,0.57291114,0.5888201,0.60462934,0.5207198,0.57096875,0.50609356
2026-01-15,-0.102257885,-0.1095795,-0.1152979,-0.20703125,-0.12491723,0.03058363
2026-01-16,0.28100199,0.09459223,0.080628514,0.2469049,0.1377165,0.07886714
2026-01-19,0.10662091,0.22493382,0.22105487,0.035464935,0.09909071,0.25036842
2026-01-20,-0.056956075,-0.06648406,-0.08769729,-0.08663247,-0.05209121,0.1523826
2026-01-21,0.4876802,0.26143155,0.34922105,0.37436503,0.38853535,0.23602104
2026-01-22,0.13519107,-0.21981332,-0.035760522,-0.0073557543,-0.11150162,0.25646982
2026-01-23,0.04293088,0.19484223,0.21385336,-0.0886382,-0.13478133,0.20198996
2026-01-26,0.11657147,0.17894687,0.1379681,0.058075726,0.017455306,0.1913838
2026-01-27,0.30472633,-0.18523413,-0.15981491,0.06892686,-2.6856364e-05,0.08815314
2026-01-28,0.36939025,0.07427096,0.0700243,0.114404045,0.22420236,0.47759527
2026-01-29,0.13717054,0.42987317,0.48903805,0.36476254,0.4176875,0.09814379
2026-01-30,0.0045579122,-0.028599441,-0.05402159,0.053424336,0.0221685,0.034510173
2026-02-02,0.6594017,0.56005347,0.6263037,0.60220224,0.42367882,0.560544
2026-02-03,0.16524544,-0.050822485,-0.03533259,0.107151985,0.22471237,0.018843822
2026-02-04,-0.07125853,-0.14225595,-0.16329339,-0.04391508,-0.12256193,0.33495626
2026-02-05,-0.0735486,0.05887134,0.036344185,-0.09011766,-0.013727392,0.056669973
2026-02-06,0.55197126,0.544098,0.50103587,0.5917381,0.5328003,0.48405662
2026-02-09,0.06196618,-0.17436913,-0.064614795,0.11350234,-0.08435112,0.09430575
2026-02-10,0.058383834,-0.13598557,-0.03115647,0.063850656,-0.10789101,0.2970035
2026-02-11,0.2530338,0.36942136,0.45104727,0.19373262,0.2786053,0.51737976
2026-02-12,-0.084918015,0.055696733,0.005525136,0.17204228,-0.034862347,0.19779001
2026-02-13,0.3163696,0.3295712,0.49591655,0.1746707,0.19189088,0.28294545
2026-02-24,0.19879906,0.13045071,0.25095922,0.31665093,0.13651705,0.27653483
2026-02-25,0.72063047,0.5396117,0.49476776,0.3854215,0.39260876,0.6904124
2026-02-26,-0.0045671416,0.13900176,0.118066505,0.06565241,0.22393385,0.058714174
2026-02-27,-0.16086508,-0.017548818,-0.0015097953,-0.08440842,0.07287502,0.06550603
2026-03-02,0.16009696,0.04592871,0.014546776,0.03558004,0.039333165,0.3022967
2026-03-03,0.5234877,0.16104093,0.254113,0.34590378,0.06982162,0.5208206
2026-03-04,0.21734194,0.21509413,0.20987463,0.0019138798,0.060753208,0.30866644
2026-03-05,0.43319267,0.26248026,0.332642,0.4340486,0.5890009,0.1720753
2026-03-06,0.23570666,0.196934,0.31031686,0.22242165,0.061410733,-0.056693114
2026-03-09,0.14318109,0.0633698,0.051884137,0.17509434,0.21240878,0.26347178
2026-03-10,0.14364932,-0.15928853,-0.1290656,-0.06489149,-0.038467687,0.1073878
2026-03-11,0.24239358,0.1335722,0.1514115,0.40362698,0.24209443,0.36764354
2026-03-12,0.025034685,0.045678414,-0.013974356,0.059164144,0.02037001,0.36179957
2026-03-13,0.56017506,0.51020026,0.6460403,0.18135858,0.12687126,0.4269616
2026-03-16,-0.14338681,-0.16357043,-0.17320825,-0.076515675,-0.17817892,-0.06487413
2026-03-17,0.77891773,0.67666864,0.69144994,0.6646983,0.563587,0.09388412
2026-03-18,0.05306992,-0.005614142,0.0072318166,0.09661086,0.043475043,0.12844619
2026-03-19,0.31604216,0.32299393,0.38933793,0.29373166,0.3685562,0.16638575
2026-03-20,0.5995079,0.60101855,0.64578825,0.49662527,0.56010276,0.4376318
2026-03-23,0.26458657,0.39968652,0.3920889,0.2087162,0.22667293,0.19910106
2026-03-24,0.040037505,0.08296109,0.090279855,-0.03696692,0.07605408,0.19147739
2026-03-25,0.25705,0.055790495,0.051033158,0.034032118,-0.043899633,0.2537125
2026-03-26,0.3365658,0.11452465,0.095622465,0.4527096,0.086678416,0.14351812
2026-03-27,0.41391128,0.3182687,0.3805156,0.43570128,0.331541,-0.004294379
2026-03-30,0.10249503,0.07214897,0.049859144,0.01363675,0.092630185,0.071588024
2026-03-31,0.6251892,0.53081197,0.5403079,0.5063717,0.5987354,0.35838786
2026-04-01,0.14760044,0.044774678,0.09652574,0.16755864,0.16839752,0.29719743
2026-04-02,0.026937734,0.06929117,0.11106684,-0.0021118834,-0.012686987,0.13159671
2026-04-03,0.09592837,-0.033562493,0.16380386,0.35425583,0.20106001,-0.12219878
2026-04-07,0.032804318,0.019416135,0.12383051,0.15117769,0.1691974,0.105362535
2026-04-08,0.35375467,0.30440235,0.23993763,0.25313455,0.27594352,0.16197151
2026-04-09,0.15800075,0.18854246,0.17481324,0.222334,0.23554268,-0.024764944
2026-04-10,0.23187444,0.2989191,0.2843755,0.20493266,0.024073556,0.4048027
2026-04-13,0.058378477,0.040281348,0.01708228,0.12716554,0.16619402,-0.02056757
2026-04-14,0.224211,0.18811777,0.15156725,0.31391317,0.3474202,-0.21724693
2026-04-15,0.24098778,0.21215954,0.26684615,0.25969625,0.5350124,0.09326112
2026-04-16,0.22377987,0.23287432,0.24958909,0.21071938,0.23143628,0.1424272
2026-04-17,0.11979632,0.11036525,0.25742686,0.0995008,0.101894416,-0.09892178
2026-04-20,0.27369887,0.20591621,0.10929985,0.23787256,0.09397809,-0.037373114
2026-04-21,0.028292269,-0.0052954005,0.012224361,-0.06396576,-0.04740981,0.22410536
2026-04-22,0.08197846,0.19306388,0.18477799,0.095177636,-0.080180265,-0.046629366
2026-04-23,0.07350389,0.003539925,0.031558286,0.08774505,0.018201703,0.24084839
2026-04-24,0.31405282,0.32531863,0.40938434,0.38812461,0.275013,0.22325635
2026-04-27,0.10340367,0.21991721,0.2302514,0.17240489,0.09547231,0.15762356
2026-04-28,0.25597093,0.18661225,0.07366043,0.22540414,0.28378487,0.20858559
2026-04-29,0.2704114,0.24508019,0.37668768,0.28011364,-0.0031380237,0.19397095
2026-04-30,0.04572789,0.033756826,0.09755714,-0.040753886,0.2736187,0.05510776
2026-05-06,0.44349068,0.5730686,0.6029313,0.49919972,0.7144226,0.073906936
2026-05-07,-0.213931,-0.06780986,0.09576488,0.03697247,-0.0068726996,-0.026712382
2026-05-08,-0.095197715,-0.043774184,0.08081357,0.09796874,-0.10076372,0.051948417
2026-05-11,0.24855351,0.10051016,0.1628135,0.256081,0.23637395,0.11558783
2026-05-12,0.12887232,0.112292275,0.13159621,0.1615361,0.3025075,-0.051646054
2026-05-13,0.10377228,0.23285949,0.26629657,0.08047565,0.14583774,-0.13596793
2026-05-14,0.5633335,0.6162993,0.598724,0.43990976,0.53939784,0.3631061
2026-05-15,0.356687,0.38058373,0.4179844,0.2422736,0.3349192,0.4749011
2026-05-18,0.31281418,0.4786822,0.45496017,0.3612545,0.24577813,-0.091124386
2026-05-19,-0.05000916,0.059406586,0.0722929,-0.07661993,0.078425646,0.035975453
2026-05-20,0.08209317,-0.08909234,-0.1296492,-0.04095245,0.15698296,0.07480321
2026-05-21,0.8227321,0.8129927,0.8528382,0.8121716,0.72188807,0.7410366
2026-05-22,-0.036582153,-0.051202267,0.028453544,0.0099585485,0.03890736,-0.1755982
2026-05-25,0.0548079,0.0069632367,0.03641206,0.08424106,0.1953849,0.03683677
2026-05-26,0.031514127,-0.0341646,-0.037985593,-0.0015584498,-0.060400993,-0.06907577
2026-05-27,0.11354043,0.15391223,0.14255154,0.32934085,0.24590167,-0.0035516724
2026-05-28,-0.06725885,-0.04550318,-0.03773821,-0.01039193,0.09270178,-0.033599656
2026-05-29,0.312241,0.16399565,0.0637034,0.10959878,-0.067045145,0.46442586
2026-06-01,0.2582547,0.3404699,0.41400003,0.3730058,0.40250796,0.37321034
2026-06-02,0.0017971747,0.0635672,0.0925336,0.030475069,0.2025115,0.2865788
2026-06-03,0.63547623,0.60578877,0.6034199,0.69885033,0.6947342,0.15706018
2026-06-04,0.34208077,0.3038326,0.2549148,0.19827709,0.2668852,0.34850162
2026-06-05,0.7917978,0.64104176,0.68464446,0.6774334,0.60061884,0.15805092
2026-06-08,0.43760243,0.26919624,0.1779691,0.35603902,0.19294575,0.14900109
2026-06-09,0.04863987,0.06557821,0.0692154,-0.009645365,0.089717664,0.08179366
2026-06-10,0.07241901,-0.096246555,-0.12333189,0.08201079,0.010827079,-0.0056832433
2026-06-11,0.07960354,0.0993788,0.025618624,0.09733732,0.08663826,-0.16861738
2026-06-12,0.42054838,0.6921429,0.5477828,0.33933777,0.3780532,0.41144004
2026-06-15,0.06750789,0.15991683,0.2019978,0.28990382,0.24529985,-0.23269777
2026-06-16,0.32224363,0.296698,0.40054435,0.32930055,0.13293265,-0.074128814
2026-06-17,0.19086201,0.20283476,0.07972614,0.16625302,0.29881138,-0.073483996
2026-06-18,0.2563891,0.31604177,0.24911769,0.15976098,0.41877985,0.20381165
2026-06-22,0.16590244,0.1611301,0.11181332,0.108218335,0.08585192,0.118407324
2026-06-23,0.38458124,0.4025337,0.37622628,0.36940932,0.13421005,0.5825383
2026-06-24,-0.08830072,-0.020718351,-0.0380283,-0.12415905,0.054835163,0.13401213
2026-06-25,0.115100406,0.030453125,0.049019676,0.051161826,0.1542949,0.24305591
2026-06-26,0.31369394,0.3046657,0.3794667,0.20125517,-0.013424953,0.0575159
2026-06-29,0.106990695,-0.006965527,-0.03360971,0.062726855,0.021937575,0.19838619
2026-06-30,0.2651425,0.3371637,0.32117185,0.4080843,0.26189834,0.2267034
2026-07-01,0.4513964,0.46853393,0.3921759,0.42311448,0.34817225,0.35470644
2026-07-02,0.65611327,0.7072083,0.7231008,0.40840417,0.36301047,0.26134256
2026-07-03,0.49154034,0.42710352,0.46972093,0.5503589,0.44027552,0.095450915
2026-07-06,0.043804254,0.103653595,0.16435966,0.10458739,-0.09249195,0.3028291
2026-07-07,0.11027919,0.24719675,0.06664946,0.14037962,0.2533335,0.013083516
2026-07-08,0.38221604,0.16946928,0.14277759,0.21109763,0.22112687,0.18026459
2026-07-09,0.0204417,0.026538897,0.102359675,-0.04262115,0.094793044,-0.060913302
2026-07-10,0.8169924,0.782039,0.81393987,0.76850486,0.6201459,0.25307685
2026-07-13,-0.035551697,-0.0040510176,0.030711511,-0.02892569,0.100399986,0.12922643
2026-07-14,-0.15502557,-0.13399017,-0.12600951,-0.08628754,-0.044526618,0.259576
2026-07-15,0.19484624,-0.025150388,-0.07602592,0.14854033,-0.23022287,0.24205399
2026-07-16,0.43253526,0.37079087,0.41300353,0.2602037,0.19364306,-0.22436945
2026-07-17,0.5172853,0.6226924,0.71970105,0.5480996,0.5246853,0.5585593
2026-07-20,-0.05823009,-0.028558854,-0.02071507,-0.12183881,-0.09753512,0.2811343
2026-07-21,0.09807273,0.023350963,-0.022075165,0.092827044,0.06452115,0.17796192
2026-07-22,0.54387534,0.35904354,0.2334319,0.41467118,0.35575616,-0.1210294
2026-07-23,-0.0024380223,-0.07858502,-0.10346131,-0.062279534,-0.113066934,0.25472045
2026-07-24,0.20966215,0.17369242,0.16680045,0.14071254,-0.029721987,0.08554746
2026-07-27,0.08243533,0.106526196,0.15510961,0.08530863,0.020452658,-0.016758116
2026-07-28,-0.09469441,-0.038880546,-0.072925314,0.1749904,0.027649244,0.11473795
2026-07-29,-0.09159435,-0.17837538,-0.23805387,-0.14376882,-0.23915395,0.29836914
