日,hs300,zz500,zz1000,cyb,kc50,hongli
2021-01-04,0.08073257,0.09258721,0.13102296,0.41916928,0.10387318,-0.01666921
2021-01-05,-0.06719687,-0.10484904,-0.08910839,-0.16343573,-0.06892389,-0.52184
2021-01-06,-0.1307187,-0.1744964,-0.17197126,-0.14585988,0.005586815,-0.1309994
2021-01-07,0.06640059,0.16096045,0.20626946,0.18697341,0.0054916316,0.3983721
2021-01-08,0.16292122,0.108988784,0.11740656,-0.07046228,-0.11935858,0.18378183
2021-01-11,0.3292873,0.27763426,0.30990127,0.22751614,0.24598427,0.29008237
2021-01-12,0.3165038,-0.035895783,0.14591171,0.10366245,0.28080183,0.28315875
2021-01-13,0.2444288,0.30654728,0.1816166,0.2466515,0.07349987,0.09912775
2021-01-14,0.111557044,-0.14416812,-0.3586088,-0.18543732,0.048449263,0.24920821
2021-01-15,0.07611636,0.030405346,0.12327336,0.085404456,0.115838125,0.22496493
2021-01-18,0.25483856,0.29255137,0.37175566,0.22137623,0.09504683,0.14087637
2021-01-19,0.15237878,0.22491369,0.33410335,0.12310332,0.07781917,0.34374148
2021-01-20,0.32759395,0.24932106,0.17816156,0.26335955,0.2525839,0.15921076
2021-01-21,0.03371348,0.15945333,-0.02889346,0.012411641,-0.04654389,-0.07931112
2021-01-22,-0.13736533,-0.30660567,-0.21368058,-0.18659522,-0.31329352,-0.21165109
2021-01-25,0.14895608,0.2770218,0.24052973,0.102282025,0.25872126,0.2390174
2021-01-26,-0.068016216,-0.03987583,-0.04528209,0.020939577,0.052861113,0.08568258
2021-01-27,-0.0110651655,0.019565469,0.015028365,-0.032620937,-0.14905646,0.30843344
2021-01-28,-0.0070437877,0.17979233,0.3569912,0.041444667,0.3319561,0.26295456
2021-01-29,0.12784308,0.14289764,0.044225305,0.16517913,0.01108821,0.3193434
2021-02-01,0.12242284,0.14921775,0.15827608,0.109635614,0.252711,0.16459027
2021-02-02,0.1152964,-0.025115509,0.27240685,0.062351476,0.090927966,-0.06700042
2021-02-03,0.24128418,0.1933213,-0.006989771,0.21348536,0.1665035,-0.08107649
2021-02-04,-0.026715051,-0.045169342,-0.10174129,-0.02253506,-0.07742904,-0.13517949
2021-02-05,0.26060194,0.22498405,0.24928105,0.2698714,0.28476745,0.25960657
2021-02-08,-0.06037411,0.1389523,0.2781623,0.07324521,0.23224099,0.02467146
2021-02-09,0.05613283,-0.01116358,0.14522621,-0.055267226,0.103942074,-0.14551319
2021-02-10,0.28710532,0.0016821504,-0.21048251,0.29450858,-0.059480727,0.06379248
2021-02-18,0.0840137,0.19730616,0.22780862,0.12714393,0.3215165,0.19069955
2021-02-19,-0.18006955,-0.28767177,-0.12778676,-0.22613123,-0.18757002,0.02646386
2021-02-22,0.23937663,0.21964094,0.32859242,0.22027656,0.22011518,0.40071958
2021-02-23,0.22916651,0.07707526,0.13180941,0.19806954,0.19808182,-0.022533152
2021-02-24,0.040692106,-0.018738274,0.060682405,0.008797417,0.12811784,-0.0029781095
2021-02-25,0.33290312,0.20549941,0.08120265,0.20745662,0.04819935,0.18324654
2021-02-26,0.18218648,0.18588783,0.17059381,0.16033052,0.22169642,0.19711907
2021-03-01,0.18995586,0.06302848,0.24928364,0.17102543,0.06242565,-0.04408554
2021-03-02,0.14686725,0.08116189,0.1947932,0.2242926,0.12941298,0.15530153
2021-03-03,0.2682353,0.0729344,0.0728433,0.18065815,0.21121605,0.12993714
2021-03-04,0.0974684,0.21164498,0.2845079,-0.0840552,-0.03583098,0.2877426
2021-03-05,0.13621567,0.17007297,0.10859966,0.13324934,0.09869331,0.012706587
2021-03-08,0.0068570348,0.056448244,0.10876938,-0.04728943,0.15631795,0.058918558
2021-03-09,0.0781458,0.024785915,0.059401684,0.17786367,0.19158971,-0.1325111
2021-03-10,0.13343172,0.14860559,0.10076344,0.08524142,0.08010475,0.20203714
2021-03-11,0.15420303,0.083307736,0.17644575,0.2310911,-0.14663424,0.056001127
2021-03-12,-0.16951111,-0.22525243,-0.29309115,-0.21010554,-0.14991727,0.022274053
2021-03-15,0.21621306,0.2456249,0.20486084,0.2189614,0.2696808,0.30904606
2021-03-16,0.06071313,0.063401975,-0.015658662,-0.050403982,-0.096837625,-0.032584507
2021-03-17,0.1773065,0.06949272,-0.11211095,0.11079836,0.13087437,-0.13608368
2021-03-18,0.23552832,0.13825788,0.16827735,0.21247463,0.13783509,0.31611234
2021-03-19,0.11529307,0.3067352,0.2923421,0.11999036,0.31087452,0.2686809
2021-03-22,0.017964104,0.20735356,0.15202835,0.10853753,0.19699045,-0.0045159757
2021-03-23,-0.03314339,-0.12947255,-0.08084261,-0.0130901635,-0.07335436,-0.0965472
2021-03-24,0.14524016,0.17432283,0.1605816,0.15677217,0.18113315,-0.016470322
2021-03-25,0.02859508,0.18515089,0.055125605,0.01827336,0.16824399,0.20711465
2021-03-26,-0.1266519,-0.14237979,0.07190711,-0.03471933,0.19747987,0.42345104
2021-03-29,-0.063154355,0.122876264,0.13321689,-0.0057644607,0.1771288,0.3595663
2021-03-30,0.21408944,0.12159951,-0.08946308,0.1670627,0.07347742,-0.19837768
2021-03-31,-0.23118159,-0.3320219,-0.26001164,-0.1377914,-0.10457714,-0.22275653
2021-04-01,0.15551862,0.090576425,0.06552004,0.10599963,0.24978371,-0.00037443638
2021-04-02,0.2926462,0.22962484,0.20818862,0.274966,0.19380745,0.093834475
2021-04-06,-0.02751343,0.076611385,0.15164557,-0.074612245,-0.025766408,0.16589607
2021-04-07,-0.2098783,-0.17798534,-0.15152511,-0.20321655,-0.23247862,0.023287112
2021-04-08,0.034364846,0.086360045,0.14080444,0.106216356,0.11061563,0.0086700395
2021-04-09,-0.09650072,-0.031495493,0.1055112,-0.14314887,-0.1617151,0.2052095
2021-04-12,0.08641662,0.19796184,0.21209362,0.14844398,0.21059024,0.19462773
2021-04-13,0.27055293,0.14194018,0.044957925,0.3017203,-0.03438726,0.08484797
2021-04-14,-0.1264147,0.19599554,0.25644338,0.07901653,0.15246017,0.014232767
2021-04-15,-0.10901775,-0.054689445,-0.14410794,0.056013115,0.053146888,-0.055666827
2021-04-16,-0.058773678,0.005373998,-0.060146946,-0.09932105,-0.022226864,0.3816731
2021-04-19,0.4763759,0.51234996,0.5382568,0.4769267,0.102515854,0.25072217
2021-04-20,0.13512385,0.15399547,0.29223406,0.0750438,0.05739727,0.22893259
2021-04-21,-0.05659219,-0.12168671,-0.11517046,-0.1840073,-0.2186108,0.0726686
2021-04-22,-0.007726887,0.18424466,0.048780464,0.068023145,0.11426158,0.34337005
2021-04-23,0.20388174,0.14411108,0.028762544,0.17398462,0.33969003,0.08709898
2021-04-26,0.40012756,0.46923652,0.39209905,0.4274393,0.35033426,0.35382795
2021-04-27,-0.055223107,-0.007321453,-0.21249351,0.01892683,-0.3007387,-0.20793256
2021-04-28,0.222087,0.33933175,0.21981132,0.1509549,0.23971733,0.36240292
2021-04-29,-0.08924843,-0.009298992,-0.14171804,0.03604449,0.19913049,0.16327663
2021-04-30,0.18395706,0.08170257,0.13130395,0.269287,0.12561128,-0.11439159
2021-05-06,-0.075698376,-0.3409862,-0.40615717,-0.23037727,-0.15505783,-0.03707712
2021-05-07,0.34964666,0.26148427,0.14648183,0.3235659,0.19213139,0.20324674
2021-05-10,0.2684996,0.22822627,0.22159076,0.30369097,0.2739599,0.05820795
2021-05-11,-0.2208178,-0.21646467,-0.22437851,-0.17679396,-0.11580849,-0.27169657
2021-05-12,-0.09784272,-0.18698536,0.18646967,-0.04641796,-0.018796701,-0.029164264
2021-05-13,-0.073227964,0.0974764,0.077579334,0.095537364,0.048401386,0.011231301
2021-05-14,0.23015328,0.05431565,0.11195201,0.23411818,0.005127537,0.11830287
2021-05-17,0.3714598,0.31610006,0.2012796,0.13541618,0.12345835,0.20043376
2021-05-18,0.017765954,0.06983755,0.021468414,-0.0791714,0.11983384,0.014713424
2021-05-19,0.21839273,0.061600078,0.08685182,0.27855238,0.18585637,0.16299705
2021-05-20,-0.06724213,-0.10781608,-0.08660853,-0.054350816,-0.043285817,-0.15543243
2021-05-21,-0.101490155,-0.21080682,-0.05463367,0.0047987937,0.08353752,0.14055008
2021-05-24,-0.16214246,-0.159204,0.040487785,-0.15955444,-0.1433402,-0.008595735
2021-05-25,0.30465978,-0.18171804,-0.12969176,0.38563046,0.33225158,-0.03679563
2021-05-26,0.14834803,-0.09635131,0.13947672,-0.0069163204,-0.043426946,0.34619513
2021-05-27,0.03241989,0.08216052,0.1498961,-0.041605853,0.34392208,0.055582248
2021-05-28,0.24732706,0.2853771,0.10261174,0.34625652,0.4233202,0.34136072
2021-05-31,0.109513305,0.24000797,0.17831963,0.28166062,0.25296703,0.19986442
2021-06-01,-0.31298965,-0.24103065,-0.04632904,-0.24903083,0.12220079,-0.20086043
2021-06-02,-0.12076179,0.069317974,0.085600995,0.014631997,0.17125387,0.081863806
2021-06-03,0.25080326,0.24160552,0.2551876,0.17312035,0.18464687,0.025026668
2021-06-04,0.060016938,0.032097723,0.04883338,0.21440549,0.053433944,0.12024476
2021-06-07,-0.09052594,0.12540321,0.15118875,-0.05045078,-0.022641907,0.006448564
2021-06-08,-0.04285643,-0.118515074,0.061763354,-0.003717041,-0.020561362,0.07553037
2021-06-09,-0.07918756,0.1706361,0.22420888,-0.19807999,0.23411505,0.38911247
2021-06-10,0.03156788,-0.028122324,0.11052898,0.13251987,-0.08171935,-0.023410317
2021-06-11,0.043784946,0.0008260906,0.13294497,-0.024759986,-0.071514904,0.33558148
2021-06-15,-0.3213113,-0.35075676,-0.30273882,-0.30868715,-0.1498797,-0.24332817
2021-06-16,0.20717716,0.34695935,0.23249474,0.019936943,0.001205644,0.2731968
2021-06-17,0.1915163,0.05635067,0.016837481,0.20494387,0.30705634,0.26468122
2021-06-18,0.15112008,0.07477634,0.21062675,0.09894924,0.13389716,0.1066692
2021-06-21,0.30219993,0.22979149,0.27539033,0.30011925,0.16771576,0.2569904
2021-06-22,0.08810462,0.14665344,0.18466935,-0.07793347,0.06651853,0.2901774
2021-06-23,-0.058688443,-0.094857976,0.0012728691,-0.099392965,0.08543895,0.10590335
2021-06-24,0.04956745,0.25805697,0.1365598,0.08762063,-0.030124223,0.15073022
2021-06-25,-0.045235485,-0.2688649,-0.24408714,-0.122523285,-0.29899526,-0.13015795
2021-06-28,-0.19233216,-0.022726947,0.25829458,0.39062008,0.17146051,0.07186849
2021-06-29,-0.14538892,0.1924953,0.016410116,0.005317509,0.11199597,-0.07201459
2021-06-30,0.11095359,-0.1369319,-0.026082,0.13673279,0.194351,0.14182802
2021-07-01,-0.106580175,0.20678611,0.23410866,-0.03354513,-0.02325072,0.21315074
2021-07-02,0.10570607,0.09921163,0.0011513233,0.15077688,0.013840606,0.011237025
2021-07-05,0.10632412,0.0016813129,-0.07864241,0.21719858,0.05497995,-0.2141855
2021-07-06,-0.035078414,0.08571398,0.13493793,0.022408377,-0.07372992,0.2642097
2021-07-07,0.08191584,0.12646596,0.24992163,0.15712012,0.04805376,0.016119326
2021-07-08,0.1687461,0.03831821,0.054051924,0.2590175,0.1938026,-0.18109278
2021-07-09,-0.25654903,-0.010090661,-0.071664535,-0.18283087,-0.17423506,0.11265977
2021-07-12,0.22964863,0.25108477,0.10238787,0.29154977,0.06866908,0.18205811
2021-07-13,0.10716425,0.09268905,-0.17256111,0.13640034,-0.102949396,0.08937912
2021-07-14,0.07838015,-0.007142812,0.13963613,0.1287848,0.09815903,0.109014586
2021-07-15,-0.096928105,-0.3243373,-0.25096828,-0.1001571,0.014185375,-0.22428374
2021-07-16,0.26299566,0.33195338,0.32104573,0.2843654,0.25310412,0.28869742
2021-07-19,-0.13453527,-0.11306578,-0.11806886,0.12778756,0.1359168,0.105446935
2021-07-20,-0.07408436,0.030699471,0.060207404,0.07741385,0.016446302,0.10507593
2021-07-21,0.2195545,0.15381236,0.17612803,0.30029884,0.29624766,0.006228128
2021-07-22,0.09480168,-0.23377542,-0.066817984,0.11385627,-0.091957904,-0.07033983
2021-07-23,0.10749426,0.085657574,0.08090694,0.07047539,-0.023467343,0.31959122
2021-07-26,-0.14064674,-0.108176276,-0.13772936,-0.16788277,-0.28435904,-0.06926673
2021-07-27,0.2670454,0.20682612,0.10912534,0.21531346,0.24046576,0.10578749
2021-07-28,-0.15263739,0.05056422,-0.120877184,-0.046957374,0.023190249,-0.0453509
2021-07-29,-0.2861031,-0.07764659,0.05597796,-0.21742657,0.091152415,0.12759565
2021-07-30,-0.1117862,-0.029394701,-0.079795614,-0.1248283,0.0550917,0.03117441
2021-08-02,-0.14204739,-0.123802066,-0.14683108,-0.31548637,0.10428973,-0.032010145
2021-08-03,0.08286674,0.14175892,0.30877072,0.15515144,0.11661693,0.16287762
2021-08-04,0.19796641,0.33533758,0.30616277,0.3389987,0.15205702,0.29296118
2021-08-05,0.23915148,0.10891358,0.106052,0.092456214,0.28848952,0.28364
2021-08-06,0.029160017,0.08095212,0.053014267,0.21038024,0.24341655,0.16819309
2021-08-09,0.15975623,-0.22492209,-0.12947366,-0.055433176,-0.13185279,0.15118188
2021-08-10,-0.1856037,0.061992384,0.12382362,0.0077899,0.1236428,-0.038503934
2021-08-11,0.07761954,0.23797056,0.21528153,-0.016463151,0.0644745,0.30089894
2021-08-12,-0.16074087,0.019331262,-0.094352186,-0.12593809,0.097547084,0.16322389
2021-08-13,0.19433624,0.22019112,0.23495884,0.26110977,0.190798,0.22466795
2021-08-16,0.4463676,0.13665268,0.26178297,0.02813822,0.3217474,0.1123649
2021-08-17,0.47079772,0.43150425,0.42574698,0.24004364,0.15122947,0.48768836
2021-08-18,0.13457702,0.06533168,0.1104434,-0.024332743,-0.02191791,-0.0049275965
2021-08-19,-0.10136881,-0.13608018,-0.18697098,-0.17727199,-0.2716983,-0.27125233
2021-08-20,-0.051547397,0.2700811,0.3912774,-0.072630644,0.19832584,0.15089807
2021-08-23,0.2792804,0.14334744,0.28834894,0.32622972,0.34441787,-0.07738863
2021-08-24,0.042363454,0.025333285,-0.046251606,0.043366723,0.19540569,0.10572694
2021-08-25,0.09139109,0.024412094,0.09880539,0.17208281,-0.12041004,0.061492622
2021-08-26,0.09951894,0.1687909,0.20997612,0.10649028,0.17399175,0.19994734
2021-08-27,0.24830632,0.13003448,-0.029118206,0.17939496,0.1583859,0.212136
2021-08-30,0.15641618,0.24474363,0.3039502,0.40973392,0.41940862,0.06550955
2021-08-31,-0.27561826,0.073406674,0.18204364,0.04344259,0.018088344,0.2688734
2021-09-01,-0.1118186,-0.21840198,-0.2199941,-0.25498536,-0.25853473,-0.1462166
2021-09-02,0.28058285,0.19261023,0.33317536,0.26361623,0.27338693,0.18257312
2021-09-03,0.2072488,0.040992785,-0.061990142,0.3213986,-0.055965323,0.14741984
2021-09-06,0.10119221,-0.23784053,-0.119085,0.2233048,0.13722035,-0.12307034
2021-09-07,0.17310652,0.38660604,0.11266525,0.16548729,0.24806948,0.37090898
2021-09-08,0.07775779,0.07696496,0.062881075,0.14728434,-0.05780213,0.19305918
2021-09-09,-0.050797414,-0.06721846,-0.1087267,0.045499105,0.11556351,0.03889617
2021-09-10,0.10359957,-0.10464885,-0.42212647,-0.18110971,-0.16530676,0.009276584
2021-09-13,-0.041920047,-0.12863863,-0.16789243,0.048722215,0.012026757,0.13858578
2021-09-14,0.32339507,0.37612176,0.39504057,0.39374858,0.35596988,0.18056446
2021-09-15,0.28292537,0.06625268,0.047506195,0.15501218,0.03982488,0.08792577
2021-09-16,-0.08101387,0.26089343,0.17549948,-0.027029395,0.113576666,0.31122774
2021-09-17,-0.07811629,0.06226573,0.059283424,-0.14075986,-0.26679963,0.13619466
2021-09-22,0.15469787,0.28358436,0.21916728,0.19203077,0.12694839,0.09141265
2021-09-23,-0.02963369,-0.062012453,-0.038680963,0.19031686,0.2132611,0.17331965
2021-09-24,0.32596332,0.21705179,0.20671901,0.3304303,0.33264717,0.12571374
2021-09-27,0.31153977,0.04984691,0.096202254,0.12113823,0.18667136,0.14216685
2021-09-28,0.25653368,-0.064524755,0.12741578,0.33833006,0.17710777,0.05413683
2021-09-29,-0.30711693,-0.1535693,-0.28084522,-0.0025352656,-0.47775507,-0.25700992
2021-09-30,-0.14092807,0.096144915,0.3524219,0.0083885435,0.17367594,0.11886014
2021-10-08,0.059666283,0.22360215,0.13882554,0.3563028,0.18726635,0.0347155
2021-10-11,0.21972361,0.33955464,0.23879257,0.06764371,0.23930316,0.23831704
2021-10-12,0.31181297,0.0014990509,0.022609258,0.24129537,0.02217403,-0.100729
2021-10-13,-0.258734,-0.34440073,-0.28950343,-0.14143714,-0.027772224,-0.31672767
2021-10-14,-0.00868811,0.0020782053,-0.0734769,-0.008466005,0.13554117,-0.02321294
2021-10-15,0.12738849,-0.09144024,-0.12172403,0.096343644,0.14511783,-0.06507127
2021-10-18,-0.07541998,0.0824376,0.16069485,-0.051079083,-0.06970072,0.1774798
2021-10-19,-0.03864612,0.01608422,0.12736037,-0.11440563,-0.093142085,0.02106846
2021-10-20,0.039859843,0.10306408,0.13846883,-0.27831516,-0.2840174,0.15343438
2021-10-21,0.17577563,0.43226537,0.37919775,0.18473223,0.2926517,0.29302502
2021-10-22,-0.12082986,-0.0064012287,0.12428139,0.1347369,0.0683053,0.23505898
2021-10-25,-0.0042135837,0.046343643,0.006144643,-0.16218856,-0.01992399,-0.0075554787
2021-10-26,0.2212714,0.25788137,0.4016993,0.38252315,0.25521848,0.31689426
2021-10-27,-0.109535076,-0.1959584,-0.21437621,0.0066115917,-0.17150065,-0.15011935
2021-10-28,0.33799496,0.03655368,-0.026019823,0.13855,-0.053651392,-0.05462756
2021-10-29,0.023768302,-0.1287714,-0.031024095,-0.113741234,-0.004362768,-0.22262473
2021-11-01,0.03742245,0.01710344,0.10770428,-0.025554795,0.08976759,0.0964236
2021-11-02,0.0042752116,0.1832132,0.039657395,0.18766706,0.16196442,-0.03096776
2021-11-03,0.18118954,0.06483086,0.10845965,0.23026113,-0.024703195,-0.010557373
2021-11-04,0.1940989,0.3346483,0.14526181,0.32261315,0.13836817,0.0036919117
2021-11-05,0.268265,0.32195854,0.3722063,0.14025,0.1598096,0.3836153
2021-11-08,-0.11814302,-0.10437723,7.878393e-05,0.13160534,0.08400997,0.037958633
2021-11-09,-0.36401197,-0.22996016,-0.119324885,-0.28635824,-0.09330265,-0.18375464
2021-11-10,-0.3099845,-0.18013379,-0.19213404,-0.31468552,-0.30731735,-0.33195823
2021-11-11,0.36274272,0.1815081,0.10945444,0.14015578,0.13871671,0.27190465
2021-11-12,0.054350786,-0.022304807,0.2733389,-0.13384292,0.29086202,-0.16924497
2021-11-15,-0.10528408,-0.048082516,-0.06995199,-0.08809808,0.149396,0.050233018
2021-11-16,0.036072932,0.29254976,0.31840247,0.2655403,0.29265422,0.22810903
2021-11-17,-0.14374724,-0.16124174,-0.05587746,0.06122871,-0.06297735,0.1297433
2021-11-18,-0.19357689,-0.20489934,-0.24246745,-0.13443899,-0.19841483,-0.016383955
2021-11-19,-0.18955077,0.009514341,-0.097833745,-0.16268897,-0.09913003,0.5293099
2021-11-22,0.24956068,0.28003883,0.2835061,0.10243903,0.12931128,0.10809393
2021-11-23,0.1988844,0.25876528,0.0067398995,0.14379081,0.1506927,0.22252364
2021-11-24,-0.25837225,-0.042820584,0.046972487,0.09194398,0.17660919,-0.4093806
2021-11-25,-0.22808222,-0.02876861,0.00924932,-0.0502614,0.1969975,-0.11440283
2021-11-26,0.11133158,0.07530105,-0.13180402,0.25564197,-0.14220968,0.3130156
2021-11-29,0.19089401,0.3215688,0.23804612,0.32474643,0.07958157,0.33348635
2021-11-30,0.23255138,0.20265672,0.14467569,0.017159663,0.13605824,0.019582411
2021-12-01,-0.026644817,-0.28717998,-0.120671794,0.16794887,0.04290563,0.1381993
2021-12-02,0.07009739,-0.017626837,-0.19019039,-0.20302315,0.050978404,0.051412605
2021-12-03,-0.052895866,-0.13780706,-0.057458628,-0.23367254,-0.024228686,-0.3292404
2021-12-06,0.039667476,0.046062373,0.16350648,0.48217613,0.20323619,0.33441305
2021-12-07,-0.13261506,-0.162111,-0.13674536,-0.004404062,-0.17092934,-0.16726123
2021-12-08,0.3185464,0.13646987,0.37516883,0.018287688,-0.16462946,0.0058972477
2021-12-09,0.014271659,-0.28817868,-0.038118277,0.072111875,-0.08797571,0.10514758
2021-12-10,-0.08641323,0.011124104,0.20102498,0.13970152,-0.04037048,-0.06603442
2021-12-13,0.385183,0.08987623,-0.015846824,0.27465132,-0.091713674,0.16227394
2021-12-14,0.16950671,0.19181374,-0.026477147,-0.0794815,0.38088298,-0.07108088
2021-12-15,0.3769892,0.3014075,0.418137,0.52042925,0.4006495,0.3298832
2021-12-16,-0.034205526,0.0997929,-0.15205747,-0.23341262,-0.24066822,0.21689919
2021-12-17,0.06969402,-0.014916646,-0.05626539,0.055407226,-0.023887975,-0.23660764
2021-12-20,0.055329304,-0.05935687,-0.036371686,0.051291335,0.053014588,-0.064201
2021-12-21,-0.13014416,-0.20209017,-0.14967899,-0.08175814,-0.03922986,0.3298858
2021-12-22,0.00085369346,0.043198597,0.083139956,0.1252633,0.19661571,-0.08100031
2021-12-23,-0.07225703,0.11650835,0.24702545,0.24179998,0.2107013,0.015479508
2021-12-24,0.0018220812,-0.021527573,-0.043922357,0.07056928,-0.07196424,-0.08347099
2021-12-27,0.028499985,0.2427321,0.14187592,0.106638536,-0.10390399,0.22288223
2021-12-28,-0.032974333,-0.06521331,-0.03166637,-0.0007525742,-0.026354585,0.08853093
2021-12-29,-0.15540153,0.13982022,0.11537053,-0.020285536,-0.059329152,-0.04751908
2021-12-30,0.24375832,0.39286298,0.22287664,0.3923793,0.26345202,0.013297063
2021-12-31,0.03554862,0.02492047,0.22890314,-0.2052395,0.11998304,0.4000961
2022-01-04,-0.0032827675,0.019667719,-0.0056867623,-0.0027914844,-0.017243225,-0.020594005
2022-01-05,0.10719818,0.07271795,0.06567375,0.059399843,0.079227,0.040888406
2022-01-06,-0.024564132,-0.043846555,-0.059833366,-0.023737771,0.015495214,-0.0114902705
2022-01-07,-0.015431503,0.024169432,0.018739045,-0.045625485,0.066291556,0.05629301
2022-01-10,0.00782409,0.004332313,-0.06316296,0.004850832,0.051000576,0.02742753
2022-01-11,0.044671007,0.030982202,0.061693005,0.03699062,0.066290334,0.025573
2022-01-12,0.059494726,0.020697076,0.031793084,0.059942268,0.035903614,-0.02355304
2022-01-13,0.10868814,0.12930086,0.100128576,0.021690805,0.011557664,0.09481815
2022-01-14,-0.037465867,0.00759635,0.037029132,0.00068951846,-0.0024694265,0.028819252
2022-01-17,-0.04320373,0.049034372,0.004739184,-0.01717513,-0.030724728,-0.0061267046
2022-01-18,0.050407775,0.06579836,0.11756905,0.07876088,0.09614689,0.066586584
2022-01-19,0.019290965,0.03509798,0.08281565,0.062132407,0.0800539,0.07842227
2022-01-20,0.009306086,-0.060544543,0.0030707598,-0.003859356,0.024238534,0.02428099
2022-01-21,0.066624984,0.06368162,0.06922112,0.040060222,0.007032725,0.03117742
2022-01-24,0.00090718863,0.016487742,-0.021134198,-0.045482207,-0.005720851,0.058635373
2022-01-25,0.08412136,0.09065582,0.041022487,0.118256345,0.072343424,0.05229936
2022-01-26,0.011242168,0.044085644,0.0021452964,0.04468123,0.021819914,-0.010304788
2022-01-27,0.05612707,0.07771249,0.08872999,0.057945587,0.08695777,0.08245397
2022-01-28,0.018353296,0.041835107,0.012793822,0.039910562,0.0551633,-0.0050529465
2022-02-07,0.030429613,0.03345982,0.07318822,0.12207085,0.0769361,0.018907625
2022-02-08,-0.04689249,-0.019375423,-0.028127521,-0.051942445,-0.033896364,-0.004850538
2022-02-09,-0.03413748,-0.0024690225,0.0012187138,0.008488616,-0.009923202,0.032598
2022-02-10,0.055567402,0.06475222,0.06413607,0.018798413,0.072852775,0.011492372
2022-02-11,0.02554881,0.035087965,0.05248648,0.07395083,0.03302116,0.021620605
2022-02-14,0.101198114,0.08170654,0.08927399,0.047240663,0.073114455,0.07349785
2022-02-15,0.056713235,0.05578164,0.02718896,0.01996236,0.014219565,0.05955367
2022-02-16,0.03466584,0.0516811,0.04464389,0.052204497,-0.0039351443,0.050799288
2022-02-17,-0.0076374398,-0.016756723,-0.027395863,0.0316947,0.031984866,-0.03177192
2022-02-18,0.004661715,0.027509924,0.008040172,0.06019329,0.026001912,0.013377583
2022-02-21,-0.023370933,0.012538085,-0.046783514,0.0035869374,0.012648387,0.0558441
2022-02-22,0.03721698,0.07890451,0.10229323,0.10707698,0.043420188,0.019989923
2022-02-23,-0.03778305,0.0017773963,-0.003422454,-0.011578298,0.011328453,0.025462285
2022-02-24,0.024412904,0.06724345,0.04610278,0.05733799,0.03683198,0.047785986
2022-02-25,0.13290182,0.093261644,0.09500217,0.11800692,0.08347887,0.025947016
2022-02-28,-0.05015117,-0.0009981036,0.009377152,0.00093975663,0.050163843,-0.005984022
2022-03-01,0.0262816,0.070102245,0.068855815,0.077084005,0.011963615,0.052578382
2022-03-02,-0.01858042,-0.0055513857,-0.051799763,-0.01052629,-0.011551673,0.051407672
2022-03-03,0.05179421,0.02959435,0.03461004,0.07584202,0.065949425,0.022278365
2022-03-04,0.039323904,0.013735777,0.04297613,0.08759087,0.06602579,0.019583622
2022-03-07,0.044617735,0.089899585,0.09316166,0.07104287,0.027433729,0.011811732
2022-03-08,0.012667552,0.010162553,0.008234402,0.007542935,-0.003690821,0.053490944
2022-03-09,0.043176495,0.041504394,0.041426923,0.024141856,-0.0043387534,0.072142564
2022-03-10,0.09060797,0.0847271,0.062049698,0.027924657,0.04347707,0.04158502
2022-03-11,0.036796056,0.044739448,0.01573301,0.00096328853,-0.0009874522,0.020402813
2022-03-14,0.015474034,0.024777696,9.4208124e-05,0.024401939,0.024499053,0.05379787
2022-03-15,0.004287535,0.028175037,0.03649305,0.025065586,0.015494013,0.059734017
2022-03-16,-0.02213108,-0.00474563,-0.027376587,-0.016148945,-0.038454585,-0.01838815
2022-03-17,0.012423804,0.05035158,0.05438279,0.046717413,0.03555166,0.0019197317
2022-03-18,0.041069515,-0.009935012,-0.003508316,0.0061149625,-0.007185477,-0.022074213
2022-03-21,0.068834074,0.07926249,0.07622599,0.06390278,0.08826457,0.0731342
2022-03-22,0.0010502726,0.02343928,0.030427387,0.02575956,0.014243806,0.025906947
2022-03-23,0.016415805,0.0019039668,0.015335292,0.00019082203,-0.0069877715,0.010065215
2022-03-24,-0.00056072173,0.011564478,0.0037813992,-0.014176907,-0.013571048,0.021457832
2022-03-25,0.09702264,0.083316945,0.06372838,0.11737045,0.09708085,0.028938424
2022-03-28,0.016106952,0.0010172904,0.022070697,0.05107202,0.016953912,0.0011958897
2022-03-29,0.06932916,0.07638444,0.10165085,0.0839776,0.074105844,0.02537306
2022-03-30,0.009606583,-0.00791009,0.020846562,0.016312331,0.014932555,-0.03885991
2022-03-31,0.059363734,0.08505979,0.087488994,0.037706405,0.05291897,0.013935831
2022-04-01,0.00082235486,0.03190673,0.048833024,0.014768031,0.008339575,0.01749388
2022-04-06,0.019532543,-0.029571492,0.003002672,0.044067092,0.086586714,-0.0067373468
2022-04-07,0.06049663,0.10625062,0.054804623,0.06148393,0.04540232,0.058350105
2022-04-08,0.006601681,-0.026982773,-0.0016615614,0.027099948,0.010112142,-0.016480492
2022-04-11,0.008270318,0.007638657,0.03589621,0.019597253,0.02289342,0.018924374
2022-04-12,-0.0010970801,-0.016954344,-0.01878328,0.021919508,-0.02832954,-0.0037183433
2022-04-13,0.004258773,-0.008046771,-0.013111016,-0.018709907,0.00071654917,0.041461308
2022-04-14,-0.0057788035,0.019519579,-0.022276817,0.021165341,-0.011519777,0.004695752
2022-04-15,0.040847894,0.01590099,0.016962487,0.039350882,0.005736387,0.05392894
2022-04-18,0.04861768,0.109076455,0.09837575,0.0652969,0.051409505,0.08513085
2022-04-19,-0.014410444,0.037688624,0.06130155,-0.0037450776,-0.043877408,0.0020076036
2022-04-20,0.0032877445,0.030133486,0.024027593,0.062976554,0.04576175,0.028608665
2022-04-21,0.017723838,0.02895402,0.0131059885,0.07302805,0.05046301,-0.002821356
2022-04-22,0.009683398,0.00021414757,0.0059576957,0.003293112,0.035237428,0.0069864867
2022-04-25,0.04610018,0.053397447,0.067265324,0.03190884,0.033106763,0.04796197
2022-04-26,0.033708163,0.06672518,0.047373418,0.028090632,0.050476003,0.02965129
2022-04-27,0.038522296,0.023578953,0.002898562,0.0058663366,0.02115123,0.008632252
2022-04-28,0.08937267,0.08637802,0.09647502,0.09136082,0.025325593,0.102219
2022-04-29,-0.04924475,-0.030966645,-0.036215562,-0.0178729,-0.055233926,-0.017103672
2022-05-05,0.043604486,0.020674193,0.04179148,0.022279263,0.007970238,-0.006202504
2022-05-06,0.08106287,0.08105649,0.104289375,0.05448698,0.06972398,0.08136085
2022-05-09,0.07853587,0.03125905,0.00987843,0.08712985,0.053287826,0.041078836
2022-05-10,0.035571136,0.053147923,0.06207769,0.040664617,0.0173308,0.054597564
2022-05-11,0.04134185,0.026434183,0.042683132,0.027413035,-0.002437807,0.02472641
2022-05-12,0.08739442,0.06261071,0.040644597,0.07356062,0.07465346,0.072136156
2022-05-13,-0.0011374734,-0.009616567,-0.0143588185,0.028301522,-0.01121494,-0.02477728
2022-05-16,0.025114238,0.019301295,-0.024445552,0.08762525,0.059692282,0.077547476
2022-05-17,0.055261932,0.04993137,0.06257875,0.047759227,0.023566607,0.06773218
2022-05-18,0.012344189,0.036449026,0.061255805,0.05770273,0.026065921,-0.011308545
2022-05-19,-0.07723415,-0.06775965,-0.05873527,-0.06776098,-0.007364261,0.0063198535
2022-05-20,0.057595234,0.013520824,-0.055508178,-0.014555019,-0.025986422,0.028565714
2022-05-23,0.06555045,0.012440185,-0.0050636744,0.027354708,-0.03342156,0.01939963
2022-05-24,0.08685591,0.09119503,0.09252863,0.08899296,0.09894563,0.075344905
2022-05-25,-0.027221177,0.014872784,-0.018249992,0.023018572,-0.025695061,0.043774895
2022-05-26,1.11728905e-05,0.012719293,-0.0036599531,0.023822028,0.011599573,0.051272303
2022-05-27,0.125128,0.09421064,0.09912242,0.061300267,0.041238613,0.11364131
2022-05-30,0.047116734,0.04540515,0.03411052,0.030510893,0.02011286,0.016372869
2022-05-31,0.048924245,0.022648452,0.02438936,0.024099799,0.09946693,0.0063849883
2022-06-01,0.0712066,0.06848249,0.051469605,0.07389774,0.050397605,0.02189545
2022-06-02,-0.033835668,-0.04790733,-0.044922806,-0.004960923,0.040846117,0.012666782
2022-06-06,0.029674813,-0.0092729125,0.0024137974,0.019078884,0.030761292,-0.030098652
2022-06-07,0.013521982,-0.032080814,0.015621853,0.05509769,0.048724853,0.015009463
2022-06-08,0.05762866,0.06259981,0.06892071,0.063598014,0.07244476,0.054984707
2022-06-09,0.042133953,0.062658004,0.0432237,0.050902653,0.026992718,0.043084122
2022-06-10,0.01026924,-0.0074587883,-0.017443214,0.03276568,0.031468324,0.054743327
2022-06-13,0.013542756,0.004178366,0.009850142,0.044660803,0.028055329,-0.027972162
2022-06-14,-0.017800141,-0.028381545,-0.023253782,-0.026225988,-0.022437448,0.0029812516
2022-06-15,-0.0009468451,-0.0030839802,-0.009400794,0.0056114895,0.012502963,-0.0018249139
2022-06-16,0.076088086,0.046993326,0.050399087,0.024086889,0.037254106,0.090332605
2022-06-17,0.0064116865,-0.018074352,0.043124367,0.043171,0.018014263,-0.028731879
2022-06-20,0.055515103,0.029012632,0.031768963,0.04385346,0.005455776,0.03740934
2022-06-21,0.06274047,0.053115748,0.039911624,0.039074443,0.06770378,0.04896765
2022-06-22,0.08475758,0.04566551,0.07487609,0.06874822,0.0802144,0.044664443
2022-06-23,-0.012198688,0.003300491,-0.0077397823,-0.02000863,-0.03115474,-0.020168835
2022-06-24,-0.0055551035,0.009386132,0.026267027,0.0014644384,0.058616094,0.007812299
2022-06-27,0.016096542,0.041388266,0.004230621,0.054413132,0.032113872,0.016443934
2022-06-28,0.04425584,0.01096713,0.029977053,0.042373866,0.022474803,-0.00576739
2022-06-29,0.06055492,0.040860232,0.017741343,0.07465333,0.07706193,0.023758978
2022-06-30,-0.030020338,0.000100150704,-0.0006981507,0.014715734,0.03160458,0.040228914
2022-07-01,-0.006077759,-0.021102937,-0.027907193,0.0012752563,0.029045265,0.025156409
2022-07-04,0.024671486,0.046825223,0.046408344,0.053003408,0.041789014,0.050029863
2022-07-05,0.0077755884,0.013221894,0.027223926,-0.00070521387,0.028429478,0.009090619
2022-07-06,0.10147818,0.068506226,0.06677959,0.11232462,0.09222294,-0.0015436799
2022-07-07,0.02859906,-0.011258967,0.02335903,0.012950015,0.049355555,0.009927152
2022-07-08,0.07162004,0.08199431,0.081471026,0.07503172,0.0600338,0.053127516
2022-07-11,0.01980779,-0.0009216994,0.005986622,0.038794488,0.030840551,0.049418986
2022-07-12,0.025870714,0.04540533,0.0067352206,0.02250101,0.020189488,0.028680122
2022-07-13,0.043690264,0.036956985,0.01730881,0.024380289,0.033692133,0.03396629
2022-07-14,0.060588114,0.07225685,0.05306623,0.053561877,0.043708567,0.037998043
2022-07-15,0.1015479,0.08140989,0.078761,0.09557374,0.071589425,0.12301554
2022-07-18,0.031394333,-0.011263883,0.0058562323,0.028205147,-0.0074663265,-0.00390949
2022-07-19,-0.032845806,-0.0031670437,-0.03276921,0.05762615,0.007624805,-0.008533622
2022-07-20,0.07516236,0.057883393,0.05641725,0.061924554,0.009070449,0.03220334
2022-07-21,0.0059193284,-0.0053910166,0.02421418,0.012087857,-0.0013894662,-0.07129474
2022-07-22,0.04028115,0.047533255,0.04801256,0.050860368,0.0700135,0.032204516
2022-07-25,-0.0024772317,0.06070981,0.080678664,-0.013447153,0.035992794,0.11285379
2022-07-26,-0.005661027,-0.019463358,-0.053544194,0.009739295,-0.037441384,0.012558527
2022-07-27,0.032661527,0.051448703,0.052046478,0.033708487,0.059688784,0.0006603122
2022-07-28,0.03323797,0.065664366,0.06946479,0.055347007,0.036540754,-0.027932987
2022-07-29,0.038119346,0.027269209,0.04760692,0.028024208,-0.0012510509,0.039083976
2022-08-01,-0.03867662,-0.048733972,-0.01770747,-0.000433971,-0.019522995,-0.055449497
2022-08-02,0.02937738,-0.0066075353,-0.01628035,0.025262654,0.017327884,-0.02246657
2022-08-03,0.0034036874,0.033321727,0.04096242,0.039137818,-0.037255567,0.01771917
2022-08-04,0.016307363,0.09310795,0.08485571,0.05879596,0.10615711,0.011268918
2022-08-05,0.045850772,0.045669865,0.031680517,0.064716905,2.8465689e-05,0.06140986
2022-08-08,0.016449576,0.014680868,-0.0043363855,0.02755115,0.02507701,-0.012625173
2022-08-09,-0.045977227,-0.020775612,-0.006374167,-0.019518249,0.0040645525,-0.0081001045
2022-08-10,0.06682322,0.028778274,0.0371565,0.048089605,0.025631448,0.020670434
2022-08-11,0.013728177,-0.005150402,-0.07143787,-0.025633793,0.018261213,0.04798923
2022-08-12,0.032076888,0.063668236,0.10237114,0.02612092,0.118397,0.03374959
2022-08-15,0.017898213,0.034734346,0.057460107,0.037448186,0.06747778,0.01810472
2022-08-16,0.049500354,0.016035121,0.047036607,0.007206558,0.07444714,0.0064266054
2022-08-17,-0.060240943,-0.029211003,-0.013346585,-0.05191318,0.04528541,0.029110277
2022-08-18,0.03685314,-0.0020076737,-0.0135708125,0.07129949,0.020327754,-0.01941872
2022-08-19,-0.010981289,0.0026327863,-0.005350457,0.019162701,0.072851725,-0.0057736738
2022-08-22,0.019419942,0.0062691914,-0.030948672,0.053102028,0.022393897,0.08578796
2022-08-23,0.04320415,-0.012525703,0.0076128007,0.023657039,0.044550665,-0.002050622
2022-08-24,0.029627275,0.0061373413,0.0104266945,0.014215651,0.010214383,-0.023343671
2022-08-25,0.032395855,0.021650475,0.008328046,-0.0022828102,-0.017522711,0.0077855857
2022-08-26,0.014029279,0.034932524,0.04860992,0.081129506,0.09110356,0.04653967
2022-08-29,0.052055836,0.0015706926,-0.01791184,0.06993091,0.08301654,0.07469812
2022-08-30,0.03094188,0.03772885,0.05794596,0.027270084,0.053835712,0.00825837
2022-08-31,0.03287091,0.05101847,0.073395886,-0.0012376786,0.049458258,0.011244396
2022-09-01,0.06548833,0.061901044,0.06173699,0.07926597,0.07825355,0.04874484
2022-09-02,0.026109617,-0.04351281,-0.00908046,0.017970558,0.051886816,0.04484287
2022-09-05,-0.0028873116,0.021350296,0.06653764,0.0069720387,0.04710031,0.0077292114
2022-09-06,0.027873587,0.02458134,0.005210483,0.034142517,-0.012974868,0.008729251
2022-09-07,0.048329867,0.06991346,0.0963878,0.04767978,0.082392916,0.01797226
2022-09-08,0.057911076,0.05665543,0.037038855,0.012869457,0.033258803,0.05773124
2022-09-09,-0.053382553,-0.01782037,-0.03660951,0.0026724488,0.025565576,-0.05038774
2022-09-13,0.028021377,0.033974964,0.055494744,0.05165404,0.019586217,0.06589346
2022-09-14,0.07356196,0.039462995,0.030944848,0.04850722,0.004816234,0.04675361
2022-09-15,0.08083682,0.071735725,0.04992512,0.07120124,0.03870187,0.039072823
2022-09-16,0.040462166,0.09995246,0.07070349,0.0343928,0.05579095,0.08607228
2022-09-19,0.029648637,0.05323389,0.038447198,0.07693338,0.06790157,0.011504561
2022-09-20,0.044998318,0.058884077,0.06168524,0.06729653,0.09782397,0.057443798
2022-09-21,0.01792782,0.004292369,0.024270702,0.005829415,-0.00019469857,0.07256488
2022-09-22,0.03731736,0.0420911,0.047567055,0.0147450175,0.049616784,0.059023343
2022-09-23,-0.017655957,-0.01775364,-0.04022624,-0.085558854,0.002564916,-0.0075227455
2022-09-26,0.026364794,0.04323884,0.040033095,-0.0080157425,-0.0006410599,0.06132524
2022-09-27,-0.020216439,-0.023103766,-0.025328066,0.023004124,0.014503764,-0.0076768873
2022-09-28,0.049566828,0.062718704,0.062172063,0.052653827,0.02961857,0.012355661
2022-09-29,0.08071115,0.03626351,0.011492131,0.0016592226,0.0069361953,0.057848178
2022-09-30,0.03680063,0.060007013,0.04633192,0.042834423,0.09409044,0.06446655
2022-10-10,0.050564297,0.07614991,0.02448152,0.049248997,0.044831805,0.07955686
2022-10-11,-0.0286008,-0.046661768,-0.026713658,0.011413906,0.0061304765,-0.016370345
2022-10-12,0.047905263,0.071591005,0.06813262,0.06579151,0.02589937,0.084093966
2022-10-13,0.056634594,0.041737515,0.05782833,0.04435508,0.048489615,0.010113388
2022-10-14,0.046966664,0.06027735,0.08627913,0.01371341,0.030861493,0.07198029
2022-10-17,-0.07117601,-0.071778275,-0.05293709,-0.019305253,-0.060990322,-0.041571416
2022-10-18,0.054648615,-0.0070631644,-0.01887173,0.036745988,0.012509497,0.028493404
2022-10-19,0.017372692,0.03710674,0.06258868,0.017122734,0.052625258,0.014341923
2022-10-20,-0.003871879,0.028811287,-0.00013491213,-0.031071583,-0.02742795,0.019057099
2022-10-21,0.044647794,0.015210318,0.017291501,0.03561364,0.027749792,0.058504235
2022-10-24,0.037104964,0.0165692,5.157292e-05,0.06170219,-0.005895561,0.06839893
2022-10-25,0.02708741,0.032299634,0.020068642,0.022218835,-0.015060438,0.014858201
2022-10-26,0.029153645,0.017811779,0.020955589,0.0024547123,0.005936741,0.10327701
2022-10-27,0.07018367,0.045770846,0.06534763,0.07883917,0.029451218,0.052885823
2022-10-28,0.059478916,0.051166218,0.04585745,0.045612358,-0.0212334,0.051381003
2022-10-31,0.0075031845,0.027226288,0.036903705,0.06386531,0.029608423,0.029727867
2022-11-01,0.008328984,0.029326469,0.054968603,0.032616843,0.044825464,0.004971142
2022-11-02,0.0047575175,0.014495988,0.0028760955,-0.012453726,0.0104818195,0.04448554
2022-11-03,0.05908326,0.034634434,-0.00035145582,0.07595247,-0.01086461,0.08009521
2022-11-04,0.004781029,0.031489775,0.018571666,0.05641999,0.028248748,0.043077238
2022-11-07,0.062707625,0.062725976,0.058321256,0.040062733,0.10067304,0.055480123
2022-11-08,0.07282102,0.016340684,-0.0055088834,0.039316148,0.024730245,0.04872474
2022-11-09,0.087245226,0.0873634,0.06465168,0.050967824,0.0481152,0.083249524
2022-11-10,0.0326513,0.04747393,0.03878118,0.0532125,0.08474521,0.018876743
2022-11-11,0.08068487,0.056348395,0.05467871,0.069334224,0.07830952,0.06752592
2022-11-14,0.08150329,0.0850455,0.07394785,0.069636375,0.08235106,0.11975165
2022-11-15,0.057388104,0.052394144,0.071459554,0.056742005,0.032209743,0.0033120275
2022-11-16,0.122197606,0.09431092,0.09885963,0.07591617,0.09207171,0.0005486563
2022-11-17,0.086172506,0.04934437,0.060532846,0.0649621,0.0042795837,0.069013484
2022-11-18,0.07596867,0.017092764,0.07189359,0.057171453,0.05332337,0.02718628
2022-11-21,-0.0380618,0.026585126,0.01953215,-0.0114073055,0.028175432,-0.021862727
2022-11-22,0.03067581,0.055313893,0.1040475,0.09299205,0.08612568,0.036868412
2022-11-23,0.022524292,-0.06958197,-0.08407227,-0.053818814,-0.050664224,0.004375921
2022-11-24,0.03552738,0.040728092,0.03330022,0.037493624,-0.058425494,0.060818624
2022-11-25,0.028136183,-0.0016186029,0.026831884,0.01621439,-0.005909623,0.0044915006
2022-11-28,-0.004644084,-0.022150612,-0.02765961,0.00329113,0.025892138,0.028482586
2022-11-29,0.05594024,-0.052636303,-0.050287746,0.007757938,0.03044874,0.01798432
2022-11-30,-0.02411314,0.027205106,0.030574298,0.017635308,0.05250876,0.015682384
2022-12-01,0.11080607,0.06486319,0.06417115,0.122011974,0.0831657,0.047701206
2022-12-02,0.05124265,0.08034346,0.06101951,0.08076465,0.083129264,-0.01264468
2022-12-05,0.017599283,0.02830025,-0.014896816,0.06908966,0.044934355,0.040120117
2022-12-06,0.060877763,0.092686914,0.045425244,0.030889664,0.067196645,-0.0021306514
2022-12-07,0.063870706,0.062012903,0.0042927368,0.06480954,0.07915821,0.034393605
2022-12-08,0.06009541,0.030966122,0.051090848,0.03376751,0.018280786,0.06600484
2022-12-09,-0.0030198307,0.0020236312,-0.014154268,-0.0037111132,0.011951983,0.005200559
2022-12-12,0.06252567,-0.0033709377,0.054219134,0.030826503,-0.0031008571,0.08585328
2022-12-13,0.023237465,0.0032822578,0.03916958,0.041027825,0.03712573,0.029062863
2022-12-14,-0.00954842,0.0204079,0.05774783,-0.0074538947,0.13180938,0.026915824
2022-12-15,0.0047991276,0.03984502,0.08315521,0.0023235292,0.075603925,0.063542806
2022-12-16,-0.010054657,0.02461185,0.06116388,0.02943114,0.033044074,0.00516026
2022-12-19,0.04514009,0.061619125,0.027519181,0.055176206,0.055191778,0.042700604
2022-12-20,0.0877796,0.021652678,0.04683026,0.040080983,0.07394189,0.06587075
2022-12-21,0.07368908,0.09066086,0.07826244,0.072748624,0.08020628,0.067431405
2022-12-22,0.06030662,0.08230497,0.06016325,0.06137961,0.08181948,0.09557806
2022-12-23,0.032538705,-0.03283536,-0.0077498257,0.007741633,0.04297054,-0.007009494
2022-12-26,0.05032423,0.039392225,0.03593515,0.030275041,0.070347846,0.07629952
2022-12-27,0.034233406,-0.044988904,-0.08155756,-0.09511281,-0.048568904,-0.0012880682
2022-12-28,0.035718333,0.037414573,0.040327672,-0.00071887375,0.025738563,0.028421884
2022-12-29,-0.029037798,0.041251488,0.024253784,-0.010815588,0.027889762,0.06605978
2022-12-30,0.029290909,0.0035005764,0.03699361,0.05126232,0.01148199,0.016931416
2023-01-03,-0.39964175,-0.24805649,0.03538785,-0.273446,-0.07534748,-0.16210657
2023-01-04,0.40452328,0.45828286,0.39957348,0.50084007,-0.38321358,0.426421
2023-01-05,-0.17582674,0.11467674,0.10471187,0.20494094,0.11495838,0.17013685
2023-01-06,0.2501157,0.4973817,0.44913357,0.11304388,0.60709727,0.18791385
2023-01-09,0.2567766,0.5973238,0.52262634,0.5452863,0.41923556,-0.16407123
2023-01-10,-0.106966615,0.06835965,0.17745653,-0.28218713,0.24522145,0.15149966
2023-01-11,0.21500158,0.29880288,0.40442076,0.45393437,-0.31620127,0.07039811
2023-01-12,-0.12202903,-0.2740921,0.11217145,0.15932658,0.07846348,-0.41286117
2023-01-13,0.16905765,0.02134931,-0.030707166,0.095495805,0.11272838,0.31980628
2023-01-16,0.19666593,0.13879459,0.15720409,0.31528354,-0.17628953,-0.08370612
2023-01-17,0.01106441,-0.036023818,0.10845599,0.12656519,0.14215632,-0.5445217
2023-01-18,-0.31015715,0.08173774,0.15974183,-0.0080059115,-0.17288041,0.005863619
2023-01-19,0.0053394614,0.22542432,0.26054332,0.22415575,0.2135534,-0.47421494
2023-01-20,-0.14008479,0.14828427,0.1807624,-0.206561,0.08427034,0.25146908
2023-01-30,-0.27394697,-0.098185524,-0.34584284,-0.1827023,-0.31804848,-0.25992605
2023-01-31,-0.09588013,-0.040084135,0.1151299,0.050950103,-0.11567292,-0.122913525
2023-02-01,-0.2602942,0.1163139,0.13636696,-0.14593525,-0.09489064,-0.57355547
2023-02-02,0.1937345,0.3410936,0.372797,0.47386456,0.08165461,0.0019400731
2023-02-03,-0.6301199,-0.5556841,-0.423765,-0.5815438,-0.4619983,-0.6496385
2023-02-06,0.06303774,0.19179055,0.19485393,0.021367658,0.40648404,0.035491914
2023-02-07,0.2907873,0.16098896,0.16831224,0.010078514,0.026730467,0.42360863
2023-02-08,0.072163746,0.0921837,0.21791835,0.30752537,-0.100178935,0.20555982
2023-02-09,0.02744791,0.2062294,0.34840328,0.27246734,0.31705937,0.041917853
2023-02-10,0.16055626,-0.41259068,-0.26478204,-0.2618996,0.06610057,0.10870527
2023-02-13,0.099785976,0.1297062,-0.02583814,0.012564284,-0.13298967,0.02702875
2023-02-14,-0.1551807,0.049295556,0.00702289,-0.14986733,-0.53936744,0.033680394
2023-02-15,-0.29671496,-0.25513527,-0.27203545,-0.2955181,-0.40334004,-0.48251992
2023-02-16,0.17105144,0.02516229,-0.007283455,0.100636736,0.03831222,0.043571196
2023-02-17,0.1763216,0.06461704,0.09276478,-0.07493959,-0.027883565,0.29805765
2023-02-20,0.02865399,-0.0346351,-0.012355132,-0.17470174,-0.08397366,-0.035536196
2023-02-21,0.22172734,0.16916287,0.17850299,0.16596477,0.2845008,0.19632173
2023-02-22,-0.09692885,0.051731467,0.062351387,-0.29713625,-0.057501495,0.14635919
2023-02-23,-0.05926751,0.16420424,0.023539113,-0.14196095,0.24966407,0.09372842
2023-02-24,-0.22042072,-0.19874081,-0.30002597,-0.3859452,-0.051991593,-0.11546961
2023-02-27,0.1426282,0.43372002,0.49112806,0.19420958,0.35472712,0.54671264
2023-02-28,-0.44463497,-0.18477006,-0.38322347,-0.12546597,-0.11546067,-0.28962976
2023-03-01,0.1472733,0.41069794,0.2842619,0.27876395,0.083848596,0.1842548
2023-03-02,0.22610883,0.13739824,-0.06457522,-0.18795195,0.30351487,0.15442145
2023-03-03,-0.51345414,-0.36755297,-0.50341254,-0.4797202,-0.19272113,-0.04207608
2023-03-06,-0.17653802,-0.10950239,-0.2609082,-0.28189358,-0.09502362,-0.10392871
2023-03-07,0.24392617,0.19846651,-0.23668697,-0.13086721,0.15851483,0.5822182
2023-03-08,-0.19680138,-0.004166098,-0.04317543,-0.3571794,-0.153764,-0.19878583
2023-03-09,-0.32038194,-0.5108431,-0.29920745,0.061531115,0.2248703,-0.18439694
2023-03-10,-0.020072144,-0.058081497,-0.0056574494,0.030777955,-0.020196864,-0.19180222
2023-03-13,-0.18814498,-0.17715557,-0.20636947,-0.11832579,-0.022379318,-0.18941358
2023-03-14,-0.51982325,-0.5765416,-0.6201214,-0.71032107,-0.29160872,-0.18198022
2023-03-15,0.16864444,0.23217142,0.2547772,-0.16431539,0.21477394,-0.10817585
2023-03-16,0.28429335,0.19420958,0.15933008,0.11702075,0.08729972,0.33537766
2023-03-17,0.13716969,-0.085110985,0.038482822,-0.16582118,0.060240615,0.103631936
2023-03-20,0.48863405,0.34147257,0.09572927,-0.028835427,0.31305936,0.2161055
2023-03-21,-0.45481816,-0.010002321,0.16231374,-0.23797569,-0.069821075,-0.15259866
2023-03-22,0.42733055,0.20882921,0.08133956,-0.05178405,-0.02899288,0.3631845
2023-03-23,0.008889002,-0.049327064,0.012580114,0.018688153,-0.110186026,-0.005524552
2023-03-24,-0.16175249,-0.39434427,-0.22055343,-0.120876014,-0.3199307,-0.28171292
2023-03-27,-0.13902374,-0.027079413,0.013811549,0.10829534,-0.093403555,-0.6349857
2023-03-28,0.05905176,0.0018727869,-0.097987965,-0.004125205,-0.18442765,-0.22491145
2023-03-29,0.09252696,-0.1299555,-0.04628808,-0.017910175,0.086011276,-0.316468
2023-03-30,-0.4964815,-0.4034481,-0.23298585,-0.08644167,-0.012267344,-0.59674186
2023-03-31,0.052787196,0.14464094,0.17298183,0.083715215,0.14265165,0.23413913
2023-04-03,-0.04023675,0.123457775,0.045986973,-0.06456645,0.173921,-0.2889568
2023-04-04,-0.014720631,-0.15542397,-0.2807667,-0.19889171,0.27781147,0.2401251
2023-04-06,0.12068655,0.31007698,0.31906745,-0.21404839,0.45258087,-0.040947422
2023-04-07,0.054948695,0.015243566,0.05097084,0.021428162,0.012645384,0.00279617
2023-04-10,0.24696502,0.10332825,0.15469448,0.06207698,0.317332,0.18004277
2023-04-11,0.27312386,0.18636574,0.4057745,0.45766598,0.37611574,0.11063139
2023-04-12,0.2482727,0.11549102,0.061390467,-0.3020687,-0.11975551,0.23748422
2023-04-13,0.25149715,0.21106458,0.37404647,0.46486133,0.06322432,0.09733624
2023-04-14,0.11770098,-0.48765427,-0.49702367,-0.028536776,-0.4093635,-0.1104879
2023-04-17,0.029340535,0.08383797,0.17677838,0.1126776,0.29058656,-0.15676412
2023-04-18,-0.13616468,-0.34428045,-0.3362216,-0.36464003,-0.56750405,-0.19312666
2023-04-19,-0.2802664,-0.11555952,0.116874054,0.02691958,-0.049019214,-0.1347555
2023-04-20,-0.43852606,-0.13977626,-0.19797042,-0.14489837,0.22434425,-0.638927
2023-04-21,-0.101643905,-0.1665366,-0.207236,-0.020180661,-0.113620415,0.37964505
2023-04-24,0.18673556,0.26050097,0.12888797,-0.2083563,-0.0867216,-0.03719307
2023-04-25,-0.1714641,-0.12541433,-0.076118484,-0.36181846,0.44685274,0.066757604
2023-04-26,-0.32160234,-0.20748436,-0.17652969,0.087199666,-0.10217945,-0.03830419
2023-04-27,0.027266776,0.16589208,0.03922654,0.16894834,-0.033317346,-0.060721874
2023-04-28,-0.10582284,-0.122851536,-0.12728608,-0.10836232,-0.043326292,0.038863115
2023-05-04,0.071927264,0.016215285,0.0005505994,-0.24979985,-0.69475526,0.15923236
2023-05-05,-0.000859081,-0.20301774,-0.4169466,0.10229989,0.23031488,-0.028847959
2023-05-08,0.10597022,-0.09857832,-0.22895396,-0.2062324,0.26535907,0.26506788
2023-05-09,0.40363854,0.36623937,0.36374408,0.16847019,0.49933106,0.2938537
2023-05-10,-0.109155215,-0.04903031,0.06584557,-0.093964174,-0.23767006,-0.22832963
2023-05-11,0.12983695,-0.04500098,-0.031561106,0.10548625,0.17647114,0.24166441
2023-05-12,-0.031768125,-0.002280286,-0.27189553,0.24140215,0.2265482,0.23755614
2023-05-15,-0.2891386,-0.41687474,-0.4869485,-0.08555997,-0.23188853,-0.65772915
2023-05-16,0.122103035,0.1687102,0.1227869,0.15326008,0.34423977,0.3396712
2023-05-17,0.49801064,0.3417284,0.25243086,-0.048040293,-0.1027804,0.45363545
2023-05-18,0.29776716,0.008625036,0.14375004,0.052522726,0.3603481,0.32665163
2023-05-19,0.20641518,0.10781647,-0.032375325,0.051660925,0.31112263,-0.0949315
2023-05-22,0.2625937,0.06528045,-0.09624231,0.08908696,-0.025476139,0.14682646
2023-05-23,0.19146924,0.37834877,0.38813016,0.35280797,0.1650613,0.09675877
2023-05-24,0.16282663,0.10496588,0.009151216,-0.08330611,0.05441019,-0.29295725
2023-05-25,-0.18484731,-0.3108225,-0.2504066,-0.2661828,-0.40865913,-0.25302893
2023-05-26,-0.2578271,-0.14360973,-0.26230097,-0.33401614,0.29208747,-0.06826461
2023-05-29,-0.44666138,-0.017788533,-0.016186707,-0.49338707,-0.07792694,-0.063477494
2023-05-30,-0.13591072,-0.022805464,0.033865206,-0.21359769,0.29383948,0.16542837
2023-05-31,-0.5255414,-0.036377322,-0.16428725,-0.40570945,0.1371771,-0.47553086
2023-06-01,0.13326463,0.29239166,0.17347679,-0.096669436,0.3131399,0.24956179
2023-06-02,-0.265245,-0.123972,0.004624778,0.06241112,-0.082278095,-0.42327303
2023-06-05,0.2890797,0.15974851,0.28846484,0.27428004,0.47148618,0.23096697
2023-06-06,0.32141644,0.117906,0.13629106,-0.048417687,0.22189745,0.5013822
2023-06-07,-0.063613355,0.32791725,0.31786355,0.020689134,-0.0040841727,-0.23323481
2023-06-08,-0.2421207,-0.32236594,-0.2757958,-0.041758996,-0.16108622,-0.40539867
2023-06-09,-0.42114577,-0.22834487,-0.33267057,-0.2790547,-0.009304089,0.030683544
2023-06-12,-0.3572596,-0.01668032,0.043520547,-0.40734214,0.19373646,-0.17558092
2023-06-13,-0.3359254,0.048590887,-0.11197122,-0.2402207,0.26066682,-0.2935719
2023-06-14,0.21109419,-0.035718128,-0.12263237,0.12332903,-0.0327968,-0.12359478
2023-06-15,-0.2798459,-0.0036508932,-0.1659152,0.22138321,-0.3082667,-0.46815768
2023-06-16,-0.060234357,-0.046157807,-0.11017177,-0.046560172,0.14180681,0.061469816
2023-06-19,-0.33983207,-0.165184,-0.08081643,0.059747923,0.12919311,-0.16416863
2023-06-20,-0.030693844,-0.36197168,-0.2933174,-0.09078369,-0.20432496,-0.05385361
2023-06-21,0.23426929,-0.091571555,-0.12681238,-0.101905644,-0.011855041,0.32335013
2023-06-26,0.11971815,-0.0033916116,0.06098949,-0.11715253,0.24927184,0.15241238
2023-06-27,-0.24128172,-0.09353255,-0.084128305,-0.38894606,-0.17508176,0.15713418
2023-06-28,-0.16776986,-0.38270906,-0.52934706,-0.27222317,-0.08049173,-0.37129405
2023-06-29,-0.2916042,-0.17971256,-0.1825669,-0.21892218,-0.2579905,0.11284809
2023-06-30,-0.11142542,0.054986198,-0.09137744,-0.10472307,0.12868229,0.05395017
2023-07-03,0.044747066,-0.22297077,-0.29024422,-0.085084006,-0.060408212,-0.2659885
2023-07-04,0.092799485,0.24830315,0.084336914,-0.02145151,0.28852,-0.1837116
2023-07-05,-0.42408666,0.12743124,0.21842165,-0.31848997,0.25727493,-0.07128951
2023-07-06,0.37584117,0.4774701,0.53867245,0.37695727,0.25606602,0.29040197
2023-07-07,-0.5929524,-0.6028075,-0.36279085,-0.44624853,-0.6611374,-0.24770589
2023-07-10,0.4026564,0.34735584,0.41106027,0.38386327,0.5077394,0.18201575
2023-07-11,-0.20733385,-0.35368136,-0.21197622,-0.34328184,0.18652043,-0.074840635
2023-07-12,0.50181806,0.32710972,0.250386,0.245612,0.2609734,0.3274354
2023-07-13,0.18012837,-0.19997743,-0.42331415,0.072586425,0.022636835,-0.2979568
2023-07-14,0.13917935,0.14917113,0.2063446,-0.18209235,0.24017671,0.2621699
2023-07-17,0.2582882,0.34750602,0.3052936,-0.23273058,-0.10144703,0.28360635
2023-07-18,-0.19824149,-0.2969749,-0.22658579,-0.27102005,-0.2479836,-0.38851786
2023-07-19,-0.41905087,-0.31978187,-0.25357562,-0.570577,-0.5925738,-0.016540429
2023-07-20,0.03613632,0.13045162,0.24131498,-0.0344811,-0.17323413,-0.102644466
2023-07-21,0.47913894,0.34306723,0.37476474,0.55676365,0.218297,-0.07104631
2023-07-24,0.3053492,0.23713437,0.17372921,0.2632541,0.3108607,0.058046855
2023-07-25,0.15588138,-0.28784877,-0.23045263,0.0022485107,-0.13591667,-0.18198441
2023-07-26,-0.123882174,-0.13003059,0.048942097,0.027850294,0.2611882,-0.046625905
2023-07-27,0.54323035,0.5915616,0.34894907,0.3886753,-0.32714665,0.5113433
2023-07-28,0.13183211,0.050209604,-0.029379707,0.28814942,-0.018765712,0.39392167
2023-07-31,0.2889131,0.48401126,0.41326818,0.43814883,0.26817197,-0.14635788
2023-08-01,0.4580562,0.34131962,0.4801132,0.45916814,-0.031128937,0.39160144
2023-08-02,-0.16256475,0.10809376,-0.053380817,-0.08174412,0.29596856,0.22473204
2023-08-03,-0.25057968,-0.31406394,-0.33093873,-0.0709187,-0.3183106,-0.23009937
2023-08-04,-0.118312955,-0.2732109,-0.48802942,-0.14655258,-0.41635472,-0.31838745
2023-08-07,-0.0737078,-0.23366442,-0.2807286,-0.21354158,-0.07035557,-0.2299029
2023-08-08,-0.18408394,-0.2744558,-0.2629285,0.06331795,-0.065580405,-0.10615647
2023-08-09,-0.066431545,0.18584894,0.093679,0.058754005,-0.08977721,-0.05807986
2023-08-10,-0.4858757,-0.2347565,-0.3819186,-0.5922153,-0.26599473,0.040287763
2023-08-11,-0.29222625,-0.23443922,-0.24962679,-0.1201092,-0.36780196,-0.41756803
2023-08-14,-0.21035495,-0.18446139,-0.15617672,-0.36579868,-0.19945994,-0.030958772
2023-08-15,-0.6240393,-0.66609323,-0.6734349,-0.5948598,-0.72910124,-0.035521496
2023-08-16,0.30694234,0.38071516,0.24810672,0.3094611,0.21036689,0.22105582
2023-08-17,0.16029905,0.3262135,0.23208156,0.22611375,0.35363463,0.26818424
2023-08-18,0.09113725,-0.027876073,0.011500174,0.24218631,0.025665427,0.13649242
2023-08-21,0.049961366,0.16739894,0.1310632,-0.037495945,-0.03419868,0.18581505
2023-08-22,-0.23300993,-0.3224551,-0.3610607,-0.40915403,-0.33732557,-0.14924297
2023-08-23,0.13151024,-0.038846485,0.14230034,0.09390315,0.08485495,0.11604466
2023-08-24,-0.16405773,-0.24319701,-0.2551678,-0.0116828205,0.072406545,-0.14166972
2023-08-25,-0.5539497,-0.14740345,0.08794387,-0.22143444,-0.31324896,-0.16924076
2023-08-28,0.11217064,0.32058814,0.42731065,0.29564962,0.18479855,0.4242385
2023-08-29,0.14724742,0.048890416,0.0077465684,0.17081454,0.29827625,-0.40026727
2023-08-30,0.23596725,0.063401036,0.2256268,0.3136944,0.29407054,0.07247815
2023-08-31,-0.025850546,0.020051256,-0.136907,-0.10369239,0.35094482,-0.72855175
2023-09-01,0.03353981,0.027968192,-0.05333228,-0.2637561,-0.32968456,0.2574318
2023-09-04,-0.048326455,0.07241443,0.18116155,0.008760045,-0.1175014,0.07877078
2023-09-05,-0.15633544,-0.15885858,-0.052168645,0.110142745,0.18096136,-0.32117543
2023-09-06,-0.40352997,-0.19635823,0.08376642,-0.31633133,-0.19094798,-0.33472052
2023-09-07,-0.17533593,-0.34705523,-0.26284438,-0.3381289,-0.6144545,0.2777165
2023-09-08,-0.56988335,-0.383528,-0.34218225,-0.4203269,-0.3374419,-0.44026226
2023-09-11,-0.5881238,-0.3020292,-0.23166533,-0.3406296,-0.20498672,-0.07601746
2023-09-12,0.56272924,0.5259224,0.5164372,0.46226758,0.33777875,0.26833376
2023-09-13,-0.36667934,-0.33964592,-0.50780714,-0.6089469,-0.33307546,-0.05253147
2023-09-14,-0.23502925,-0.052744348,0.02957352,-0.21981812,-0.24170384,-0.073699765
2023-09-15,0.27237046,-0.0010224127,-0.060652077,0.021899259,0.06686269,0.3927948
2023-09-18,0.2642609,-0.14152136,-0.07737596,0.29155344,0.31803647,-0.2480447
2023-09-19,-0.48141056,-0.23849073,-0.21502872,-0.4292869,-0.052042264,0.121435665
2023-09-20,-0.19744486,-0.051339734,0.06236024,-0.29844195,-0.14283843,-0.045622706
2023-09-21,0.11754106,0.08817063,-0.07056203,-0.10039023,0.07167669,0.0026147186
2023-09-22,0.31891546,0.22840564,0.12954263,0.36629686,0.21191621,-0.06379692
2023-09-25,-0.25411683,-0.46783194,-0.5579116,-0.32731622,-0.4930663,0.23587017
2023-09-26,-0.17949413,-0.17944482,0.0057864636,0.15693209,0.095046975,-0.45222697
2023-09-27,-0.08003885,0.1997713,0.31526774,0.124146484,-0.014680426,-0.19781831
2023-09-28,-0.34516412,-0.14478555,0.062155474,-0.47791472,-0.38574257,-0.010366773
2023-10-09,0.06229193,0.070709884,0.13199791,0.08315895,0.12192396,-0.1319737
2023-10-10,-0.09461164,-0.23887706,-0.11206821,-0.1390666,-0.19500335,-0.5540763
2023-10-11,0.02955975,0.24792328,0.3000094,0.30097324,0.2382242,-0.44580612
2023-10-12,-0.28248915,-0.28516924,-0.49309605,-0.36645183,-0.5836399,0.083754
2023-10-13,0.024197076,0.043777358,0.015738416,-0.4835845,0.31273443,0.22781539
2023-10-16,-0.4630804,-0.4442049,-0.2903098,-0.54609865,-0.44857162,-0.36699873
2023-10-17,0.16385594,0.15201633,0.06703586,0.23641655,0.12993482,-0.0976574
2023-10-18,-0.20680141,-0.16969982,-0.3082822,-0.18290159,-0.37666,-0.14385495
2023-10-19,-0.34206158,-0.11016138,0.045494195,-0.116870806,-0.19894704,-0.0745521
2023-10-20,-0.19085592,-0.03797967,-0.08233194,-0.13277304,-0.0554788,0.17279863
2023-10-23,-0.033091575,-0.17395604,-0.29598102,-0.20467463,-0.5703121,-0.19804803
2023-10-24,0.06186328,0.12947132,0.2624081,0.18454917,0.1867769,-0.124499105
2023-10-25,0.07900596,0.24624522,0.19484472,-0.28889212,-0.077258706,-0.15746257
2023-10-26,-0.42052802,-0.13617463,-0.026198262,-0.34982708,-0.34943402,-0.47346935
2023-10-27,0.17590319,0.102153994,0.04559127,0.21778183,0.023492578,-0.16676302
2023-10-30,0.014552253,0.0031403482,0.063408695,-0.086618304,-0.080440104,-0.55148923
2023-10-31,-0.41566896,-0.42777935,-0.38697433,-0.127194,-0.27089822,-0.537152
2023-11-01,0.0111945765,0.1116911,0.06813201,0.12074325,0.09173035,-0.35068792
2023-11-02,-0.15949239,-0.2239779,-0.31051248,-0.272653,-0.22177401,0.13209131
2023-11-03,-0.024819177,0.03336515,0.053829394,0.123756565,-0.17430499,0.1487339
2023-11-06,0.11391469,-0.13967955,-0.24672654,-0.058642585,0.10018949,0.14044246
2023-11-07,-0.46745092,-0.3079607,-0.22128451,-0.27499172,-0.1722207,-0.18325011
2023-11-08,0.32815567,0.4493827,0.31431174,0.37037164,0.66477144,0.093972206
2023-11-09,-0.24734858,-0.25825563,-0.19359796,-0.30893844,-0.15838063,0.09964074
2023-11-10,-0.25500563,0.11260848,0.15930112,0.13694458,0.13326354,-0.30804005
2023-11-13,-0.46951532,-0.37057152,-0.19924203,-0.35305262,-0.1563334,-0.6270304
2023-11-14,-0.026120681,0.13549419,-0.109268166,0.113256834,-0.063019656,-0.28212622
2023-11-15,0.3255788,0.13707551,-0.028218541,0.3258893,0.38872415,-0.122165464
2023-11-16,-0.53820175,-0.09182952,0.1271962,-0.61092424,-0.22858146,-0.35449642
2023-11-17,-0.34769434,-0.22698398,-0.17354402,-0.17140827,-0.091347635,-0.3024784
2023-11-20,-0.3049415,-0.44163918,-0.43630275,-0.23682615,-0.3432557,0.025516968
2023-11-21,0.082787,-0.05599057,-0.22524491,-0.083294906,-0.17720027,0.32126737
2023-11-22,-0.097126834,-0.05808259,-0.13225244,-0.2155104,-0.31695515,0.338795
2023-11-23,-0.4113955,-0.34022504,-0.16675627,-0.07161077,-0.30490315,-0.02242707
2023-11-24,0.09976586,-0.113202974,-0.31823468,-0.31080788,-0.20514998,0.09791318
2023-11-27,-0.5509858,-0.38854867,-0.34765714,-0.4563838,-0.32247514,-0.4161667
2023-11-28,-0.0061375173,-0.010131353,0.18903649,0.07588328,0.07073046,-0.36370945
2023-11-29,-0.17430148,0.052549668,0.13827899,0.21285658,0.01739644,-0.39586717
2023-11-30,0.044387497,-0.06679853,-0.18757538,-0.0058484552,-0.014153654,0.26754403
2023-12-01,-0.51595366,-0.21881111,-0.15952404,-0.500648,-0.38505667,0.105127215
2023-12-04,0.24463038,0.26503086,0.2534882,0.37917197,0.09649032,-0.34999925
2023-12-05,0.11468215,-0.1732752,-0.283427,-0.057273947,-0.21666896,0.18726377
2023-12-06,0.10130856,0.01116403,0.030085796,0.31948453,0.019302603,0.04865655
2023-12-07,-0.528061,-0.40182105,-0.23376825,-0.45899543,-0.6023787,-0.27202657
2023-12-08,-0.06334405,-0.00029154122,-0.025564235,-0.118575715,-0.07848744,0.2996826
2023-12-11,-0.09758167,0.017787432,0.022626203,-0.06776744,0.04630222,-0.13198218
2023-12-12,0.16349892,-0.12121324,0.052676033,-0.17792356,-0.27802497,0.11386447
2023-12-13,-0.28797203,0.3696936,0.3286172,-0.2820649,0.05246975,0.19538872
2023-12-14,-0.30190772,-0.33431298,-0.31801695,-0.26609,-0.31630355,-0.048036367
2023-12-15,0.45936385,0.2968545,0.2175946,0.20794436,0.25994474,0.30794924
2023-12-18,-0.11114415,0.007842426,-0.06186428,0.043237485,-0.12666114,0.4695949
2023-12-19,0.19328092,0.20421092,0.059271775,0.054864787,0.001794535,0.27981162
2023-12-20,-0.3114624,-0.3226199,-0.3646928,-0.38828447,-0.18197712,0.23403506
2023-12-21,-0.46319127,-0.4446148,-0.35032493,-0.38624996,-0.47276312,-0.37392992
2023-12-22,0.3186217,0.37435493,0.36531147,0.41721106,0.38852018,0.33401957
2023-12-25,-0.42142916,-0.46197215,-0.36514533,-0.358333,-0.36143273,-0.6279453
2023-12-26,-0.4003663,-0.3909654,-0.43649498,-0.42141932,-0.58651394,-0.1944359
2023-12-27,-0.2726155,-0.24197559,-0.016372563,-0.116570875,0.21777801,-0.25144798
2023-12-28,-0.14229327,-0.11434138,-0.03489863,0.063587904,0.10597507,-0.3691628
2023-12-29,0.12777218,0.22667186,0.19360182,0.1739445,0.16353258,-0.16420805
2024-01-02,-0.19910038,0.071003474,0.1561031,0.16382512,0.20427664,-0.10397001
2024-01-03,-0.07711445,0.09985955,-0.02472499,-0.19464788,-0.0568403,0.18693502
2024-01-04,-0.41245264,-0.38119915,-0.37669516,-0.44760633,-0.38549227,-0.19195542
2024-01-05,0.35623053,0.21587262,0.23516497,0.01551916,0.21464527,0.45431584
2024-01-08,-0.33344373,-0.0866164,-0.19007146,-0.19720176,-0.18934381,-0.050661493
2024-01-09,0.073140614,0.14766492,0.115860865,0.23001926,0.029411212,0.047457866
2024-01-10,-0.018751347,-0.0910475,-0.11372908,-0.11808548,-0.14852068,-0.35194477
2024-01-11,0.19568904,0.04405282,-0.1007541,0.17654233,-0.16613469,0.13063648
2024-01-12,0.28582093,0.47830734,0.48206753,0.44335574,0.3294324,0.100727394
2024-01-15,0.20680273,0.2242001,0.1826919,0.31515604,0.3157544,-0.10408318
2024-01-16,0.1534049,-0.14266579,-0.17441554,-0.020485897,-0.059759617,0.1648002
2024-01-17,-0.06511687,0.14618614,0.24252224,0.07304186,0.129046,0.058491915
2024-01-18,-0.16918035,-0.28903484,-0.30508503,-0.11951125,-0.106084466,-0.3940913
2024-01-19,0.05695455,0.09143104,0.14341633,0.0458683,0.049666718,0.1353659
2024-01-22,0.2025505,0.39213368,0.3336683,0.35309148,0.25413418,0.1393569
2024-01-23,-0.16641192,-0.11003725,-0.12958312,-0.012533113,-0.111864045,-0.16949566
2024-01-24,-0.14732015,-0.15054163,-0.20029905,-0.28662103,-0.30212575,-0.15024412
2024-01-25,-0.034290157,0.07262634,0.1030702,0.22504759,0.06599521,0.07061178
2024-01-26,-0.26515335,-0.023184845,0.11132449,-0.038273383,-0.12042473,-0.10396306
2024-01-29,0.20890872,0.108687125,0.1377676,0.16336913,0.09618913,0.19004348
2024-01-30,-0.21268854,0.082815394,0.27233866,0.022531766,0.027503038,0.008245617
2024-01-31,-0.30367434,-0.03787797,-0.044726808,-0.1055728,-0.047873337,-0.12744313
2024-02-01,-0.07391885,0.0003378272,0.05855944,0.11060896,0.06400586,0.05024863
2024-02-02,-0.0574606,-0.070179746,-0.059551198,-0.09706999,-0.046535715,0.063691214
2024-02-05,-0.25034803,-0.2701875,-0.2962953,-0.21084508,-0.23330231,-0.32276216
2024-02-06,-0.258823,-0.069632664,-0.026484394,-0.26507628,-0.1162675,-0.18077019
2024-02-07,0.10369984,0.094495155,0.26817924,0.1355234,0.14975837,-0.19081713
2024-02-08,0.1676114,0.42512268,0.29953867,0.3704341,0.34268758,0.1626633
2024-02-19,-0.12378536,0.24985942,0.0665173,-0.14436972,0.059090156,0.1214837
2024-02-20,-0.21369234,-0.17259967,-0.23415872,-0.3356745,-0.18144935,-0.06603269
2024-02-21,0.22582316,0.3235904,0.21995616,0.21035466,0.17854397,0.20692225
2024-02-22,-0.28179592,-0.22419849,-0.15747789,-0.095768414,-0.010796118,-0.17815697
2024-02-23,-0.11335633,-0.09507431,-0.1553696,-0.12270949,-0.16986246,-0.2215657
2024-02-26,0.009356251,0.04894472,0.039645378,-0.19416828,0.0011649907,0.004829167
2024-02-27,0.093345836,0.0040574456,-0.024250725,-0.085521415,0.04987762,-0.09975077
2024-02-28,0.06941942,0.058588397,-0.015265344,0.18024588,0.022532228,-0.11837311
2024-02-29,-0.009468247,0.18678828,0.14840126,0.21590479,0.14620928,-0.041944653
2024-03-01,0.054000217,-0.027587462,0.033181608,0.032588966,0.073034264,-0.036286343
2024-03-04,0.008120539,0.021324823,0.05760721,0.16787305,0.034662046,-0.11402732
2024-03-05,-0.075429186,-0.03370265,-0.029054487,0.020683127,0.09883379,-0.36332318
2024-03-06,-0.11619202,-0.052364357,-0.054378342,0.06880064,-0.0015365302,-0.18183598
2024-03-07,0.29012197,0.34180343,0.41480246,0.32919958,0.11020507,0.1039394
2024-03-08,-0.3987608,-0.051103912,-0.009443566,-0.24050722,-0.116178215,-0.21124363
2024-03-11,-0.12579447,-0.27376193,-0.2429709,-0.02288697,-0.18404098,-0.07076596
2024-03-12,0.10646778,-0.010975694,-0.12483485,0.056372058,0.08666665,-0.29077658
2024-03-13,-0.15669356,-0.18474899,-0.057958364,-0.057812415,0.007759282,-0.4417382
2024-03-14,0.09573724,-0.056396127,-0.17158778,0.06514587,-0.03268072,-0.117330156
2024-03-15,-0.41145056,-0.32296187,-0.24783187,-0.37099084,-0.34786937,-0.33375847
2024-03-18,-0.0858647,-0.16564786,-0.092022106,-0.2288825,-0.21076873,-0.22811516
2024-03-19,0.012094546,-0.03519326,-0.08105363,-0.19819121,-0.07203704,0.10761394
2024-03-20,-0.16552427,-0.11000542,-0.15364246,-0.15806907,-0.19975677,-0.13351364
2024-03-21,0.124897085,-0.15893956,-0.16357246,-0.08721799,-0.15145095,0.07901517
2024-03-22,-0.35760513,-0.23398817,-0.21455836,-0.3005158,-0.0623646,-0.3565016
2024-03-25,0.23297825,0.17868257,0.26781568,0.13953033,0.09122125,0.11778283
2024-03-26,-0.34786934,-0.4070981,-0.33884645,-0.28116387,-0.39056233,-0.20448203
2024-03-27,-0.07705216,-0.008553979,-0.07186043,0.032900613,-0.11073659,-0.22174463
2024-03-28,-0.044149987,0.11348889,0.16118994,0.116380885,0.17045076,0.015125146
2024-03-29,-0.030940678,-0.19183905,-0.2547092,-0.2203623,-0.25531444,-0.18654041
2024-04-01,0.19023368,-0.0012283623,-0.074174486,-0.018119242,-0.13356574,0.11980228
2024-04-02,0.06503328,0.066878214,0.069494165,-0.08957125,0.05468025,0.14804013
2024-04-03,-0.16721901,-0.16393712,-0.22657554,0.09888498,0.011892472,0.050331373
2024-04-08,0.37980187,0.39797187,0.2745705,0.19269548,0.12170686,0.08510388
2024-04-09,-0.058454286,-0.107808135,-0.19502297,-0.29191965,-0.33066493,0.089834794
2024-04-10,-0.14303738,-0.21584086,-0.20894799,-0.30931872,-0.15878202,0.1697166
2024-04-11,-0.025671815,0.17707089,0.12151885,-0.073767506,0.07201357,-0.086003505
2024-04-12,-0.13661553,-0.050158538,-0.07177992,-0.23670216,0.080866694,0.041055553
2024-04-15,-0.02134806,0.020988673,-0.15229593,-0.070687935,-0.18187697,-0.038365513
2024-04-16,-0.21408,-0.05534606,-0.18109706,-0.1423637,-0.13188414,-0.2795151
2024-04-17,0.083211005,-0.0024525702,0.09886323,-0.06268601,-0.028288955,-0.052323323
2024-04-18,0.2182358,0.092285134,0.079156116,0.14631133,0.21185096,0.3096069
2024-04-19,-0.1591237,0.00010010153,0.04555578,-0.10295139,-0.07407524,0.059899814
2024-04-22,0.12468417,0.18902108,0.20787323,0.1504173,-0.14754996,0.014436098
2024-04-23,-0.2906472,-0.22937973,-0.15227565,-0.21008262,-0.032040395,-0.14292938
2024-04-24,-0.24629025,-0.12526599,-0.045373015,-0.008269192,-0.0006895151,-0.057866205
2024-04-25,0.0813856,0.05635925,0.043870512,0.038706567,0.087877944,-0.29629028
2024-04-26,-0.012334001,-0.035481572,0.016999174,0.083080575,-0.10084852,-0.2972334
2024-04-29,0.058558244,0.20804694,0.19601019,-0.05160265,-0.16470556,-0.12144544
2024-04-30,0.34851247,-0.31448585,-0.35150948,-0.17663169,-0.037525237,0.26738554
2024-05-06,0.22263098,0.010579054,-0.044893373,0.14255168,0.25376898,0.06642096
2024-05-07,-0.23323743,-0.29699716,-0.1476783,0.03759626,-0.05435087,-0.24284759
2024-05-08,0.04840821,0.066406965,0.03494285,-0.056084353,-0.036990784,0.07948057
2024-05-09,0.011400017,-0.029977322,0.049646076,-0.17977116,-0.07225539,0.080785856
2024-05-10,-0.18352465,-0.20926829,-0.21655074,-0.24581793,-0.24619243,-0.042285305
2024-05-13,-0.020513311,-0.030625667,0.115777455,-0.1647891,-0.06531994,-0.19241528
2024-05-14,-0.36510238,-0.41841477,-0.28963262,-0.078128345,-0.15385112,-0.20140596
2024-05-15,0.16670728,0.30486435,0.27683344,-0.0015495613,0.29692417,0.22551064
2024-05-16,0.16932178,0.039987437,0.24440031,0.22272167,0.33545858,-0.12820426
2024-05-17,-0.059479736,0.042210013,-0.001394479,0.03309748,0.037610568,-0.16008036
2024-05-20,-0.17677335,-0.07852639,-0.03029919,0.16027218,0.19369945,-0.23703392
2024-05-21,-0.005614163,-0.07271153,-0.19572812,-0.17654887,-0.14100981,0.005546806
2024-05-22,0.039873715,0.16387686,0.12534909,-0.13663754,-0.13420932,0.5316617
2024-05-23,0.03037799,0.30815145,0.17139767,0.23297338,0.24305272,0.089617535
2024-05-24,0.26777253,0.22935987,0.18347076,0.28520924,0.30415717,0.2425749
2024-05-27,-0.19211432,-0.29376322,-0.22897394,-0.4033677,-0.46795797,-0.033032097
2024-05-28,0.100320294,0.22435573,0.32257733,0.13294943,0.2986558,0.04734103
2024-05-29,0.30242977,0.044232596,-0.00094423594,0.023765285,0.16183779,0.2930748
2024-05-30,0.0834872,0.006614658,0.11211972,0.10247729,0.22837937,0.21098535
2024-05-31,0.17425138,0.04628174,0.076805025,0.2399977,0.26388007,0.1562459
2024-06-03,0.3400904,0.33832604,0.31637484,0.24965009,0.22088823,0.33529043
2024-06-04,0.12756385,0.1419453,0.1099574,0.06475828,-0.20116925,0.120567635
2024-06-05,0.14485404,0.32706183,0.28005347,0.40080777,0.3412509,-0.03913333
2024-06-06,0.1559002,0.018801223,-0.034696467,0.27068612,0.18596205,0.21748133
2024-06-07,0.10777142,0.0538615,0.022534356,-0.13867524,-0.040566776,0.023961853
2024-06-11,-0.15445045,-0.10094347,-0.052980952,-0.08141105,0.26010847,0.007538968
2024-06-12,-0.29766977,-0.065141104,0.03626401,-0.17119683,-0.2264519,-0.22360711
2024-06-13,-0.009484935,-0.14427881,-0.14420734,0.186804,0.15544356,-0.4232204
2024-06-14,-0.005297722,-0.0720285,-0.02131767,-0.0771592,-0.16836149,-0.20816159
2024-06-17,-0.093326114,0.10095205,0.2143765,-0.0065192194,0.18923856,0.079532266
2024-06-18,0.107965805,-0.013073325,-0.2735928,0.15376632,0.09152956,0.25535923
2024-06-19,0.0297809,-0.15774772,-0.1636531,-0.06793028,-0.27863774,0.24266887
2024-06-20,-0.04050852,0.058990978,0.056622226,-0.11112394,0.23795862,-0.10991601
2024-06-21,-0.27675992,-0.01728544,0.0081719905,-0.28574952,-0.18602921,-0.031697933
2024-06-24,-0.08921164,-0.331896,-0.26064897,-0.034642585,0.12381736,-0.32254672
2024-06-25,-0.04496837,0.09662582,-0.03760572,0.086240515,-0.04904238,-0.08393999
2024-06-26,-0.22326756,-0.1597841,0.12472131,0.04163572,-0.11288581,-0.38264886
2024-06-27,-0.038732845,-0.087799944,-0.026018744,0.025285045,0.06878768,-0.120580815
2024-06-28,0.19884622,0.23716323,0.19996078,0.16179445,0.16242354,-0.004033816
2024-07-01,-0.32188916,-0.3698166,-0.41422296,-0.30906945,-0.60660595,0.046201836
2024-07-02,-0.02500988,-0.28706616,0.006314285,0.08291038,-0.12917596,-0.40963
2024-07-03,-0.06838314,-0.10373405,-0.0050943466,0.20304784,0.18447547,-0.17502627
2024-07-04,-0.1456226,0.07525051,0.17912266,0.04255636,0.043084048,0.1121335
2024-07-05,-0.4167338,-0.020376189,0.114803076,-0.30364844,-0.1302371,-0.38130513
2024-07-08,0.03758928,0.23413491,0.13852637,0.1610008,0.1683232,-0.11779753
2024-07-09,-0.3282312,-0.37448123,-0.30787528,-0.30675083,-0.004163301,-0.38523817
2024-07-10,0.116701566,0.11078425,0.08982835,0.05436766,0.21877904,-0.0861312
2024-07-11,0.015201146,-0.013852718,0.0014495179,0.013718432,0.13846627,-0.27634907
2024-07-12,-0.020000588,-0.17078277,-0.26030767,-0.23448586,-0.12099673,0.05158037
2024-07-15,-0.064307526,-0.0358478,0.02299549,-0.05741725,-0.102108695,-0.01796026
2024-07-16,-0.07567027,-0.3374763,-0.29156756,-0.2697373,-0.045814123,-0.033620663
2024-07-17,-0.07257186,-0.24957581,-0.1856111,-0.16865546,-0.14267488,-0.21459484
2024-07-18,-0.18236077,-0.2749841,-0.2197719,-0.2100449,-0.36401,-0.18761809
2024-07-19,-0.1343259,0.061348595,0.113650545,-0.070305675,0.058873452,-0.2925523
2024-07-22,-0.3233378,0.023674455,-0.003274624,-0.024404256,-0.024036974,-0.28039473
2024-07-23,-0.04385609,-0.057742286,-0.094895124,-0.07870462,-0.017423395,0.088999905
2024-07-24,-0.24730317,-0.052207418,-0.10201736,-0.06510775,0.11402353,-0.204142
2024-07-25,0.01693233,0.24125728,0.17824896,0.30738038,0.19732681,-0.2816332
2024-07-26,-0.024444798,0.017975453,0.11663,0.22970712,0.029045815,-0.07017707
2024-07-29,0.021447426,-0.017973077,0.07875293,0.03537617,0.06058528,-0.08259697
2024-07-30,-0.29659587,-0.15268175,-0.1030462,-0.1913657,0.02408558,-0.1509724
2024-07-31,0.109266296,-0.07214328,-0.093867846,0.047218718,0.0958848,-0.08893607
2024-08-01,-0.14102316,-0.30389363,-0.19943514,-0.066134505,-0.15643224,0.008836719
2024-08-02,-0.11107973,0.13728455,0.13035679,-0.068648696,-0.11152442,-0.0178651
2024-08-05,0.099151395,0.10833645,0.0036702366,0.12572081,-0.007741979,-0.031490125
2024-08-06,-0.08466655,0.059418023,0.0027525933,0.09875591,0.18446745,-0.14676192
2024-08-07,-0.016803209,0.021637907,-0.12122315,-0.18056233,-0.08953672,-0.0324656
2024-08-08,0.0937572,0.22169295,0.15091018,0.18534036,0.078566216,0.048081685
2024-08-09,0.0935999,0.075958624,0.097194694,0.07604371,0.30070707,-0.004907438
2024-08-12,0.106586315,0.034381784,0.21512727,0.07243285,0.01384365,-0.017310217
2024-08-13,-0.23503157,0.010423338,-0.010565396,0.13646661,-0.011747,-0.09127381
2024-08-14,0.021427285,0.027323574,-0.03599269,0.027275885,0.1657433,-0.012024039
2024-08-15,0.13007157,0.16783457,0.25868836,0.13614479,0.15097733,-0.0022799433
2024-08-16,-0.13863322,-0.10078551,0.010142097,-0.07972455,-0.100572065,0.10125655
2024-08-19,-0.082729205,0.00016173422,0.09264917,0.04946035,0.115031816,-0.0076391967
2024-08-20,-0.16734713,-0.027387846,-0.006685689,-0.016061008,-0.0119857015,-0.062499266
2024-08-21,-0.074209616,0.05614394,0.018872863,0.06511703,0.13525382,-0.080245465
2024-08-22,-0.13950333,-0.052502383,-0.015320813,-0.13874336,0.08876237,0.028443065
2024-08-23,-0.21790674,-0.07906196,0.0036742152,-0.089199856,-0.21985455,-0.10404931
2024-08-26,-0.4156507,0.0792159,-0.05272944,0.04498924,-0.1930056,-0.051208384
2024-08-27,-0.23961934,-0.15367496,-0.26431835,-0.22084077,-0.34061828,-0.16944206
2024-08-28,-0.32319412,-0.045568753,-0.22744565,-0.296179,-0.24888527,0.07856499
2024-08-29,-0.0423728,-0.04569189,0.114152625,-0.045036517,0.010732162,-0.17240845
2024-08-30,0.06485014,0.06696412,0.06930262,0.091381714,-0.002673267,0.057184584
2024-09-02,-0.18664725,-0.1503928,0.020348947,-0.13901109,-0.015915759,-0.039019324
2024-09-03,0.047535,0.0779634,0.037768207,-0.0047593983,-0.1590387,-0.2815022
2024-09-04,0.1923377,0.23913285,0.24157956,0.06272733,0.15126923,0.082946055
2024-09-05,-0.26210806,-0.059277467,0.018292546,-0.07541802,-0.073801234,-0.1701231
2024-09-06,0.25526184,0.13711444,0.16703269,-0.011656026,0.11961893,0.31375176
2024-09-09,-0.31899908,-0.09018946,0.09133889,-0.08087615,-0.29736504,-0.0404362
2024-09-10,-0.17180943,-0.21695432,-0.27971467,-0.1142498,-0.14790694,-0.33500245
2024-09-11,-0.01533403,-0.0059984503,0.01083619,-0.028161844,0.0064139604,-0.17234477
2024-09-12,-0.23004997,-0.042583086,0.058370054,0.16827919,-0.016651813,-0.3662755
2024-09-13,0.1202055,-0.0025925697,0.030886058,-0.00041584967,-0.17316088,0.18971375
2024-09-18,-0.32522482,-0.25034747,-0.1480932,-0.34442306,-0.2041609,-0.11617009
2024-09-19,0.26226068,0.16717546,0.101846576,0.22798693,0.24225073,0.07452626
2024-09-20,0.0515773,0.06421925,-0.038578056,-0.02369904,-0.124845386,0.27238938
2024-09-23,0.02881677,0.025028724,-0.064769045,0.09363653,-0.13219026,-0.19673285
2024-09-24,0.07637777,-0.07275855,-0.043961022,0.38785118,0.12311034,-0.03823326
2024-09-25,0.44510984,0.5123412,0.55820286,0.50037813,0.38106292,0.46502528
2024-09-26,0.23926921,0.06787553,0.25779572,0.21359177,0.09963284,0.0884706
2024-09-27,0.19222577,0.09907607,0.046836834,0.09887217,-0.06467014,0.31310818
2024-09-30,-0.16668358,-0.027386373,-0.036151,0.009535564,0.048482608,-0.19123551
2024-10-08,0.19824296,0.2388308,0.19477978,0.21006036,0.25359064,0.31769547
2024-10-09,-0.25323313,-0.20037493,-0.28062376,-0.34443122,-0.2219952,-0.3053094
2024-10-10,0.07700783,0.14753807,0.19844799,0.012566797,0.11533574,0.15646784
2024-10-11,0.02076948,0.081645206,0.029039675,-0.0735149,-0.28987283,0.14018765
2024-10-14,-0.02913115,-0.06683557,0.053454865,0.041411273,-0.034052636,-0.10144444
2024-10-15,0.42575103,0.4152066,0.40303057,0.41990304,0.3157412,0.46171165
2024-10-16,-0.00779081,-0.0063276053,-0.051742632,0.018839097,-0.071916945,-0.13613884
2024-10-17,0.25449055,0.22163264,0.26008835,0.17186734,0.18214577,0.14227727
2024-10-18,0.078880146,0.15165243,0.04077978,0.35604182,0.21512835,-0.18618645
2024-10-21,0.008107577,0.09013591,0.12041905,0.10863278,0.32566842,-0.014765116
2024-10-22,-0.052305102,-0.036069848,-0.055978894,-0.16495663,-0.0712934,-0.09013167
2024-10-23,0.22403531,0.174327,0.23952952,0.21971457,0.14260723,-0.11450739
2024-10-24,-0.1265591,-0.28044698,-0.14461668,-0.10584863,0.14755885,-0.2020324
2024-10-25,-0.09389026,-0.16570467,-0.09819798,0.11776902,-0.14375336,-0.17817874
2024-10-28,-0.34673452,-0.16054764,-0.10917721,-0.23359933,-0.16169856,-0.16916552
2024-10-29,0.08544359,0.13723835,0.21478555,-0.046315033,0.36691403,-0.08860384
2024-10-30,-0.026675608,0.17254141,0.2588871,0.05655091,0.15059732,-0.097026154
2024-10-31,0.1813874,0.026278576,-0.0055446536,0.17802754,0.06424332,0.005560722
2024-11-01,0.09545778,0.06034516,-0.07612689,0.052556463,0.08159706,-0.04451447
2024-11-04,-0.052237768,-0.07254521,-0.023939589,-0.037353016,0.29281318,-0.04510349
2024-11-05,0.16058984,0.057157915,0.16972367,0.07796844,0.08473077,0.24510439
2024-11-06,0.21163483,0.2644162,0.16648069,0.2899415,0.21067134,-0.09266947
2024-11-07,0.06585319,0.16551259,0.06551645,-0.011732727,0.011825171,0.023771416
2024-11-08,0.048998777,0.08076097,0.12683079,-0.0046668174,0.30567998,-0.046326116
2024-11-11,-0.02515762,-0.15246303,-0.07137213,0.08915974,0.07443676,-0.17850868
2024-11-12,-0.06502833,-0.03207361,-0.04823637,0.05244435,0.10416336,-0.12611529
2024-11-13,-0.09154227,-0.1715702,-0.027938057,-0.26269874,-0.14633542,-0.059457935
2024-11-14,0.37041098,0.25778657,0.23850536,0.2842165,0.20141168,0.2692419
2024-11-15,0.260664,0.23091236,0.257546,0.21389008,0.25228843,0.21534565
2024-11-18,0.14470735,0.024325434,-0.023844287,0.021377971,-0.10277794,0.07727035
2024-11-19,-0.19561112,-0.22610882,-0.079743415,0.018503558,-0.12292471,-0.06098025
2024-11-20,0.051698785,0.15131474,0.15624177,0.23510797,0.14601274,-0.19630858
2024-11-21,-0.16856924,-0.17267314,-0.10293162,-0.02615348,-0.08176018,-0.3885191
2024-11-22,0.3719925,0.32040882,0.3358179,0.38936526,0.3471952,0.39870125
2024-11-25,0.064613275,-0.120330974,-0.09118028,-0.1789325,-0.33736524,0.12641735
2024-11-26,0.13230982,0.18349877,0.18479414,0.099225044,0.23064165,0.13497151
2024-11-27,-0.13618709,-0.14039925,-0.16767344,-0.023717716,-0.02679356,-0.16669789
2024-11-28,-0.0918692,-0.19626027,-0.20227826,-0.09519517,-0.14009798,-0.05518798
2024-11-29,0.14336982,0.15617882,0.024792463,0.28370363,0.15266812,0.017565483
2024-12-02,-0.06266776,-0.114971414,-0.0704236,-0.08931159,0.11020072,-0.09808774
2024-12-03,-0.24170606,-0.18620427,-0.28295895,-0.35309577,-0.31849423,0.13697875
2024-12-04,0.033927478,-0.018720288,0.05476585,0.21651864,0.08149161,0.105509676
2024-12-05,-0.12862614,-0.004602319,0.032860804,-0.02722171,-0.09824501,0.030802542
2024-12-06,0.113264605,0.13826002,0.036326747,0.20558098,0.158144,0.09665903
2024-12-09,0.15090522,0.3459046,0.19290824,0.080954276,0.022108424,0.20846681
2024-12-10,0.30802014,0.20580001,0.21552463,0.3426749,0.26346087,0.3048289
2024-12-11,0.008396575,0.076341435,-0.009467625,0.17188591,0.20197055,-0.14796808
2024-12-12,0.009197208,-0.22892627,-0.14582129,-0.085952066,-0.22672935,-0.09650846
2024-12-13,-0.09093015,-0.19401456,-0.024883633,-0.17371425,-0.17459288,-0.025096517
2024-12-16,0.00791561,-0.034456052,0.1168648,0.05058081,-0.052391976,0.32445133
2024-12-17,-0.31828362,-0.1979157,-0.13992746,-0.29781714,-0.3245155,-0.24425682
2024-12-18,-0.11186671,-0.011943145,0.021178778,-0.09424123,0.01824219,0.30517024
2024-12-19,-0.26871657,-0.40664205,-0.42644772,-0.29563388,-0.15866108,-0.065166764
2024-12-20,0.2721812,0.122792825,0.10161521,0.24350381,0.16392085,0.29579312
2024-12-23,0.2828973,0.11696045,0.20889822,0.23536876,0.20238969,0.2780618
2024-12-24,0.025860596,-0.022625256,-0.008099729,-0.014333045,-0.029538948,-0.0011700854
2024-12-25,0.098670356,0.041788884,-0.19174889,-0.16716373,0.05245463,-0.06887587
2024-12-26,-0.015673783,0.09119493,0.040083364,0.09817,-0.049520154,0.083155945
2024-12-27,0.13817716,0.36119974,0.28321964,0.2863658,0.3141253,-0.26220894
2024-12-30,-0.08818273,0.016439768,0.12211754,-0.028633278,0.07782565,-0.087416336
2024-12-31,0.21491079,0.14000955,0.039005276,0.22697532,0.024780272,0.10879715
2025-01-02,-0.49903697,0.036425866,0.22890702,-0.12747008,-0.37372446,-0.0065051513
2025-01-03,0.16203852,0.12122305,0.16185765,0.05586627,0.03942915,0.09359922
2025-01-06,0.11955867,0.265284,0.34908167,0.12604117,0.1673626,0.3218383
2025-01-07,-0.26912802,-0.37893167,-0.3995886,-0.49147964,-0.057925284,-0.5650052
2025-01-08,-0.2769093,-0.48532265,-0.5462248,-0.47579637,-0.3306703,-0.17767718
2025-01-09,0.09128049,0.15095897,0.18917327,0.08988257,0.19612104,0.09092645
2025-01-10,0.27995968,0.45988178,0.470498,0.36620858,0.52827275,-0.29468712
2025-01-13,-0.023364902,0.10498331,0.16674414,0.19072089,0.059363086,-0.578673
2025-01-14,0.4135275,0.41418546,0.44135982,0.38622496,0.3528575,0.3864945
2025-01-15,0.5745823,0.32478482,0.2450358,0.26327896,0.55194557,0.14064851
2025-01-16,-0.18320987,-0.114882074,-0.18435976,-0.31271556,-0.16713488,0.36323875
2025-01-17,0.109026924,-0.17853478,-0.19886026,-0.08071406,-0.23127511,0.11737485
2025-01-20,0.084000945,0.21682112,0.23627777,0.15943225,0.17808424,0.3634034
2025-01-21,0.2369998,-0.10796944,-0.18162808,-0.008729141,0.15236056,0.18010885
2025-01-22,-0.3327152,-0.32221913,0.060604315,-0.3602468,-0.19115414,-0.28726557
2025-01-23,0.38346893,0.5020548,0.49584022,0.36034462,0.6141435,0.32707173
2025-01-24,0.1984332,0.26736546,0.05263238,0.42656136,0.27584344,-0.053622775
2025-01-27,-0.07858255,0.034898166,0.09922067,-0.02534228,0.12871268,0.21275899
2025-02-05,0.22978802,0.4493299,0.46052465,0.43305865,0.51188546,-0.3864773
2025-02-06,0.21836379,0.2753816,0.23449941,0.31079262,0.31133437,-0.34370074
2025-02-07,0.4903164,0.5492136,0.536814,0.53024876,0.54873884,0.36417803
2025-02-10,0.0731232,-0.26781362,-0.3516932,-0.18011735,-0.23388931,-0.1985228
2025-02-11,-0.109768294,-0.09439935,0.002696237,0.14478387,-0.10676986,-0.22190154
2025-02-12,-0.05916048,0.09464335,0.13803571,0.07019942,-0.121439695,-0.15657218
2025-02-13,0.14280643,-0.21059899,-0.038519412,0.026068065,-0.077397816,0.2629674
2025-02-14,0.09277661,-0.040424235,-0.16471148,0.04346954,-0.090253755,-0.10851638
2025-02-17,0.15143299,0.49875528,0.48412576,0.4693378,0.16517533,-0.2934813
2025-02-18,0.27433783,0.025905391,-0.071295805,-0.02188304,-0.0906971,0.46757135
2025-02-19,0.21748129,0.17203948,0.057680644,0.17156546,0.27840745,-0.25668034
2025-02-20,-0.31082344,-0.18524186,-0.1265341,-0.33103865,-0.3133196,-0.013322401
2025-02-21,0.0042562126,0.00023519396,0.04946054,0.17603238,0.42312723,-0.3499505
2025-02-24,0.30671182,0.2639882,0.33701485,0.25527936,0.102356926,-0.32568368
2025-02-25,0.25282508,0.35481828,0.33683723,0.28669152,0.3635078,0.20011234
2025-02-26,-0.13805726,0.044490326,0.006101425,0.0399033,0.24118395,-0.2053918
2025-02-27,-0.29310971,-0.48184425,-0.36121538,-0.39517513,-0.27812344,-0.026827356
2025-02-28,-0.29850858,-0.3390996,-0.31819302,-0.36319834,-0.26867568,-0.41320363
2025-03-03,0.56180066,0.54241127,0.47521526,0.43609396,0.52565014,0.06751681
2025-03-04,0.13248587,0.058791585,0.10156554,-0.24993315,-0.31093583,0.14879753
2025-03-05,-0.12981871,-0.5278322,-0.5088091,-0.44691044,-0.44460326,-0.083076835
2025-03-06,0.16143946,0.11533941,0.11540495,0.07974866,0.22660594,0.028940266
2025-03-07,0.04898859,0.3997509,0.46530676,0.08045833,0.37691364,0.33221093
2025-03-10,-0.6467734,-0.44623718,-0.35973507,-0.47435427,-0.6752862,-0.17099431
2025-03-11,0.099656045,0.073237725,0.03644035,0.10901985,-0.25506192,-0.003807041
2025-03-12,0.13086396,0.13064268,0.25498095,0.1258743,0.47761363,-0.1481479
2025-03-13,0.2312645,-0.16813113,-0.2755307,-0.21772926,-0.25212643,0.2587817
2025-03-14,0.26416668,-0.0056958734,-0.0659828,0.25595203,0.17052461,0.21517375
2025-03-17,-0.16205825,0.04280792,0.26384187,-0.14766154,-0.3512783,0.21568076
2025-03-18,-0.1102771,0.10847409,0.07636563,-0.42387047,-0.04599157,-0.13860181
2025-03-19,-0.12242009,0.0023818284,0.22584303,0.19817099,-0.060536604,-0.14756215
2025-03-20,-0.2722636,0.4926545,0.48755044,0.21851465,0.3326367,-0.35390294
2025-03-21,-0.23713644,0.12349658,0.078182064,-0.20108195,-0.09101151,-0.04457265
2025-03-24,-0.02153705,-0.23432021,-0.2937084,-0.28575245,-0.30336255,-0.17562334
2025-03-25,-0.27082103,-0.04971999,0.0020428002,-0.3624659,-0.12528448,0.005204284
2025-03-26,0.49562025,0.277771,0.2733361,0.411946,0.12404801,-0.018408626
2025-03-27,0.33903593,0.36424616,0.37959725,0.31510165,0.23817432,0.17606845
2025-03-28,-0.3824892,-0.426258,-0.34126168,-0.3713593,-0.39129192,-0.45390588
2025-03-31,0.09669499,-0.5795039,-0.49285775,-0.40944973,-0.63420004,0.26859617
2025-04-01,0.3662513,0.46401238,0.41979688,0.520109,0.38487753,-0.02701087
2025-04-02,0.38400188,0.3466501,0.31782794,0.24762964,0.26954412,0.39678895
2025-04-03,0.0820279,-0.15228713,-0.26927632,-0.05449004,-0.22647452,0.064978056
2025-04-07,-0.43649173,-0.5140443,-0.5321955,-0.3224172,-0.37038022,-0.41868338
2025-04-08,0.23539045,-0.0049266936,-0.08030952,-0.05398976,0.08180872,0.36165905
2025-04-09,-0.008072397,0.20575964,0.22153321,0.19779922,0.2086422,0.015443685
2025-04-10,0.36013818,0.4736269,0.47854882,0.6180607,0.39960867,0.35719866
2025-04-11,-0.2222362,-0.33368015,-0.21901429,-0.22672012,0.08018828,-0.38524348
2025-04-14,0.5140401,0.2901973,0.26907325,0.25206783,0.28033838,0.15031949
2025-04-15,-0.039672863,-0.26057118,-0.28578573,-0.21239035,-0.33664232,0.05415814
2025-04-16,-0.38349438,-0.36992368,-0.41900024,-0.37709385,-0.25475168,-0.38249248
2025-04-17,-0.22411942,0.40573573,0.38790187,0.17971352,0.26442897,-0.10641806
2025-04-18,-0.60650384,-0.6382691,-0.6067258,-0.68987405,-0.5481793,-0.383224
2025-04-21,-0.052496452,-0.16541722,-0.14217696,-0.14336534,0.23310308,0.15998468
2025-04-22,-0.2230216,-0.3504354,-0.34517366,-0.5353158,-0.5480354,0.14281687
2025-04-23,-0.41855508,-0.4057447,-0.31604427,-0.41194504,-0.25863534,-0.4025917
2025-04-24,0.3104318,0.28079653,0.30861276,0.5481828,-0.12873879,0.19208404
2025-04-25,0.26888922,0.22238083,0.10332601,0.17896068,0.19103153,0.17860247
2025-04-28,0.12263882,-0.101811096,-0.22969389,0.12775569,0.01643467,-0.08421845
2025-04-29,-0.04080416,-0.038639624,-0.13112059,0.054625146,-0.01713054,0.49373835
2025-04-30,-0.23971906,-0.06859244,0.2233918,-0.12789446,-0.1156991,-0.23002115
2025-05-06,-0.09537576,0.30890998,0.29827672,0.32053858,-0.107627966,-0.2726334
2025-05-07,-0.33888406,-0.4146382,-0.40003562,-0.43440658,-0.38373476,0.16018288
2025-05-08,0.034674097,0.0051241545,0.18579082,0.117579676,-0.04858464,-0.05149595
2025-05-09,-0.36060756,-0.4434413,-0.5468453,-0.5067228,-0.5681346,0.002510673
2025-05-12,0.17488383,0.29434612,0.3059044,-0.114855506,-0.12095036,0.21685345
2025-05-13,0.059506904,-0.13980228,-0.18638793,-0.13731205,-0.120309114,0.15831956
2025-05-14,0.19195683,-0.4139072,-0.55717725,-0.31698656,-0.57674384,0.16275637
2025-05-15,0.0056213094,0.016730342,0.003491953,-0.09578143,-0.29902562,0.1233829
2025-05-16,-0.516091,-0.3586398,-0.021423265,-0.004404807,-0.46138144,-0.60436714
2025-05-19,-0.5052929,-0.3825797,-0.36678648,-0.388284,-0.42232823,0.036955155
2025-05-20,0.07450135,-0.010801422,-0.060322203,0.13869092,0.018385302,-0.35953644
2025-05-21,0.29352206,-0.26517758,-0.21716385,0.07913789,-0.50275123,0.31516775
2025-05-22,0.37556833,0.28208205,0.31525898,0.44364414,0.2039822,0.17156425
2025-05-23,0.2868708,0.23914114,0.15798616,0.32768828,0.11902712,-0.103379324
2025-05-26,0.216109,0.21204539,0.11419624,-0.22807531,0.0052613406,0.3618906
2025-05-27,-0.62069106,-0.533867,-0.34300572,-0.5872941,-0.47914568,-0.5425346
2025-05-28,0.21124053,0.049874064,0.012026477,0.40977818,0.12849703,-0.061707515
2025-05-29,0.17631902,0.09173556,0.04465919,0.20828708,0.25901443,0.06473003
2025-05-30,-0.5615697,-0.122224376,-0.20887089,-0.14830086,-0.15602407,-0.048422508
2025-06-03,0.23276544,0.09946306,0.106662795,0.17617658,0.2891739,0.087959245
2025-06-04,0.12696162,0.19747728,0.18275985,0.26702327,0.38657385,-0.0879647
2025-06-05,-0.29507983,0.2622714,0.1908111,0.3045228,0.31083423,-0.5030899
2025-06-06,0.028487641,0.09068636,0.2582515,0.08357024,0.15665153,0.0058726906
2025-06-09,0.28775018,0.07404636,0.094654515,0.555296,0.18781386,0.15007547
2025-06-10,0.22654721,-0.15508954,-0.35271052,0.022643518,-0.3947955,0.39499918
2025-06-11,0.13597277,0.010879588,0.21432967,0.09417333,0.263107,0.09561132
2025-06-12,0.067294374,0.057914846,0.22399752,0.46502995,0.27996224,-0.19784869
2025-06-13,-0.41335145,-0.4882183,-0.32966733,-0.34440526,-0.562546,-0.39947057
2025-06-16,-0.043287195,0.0055214493,-0.020317081,0.121205315,-0.2547392,-0.30505902
2025-06-17,-0.25440794,-0.033592813,0.07796915,0.20245214,-0.63014317,0.074721105
2025-06-18,-0.6045412,-0.6165435,-0.57398444,-0.4984738,-0.44325852,-0.6305934
2025-06-19,-0.3356209,-0.39529157,-0.06568734,-0.23007198,0.18289864,-0.5401031
2025-06-20,0.0022755652,0.03382474,-0.10691357,-0.23322968,-0.091342755,0.25899106
2025-06-23,-0.046373542,-0.22135767,0.109512605,-0.24004452,0.25389132,-0.2188309
2025-06-24,0.35322517,0.19287209,0.2570023,0.095742665,0.17769349,0.22011307
2025-06-25,0.032952238,0.2562925,0.06887474,0.2543962,0.08944701,-0.31412992
2025-06-26,0.35438806,0.5034721,0.46078318,0.3725589,0.57595515,0.0048069833
2025-06-27,0.5951755,0.4822697,0.52581877,0.559274,0.48912758,0.42405963
2025-06-30,-0.26569188,0.27754658,0.21411285,0.2888762,0.298837,-0.509737
2025-07-01,0.14343017,-0.2381757,-0.42966932,-0.34568304,-0.18829301,0.10166351
2025-07-02,-0.13307047,0.13092093,-0.16260965,-0.25112417,-0.50848705,0.2925331
2025-07-03,-0.3755661,-0.61622214,-0.62559766,0.109712735,-0.46147847,-0.5885831
2025-07-04,0.1655995,0.29582727,0.1757077,0.38821658,-0.12533231,0.24599648
2025-07-07,-0.20500223,-0.22418515,0.03160329,-0.54717845,-0.25849572,-0.10872842
2025-07-08,-0.07630871,0.2014369,0.080885,0.2795731,0.17636682,-0.5716462
2025-07-09,0.4416042,0.12336159,0.2895511,0.38284105,-0.19628696,0.094664596
2025-07-10,-0.18795994,-0.32037133,-0.22938998,-0.57742536,-0.32992512,0.16240631
2025-07-11,0.4768235,0.27901265,0.24046755,0.31532082,0.16573535,0.40343398
2025-07-14,0.3596746,-0.05208499,-0.074214794,-0.3054382,0.10670636,0.120061144
2025-07-15,-0.034344316,0.13599554,-0.118463136,-0.15170905,0.15289071,-0.17424738
2025-07-16,-0.10831244,0.29376113,0.10001375,0.51375186,0.3414828,-0.5209915
2025-07-17,-0.22139087,-0.028822612,0.14858651,-0.23903897,-0.2173038,-0.31685176
2025-07-18,0.50706196,0.2775554,0.06452878,0.41211993,0.16924351,0.30046815
2025-07-21,-0.14774173,-0.25879306,-0.3492655,-0.29357904,0.019303234,-0.17841908
2025-07-22,-0.012897724,0.06136083,0.19813816,0.17749138,0.2746358,-0.4560555
2025-07-23,0.18166701,0.37706655,0.3708132,0.39831445,0.35783935,0.33639762
2025-07-24,-0.11254636,0.14461164,-0.04123553,-0.18337034,0.25498444,0.16282336
2025-07-25,-0.1291369,0.04081723,-0.16438831,-0.00095281156,-0.15631516,-0.036446553
2025-07-28,0.18278322,0.09236846,0.08132939,-0.034246653,0.2558279,0.44418344
2025-07-29,-0.513264,-0.23108768,-0.21935658,-0.25930524,-0.118357286,-0.6383589
2025-07-30,0.12723933,-0.043231677,-0.14520001,-0.08773695,0.06441487,0.27417362
2025-07-31,-0.18426217,-0.037037127,-0.04553727,0.089348376,0.22450995,-0.4604702
2025-08-01,-0.16350107,-0.1602781,-0.22112846,-0.064282425,-0.3113736,-0.16381782
2025-08-04,0.10791874,-0.12429416,-0.07192359,-0.24135979,0.13855168,0.15446708
2025-08-05,-0.20351288,-0.25719845,-0.407789,-0.52215683,-0.13276626,0.23394398
2025-08-06,-0.3446657,0.096448116,0.21024306,-0.11947153,-0.09515135,-0.09760083
2025-08-07,-0.23626065,-0.3925057,-0.33077753,-0.2958577,0.3388973,-0.40448985
2025-08-08,0.27356306,0.12721352,-0.038991548,0.33939126,0.16777302,0.16830298
2025-08-11,0.15770769,0.009580955,0.0582378,0.049183317,0.11435194,0.0019768805
2025-08-12,0.23504515,-0.22339769,-0.3322033,0.245559,0.38524055,0.04067127
2025-08-13,0.32392895,0.07294462,-0.17682338,0.3730818,-0.18330877,-0.34476024
2025-08-14,0.51363075,0.13014403,0.1883001,0.21960278,0.54153043,0.2988414
2025-08-15,0.23194475,0.15671043,0.09360167,0.27594364,0.0049872575,-0.18712375
2025-08-18,0.45600206,0.39066783,0.26188016,0.43284145,0.38928628,-0.014502379
2025-08-19,-0.07723088,0.050537743,0.078289464,-0.16662076,0.13813193,-0.010489583
2025-08-20,0.2016662,0.06924618,0.10027689,0.10506135,-0.097366296,0.09131093
2025-08-21,0.027203033,-0.021802519,-0.16234735,0.074192524,0.1368746,0.05083291
2025-08-22,0.17799363,0.18234558,0.052753318,0.17353965,0.17745619,-0.59769285
2025-08-25,0.37845856,0.45398054,0.5348442,0.30789605,0.34249276,0.41066518
2025-08-26,0.34754798,0.32133004,0.34156162,0.38598073,0.10132688,0.123566166
2025-08-27,0.19485077,0.13115308,0.07648122,0.2578687,0.26492032,-0.017503148
2025-08-28,0.23054746,-0.014564919,-0.10649218,0.07668897,0.36542457,0.07175551
2025-08-29,0.2084583,0.33782643,0.3322515,0.38041604,0.09157661,0.15404966
2025-09-01,-0.34309968,-0.05836482,-0.11917546,-0.48391008,-0.45652422,0.52785885
2025-09-02,-0.06491458,-0.28631055,-0.37495956,-0.23963705,-0.14132962,-0.17904389
2025-09-03,0.06255062,0.13695529,0.099060096,0.067572035,0.041507713,-0.4409985
2025-09-04,-0.578483,-0.35058758,-0.17782044,-0.42013636,-0.56939876,-0.19765611
2025-09-05,0.38213354,0.42660275,0.3765902,0.42687672,0.27753854,-0.050261796
2025-09-08,-0.39091286,-0.38556066,-0.35920352,-0.25232595,-0.23390369,0.026969904
2025-09-09,0.20042388,0.30333856,0.3762513,-0.020482277,0.26316598,0.038835555
2025-09-10,-0.115532994,-0.21084265,-0.14081879,-0.012273608,-0.1218125,-0.16513796
2025-09-11,0.23113124,0.16057143,0.009516987,0.25307935,0.28149906,-0.5897568
2025-09-12,0.3178081,0.42619187,0.3435376,0.27334502,0.12387798,0.39291194
2025-09-15,0.34103113,-0.020423781,-0.016402865,0.23019905,0.2246288,-0.25301322
2025-09-16,-0.5018219,-0.4828477,-0.44769993,-0.42230725,0.3416036,-0.5439625
2025-09-17,0.10207238,0.12087841,0.21583016,0.2185081,0.090225615,0.11107576
2025-09-18,0.18717478,0.31543264,0.42082924,0.19382593,0.4066228,-0.32413793
2025-09-19,0.0972933,0.2909593,0.107411884,0.26682812,0.16468187,0.044257686
2025-09-22,-0.22097497,-0.0740038,-0.06622019,-0.3209322,0.11322296,-0.11277177
2025-09-23,0.005462746,-0.26320025,-0.41343507,-0.12463856,-0.15638934,0.046105236
2025-09-24,0.054704558,0.047831215,0.014602071,0.0021414023,-0.025815547,-0.23377712
2025-09-25,0.06771142,-0.07382682,-0.09176626,0.02948601,0.095464036,-0.3563448
2025-09-26,-0.12185295,0.022497475,0.052128445,-0.1531302,-0.20376818,0.07015377
2025-09-29,0.25144896,-0.07705332,-0.28234544,0.27826867,-0.6510521,0.204214
2025-09-30,-0.10730414,0.15549846,0.21549809,0.0043016253,0.1272908,-0.21109578
2025-10-09,0.09200345,-0.15838218,-0.07608422,0.46743098,0.488172,-0.41218168
2025-10-10,0.28977567,0.15454826,0.06055375,-0.21073234,-0.18605861,-0.025818378
2025-10-13,-0.3565709,-0.41822433,-0.43102273,-0.43846494,-0.49525023,-0.13122666
2025-10-14,0.29710317,0.20241117,0.11284995,-0.09327617,0.11445558,0.3018815
2025-10-15,-0.17483449,-0.3371479,-0.25858456,-0.15973035,-0.43901142,-0.03109688
2025-10-16,0.43525767,0.49982387,0.422992,0.5431382,0.5588181,-0.20011225
2025-10-17,-0.0764255,-0.121202424,-0.26788467,-0.0031516657,-0.16716346,0.27514163
2025-10-20,0.3082323,0.53557104,0.5843918,0.62455356,0.58604836,-0.34475064
2025-10-21,0.3408042,0.37092486,0.1764628,0.33247712,0.22040424,0.05638985
2025-10-22,-0.047409188,0.05281949,0.16187361,0.09333536,-0.28774017,-0.1454353
2025-10-23,-0.5763253,-0.5473995,-0.52119505,-0.5208288,-0.56402266,-0.25060892
2025-10-24,-0.1737552,-0.15461479,-0.1438357,0.05772046,0.09745891,-0.5150533
2025-10-27,-0.2287344,-0.3191327,-0.40351763,-0.32896718,-0.31125325,0.26950246
2025-10-28,0.39400357,0.29745784,0.32894805,0.3683195,0.3939817,0.09511806
2025-10-29,0.2068022,0.1703901,0.086162165,0.247117,0.06695614,0.004281604
2025-10-30,0.21094024,0.011702823,-0.007862335,0.27098912,0.24420042,0.18220004
2025-10-31,0.14004892,0.45914918,0.51218873,0.40429765,0.12881827,-0.2257611
2025-11-03,-0.51819277,-0.44501147,-0.29760024,-0.36701348,-0.4326849,0.057603277
2025-11-04,0.08326218,-0.3780068,-0.30006307,-0.29896623,0.03862758,0.50799626
2025-11-05,0.08107933,-0.2368556,-0.19319911,0.03207673,-0.04471887,-0.20409417
2025-11-06,0.41685337,0.15154944,-0.06646247,-0.14775278,0.14810291,0.087263085
2025-11-07,0.14301057,0.30198598,0.2944835,-0.18182285,0.30777356,-0.06498822
2025-11-10,-0.31216773,-0.3220797,-0.29060364,-0.41162223,-0.37277573,0.1653395
2025-11-11,-0.40611115,-0.36706084,-0.08033331,-0.3972093,-0.40781966,-0.19605288
2025-11-12,0.2458663,0.18928236,0.118679926,-0.18445231,-0.09143815,0.42224818
2025-11-13,0.11158526,0.27015522,0.21122715,0.19984083,0.3468748,-0.12667288
2025-11-14,0.40674868,0.5018244,0.44402933,0.093692556,0.41077644,0.0801106
2025-11-17,-0.39061037,-0.06872241,0.070613794,-0.21713987,-0.11814511,-0.16734312
2025-11-18,0.39524636,0.13215767,0.00047017337,0.30963692,0.45974907,-0.36312923
2025-11-19,0.21018744,-0.3612531,-0.32835588,0.2431685,-0.38121527,-0.16480747
2025-11-20,0.2320683,-0.14950044,-0.16010375,-0.2797734,-0.34240532,0.35050964
2025-11-21,-0.12886323,-0.10976797,-0.22591464,0.07769905,-0.20501816,-0.35884213
2025-11-24,-0.5660558,-0.60066664,-0.53911304,-0.3615211,-0.39883038,-0.5507948
2025-11-25,0.47527534,0.42686066,0.38457125,0.58688986,0.5936736,0.2902763
2025-11-26,0.3185562,0.46073332,0.46483365,0.09745318,0.25561196,0.11603938
2025-11-27,0.47695088,0.5419048,0.41267195,0.5171131,0.59384125,-0.0022653802
2025-11-28,-0.05587121,0.008521175,-0.00278852,0.1597186,0.10178828,-0.1700927
2025-12-01,0.100323975,0.15038168,0.27992135,-0.1378384,-0.23203412,0.27300107
2025-12-02,-0.2428588,-0.24552321,-0.2518795,-0.19433773,-0.44265145,-0.13120264
2025-12-03,0.06953139,-0.059777237,-0.14996822,-0.2533681,-0.11044047,0.15887895
2025-12-04,0.1135601,0.058357496,-0.2138824,-0.011505887,0.104461215,0.15249524
2025-12-05,0.09612979,0.25594255,0.19775237,0.03654043,0.115373686,-0.55047417
2025-12-08,0.14305456,0.0050148787,0.15702023,0.18354543,0.31759953,-0.2787325
2025-12-09,0.38921073,0.31678626,0.3713706,0.436512,0.38406238,-0.3886383
2025-12-10,-0.42925587,-0.074475355,-0.13208613,-0.14321765,-0.10692541,-0.42487827
2025-12-11,0.288696,0.11005636,0.14868438,0.41536888,-0.058841478,0.098458506
2025-12-12,-0.062265098,-0.29514337,-0.32416004,-0.3458529,-0.28584093,-0.22830525
2025-12-15,0.62554944,0.55141675,0.44091377,0.3973697,0.35345906,0.2263464
2025-12-16,-0.5088094,-0.4194456,-0.5341317,-0.50282973,-0.08842032,-0.29253888
2025-12-17,0.102498315,-0.08847353,-0.29379633,-0.10721435,-0.061849095,0.25576407
2025-12-18,-0.0922959,0.4569016,0.46747208,-0.013587272,0.08004095,0.4108259
2025-12-19,0.21321344,0.056587987,-0.005198085,0.20147023,0.30729556,0.19372442
2025-12-22,0.13566463,0.26762336,0.3888001,0.2837706,0.1437315,0.039223414
2025-12-23,0.32296962,0.52893215,0.5857245,0.36600786,0.1649322,0.26598233
2025-12-24,-0.23754922,0.15742154,0.030637061,0.043293156,0.013671649,-0.57690585
2025-12-25,-0.4248604,-0.29930577,-0.26024252,-0.4895625,-0.5918011,-0.26543242
2025-12-26,0.19483498,0.2001318,0.29212525,0.31959087,0.27992198,-0.005872011
2025-12-29,0.21352455,0.016649771,0.013027584,-0.13711397,0.47882515,0.0729646
2025-12-30,-0.047359996,0.008952898,0.03630543,-0.21929877,-0.31748566,0.14971372
2025-12-31,0.16230708,-0.06259848,-0.13996054,0.27009016,0.30306557,-0.02630722
2026-01-05,0.15621932,0.31662038,0.26976582,0.0753173,0.06380828,-0.18056366
2026-01-06,0.09753216,0.14234826,0.04599577,0.0085687805,0.07275814,0.21448429
2026-01-07,0.2895345,0.33634466,0.3010745,0.33210668,0.37859508,-0.1203322
2026-01-08,0.1689089,0.3010233,0.24221936,0.31165108,0.31747705,0.24383731
2026-01-09,0.30520502,0.24666266,0.21095721,0.21025462,0.047772728,0.2054824
2026-01-12,0.050270565,-0.006370479,0.07626823,0.09037503,0.13005564,-0.08341949
2026-01-13,0.3402851,0.35227436,0.3764363,0.39699304,0.28991088,0.29934695
2026-01-14,0.3950923,0.43835726,0.44368505,0.419308,0.46341783,0.39545184
2026-01-15,-0.048678298,-0.041082997,-0.19578104,-0.24080238,-0.07570197,0.23467183
2026-01-16,0.23234272,0.04805863,-0.10749815,0.11216185,0.073466614,0.18009576
2026-01-19,0.22849774,0.13951676,0.14941752,0.2109329,0.24254091,0.1010893
2026-01-20,-0.12319584,-0.280536,-0.20408297,0.008047083,-0.023603732,-0.07898698
2026-01-21,0.20689003,0.1223634,0.15696597,0.2932046,0.1713763,0.03129516
2026-01-22,-0.043565087,-0.092238575,0.028722161,-0.31059605,-0.23810323,0.14849637
2026-01-23,0.11401713,0.1549535,0.09389675,-0.12672791,-0.17464907,0.13769758
2026-01-26,0.19731772,-0.08968733,-0.16070597,-0.07202952,-0.108799815,0.061755337
2026-01-27,0.0010317803,-0.2749576,-0.28806832,-0.19412819,-0.16685072,-0.07236545
2026-01-28,0.14108756,0.026251387,-0.016337294,0.019400764,-0.14945087,0.16044274
2026-01-29,-0.08987804,0.32878268,0.33665556,0.13270354,0.21691978,0.11233852
2026-01-30,-0.28461176,-0.2879251,-0.24569626,-0.19953588,-0.16280523,-0.30434918
2026-02-02,0.35571212,0.1626506,0.19176126,0.17854914,-0.03364533,0.33012533
2026-02-03,-0.15585008,-0.080638364,-0.07445058,-0.11863513,-0.13476408,-0.23176844
2026-02-04,-0.11083969,-0.016809985,-0.14306769,-0.23400478,-0.07942977,0.116603374
2026-02-05,-0.18786739,-0.1316021,-0.095984206,-0.13329236,-0.108741954,-0.053376466
2026-02-06,0.23668484,0.1475747,0.10705833,0.1292428,0.058061022,0.0927703
2026-02-09,0.11842976,-0.14026026,-0.03707081,0.104425,0.011650753,0.21325958
2026-02-10,-0.010579849,0.041123282,0.008531628,0.14314207,0.08973511,0.113608934
2026-02-11,0.03838309,0.18185684,0.22756474,0.12120895,0.18056554,0.19861123
2026-02-12,-0.0008424014,0.07338203,0.13253285,0.045491334,-0.1633049,0.23409303
2026-02-13,0.3258329,0.25145936,0.24480781,0.191304,0.13216591,0.2473382
2026-02-24,0.18541485,-0.11579478,-0.11310883,0.15403663,-0.124412015,-0.05763765
2026-02-25,0.4456504,0.12836394,0.09172773,0.09587608,0.011442313,0.43988448
2026-02-26,0.18006127,0.12849867,0.15437892,0.017824655,0.12110962,-0.05599322
2026-02-27,-0.063810185,0.22832863,0.1714786,0.050399207,0.047919013,0.10629114
2026-03-02,-0.100971475,-0.14119661,-0.18909363,-0.108247206,-0.04681384,0.08836197
2026-03-03,0.1165724,-0.151044,-0.105975494,0.031829927,-0.111859664,0.021765202
2026-03-04,0.18156932,0.24949113,0.29140845,0.028417557,0.1332879,0.1320427
2026-03-05,0.21151027,0.16268395,0.13449018,0.18119772,0.42402822,-0.12372309
2026-03-06,0.062404323,0.15630573,0.12225421,0.11541003,0.105726935,-0.059563745
2026-03-09,-0.1191169,-0.16369656,-0.19979349,-0.074868135,-0.14166367,0.06004417
2026-03-10,0.1965984,-0.13141744,-0.13053434,-0.0491601,-0.14990778,0.046325244
2026-03-11,0.16279177,0.02507919,0.08947714,0.37762895,0.2812512,0.20309153
2026-03-12,-0.14534163,-0.1772057,-0.21494761,-0.2129422,-0.18433431,0.28915417
2026-03-13,0.22529785,0.22980365,0.30542502,0.01675503,0.052844442,0.33536512
2026-03-16,-0.15116093,-0.21568552,-0.16636392,0.01958162,-0.07696094,-0.05250764
2026-03-17,0.4639082,0.40096292,0.39931244,0.4119367,0.25300032,0.037045605
2026-03-18,-0.118500456,-0.091983706,-0.07276671,0.13878806,-0.10183327,-0.30190387
2026-03-19,0.15088244,0.096939184,0.12051012,0.12623185,0.1561426,0.14509591
2026-03-20,0.35067722,0.30354136,0.31429487,0.34154302,0.37405872,0.15464662
2026-03-23,0.34784326,0.32182184,0.3155838,0.27899337,0.26477966,0.22107236
2026-03-24,-0.001954627,-0.04960583,-0.09459949,-0.14639123,-0.119623914,-0.034211572
2026-03-25,0.21585266,0.33370033,0.26929036,0.27751118,0.18223181,0.07987173
2026-03-26,0.31114703,0.32699472,0.27032584,0.3946518,0.2615407,0.16769812
2026-03-27,0.120303415,-0.03228738,0.07076205,0.115922794,-0.02397072,-0.24251685
2026-03-30,-0.15372093,-0.16639626,-0.1446307,-0.21862586,-0.23619156,-0.09618856
2026-03-31,0.22645716,0.20326376,0.22288136,0.2238944,0.24676743,-0.03899335
2026-04-01,0.24387398,-0.028212775,-0.009784495,0.20664012,0.15347871,0.31411493
2026-04-02,0.13651362,0.18487823,0.17992675,0.045905504,-0.1906993,0.16210677
2026-04-03,0.074779406,-0.08640223,-0.07587996,0.18126586,-0.038709853,-0.34556088
2026-04-07,-0.10070735,0.00128389,0.08897223,-0.051155645,0.20623226,-0.004263878
2026-04-08,0.27271873,0.1857606,0.15368775,0.28209648,0.29551628,0.032945685
2026-04-09,0.2060279,0.28241104,0.25873166,0.10003261,0.28076616,-0.066668764
2026-04-10,0.03229227,0.23293403,0.19002311,0.0300966,0.2028782,0.2973461
2026-04-13,0.029014379,0.03608457,0.05821104,0.23754835,0.24956532,-0.19587915
2026-04-14,0.19140975,0.25889453,0.2287683,0.32184464,0.39883977,-0.22962765
2026-04-15,0.26159316,0.2944437,0.29657638,0.3349901,0.41627273,-0.16689834
2026-04-16,0.16374214,0.24375276,0.2689084,0.09384816,0.20363772,-0.077416524
2026-04-17,0.0656733,-0.08457135,-0.011886287,0.09099643,0.10721104,-0.19531505
2026-04-20,0.2503983,0.13531491,0.14080226,0.21229121,0.13017759,-0.013572442
2026-04-21,-0.22437496,-0.29866514,-0.3202875,-0.27029,-0.29053953,0.027826488
2026-04-22,0.02569427,0.11643505,-0.035552014,-0.014025629,0.012427315,0.14604923
2026-04-23,0.10316209,-0.113187015,-0.1890893,0.034280844,0.1565446,0.04916153
2026-04-24,0.01652788,-0.16755529,-0.107444026,0.033808455,0.0740919,0.23918581
2026-04-27,0.19985463,0.1323429,0.12003193,0.17826577,0.12907381,0.25013587
2026-04-28,0.13460644,0.035566602,-0.094046876,0.10131482,0.1705827,-0.023427218
2026-04-29,-0.0060616434,0.025531927,0.047869217,-0.08557549,-0.190815,0.1125121
2026-04-30,-0.0020307242,-0.029726494,-0.019121338,-0.09984125,0.0249861,-0.03475351
2026-05-06,0.28079155,0.30160674,0.2476583,0.24253969,0.53527397,-0.16779928
2026-05-07,-0.22967589,-0.0150819365,0.1014364,-0.05648439,-0.010052247,-0.3556856
2026-05-08,-0.008720905,-0.069049165,0.052173145,0.17084417,-0.075184226,-0.40178674
2026-05-11,0.089937,-0.058381535,0.010668492,0.072198935,0.16878489,0.04373588
2026-05-12,0.23870715,0.1926111,0.11203377,0.25316802,0.1751614,0.00058057904
2026-05-13,-0.012749946,0.083926946,0.09968617,-0.061309528,-0.059015043,-0.065976135
2026-05-14,0.13605884,0.19687931,0.15097733,0.10391621,0.2558041,0.16422166
2026-05-15,0.21408562,0.23552051,0.26133505,0.105266795,0.16879912,0.31007823
2026-05-18,0.3014378,0.29848695,0.28676605,0.31956488,0.32660097,-0.20208676
2026-05-19,-0.13865592,-0.15642457,-0.11358341,-0.21297225,0.03373749,-0.04427266
2026-05-20,0.062101252,-0.014250594,-0.079810604,0.08779443,0.23099355,0.0057587074
2026-05-21,0.49950463,0.44929618,0.469947,0.4728219,0.43039608,0.33722273
2026-05-22,0.023008078,0.018679187,0.06750242,0.11953311,-0.17562303,-0.2158452
2026-05-25,0.025094409,0.02966706,-0.0022647202,-0.047753014,0.054957904,0.152963
2026-05-26,0.10031947,-0.018576074,-0.0357349,0.073026255,-0.02566789,-0.16149083
2026-05-27,0.2989202,0.34592992,0.31433308,0.39735502,0.39852542,-0.19222328
2026-05-28,-0.02019942,-0.006419352,-0.052199464,-0.003455022,0.102795824,0.025628185
2026-05-29,0.30538574,0.18865326,0.043857023,0.14962974,0.1983927,0.23994446
2026-06-01,0.35281253,0.38669738,0.37356368,0.38491303,0.37012786,0.18328635
2026-06-02,-0.14328861,-0.11910899,-0.09906455,-0.066902265,-0.00275563,0.30636173
2026-06-03,0.32147646,0.29425183,0.3157801,0.34520078,0.37242705,-0.09874123
2026-06-04,0.20725556,0.11519016,0.040710647,0.11857869,0.21218577,0.18631244
2026-06-05,0.46323347,0.35549226,0.38637123,0.4353558,0.35174352,0.1676955
2026-06-08,0.26552287,0.19594498,0.18827233,0.22565547,0.09013574,0.008078801
2026-06-09,0.034786936,-0.032702897,-0.0107636545,0.019668836,0.091312826,-0.023522811
2026-06-10,-0.0223782,-0.2172585,-0.15947089,-0.05563283,0.026830599,0.07454907
2026-06-11,-0.0062633217,0.023700196,0.02108574,0.042010613,-0.0019517839,-0.2510057
2026-06-12,0.2910897,0.4983709,0.44647592,0.4301529,0.40904874,0.17671409
2026-06-15,0.17996374,0.23004404,0.23731403,0.26605126,0.21601851,-0.21555729
2026-06-16,0.2872441,0.29905224,0.2508794,0.19030121,0.040718056,0.0011539214
2026-06-17,0.12328255,0.034898344,0.14952049,-0.0045075477,0.18767704,-0.008862925
2026-06-18,0.21739058,0.25823605,0.2496784,0.1437252,0.21395187,-0.071863465
2026-06-22,0.13308688,0.13623796,-0.066500776,0.22192232,0.10537262,-0.161495
2026-06-23,0.25074625,0.2844315,0.2582048,0.27029726,0.1479377,0.22221406
2026-06-24,-0.12685752,-0.034102306,-0.041458577,-0.06784632,0.07350669,-0.21044683
2026-06-25,0.19004205,0.16934028,0.055055343,0.063745104,0.2071354,0.13762973
2026-06-26,-0.04422916,0.070739664,0.15415712,-0.046376728,-0.08407112,0.015861247
2026-06-29,0.13131757,0.11048974,-0.040912896,-0.077235356,0.055816073,0.11919717
2026-06-30,0.079615034,0.28019157,0.26012573,0.2846815,0.14211015,-0.31341583
2026-07-01,0.37140495,0.38077602,0.36514568,0.33913547,0.33186588,0.040088154
2026-07-02,0.31971392,0.30165142,0.27609494,0.0807394,0.13009036,-0.16272451
2026-07-03,0.16152729,0.04514257,0.089038186,0.21323094,0.0614006,0.021547506
2026-07-06,0.0063359216,0.08311463,0.089878865,0.16234909,0.08175119,0.23900013
2026-07-07,0.09805162,0.2368665,0.10552132,0.047617853,0.16402665,-0.3600883
2026-07-08,0.24635975,0.060061943,0.048506774,0.10289557,0.038713716,0.14480439
2026-07-09,-0.06189269,-0.19223233,-0.23094292,-0.14376356,0.2191459,-0.029748496
2026-07-10,0.46564874,0.40828252,0.43698215,0.42519945,0.29082948,0.1400829
2026-07-13,-0.04060977,-0.024101967,-0.07157902,-0.004457718,0.048994675,0.09203186
2026-07-14,-0.2226589,-0.23280577,-0.20803145,-0.18226908,-0.2130491,-0.009430814
2026-07-15,0.14818762,0.22490816,0.2234497,0.32066882,-0.08548486,-0.039639063
2026-07-16,0.26169795,0.23753361,0.22516637,0.18294004,0.09803975,-0.02581225
2026-07-17,0.15124305,0.28095415,0.32515073,0.21150687,0.16917163,0.20707734
2026-07-20,0.01577785,0.0852706,0.10455327,0.15355839,0.11420928,0.091891155
2026-07-21,-0.097730145,-0.16723739,-0.19705042,-0.085778564,-0.00929012,0.3659234
2026-07-22,0.39507952,0.34716418,0.30827487,0.28307214,0.28204292,-0.1358003
2026-07-23,0.033264752,-0.10108073,-0.07958212,0.011975181,-0.11497448,0.09961798
2026-07-24,0.19854745,0.16994879,0.1694336,0.09825848,0.009953195,0.18214075
2026-07-27,0.17572792,0.19292803,0.18453416,0.20468888,0.12664816,0.0013105463
2026-07-28,-0.1141703,-0.07135135,-0.018340582,-0.054550778,-0.011516708,0.005211559
2026-07-29,-0.02371732,-0.047926687,-0.13071713,-0.041570954,-0.09976131,0.14397368
