编号,name,expr_str,kind,sign,专属,elder,admit_q,status,retire_q,yellow
0,元老:双均线20/120,元老:双均线20/120,elder,-1.0,,True,2013Q1,在役,,0
1,元老:年动量244,元老:年动量244,elder,-1.0,,True,2013Q1,在役,,0
2,元老:月动量20,元老:月动量20,elder,-1.0,,True,2013Q1,在役,,0
3,元老:通道位置60,元老:通道位置60,elder,-1.0,,True,2013Q1,在役,,0
4,元老:MACD12/26,元老:MACD12/26,elder,-1.0,,True,2013Q1,在役,,0
5,元老:距52周高点,元老:距52周高点,elder,-1.0,,True,2013Q1,在役,,0
6,元老:动量244扣20,元老:动量244扣20,elder,-1.0,,True,2013Q1,退役,2025Q1,0
7,元老:TSI_120,元老:TSI_120,elder,-1.0,,True,2013Q1,在役,,0
8,元老:ER_120,元老:ER_120,elder,-1.0,,True,2013Q1,在役,,0
9,元老:AR系数,元老:AR系数,argarch,-1.0,,True,2013Q1,退役,2015Q3,0
10,元老:GARCH预测波动,元老:GARCH预测波动,argarch,1.0,,True,2013Q1,退役,2019Q4,0
11,元老:标准化残差5日,元老:标准化残差5日,argarch,-1.0,,True,2013Q1,在役,,0
12,元老:风险调整预期,元老:风险调整预期,argarch,1.0,,True,2013Q1,退役,2016Q3,0
13,abs(returns),abs(returns),ga,1.0,,False,2015Q1,退役,2020Q4,0
14,returns,returns,ga,1.0,,False,2015Q1,退役,2016Q3,0
15,"sub(close,ts_decay_linear(amount,244))","sub(close,ts_decay_linear(amount,244))",ga,1.0,,False,2015Q1,退役,2024Q4,0
16,"ts_std(high,5)","ts_std(high,5)",ga,1.0,,False,2015Q1,在役,,0
17,"ts_std(sub(close,beta120),3)","ts_std(sub(close,beta120),3)",ga,1.0,,False,2015Q1,在役,,0
18,"ts_slope(sub(low,high),10)","ts_slope(sub(low,high),10)",ga,-1.0,,False,2015Q1,退役,2025Q2,0
19,"ts_std(abs(returns),5)","ts_std(abs(returns),5)",ga,1.0,,False,2015Q1,退役,2019Q1,0
20,"delay(ts_decay_linear(abs(returns),3),40)","delay(ts_decay_linear(abs(returns),3),40)",ga,1.0,,False,2015Q1,退役,2016Q1,0
21,"ts_sum(high,244)","ts_sum(high,244)",ga,-1.0,hs300,False,2015Q1,退役,2020Q1,0
22,"ts_er(delta(delay(high,60),40),40)","ts_er(delta(delay(high,60),40),40)",ga,1.0,hs300,False,2015Q1,退役,2020Q1,0
23,"slog(div(low,high))","slog(div(low,high))",ga,-1.0,zz500,False,2015Q1,在役,,0
24,"div(volume,delta(ts_decay_linear(mul(low,low),40),244))","div(volume,delta(ts_decay_linear(mul(low,low),40),244))",ga,1.0,zz500,False,2015Q1,退役,2020Q1,0
25,"add(ts_mean(ts_decay_linear(open,20),10),neg(ts_std(beta120,","add(ts_mean(ts_decay_linear(open,20),10),neg(ts_std(beta120,5)))",ga,-1.0,zz500,False,2015Q1,退役,2025Q1,0
26,"div(div(volume,ts_slope(close,20)),ts_min(open,244))","div(div(volume,ts_slope(close,20)),ts_min(open,244))",ga,1.0,zz500,False,2015Q1,退役,2021Q2,0
27,"slog(neg(ts_tsi(returns,5)))","slog(neg(ts_tsi(returns,5)))",ga,-1.0,zz500,False,2015Q1,退役,2022Q1,0
28,"ssqrt(ts_max(open,244))","ssqrt(ts_max(open,244))",ga,-1.0,zz1000,False,2015Q1,退役,2021Q4,0
29,"ts_min(abs(returns),5)","ts_min(abs(returns),5)",ga,1.0,zz1000,False,2015Q1,退役,2018Q3,0
30,"ts_corr(sub(open,low),ts_max(amount,120),244)","ts_corr(sub(open,low),ts_max(amount,120),244)",ga,1.0,zz1000,False,2015Q1,退役,2023Q1,0
31,"ts_std(high,3)","ts_std(high,3)",ga,1.0,zz1000,False,2015Q1,退役,2026Q1,0
32,"ts_max(mul(mul(returns,beta120),amount),244)","ts_max(mul(mul(returns,beta120),amount),244)",ga,-1.0,zz1000,False,2015Q1,退役,2016Q1,0
33,"ts_std(close,10)","ts_std(close,10)",ga,1.0,zz1000,False,2015Q1,退役,2025Q4,0
34,"ts_tsi(returns,244)","ts_tsi(returns,244)",ga,1.0,zz1000,False,2015Q1,退役,2016Q4,0
35,"abs(ssqrt(slog(ts_slope(open,3))))","abs(ssqrt(slog(ts_slope(open,3))))",ga,1.0,zz1000,False,2015Q1,退役,2022Q3,0
36,"delay(ts_std(beta120,40),40)","delay(ts_std(beta120,40),40)",ga,-1.0,zz1000,False,2015Q1,退役,2017Q4,0
37,"div(open,ts_rank(delta(delta(ts_rank(returns,5),5),5),120))","div(open,ts_rank(delta(delta(ts_rank(returns,5),5),5),120))",ga,-1.0,cyb,False,2015Q1,退役,2022Q2,0
38,"div(ts_rank(ts_rank(ts_rank(close,5),120),5),open)","div(ts_rank(ts_rank(ts_rank(close,5),120),5),open)",ga,1.0,cyb,False,2015Q1,退役,2021Q1,0
39,"ts_rank(ts_rank(delta(ts_rank(returns,5),5),5),120)","ts_rank(ts_rank(delta(ts_rank(returns,5),5),5),120)",ga,1.0,cyb,False,2015Q1,退役,2025Q4,0
40,"ts_rank(ts_zscore(div(close,low),5),120)","ts_rank(ts_zscore(div(close,low),5),120)",ga,1.0,cyb,False,2015Q1,退役,2016Q3,0
41,"delta(ts_rank(div(close,low),5),5)","delta(ts_rank(div(close,low),5),5)",ga,1.0,cyb,False,2015Q1,退役,2022Q2,0
42,"abs(div(mul(delta(ts_rank(returns,5),5),ts_rank(ts_rank(retu","abs(div(mul(delta(ts_rank(returns,5),5),ts_rank(ts_rank(returns,120),5)),open))",ga,1.0,cyb,False,2015Q1,退役,2023Q1,0
43,"div(ts_argmax(mul(returns,amount),40),ts_rank(delta(ts_rank(","div(ts_argmax(mul(returns,amount),40),ts_rank(delta(ts_rank(returns,5),5),120))",ga,-1.0,cyb,False,2015Q1,退役,2022Q2,0
44,"div(close,ts_rank(returns,3))","div(close,ts_rank(returns,3))",ga,-1.0,cyb,False,2015Q1,退役,2026Q3,0
45,"div(close,ts_rank(delta(ts_rank(returns,5),40),120))","div(close,ts_rank(delta(ts_rank(returns,5),40),120))",ga,-1.0,cyb,False,2015Q1,退役,2021Q1,0
46,"ts_rank(ts_tsi(ts_corr(volume,returns,3),3),120)","ts_rank(ts_tsi(ts_corr(volume,returns,3),3),120)",ga,1.0,cyb,False,2015Q1,退役,2026Q2,0
47,"ts_rank(ts_rank(ts_rank(returns,5),120),5)","ts_rank(ts_rank(ts_rank(returns,5),120),5)",ga,1.0,cyb,False,2015Q1,退役,2025Q4,0
48,"abs(div(ts_sum(returns,244),mul(returns,ts_std(open,5))))","abs(div(ts_sum(returns,244),mul(returns,ts_std(open,5))))",ga,-1.0,hongli,False,2015Q1,在役,,0
49,"delay(ts_sum(div(volume,open),5),40)","delay(ts_sum(div(volume,open),5),40)",ga,1.0,hongli,False,2015Q1,退役,2020Q2,0
50,"abs(div(ts_sum(amount,244),mul(returns,ts_tsi(open,5))))","abs(div(ts_sum(amount,244),mul(returns,ts_tsi(open,5))))",ga,-1.0,hongli,False,2015Q1,退役,2025Q4,0
51,"ts_decay_linear(abs(returns),10)","ts_decay_linear(abs(returns),10)",ga,1.0,,False,2015Q2,在役,,0
52,"ts_zscore(sub(high,low),244)","ts_zscore(sub(high,low),244)",ga,1.0,hs300,False,2015Q2,退役,2026Q1,0
53,"delay(open,244)","delay(open,244)",ga,-1.0,hs300,False,2015Q2,退役,2019Q3,0
54,"ts_std(div(volume,high),5)","ts_std(div(volume,high),5)",ga,1.0,zz500,False,2015Q2,在役,,0
55,"ssqrt(ts_argmax(volume,5))","ssqrt(ts_argmax(volume,5))",ga,-1.0,zz1000,False,2015Q2,退役,2024Q2,0
56,"ts_argmax(mul(ts_mean(close,3),div(low,volume)),60)","ts_argmax(mul(ts_mean(close,3),div(low,volume)),60)",ga,-1.0,zz1000,False,2015Q2,退役,2025Q1,0
57,"ts_std(amount,3)","ts_std(amount,3)",ga,1.0,zz1000,False,2015Q2,退役,2026Q2,0
58,"mul(ts_sum(beta120,10),open)","mul(ts_sum(beta120,10),open)",ga,-1.0,cyb,False,2015Q2,在役,,0
59,"slog(ts_zscore(slog(ts_tsi(ts_zscore(returns,5),5)),3))","slog(ts_zscore(slog(ts_tsi(ts_zscore(returns,5),5)),3))",ga,1.0,cyb,False,2015Q2,退役,2024Q2,0
60,"ts_zscore(ts_zscore(ssqrt(ts_zscore(returns,5)),5),10)","ts_zscore(ts_zscore(ssqrt(ts_zscore(returns,5)),5),10)",ga,1.0,cyb,False,2015Q2,退役,2025Q3,0
61,"ts_tsi(ts_rank(neg(delay(volume,10)),120),5)","ts_tsi(ts_rank(neg(delay(volume,10)),120),5)",ga,-1.0,cyb,False,2015Q2,退役,2022Q2,0
62,"neg(slog(ts_zscore(div(low,high),120)))","neg(slog(ts_zscore(div(low,high),120)))",ga,1.0,cyb,False,2015Q2,退役,2021Q3,0
63,"ts_tsi(neg(slog(ts_tsi(ts_zscore(returns,5),120))),5)","ts_tsi(neg(slog(ts_tsi(ts_zscore(returns,5),120))),5)",ga,-1.0,cyb,False,2015Q2,在役,,0
64,"ts_argmin(ts_rank(ts_zscore(ts_zscore(returns,5),10),120),5)","ts_argmin(ts_rank(ts_zscore(ts_zscore(returns,5),10),120),5)",ga,1.0,cyb,False,2015Q2,退役,2021Q1,0
65,"ema(ema(ts_mean(sign(beta120),60),120),60)","ema(ema(ts_mean(sign(beta120),60),120),60)",ga,1.0,,False,2015Q3,退役,2017Q4,0
66,"ts_std(returns,60)","ts_std(returns,60)",ga,1.0,zz1000,False,2015Q3,在役,,0
67,"abs(delta(returns,40))","abs(delta(returns,40))",ga,1.0,zz1000,False,2015Q3,在役,,0
68,"delta(ts_zscore(ts_zscore(returns,60),120),20)","delta(ts_zscore(ts_zscore(returns,60),120),20)",ga,1.0,zz1000,False,2015Q3,退役,2016Q4,0
69,"ts_zscore(returns,3)","ts_zscore(returns,3)",ga,1.0,cyb,False,2015Q3,退役,2016Q3,0
70,"ts_zscore(ts_er(ts_zscore(ts_zscore(delta(returns,5),5),5),5","ts_zscore(ts_er(ts_zscore(ts_zscore(delta(returns,5),5),5),5),5)",ga,1.0,cyb,False,2015Q3,退役,2022Q1,0
71,"delta(ts_zscore(delta(ts_zscore(returns,5),5),20),20)","delta(ts_zscore(delta(ts_zscore(returns,5),5),20),20)",ga,1.0,cyb,False,2015Q3,退役,2016Q3,0
72,"delta(delta(add(ts_decay_linear(returns,5),amount),5),5)","delta(delta(add(ts_decay_linear(returns,5),amount),5),5)",ga,-1.0,cyb,False,2015Q3,退役,2023Q4,0
73,"ts_zscore(delta(ts_zscore(slog(ts_er(returns,3)),5),5),10)","ts_zscore(delta(ts_zscore(slog(ts_er(returns,3)),5),5),10)",ga,1.0,cyb,False,2015Q3,退役,2018Q2,0
74,"delta(ts_zscore(ts_slope(returns,5),5),5)","delta(ts_zscore(ts_slope(returns,5),5),5)",ga,1.0,cyb,False,2015Q3,在役,,1
75,"delta(ts_er(ts_argmax(ts_rank(volume,20),40),5),5)","delta(ts_er(ts_argmax(ts_rank(volume,20),40),5),5)",ga,1.0,cyb,False,2015Q3,退役,2018Q1,0
76,"ts_zscore(delta(ts_std(returns,5),5),20)","ts_zscore(delta(ts_std(returns,5),5),20)",ga,1.0,cyb,False,2015Q3,退役,2016Q3,0
77,"ema(ts_min(mul(returns,returns),40),120)","ema(ts_min(mul(returns,returns),40),120)",ga,1.0,hongli,False,2015Q3,退役,2019Q4,0
78,"ts_corr(returns,returns,3)","ts_corr(returns,returns,3)",ga,-1.0,hongli,False,2015Q3,在役,,0
79,"ts_zscore(div(low,close),120)","ts_zscore(div(low,close),120)",ga,-1.0,,False,2015Q4,退役,2016Q4,0
80,"ts_std(ts_er(volume,40),3)","ts_std(ts_er(volume,40),3)",ga,1.0,,False,2015Q4,退役,2023Q1,0
81,"ts_er(ts_er(abs(returns),5),244)","ts_er(ts_er(abs(returns),5),244)",ga,1.0,,False,2015Q4,退役,2024Q3,0
82,"ts_rank(ts_slope(abs(returns),244),20)","ts_rank(ts_slope(abs(returns),244),20)",ga,1.0,,False,2015Q4,在役,,0
83,"div(high,open)","div(high,open)",ga,1.0,hs300,False,2015Q4,退役,2019Q4,0
84,"ts_max(div(abs(open),high),10)","ts_max(div(abs(open),high),10)",ga,-1.0,zz500,False,2015Q4,退役,2021Q4,0
85,"delta(div(close,low),120)","delta(div(close,low),120)",ga,1.0,zz500,False,2015Q4,退役,2018Q1,0
86,"ts_rank(returns,3)","ts_rank(returns,3)",ga,1.0,zz1000,False,2015Q4,退役,2020Q2,0
87,"ts_er(div(low,close),40)","ts_er(div(low,close),40)",ga,-1.0,cyb,False,2015Q4,退役,2018Q2,0
88,"div(sub(low,high),close)","div(sub(low,high),close)",ga,-1.0,cyb,False,2015Q4,退役,2020Q4,0
89,"div(mul(low,delay(div(open,close),120)),close)","div(mul(low,delay(div(open,close),120)),close)",ga,-1.0,cyb,False,2015Q4,退役,2020Q1,0
90,"ts_max(ts_max(returns,3),20)","ts_max(ts_max(returns,3),20)",ga,1.0,cyb,False,2015Q4,退役,2024Q2,0
91,"div(returns,ts_corr(volume,delta(amount,5),3))","div(returns,ts_corr(volume,delta(amount,5),3))",ga,1.0,cyb,False,2015Q4,退役,2016Q4,0
92,"mul(mul(low,beta120),beta120)","mul(mul(low,beta120),beta120)",ga,-1.0,cyb,False,2015Q4,退役,2018Q3,0
93,"ts_rank(sub(close,low),3)","ts_rank(sub(close,low),3)",ga,1.0,cyb,False,2015Q4,退役,2016Q4,0
94,"div(abs(div(abs(returns),ts_std(div(beta120,entropy120),5)))","div(abs(div(abs(returns),ts_std(div(beta120,entropy120),5))),ts_corr(volume,high,40))",ga,1.0,hongli,False,2015Q4,退役,2022Q1,0
95,"div(abs(low),high)","div(abs(low),high)",ga,-1.0,hongli,False,2015Q4,退役,2022Q1,0
96,"mul(ts_std(div(beta120,returns),5),div(abs(returns),div(div(","mul(ts_std(div(beta120,returns),5),div(abs(returns),div(div(low,ts_std(returns,120)),ts_std(ts_sum(open,5),120))))",ga,1.0,hongli,False,2015Q4,退役,2025Q3,0
97,"div(open,ts_rank(ts_decay_linear(amount,120),5))","div(open,ts_rank(ts_decay_linear(amount,120),5))",ga,-1.0,hongli,False,2015Q4,在役,,0
98,"div(ssqrt(abs(abs(ssqrt(returns)))),ts_min(amount,244))","div(ssqrt(abs(abs(ssqrt(returns)))),ts_min(amount,244))",ga,1.0,,False,2016Q1,退役,2020Q4,0
99,"div(abs(div(abs(returns),delay(abs(returns),244))),ema(high,","div(abs(div(abs(returns),delay(abs(returns),244))),ema(high,244))",ga,1.0,,False,2016Q1,退役,2021Q2,0
100,"div(div(abs(mul(ts_slope(open,40),ema(beta120,5))),ts_mean(o","div(div(abs(mul(ts_slope(open,40),ema(beta120,5))),ts_mean(open,244)),ts_mean(open,244))",ga,1.0,,False,2016Q1,退役,2020Q3,0
101,"div(abs(returns),ts_mean(delta(mul(entropy120,volume),10),24","div(abs(returns),ts_mean(delta(mul(entropy120,volume),10),244))",ga,1.0,,False,2016Q1,退役,2020Q4,0
102,"ts_argmin(delay(high,60),120)","ts_argmin(delay(high,60),120)",ga,1.0,hs300,False,2016Q1,退役,2021Q1,0
103,"mul(ssqrt(ts_min(mul(div(low,volume),high),244)),ts_min(slog","mul(ssqrt(ts_min(mul(div(low,volume),high),244)),ts_min(slog(high),10))",ga,-1.0,zz500,False,2016Q1,在役,,0
104,"mul(ssqrt(ts_min(mul(div(entropy120,volume),div(open,beta120","mul(ssqrt(ts_min(mul(div(entropy120,volume),div(open,beta120)),244)),ts_min(slog(high),10))",ga,-1.0,zz500,False,2016Q1,在役,,0
105,"mul(ssqrt(ts_min(mul(div(low,volume),high),120)),ts_min(slog","mul(ssqrt(ts_min(mul(div(low,volume),high),120)),ts_min(slog(high),10))",ga,-1.0,zz500,False,2016Q1,在役,,0
106,"abs(div(high,open))","abs(div(high,open))",ga,1.0,zz500,False,2016Q1,退役,2026Q1,0
107,"mul(ssqrt(ts_min(ts_sum(ts_argmax(entropy120,5),10),244)),ts","mul(ssqrt(ts_min(ts_sum(ts_argmax(entropy120,5),10),244)),ts_min(slog(high),10))",ga,-1.0,zz500,False,2016Q1,在役,,0
108,"ts_min(abs(returns),60)","ts_min(abs(returns),60)",ga,1.0,zz1000,False,2016Q1,退役,2022Q3,0
109,"add(returns,ts_std(ts_rank(returns,120),20))","add(returns,ts_std(ts_rank(returns,120),20))",ga,1.0,cyb,False,2016Q1,退役,2017Q3,0
110,"mul(ts_corr(low,amount,40),beta120)","mul(ts_corr(low,amount,40),beta120)",ga,-1.0,cyb,False,2016Q1,退役,2022Q1,0
111,"div(close,sub(entropy120,beta120))","div(close,sub(entropy120,beta120))",ga,-1.0,cyb,False,2016Q1,退役,2025Q1,0
112,"ssqrt(ts_tsi(returns,3))","ssqrt(ts_tsi(returns,3))",ga,1.0,cyb,False,2016Q1,退役,2017Q1,0
113,"div(ssqrt(low),ts_corr(low,amount,10))","div(ssqrt(low),ts_corr(low,amount,10))",ga,1.0,cyb,False,2016Q1,退役,2023Q1,0
114,"div(open,ts_mean(sub(low,volume),244))","div(open,ts_mean(sub(low,volume),244))",ga,1.0,cyb,False,2016Q1,在役,,0
115,"ts_corr(add(beta120,returns),low,10)","ts_corr(add(beta120,returns),low,10)",ga,-1.0,cyb,False,2016Q1,退役,2019Q3,0
116,"ts_corr(returns,low,20)","ts_corr(returns,low,20)",ga,-1.0,cyb,False,2016Q1,退役,2023Q1,0
117,"div(low,ts_max(high,10))","div(low,ts_max(high,10))",ga,-1.0,cyb,False,2016Q1,在役,,0
118,"abs(ts_tsi(returns,10))","abs(ts_tsi(returns,10))",ga,1.0,cyb,False,2016Q1,退役,2025Q2,0
119,"div(div(neg(entropy120),abs(returns)),ts_std(div(neg(ts_sum(","div(div(neg(entropy120),abs(returns)),ts_std(div(neg(ts_sum(entropy120,5)),abs(returns)),244))",ga,1.0,hongli,False,2016Q1,在役,,0
120,"ssqrt(div(neg(neg(ts_std(high,244))),abs(returns)))","ssqrt(div(neg(neg(ts_std(high,244))),abs(returns)))",ga,-1.0,hongli,False,2016Q1,退役,2018Q3,0
121,"div(high,neg(neg(ts_min(delta(open,120),3))))","div(high,neg(neg(ts_min(delta(open,120),3))))",ga,1.0,hongli,False,2016Q1,在役,,0
122,"ts_std(slog(div(volume,beta120)),20)","ts_std(slog(div(volume,beta120)),20)",ga,1.0,hongli,False,2016Q1,退役,2026Q1,0
123,"div(open,high)","div(open,high)",ga,-1.0,hongli,False,2016Q1,退役,2021Q4,0
124,"ts_tsi(neg(volume),5)","ts_tsi(neg(volume),5)",ga,-1.0,hongli,False,2016Q1,退役,2025Q4,0
125,"ts_corr(volume,close,5)","ts_corr(volume,close,5)",ga,1.0,hongli,False,2016Q1,退役,2017Q1,0
126,"ts_argmax(volume,20)","ts_argmax(volume,20)",ga,-1.0,,False,2016Q2,退役,2018Q1,0
127,"abs(ts_sum(returns,40))","abs(ts_sum(returns,40))",ga,1.0,,False,2016Q2,退役,2020Q3,0
128,"ts_std(ts_argmax(high,3),20)","ts_std(ts_argmax(high,3),20)",ga,-1.0,hs300,False,2016Q2,退役,2025Q4,0
129,"ts_slope(ema(slog(ts_sum(ssqrt(beta120),5)),40),120)","ts_slope(ema(slog(ts_sum(ssqrt(beta120),5)),40),120)",ga,-1.0,hs300,False,2016Q2,退役,2020Q2,0
130,"delay(delay(delay(high,120),120),120)","delay(delay(delay(high,120),120),120)",ga,1.0,hs300,False,2016Q2,退役,2020Q4,0
131,"div(div(ts_argmax(ssqrt(beta120),120),close),div(div(low,abs","div(div(ts_argmax(ssqrt(beta120),120),close),div(div(low,abs(div(volume,low))),abs(returns)))",ga,1.0,zz500,False,2016Q2,退役,2025Q4,0
132,"mul(beta120,low)","mul(beta120,low)",ga,-1.0,zz500,False,2016Q2,在役,,0
133,"ts_mean(ts_argmax(ts_std(low,40),3),10)","ts_mean(ts_argmax(ts_std(low,40),3),10)",ga,-1.0,zz1000,False,2016Q2,在役,,0
134,"ts_std(div(delay(low,60),open),10)","ts_std(div(delay(low,60),open),10)",ga,1.0,zz1000,False,2016Q2,退役,2025Q1,0
135,"ema(ts_argmin(ts_argmin(amount,20),40),20)","ema(ts_argmin(ts_argmin(amount,20),40),20)",ga,-1.0,zz1000,False,2016Q2,退役,2022Q3,0
136,"delta(ts_er(slog(returns),40),20)","delta(ts_er(slog(returns),40),20)",ga,1.0,cyb,False,2016Q2,退役,2023Q1,0
137,"ts_zscore(div(ts_decay_linear(ts_rank(neg(returns),5),5),ent","ts_zscore(div(ts_decay_linear(ts_rank(neg(returns),5),5),entropy120),5)",ga,-1.0,cyb,False,2016Q2,退役,2026Q1,0
138,"div(ts_rank(neg(returns),5),low)","div(ts_rank(neg(returns),5),low)",ga,-1.0,cyb,False,2016Q2,退役,2017Q2,0
139,"div(ts_rank(ts_zscore(close,5),5),low)","div(ts_rank(ts_zscore(close,5),5),low)",ga,1.0,cyb,False,2016Q2,退役,2024Q4,0
140,"ts_zscore(ts_zscore(ts_er(slog(returns),40),3),3)","ts_zscore(ts_zscore(ts_er(slog(returns),40),3),3)",ga,1.0,cyb,False,2016Q2,退役,2021Q4,0
141,"ts_rank(ts_er(slog(slog(returns)),20),5)","ts_rank(ts_er(slog(slog(returns)),20),5)",ga,1.0,cyb,False,2016Q2,退役,2017Q2,0
142,"ts_zscore(ts_tsi(ts_tsi(ts_rank(sign(returns),5),5),5),5)","ts_zscore(ts_tsi(ts_tsi(ts_rank(sign(returns),5),5),5),5)",ga,1.0,cyb,False,2016Q2,退役,2022Q1,0
143,"ts_zscore(ts_zscore(ssqrt(ts_er(returns,244)),10),3)","ts_zscore(ts_zscore(ssqrt(ts_er(returns,244)),10),3)",ga,1.0,cyb,False,2016Q2,退役,2023Q2,0
144,"slog(ts_std(returns,3))","slog(ts_std(returns,3))",ga,1.0,hongli,False,2016Q2,退役,2019Q1,0
145,"mul(entropy120,mul(ema(entropy120,40),ts_std(high,120)))","mul(entropy120,mul(ema(entropy120,40),ts_std(high,120)))",ga,1.0,hongli,False,2016Q2,退役,2023Q3,0
146,"mul(ema(entropy120,3),ts_er(mul(entropy120,abs(returns)),3))","mul(ema(entropy120,3),ts_er(mul(entropy120,abs(returns)),3))",ga,1.0,hongli,False,2016Q2,在役,,0
147,"mul(entropy120,abs(ts_min(returns,3)))","mul(entropy120,abs(ts_min(returns,3)))",ga,1.0,hongli,False,2016Q2,在役,,0
148,"mul(ema(mul(entropy120,abs(returns)),3),abs(neg(ts_tsi(entro","mul(ema(mul(entropy120,abs(returns)),3),abs(neg(ts_tsi(entropy120,120))))",ga,1.0,hongli,False,2016Q2,退役,2022Q3,0
149,"mul(ema(mul(entropy120,abs(returns)),3),ts_rank(ts_sum(low,3","mul(ema(mul(entropy120,abs(returns)),3),ts_rank(ts_sum(low,3),3))",ga,1.0,hongli,False,2016Q2,退役,2021Q3,0
150,"ts_tsi(add(delta(amount,5),ema(high,120)),60)","ts_tsi(add(delta(amount,5),ema(high,120)),60)",ga,1.0,hongli,False,2016Q2,退役,2021Q1,0
151,"ts_corr(open,volume,20)","ts_corr(open,volume,20)",ga,1.0,hongli,False,2016Q2,退役,2021Q2,0
152,"ts_argmax(close,60)","ts_argmax(close,60)",ga,-1.0,hongli,False,2016Q2,退役,2021Q2,0
153,"ts_std(div(returns,delay(low,40)),5)","ts_std(div(returns,delay(low,40)),5)",ga,1.0,,False,2016Q3,退役,2019Q3,0
154,"ts_std(ema(returns,3),5)","ts_std(ema(returns,3),5)",ga,1.0,,False,2016Q3,退役,2025Q1,0
155,"ts_std(div(entropy120,high),3)","ts_std(div(entropy120,high),3)",ga,1.0,,False,2016Q3,在役,,0
156,"ts_std(div(low,delay(ts_min(amount,20),60)),20)","ts_std(div(low,delay(ts_min(amount,20),60)),20)",ga,1.0,,False,2016Q3,在役,,1
157,"ts_std(volume,5)","ts_std(volume,5)",ga,1.0,,False,2016Q3,退役,2017Q3,0
158,"ts_tsi(ema(sub(high,close),5),120)","ts_tsi(ema(sub(high,close),5),120)",ga,1.0,hs300,False,2016Q3,在役,,0
159,"ts_std(div(delay(delay(returns,60),60),returns),5)","ts_std(div(delay(delay(returns,60),60),returns),5)",ga,-1.0,zz500,False,2016Q3,退役,2024Q4,0
160,"ts_std(div(ts_min(open,60),returns),3)","ts_std(div(ts_min(open,60),returns),3)",ga,-1.0,zz500,False,2016Q3,退役,2026Q1,0
161,"ts_std(div(open,add(entropy120,open)),3)","ts_std(div(open,add(entropy120,open)),3)",ga,1.0,zz500,False,2016Q3,退役,2024Q1,0
162,"ts_std(div(entropy120,ts_mean(high,60)),40)","ts_std(div(entropy120,ts_mean(high,60)),40)",ga,1.0,zz500,False,2016Q3,退役,2026Q1,0
163,"ts_std(div(high,delay(high,60)),5)","ts_std(div(high,delay(high,60)),5)",ga,1.0,zz500,False,2016Q3,退役,2024Q1,0
164,"ts_std(ts_std(div(delay(delay(high,60),60),returns),5),5)","ts_std(ts_std(div(delay(delay(high,60),60),returns),5),5)",ga,-1.0,zz500,False,2016Q3,退役,2023Q1,0
165,"slog(sub(div(open,entropy120),returns))","slog(sub(div(open,entropy120),returns))",ga,-1.0,zz1000,False,2016Q3,在役,,0
166,"ts_std(ts_tsi(add(returns,high),40),3)","ts_std(ts_tsi(add(returns,high),40),3)",ga,1.0,zz1000,False,2016Q3,退役,2025Q1,0
167,"div(ts_corr(amount,open,40),volume)","div(ts_corr(amount,open,40),volume)",ga,1.0,zz1000,False,2016Q3,退役,2022Q4,0
168,"ts_zscore(ts_er(ts_zscore(ts_zscore(ts_rank(returns,10),120)","ts_zscore(ts_er(ts_zscore(ts_zscore(ts_rank(returns,10),120),5),10),120)",ga,1.0,cyb,False,2016Q3,在役,,0
169,"ts_zscore(ts_er(ts_zscore(ts_zscore(open,120),5),5),120)","ts_zscore(ts_er(ts_zscore(ts_zscore(open,120),5),5),120)",ga,-1.0,cyb,False,2016Q3,退役,2026Q2,0
170,"ts_zscore(ts_zscore(ts_zscore(ts_mean(returns,10),5),5),120)","ts_zscore(ts_zscore(ts_zscore(ts_mean(returns,10),5),5),120)",ga,1.0,cyb,False,2016Q3,退役,2025Q1,0
171,"ts_zscore(ts_slope(returns,5),5)","ts_zscore(ts_slope(returns,5),5)",ga,1.0,cyb,False,2016Q3,退役,2024Q2,0
172,"ts_min(ssqrt(open),244)","ts_min(ssqrt(open),244)",ga,-1.0,cyb,False,2016Q3,退役,2025Q2,0
173,"add(delta(volume,5),ts_tsi(beta120,3))","add(delta(volume,5),ts_tsi(beta120,3))",ga,-1.0,cyb,False,2016Q3,在役,,0
174,"ts_er(abs(returns),5)","ts_er(abs(returns),5)",ga,1.0,hongli,False,2016Q3,退役,2025Q1,0
175,"ts_er(ts_tsi(abs(returns),3),5)","ts_er(ts_tsi(abs(returns),3),5)",ga,1.0,hongli,False,2016Q3,退役,2025Q3,0
176,"ts_er(abs(returns),60)","ts_er(abs(returns),60)",ga,1.0,hongli,False,2016Q3,退役,2022Q1,0
177,"ts_er(abs(returns),40)","ts_er(abs(returns),40)",ga,1.0,hongli,False,2016Q3,退役,2025Q4,0
178,"ts_er(abs(returns),20)","ts_er(abs(returns),20)",ga,1.0,hongli,False,2016Q3,退役,2026Q1,0
179,"ts_er(ts_er(abs(ema(returns,3)),5),5)","ts_er(ts_er(abs(ema(returns,3)),5),5)",ga,1.0,hongli,False,2016Q3,退役,2025Q3,0
180,"ts_er(abs(ema(abs(returns),40)),5)","ts_er(abs(ema(abs(returns),40)),5)",ga,1.0,hongli,False,2016Q3,退役,2022Q1,0
181,"ts_min(close,40)","ts_min(close,40)",ga,-1.0,,False,2016Q4,在役,,0
182,"mul(high,ts_argmax(returns,10))","mul(high,ts_argmax(returns,10))",ga,-1.0,,False,2016Q4,退役,2022Q4,0
183,"ts_argmax(ts_mean(delta(high,3),40),120)","ts_argmax(ts_mean(delta(high,3),40),120)",ga,-1.0,hs300,False,2016Q4,退役,2017Q4,0
184,"ts_argmax(ts_mean(ssqrt(ts_argmin(low,10)),40),120)","ts_argmax(ts_mean(ssqrt(ts_argmin(low,10)),40),120)",ga,-1.0,hs300,False,2016Q4,在役,,0
185,"ts_rank(ts_std(returns,5),5)","ts_rank(ts_std(returns,5),5)",ga,1.0,hs300,False,2016Q4,退役,2021Q3,0
186,"ts_zscore(abs(returns),20)","ts_zscore(abs(returns),20)",ga,1.0,hs300,False,2016Q4,退役,2025Q3,0
187,"delay(open,120)","delay(open,120)",ga,-1.0,zz500,False,2016Q4,退役,2023Q4,0
188,"div(abs(ts_min(div(ts_max(amount,60),ts_max(high,60)),60)),l","div(abs(ts_min(div(ts_max(amount,60),ts_max(high,60)),60)),low)",ga,1.0,zz500,False,2016Q4,在役,,0
189,"mul(ssqrt(abs(neg(returns))),ts_min(ts_argmin(returns,244),3","mul(ssqrt(abs(neg(returns))),ts_min(ts_argmin(returns,244),3))",ga,1.0,zz1000,False,2016Q4,退役,2026Q1,0
190,"div(close,ts_rank(returns,5))","div(close,ts_rank(returns,5))",ga,-1.0,zz1000,False,2016Q4,退役,2026Q3,0
191,"ts_rank(ts_zscore(div(low,close),3),244)","ts_rank(ts_zscore(div(low,close),3),244)",ga,-1.0,cyb,False,2016Q4,退役,2017Q4,0
192,"div(open,high)","div(open,high)",ga,-1.0,cyb,False,2016Q4,退役,2017Q4,0
193,"ts_rank(ts_zscore(ts_er(ts_zscore(returns,5),40),5),244)","ts_rank(ts_zscore(ts_er(ts_zscore(returns,5),40),5),244)",ga,1.0,cyb,False,2016Q4,退役,2017Q4,0
194,"ts_rank(ts_slope(returns,5),40)","ts_rank(ts_slope(returns,5),40)",ga,1.0,cyb,False,2016Q4,退役,2018Q3,0
195,"add(abs(ts_slope(volume,3)),ts_zscore(slog(returns),120))","add(abs(ts_slope(volume,3)),ts_zscore(slog(returns),120))",ga,1.0,hongli,False,2016Q4,退役,2018Q4,0
196,"ts_std(add(ts_decay_linear(volume,40),ts_max(low,5)),3)","ts_std(add(ts_decay_linear(volume,40),ts_max(low,5)),3)",ga,1.0,hongli,False,2016Q4,退役,2026Q1,0
197,"delay(div(ts_slope(beta120,20),ssqrt(returns)),40)","delay(div(ts_slope(beta120,20),ssqrt(returns)),40)",ga,-1.0,hongli,False,2016Q4,退役,2024Q3,0
198,"mul(close,ts_corr(ssqrt(amount),ema(low,10),10))","mul(close,ts_corr(ssqrt(amount),ema(low,10),10))",ga,1.0,hongli,False,2016Q4,退役,2023Q1,0
199,"div(abs(ts_max(high,3)),open)","div(abs(ts_max(high,3)),open)",ga,1.0,,False,2017Q1,在役,,0
200,"div(abs(returns),ts_max(ts_zscore(amount,40),3))","div(abs(returns),ts_max(ts_zscore(amount,40),3))",ga,1.0,,False,2017Q1,退役,2023Q3,0
201,"div(abs(abs(neg(ts_sum(returns,10)))),beta120)","div(abs(abs(neg(ts_sum(returns,10)))),beta120)",ga,1.0,,False,2017Q1,在役,,0
202,"div(div(abs(returns),open),volume)","div(div(abs(returns),open),volume)",ga,1.0,,False,2017Q1,在役,,0
203,"ts_std(sign(returns),20)","ts_std(sign(returns),20)",ga,-1.0,hs300,False,2017Q1,退役,2020Q4,0
204,"ts_argmax(ts_sum(ts_tsi(high,120),3),5)","ts_argmax(ts_sum(ts_tsi(high,120),3),5)",ga,-1.0,hs300,False,2017Q1,退役,2019Q1,0
205,"sign(ts_zscore(sub(high,open),120))","sign(ts_zscore(sub(high,open),120))",ga,1.0,zz500,False,2017Q1,退役,2018Q3,0
206,"ts_argmax(delay(ts_sum(open,3),60),40)","ts_argmax(delay(ts_sum(open,3),60),40)",ga,-1.0,zz500,False,2017Q1,退役,2023Q3,0
207,"abs(abs(ts_sum(returns,20)))","abs(abs(ts_sum(returns,20)))",ga,1.0,zz1000,False,2017Q1,退役,2021Q4,0
208,"ts_min(abs(returns),20)","ts_min(abs(returns),20)",ga,1.0,zz1000,False,2017Q1,退役,2020Q4,0
209,"ts_max(low,244)","ts_max(low,244)",ga,-1.0,zz1000,False,2017Q1,退役,2023Q2,0
210,"ts_rank(ssqrt(returns),3)","ts_rank(ssqrt(returns),3)",ga,1.0,cyb,False,2017Q1,退役,2018Q1,0
211,"ts_rank(ssqrt(sub(high,open)),3)","ts_rank(ssqrt(sub(high,open)),3)",ga,1.0,cyb,False,2017Q1,退役,2025Q4,0
212,"mul(returns,delta(returns,10))","mul(returns,delta(returns,10))",ga,1.0,cyb,False,2017Q1,退役,2025Q1,0
213,"add(ts_zscore(delta(amount,5),20),ts_corr(ts_slope(amount,40","add(ts_zscore(delta(amount,5),20),ts_corr(ts_slope(amount,40),ts_argmin(beta120,60),120))",ga,-1.0,cyb,False,2017Q1,退役,2022Q3,0
214,"delta(delay(sub(high,open),60),20)","delta(delay(sub(high,open),60),20)",ga,1.0,cyb,False,2017Q1,退役,2023Q1,0
215,"div(sub(close,beta120),ts_zscore(amount,60))","div(sub(close,beta120),ts_zscore(amount,60))",ga,1.0,cyb,False,2017Q1,退役,2024Q1,0
216,"abs(mul(mul(returns,ts_corr(high,volume,20)),ts_corr(high,vo","abs(mul(mul(returns,ts_corr(high,volume,20)),ts_corr(high,volume,20)))",ga,1.0,hongli,False,2017Q1,退役,2025Q1,0
217,"abs(mul(beta120,abs(mul(ts_zscore(high,5),ts_corr(high,volum","abs(mul(beta120,abs(mul(ts_zscore(high,5),ts_corr(high,volume,20)))))",ga,1.0,hongli,False,2017Q1,退役,2021Q3,0
218,"ts_std(ts_argmax(returns,10),5)","ts_std(ts_argmax(returns,10),5)",ga,1.0,,False,2017Q2,退役,2022Q4,0
219,"div(abs(ts_argmin(beta120,3)),abs(returns))","div(abs(ts_argmin(beta120,3)),abs(returns))",ga,-1.0,,False,2017Q2,退役,2020Q3,0
220,"div(abs(returns),div(sub(slog(beta120),delta(low,20)),abs(ab","div(abs(returns),div(sub(slog(beta120),delta(low,20)),abs(abs(returns))))",ga,-1.0,,False,2017Q2,退役,2018Q2,0
221,"mul(volume,abs(ts_zscore(div(volume,open),120)))","mul(volume,abs(ts_zscore(div(volume,open),120)))",ga,1.0,hs300,False,2017Q2,退役,2020Q1,0
222,"div(delay(entropy120,40),sub(high,low))","div(delay(entropy120,40),sub(high,low))",ga,-1.0,hs300,False,2017Q2,退役,2018Q3,0
223,"mul(mul(volume,delta(ts_tsi(volume,60),5)),abs(returns))","mul(mul(volume,delta(ts_tsi(volume,60),5)),abs(returns))",ga,1.0,hs300,False,2017Q2,退役,2018Q2,0
224,"mul(volume,ts_zscore(ts_decay_linear(volume,120),3))","mul(volume,ts_zscore(ts_decay_linear(volume,120),3))",ga,1.0,hs300,False,2017Q2,退役,2020Q4,0
225,"ts_zscore(ts_std(volume,3),10)","ts_zscore(ts_std(volume,3),10)",ga,1.0,hs300,False,2017Q2,在役,,0
226,"div(ts_tsi(ema(volume,3),3),abs(ssqrt(low)))","div(ts_tsi(ema(volume,3),3),abs(ssqrt(low)))",ga,1.0,hs300,False,2017Q2,退役,2026Q1,0
227,"div(open,ts_std(volume,10))","div(open,ts_std(volume,10))",ga,-1.0,zz500,False,2017Q2,退役,2023Q2,0
228,"div(low,ts_std(ts_std(amount,5),10))","div(low,ts_std(ts_std(amount,5),10))",ga,-1.0,zz500,False,2017Q2,退役,2019Q2,0
229,"ts_zscore(ts_std(volume,244),40)","ts_zscore(ts_std(volume,244),40)",ga,1.0,zz500,False,2017Q2,退役,2023Q3,0
230,"ts_tsi(abs(slog(returns)),244)","ts_tsi(abs(slog(returns)),244)",ga,1.0,zz500,False,2017Q2,退役,2021Q2,0
231,"ts_max(ts_zscore(ts_std(volume,244),40),120)","ts_max(ts_zscore(ts_std(volume,244),40),120)",ga,1.0,zz500,False,2017Q2,退役,2024Q1,0
232,"div(ts_zscore(ts_decay_linear(returns,3),5),amount)","div(ts_zscore(ts_decay_linear(returns,3),5),amount)",ga,1.0,zz500,False,2017Q2,退役,2022Q2,0
233,"div(div(div(div(mul(returns,returns),beta120),beta120),beta1","div(div(div(div(mul(returns,returns),beta120),beta120),beta120),ts_sum(ts_min(mul(returns,returns),120),120))",ga,1.0,zz1000,False,2017Q2,退役,2020Q4,0
234,"ts_argmin(div(open,high),5)","ts_argmin(div(open,high),5)",ga,-1.0,zz1000,False,2017Q2,退役,2024Q1,0
235,"div(div(div(mul(returns,ts_tsi(returns,60)),beta120),beta120","div(div(div(mul(returns,ts_tsi(returns,60)),beta120),beta120),beta120)",ga,1.0,zz1000,False,2017Q2,退役,2020Q4,0
236,"slog(ts_argmin(neg(amount),5))","slog(ts_argmin(neg(amount),5))",ga,-1.0,zz1000,False,2017Q2,退役,2026Q2,0
237,"sub(div(returns,beta120),returns)","sub(div(returns,beta120),returns)",ga,1.0,zz1000,False,2017Q2,退役,2022Q1,0
238,"ts_er(returns,3)","ts_er(returns,3)",ga,1.0,cyb,False,2017Q2,退役,2018Q3,0
239,"ts_rank(ts_rank(ts_mean(returns,120),5),5)","ts_rank(ts_rank(ts_mean(returns,120),5),5)",ga,1.0,cyb,False,2017Q2,退役,2020Q4,0
240,"ts_er(ssqrt(entropy120),3)","ts_er(ssqrt(entropy120),3)",ga,1.0,cyb,False,2017Q2,退役,2018Q3,0
241,"ts_rank(ts_rank(ts_rank(ts_rank(returns,5),5),5),3)","ts_rank(ts_rank(ts_rank(ts_rank(returns,5),5),5),3)",ga,1.0,cyb,False,2017Q2,退役,2023Q2,0
242,"ts_rank(ts_slope(ts_rank(returns,5),5),5)","ts_rank(ts_slope(ts_rank(returns,5),5),5)",ga,1.0,cyb,False,2017Q2,退役,2026Q3,0
243,"ts_rank(ts_rank(slog(ts_std(close,10)),40),5)","ts_rank(ts_rank(slog(ts_std(close,10)),40),5)",ga,-1.0,cyb,False,2017Q2,退役,2020Q1,0
244,"ts_std(abs(ema(mul(volume,volume),40)),3)","ts_std(abs(ema(mul(volume,volume),40)),3)",ga,1.0,,False,2017Q3,在役,,0
245,"ema(ts_er(ts_std(close,10),120),20)","ema(ts_er(ts_std(close,10),120),20)",ga,1.0,,False,2017Q3,退役,2019Q4,0
246,"ts_corr(ts_std(ts_tsi(volume,10),60),delta(delta(open,120),5","ts_corr(ts_std(ts_tsi(volume,10),60),delta(delta(open,120),5),120)",ga,-1.0,hs300,False,2017Q3,退役,2019Q1,0
247,"abs(ts_tsi(returns,120))","abs(ts_tsi(returns,120))",ga,1.0,hs300,False,2017Q3,退役,2021Q4,0
248,"ts_argmin(beta120,60)","ts_argmin(beta120,60)",ga,-1.0,hs300,False,2017Q3,退役,2023Q4,0
249,"ts_corr(ts_zscore(ts_tsi(volume,10),120),ts_std(delta(low,12","ts_corr(ts_zscore(ts_tsi(volume,10),120),ts_std(delta(low,120),5),120)",ga,1.0,hs300,False,2017Q3,在役,,0
250,"delay(volume,60)","delay(volume,60)",ga,1.0,hs300,False,2017Q3,退役,2019Q3,0
251,"ts_corr(delta(add(amount,entropy120),5),ts_sum(ts_mean(close","ts_corr(delta(add(amount,entropy120),5),ts_sum(ts_mean(close,5),20),3)",ga,1.0,hs300,False,2017Q3,退役,2018Q4,0
252,"ts_argmax(ts_argmax(returns,20),244)","ts_argmax(ts_argmax(returns,20),244)",ga,-1.0,hs300,False,2017Q3,退役,2018Q3,0
253,"delta(ts_argmin(low,5),10)","delta(ts_argmin(low,5),10)",ga,-1.0,hs300,False,2017Q3,退役,2026Q2,0
254,"ts_decay_linear(open,60)","ts_decay_linear(open,60)",ga,-1.0,hs300,False,2017Q3,退役,2023Q2,0
255,"ts_argmax(returns,120)","ts_argmax(returns,120)",ga,1.0,hs300,False,2017Q3,退役,2021Q4,0
256,"ts_std(returns,3)","ts_std(returns,3)",ga,1.0,zz500,False,2017Q3,退役,2022Q1,0
257,"ts_std(neg(ts_decay_linear(volume,60)),60)","ts_std(neg(ts_decay_linear(volume,60)),60)",ga,1.0,zz500,False,2017Q3,退役,2021Q1,0
258,"div(sub(ema(high,3),ts_corr(ts_max(close,244),low,244)),low)","div(sub(ema(high,3),ts_corr(ts_max(close,244),low,244)),low)",ga,1.0,zz500,False,2017Q3,退役,2023Q3,0
259,"ts_slope(ts_min(ts_std(neg(volume),60),60),60)","ts_slope(ts_min(ts_std(neg(volume),60),60),60)",ga,1.0,zz500,False,2017Q3,在役,,0
260,"ts_rank(ts_std(abs(volume),10),60)","ts_rank(ts_std(abs(volume),10),60)",ga,1.0,zz500,False,2017Q3,退役,2021Q4,0
261,"ts_slope(delta(div(high,open),20),40)","ts_slope(delta(div(high,open),20),40)",ga,1.0,zz500,False,2017Q3,退役,2020Q2,0
262,"ts_zscore(sub(high,low),10)","ts_zscore(sub(high,low),10)",ga,1.0,zz1000,False,2017Q3,在役,,0
263,"abs(mul(ts_zscore(high,60),delta(returns,10)))","abs(mul(ts_zscore(high,60),delta(returns,10)))",ga,1.0,zz1000,False,2017Q3,退役,2025Q2,0
264,"abs(ts_zscore(ts_slope(high,40),120))","abs(ts_zscore(ts_slope(high,40),120))",ga,1.0,zz1000,False,2017Q3,退役,2019Q2,0
265,"ts_slope(returns,5)","ts_slope(returns,5)",ga,1.0,zz1000,False,2017Q3,退役,2022Q2,0
266,"ts_zscore(ts_zscore(ts_zscore(sub(close,low),120),5),5)","ts_zscore(ts_zscore(ts_zscore(sub(close,low),120),5),5)",ga,1.0,cyb,False,2017Q3,退役,2018Q3,0
267,"div(open,ts_max(high,5))","div(open,ts_max(high,5))",ga,-1.0,cyb,False,2017Q3,退役,2026Q3,0
268,"ts_zscore(ts_zscore(delta(ts_zscore(ts_zscore(close,5),120),","ts_zscore(ts_zscore(delta(ts_zscore(ts_zscore(close,5),120),120),5),5)",ga,1.0,cyb,False,2017Q3,退役,2024Q1,0
269,"ts_zscore(ts_zscore(ts_zscore(ts_zscore(ts_er(high,60),120),","ts_zscore(ts_zscore(ts_zscore(ts_zscore(ts_er(high,60),120),120),5),5)",ga,-1.0,cyb,False,2017Q3,在役,,0
270,"delay(slog(ts_sum(volume,20)),40)","delay(slog(ts_sum(volume,20)),40)",ga,1.0,cyb,False,2017Q3,退役,2023Q1,0
271,"div(div(add(volume,volume),delay(high,3)),delay(high,3))","div(div(add(volume,volume),delay(high,3)),delay(high,3))",ga,1.0,hongli,False,2017Q3,退役,2021Q3,0
272,"div(volume,delay(ts_rank(add(returns,amount),5),3))","div(volume,delay(ts_rank(add(returns,amount),5),3))",ga,1.0,hongli,False,2017Q3,退役,2023Q3,0
273,"div(ssqrt(mul(ts_rank(delta(volume,244),20),volume)),open)","div(ssqrt(mul(ts_rank(delta(volume,244),20),volume)),open)",ga,1.0,hongli,False,2017Q3,退役,2021Q3,0
274,"div(ssqrt(mul(ts_corr(add(amount,close),ts_sum(volume,10),10","div(ssqrt(mul(ts_corr(add(amount,close),ts_sum(volume,10),10),volume)),high)",ga,1.0,hongli,False,2017Q3,退役,2023Q1,0
275,"div(ts_tsi(volume,3),ts_mean(open,60))","div(ts_tsi(volume,3),ts_mean(open,60))",ga,1.0,hongli,False,2017Q3,退役,2022Q4,0
276,"div(ssqrt(mul(ts_er(delay(amount,60),5),volume)),open)","div(ssqrt(mul(ts_er(delay(amount,60),5),volume)),open)",ga,-1.0,hongli,False,2017Q3,退役,2020Q4,0
277,"div(ts_std(volume,120),low)","div(ts_std(volume,120),low)",ga,1.0,,False,2017Q4,退役,2026Q2,0
278,"mul(delta(high,20),ts_er(volume,120))","mul(delta(high,20),ts_er(volume,120))",ga,1.0,,False,2017Q4,退役,2020Q4,0
279,"delay(amount,40)","delay(amount,40)",ga,1.0,hs300,False,2017Q4,退役,2023Q4,0
280,"mul(ts_argmax(amount,120),ts_rank(close,10))","mul(ts_argmax(amount,120),ts_rank(close,10))",ga,-1.0,hs300,False,2017Q4,在役,,0
281,"ts_tsi(volume,3)","ts_tsi(volume,3)",ga,1.0,hs300,False,2017Q4,退役,2021Q4,0
282,"ts_argmax(volume,5)","ts_argmax(volume,5)",ga,-1.0,hs300,False,2017Q4,退役,2022Q1,0
283,"sub(div(open,high),ts_max(delta(delay(returns,10),244),60))","sub(div(open,high),ts_max(delta(delay(returns,10),244),60))",ga,-1.0,zz500,False,2017Q4,退役,2026Q3,0
284,"ts_max(ssqrt(returns),3)","ts_max(ssqrt(returns),3)",ga,1.0,zz1000,False,2017Q4,退役,2020Q1,0
285,"sub(returns,ts_argmin(mul(returns,ts_argmin(mul(returns,retu","sub(returns,ts_argmin(mul(returns,ts_argmin(mul(returns,returns),3)),3))",ga,1.0,zz1000,False,2017Q4,退役,2025Q3,0
286,"ssqrt(sub(ts_max(returns,3),ts_argmin(ts_argmin(returns,3),3","ssqrt(sub(ts_max(returns,3),ts_argmin(ts_argmin(returns,3),3)))",ga,1.0,zz1000,False,2017Q4,退役,2025Q3,0
287,"ts_std(returns,3)","ts_std(returns,3)",ga,1.0,cyb,False,2017Q4,退役,2022Q4,0
288,"div(ssqrt(ts_zscore(returns,10)),ts_zscore(returns,10))","div(ssqrt(ts_zscore(returns,10)),ts_zscore(returns,10))",ga,-1.0,cyb,False,2017Q4,退役,2021Q3,0
289,"ts_slope(mul(delay(entropy120,120),entropy120),3)","ts_slope(mul(delay(entropy120,120),entropy120),3)",ga,1.0,cyb,False,2017Q4,在役,,0
290,"ts_sum(ts_argmin(returns,40),60)","ts_sum(ts_argmin(returns,40),60)",ga,-1.0,cyb,False,2017Q4,退役,2025Q2,0
291,"div(ssqrt(ts_zscore(returns,10)),ssqrt(ts_zscore(returns,5))","div(ssqrt(ts_zscore(returns,10)),ssqrt(ts_zscore(returns,5)))",ga,1.0,cyb,False,2017Q4,退役,2018Q4,0
292,"div(volume,sub(ts_tsi(returns,10),ts_argmin(returns,10)))","div(volume,sub(ts_tsi(returns,10),ts_argmin(returns,10)))",ga,-1.0,hongli,False,2017Q4,退役,2023Q2,0
293,"ts_er(volume,244)","ts_er(volume,244)",ga,1.0,hongli,False,2017Q4,退役,2026Q2,0
294,"ts_corr(open,amount,5)","ts_corr(open,amount,5)",ga,1.0,hongli,False,2017Q4,退役,2022Q3,0
295,"ts_max(div(volume,ts_rank(ts_min(open,5),3)),3)","ts_max(div(volume,ts_rank(ts_min(open,5),3)),3)",ga,1.0,hongli,False,2017Q4,在役,,0
296,"ts_std(delay(volume,20),40)","ts_std(delay(volume,20),40)",ga,1.0,hongli,False,2017Q4,在役,,0
297,"neg(ts_std(beta120,120))","neg(ts_std(beta120,120))",ga,-1.0,hongli,False,2017Q4,在役,,0
298,"abs(delta(ssqrt(amount),5))","abs(delta(ssqrt(amount),5))",ga,1.0,,False,2018Q1,退役,2021Q4,0
299,"abs(delta(abs(amount),60))","abs(delta(abs(amount),60))",ga,1.0,,False,2018Q1,退役,2020Q1,0
300,"ts_std(ts_std(returns,3),3)","ts_std(ts_std(returns,3),3)",ga,1.0,,False,2018Q1,退役,2023Q4,0
301,"abs(delta(returns,60))","abs(delta(returns,60))",ga,1.0,,False,2018Q1,在役,,0
302,"ts_argmax(abs(ssqrt(returns)),5)","ts_argmax(abs(ssqrt(returns)),5)",ga,-1.0,,False,2018Q1,在役,,0
303,"abs(ts_tsi(ts_decay_linear(close,120),120))","abs(ts_tsi(ts_decay_linear(close,120),120))",ga,1.0,,False,2018Q1,退役,2024Q3,0
304,"delay(ts_er(open,60),40)","delay(ts_er(open,60),40)",ga,1.0,hs300,False,2018Q1,退役,2022Q3,0
305,"ts_std(ts_zscore(returns,5),5)","ts_std(ts_zscore(returns,5),5)",ga,1.0,hs300,False,2018Q1,退役,2023Q3,0
306,"sign(ts_argmax(close,60))","sign(ts_argmax(close,60))",ga,-1.0,hs300,False,2018Q1,退役,2022Q3,0
307,"ts_rank(abs(beta120),5)","ts_rank(abs(beta120),5)",ga,-1.0,hs300,False,2018Q1,退役,2023Q4,0
308,"div(low,ts_rank(ema(volume,40),3))","div(low,ts_rank(ema(volume,40),3))",ga,-1.0,hs300,False,2018Q1,在役,,0
309,"div(mul(ts_argmax(close,10),ts_argmin(close,3)),volume)","div(mul(ts_argmax(close,10),ts_argmin(close,3)),volume)",ga,-1.0,hs300,False,2018Q1,退役,2024Q1,0
310,"div(low,ts_mean(returns,10))","div(low,ts_mean(returns,10))",ga,1.0,hs300,False,2018Q1,退役,2021Q1,0
311,"div(ts_decay_linear(volume,120),close)","div(ts_decay_linear(volume,120),close)",ga,1.0,zz500,False,2018Q1,在役,,0
312,"sub(ts_argmax(delay(ts_argmax(div(volume,open),40),40),40),d","sub(ts_argmax(delay(ts_argmax(div(volume,open),40),40),40),div(high,open))",ga,-1.0,zz500,False,2018Q1,退役,2023Q4,0
313,"ts_std(ts_std(volume,120),3)","ts_std(ts_std(volume,120),3)",ga,1.0,zz500,False,2018Q1,退役,2025Q4,0
314,"ts_er(ts_slope(neg(volume),20),40)","ts_er(ts_slope(neg(volume),20),40)",ga,-1.0,zz500,False,2018Q1,退役,2026Q2,0
315,"ts_std(high,3)","ts_std(high,3)",ga,1.0,zz500,False,2018Q1,在役,,0
316,"div(volume,ema(ts_rank(open,20),5))","div(volume,ema(ts_rank(open,20),5))",ga,1.0,zz500,False,2018Q1,退役,2026Q3,0
317,"abs(delta(returns,10))","abs(delta(returns,10))",ga,1.0,zz1000,False,2018Q1,退役,2020Q3,0
318,"abs(mul(ts_rank(ts_slope(high,40),60),returns))","abs(mul(ts_rank(ts_slope(high,40),60),returns))",ga,1.0,zz1000,False,2018Q1,退役,2026Q1,0
319,"ts_rank(ts_corr(beta120,beta120,60),120)","ts_rank(ts_corr(beta120,beta120,60),120)",ga,-1.0,cyb,False,2018Q1,退役,2026Q1,0
320,"ts_rank(ts_std(returns,20),120)","ts_rank(ts_std(returns,20),120)",ga,1.0,cyb,False,2018Q1,退役,2020Q1,0
321,"ts_argmax(delay(returns,40),5)","ts_argmax(delay(returns,40),5)",ga,-1.0,cyb,False,2018Q1,退役,2026Q2,0
322,"ts_std(ema(high,10),10)","ts_std(ema(high,10),10)",ga,1.0,cyb,False,2018Q1,退役,2025Q4,0
323,"ts_tsi(ts_rank(open,5),40)","ts_tsi(ts_rank(open,5),40)",ga,-1.0,cyb,False,2018Q1,在役,,0
324,"ts_std(abs(neg(returns)),3)","ts_std(abs(neg(returns)),3)",ga,1.0,cyb,False,2018Q1,退役,2019Q2,0
325,"ts_argmax(neg(returns),5)","ts_argmax(neg(returns),5)",ga,1.0,cyb,False,2018Q1,退役,2025Q2,0
326,"ts_rank(ts_zscore(open,3),120)","ts_rank(ts_zscore(open,3),120)",ga,-1.0,cyb,False,2018Q1,在役,,0
327,"ts_rank(ts_tsi(div(high,entropy120),5),120)","ts_rank(ts_tsi(div(high,entropy120),5),120)",ga,-1.0,cyb,False,2018Q1,退役,2024Q2,0
328,"ts_rank(ts_std(returns,120),5)","ts_rank(ts_std(returns,120),5)",ga,1.0,cyb,False,2018Q1,退役,2021Q3,0
329,"ts_corr(high,high,40)","ts_corr(high,high,40)",ga,1.0,hongli,False,2018Q1,退役,2023Q1,0
330,"div(low,ema(ema(volume,60),120))","div(low,ema(ema(volume,60),120))",ga,-1.0,hongli,False,2018Q1,在役,,0
331,"div(div(low,volume),ts_std(div(close,volume),3))","div(div(low,volume),ts_std(div(close,volume),3))",ga,-1.0,hongli,False,2018Q1,退役,2025Q3,0
332,"delay(open,120)","delay(open,120)",ga,-1.0,hongli,False,2018Q1,退役,2026Q3,0
333,"ts_slope(ts_mean(beta120,10),60)","ts_slope(ts_mean(beta120,10),60)",ga,1.0,hongli,False,2018Q1,退役,2024Q4,0
334,"div(ts_corr(open,slog(volume),5),volume)","div(ts_corr(open,slog(volume),5),volume)",ga,1.0,hongli,False,2018Q1,退役,2023Q2,0
335,"abs(mul(volume,ts_zscore(mul(volume,mul(volume,returns)),10)","abs(mul(volume,ts_zscore(mul(volume,mul(volume,returns)),10)))",ga,1.0,,False,2018Q2,在役,,1
336,"abs(mul(ts_zscore(volume,5),ts_zscore(returns,10)))","abs(mul(ts_zscore(volume,5),ts_zscore(returns,10)))",ga,1.0,,False,2018Q2,在役,,0
337,"abs(mul(ts_tsi(volume,5),ts_zscore(returns,10)))","abs(mul(ts_tsi(volume,5),ts_zscore(returns,10)))",ga,1.0,,False,2018Q2,退役,2022Q2,0
338,"mul(sub(ts_er(entropy120,20),sign(entropy120)),ts_std(volume","mul(sub(ts_er(entropy120,20),sign(entropy120)),ts_std(volume,3))",ga,-1.0,hs300,False,2018Q2,退役,2026Q3,0
339,"mul(mul(ts_std(high,5),ts_tsi(abs(returns),40)),ts_std(volum","mul(mul(ts_std(high,5),ts_tsi(abs(returns),40)),ts_std(volume,3))",ga,1.0,hs300,False,2018Q2,退役,2025Q4,0
340,"ts_min(ts_min(amount,40),10)","ts_min(ts_min(amount,40),10)",ga,1.0,hs300,False,2018Q2,退役,2023Q1,0
341,"div(ema(ts_min(open,40),5),ts_std(volume,244))","div(ema(ts_min(open,40),5),ts_std(volume,244))",ga,-1.0,zz500,False,2018Q2,在役,,1
342,"div(low,ts_std(ts_std(volume,10),244))","div(low,ts_std(ts_std(volume,10),244))",ga,-1.0,zz500,False,2018Q2,在役,,0
343,"ts_max(returns,3)","ts_max(returns,3)",ga,1.0,zz500,False,2018Q2,退役,2025Q1,0
344,"ts_std(div(high,beta120),10)","ts_std(div(high,beta120),10)",ga,1.0,zz500,False,2018Q2,退役,2025Q4,0
345,"abs(mul(abs(returns),mul(delta(slog(open),40),ts_zscore(amou","abs(mul(abs(returns),mul(delta(slog(open),40),ts_zscore(amount,120))))",ga,1.0,zz1000,False,2018Q2,退役,2020Q3,0
346,"abs(mul(ssqrt(returns),ts_zscore(ts_sum(sub(low,amount),5),1","abs(mul(ssqrt(returns),ts_zscore(ts_sum(sub(low,amount),5),120)))",ga,1.0,zz1000,False,2018Q2,在役,,1
347,"abs(add(returns,mul(returns,ts_zscore(amount,120))))","abs(add(returns,mul(returns,ts_zscore(amount,120))))",ga,1.0,zz1000,False,2018Q2,退役,2026Q3,0
348,"abs(abs(mul(abs(returns),ts_argmax(entropy120,120))))","abs(abs(mul(abs(returns),ts_argmax(entropy120,120))))",ga,1.0,zz1000,False,2018Q2,在役,,0
349,"ts_std(returns,3)","ts_std(returns,3)",ga,1.0,zz1000,False,2018Q2,在役,,0
350,"abs(mul(returns,ts_zscore(abs(returns),120)))","abs(mul(returns,ts_zscore(abs(returns),120)))",ga,1.0,zz1000,False,2018Q2,在役,,0
351,"abs(mul(neg(ts_zscore(returns,120)),ts_zscore(volume,120)))","abs(mul(neg(ts_zscore(returns,120)),ts_zscore(volume,120)))",ga,1.0,zz1000,False,2018Q2,退役,2022Q1,0
352,"abs(abs(mul(sub(ts_zscore(beta120,5),ts_argmax(volume,244)),","abs(abs(mul(sub(ts_zscore(beta120,5),ts_argmax(volume,244)),mul(returns,ts_zscore(amount,120)))))",ga,1.0,zz1000,False,2018Q2,退役,2020Q4,0
353,"ts_rank(neg(ts_argmin(ts_slope(volume,20),5)),20)","ts_rank(neg(ts_argmin(ts_slope(volume,20),5)),20)",ga,1.0,cyb,False,2018Q2,退役,2024Q3,0
354,"ts_rank(neg(div(returns,ts_sum(returns,40))),5)","ts_rank(neg(div(returns,ts_sum(returns,40))),5)",ga,-1.0,cyb,False,2018Q2,退役,2019Q3,0
355,"ts_max(slog(returns),40)","ts_max(slog(returns),40)",ga,1.0,cyb,False,2018Q2,退役,2026Q3,0
356,"ts_corr(returns,ts_sum(open,5),244)","ts_corr(returns,ts_sum(open,5),244)",ga,1.0,cyb,False,2018Q2,退役,2025Q3,0
357,"ts_std(ts_slope(open,3),5)","ts_std(ts_slope(open,3),5)",ga,1.0,cyb,False,2018Q2,退役,2024Q4,0
358,"ts_corr(low,sign(returns),20)","ts_corr(low,sign(returns),20)",ga,-1.0,cyb,False,2018Q2,退役,2023Q1,0
359,"ts_std(ssqrt(ts_max(volume,10)),5)","ts_std(ssqrt(ts_max(volume,10)),5)",ga,1.0,hongli,False,2018Q2,退役,2025Q4,0
360,"div(ts_std(div(volume,open),5),div(ts_std(volume,5),open))","div(ts_std(div(volume,open),5),div(ts_std(volume,5),open))",ga,-1.0,hongli,False,2018Q2,退役,2023Q3,0
361,"ts_std(abs(div(ts_argmax(low,120),ts_decay_linear(amount,244","ts_std(abs(div(ts_argmax(low,120),ts_decay_linear(amount,244))),5)",ga,-1.0,hongli,False,2018Q2,退役,2019Q2,0
362,"ts_std(open,3)","ts_std(open,3)",ga,1.0,hongli,False,2018Q2,在役,,0
363,"div(neg(volume),ts_er(slog(low),20))","div(neg(volume),ts_er(slog(low),20))",ga,-1.0,hongli,False,2018Q2,退役,2026Q1,0
364,"ts_std(div(neg(abs(returns)),open),3)","ts_std(div(neg(abs(returns)),open),3)",ga,1.0,hongli,False,2018Q2,退役,2019Q2,0
365,"abs(ts_zscore(ssqrt(amount),10))","abs(ts_zscore(ssqrt(amount),10))",ga,1.0,,False,2018Q3,在役,,0
366,"abs(ts_slope(ts_sum(returns,40),10))","abs(ts_slope(ts_sum(returns,40),10))",ga,1.0,,False,2018Q3,退役,2025Q2,0
367,"abs(abs(delta(amount,120)))","abs(abs(delta(amount,120)))",ga,1.0,,False,2018Q3,退役,2019Q4,0
368,"ts_std(returns,10)","ts_std(returns,10)",ga,1.0,,False,2018Q3,退役,2025Q2,0
369,"delta(ts_rank(amount,40),3)","delta(ts_rank(amount,40),3)",ga,1.0,,False,2018Q3,退役,2025Q4,0
370,"ts_corr(ts_decay_linear(returns,244),ts_decay_linear(amount,","ts_corr(ts_decay_linear(returns,244),ts_decay_linear(amount,20),3)",ga,-1.0,,False,2018Q3,退役,2019Q3,0
371,"ts_argmax(abs(ts_argmax(volume,5)),5)","ts_argmax(abs(ts_argmax(volume,5)),5)",ga,1.0,,False,2018Q3,在役,,0
372,"ts_zscore(abs(returns),3)","ts_zscore(abs(returns),3)",ga,1.0,hs300,False,2018Q3,退役,2025Q2,0
373,"div(div(low,abs(ts_min(abs(returns),60))),abs(returns))","div(div(low,abs(ts_min(abs(returns),60))),abs(returns))",ga,-1.0,zz500,False,2018Q3,退役,2025Q3,0
374,"ts_tsi(abs(returns),10)","ts_tsi(abs(returns),10)",ga,1.0,zz500,False,2018Q3,退役,2026Q3,0
375,"ts_std(div(low,close),3)","ts_std(div(low,close),3)",ga,1.0,zz1000,False,2018Q3,在役,,1
376,"ts_std(ssqrt(ema(returns,3)),3)","ts_std(ssqrt(ema(returns,3)),3)",ga,1.0,zz1000,False,2018Q3,退役,2026Q3,0
377,"ts_std(abs(ts_decay_linear(ssqrt(returns),120)),3)","ts_std(abs(ts_decay_linear(ssqrt(returns),120)),3)",ga,1.0,zz1000,False,2018Q3,在役,,0
378,"ts_min(mul(returns,low),5)","ts_min(mul(returns,low),5)",ga,-1.0,cyb,False,2018Q3,退役,2025Q1,0
379,"ts_rank(ts_tsi(entropy120,244),20)","ts_rank(ts_tsi(entropy120,244),20)",ga,1.0,cyb,False,2018Q3,退役,2022Q4,0
380,"ts_zscore(low,3)","ts_zscore(low,3)",ga,-1.0,cyb,False,2018Q3,退役,2023Q3,0
381,"ts_rank(ts_rank(ts_rank(delay(ts_rank(returns,20),3),20),40)","ts_rank(ts_rank(ts_rank(delay(ts_rank(returns,20),3),20),40),20)",ga,-1.0,cyb,False,2018Q3,退役,2021Q3,0
382,"ts_zscore(ts_zscore(amount,10),10)","ts_zscore(ts_zscore(amount,10),10)",ga,-1.0,cyb,False,2018Q3,退役,2024Q1,0
383,"ts_min(mul(ts_zscore(open,3),low),5)","ts_min(mul(ts_zscore(open,3),low),5)",ga,-1.0,cyb,False,2018Q3,退役,2026Q1,0
384,"ts_rank(mul(ts_zscore(close,10),ts_er(volume,244)),60)","ts_rank(mul(ts_zscore(close,10),ts_er(volume,244)),60)",ga,1.0,hongli,False,2018Q3,退役,2025Q2,0
385,"ts_argmax(div(abs(low),ts_sum(volume,5)),3)","ts_argmax(div(abs(low),ts_sum(volume,5)),3)",ga,1.0,hongli,False,2018Q3,退役,2023Q2,0
386,"ts_std(ts_min(low,60),40)","ts_std(ts_min(low,60),40)",ga,1.0,,False,2018Q4,在役,,0
387,"sign(ts_argmax(volume,5))","sign(ts_argmax(volume,5))",ga,-1.0,,False,2018Q4,退役,2026Q1,0
388,"div(close,sub(sub(open,high),high))","div(close,sub(sub(open,high),high))",ga,1.0,hs300,False,2018Q4,退役,2026Q3,0
389,"div(close,sub(sub(open,high),low))","div(close,sub(sub(open,high),low))",ga,1.0,hs300,False,2018Q4,在役,,0
390,"ts_tsi(ts_tsi(open,5),3)","ts_tsi(ts_tsi(open,5),3)",ga,-1.0,hs300,False,2018Q4,退役,2026Q2,0
391,"div(close,sub(abs(delta(volume,120)),high))","div(close,sub(abs(delta(volume,120)),high))",ga,-1.0,hs300,False,2018Q4,退役,2019Q4,0
392,"div(close,sub(sub(ts_decay_linear(ts_min(volume,60),3),high)","div(close,sub(sub(ts_decay_linear(ts_min(volume,60),3),high),high))",ga,-1.0,hs300,False,2018Q4,在役,,0
393,"ts_argmin(ts_mean(abs(open),10),120)","ts_argmin(ts_mean(abs(open),10),120)",ga,1.0,hs300,False,2018Q4,退役,2024Q3,0
394,"mul(mul(abs(returns),volume),ssqrt(ts_rank(open,244)))","mul(mul(abs(returns),volume),ssqrt(ts_rank(open,244)))",ga,1.0,zz500,False,2018Q4,退役,2025Q4,0
395,"div(low,mul(ts_std(returns,10),volume))","div(low,mul(ts_std(returns,10),volume))",ga,-1.0,zz500,False,2018Q4,在役,,1
396,"delay(ts_zscore(close,244),120)","delay(ts_zscore(close,244),120)",ga,1.0,zz1000,False,2018Q4,退役,2019Q4,0
397,"delta(ts_max(ts_zscore(returns,120),20),120)","delta(ts_max(ts_zscore(returns,120),20),120)",ga,1.0,cyb,False,2018Q4,退役,2023Q2,0
398,"ts_zscore(ts_er(div(amount,low),5),10)","ts_zscore(ts_er(div(amount,low),5),10)",ga,-1.0,cyb,False,2018Q4,退役,2023Q3,0
399,"ts_zscore(ts_zscore(ema(delay(close,3),244),10),3)","ts_zscore(ts_zscore(ema(delay(close,3),244),10),3)",ga,-1.0,cyb,False,2018Q4,在役,,0
400,"div(ts_zscore(returns,10),ts_zscore(returns,5))","div(ts_zscore(returns,10),ts_zscore(returns,5))",ga,1.0,cyb,False,2018Q4,退役,2023Q3,0
401,"div(open,delay(high,5))","div(open,delay(high,5))",ga,-1.0,cyb,False,2018Q4,在役,,0
402,"ts_corr(ts_decay_linear(amount,40),ts_max(amount,3),10)","ts_corr(ts_decay_linear(amount,40),ts_max(amount,3),10)",ga,1.0,cyb,False,2018Q4,退役,2021Q3,0
403,"div(ts_zscore(returns,10),ts_zscore(returns,3))","div(ts_zscore(returns,10),ts_zscore(returns,3))",ga,1.0,cyb,False,2018Q4,退役,2020Q1,0
404,"delta(ts_corr(beta120,beta120,60),120)","delta(ts_corr(beta120,beta120,60),120)",ga,-1.0,cyb,False,2018Q4,退役,2026Q3,0
405,"delay(ts_slope(entropy120,60),120)","delay(ts_slope(entropy120,60),120)",ga,1.0,hongli,False,2018Q4,退役,2026Q1,0
406,"ts_std(mul(ts_decay_linear(amount,60),ts_mean(open,20)),3)","ts_std(mul(ts_decay_linear(amount,60),ts_mean(open,20)),3)",ga,1.0,hongli,False,2018Q4,退役,2025Q4,0
407,"abs(mul(returns,ts_tsi(amount,5)))","abs(mul(returns,ts_tsi(amount,5)))",ga,1.0,,False,2019Q1,退役,2020Q4,0
408,"abs(delta(delta(high,10),60))","abs(delta(delta(high,10),60))",ga,1.0,,False,2019Q1,退役,2023Q2,0
409,"ts_rank(neg(ts_argmax(returns,244)),120)","ts_rank(neg(ts_argmax(returns,244)),120)",ga,1.0,,False,2019Q1,退役,2023Q4,0
410,"abs(delta(returns,5))","abs(delta(returns,5))",ga,1.0,,False,2019Q1,在役,,0
411,"div(div(ts_std(open,5),volume),ts_std(slog(high),5))","div(div(ts_std(open,5),volume),ts_std(slog(high),5))",ga,-1.0,hs300,False,2019Q1,退役,2025Q4,0
412,"ts_tsi(ts_er(mul(high,amount),244),3)","ts_tsi(ts_er(mul(high,amount),244),3)",ga,1.0,hs300,False,2019Q1,退役,2020Q2,0
413,"div(sub(low,ts_std(high,40)),close)","div(sub(low,ts_std(high,40)),close)",ga,-1.0,zz500,False,2019Q1,退役,2020Q2,0
414,"abs(ts_slope(abs(returns),3))","abs(ts_slope(abs(returns),3))",ga,1.0,zz1000,False,2019Q1,在役,,0
415,"ts_std(ts_slope(ssqrt(close),10),40)","ts_std(ts_slope(ssqrt(close),10),40)",ga,1.0,zz1000,False,2019Q1,在役,,0
416,"ts_corr(ts_argmin(low,20),ts_sum(neg(entropy120),5),244)","ts_corr(ts_argmin(low,20),ts_sum(neg(entropy120),5),244)",ga,-1.0,zz1000,False,2019Q1,退役,2026Q2,0
417,"ts_mean(ts_std(ts_decay_linear(low,10),40),20)","ts_mean(ts_std(ts_decay_linear(low,10),40),20)",ga,1.0,zz1000,False,2019Q1,退役,2025Q4,0
418,"ts_std(ts_rank(returns,120),20)","ts_std(ts_rank(returns,120),20)",ga,1.0,cyb,False,2019Q1,退役,2026Q2,0
419,"mul(beta120,high)","mul(beta120,high)",ga,-1.0,cyb,False,2019Q1,在役,,0
420,"div(ts_rank(ts_zscore(ts_decay_linear(returns,5),5),120),bet","div(ts_rank(ts_zscore(ts_decay_linear(returns,5),5),120),beta120)",ga,1.0,cyb,False,2019Q1,退役,2022Q2,0
421,"ts_max(slog(ts_std(ts_rank(returns,120),20)),20)","ts_max(slog(ts_std(ts_rank(returns,120),20)),20)",ga,1.0,cyb,False,2019Q1,退役,2026Q1,0
422,"abs(ts_er(volume,60))","abs(ts_er(volume,60))",ga,1.0,hongli,False,2019Q1,退役,2025Q2,0
423,"ts_argmax(ts_min(sub(high,returns),60),40)","ts_argmax(ts_min(sub(high,returns),60),40)",ga,-1.0,hongli,False,2019Q1,退役,2022Q2,0
424,"ts_std(sub(ts_decay_linear(volume,20),neg(close)),3)","ts_std(sub(ts_decay_linear(volume,20),neg(close)),3)",ga,1.0,hs300,False,2019Q2,退役,2025Q4,0
425,"ts_std(ts_std(ts_std(volume,3),40),3)","ts_std(ts_std(ts_std(volume,3),40),3)",ga,1.0,hs300,False,2019Q2,退役,2025Q2,0
426,"ts_tsi(sub(ts_std(close,3),low),5)","ts_tsi(sub(ts_std(close,3),low),5)",ga,1.0,hs300,False,2019Q2,在役,,0
427,"ts_std(high,40)","ts_std(high,40)",ga,1.0,zz500,False,2019Q2,退役,2026Q2,0
428,"ts_std(ts_std(volume,20),3)","ts_std(ts_std(volume,20),3)",ga,1.0,zz500,False,2019Q2,退役,2023Q2,0
429,"abs(delta(open,10))","abs(delta(open,10))",ga,1.0,zz500,False,2019Q2,退役,2021Q2,0
430,"ts_std(delta(returns,3),3)","ts_std(delta(returns,3),3)",ga,1.0,zz1000,False,2019Q2,退役,2025Q1,0
431,"div(beta120,ts_std(ssqrt(returns),20))","div(beta120,ts_std(ssqrt(returns),20))",ga,-1.0,cyb,False,2019Q2,在役,,0
432,"div(div(ts_std(div(open,low),5),ts_min(high,20)),beta120)","div(div(ts_std(div(open,low),5),ts_min(high,20)),beta120)",ga,1.0,cyb,False,2019Q2,退役,2023Q3,0
433,"div(ts_std(mul(open,entropy120),20),high)","div(ts_std(mul(open,entropy120),20),high)",ga,1.0,cyb,False,2019Q2,退役,2026Q2,0
434,"div(div(ts_std(mul(mul(entropy120,open),sub(high,close)),5),","div(div(ts_std(mul(mul(entropy120,open),sub(high,close)),5),ts_min(open,20)),beta120)",ga,1.0,cyb,False,2019Q2,退役,2021Q2,0
435,"ts_std(ts_mean(ts_std(ts_std(volume,3),3),40),3)","ts_std(ts_mean(ts_std(ts_std(volume,3),3),40),3)",ga,1.0,hongli,False,2019Q2,在役,,0
436,"delay(ts_tsi(ssqrt(high),40),60)","delay(ts_tsi(ssqrt(high),40),60)",ga,1.0,hongli,False,2019Q2,退役,2023Q4,0
437,"abs(div(high,ts_er(volume,20)))","abs(div(high,ts_er(volume,20)))",ga,-1.0,hs300,False,2019Q3,退役,2023Q2,0
438,"abs(ts_corr(high,delta(close,120),20))","abs(ts_corr(high,delta(close,120),20))",ga,1.0,hs300,False,2019Q3,退役,2021Q1,0
439,"abs(ts_er(volume,10))","abs(ts_er(volume,10))",ga,1.0,hs300,False,2019Q3,退役,2022Q3,0
440,"ts_argmin(abs(returns),3)","ts_argmin(abs(returns),3)",ga,1.0,hs300,False,2019Q3,退役,2025Q3,0
441,"div(div(ts_std(div(ts_std(returns,40),beta120),40),beta120),","div(div(ts_std(div(ts_std(returns,40),beta120),40),beta120),low)",ga,1.0,zz500,False,2019Q3,退役,2024Q4,0
442,"div(ts_std(low,10),ts_mean(low,10))","div(ts_std(low,10),ts_mean(low,10))",ga,1.0,zz500,False,2019Q3,退役,2021Q2,0
443,"ts_min(beta120,40)","ts_min(beta120,40)",ga,-1.0,zz500,False,2019Q3,在役,,0
444,"ts_std(ema(slog(amount),60),3)","ts_std(ema(slog(amount),60),3)",ga,1.0,zz1000,False,2019Q3,退役,2024Q2,0
445,"div(close,delta(low,244))","div(close,delta(low,244))",ga,1.0,cyb,False,2019Q3,在役,,0
446,"ts_rank(div(close,ts_zscore(ssqrt(amount),60)),10)","ts_rank(div(close,ts_zscore(ssqrt(amount),60)),10)",ga,1.0,cyb,False,2019Q3,在役,,0
447,"ts_std(open,3)","ts_std(open,3)",ga,1.0,cyb,False,2019Q3,退役,2022Q1,0
448,"ts_min(ema(ts_rank(open,20),20),120)","ts_min(ema(ts_rank(open,20),20),120)",ga,1.0,hongli,False,2019Q3,退役,2026Q3,0
449,"ts_er(sub(open,high),40)","ts_er(sub(open,high),40)",ga,-1.0,hongli,False,2019Q3,退役,2022Q4,0
450,"ts_er(amount,40)","ts_er(amount,40)",ga,1.0,hongli,False,2019Q3,退役,2022Q2,0
451,"ts_slope(ts_tsi(volume,60),10)","ts_slope(ts_tsi(volume,60),10)",ga,1.0,hongli,False,2019Q3,退役,2022Q4,0
452,"div(close,high)","div(close,high)",ga,-1.0,hongli,False,2019Q3,退役,2026Q2,0
453,"delta(mul(ts_std(ema(ts_decay_linear(amount,3),40),3),abs(re","delta(mul(ts_std(ema(ts_decay_linear(amount,3),40),3),abs(returns)),244)",ga,1.0,,False,2019Q4,退役,2023Q2,0
454,"ts_std(ema(ts_zscore(ts_zscore(returns,40),244),40),3)","ts_std(ema(ts_zscore(ts_zscore(returns,40),244),40),3)",ga,1.0,,False,2019Q4,在役,,0
455,"ts_std(ema(ts_decay_linear(returns,3),10),3)","ts_std(ema(ts_decay_linear(returns,3),10),3)",ga,1.0,,False,2019Q4,在役,,0
456,"mul(abs(abs(ts_tsi(delay(returns,10),3))),volume)","mul(abs(abs(ts_tsi(delay(returns,10),3))),volume)",ga,1.0,hs300,False,2019Q4,退役,2025Q2,0
457,"sub(close,high)","sub(close,high)",ga,-1.0,hs300,False,2019Q4,退役,2021Q4,0
458,"ts_max(sub(open,high),3)","ts_max(sub(open,high),3)",ga,-1.0,hs300,False,2019Q4,退役,2025Q4,0
459,"ts_rank(div(high,low),5)","ts_rank(div(high,low),5)",ga,1.0,zz500,False,2019Q4,在役,,0
460,"ts_decay_linear(ts_zscore(ts_slope(amount,5),5),244)","ts_decay_linear(ts_zscore(ts_slope(amount,5),5),244)",ga,-1.0,zz500,False,2019Q4,退役,2025Q2,0
461,"ts_std(open,20)","ts_std(open,20)",ga,1.0,zz1000,False,2019Q4,退役,2020Q4,0
462,"abs(abs(abs(ts_zscore(returns,5))))","abs(abs(abs(ts_zscore(returns,5))))",ga,1.0,zz1000,False,2019Q4,在役,,0
463,"ts_argmax(ts_argmax(delta(volume,120),20),40)","ts_argmax(ts_argmax(delta(volume,120),20),40)",ga,1.0,cyb,False,2019Q4,退役,2026Q2,0
464,"abs(ts_sum(ts_slope(returns,20),5))","abs(ts_sum(ts_slope(returns,20),5))",ga,1.0,cyb,False,2019Q4,退役,2020Q4,0
465,"ts_rank(ts_rank(neg(ts_std(neg(low),10)),3),3)","ts_rank(ts_rank(neg(ts_std(neg(low),10)),3),3)",ga,1.0,cyb,False,2019Q4,退役,2024Q3,0
466,"ts_argmax(sign(delta(returns,10)),20)","ts_argmax(sign(delta(returns,10)),20)",ga,1.0,cyb,False,2019Q4,退役,2025Q1,0
467,"ts_std(slog(ts_er(entropy120,244)),120)","ts_std(slog(ts_er(entropy120,244)),120)",ga,1.0,hongli,False,2019Q4,退役,2026Q1,0
468,"ts_max(ts_sum(ts_std(sub(entropy120,delay(returns,3)),10),24","ts_max(ts_sum(ts_std(sub(entropy120,delay(returns,3)),10),244),60)",ga,1.0,hongli,False,2019Q4,退役,2026Q1,0
469,"ts_max(delay(ts_std(beta120,10),244),60)","ts_max(delay(ts_std(beta120,10),244),60)",ga,1.0,hongli,False,2019Q4,在役,,0
470,"ts_max(ts_decay_linear(ts_corr(beta120,returns,20),244),60)","ts_max(ts_decay_linear(ts_corr(beta120,returns,20),244),60)",ga,-1.0,hongli,False,2019Q4,退役,2024Q4,0
471,"ts_corr(delta(ts_std(returns,3),60),ssqrt(abs(ts_mean(volume","ts_corr(delta(ts_std(returns,3),60),ssqrt(abs(ts_mean(volume,60))),40)",ga,1.0,hongli,False,2019Q4,退役,2025Q4,0
472,"ts_rank(volume,40)","ts_rank(volume,40)",ga,1.0,hongli,False,2019Q4,退役,2026Q2,0
473,"slog(div(amount,delta(close,20)))","slog(div(amount,delta(close,20)))",ga,1.0,hongli,False,2019Q4,退役,2026Q3,0
474,"div(ts_zscore(abs(ts_zscore(returns,244)),244),sub(sub(open,","div(ts_zscore(abs(ts_zscore(returns,244)),244),sub(sub(open,ts_zscore(returns,10)),high))",ga,-1.0,,False,2020Q1,在役,,1
475,"abs(ts_zscore(sub(open,high),244))","abs(ts_zscore(sub(open,high),244))",ga,1.0,,False,2020Q1,退役,2026Q3,0
476,"div(open,sub(div(open,ts_zscore(ts_zscore(returns,244),244))","div(open,sub(div(open,ts_zscore(ts_zscore(returns,244),244)),high))",ga,-1.0,,False,2020Q1,在役,,0
477,"div(open,sub(ts_zscore(returns,244),beta120))","div(open,sub(ts_zscore(returns,244),beta120))",ga,1.0,,False,2020Q1,在役,,0
478,"neg(div(sub(ts_slope(delay(volume,244),60),volume),ts_slope(","neg(div(sub(ts_slope(delay(volume,244),60),volume),ts_slope(volume,5)))",ga,1.0,hs300,False,2020Q1,退役,2023Q4,0
479,"ts_corr(low,high,244)","ts_corr(low,high,244)",ga,1.0,hs300,False,2020Q1,退役,2021Q1,0
480,"ts_argmax(sub(ts_decay_linear(ts_sum(open,120),244),volume),","ts_argmax(sub(ts_decay_linear(ts_sum(open,120),244),volume),5)",ga,1.0,hs300,False,2020Q1,退役,2025Q2,0
481,"neg(ts_slope(ts_argmin(amount,244),20))","neg(ts_slope(ts_argmin(amount,244),20))",ga,-1.0,hs300,False,2020Q1,退役,2021Q2,0
482,"div(sub(ts_min(mul(volume,returns),3),ts_corr(returns,ts_arg","div(sub(ts_min(mul(volume,returns),3),ts_corr(returns,ts_argmin(close,10),120)),abs(mul(high,div(beta120,returns))))",ga,-1.0,zz500,False,2020Q1,在役,,0
483,"ts_argmax(ts_decay_linear(volume,20),120)","ts_argmax(ts_decay_linear(volume,20),120)",ga,-1.0,zz500,False,2020Q1,退役,2021Q2,0
484,"abs(delta(mul(returns,returns),120))","abs(delta(mul(returns,returns),120))",ga,1.0,zz500,False,2020Q1,退役,2025Q4,0
485,"ts_std(ts_decay_linear(volume,20),3)","ts_std(ts_decay_linear(volume,20),3)",ga,1.0,zz500,False,2020Q1,退役,2025Q2,0
486,"div(sub(ts_std(mul(volume,returns),3),ts_corr(returns,ts_dec","div(sub(ts_std(mul(volume,returns),3),ts_corr(returns,ts_decay_linear(open,10),120)),abs(sub(ts_std(mul(volume,returns),3),ts_corr(returns,ts_argmin(open,10),120))))",ga,-1.0,zz500,False,2020Q1,退役,2026Q3,0
487,"ts_min(ts_corr(ts_decay_linear(beta120,3),ssqrt(volume),244)","ts_min(ts_corr(ts_decay_linear(beta120,3),ssqrt(volume),244),3)",ga,-1.0,zz1000,False,2020Q1,退役,2024Q1,0
488,"ts_std(abs(neg(returns)),10)","ts_std(abs(neg(returns)),10)",ga,1.0,zz1000,False,2020Q1,在役,,0
489,"ts_rank(ts_std(amount,244),120)","ts_rank(ts_std(amount,244),120)",ga,1.0,zz1000,False,2020Q1,退役,2026Q1,0
490,"ts_std(div(abs(low),open),10)","ts_std(div(abs(low),open),10)",ga,1.0,zz1000,False,2020Q1,退役,2025Q3,0
491,"ts_std(ssqrt(close),20)","ts_std(ssqrt(close),20)",ga,1.0,cyb,False,2020Q1,退役,2026Q1,0
492,"ts_std(ts_sum(returns,3),5)","ts_std(ts_sum(returns,3),5)",ga,1.0,cyb,False,2020Q1,退役,2025Q1,0
493,"ts_mean(delta(ts_slope(ts_std(open,244),3),20),20)","ts_mean(delta(ts_slope(ts_std(open,244),3),20),20)",ga,1.0,cyb,False,2020Q1,退役,2021Q1,0
494,"ts_max(ts_zscore(returns,20),20)","ts_max(ts_zscore(returns,20),20)",ga,1.0,cyb,False,2020Q1,退役,2025Q1,0
495,"ts_std(ssqrt(ts_argmax(ssqrt(amount),5)),5)","ts_std(ssqrt(ts_argmax(ssqrt(amount),5)),5)",ga,-1.0,cyb,False,2020Q1,退役,2024Q3,0
496,"ts_std(ssqrt(ts_slope(abs(returns),3)),5)","ts_std(ssqrt(ts_slope(abs(returns),3)),5)",ga,1.0,cyb,False,2020Q1,退役,2025Q1,0
497,"mul(add(ts_std(low,120),volume),ts_std(delta(high,120),20))","mul(add(ts_std(low,120),volume),ts_std(delta(high,120),20))",ga,1.0,hongli,False,2020Q1,退役,2026Q3,0
498,"ts_corr(ts_zscore(abs(volume),10),beta120,244)","ts_corr(ts_zscore(abs(volume),10),beta120,244)",ga,1.0,hongli,False,2020Q1,退役,2025Q2,0
499,"ts_tsi(ts_zscore(abs(volume),10),244)","ts_tsi(ts_zscore(abs(volume),10),244)",ga,1.0,hongli,False,2020Q1,退役,2026Q2,0
500,"ts_zscore(delta(div(high,low),244),244)","ts_zscore(delta(div(high,low),244),244)",ga,1.0,,False,2020Q2,退役,2021Q2,0
501,"div(ssqrt(ts_rank(low,60)),volume)","div(ssqrt(ts_rank(low,60)),volume)",ga,-1.0,hs300,False,2020Q2,退役,2026Q3,0
502,"div(div(ts_sum(ts_corr(entropy120,volume,20),244),volume),vo","div(div(ts_sum(ts_corr(entropy120,volume,20),244),volume),volume)",ga,-1.0,hs300,False,2020Q2,退役,2021Q2,0
503,"delay(volume,20)","delay(volume,20)",ga,1.0,hs300,False,2020Q2,退役,2024Q2,0
504,"ts_rank(ts_argmax(high,5),3)","ts_rank(ts_argmax(high,5),3)",ga,-1.0,hs300,False,2020Q2,在役,,0
505,"ts_std(sub(ts_min(delay(close,20),40),returns),3)","ts_std(sub(ts_min(delay(close,20),40),returns),3)",ga,1.0,zz500,False,2020Q2,在役,,0
506,"ts_std(add(ts_max(ssqrt(open),60),returns),3)","ts_std(add(ts_max(ssqrt(open),60),returns),3)",ga,1.0,zz500,False,2020Q2,在役,,0
507,"ts_std(sub(close,delay(ts_sum(open,5),3)),3)","ts_std(sub(close,delay(ts_sum(open,5),3)),3)",ga,1.0,zz500,False,2020Q2,退役,2025Q3,0
508,"mul(abs(returns),ts_rank(sub(entropy120,beta120),60))","mul(abs(returns),ts_rank(sub(entropy120,beta120),60))",ga,1.0,zz1000,False,2020Q2,退役,2026Q3,0
509,"ts_argmax(returns,60)","ts_argmax(returns,60)",ga,-1.0,zz1000,False,2020Q2,退役,2021Q2,0
510,"ts_max(ssqrt(returns),10)","ts_max(ssqrt(returns),10)",ga,1.0,zz1000,False,2020Q2,退役,2025Q1,0
511,"ts_argmax(high,244)","ts_argmax(high,244)",ga,-1.0,cyb,False,2020Q2,退役,2026Q1,0
512,"ts_std(mul(delay(returns,60),ts_slope(low,10)),5)","ts_std(mul(delay(returns,60),ts_slope(low,10)),5)",ga,1.0,cyb,False,2020Q2,退役,2025Q2,0
513,"abs(slog(slog(ts_zscore(returns,20))))","abs(slog(slog(ts_zscore(returns,20))))",ga,1.0,hongli,False,2020Q2,退役,2022Q2,0
514,"ts_std(sub(mul(ts_slope(open,5),sub(high,close)),low),5)","ts_std(sub(mul(ts_slope(open,5),sub(high,close)),low),5)",ga,1.0,,False,2020Q3,退役,2025Q2,0
515,"ts_argmax(returns,40)","ts_argmax(returns,40)",ga,-1.0,,False,2020Q3,在役,,0
516,"div(high,ts_zscore(amount,20))","div(high,ts_zscore(amount,20))",ga,1.0,,False,2020Q3,退役,2024Q1,0
517,"abs(mul(ts_slope(amount,20),returns))","abs(mul(ts_slope(amount,20),returns))",ga,1.0,hs300,False,2020Q3,退役,2026Q1,0
518,"ts_slope(sub(close,high),5)","ts_slope(sub(close,high),5)",ga,-1.0,hs300,False,2020Q3,退役,2023Q4,0
519,"ts_slope(beta120,244)","ts_slope(beta120,244)",ga,1.0,hs300,False,2020Q3,退役,2024Q3,0
520,"abs(mul(ts_zscore(ts_std(ts_mean(high,3),10),20),ts_zscore(v","abs(mul(ts_zscore(ts_std(ts_mean(high,3),10),20),ts_zscore(volume,20)))",ga,1.0,hs300,False,2020Q3,退役,2022Q4,0
521,"ts_min(entropy120,244)","ts_min(entropy120,244)",ga,-1.0,hs300,False,2020Q3,退役,2025Q1,0
522,"sub(ts_min(ts_slope(volume,5),244),ts_er(volume,10))","sub(ts_min(ts_slope(volume,5),244),ts_er(volume,10))",ga,-1.0,hs300,False,2020Q3,退役,2023Q2,0
523,"div(ts_std(add(open,beta120),3),beta120)","div(ts_std(add(open,beta120),3),beta120)",ga,1.0,zz500,False,2020Q3,在役,,0
524,"ts_max(ts_corr(amount,close,244),5)","ts_max(ts_corr(amount,close,244),5)",ga,1.0,zz1000,False,2020Q3,退役,2024Q3,0
525,"div(low,ts_std(div(high,open),5))","div(low,ts_std(div(high,open),5))",ga,-1.0,cyb,False,2020Q3,退役,2025Q1,0
526,"ts_corr(beta120,returns,244)","ts_corr(beta120,returns,244)",ga,-1.0,cyb,False,2020Q3,退役,2023Q4,0
527,"ts_std(div(low,returns),5)","ts_std(div(low,returns),5)",ga,-1.0,cyb,False,2020Q3,退役,2024Q1,0
528,"ts_std(low,10)","ts_std(low,10)",ga,1.0,cyb,False,2020Q3,退役,2025Q1,0
529,"sign(ema(delta(returns,3),3))","sign(ema(delta(returns,3),3))",ga,1.0,cyb,False,2020Q3,退役,2024Q1,0
530,"abs(mul(mul(volume,returns),mul(ts_std(entropy120,120),ts_zs","abs(mul(mul(volume,returns),mul(ts_std(entropy120,120),ts_zscore(ssqrt(amount),10))))",ga,1.0,hongli,False,2020Q3,在役,,0
531,"abs(mul(abs(ts_zscore(low,60)),mul(ts_std(entropy120,120),ts","abs(mul(abs(ts_zscore(low,60)),mul(ts_std(entropy120,120),ts_zscore(ssqrt(amount),10))))",ga,1.0,hongli,False,2020Q3,退役,2025Q2,0
532,"abs(mul(ts_slope(volume,10),ts_std(entropy120,120)))","abs(mul(ts_slope(volume,10),ts_std(entropy120,120)))",ga,1.0,hongli,False,2020Q3,退役,2026Q2,0
533,"abs(mul(ts_slope(beta120,3),mul(ts_std(entropy120,120),volum","abs(mul(ts_slope(beta120,3),mul(ts_std(entropy120,120),volume)))",ga,1.0,hongli,False,2020Q3,退役,2026Q1,0
534,"abs(mul(ts_slope(close,3),volume))","abs(mul(ts_slope(close,3),volume))",ga,1.0,hongli,False,2020Q3,在役,,0
535,"delay(high,244)","delay(high,244)",ga,-1.0,,False,2020Q4,在役,,0
536,"abs(ts_max(mul(ts_std(ssqrt(returns),3),neg(returns)),3))","abs(ts_max(mul(ts_std(ssqrt(returns),3),neg(returns)),3))",ga,1.0,,False,2020Q4,在役,,0
537,"div(ssqrt(returns),ts_zscore(low,120))","div(ssqrt(returns),ts_zscore(low,120))",ga,1.0,hs300,False,2020Q4,退役,2024Q1,0
538,"delta(amount,40)","delta(amount,40)",ga,1.0,hs300,False,2020Q4,退役,2021Q4,0
539,"div(ssqrt(beta120),abs(ts_slope(mul(returns,volume),3)))","div(ssqrt(beta120),abs(ts_slope(mul(returns,volume),3)))",ga,-1.0,zz500,False,2020Q4,退役,2022Q1,0
540,"ts_er(ts_std(returns,3),244)","ts_er(ts_std(returns,3),244)",ga,1.0,zz500,False,2020Q4,退役,2023Q4,0
541,"div(ssqrt(beta120),abs(ts_slope(abs(returns),3)))","div(ssqrt(beta120),abs(ts_slope(abs(returns),3)))",ga,-1.0,zz500,False,2020Q4,退役,2025Q2,0
542,"mul(ts_std(add(ts_zscore(beta120,40),ts_mean(returns,120)),3","mul(ts_std(add(ts_zscore(beta120,40),ts_mean(returns,120)),3),ts_std(returns,3))",ga,1.0,zz1000,False,2020Q4,在役,,0
543,"mul(ts_std(ts_std(returns,244),3),ts_std(returns,3))","mul(ts_std(ts_std(returns,244),3),ts_std(returns,3))",ga,1.0,zz1000,False,2020Q4,在役,,0
544,"ts_std(ts_std(mul(ts_std(ts_std(returns,3),3),ts_std(returns","ts_std(ts_std(mul(ts_std(ts_std(returns,3),3),ts_std(returns,3)),3),3)",ga,1.0,zz1000,False,2020Q4,在役,,0
545,"mul(ts_std(ts_std(ssqrt(beta120),3),3),ts_std(returns,3))","mul(ts_std(ts_std(ssqrt(beta120),3),3),ts_std(returns,3))",ga,1.0,zz1000,False,2020Q4,在役,,0
546,"ts_std(ts_decay_linear(returns,3),3)","ts_std(ts_decay_linear(returns,3),3)",ga,1.0,zz1000,False,2020Q4,在役,,0
547,"div(close,div(sub(ts_mean(high,244),low),ts_mean(entropy120,","div(close,div(sub(ts_mean(high,244),low),ts_mean(entropy120,60)))",ga,-1.0,cyb,False,2020Q4,在役,,0
548,"sub(returns,mul(delay(sub(close,low),244),beta120))","sub(returns,mul(delay(sub(close,low),244),beta120))",ga,1.0,cyb,False,2020Q4,退役,2026Q3,0
549,"div(mul(beta120,high),ts_std(delta(beta120,244),5))","div(mul(beta120,high),ts_std(delta(beta120,244),5))",ga,-1.0,cyb,False,2020Q4,在役,,1
550,"delay(ts_decay_linear(amount,20),244)","delay(ts_decay_linear(amount,20),244)",ga,-1.0,cyb,False,2020Q4,在役,,0
551,"mul(beta120,ts_er(ts_min(close,5),5))","mul(beta120,ts_er(ts_min(close,5),5))",ga,-1.0,cyb,False,2020Q4,在役,,0
552,"div(sub(close,low),div(sub(close,mul(beta120,close)),mul(bet","div(sub(close,low),div(sub(close,mul(beta120,close)),mul(beta120,close)))",ga,1.0,cyb,False,2020Q4,在役,,0
553,"add(ssqrt(slog(volume)),ts_corr(amount,ts_std(delay(ts_std(v","add(ssqrt(slog(volume)),ts_corr(amount,ts_std(delay(ts_std(volume,3),120),3),120))",ga,1.0,hongli,False,2020Q4,退役,2026Q3,0
554,"mul(sub(delay(ts_std(volume,3),120),volume),delay(ts_std(vol","mul(sub(delay(ts_std(volume,3),120),volume),delay(ts_std(volume,3),120))",ga,-1.0,hongli,False,2020Q4,在役,,0
555,"mul(sub(delay(ts_std(volume,3),120),volume),ts_std(ts_corr(t","mul(sub(delay(ts_std(volume,3),120),volume),ts_std(ts_corr(ts_corr(open,returns,3),sub(beta120,open),5),3))",ga,-1.0,hongli,False,2020Q4,退役,2021Q4,0
556,"abs(ts_tsi(amount,10))","abs(ts_tsi(amount,10))",ga,1.0,hongli,False,2020Q4,在役,,0
557,"ts_std(div(abs(returns),open),3)","ts_std(div(abs(returns),open),3)",ga,1.0,,False,2021Q1,在役,,0
558,"ts_slope(ssqrt(abs(returns)),3)","ts_slope(ssqrt(abs(returns)),3)",ga,1.0,,False,2021Q1,退役,2023Q3,0
559,"abs(ts_zscore(slog(amount),40))","abs(ts_zscore(slog(amount),40))",ga,1.0,hs300,False,2021Q1,退役,2022Q1,0
560,"abs(mul(mul(abs(returns),ts_corr(close,volume,20)),ts_zscore","abs(mul(mul(abs(returns),ts_corr(close,volume,20)),ts_zscore(neg(volume),20)))",ga,1.0,hs300,False,2021Q1,退役,2025Q4,0
561,"abs(mul(volume,ts_slope(amount,10)))","abs(mul(volume,ts_slope(amount,10)))",ga,1.0,hs300,False,2021Q1,退役,2025Q4,0
562,"mul(div(sub(high,close),low),mul(mul(mul(returns,returns),lo","mul(div(sub(high,close),low),mul(mul(mul(returns,returns),low),sub(close,low)))",ga,1.0,zz500,False,2021Q1,退役,2026Q2,0
563,"ts_std(slog(volume),20)","ts_std(slog(volume),20)",ga,1.0,zz1000,False,2021Q1,退役,2024Q1,0
564,"ts_std(ts_std(slog(high),20),5)","ts_std(ts_std(slog(high),20),5)",ga,1.0,zz1000,False,2021Q1,退役,2026Q3,0
565,"delay(ts_tsi(ssqrt(amount),244),120)","delay(ts_tsi(ssqrt(amount),244),120)",ga,1.0,zz1000,False,2021Q1,退役,2022Q1,0
566,"delay(ts_sum(returns,244),120)","delay(ts_sum(returns,244),120)",ga,1.0,zz1000,False,2021Q1,退役,2024Q4,0
567,"mul(ts_decay_linear(ts_argmax(ts_std(volume,3),60),244),volu","mul(ts_decay_linear(ts_argmax(ts_std(volume,3),60),244),volume)",ga,-1.0,cyb,False,2021Q1,在役,,0
568,"mul(ts_decay_linear(ts_er(ts_argmin(low,40),20),244),volume)","mul(ts_decay_linear(ts_er(ts_argmin(low,40),20),244),volume)",ga,-1.0,cyb,False,2021Q1,在役,,0
569,"ts_max(ts_decay_linear(entropy120,60),20)","ts_max(ts_decay_linear(entropy120,60),20)",ga,1.0,cyb,False,2021Q1,退役,2025Q2,0
570,"ts_rank(ts_sum(volume,244),244)","ts_rank(ts_sum(volume,244),244)",ga,1.0,cyb,False,2021Q1,退役,2026Q2,0
571,"ts_std(ts_std(open,3),5)","ts_std(ts_std(open,3),5)",ga,1.0,cyb,False,2021Q1,在役,,0
572,"div(volume,amount)","div(volume,amount)",ga,1.0,hongli,False,2021Q1,在役,,0
573,"add(ts_std(ts_sum(low,120),120),ts_zscore(ssqrt(open),40))","add(ts_std(ts_sum(low,120),120),ts_zscore(ssqrt(open),40))",ga,1.0,hongli,False,2021Q1,退役,2022Q1,0
574,"ts_er(ts_std(open,120),10)","ts_er(ts_std(open,120),10)",ga,1.0,hongli,False,2021Q1,退役,2023Q1,0
575,"ts_std(ema(amount,20),3)","ts_std(ema(amount,20),3)",ga,1.0,,False,2021Q2,在役,,0
576,"ts_std(ema(ts_decay_linear(volume,5),20),3)","ts_std(ema(ts_decay_linear(volume,5),20),3)",ga,1.0,,False,2021Q2,退役,2025Q3,0
577,"mul(ts_std(ssqrt(ts_std(amount,40)),3),ts_std(ssqrt(close),3","mul(ts_std(ssqrt(ts_std(amount,40)),3),ts_std(ssqrt(close),3))",ga,1.0,hs300,False,2021Q2,退役,2023Q4,0
578,"mul(ts_std(abs(ts_argmax(volume,40)),3),ts_std(ssqrt(close),","mul(ts_std(abs(ts_argmax(volume,40)),3),ts_std(ssqrt(close),3))",ga,1.0,hs300,False,2021Q2,退役,2025Q3,0
579,"ts_std(ssqrt(ema(volume,40)),3)","ts_std(ssqrt(ema(volume,40)),3)",ga,1.0,hs300,False,2021Q2,退役,2025Q4,0
580,"mul(ts_std(ssqrt(ema(amount,120)),3),ts_std(ssqrt(close),3))","mul(ts_std(ssqrt(ema(amount,120)),3),ts_std(ssqrt(close),3))",ga,1.0,hs300,False,2021Q2,退役,2023Q4,0
581,"ts_std(ssqrt(ts_std(high,40)),3)","ts_std(ssqrt(ts_std(high,40)),3)",ga,1.0,hs300,False,2021Q2,退役,2022Q2,0
582,"mul(ts_std(ssqrt(ts_std(amount,3)),3),ts_std(close,3))","mul(ts_std(ssqrt(ts_std(amount,3)),3),ts_std(close,3))",ga,1.0,hs300,False,2021Q2,退役,2023Q4,0
583,"mul(ts_std(ssqrt(ts_std(amount,40)),3),ts_std(ssqrt(ts_sum(t","mul(ts_std(ssqrt(ts_std(amount,40)),3),ts_std(ssqrt(ts_sum(ts_tsi(low,10),60)),3))",ga,1.0,hs300,False,2021Q2,退役,2023Q4,0
584,"ts_std(close,10)","ts_std(close,10)",ga,1.0,zz500,False,2021Q2,退役,2025Q4,0
585,"div(low,ts_std(ts_sum(amount,3),5))","div(low,ts_std(ts_sum(amount,3),5))",ga,-1.0,zz500,False,2021Q2,在役,,0
586,"div(low,sub(mul(returns,low),ssqrt(open)))","div(low,sub(mul(returns,low),ssqrt(open)))",ga,1.0,zz500,False,2021Q2,在役,,0
587,"abs(ts_std(slog(amount),20))","abs(ts_std(slog(amount),20))",ga,1.0,zz500,False,2021Q2,在役,,0
588,"div(low,ema(ts_rank(amount,120),244))","div(low,ema(ts_rank(amount,120),244))",ga,-1.0,zz500,False,2021Q2,在役,,0
589,"ts_std(sub(low,sub(high,ssqrt(open))),10)","ts_std(sub(low,sub(high,ssqrt(open))),10)",ga,1.0,zz500,False,2021Q2,退役,2023Q3,0
590,"div(ts_tsi(ts_zscore(returns,5),5),sub(high,ts_rank(ts_rank(","div(ts_tsi(ts_zscore(returns,5),5),sub(high,ts_rank(ts_rank(open,244),244)))",ga,1.0,zz500,False,2021Q2,退役,2022Q4,0
591,"div(high,low)","div(high,low)",ga,1.0,zz1000,False,2021Q2,在役,,0
592,"abs(ts_sum(returns,10))","abs(ts_sum(returns,10))",ga,1.0,zz1000,False,2021Q2,退役,2025Q4,0
593,"abs(ts_std(div(volume,high),10))","abs(ts_std(div(volume,high),10))",ga,1.0,zz1000,False,2021Q2,在役,,0
594,"ts_std(abs(ts_mean(returns,20)),3)","ts_std(abs(ts_mean(returns,20)),3)",ga,1.0,zz1000,False,2021Q2,在役,,0
595,"ts_argmax(ts_mean(low,60),244)","ts_argmax(ts_mean(low,60),244)",ga,-1.0,cyb,False,2021Q2,退役,2026Q2,0
596,"ts_zscore(ts_zscore(amount,5),244)","ts_zscore(ts_zscore(amount,5),244)",ga,-1.0,cyb,False,2021Q2,退役,2023Q4,0
597,"div(ts_argmax(div(close,low),120),ts_er(ts_corr(returns,volu","div(ts_argmax(div(close,low),120),ts_er(ts_corr(returns,volume,60),244))",ga,1.0,cyb,False,2021Q2,退役,2026Q1,0
598,"abs(div(high,ts_zscore(returns,5)))","abs(div(high,ts_zscore(returns,5)))",ga,-1.0,cyb,False,2021Q2,退役,2022Q2,0
599,"mul(mul(ts_tsi(mul(ts_tsi(beta120,244),volume),244),volume),","mul(mul(ts_tsi(mul(ts_tsi(beta120,244),volume),244),volume),delta(amount,120))",ga,-1.0,hongli,False,2021Q2,退役,2024Q3,0
600,"abs(delta(volume,120))","abs(delta(volume,120))",ga,1.0,hongli,False,2021Q2,退役,2025Q4,0
601,"mul(mul(ts_tsi(low,244),delta(amount,120)),ts_tsi(beta120,24","mul(mul(ts_tsi(low,244),delta(amount,120)),ts_tsi(beta120,244))",ga,-1.0,hongli,False,2021Q2,退役,2022Q4,0
602,"mul(ts_tsi(beta120,244),ts_tsi(beta120,244))","mul(ts_tsi(beta120,244),ts_tsi(beta120,244))",ga,-1.0,hongli,False,2021Q2,退役,2026Q2,0
603,"mul(ts_tsi(mul(ts_tsi(beta120,244),volume),244),delta(close,","mul(ts_tsi(mul(ts_tsi(beta120,244),volume),244),delta(close,120))",ga,-1.0,hongli,False,2021Q2,退役,2024Q1,0
604,"ts_argmax(ts_min(beta120,3),5)","ts_argmax(ts_min(beta120,3),5)",ga,1.0,hongli,False,2021Q2,在役,,0
605,"mul(ts_tsi(delta(volume,120),244),delta(volume,120))","mul(ts_tsi(delta(volume,120),244),delta(volume,120))",ga,1.0,hongli,False,2021Q2,退役,2026Q1,0
606,"mul(ts_tsi(mul(ts_tsi(beta120,244),delta(volume,120)),244),d","mul(ts_tsi(mul(ts_tsi(beta120,244),delta(volume,120)),244),delta(volume,120))",ga,-1.0,hongli,False,2021Q2,退役,2026Q3,0
607,"div(close,sub(sub(sub(sub(open,high),high),high),high))","div(close,sub(sub(sub(sub(open,high),high),high),high))",ga,1.0,,False,2021Q3,在役,,0
608,"div(ts_er(div(high,low),244),volume)","div(ts_er(div(high,low),244),volume)",ga,1.0,,False,2021Q3,退役,2023Q3,0
609,"ts_tsi(ts_zscore(amount,10),60)","ts_tsi(ts_zscore(amount,10),60)",ga,1.0,hs300,False,2021Q3,退役,2026Q3,0
610,"div(high,sub(high,low))","div(high,sub(high,low))",ga,-1.0,hs300,False,2021Q3,退役,2023Q2,0
611,"ts_argmin(entropy120,10)","ts_argmin(entropy120,10)",ga,-1.0,hs300,False,2021Q3,在役,,0
612,"ts_argmax(div(ts_er(ts_argmin(delay(entropy120,5),40),10),ne","ts_argmax(div(ts_er(ts_argmin(delay(entropy120,5),40),10),neg(returns)),60)",ga,1.0,hs300,False,2021Q3,退役,2026Q1,0
613,"div(sub(high,ts_argmax(ts_argmin(ts_rank(volume,244),40),40)","div(sub(high,ts_argmax(ts_argmin(ts_rank(volume,244),40),40)),add(low,add(open,high)))",ga,1.0,zz500,False,2021Q3,退役,2025Q2,0
614,"ts_tsi(ts_min(ts_argmax(volume,40),5),244)","ts_tsi(ts_min(ts_argmax(volume,40),5),244)",ga,-1.0,zz500,False,2021Q3,退役,2022Q4,0
615,"ts_corr(entropy120,volume,244)","ts_corr(entropy120,volume,244)",ga,-1.0,zz500,False,2021Q3,退役,2022Q3,0
616,"div(sub(low,ts_argmax(low,40)),add(abs(sub(entropy120,low)),","div(sub(low,ts_argmax(low,40)),add(abs(sub(entropy120,low)),high))",ga,-1.0,zz500,False,2021Q3,在役,,0
617,"abs(abs(ts_slope(close,10)))","abs(abs(ts_slope(close,10)))",ga,1.0,zz1000,False,2021Q3,退役,2025Q4,0
618,"ts_std(abs(returns),20)","ts_std(abs(returns),20)",ga,1.0,zz1000,False,2021Q3,在役,,0
619,"ts_std(open,3)","ts_std(open,3)",ga,1.0,zz1000,False,2021Q3,在役,,0
620,"abs(ts_zscore(amount,5))","abs(ts_zscore(amount,5))",ga,1.0,zz1000,False,2021Q3,退役,2026Q3,0
621,"sub(beta120,ts_zscore(ts_er(ts_zscore(returns,10),20),5))","sub(beta120,ts_zscore(ts_er(ts_zscore(returns,10),20),5))",ga,-1.0,cyb,False,2021Q3,退役,2022Q4,0
622,"ts_sum(ts_max(ts_corr(close,high,20),5),10)","ts_sum(ts_max(ts_corr(close,high,20),5),10)",ga,1.0,cyb,False,2021Q3,退役,2024Q1,0
623,"sign(ts_argmin(amount,10))","sign(ts_argmin(amount,10))",ga,-1.0,cyb,False,2021Q3,退役,2022Q3,0
624,"sub(beta120,ts_tsi(neg(beta120),5))","sub(beta120,ts_tsi(neg(beta120),5))",ga,-1.0,cyb,False,2021Q3,退役,2024Q3,0
625,"ts_zscore(ts_tsi(neg(volume),5),5)","ts_zscore(ts_tsi(neg(volume),5),5)",ga,1.0,cyb,False,2021Q3,退役,2023Q3,0
626,"ts_tsi(ts_slope(volume,3),40)","ts_tsi(ts_slope(volume,3),40)",ga,1.0,hongli,False,2021Q3,退役,2022Q4,0
627,"ts_zscore(div(sub(sub(low,high),ts_std(beta120,40)),sub(low,","ts_zscore(div(sub(sub(low,high),ts_std(beta120,40)),sub(low,high)),120)",ga,-1.0,,False,2021Q4,在役,,0
628,"ts_slope(sub(high,close),20)","ts_slope(sub(high,close),20)",ga,1.0,hs300,False,2021Q4,退役,2025Q3,0
629,"delta(sub(high,close),20)","delta(sub(high,close),20)",ga,1.0,hs300,False,2021Q4,在役,,0
630,"sub(ts_er(abs(returns),3),entropy120)","sub(ts_er(abs(returns),3),entropy120)",ga,1.0,hs300,False,2021Q4,退役,2026Q1,0
631,"ts_rank(ts_rank(beta120,10),10)","ts_rank(ts_rank(beta120,10),10)",ga,-1.0,hs300,False,2021Q4,退役,2023Q4,0
632,"ts_er(sub(high,low),20)","ts_er(sub(high,low),20)",ga,1.0,hs300,False,2021Q4,退役,2025Q2,0
633,"sub(ts_zscore(abs(returns),10),ts_zscore(returns,120))","sub(ts_zscore(abs(returns),10),ts_zscore(returns,120))",ga,1.0,hs300,False,2021Q4,退役,2025Q3,0
634,"div(close,high)","div(close,high)",ga,-1.0,hs300,False,2021Q4,在役,,0
635,"ts_zscore(ts_std(amount,10),120)","ts_zscore(ts_std(amount,10),120)",ga,1.0,zz500,False,2021Q4,退役,2023Q1,0
636,"ts_std(ema(volume,40),5)","ts_std(ema(volume,40),5)",ga,1.0,zz500,False,2021Q4,在役,,0
637,"ts_zscore(ts_std(ts_std(ts_std(returns,3),3),3),244)","ts_zscore(ts_std(ts_std(ts_std(returns,3),3),3),244)",ga,1.0,zz500,False,2021Q4,在役,,0
638,"delta(abs(returns),60)","delta(abs(returns),60)",ga,1.0,zz1000,False,2021Q4,在役,,0
639,"mul(add(ts_std(low,20),amount),div(div(beta120,ts_std(return","mul(add(ts_std(low,20),amount),div(div(beta120,ts_std(returns,20)),ts_rank(ts_max(ts_sum(beta120,60),244),3)))",ga,-1.0,cyb,False,2021Q4,在役,,0
640,"mul(add(ts_max(ts_sum(high,60),244),amount),div(div(beta120,","mul(add(ts_max(ts_sum(high,60),244),amount),div(div(beta120,ts_std(low,20)),ts_std(div(volume,amount),3)))",ga,-1.0,cyb,False,2021Q4,在役,,0
641,"div(delay(div(delay(high,20),volume),20),volume)","div(delay(div(delay(high,20),volume),20),volume)",ga,-1.0,hongli,False,2021Q4,退役,2026Q2,0
642,"div(ts_rank(open,20),volume)","div(ts_rank(open,20),volume)",ga,-1.0,hongli,False,2021Q4,在役,,0
643,"ts_argmax(ts_min(amount,244),120)","ts_argmax(ts_min(amount,244),120)",ga,1.0,hongli,False,2021Q4,退役,2022Q4,0
644,"delta(ts_er(beta120,120),5)","delta(ts_er(beta120,120),5)",ga,-1.0,hongli,False,2021Q4,退役,2022Q4,0
645,"ssqrt(ts_std(beta120,40))","ssqrt(ts_std(beta120,40))",ga,1.0,hongli,False,2021Q4,退役,2022Q4,0
646,"abs(ts_mean(returns,20))","abs(ts_mean(returns,20))",ga,1.0,,False,2022Q1,在役,,0
647,"abs(mul(ts_zscore(volume,40),ts_decay_linear(volume,120)))","abs(mul(ts_zscore(volume,40),ts_decay_linear(volume,120)))",ga,1.0,,False,2022Q1,退役,2023Q3,0
648,"abs(div(ts_slope(close,5),ts_max(ts_min(delay(low,244),244),","abs(div(ts_slope(close,5),ts_max(ts_min(delay(low,244),244),3)))",ga,1.0,,False,2022Q1,在役,,0
649,"add(ts_corr(ts_tsi(low,244),amount,120),ts_mean(entropy120,2","add(ts_corr(ts_tsi(low,244),amount,120),ts_mean(entropy120,20))",ga,1.0,,False,2022Q1,退役,2023Q2,0
650,"ts_zscore(abs(ts_zscore(add(entropy120,amount),60)),60)","ts_zscore(abs(ts_zscore(add(entropy120,amount),60)),60)",ga,1.0,hs300,False,2022Q1,退役,2023Q3,0
651,"delta(ts_zscore(abs(returns),60),60)","delta(ts_zscore(abs(returns),60),60)",ga,1.0,hs300,False,2022Q1,退役,2025Q2,0
652,"ts_zscore(abs(abs(ts_tsi(amount,20))),20)","ts_zscore(abs(abs(ts_tsi(amount,20))),20)",ga,1.0,hs300,False,2022Q1,退役,2025Q4,0
653,"delay(delta(close,3),3)","delay(delta(close,3),3)",ga,-1.0,hs300,False,2022Q1,在役,,0
654,"ts_zscore(ts_zscore(ts_argmin(open,60),60),60)","ts_zscore(ts_zscore(ts_argmin(open,60),60),60)",ga,-1.0,hs300,False,2022Q1,在役,,0
655,"ts_er(open,5)","ts_er(open,5)",ga,-1.0,hs300,False,2022Q1,在役,,0
656,"abs(ts_tsi(abs(returns),20))","abs(ts_tsi(abs(returns),20))",ga,1.0,hs300,False,2022Q1,在役,,0
657,"ts_corr(div(abs(returns),close),mul(returns,returns),20)","ts_corr(div(abs(returns),close),mul(returns,returns),20)",ga,-1.0,zz500,False,2022Q1,退役,2023Q3,0
658,"delta(neg(div(high,low)),20)","delta(neg(div(high,low)),20)",ga,-1.0,zz500,False,2022Q1,在役,,0
659,"ts_tsi(mul(returns,returns),60)","ts_tsi(mul(returns,returns),60)",ga,1.0,zz500,False,2022Q1,退役,2025Q2,0
660,"mul(ts_std(open,10),ts_corr(ts_rank(ts_max(open,10),244),low","mul(ts_std(open,10),ts_corr(ts_rank(ts_max(open,10),244),low,40))",ga,1.0,zz1000,False,2022Q1,退役,2025Q2,0
661,"mul(ts_std(open,10),ts_corr(returns,low,40))","mul(ts_std(open,10),ts_corr(returns,low,40))",ga,1.0,zz1000,False,2022Q1,退役,2025Q4,0
662,"delay(ts_min(ts_std(volume,5),60),244)","delay(ts_min(ts_std(volume,5),60),244)",ga,-1.0,cyb,False,2022Q1,退役,2024Q3,0
663,"ema(volume,244)","ema(volume,244)",ga,-1.0,cyb,False,2022Q1,退役,2023Q3,0
664,"delay(delay(amount,244),120)","delay(delay(amount,244),120)",ga,-1.0,cyb,False,2022Q1,退役,2024Q3,0
665,"delay(ts_min(volume,40),244)","delay(ts_min(volume,40),244)",ga,-1.0,cyb,False,2022Q1,退役,2026Q2,0
666,"ts_std(volume,244)","ts_std(volume,244)",ga,-1.0,cyb,False,2022Q1,退役,2023Q2,0
667,"delay(delay(ts_max(amount,10),244),244)","delay(delay(ts_max(amount,10),244),244)",ga,-1.0,cyb,False,2022Q1,退役,2025Q4,0
668,"div(neg(close),volume)","div(neg(close),volume)",ga,-1.0,cyb,False,2022Q1,退役,2023Q4,0
669,"delay(volume,60)","delay(volume,60)",ga,-1.0,cyb,False,2022Q1,在役,,0
670,"ts_min(ts_sum(slog(volume),5),5)","ts_min(ts_sum(slog(volume),5),5)",ga,-1.0,cyb,False,2022Q1,在役,,0
671,"delay(delay(ts_std(open,5),244),244)","delay(delay(ts_std(open,5),244),244)",ga,-1.0,cyb,False,2022Q1,退役,2024Q4,0
672,"mul(high,mul(ema(high,244),delay(ema(entropy120,244),244)))","mul(high,mul(ema(high,244),delay(ema(entropy120,244),244)))",ga,-1.0,hongli,False,2022Q1,在役,,0
673,"add(high,mul(delay(low,244),delay(ema(entropy120,244),244)))","add(high,mul(delay(low,244),delay(ema(entropy120,244),244)))",ga,-1.0,hongli,False,2022Q1,在役,,0
674,"mul(low,delay(ema(entropy120,244),244))","mul(low,delay(ema(entropy120,244),244))",ga,-1.0,hongli,False,2022Q1,在役,,0
675,"ts_mean(ts_std(ts_tsi(low,10),5),244)","ts_mean(ts_std(ts_tsi(low,10),5),244)",ga,1.0,hongli,False,2022Q1,退役,2024Q1,0
676,"sign(ts_argmax(high,10))","sign(ts_argmax(high,10))",ga,-1.0,hongli,False,2022Q1,退役,2025Q4,0
677,"mul(ts_decay_linear(low,40),mul(mul(ema(high,244),delay(ema(","mul(ts_decay_linear(low,40),mul(mul(ema(high,244),delay(ema(entropy120,244),244)),delay(ema(volume,244),244)))",ga,-1.0,hongli,False,2022Q1,在役,,0
678,"sub(ts_corr(low,ts_decay_linear(ts_std(close,3),10),40),sub(","sub(ts_corr(low,ts_decay_linear(ts_std(close,3),10),40),sub(ts_min(ts_std(close,3),10),ts_std(high,3)))",ga,1.0,,False,2022Q2,在役,,0
679,"ts_decay_linear(abs(returns),3)","ts_decay_linear(abs(returns),3)",ga,1.0,,False,2022Q2,在役,,0
680,"sub(ssqrt(close),ts_std(sub(ts_corr(low,low,40),ts_std(close","sub(ssqrt(close),ts_std(sub(ts_corr(low,low,40),ts_std(close,3)),3))",ga,-1.0,,False,2022Q2,在役,,0
681,"sub(ts_corr(low,ts_decay_linear(ts_std(high,3),10),40),delta","sub(ts_corr(low,ts_decay_linear(ts_std(high,3),10),40),delta(close,3))",ga,1.0,,False,2022Q2,在役,,0
682,"mul(ts_zscore(open,20),ts_zscore(amount,5))","mul(ts_zscore(open,20),ts_zscore(amount,5))",ga,1.0,hs300,False,2022Q2,退役,2023Q2,0
683,"mul(ts_zscore(amount,20),delta(high,5))","mul(ts_zscore(amount,20),delta(high,5))",ga,1.0,hs300,False,2022Q2,退役,2023Q2,0
684,"mul(ts_zscore(amount,20),ts_zscore(high,5))","mul(ts_zscore(amount,20),ts_zscore(high,5))",ga,1.0,hs300,False,2022Q2,退役,2025Q4,0
685,"mul(ts_zscore(open,20),ts_zscore(amount,20))","mul(ts_zscore(open,20),ts_zscore(amount,20))",ga,1.0,hs300,False,2022Q2,退役,2023Q2,0
686,"mul(ts_zscore(ts_zscore(amount,40),20),ts_zscore(amount,120)","mul(ts_zscore(ts_zscore(amount,40),20),ts_zscore(amount,120))",ga,1.0,hs300,False,2022Q2,在役,,1
687,"mul(mul(ts_zscore(amount,20),ts_zscore(amount,120)),mul(ts_z","mul(mul(ts_zscore(amount,20),ts_zscore(amount,120)),mul(ts_zscore(volume,20),ts_zscore(amount,120)))",ga,1.0,hs300,False,2022Q2,退役,2025Q2,0
688,"mul(ts_tsi(ts_zscore(amount,20),244),ts_zscore(amount,40))","mul(ts_tsi(ts_zscore(amount,20),244),ts_zscore(amount,40))",ga,1.0,hs300,False,2022Q2,在役,,0
689,"ssqrt(mul(ts_zscore(volume,20),ts_zscore(ts_zscore(amount,40","ssqrt(mul(ts_zscore(volume,20),ts_zscore(ts_zscore(amount,40),20)))",ga,1.0,hs300,False,2022Q2,在役,,0
690,"mul(ts_zscore(close,20),ts_zscore(amount,120))","mul(ts_zscore(close,20),ts_zscore(amount,120))",ga,1.0,hs300,False,2022Q2,退役,2024Q3,0
691,"div(ts_sum(ts_rank(close,244),244),low)","div(ts_sum(ts_rank(close,244),244),low)",ga,1.0,zz500,False,2022Q2,在役,,0
692,"ts_max(ts_tsi(volume,244),10)","ts_max(ts_tsi(volume,244),10)",ga,1.0,zz500,False,2022Q2,退役,2025Q4,0
693,"ts_min(low,244)","ts_min(low,244)",ga,-1.0,zz500,False,2022Q2,在役,,0
694,"div(high,sub(ts_min(high,3),low))","div(high,sub(ts_min(high,3),low))",ga,-1.0,zz500,False,2022Q2,在役,,0
695,"div(sub(ts_std(returns,3),high),open)","div(sub(ts_std(returns,3),high),open)",ga,-1.0,zz1000,False,2022Q2,退役,2024Q1,0
696,"div(sub(low,close),ts_rank(low,40))","div(sub(low,close),ts_rank(low,40))",ga,-1.0,zz1000,False,2022Q2,退役,2025Q2,0
697,"delta(ts_std(close,5),244)","delta(ts_std(close,5),244)",ga,1.0,zz1000,False,2022Q2,在役,,0
698,"slog(ts_rank(ts_tsi(ts_tsi(ts_tsi(amount,5),120),20),3))","slog(ts_rank(ts_tsi(ts_tsi(ts_tsi(amount,5),120),20),3))",ga,-1.0,cyb,False,2022Q2,在役,,0
699,"add(beta120,ts_tsi(add(beta120,ts_tsi(ts_tsi(amount,5),5)),5","add(beta120,ts_tsi(add(beta120,ts_tsi(ts_tsi(amount,5),5)),5))",ga,-1.0,cyb,False,2022Q2,退役,2023Q4,0
700,"add(add(beta120,ts_tsi(amount,3)),ts_tsi(ts_tsi(entropy120,1","add(add(beta120,ts_tsi(amount,3)),ts_tsi(ts_tsi(entropy120,120),120))",ga,-1.0,cyb,False,2022Q2,退役,2023Q3,0
701,"ts_decay_linear(ts_decay_linear(ts_argmin(returns,5),5),5)","ts_decay_linear(ts_decay_linear(ts_argmin(returns,5),5),5)",ga,-1.0,kc50,False,2022Q2,退役,2026Q1,0
702,"ts_decay_linear(ts_argmin(ts_decay_linear(returns,5),5),5)","ts_decay_linear(ts_argmin(ts_decay_linear(returns,5),5),5)",ga,-1.0,kc50,False,2022Q2,退役,2026Q3,0
703,"mul(close,delay(sign(ts_zscore(slog(amount),10)),5))","mul(close,delay(sign(ts_zscore(slog(amount),10)),5))",ga,1.0,kc50,False,2022Q2,退役,2023Q2,0
704,"ts_argmin(returns,10)","ts_argmin(returns,10)",ga,-1.0,kc50,False,2022Q2,退役,2025Q2,0
705,"ts_min(close,3)","ts_min(close,3)",ga,-1.0,kc50,False,2022Q2,在役,,0
706,"ts_min(add(ts_argmin(returns,5),returns),3)","ts_min(add(ts_argmin(returns,5),returns),3)",ga,-1.0,kc50,False,2022Q2,在役,,0
707,"ts_slope(ts_er(volume,5),3)","ts_slope(ts_er(volume,5),3)",ga,-1.0,kc50,False,2022Q2,退役,2023Q2,0
708,"ts_argmin(ts_argmin(returns,5),40)","ts_argmin(ts_argmin(returns,5),40)",ga,-1.0,kc50,False,2022Q2,退役,2024Q2,0
709,"ts_min(ts_argmin(sign(returns),60),3)","ts_min(ts_argmin(sign(returns),60),3)",ga,-1.0,kc50,False,2022Q2,退役,2024Q2,0
710,"ts_sum(delay(sign(ts_zscore(slog(volume),10)),5),3)","ts_sum(delay(sign(ts_zscore(slog(volume),10)),5),3)",ga,1.0,kc50,False,2022Q2,退役,2023Q3,0
711,"ts_min(ts_argmin(ts_argmin(returns,3),60),3)","ts_min(ts_argmin(ts_argmin(returns,3),60),3)",ga,-1.0,kc50,False,2022Q2,在役,,1
712,"ts_argmin(add(high,open),60)","ts_argmin(add(high,open),60)",ga,-1.0,kc50,False,2022Q2,在役,,0
713,"ts_corr(ts_tsi(low,3),ts_tsi(div(high,entropy120),5),244)","ts_corr(ts_tsi(low,3),ts_tsi(div(high,entropy120),5),244)",ga,1.0,hongli,False,2022Q2,在役,,0
714,"ts_std(ts_rank(beta120,10),120)","ts_std(ts_rank(beta120,10),120)",ga,1.0,hongli,False,2022Q2,退役,2023Q2,0
715,"delay(returns,60)","delay(returns,60)",ga,1.0,,False,2022Q3,退役,2025Q4,0
716,"ts_std(ts_mean(returns,60),10)","ts_std(ts_mean(returns,60),10)",ga,1.0,,False,2022Q3,退役,2023Q4,0
717,"abs(ts_er(high,3))","abs(ts_er(high,3))",ga,1.0,,False,2022Q3,在役,,0
718,"ssqrt(ts_std(delta(slog(amount),20),244))","ssqrt(ts_std(delta(slog(amount),20),244))",ga,1.0,,False,2022Q3,退役,2026Q2,0
719,"ts_slope(ts_slope(delay(volume,60),120),20)","ts_slope(ts_slope(delay(volume,60),120),20)",ga,1.0,hs300,False,2022Q3,退役,2025Q1,0
720,"div(ts_argmax(open,244),ts_std(add(ts_argmax(div(low,high),2","div(ts_argmax(open,244),ts_std(add(ts_argmax(div(low,high),244),ts_max(volume,5)),3))",ga,-1.0,zz500,False,2022Q3,退役,2024Q1,0
721,"div(low,ts_zscore(add(ts_argmax(div(low,volume),244),ts_max(","div(low,ts_zscore(add(ts_argmax(div(low,volume),244),ts_max(volume,5)),3))",ga,-1.0,zz500,False,2022Q3,退役,2024Q1,0
722,"neg(ts_std(returns,5))","neg(ts_std(returns,5))",ga,-1.0,zz500,False,2022Q3,退役,2025Q1,0
723,"ts_std(div(low,ts_max(volume,5)),3)","ts_std(div(low,ts_max(volume,5)),3)",ga,1.0,zz500,False,2022Q3,在役,,0
724,"ts_max(ts_max(delay(delay(amount,3),244),20),20)","ts_max(ts_max(delay(delay(amount,3),244),20),20)",ga,-1.0,zz1000,False,2022Q3,在役,,0
725,"ts_er(ts_tsi(ssqrt(ts_rank(open,60)),10),5)","ts_er(ts_tsi(ssqrt(ts_rank(open,60)),10),5)",ga,-1.0,cyb,False,2022Q3,退役,2023Q4,0
726,"div(high,open)","div(high,open)",ga,1.0,cyb,False,2022Q3,退役,2025Q3,0
727,"ts_er(mul(ts_tsi(volume,120),beta120),5)","ts_er(mul(ts_tsi(volume,120),beta120),5)",ga,-1.0,cyb,False,2022Q3,退役,2023Q3,0
728,"ts_er(ts_tsi(ssqrt(amount),5),20)","ts_er(ts_tsi(ssqrt(amount),5),20)",ga,-1.0,cyb,False,2022Q3,退役,2023Q4,0
729,"ts_decay_linear(ts_er(sub(high,low),3),10)","ts_decay_linear(ts_er(sub(high,low),3),10)",ga,1.0,kc50,False,2022Q3,在役,,0
730,"ts_sum(volume,20)","ts_sum(volume,20)",ga,-1.0,kc50,False,2022Q3,退役,2025Q3,0
731,"ts_corr(open,close,10)","ts_corr(open,close,10)",ga,1.0,kc50,False,2022Q3,退役,2024Q1,0
732,"ts_decay_linear(ts_argmin(returns,10),10)","ts_decay_linear(ts_argmin(returns,10),10)",ga,-1.0,kc50,False,2022Q3,退役,2026Q2,0
733,"ts_min(ts_std(ts_std(amount,3),5),5)","ts_min(ts_std(ts_std(amount,3),5),5)",ga,-1.0,kc50,False,2022Q3,在役,,0
734,"ts_min(ts_slope(sign(returns),10),5)","ts_min(ts_slope(sign(returns),10),5)",ga,-1.0,kc50,False,2022Q3,退役,2026Q1,0
735,"ts_min(abs(ts_corr(open,returns,3)),5)","ts_min(abs(ts_corr(open,returns,3)),5)",ga,-1.0,kc50,False,2022Q3,退役,2024Q2,0
736,"ts_std(ts_slope(volume,10),20)","ts_std(ts_slope(volume,10),20)",ga,-1.0,kc50,False,2022Q3,在役,,0
737,"mul(mul(volume,amount),div(open,volume))","mul(mul(volume,amount),div(open,volume))",ga,-1.0,kc50,False,2022Q3,在役,,0
738,"ts_argmin(open,5)","ts_argmin(open,5)",ga,-1.0,kc50,False,2022Q3,退役,2026Q3,0
739,"ts_er(sub(close,open),5)","ts_er(sub(close,open),5)",ga,1.0,hongli,False,2022Q3,退役,2025Q2,0
740,"mul(ts_er(ts_zscore(returns,20),10),delta(ts_tsi(open,244),2","mul(ts_er(ts_zscore(returns,20),10),delta(ts_tsi(open,244),244))",ga,1.0,hongli,False,2022Q3,退役,2024Q1,0
741,"slog(ts_std(slog(volume),5))","slog(ts_std(slog(volume),5))",ga,1.0,hongli,False,2022Q3,在役,,0
742,"sub(sub(delta(mul(ts_tsi(beta120,20),sub(open,high)),40),ts_","sub(sub(delta(mul(ts_tsi(beta120,20),sub(open,high)),40),ts_tsi(beta120,20)),ts_std(high,20))",ga,-1.0,,False,2022Q4,在役,,0
743,"sub(sub(delta(mul(ts_tsi(beta120,20),sub(open,high)),40),ts_","sub(sub(delta(mul(ts_tsi(beta120,20),sub(open,high)),40),ts_tsi(volume,20)),ts_std(high,3))",ga,-1.0,,False,2022Q4,在役,,0
744,"delta(mul(ts_tsi(beta120,20),sub(open,high)),40)","delta(mul(ts_tsi(beta120,20),sub(open,high)),40)",ga,-1.0,,False,2022Q4,退役,2024Q1,0
745,"delta(mul(ts_tsi(beta120,20),ts_er(sub(beta120,returns),10))","delta(mul(ts_tsi(beta120,20),ts_er(sub(beta120,returns),10)),40)",ga,-1.0,,False,2022Q4,退役,2023Q4,0
746,"delay(mul(ts_tsi(beta120,20),returns),40)","delay(mul(ts_tsi(beta120,20),returns),40)",ga,-1.0,,False,2022Q4,退役,2023Q4,0
747,"ts_std(ts_max(entropy120,40),20)","ts_std(ts_max(entropy120,40),20)",ga,1.0,,False,2022Q4,退役,2023Q4,0
748,"ts_std(ts_max(beta120,40),20)","ts_std(ts_max(beta120,40),20)",ga,1.0,,False,2022Q4,在役,,0
749,"delta(mul(ts_min(entropy120,20),high),40)","delta(mul(ts_min(entropy120,20),high),40)",ga,-1.0,,False,2022Q4,在役,,0
750,"delta(mul(beta120,sub(open,high)),40)","delta(mul(beta120,sub(open,high)),40)",ga,-1.0,,False,2022Q4,退役,2025Q4,0
751,"ts_corr(delta(amount,3),open,10)","ts_corr(delta(amount,3),open,10)",ga,1.0,hs300,False,2022Q4,退役,2024Q1,0
752,"ts_std(ts_corr(amount,high,60),3)","ts_std(ts_corr(amount,high,60),3)",ga,1.0,hs300,False,2022Q4,退役,2025Q3,0
753,"ts_tsi(ts_decay_linear(ts_tsi(low,5),120),3)","ts_tsi(ts_decay_linear(ts_tsi(low,5),120),3)",ga,-1.0,hs300,False,2022Q4,在役,,0
754,"slog(ts_tsi(ts_tsi(amount,3),40))","slog(ts_tsi(ts_tsi(amount,3),40))",ga,1.0,hs300,False,2022Q4,退役,2024Q1,0
755,"ts_argmax(entropy120,3)","ts_argmax(entropy120,3)",ga,-1.0,hs300,False,2022Q4,退役,2024Q3,0
756,"ts_sum(div(high,close),3)","ts_sum(div(high,close),3)",ga,1.0,zz500,False,2022Q4,在役,,0
757,"abs(abs(ts_zscore(ema(amount,40),20)))","abs(abs(ts_zscore(ema(amount,40),20)))",ga,1.0,zz500,False,2022Q4,在役,,0
758,"div(high,ts_er(div(low,returns),10))","div(high,ts_er(div(low,returns),10))",ga,-1.0,zz500,False,2022Q4,退役,2023Q4,0
759,"ts_argmin(ts_tsi(entropy120,10),3)","ts_argmin(ts_tsi(entropy120,10),3)",ga,1.0,zz500,False,2022Q4,退役,2023Q4,0
760,"delay(delay(slog(amount),244),244)","delay(delay(slog(amount),244),244)",ga,-1.0,zz500,False,2022Q4,在役,,0
761,"ts_std(ema(returns,10),3)","ts_std(ema(returns,10),3)",ga,1.0,zz1000,False,2022Q4,在役,,0
762,"ts_std(ssqrt(ssqrt(ema(ema(volume,5),40))),3)","ts_std(ssqrt(ssqrt(ema(ema(volume,5),40))),3)",ga,1.0,zz1000,False,2022Q4,退役,2025Q4,0
763,"ts_std(ssqrt(returns),5)","ts_std(ssqrt(returns),5)",ga,1.0,zz1000,False,2022Q4,在役,,0
764,"ts_corr(mul(ts_rank(ts_max(close,244),120),entropy120),close","ts_corr(mul(ts_rank(ts_max(close,244),120),entropy120),close,20)",ga,1.0,cyb,False,2022Q4,在役,,1
765,"ts_corr(mul(high,ts_std(volume,244)),high,20)","ts_corr(mul(high,ts_std(volume,244)),high,20)",ga,1.0,cyb,False,2022Q4,退役,2025Q3,0
766,"slog(ts_mean(add(returns,amount),40))","slog(ts_mean(add(returns,amount),40))",ga,-1.0,kc50,False,2022Q4,在役,,0
767,"ts_min(ts_rank(low,10),3)","ts_min(ts_rank(low,10),3)",ga,-1.0,kc50,False,2022Q4,在役,,0
768,"ts_rank(neg(returns),5)","ts_rank(neg(returns),5)",ga,-1.0,kc50,False,2022Q4,退役,2024Q3,0
769,"div(delta(neg(low),10),delta(delay(volume,20),5))","div(delta(neg(low),10),delta(delay(volume,20),5))",ga,1.0,kc50,False,2022Q4,在役,,0
770,"ts_min(sub(slog(returns),ts_rank(high,3)),5)","ts_min(sub(slog(returns),ts_rank(high,3)),5)",ga,1.0,kc50,False,2022Q4,在役,,0
771,"ts_min(ts_std(amount,5),5)","ts_min(ts_std(amount,5),5)",ga,-1.0,kc50,False,2022Q4,退役,2026Q3,0
772,"ts_min(ts_slope(open,3),3)","ts_min(ts_slope(open,3),3)",ga,-1.0,kc50,False,2022Q4,在役,,1
773,"ts_argmax(div(entropy120,ts_max(ts_min(close,40),244)),120)","ts_argmax(div(entropy120,ts_max(ts_min(close,40),244)),120)",ga,1.0,hongli,False,2022Q4,退役,2025Q4,0
774,"sub(neg(open),ts_max(ts_argmax(volume,244),60))","sub(neg(open),ts_max(ts_argmax(volume,244),60))",ga,1.0,hongli,False,2022Q4,在役,,0
775,"abs(ts_zscore(amount,244))","abs(ts_zscore(amount,244))",ga,1.0,hongli,False,2022Q4,退役,2025Q4,0
776,"div(volume,ts_tsi(returns,5))","div(volume,ts_tsi(returns,5))",ga,1.0,hongli,False,2022Q4,退役,2025Q2,0
777,"ema(sub(ts_rank(ts_sum(open,40),244),ts_rank(ts_sum(high,40)","ema(sub(ts_rank(ts_sum(open,40),244),ts_rank(ts_sum(high,40),244)),120)",ga,1.0,hongli,False,2022Q4,在役,,0
778,"mul(abs(returns),ts_argmax(ts_tsi(beta120,120),5))","mul(abs(returns),ts_argmax(ts_tsi(beta120,120),5))",ga,1.0,,False,2023Q1,在役,,0
779,"mul(abs(add(neg(ts_tsi(beta120,120)),ts_std(close,3))),ts_ar","mul(abs(add(neg(ts_tsi(beta120,120)),ts_std(close,3))),ts_argmax(open,5))",ga,1.0,,False,2023Q1,在役,,1
780,"mul(abs(ts_argmax(ts_min(close,5),3)),ts_argmax(ts_tsi(beta1","mul(abs(ts_argmax(ts_min(close,5),3)),ts_argmax(ts_tsi(beta120,120),5))",ga,1.0,,False,2023Q1,在役,,0
781,"mul(abs(delta(open,5)),ts_argmax(ts_tsi(beta120,120),5))","mul(abs(delta(open,5)),ts_argmax(ts_tsi(beta120,120),5))",ga,1.0,,False,2023Q1,在役,,0
782,"ts_tsi(ts_er(delta(abs(returns),5),244),40)","ts_tsi(ts_er(delta(abs(returns),5),244),40)",ga,1.0,hs300,False,2023Q1,退役,2026Q3,0
783,"ts_tsi(abs(ts_er(volume,20)),40)","ts_tsi(abs(ts_er(volume,20)),40)",ga,1.0,hs300,False,2023Q1,退役,2025Q4,0
784,"ts_tsi(ts_tsi(abs(abs(returns)),10),40)","ts_tsi(ts_tsi(abs(abs(returns)),10),40)",ga,1.0,hs300,False,2023Q1,退役,2024Q3,0
785,"abs(ts_tsi(neg(amount),60))","abs(ts_tsi(neg(amount),60))",ga,1.0,hs300,False,2023Q1,退役,2024Q1,0
786,"ts_std(slog(mul(ts_std(open,244),close)),3)","ts_std(slog(mul(ts_std(open,244),close)),3)",ga,1.0,zz500,False,2023Q1,在役,,0
787,"ts_std(ts_sum(returns,5),3)","ts_std(ts_sum(returns,5),3)",ga,1.0,zz500,False,2023Q1,在役,,0
788,"ssqrt(ts_std(ts_std(slog(high),3),3))","ssqrt(ts_std(ts_std(slog(high),3),3))",ga,1.0,zz500,False,2023Q1,在役,,0
789,"delta(ssqrt(ts_std(close,10)),244)","delta(ssqrt(ts_std(close,10)),244)",ga,1.0,zz500,False,2023Q1,在役,,0
790,"div(high,ts_std(ts_slope(open,3),5))","div(high,ts_std(ts_slope(open,3),5))",ga,-1.0,zz1000,False,2023Q1,在役,,0
791,"ts_max(div(low,high),5)","ts_max(div(low,high),5)",ga,-1.0,zz1000,False,2023Q1,在役,,0
792,"ts_tsi(div(open,high),244)","ts_tsi(div(open,high),244)",ga,-1.0,zz1000,False,2023Q1,退役,2024Q1,0
793,"ts_std(ema(open,40),10)","ts_std(ema(open,40),10)",ga,1.0,zz1000,False,2023Q1,退役,2025Q1,0
794,"ts_decay_linear(ts_tsi(ts_rank(ts_rank(amount,20),20),5),5)","ts_decay_linear(ts_tsi(ts_rank(ts_rank(amount,20),20),5),5)",ga,-1.0,cyb,False,2023Q1,退役,2025Q3,0
795,"slog(ts_tsi(ts_rank(open,40),5))","slog(ts_tsi(ts_rank(open,40),5))",ga,-1.0,cyb,False,2023Q1,退役,2024Q2,0
796,"ts_tsi(delta(ts_rank(amount,10),20),5)","ts_tsi(delta(ts_rank(amount,10),20),5)",ga,-1.0,cyb,False,2023Q1,退役,2024Q1,0
797,"ts_tsi(delta(neg(volume),3),5)","ts_tsi(delta(neg(volume),3),5)",ga,1.0,cyb,False,2023Q1,退役,2024Q1,0
798,"ts_sum(ts_argmin(ts_argmax(returns,40),3),3)","ts_sum(ts_argmin(ts_argmax(returns,40),3),3)",ga,-1.0,kc50,False,2023Q1,退役,2025Q2,0
799,"mul(open,ts_min(volume,40))","mul(open,ts_min(volume,40))",ga,-1.0,kc50,False,2023Q1,在役,,0
800,"ts_argmin(ts_argmax(returns,3),3)","ts_argmin(ts_argmax(returns,3),3)",ga,-1.0,kc50,False,2023Q1,退役,2024Q4,0
801,"ts_argmin(ts_argmin(ts_decay_linear(returns,60),3),3)","ts_argmin(ts_argmin(ts_decay_linear(returns,60),3),3)",ga,1.0,kc50,False,2023Q1,退役,2024Q1,0
802,"ts_argmin(ts_std(div(close,open),3),3)","ts_argmin(ts_std(div(close,open),3),3)",ga,-1.0,kc50,False,2023Q1,退役,2024Q4,0
803,"ts_argmin(ts_argmax(volume,40),40)","ts_argmin(ts_argmax(volume,40),40)",ga,-1.0,kc50,False,2023Q1,退役,2026Q1,0
804,"mul(ts_min(high,244),close)","mul(ts_min(high,244),close)",ga,-1.0,hongli,False,2023Q1,在役,,0
805,"ts_min(ema(mul(ts_argmin(delta(entropy120,10),3),delay(close","ts_min(ema(mul(ts_argmin(delta(entropy120,10),3),delay(close,120)),120),120)",ga,-1.0,hongli,False,2023Q1,退役,2024Q1,0
806,"abs(delta(amount,3))","abs(delta(amount,3))",ga,1.0,hongli,False,2023Q1,在役,,0
807,"delay(slog(mul(delay(volume,10),close)),244)","delay(slog(mul(delay(volume,10),close)),244)",ga,-1.0,hongli,False,2023Q1,退役,2024Q3,0
808,"ts_min(open,120)","ts_min(open,120)",ga,-1.0,hongli,False,2023Q1,退役,2025Q4,0
809,"delay(div(ts_corr(returns,entropy120,10),ts_max(close,244)),","delay(div(ts_corr(returns,entropy120,10),ts_max(close,244)),10)",ga,1.0,hongli,False,2023Q1,退役,2024Q1,0
810,"ts_tsi(ts_std(high,5),10)","ts_tsi(ts_std(high,5),10)",ga,1.0,hongli,False,2023Q1,退役,2024Q2,0
811,"abs(ts_er(entropy120,120))","abs(ts_er(entropy120,120))",ga,1.0,hongli,False,2023Q1,在役,,0
812,"ts_min(mul(close,ema(ts_er(ts_corr(beta120,amount,120),10),1","ts_min(mul(close,ema(ts_er(ts_corr(beta120,amount,120),10),120)),120)",ga,1.0,hongli,False,2023Q1,退役,2026Q1,0
813,"delay(delay(ts_argmax(ts_rank(close,3),10),3),244)","delay(delay(ts_argmax(ts_rank(close,3),10),3),244)",ga,-1.0,,False,2023Q2,退役,2025Q2,0
814,"div(ts_sum(amount,244),high)","div(ts_sum(amount,244),high)",ga,1.0,,False,2023Q2,在役,,0
815,"delay(delay(ts_argmax(returns,10),3),244)","delay(delay(ts_argmax(returns,10),3),244)",ga,-1.0,,False,2023Q2,退役,2024Q2,0
816,"abs(abs(ts_corr(ts_sum(add(volume,close),5),amount,5)))","abs(abs(ts_corr(ts_sum(add(volume,close),5),amount,5)))",ga,1.0,hs300,False,2023Q2,退役,2025Q4,0
817,"ts_corr(add(ts_argmax(close,20),ts_zscore(volume,10)),return","ts_corr(add(ts_argmax(close,20),ts_zscore(volume,10)),returns,5)",ga,-1.0,hs300,False,2023Q2,在役,,0
818,"ts_er(ts_corr(open,returns,5),244)","ts_er(ts_corr(open,returns,5),244)",ga,1.0,hs300,False,2023Q2,退役,2025Q4,0
819,"ts_argmin(ema(ema(ts_mean(volume,40),120),5),120)","ts_argmin(ema(ema(ts_mean(volume,40),120),5),120)",ga,1.0,hs300,False,2023Q2,在役,,0
820,"abs(ts_corr(open,close,3))","abs(ts_corr(open,close,3))",ga,1.0,hs300,False,2023Q2,退役,2026Q2,0
821,"ts_argmin(slog(beta120),3)","ts_argmin(slog(beta120),3)",ga,-1.0,hs300,False,2023Q2,退役,2026Q3,0
822,"ts_rank(delta(entropy120,60),3)","ts_rank(delta(entropy120,60),3)",ga,1.0,hs300,False,2023Q2,退役,2024Q2,0
823,"ts_argmin(ts_zscore(open,3),20)","ts_argmin(ts_zscore(open,3),20)",ga,-1.0,hs300,False,2023Q2,退役,2026Q2,0
824,"ts_corr(ts_corr(low,close,5),high,3)","ts_corr(ts_corr(low,close,5),high,3)",ga,-1.0,hs300,False,2023Q2,在役,,1
825,"ts_slope(ts_max(volume,20),3)","ts_slope(ts_max(volume,20),3)",ga,1.0,zz500,False,2023Q2,退役,2025Q1,0
826,"div(beta120,sub(sub(open,high),ts_std(high,10)))","div(beta120,sub(sub(open,high),ts_std(high,10)))",ga,1.0,zz1000,False,2023Q2,退役,2025Q4,0
827,"div(ts_rank(ts_er(volume,5),10),ts_std(low,20))","div(ts_rank(ts_er(volume,5),10),ts_std(low,20))",ga,-1.0,cyb,False,2023Q2,退役,2025Q4,0
828,"div(ts_rank(ssqrt(ts_er(volume,5)),20),ts_std(high,3))","div(ts_rank(ssqrt(ts_er(volume,5)),20),ts_std(high,3))",ga,-1.0,cyb,False,2023Q2,退役,2025Q4,0
829,"div(ts_rank(ssqrt(ts_er(ts_er(amount,5),5)),20),ts_std(low,6","div(ts_rank(ssqrt(ts_er(ts_er(amount,5),5)),20),ts_std(low,60))",ga,-1.0,cyb,False,2023Q2,退役,2026Q1,0
830,"ts_er(div(ssqrt(div(ts_rank(volume,10),ts_std(low,20))),ts_s","ts_er(div(ssqrt(div(ts_rank(volume,10),ts_std(low,20))),ts_std(low,20)),5)",ga,-1.0,cyb,False,2023Q2,退役,2024Q3,0
831,"ts_std(ts_zscore(close,40),40)","ts_std(ts_zscore(close,40),40)",ga,-1.0,kc50,False,2023Q2,退役,2025Q1,0
832,"ts_argmin(sub(open,close),3)","ts_argmin(sub(open,close),3)",ga,-1.0,kc50,False,2023Q2,退役,2026Q1,0
833,"ema(amount,20)","ema(amount,20)",ga,-1.0,kc50,False,2023Q2,在役,,0
834,"mul(close,ts_rank(open,5))","mul(close,ts_rank(open,5))",ga,-1.0,kc50,False,2023Q2,在役,,0
835,"ts_argmax(ts_argmin(ssqrt(open),120),60)","ts_argmax(ts_argmin(ssqrt(open),120),60)",ga,-1.0,kc50,False,2023Q2,退役,2024Q2,0
836,"ts_std(mul(close,high),3)","ts_std(mul(close,high),3)",ga,1.0,kc50,False,2023Q2,在役,,1
837,"neg(delay(high,60))","neg(delay(high,60))",ga,1.0,kc50,False,2023Q2,退役,2026Q3,0
838,"delay(delay(ssqrt(returns),20),20)","delay(delay(ssqrt(returns),20),20)",ga,-1.0,kc50,False,2023Q2,在役,,0
839,"ema(mul(abs(ts_er(close,20)),ts_decay_linear(high,40)),244)","ema(mul(abs(ts_er(close,20)),ts_decay_linear(high,40)),244)",ga,-1.0,hongli,False,2023Q2,退役,2025Q1,0
840,"ts_decay_linear(ts_min(ema(open,40),20),3)","ts_decay_linear(ts_min(ema(open,40),20),3)",ga,-1.0,hongli,False,2023Q2,退役,2025Q3,0
841,"ts_corr(volume,amount,20)","ts_corr(volume,amount,20)",ga,1.0,hongli,False,2023Q2,退役,2026Q3,0
842,"ts_min(slog(close),20)","ts_min(slog(close),20)",ga,-1.0,hongli,False,2023Q2,在役,,0
843,"ts_argmax(add(sign(high),ts_max(amount,10)),10)","ts_argmax(add(sign(high),ts_max(amount,10)),10)",ga,-1.0,hongli,False,2023Q2,退役,2024Q2,0
844,"ts_argmax(abs(returns),5)","ts_argmax(abs(returns),5)",ga,-1.0,hongli,False,2023Q2,退役,2026Q2,0
845,"ema(ts_argmin(ts_slope(close,10),10),244)","ema(ts_argmin(ts_slope(close,10),10),244)",ga,-1.0,hongli,False,2023Q2,在役,,0
846,"ts_corr(div(open,volume),volume,20)","ts_corr(div(open,volume),volume,20)",ga,1.0,hongli,False,2023Q2,在役,,0
847,"ema(delta(ts_argmin(returns,120),120),120)","ema(delta(ts_argmin(returns,120),120),120)",ga,-1.0,,False,2023Q3,在役,,0
848,"ts_er(delta(ts_rank(ts_rank(delay(entropy120,60),120),120),4","ts_er(delta(ts_rank(ts_rank(delay(entropy120,60),120),120),40),60)",ga,-1.0,hs300,False,2023Q3,退役,2024Q3,0
849,"ts_er(delta(ts_rank(delta(ts_rank(volume,5),40),20),40),40)","ts_er(delta(ts_rank(delta(ts_rank(volume,5),40),20),40),40)",ga,1.0,hs300,False,2023Q3,退役,2025Q3,0
850,"ts_er(delta(delay(entropy120,60),40),60)","ts_er(delta(delay(entropy120,60),40),60)",ga,-1.0,hs300,False,2023Q3,退役,2024Q3,0
851,"ts_er(ts_zscore(ts_argmax(delta(entropy120,120),3),10),40)","ts_er(ts_zscore(ts_argmax(delta(entropy120,120),3),10),40)",ga,-1.0,hs300,False,2023Q3,退役,2024Q4,0
852,"delta(ts_er(delta(ts_rank(ts_argmax(entropy120,3),5),40),40)","delta(ts_er(delta(ts_rank(ts_argmax(entropy120,3),5),40),40),40)",ga,-1.0,hs300,False,2023Q3,退役,2026Q3,0
853,"delta(entropy120,120)","delta(entropy120,120)",ga,-1.0,hs300,False,2023Q3,退役,2025Q4,0
854,"ema(div(abs(neg(ts_slope(high,3))),delay(close,244)),5)","ema(div(abs(neg(ts_slope(high,3))),delay(close,244)),5)",ga,1.0,zz500,False,2023Q3,在役,,0
855,"ema(div(abs(ssqrt(delay(close,244))),abs(ssqrt(returns))),5)","ema(div(abs(ssqrt(delay(close,244))),abs(ssqrt(returns))),5)",ga,-1.0,zz500,False,2023Q3,退役,2026Q2,0
856,"ts_tsi(div(high,open),5)","ts_tsi(div(high,open),5)",ga,1.0,zz500,False,2023Q3,在役,,0
857,"abs(delta(div(amount,ts_max(div(amount,high),120)),5))","abs(delta(div(amount,ts_max(div(amount,high),120)),5))",ga,1.0,zz1000,False,2023Q3,在役,,1
858,"ts_std(ts_tsi(volume,244),20)","ts_std(ts_tsi(volume,244),20)",ga,1.0,zz1000,False,2023Q3,退役,2024Q3,0
859,"abs(delta(div(amount,ts_max(close,120)),3))","abs(delta(div(amount,ts_max(close,120)),3))",ga,1.0,zz1000,False,2023Q3,在役,,0
860,"ts_zscore(ts_er(open,5),3)","ts_zscore(ts_er(open,5),3)",ga,-1.0,cyb,False,2023Q3,退役,2024Q4,0
861,"add(sign(ts_tsi(returns,3)),sign(ts_er(high,244)))","add(sign(ts_tsi(returns,3)),sign(ts_er(high,244)))",ga,1.0,cyb,False,2023Q3,退役,2025Q3,0
862,"ts_er(ts_er(close,5),5)","ts_er(ts_er(close,5),5)",ga,-1.0,cyb,False,2023Q3,在役,,0
863,"div(ema(open,20),ts_min(ts_zscore(close,244),20))","div(ema(open,20),ts_min(ts_zscore(close,244),20))",ga,1.0,cyb,False,2023Q3,退役,2025Q3,0
864,"delay(div(ts_argmin(entropy120,60),ts_mean(high,20)),120)","delay(div(ts_argmin(entropy120,60),ts_mean(high,20)),120)",ga,1.0,cyb,False,2023Q3,退役,2025Q4,0
865,"div(open,low)","div(open,low)",ga,-1.0,kc50,False,2023Q3,退役,2024Q3,0
866,"ts_corr(high,close,10)","ts_corr(high,close,10)",ga,1.0,kc50,False,2023Q3,退役,2025Q2,0
867,"ts_sum(ts_argmin(amount,244),3)","ts_sum(ts_argmin(amount,244),3)",ga,-1.0,kc50,False,2023Q3,在役,,0
868,"ts_argmin(volume,20)","ts_argmin(volume,20)",ga,1.0,kc50,False,2023Q3,退役,2025Q2,0
869,"ts_rank(ts_std(close,40),60)","ts_rank(ts_std(close,40),60)",ga,-1.0,kc50,False,2023Q3,在役,,0
870,"ts_corr(ts_er(low,60),add(returns,high),10)","ts_corr(ts_er(low,60),add(returns,high),10)",ga,1.0,kc50,False,2023Q3,退役,2024Q3,0
871,"ts_slope(open,60)","ts_slope(open,60)",ga,-1.0,kc50,False,2023Q3,在役,,0
872,"ts_slope(mul(sign(beta120),abs(returns)),5)","ts_slope(mul(sign(beta120),abs(returns)),5)",ga,1.0,hongli,False,2023Q3,在役,,0
873,"ts_argmin(ts_tsi(amount,244),5)","ts_argmin(ts_tsi(amount,244),5)",ga,1.0,hongli,False,2023Q3,退役,2025Q4,0
874,"ts_min(ts_min(close,10),20)","ts_min(ts_min(close,10),20)",ga,-1.0,hongli,False,2023Q3,在役,,0
875,"ts_corr(volume,returns,40)","ts_corr(volume,returns,40)",ga,-1.0,hongli,False,2023Q3,在役,,0
876,"ts_slope(ts_zscore(returns,40),5)","ts_slope(ts_zscore(returns,40),5)",ga,1.0,hongli,False,2023Q3,退役,2025Q2,0
877,"ts_slope(ts_sum(abs(ts_rank(ts_argmax(beta120,5),244)),40),2","ts_slope(ts_sum(abs(ts_rank(ts_argmax(beta120,5),244)),40),20)",ga,-1.0,,False,2023Q4,在役,,0
878,"ts_mean(ema(ts_rank(ts_argmax(ts_argmax(beta120,40),60),244)","ts_mean(ema(ts_rank(ts_argmax(ts_argmax(beta120,40),60),244),40),20)",ga,-1.0,,False,2023Q4,退役,2025Q4,0
879,"delay(delta(ts_rank(close,20),3),3)","delay(delta(ts_rank(close,20),3),3)",ga,-1.0,hs300,False,2023Q4,退役,2025Q3,0
880,"delay(ts_er(ts_slope(returns,20),3),3)","delay(ts_er(ts_slope(returns,20),3),3)",ga,-1.0,hs300,False,2023Q4,退役,2025Q2,0
881,"delay(delta(delta(high,3),3),3)","delay(delta(delta(high,3),3),3)",ga,-1.0,hs300,False,2023Q4,退役,2025Q3,0
882,"delay(delta(high,3),3)","delay(delta(high,3),3)",ga,-1.0,hs300,False,2023Q4,在役,,0
883,"add(close,ts_decay_linear(open,244))","add(close,ts_decay_linear(open,244))",ga,-1.0,hs300,False,2023Q4,在役,,0
884,"delay(ts_er(delta(ts_slope(low,3),5),3),3)","delay(ts_er(delta(ts_slope(low,3),5),3),3)",ga,-1.0,hs300,False,2023Q4,退役,2025Q2,0
885,"ts_argmin(delay(ts_er(ts_argmin(returns,20),3),3),20)","ts_argmin(delay(ts_er(ts_argmin(returns,20),3),3),20)",ga,-1.0,hs300,False,2023Q4,退役,2024Q4,0
886,"mul(returns,ts_tsi(entropy120,60))","mul(returns,ts_tsi(entropy120,60))",ga,1.0,hs300,False,2023Q4,在役,,0
887,"ts_std(ema(slog(amount),40),3)","ts_std(ema(slog(amount),40),3)",ga,1.0,zz500,False,2023Q4,退役,2025Q4,0
888,"ts_std(ema(slog(amount),10),5)","ts_std(ema(slog(amount),10),5)",ga,1.0,zz500,False,2023Q4,退役,2025Q4,0
889,"ts_std(ema(returns,20),5)","ts_std(ema(returns,20),5)",ga,1.0,zz500,False,2023Q4,在役,,0
890,"abs(ts_std(ts_std(ema(slog(amount),20),3),5))","abs(ts_std(ts_std(ema(slog(amount),20),3),5))",ga,1.0,zz500,False,2023Q4,退役,2025Q1,0
891,"ts_std(ema(slog(slog(high)),40),3)","ts_std(ema(slog(slog(high)),40),3)",ga,1.0,zz500,False,2023Q4,退役,2025Q4,0
892,"mul(mul(sub(open,high),ts_std(ema(amount,10),3)),ts_std(ts_r","mul(mul(sub(open,high),ts_std(ema(amount,10),3)),ts_std(ts_rank(slog(beta120),244),3))",ga,-1.0,zz1000,False,2023Q4,在役,,0
893,"mul(mul(mul(ts_corr(amount,low,244),high),ts_std(high,10)),t","mul(mul(mul(ts_corr(amount,low,244),high),ts_std(high,10)),ts_std(ema(amount,60),3))",ga,1.0,zz1000,False,2023Q4,退役,2025Q4,0
894,"mul(mul(sub(open,high),ts_std(ema(amount,10),3)),ts_std(ts_r","mul(mul(sub(open,high),ts_std(ema(amount,10),3)),ts_std(ts_rank(ts_std(ema(returns,10),3),244),3))",ga,-1.0,zz1000,False,2023Q4,退役,2025Q1,0
895,"mul(mul(ts_corr(amount,low,244),ts_std(ts_std(amount,3),3)),","mul(mul(ts_corr(amount,low,244),ts_std(ts_std(amount,3),3)),ts_std(ema(returns,10),3))",ga,1.0,zz1000,False,2023Q4,在役,,0
896,"mul(mul(ts_corr(amount,low,244),ts_std(ts_std(open,3),3)),ts","mul(mul(ts_corr(amount,low,244),ts_std(ts_std(open,3),3)),ts_std(ema(returns,10),3))",ga,1.0,zz1000,False,2023Q4,在役,,0
897,"mul(mul(ts_corr(amount,close,244),ts_std(ema(returns,10),5))","mul(mul(ts_corr(amount,close,244),ts_std(ema(returns,10),5)),sub(ts_std(high,3),high))",ga,-1.0,zz1000,False,2023Q4,在役,,0
898,"mul(mul(mul(ts_corr(amount,low,244),ts_corr(amount,low,244))","mul(mul(mul(ts_corr(amount,low,244),ts_corr(amount,low,244)),ts_std(volume,3)),ts_std(ts_decay_linear(returns,10),3))",ga,1.0,zz1000,False,2023Q4,退役,2026Q2,0
899,"ts_corr(neg(delay(close,5)),open,20)","ts_corr(neg(delay(close,5)),open,20)",ga,-1.0,cyb,False,2023Q4,退役,2025Q1,0
900,"ts_corr(mul(delay(close,5),beta120),high,20)","ts_corr(mul(delay(close,5),beta120),high,20)",ga,1.0,cyb,False,2023Q4,退役,2025Q1,0
901,"ts_corr(low,open,20)","ts_corr(low,open,20)",ga,1.0,cyb,False,2023Q4,退役,2025Q4,0
902,"ts_corr(neg(delay(close,5)),ts_decay_linear(ts_rank(returns,","ts_corr(neg(delay(close,5)),ts_decay_linear(ts_rank(returns,40),60),20)",ga,-1.0,cyb,False,2023Q4,退役,2025Q4,0
903,"ts_corr(neg(delay(high,5)),volume,20)","ts_corr(neg(delay(high,5)),volume,20)",ga,-1.0,cyb,False,2023Q4,退役,2024Q4,0
904,"ts_tsi(ts_corr(close,high,20),244)","ts_tsi(ts_corr(close,high,20),244)",ga,1.0,cyb,False,2023Q4,退役,2025Q4,0
905,"ts_corr(neg(delay(close,5)),delay(close,5),20)","ts_corr(neg(delay(close,5)),delay(close,5),20)",ga,-1.0,cyb,False,2023Q4,退役,2025Q1,0
906,"ts_corr(ts_zscore(low,5),slog(returns),5)","ts_corr(ts_zscore(low,5),slog(returns),5)",ga,1.0,cyb,False,2023Q4,退役,2025Q4,0
907,"mul(ema(open,60),mul(ema(low,120),ts_rank(ts_min(low,20),3))","mul(ema(open,60),mul(ema(low,120),ts_rank(ts_min(low,20),3)))",ga,-1.0,kc50,False,2023Q4,退役,2025Q2,0
908,"ts_argmax(ts_std(low,5),20)","ts_argmax(ts_std(low,5),20)",ga,-1.0,kc50,False,2023Q4,退役,2025Q1,0
909,"ts_argmin(delta(returns,10),20)","ts_argmin(delta(returns,10),20)",ga,-1.0,kc50,False,2023Q4,在役,,0
910,"neg(ts_corr(add(low,high),ts_tsi(close,5),20))","neg(ts_corr(add(low,high),ts_tsi(close,5),20))",ga,-1.0,kc50,False,2023Q4,退役,2025Q2,0
911,"delay(low,20)","delay(low,20)",ga,-1.0,kc50,False,2023Q4,退役,2026Q1,0
912,"neg(sign(sub(high,open)))","neg(sign(sub(high,open)))",ga,-1.0,kc50,False,2023Q4,退役,2024Q4,0
913,"mul(ema(ts_argmin(ts_corr(returns,volume,60),5),60),open)","mul(ema(ts_argmin(ts_corr(returns,volume,60),5),60),open)",ga,-1.0,kc50,False,2023Q4,在役,,0
914,"neg(ts_argmax(ts_std(amount,120),244))","neg(ts_argmax(ts_std(amount,120),244))",ga,-1.0,kc50,False,2023Q4,退役,2025Q4,0
915,"mul(ema(open,60),mul(ema(open,120),delay(amount,10)))","mul(ema(open,60),mul(ema(open,120),delay(amount,10)))",ga,-1.0,kc50,False,2023Q4,在役,,0
916,"ssqrt(delay(ssqrt(low),244))","ssqrt(delay(ssqrt(low),244))",ga,-1.0,hongli,False,2023Q4,退役,2024Q4,0
917,"ts_std(ts_min(amount,20),10)","ts_std(ts_min(amount,20),10)",ga,1.0,hongli,False,2023Q4,退役,2026Q1,0
918,"mul(open,ts_min(beta120,244))","mul(open,ts_min(beta120,244))",ga,-1.0,hongli,False,2023Q4,在役,,0
919,"ts_decay_linear(mul(open,ts_min(ssqrt(delay(high,10)),244)),","ts_decay_linear(mul(open,ts_min(ssqrt(delay(high,10)),244)),244)",ga,-1.0,hongli,False,2023Q4,退役,2026Q2,0
920,"ts_decay_linear(ema(sub(ts_max(open,120),sub(high,entropy120","ts_decay_linear(ema(sub(ts_max(open,120),sub(high,entropy120)),120),244)",ga,1.0,,False,2024Q1,在役,,0
921,"ts_zscore(ema(sub(ssqrt(close),entropy120),120),244)","ts_zscore(ema(sub(ssqrt(close),entropy120),120),244)",ga,-1.0,,False,2024Q1,在役,,0
922,"ts_decay_linear(ema(div(add(ts_argmin(amount,60),returns),en","ts_decay_linear(ema(div(add(ts_argmin(amount,60),returns),entropy120),120),244)",ga,-1.0,,False,2024Q1,退役,2026Q1,0
923,"abs(mul(mul(ts_tsi(sub(volume,amount),20),ts_tsi(sub(volume,","abs(mul(mul(ts_tsi(sub(volume,amount),20),ts_tsi(sub(volume,open),60)),ts_tsi(returns,20)))",ga,1.0,hs300,False,2024Q1,退役,2025Q4,0
924,"abs(mul(returns,ts_tsi(sub(volume,entropy120),60)))","abs(mul(returns,ts_tsi(sub(volume,entropy120),60)))",ga,1.0,hs300,False,2024Q1,退役,2025Q3,0
925,"abs(mul(returns,ts_tsi(ts_decay_linear(entropy120,5),20)))","abs(mul(returns,ts_tsi(ts_decay_linear(entropy120,5),20)))",ga,1.0,hs300,False,2024Q1,退役,2026Q3,0
926,"ts_tsi(ts_std(low,5),244)","ts_tsi(ts_std(low,5),244)",ga,1.0,zz500,False,2024Q1,退役,2025Q1,0
927,"abs(div(ts_er(abs(returns),244),low))","abs(div(ts_er(abs(returns),244),low))",ga,1.0,zz500,False,2024Q1,退役,2025Q2,0
928,"ts_std(div(div(open,high),high),3)","ts_std(div(div(open,high),high),3)",ga,1.0,zz1000,False,2024Q1,在役,,0
929,"div(ts_std(div(open,high),5),beta120)","div(ts_std(div(open,high),5),beta120)",ga,1.0,zz1000,False,2024Q1,退役,2026Q3,0
930,"ts_mean(div(low,ts_std(high,5)),5)","ts_mean(div(low,ts_std(high,5)),5)",ga,-1.0,zz1000,False,2024Q1,退役,2025Q3,0
931,"div(ts_std(ts_sum(volume,5),5),high)","div(ts_std(ts_sum(volume,5),5),high)",ga,1.0,zz1000,False,2024Q1,在役,,0
932,"ts_corr(entropy120,close,20)","ts_corr(entropy120,close,20)",ga,1.0,cyb,False,2024Q1,退役,2025Q1,0
933,"ts_corr(ts_argmin(ts_tsi(volume,244),60),ts_tsi(volume,244),","ts_corr(ts_argmin(ts_tsi(volume,244),60),ts_tsi(volume,244),60)",ga,1.0,cyb,False,2024Q1,退役,2025Q3,0
934,"div(ts_corr(ema(ts_argmin(open,20),244),close,20),entropy120","div(ts_corr(ema(ts_argmin(open,20),244),close,20),entropy120)",ga,1.0,cyb,False,2024Q1,退役,2025Q4,0
935,"sign(ts_er(open,20))","sign(ts_er(open,20))",ga,1.0,cyb,False,2024Q1,退役,2025Q1,0
936,"ts_corr(ts_rank(abs(entropy120),10),add(returns,close),20)","ts_corr(ts_rank(abs(entropy120),10),add(returns,close),20)",ga,1.0,cyb,False,2024Q1,退役,2025Q2,0
937,"ts_std(ema(open,244),5)","ts_std(ema(open,244),5)",ga,1.0,cyb,False,2024Q1,退役,2025Q3,0
938,"ts_max(ts_rank(delta(volume,20),60),5)","ts_max(ts_rank(delta(volume,20),60),5)",ga,1.0,cyb,False,2024Q1,退役,2025Q4,0
939,"ts_corr(delay(low,244),ts_tsi(volume,244),60)","ts_corr(delay(low,244),ts_tsi(volume,244),60)",ga,-1.0,cyb,False,2024Q1,退役,2025Q2,0
940,"ssqrt(ts_max(open,60))","ssqrt(ts_max(open,60))",ga,-1.0,kc50,False,2024Q1,退役,2025Q1,0
941,"add(ssqrt(beta120),ts_mean(entropy120,10))","add(ssqrt(beta120),ts_mean(entropy120,10))",ga,-1.0,kc50,False,2024Q1,在役,,0
942,"delay(amount,120)","delay(amount,120)",ga,-1.0,kc50,False,2024Q1,在役,,0
943,"ts_min(delay(ema(returns,10),120),3)","ts_min(delay(ema(returns,10),120),3)",ga,-1.0,kc50,False,2024Q1,退役,2025Q4,0
944,"ts_min(ts_tsi(ts_decay_linear(returns,5),20),3)","ts_min(ts_tsi(ts_decay_linear(returns,5),20),3)",ga,-1.0,kc50,False,2024Q1,在役,,0
945,"delta(entropy120,3)","delta(entropy120,3)",ga,1.0,kc50,False,2024Q1,退役,2025Q2,0
946,"mul(close,mul(ema(beta120,120),mul(close,close)))","mul(close,mul(ema(beta120,120),mul(close,close)))",ga,-1.0,hongli,False,2024Q1,在役,,0
947,"mul(mul(close,ema(close,120)),ts_min(mul(neg(mul(high,beta12","mul(mul(close,ema(close,120)),ts_min(mul(neg(mul(high,beta120)),mul(ema(close,120),ts_min(close,120))),120))",ga,1.0,hongli,False,2024Q1,在役,,0
948,"delay(mul(returns,beta120),5)","delay(mul(returns,beta120),5)",ga,-1.0,hs300,False,2024Q2,在役,,0
949,"mul(ts_min(ts_max(entropy120,20),40),ts_min(close,3))","mul(ts_min(ts_max(entropy120,20),40),ts_min(close,3))",ga,-1.0,hs300,False,2024Q2,在役,,0
950,"neg(ts_argmin(delta(delay(ts_er(entropy120,120),244),60),3))","neg(ts_argmin(delta(delay(ts_er(entropy120,120),244),60),3))",ga,-1.0,hs300,False,2024Q2,退役,2025Q4,0
951,"slog(sub(slog(sub(sub(high,close),ssqrt(high))),ssqrt(close)","slog(sub(slog(sub(sub(high,close),ssqrt(high))),ssqrt(close)))",ga,1.0,hs300,False,2024Q2,在役,,0
952,"add(ts_max(div(volume,low),60),beta120)","add(ts_max(div(volume,low),60),beta120)",ga,1.0,hs300,False,2024Q2,退役,2025Q4,0
953,"neg(ts_er(sub(low,high),5))","neg(ts_er(sub(low,high),5))",ga,1.0,hs300,False,2024Q2,退役,2025Q2,0
954,"ts_std(close,5)","ts_std(close,5)",ga,1.0,zz500,False,2024Q2,在役,,0
955,"ts_std(add(ts_argmin(low,20),ts_std(close,3)),5)","ts_std(add(ts_argmin(low,20),ts_std(close,3)),5)",ga,1.0,zz500,False,2024Q2,在役,,0
956,"abs(ts_sum(returns,244))","abs(ts_sum(returns,244))",ga,1.0,cyb,False,2024Q2,退役,2025Q2,0
957,"ts_min(div(close,entropy120),120)","ts_min(div(close,entropy120),120)",ga,-1.0,cyb,False,2024Q2,退役,2025Q2,0
958,"delay(ts_argmin(volume,120),244)","delay(ts_argmin(volume,120),244)",ga,1.0,cyb,False,2024Q2,退役,2025Q2,0
959,"ts_argmax(beta120,10)","ts_argmax(beta120,10)",ga,-1.0,kc50,False,2024Q2,退役,2025Q2,0
960,"ts_argmax(ts_argmax(ts_min(low,3),5),10)","ts_argmax(ts_argmax(ts_min(low,3),5),10)",ga,-1.0,kc50,False,2024Q2,退役,2026Q2,0
961,"add(div(div(close,entropy120),ts_min(returns,120)),ts_max(ts","add(div(div(close,entropy120),ts_min(returns,120)),ts_max(ts_slope(close,60),40))",ga,1.0,kc50,False,2024Q2,在役,,0
962,"ts_min(ts_min(ts_argmax(open,5),3),3)","ts_min(ts_min(ts_argmax(open,5),3),3)",ga,1.0,kc50,False,2024Q2,在役,,0
963,"ts_argmax(ts_zscore(close,5),10)","ts_argmax(ts_zscore(close,5),10)",ga,1.0,kc50,False,2024Q2,退役,2025Q2,0
964,"ts_min(ts_slope(ts_argmax(ts_argmax(open,5),5),10),3)","ts_min(ts_slope(ts_argmax(ts_argmax(open,5),5),10),3)",ga,-1.0,kc50,False,2024Q2,退役,2026Q1,0
965,"ts_slope(ts_argmax(ts_min(close,3),5),3)","ts_slope(ts_argmax(ts_min(close,3),5),3)",ga,-1.0,kc50,False,2024Q2,在役,,0
966,"neg(ts_min(delay(low,40),60))","neg(ts_min(delay(low,40),60))",ga,1.0,hongli,False,2024Q2,退役,2025Q4,0
967,"delay(abs(high),20)","delay(abs(high),20)",ga,-1.0,hongli,False,2024Q2,退役,2025Q4,0
968,"delay(high,40)","delay(high,40)",ga,-1.0,hongli,False,2024Q2,退役,2025Q4,0
969,"ts_rank(ts_std(high,60),5)","ts_rank(ts_std(high,60),5)",ga,1.0,hongli,False,2024Q2,退役,2025Q3,0
970,"ts_min(ts_zscore(beta120,3),60)","ts_min(ts_zscore(beta120,3),60)",ga,-1.0,hongli,False,2024Q2,在役,,0
971,"ts_tsi(delta(volume,3),40)","ts_tsi(delta(volume,3),40)",ga,1.0,hongli,False,2024Q2,退役,2025Q4,0
972,"mul(high,ts_decay_linear(beta120,120))","mul(high,ts_decay_linear(beta120,120))",ga,-1.0,hongli,False,2024Q2,在役,,0
973,"ts_argmax(amount,20)","ts_argmax(amount,20)",ga,-1.0,,False,2024Q3,退役,2025Q3,0
974,"abs(ssqrt(abs(abs(ts_zscore(amount,5)))))","abs(ssqrt(abs(abs(ts_zscore(amount,5)))))",ga,1.0,hs300,False,2024Q3,退役,2026Q2,0
975,"abs(ts_zscore(close,40))","abs(ts_zscore(close,40))",ga,1.0,hs300,False,2024Q3,退役,2025Q3,0
976,"abs(delta(amount,3))","abs(delta(amount,3))",ga,1.0,hs300,False,2024Q3,退役,2026Q3,0
977,"mul(ssqrt(abs(returns)),ts_rank(ts_max(ts_max(abs(returns),2","mul(ssqrt(abs(returns)),ts_rank(ts_max(ts_max(abs(returns),20),20),20))",ga,1.0,zz500,False,2024Q3,在役,,1
978,"mul(abs(mul(abs(returns),ts_rank(ts_max(amount,20),10))),ts_","mul(abs(mul(abs(returns),ts_rank(ts_max(amount,20),10))),ts_rank(ts_max(ts_max(ssqrt(open),20),20),20))",ga,1.0,zz500,False,2024Q3,退役,2025Q4,0
979,"mul(abs(returns),ts_rank(ts_max(mul(ts_std(volume,20),ts_std","mul(abs(returns),ts_rank(ts_max(mul(ts_std(volume,20),ts_std(open,20)),20),20))",ga,1.0,zz500,False,2024Q3,退役,2026Q3,0
980,"mul(abs(returns),ts_rank(ts_max(open,20),20))","mul(abs(returns),ts_rank(ts_max(open,20),20))",ga,1.0,zz500,False,2024Q3,退役,2026Q1,0
981,"div(abs(ts_sum(mul(entropy120,returns),10)),slog(close))","div(abs(ts_sum(mul(entropy120,returns),10)),slog(close))",ga,1.0,zz500,False,2024Q3,退役,2025Q4,0
982,"ts_std(open,10)","ts_std(open,10)",ga,1.0,zz1000,False,2024Q3,在役,,0
983,"div(high,sub(sub(high,div(high,open)),open))","div(high,sub(sub(high,div(high,open)),open))",ga,-1.0,zz1000,False,2024Q3,在役,,0
984,"div(high,sub(sub(high,open),ts_std(high,10)))","div(high,sub(sub(high,open),ts_std(high,10)))",ga,1.0,zz1000,False,2024Q3,在役,,0
985,"ts_corr(open,open,20)","ts_corr(open,open,20)",ga,1.0,zz1000,False,2024Q3,在役,,0
986,"ssqrt(div(ts_max(ts_argmin(high,244),10),high))","ssqrt(div(ts_max(ts_argmin(high,244),10),high))",ga,1.0,cyb,False,2024Q3,在役,,0
987,"slog(ts_corr(close,low,20))","slog(ts_corr(close,low,20))",ga,1.0,cyb,False,2024Q3,退役,2025Q4,0
988,"ts_corr(close,ts_corr(mul(volume,high),high,20),20)","ts_corr(close,ts_corr(mul(volume,high),high,20),20)",ga,1.0,cyb,False,2024Q3,在役,,0
989,"ts_corr(ts_corr(high,high,20),low,20)","ts_corr(ts_corr(high,high,20),low,20)",ga,1.0,cyb,False,2024Q3,退役,2026Q1,0
990,"ssqrt(div(ts_max(ts_argmin(close,244),60),high))","ssqrt(div(ts_max(ts_argmin(close,244),60),high))",ga,1.0,cyb,False,2024Q3,在役,,0
991,"slog(ts_corr(close,close,40))","slog(ts_corr(close,close,40))",ga,-1.0,cyb,False,2024Q3,在役,,1
992,"ts_slope(mul(ts_argmin(abs(ts_slope(open,244)),20),ts_argmin","ts_slope(mul(ts_argmin(abs(ts_slope(open,244)),20),ts_argmin(entropy120,40)),10)",ga,-1.0,cyb,False,2024Q3,在役,,0
993,"ts_min(ts_std(delta(amount,120),40),5)","ts_min(ts_std(delta(amount,120),40),5)",ga,-1.0,kc50,False,2024Q3,在役,,0
994,"abs(delay(add(amount,high),20))","abs(delay(add(amount,high),20))",ga,-1.0,kc50,False,2024Q3,退役,2025Q4,0
995,"ts_decay_linear(ts_std(ts_sum(amount,120),40),20)","ts_decay_linear(ts_std(ts_sum(amount,120),40),20)",ga,-1.0,kc50,False,2024Q3,在役,,1
996,"ts_std(ts_std(ts_er(close,5),120),40)","ts_std(ts_std(ts_er(close,5),120),40)",ga,1.0,kc50,False,2024Q3,退役,2026Q1,0
997,"ts_mean(ssqrt(amount),60)","ts_mean(ssqrt(amount),60)",ga,-1.0,kc50,False,2024Q3,退役,2025Q3,0
998,"ts_min(delay(low,60),40)","ts_min(delay(low,60),40)",ga,-1.0,hongli,False,2024Q3,退役,2025Q4,0
999,"ts_min(ts_min(ts_min(open,40),10),120)","ts_min(ts_min(ts_min(open,40),10),120)",ga,-1.0,hongli,False,2024Q3,退役,2026Q1,0
1000,"ts_min(neg(neg(ts_argmax(returns,10))),10)","ts_min(neg(neg(ts_argmax(returns,10))),10)",ga,-1.0,hongli,False,2024Q3,退役,2025Q3,0
1001,"div(beta120,high)","div(beta120,high)",ga,1.0,hongli,False,2024Q3,在役,,0
1002,"delta(ts_corr(beta120,entropy120,10),10)","delta(ts_corr(beta120,entropy120,10),10)",ga,-1.0,hongli,False,2024Q3,退役,2025Q3,0
1003,"ts_max(neg(ts_slope(returns,10)),120)","ts_max(neg(ts_slope(returns,10)),120)",ga,1.0,hongli,False,2024Q3,退役,2025Q4,0
1004,"abs(ts_decay_linear(returns,10))","abs(ts_decay_linear(returns,10))",ga,1.0,,False,2024Q4,退役,2025Q4,0
1005,"abs(ts_corr(high,returns,10))","abs(ts_corr(high,returns,10))",ga,1.0,,False,2024Q4,退役,2025Q4,0
1006,"ts_argmax(ts_er(ts_argmax(entropy120,3),60),3)","ts_argmax(ts_er(ts_argmax(entropy120,3),60),3)",ga,1.0,hs300,False,2024Q4,退役,2025Q4,0
1007,"ts_rank(slog(ts_max(high,40)),3)","ts_rank(slog(ts_max(high,40)),3)",ga,1.0,hs300,False,2024Q4,退役,2026Q3,0
1008,"ts_er(delta(ts_argmax(entropy120,3),10),60)","ts_er(delta(ts_argmax(entropy120,3),10),60)",ga,-1.0,hs300,False,2024Q4,退役,2025Q4,0
1009,"ts_er(ts_argmax(low,3),60)","ts_er(ts_argmax(low,3),60)",ga,-1.0,hs300,False,2024Q4,退役,2026Q1,0
1010,"ts_rank(ts_std(returns,40),5)","ts_rank(ts_std(returns,40),5)",ga,1.0,zz500,False,2024Q4,退役,2026Q2,0
1011,"ts_max(abs(returns),10)","ts_max(abs(returns),10)",ga,1.0,zz500,False,2024Q4,在役,,0
1012,"ssqrt(ts_std(sub(close,high),5))","ssqrt(ts_std(sub(close,high),5))",ga,1.0,zz500,False,2024Q4,在役,,1
1013,"ts_std(amount,5)","ts_std(amount,5)",ga,1.0,zz500,False,2024Q4,在役,,0
1014,"ssqrt(ts_std(close,20))","ssqrt(ts_std(close,20))",ga,1.0,zz500,False,2024Q4,退役,2026Q1,0
1015,"ts_std(close,5)","ts_std(close,5)",ga,1.0,zz1000,False,2024Q4,在役,,0
1016,"ts_std(amount,5)","ts_std(amount,5)",ga,1.0,zz1000,False,2024Q4,在役,,0
1017,"ts_std(low,40)","ts_std(low,40)",ga,1.0,zz1000,False,2024Q4,退役,2026Q2,0
1018,"ts_std(ts_std(ts_std(high,10),5),20)","ts_std(ts_std(ts_std(high,10),5),20)",ga,1.0,zz1000,False,2024Q4,退役,2026Q3,0
1019,"ts_std(ts_std(close,5),5)","ts_std(ts_std(close,5),5)",ga,1.0,zz1000,False,2024Q4,在役,,0
1020,"delay(ts_std(ts_std(mul(mul(beta120,close),high),244),3),244","delay(ts_std(ts_std(mul(mul(beta120,close),high),244),3),244)",ga,-1.0,cyb,False,2024Q4,在役,,0
1021,"ts_tsi(ts_std(mul(beta120,close),20),244)","ts_tsi(ts_std(mul(beta120,close),20),244)",ga,1.0,cyb,False,2024Q4,退役,2026Q2,0
1022,"ts_corr(ts_mean(sub(amount,delta(entropy120,60)),3),div(ts_r","ts_corr(ts_mean(sub(amount,delta(entropy120,60)),3),div(ts_rank(volume,120),mul(returns,entropy120)),10)",ga,-1.0,kc50,False,2024Q4,退役,2025Q4,0
1023,"ts_corr(ts_mean(sub(volume,delta(amount,60)),3),div(ts_rank(","ts_corr(ts_mean(sub(volume,delta(amount,60)),3),div(ts_rank(volume,120),mul(mul(returns,entropy120),entropy120)),10)",ga,1.0,kc50,False,2024Q4,退役,2025Q4,0
1024,"ts_min(ts_corr(ts_mean(sub(amount,returns),3),div(volume,mul","ts_min(ts_corr(ts_mean(sub(amount,returns),3),div(volume,mul(returns,entropy120)),10),5)",ga,-1.0,kc50,False,2024Q4,退役,2025Q4,0
1025,"ts_corr(ts_mean(sub(amount,div(volume,mul(returns,entropy120","ts_corr(ts_mean(sub(amount,div(volume,mul(returns,entropy120))),3),div(volume,mul(returns,entropy120)),10)",ga,-1.0,kc50,False,2024Q4,退役,2026Q1,0
1026,"ts_corr(sub(amount,delta(entropy120,60)),div(volume,mul(retu","ts_corr(sub(amount,delta(entropy120,60)),div(volume,mul(returns,open)),10)",ga,-1.0,kc50,False,2024Q4,退役,2025Q4,0
1027,"neg(ts_corr(close,high,5))","neg(ts_corr(close,high,5))",ga,-1.0,kc50,False,2024Q4,在役,,0
1028,"ts_min(returns,120)","ts_min(returns,120)",ga,-1.0,kc50,False,2024Q4,退役,2026Q3,0
1029,"ema(low,20)","ema(low,20)",ga,-1.0,hongli,False,2024Q4,在役,,0
1030,"abs(ts_corr(high,returns,3))","abs(ts_corr(high,returns,3))",ga,1.0,hongli,False,2024Q4,退役,2026Q1,0
1031,"ts_corr(mul(close,open),high,120)","ts_corr(mul(close,open),high,120)",ga,-1.0,hongli,False,2024Q4,在役,,0
1032,"slog(ts_rank(entropy120,3))","slog(ts_rank(entropy120,3))",ga,1.0,hongli,False,2024Q4,退役,2025Q4,0
1033,"add(add(ts_argmax(beta120,10),ts_std(high,20)),beta120)","add(add(ts_argmax(beta120,10),ts_std(high,20)),beta120)",ga,1.0,hongli,False,2024Q4,退役,2026Q1,0
1034,"ts_min(ts_zscore(open,60),20)","ts_min(ts_zscore(open,60),20)",ga,-1.0,hongli,False,2024Q4,在役,,0
1035,"add(add(ts_argmax(entropy120,3),mul(ts_min(entropy120,244),l","add(add(ts_argmax(entropy120,3),mul(ts_min(entropy120,244),low)),entropy120)",ga,-1.0,hs300,False,2025Q1,在役,,0
1036,"add(ts_argmax(ts_min(entropy120,244),3),add(ts_min(entropy12","add(ts_argmax(ts_min(entropy120,244),3),add(ts_min(entropy120,244),entropy120))",ga,-1.0,hs300,False,2025Q1,退役,2026Q1,0
1037,"add(add(entropy120,delta(ssqrt(open),5)),add(ts_min(entropy1","add(add(entropy120,delta(ssqrt(open),5)),add(ts_min(entropy120,244),add(entropy120,add(ts_argmax(low,3),ts_min(entropy120,244)))))",ga,-1.0,hs300,False,2025Q1,在役,,1
1038,"ssqrt(delta(ssqrt(delta(open,5)),5))","ssqrt(delta(ssqrt(delta(open,5)),5))",ga,-1.0,hs300,False,2025Q1,退役,2026Q1,0
1039,"ts_std(div(high,ssqrt(open)),3)","ts_std(div(high,ssqrt(open)),3)",ga,1.0,zz500,False,2025Q1,在役,,1
1040,"abs(ts_zscore(amount,20))","abs(ts_zscore(amount,20))",ga,1.0,zz500,False,2025Q1,在役,,0
1041,"ts_sum(ts_corr(close,open,20),10)","ts_sum(ts_corr(close,open,20),10)",ga,1.0,cyb,False,2025Q1,退役,2026Q2,0
1042,"ts_corr(ts_corr(close,amount,20),close,20)","ts_corr(ts_corr(close,amount,20),close,20)",ga,1.0,cyb,False,2025Q1,退役,2026Q1,0
1043,"ts_sum(ts_sum(ts_corr(close,high,20),10),10)","ts_sum(ts_sum(ts_corr(close,high,20),10),10)",ga,1.0,cyb,False,2025Q1,退役,2026Q2,0
1044,"ts_corr(ts_decay_linear(ts_zscore(open,5),120),high,20)","ts_corr(ts_decay_linear(ts_zscore(open,5),120),high,20)",ga,1.0,cyb,False,2025Q1,退役,2026Q1,0
1045,"mul(close,ts_min(mul(ts_min(ts_min(amount,20),120),ts_std(ts","mul(close,ts_min(mul(ts_min(ts_min(amount,20),120),ts_std(ts_er(amount,5),20)),20))",ga,-1.0,kc50,False,2025Q1,在役,,0
1046,"mul(open,mul(ts_min(ts_min(ts_min(amount,20),20),20),ts_min(","mul(open,mul(ts_min(ts_min(ts_min(amount,20),20),20),ts_min(ts_er(volume,5),60)))",ga,1.0,kc50,False,2025Q1,在役,,0
1047,"mul(open,mul(ts_min(ts_min(ts_min(amount,20),20),20),ts_min(","mul(open,mul(ts_min(ts_min(ts_min(amount,20),20),20),ts_min(ts_min(delta(amount,5),20),20)))",ga,1.0,kc50,False,2025Q1,在役,,0
1048,"sub(open,mul(ts_min(ts_min(ts_min(amount,20),20),20),ts_min(","sub(open,mul(ts_min(ts_min(ts_min(amount,20),20),20),ts_min(ts_min(ts_er(amount,5),20),20)))",ga,-1.0,kc50,False,2025Q1,退役,2026Q2,0
1049,"mul(ts_min(volume,20),ts_min(ts_er(volume,5),20))","mul(ts_min(volume,20),ts_min(ts_er(volume,5),20))",ga,1.0,kc50,False,2025Q1,退役,2026Q1,0
1050,"mul(open,mul(ts_min(ts_min(ts_min(amount,20),20),20),ts_min(","mul(open,mul(ts_min(ts_min(ts_min(amount,20),20),20),ts_min(ts_er(high,5),20)))",ga,1.0,kc50,False,2025Q1,在役,,0
1051,"delta(ts_max(amount,20),3)","delta(ts_max(amount,20),3)",ga,1.0,hongli,False,2025Q1,退役,2026Q1,0
1052,"ts_slope(ts_slope(low,5),3)","ts_slope(ts_slope(low,5),3)",ga,1.0,hongli,False,2025Q1,在役,,1
1053,"ts_er(ts_mean(ts_tsi(open,5),5),5)","ts_er(ts_mean(ts_tsi(open,5),5),5)",ga,-1.0,,False,2025Q2,在役,,0
1054,"ts_er(ts_argmax(open,5),5)","ts_er(ts_argmax(open,5),5)",ga,1.0,,False,2025Q2,在役,,1
1055,"ts_tsi(mul(high,ts_argmin(amount,244)),5)","ts_tsi(mul(high,ts_argmin(amount,244)),5)",ga,-1.0,,False,2025Q2,在役,,0
1056,"ts_er(ts_er(abs(returns),40),5)","ts_er(ts_er(abs(returns),40),5)",ga,1.0,,False,2025Q2,在役,,1
1057,"ts_tsi(delay(ts_slope(low,3),20),5)","ts_tsi(delay(ts_slope(low,3),20),5)",ga,1.0,,False,2025Q2,在役,,0
1058,"ts_er(ts_tsi(ts_er(ts_zscore(low,120),60),5),5)","ts_er(ts_tsi(ts_er(ts_zscore(low,120),60),5),5)",ga,-1.0,,False,2025Q2,退役,2026Q2,0
1059,"sub(ts_rank(ts_rank(entropy120,3),3),sub(ts_rank(entropy120,","sub(ts_rank(ts_rank(entropy120,3),3),sub(ts_rank(entropy120,3),entropy120))",ga,-1.0,hs300,False,2025Q2,退役,2026Q2,0
1060,"ts_tsi(ts_rank(ts_tsi(ts_rank(open,3),120),3),120)","ts_tsi(ts_rank(ts_tsi(ts_rank(open,3),120),3),120)",ga,-1.0,hs300,False,2025Q2,在役,,0
1061,"ts_tsi(ts_rank(ts_tsi(sub(ts_rank(low,3),entropy120),120),3)","ts_tsi(ts_rank(ts_tsi(sub(ts_rank(low,3),entropy120),120),3),120)",ga,-1.0,hs300,False,2025Q2,退役,2026Q2,0
1062,"sub(ts_rank(ts_corr(delta(open,40),amount,3),3),entropy120)","sub(ts_rank(ts_corr(delta(open,40),amount,3),3),entropy120)",ga,1.0,hs300,False,2025Q2,退役,2026Q2,0
1063,"ts_std(abs(ema(returns,3)),3)","ts_std(abs(ema(returns,3)),3)",ga,1.0,zz500,False,2025Q2,在役,,0
1064,"abs(ema(returns,3))","abs(ema(returns,3))",ga,1.0,zz500,False,2025Q2,退役,2026Q2,0
1065,"ts_rank(ts_std(volume,10),3)","ts_rank(ts_std(volume,10),3)",ga,1.0,zz500,False,2025Q2,在役,,0
1066,"ts_std(ssqrt(mul(ts_er(volume,20),returns)),5)","ts_std(ssqrt(mul(ts_er(volume,20),returns)),5)",ga,1.0,zz1000,False,2025Q2,在役,,0
1067,"ts_std(abs(open),5)","ts_std(abs(open),5)",ga,1.0,zz1000,False,2025Q2,在役,,0
1068,"abs(mul(ts_std(close,5),ts_slope(volume,20)))","abs(mul(ts_std(close,5),ts_slope(volume,20)))",ga,1.0,zz1000,False,2025Q2,在役,,0
1069,"ts_mean(ts_tsi(ts_tsi(amount,5),5),10)","ts_mean(ts_tsi(ts_tsi(amount,5),5),10)",ga,-1.0,cyb,False,2025Q2,退役,2026Q2,0
1070,"ts_std(ts_slope(slog(volume),244),60)","ts_std(ts_slope(slog(volume),244),60)",ga,1.0,cyb,False,2025Q2,退役,2026Q2,0
1071,"ts_tsi(ts_tsi(add(ts_slope(ts_decay_linear(beta120,10),244),","ts_tsi(ts_tsi(add(ts_slope(ts_decay_linear(beta120,10),244),ts_argmax(ema(high,60),3)),5),5)",ga,1.0,cyb,False,2025Q2,在役,,0
1072,"ts_std(ts_std(ts_slope(ts_decay_linear(beta120,40),244),60),","ts_std(ts_std(ts_slope(ts_decay_linear(beta120,40),244),60),60)",ga,-1.0,cyb,False,2025Q2,在役,,0
1073,"ts_tsi(add(entropy120,ts_tsi(ema(close,244),5)),5)","ts_tsi(add(entropy120,ts_tsi(ema(close,244),5)),5)",ga,-1.0,cyb,False,2025Q2,在役,,0
1074,"ts_tsi(ts_zscore(ts_tsi(ts_zscore(ts_decay_linear(beta120,40","ts_tsi(ts_zscore(ts_tsi(ts_zscore(ts_decay_linear(beta120,40),120),5),120),5)",ga,-1.0,cyb,False,2025Q2,退役,2026Q2,0
1075,"ts_argmin(sub(sub(ema(ema(entropy120,10),10),ts_argmin(sub(e","ts_argmin(sub(sub(ema(ema(entropy120,10),10),ts_argmin(sub(entropy120,returns),3)),returns),3)",ga,1.0,kc50,False,2025Q2,退役,2026Q3,0
1076,"mul(ts_argmin(sub(entropy120,high),3),ts_argmin(sub(ema(ema(","mul(ts_argmin(sub(entropy120,high),3),ts_argmin(sub(ema(ema(entropy120,10),10),returns),3))",ga,-1.0,kc50,False,2025Q2,在役,,0
1077,"ema(ts_tsi(ts_tsi(open,5),5),10)","ema(ts_tsi(ts_tsi(open,5),5),10)",ga,-1.0,kc50,False,2025Q2,在役,,0
1078,"mul(open,entropy120)","mul(open,entropy120)",ga,-1.0,kc50,False,2025Q2,在役,,0
1079,"mul(ts_argmin(sub(entropy120,returns),3),ts_argmin(sub(ema(e","mul(ts_argmin(sub(entropy120,returns),3),ts_argmin(sub(ema(ema(entropy120,10),10),amount),3))",ga,-1.0,kc50,False,2025Q2,退役,2026Q2,0
1080,"abs(ts_zscore(neg(beta120),10))","abs(ts_zscore(neg(beta120),10))",ga,1.0,kc50,False,2025Q2,退役,2026Q2,0
1081,"ts_argmin(delay(ts_argmax(volume,20),3),3)","ts_argmin(delay(ts_argmax(volume,20),3),3)",ga,-1.0,kc50,False,2025Q2,在役,,0
1082,"mul(entropy120,ts_argmin(sub(ema(abs(volume),40),returns),3)","mul(entropy120,ts_argmin(sub(ema(abs(volume),40),returns),3))",ga,1.0,kc50,False,2025Q2,退役,2026Q3,0
1083,"ts_zscore(abs(entropy120),60)","ts_zscore(abs(entropy120),60)",ga,-1.0,hongli,False,2025Q2,退役,2026Q2,0
1084,"ema(ts_tsi(ssqrt(close),3),120)","ema(ts_tsi(ssqrt(close),3),120)",ga,-1.0,hongli,False,2025Q2,在役,,0
1085,"abs(ema(abs(ema(ts_tsi(close,3),120)),120))","abs(ema(abs(ema(ts_tsi(close,3),120)),120))",ga,-1.0,hongli,False,2025Q2,在役,,0
1086,"ts_zscore(open,60)","ts_zscore(open,60)",ga,-1.0,hongli,False,2025Q2,在役,,0
1087,"abs(ts_mean(ts_tsi(neg(high),3),120))","abs(ts_mean(ts_tsi(neg(high),3),120))",ga,-1.0,hongli,False,2025Q2,在役,,0
1088,"ts_argmin(entropy120,20)","ts_argmin(entropy120,20)",ga,-1.0,hongli,False,2025Q2,退役,2026Q3,0
1089,"ts_mean(ts_tsi(amount,3),120)","ts_mean(ts_tsi(amount,3),120)",ga,-1.0,hongli,False,2025Q2,在役,,0
1090,"abs(ema(ts_tsi(neg(low),3),120))","abs(ema(ts_tsi(neg(low),3),120))",ga,-1.0,hongli,False,2025Q2,在役,,0
1091,"ts_mean(delta(high,5),120)","ts_mean(delta(high,5),120)",ga,-1.0,hongli,False,2025Q2,在役,,0
1092,"abs(abs(ts_argmax(amount,244)))","abs(abs(ts_argmax(amount,244)))",ga,1.0,hongli,False,2025Q2,在役,,0
1093,"div(ts_argmax(ts_decay_linear(open,5),3),high)","div(ts_argmax(ts_decay_linear(open,5),3),high)",ga,1.0,,False,2025Q3,在役,,0
1094,"div(ts_sum(ts_std(open,3),5),high)","div(ts_sum(ts_std(open,3),5),high)",ga,1.0,,False,2025Q3,在役,,0
1095,"abs(slog(ts_slope(returns,20)))","abs(slog(ts_slope(returns,20)))",ga,1.0,,False,2025Q3,在役,,1
1096,"div(open,ts_min(ts_corr(entropy120,beta120,60),40))","div(open,ts_min(ts_corr(entropy120,beta120,60),40))",ga,1.0,,False,2025Q3,在役,,0
1097,"ts_sum(returns,5)","ts_sum(returns,5)",ga,-1.0,,False,2025Q3,在役,,0
1098,"ts_er(add(delta(ts_max(low,3),5),ts_std(low,60)),5)","ts_er(add(delta(ts_max(low,3),5),ts_std(low,60)),5)",ga,-1.0,hs300,False,2025Q3,在役,,1
1099,"ts_er(add(ts_argmin(ts_max(low,3),5),ts_std(returns,60)),5)","ts_er(add(ts_argmin(ts_max(low,3),5),ts_std(returns,60)),5)",ga,-1.0,hs300,False,2025Q3,在役,,0
1100,"add(sub(close,low),ts_std(entropy120,60))","add(sub(close,low),ts_std(entropy120,60))",ga,-1.0,hs300,False,2025Q3,在役,,0
1101,"abs(ts_slope(ts_argmin(close,3),20))","abs(ts_slope(ts_argmin(close,3),20))",ga,1.0,hs300,False,2025Q3,在役,,0
1102,"delta(ts_max(ts_argmin(close,5),3),5)","delta(ts_max(ts_argmin(close,5),3),5)",ga,-1.0,hs300,False,2025Q3,在役,,1
1103,"div(open,high)","div(open,high)",ga,-1.0,hs300,False,2025Q3,退役,2026Q3,0
1104,"delta(ema(entropy120,5),5)","delta(ema(entropy120,5),5)",ga,-1.0,hs300,False,2025Q3,在役,,0
1105,"neg(ts_mean(delta(ts_max(low,3),5),5))","neg(ts_mean(delta(ts_max(low,3),5),5))",ga,1.0,hs300,False,2025Q3,在役,,0
1106,"mul(delta(returns,5),delta(open,5))","mul(delta(returns,5),delta(open,5))",ga,1.0,hs300,False,2025Q3,退役,2026Q3,0
1107,entropy120,entropy120,ga,-1.0,hs300,False,2025Q3,在役,,0
1108,"div(ts_max(high,5),low)","div(ts_max(high,5),low)",ga,1.0,zz500,False,2025Q3,在役,,0
1109,"ts_er(open,5)","ts_er(open,5)",ga,-1.0,zz500,False,2025Q3,在役,,1
1110,"div(div(open,ts_std(ts_er(ts_zscore(open,3),10),5)),ts_std(r","div(div(open,ts_std(ts_er(ts_zscore(open,3),10),5)),ts_std(returns,5))",ga,-1.0,zz500,False,2025Q3,在役,,0
1111,"div(ts_std(delay(amount,60),5),div(high,ts_std(high,5)))","div(ts_std(delay(amount,60),5),div(high,ts_std(high,5)))",ga,1.0,zz500,False,2025Q3,在役,,1
1112,"ema(div(high,sub(open,ts_std(high,40))),3)","ema(div(high,sub(open,ts_std(high,40))),3)",ga,1.0,zz1000,False,2025Q3,退役,2026Q3,0
1113,"ts_std(abs(ts_mean(returns,10)),5)","ts_std(abs(ts_mean(returns,10)),5)",ga,1.0,zz1000,False,2025Q3,在役,,0
1114,"ts_std(mul(ts_corr(entropy120,amount,40),delay(high,244)),12","ts_std(mul(ts_corr(entropy120,amount,40),delay(high,244)),120)",ga,-1.0,cyb,False,2025Q3,在役,,1
1115,"ts_std(ts_corr(mul(ts_argmin(ts_min(amount,40),244),delay(hi","ts_std(ts_corr(mul(ts_argmin(ts_min(amount,40),244),delay(high,244)),ts_corr(ts_argmin(amount,244),amount,40),10),244)",ga,-1.0,cyb,False,2025Q3,在役,,0
1116,entropy120,entropy120,ga,-1.0,kc50,False,2025Q3,退役,2026Q3,0
1117,"ts_sum(ts_tsi(ts_er(volume,20),10),40)","ts_sum(ts_tsi(ts_er(volume,20),10),40)",ga,1.0,kc50,False,2025Q3,退役,2026Q3,0
1118,"ts_std(low,5)","ts_std(low,5)",ga,1.0,kc50,False,2025Q3,在役,,0
1119,"ts_tsi(ts_tsi(ts_std(beta120,120),5),5)","ts_tsi(ts_tsi(ts_std(beta120,120),5),5)",ga,-1.0,kc50,False,2025Q3,在役,,0
1120,"ts_argmax(ts_argmax(high,20),20)","ts_argmax(ts_argmax(high,20),20)",ga,1.0,kc50,False,2025Q3,在役,,1
1121,"ts_argmin(ts_argmin(ts_zscore(entropy120,20),20),20)","ts_argmin(ts_argmin(ts_zscore(entropy120,20),20),20)",ga,-1.0,hongli,False,2025Q3,在役,,0
1122,"ts_argmin(ts_zscore(entropy120,244),20)","ts_argmin(ts_zscore(entropy120,244),20)",ga,-1.0,hongli,False,2025Q3,在役,,0
1123,"ts_argmin(ts_zscore(ts_slope(entropy120,20),20),20)","ts_argmin(ts_zscore(ts_slope(entropy120,20),20),20)",ga,-1.0,hongli,False,2025Q3,在役,,0
1124,"ts_argmin(ts_argmin(ts_zscore(entropy120,10),20),20)","ts_argmin(ts_argmin(ts_zscore(entropy120,10),20),20)",ga,-1.0,hongli,False,2025Q3,在役,,0
1125,"ts_argmin(mul(open,entropy120),20)","ts_argmin(mul(open,entropy120),20)",ga,-1.0,hongli,False,2025Q3,在役,,0
1126,"ts_rank(ts_argmin(ts_argmin(ts_rank(entropy120,60),20),20),6","ts_rank(ts_argmin(ts_argmin(ts_rank(entropy120,60),20),20),60)",ga,-1.0,hongli,False,2025Q3,在役,,0
1127,"delay(div(high,low),3)","delay(div(high,low),3)",ga,1.0,,False,2025Q4,在役,,0
1128,"div(sub(open,high),ts_std(ts_mean(volume,5),10))","div(sub(open,high),ts_std(ts_mean(volume,5),10))",ga,-1.0,,False,2025Q4,在役,,0
1129,"ts_max(div(close,high),5)","ts_max(div(close,high),5)",ga,-1.0,,False,2025Q4,在役,,0
1130,"ts_min(mul(entropy120,open),120)","ts_min(mul(entropy120,open),120)",ga,-1.0,hs300,False,2025Q4,在役,,0
1131,"ts_min(ts_min(ema(ssqrt(returns),5),244),244)","ts_min(ts_min(ema(ssqrt(returns),5),244),244)",ga,-1.0,hs300,False,2025Q4,在役,,0
1132,"abs(abs(mul(ts_std(high,5),sub(returns,ts_std(returns,5)))))","abs(abs(mul(ts_std(high,5),sub(returns,ts_std(returns,5)))))",ga,1.0,zz500,False,2025Q4,在役,,0
1133,"abs(mul(ts_std(high,5),ts_corr(ts_rank(low,244),sub(entropy1","abs(mul(ts_std(high,5),ts_corr(ts_rank(low,244),sub(entropy120,low),40)))",ga,1.0,zz500,False,2025Q4,在役,,0
1134,"abs(mul(ts_er(high,5),mul(returns,ts_std(high,5))))","abs(mul(ts_er(high,5),mul(returns,ts_std(high,5))))",ga,1.0,zz500,False,2025Q4,在役,,0
1135,"div(ts_std(high,20),high)","div(ts_std(high,20),high)",ga,1.0,zz1000,False,2025Q4,在役,,0
1136,"div(ts_std(returns,5),beta120)","div(ts_std(returns,5),beta120)",ga,1.0,zz1000,False,2025Q4,在役,,0
1137,"div(ts_std(ts_zscore(slog(returns),40),5),close)","div(ts_std(ts_zscore(slog(returns),40),5),close)",ga,1.0,zz1000,False,2025Q4,在役,,0
1138,"div(ts_std(div(ts_std(high,5),low),20),low)","div(ts_std(div(ts_std(high,5),low),20),low)",ga,1.0,zz1000,False,2025Q4,在役,,0
1139,"div(close,high)","div(close,high)",ga,-1.0,cyb,False,2025Q4,在役,,0
1140,"slog(ts_argmin(amount,10))","slog(ts_argmin(amount,10))",ga,-1.0,cyb,False,2025Q4,在役,,0
1141,"ts_corr(amount,ts_tsi(delay(mul(open,high),5),244),244)","ts_corr(amount,ts_tsi(delay(mul(open,high),5),244),244)",ga,1.0,cyb,False,2025Q4,在役,,0
1142,"ts_decay_linear(delay(delta(entropy120,60),60),5)","ts_decay_linear(delay(delta(entropy120,60),60),5)",ga,1.0,kc50,False,2025Q4,在役,,0
1143,"delta(ts_std(low,3),5)","delta(ts_std(low,3),5)",ga,1.0,kc50,False,2025Q4,在役,,0
1144,"ts_corr(add(open,amount),low,120)","ts_corr(add(open,amount),low,120)",ga,-1.0,hongli,False,2025Q4,在役,,0
1145,"ts_corr(add(open,amount),add(entropy120,amount),120)","ts_corr(add(open,amount),add(entropy120,amount),120)",ga,1.0,hongli,False,2025Q4,在役,,0
1146,"abs(delay(ts_slope(mul(close,high),120),10))","abs(delay(ts_slope(mul(close,high),120),10))",ga,-1.0,hongli,False,2025Q4,在役,,0
1147,"ts_tsi(ts_corr(returns,open,244),244)","ts_tsi(ts_corr(returns,open,244),244)",ga,-1.0,hongli,False,2025Q4,在役,,0
1148,"ts_std(ts_er(volume,40),120)","ts_std(ts_er(volume,40),120)",ga,-1.0,hongli,False,2025Q4,在役,,0
1149,"ts_argmin(open,5)","ts_argmin(open,5)",ga,-1.0,hongli,False,2025Q4,在役,,0
1150,"slog(ts_argmin(entropy120,3))","slog(ts_argmin(entropy120,3))",ga,1.0,hongli,False,2025Q4,在役,,0
1151,"ts_std(ts_slope(returns,120),244)","ts_std(ts_slope(returns,120),244)",ga,1.0,,False,2026Q1,在役,,0
1152,"ts_rank(ts_zscore(entropy120,244),120)","ts_rank(ts_zscore(entropy120,244),120)",ga,-1.0,,False,2026Q1,在役,,0
1153,"delay(div(ts_min(returns,60),high),244)","delay(div(ts_min(returns,60),high),244)",ga,-1.0,,False,2026Q1,在役,,0
1154,"ts_argmax(ts_zscore(volume,120),40)","ts_argmax(ts_zscore(volume,120),40)",ga,-1.0,,False,2026Q1,在役,,0
1155,"ema(ts_argmax(ts_corr(entropy120,open,3),10),120)","ema(ts_argmax(ts_corr(entropy120,open,3),10),120)",ga,1.0,hs300,False,2026Q1,在役,,0
1156,"ts_decay_linear(beta120,5)","ts_decay_linear(beta120,5)",ga,1.0,hs300,False,2026Q1,在役,,0
1157,"abs(delta(slog(amount),10))","abs(delta(slog(amount),10))",ga,1.0,zz500,False,2026Q1,在役,,0
1158,"delta(ts_er(ts_std(returns,40),40),5)","delta(ts_er(ts_std(returns,40),40),5)",ga,1.0,zz500,False,2026Q1,在役,,0
1159,"abs(mul(amount,ts_min(returns,3)))","abs(mul(amount,ts_min(returns,3)))",ga,1.0,zz500,False,2026Q1,在役,,0
1160,"abs(ema(slog(returns),20))","abs(ema(slog(returns),20))",ga,1.0,zz500,False,2026Q1,在役,,0
1161,"ts_std(delta(neg(high),10),20)","ts_std(delta(neg(high),10),20)",ga,1.0,zz500,False,2026Q1,在役,,0
1162,"abs(delta(abs(returns),10))","abs(delta(abs(returns),10))",ga,1.0,zz500,False,2026Q1,在役,,0
1163,"abs(slog(delta(slog(high),10)))","abs(slog(delta(slog(high),10)))",ga,1.0,zz1000,False,2026Q1,在役,,0
1164,"ts_min(div(ts_rank(div(ts_mean(close,120),ts_slope(high,120)","ts_min(div(ts_rank(div(ts_mean(close,120),ts_slope(high,120)),244),ts_slope(high,120)),40)",ga,1.0,cyb,False,2026Q1,在役,,0
1165,"ts_min(high,244)","ts_min(high,244)",ga,-1.0,cyb,False,2026Q1,在役,,0
1166,"delay(returns,5)","delay(returns,5)",ga,-1.0,cyb,False,2026Q1,在役,,0
1167,"ts_rank(ts_corr(close,high,20),244)","ts_rank(ts_corr(close,high,20),244)",ga,1.0,cyb,False,2026Q1,在役,,0
1168,"div(neg(mul(div(high,ts_min(returns,244)),high)),ts_min(ts_t","div(neg(mul(div(high,ts_min(returns,244)),high)),ts_min(ts_tsi(neg(open),40),244))",ga,1.0,kc50,False,2026Q1,在役,,0
1169,"div(ts_std(ts_max(neg(volume),120),40),ts_corr(delay(returns","div(ts_std(ts_max(neg(volume),120),40),ts_corr(delay(returns,60),sub(returns,high),20))",ga,-1.0,kc50,False,2026Q1,在役,,0
1170,"div(ts_std(beta120,40),ts_min(returns,244))","div(ts_std(beta120,40),ts_min(returns,244))",ga,1.0,kc50,False,2026Q1,在役,,0
1171,"div(ts_min(returns,244),ts_corr(delay(returns,60),sub(low,re","div(ts_min(returns,244),ts_corr(delay(returns,60),sub(low,returns),20))",ga,-1.0,kc50,False,2026Q1,在役,,0
1172,"div(div(open,ts_min(returns,244)),ts_min(returns,60))","div(div(open,ts_min(returns,244)),ts_min(returns,60))",ga,-1.0,kc50,False,2026Q1,在役,,0
1173,"ts_decay_linear(div(ts_rank(returns,20),ts_corr(open,volume,","ts_decay_linear(div(ts_rank(returns,20),ts_corr(open,volume,20)),10)",ga,-1.0,kc50,False,2026Q1,在役,,0
1174,"div(slog(ts_argmin(open,5)),ts_corr(delay(returns,60),sub(en","div(slog(ts_argmin(open,5)),ts_corr(delay(returns,60),sub(entropy120,high),20))",ga,-1.0,kc50,False,2026Q1,在役,,0
1175,"ts_rank(ts_min(mul(sub(returns,high),delta(returns,3)),5),3)","ts_rank(ts_min(mul(sub(returns,high),delta(returns,3)),5),3)",ga,-1.0,kc50,False,2026Q1,在役,,0
1176,"div(ts_min(returns,3),ts_corr(delay(returns,60),sub(neg(low)","div(ts_min(returns,3),ts_corr(delay(returns,60),sub(neg(low),high),20))",ga,1.0,kc50,False,2026Q1,在役,,0
1177,"ts_argmin(ts_zscore(entropy120,20),20)","ts_argmin(ts_zscore(entropy120,20),20)",ga,-1.0,hongli,False,2026Q1,在役,,0
1178,"neg(ts_tsi(open,5))","neg(ts_tsi(open,5))",ga,1.0,hongli,False,2026Q1,在役,,0
1179,"ts_min(ts_zscore(ts_slope(entropy120,20),20),5)","ts_min(ts_zscore(ts_slope(entropy120,20),20),5)",ga,-1.0,hongli,False,2026Q1,在役,,0
1180,"abs(ts_tsi(amount,5))","abs(ts_tsi(amount,5))",ga,1.0,hongli,False,2026Q1,在役,,0
1181,"ts_min(ts_min(ts_slope(entropy120,5),5),5)","ts_min(ts_min(ts_slope(entropy120,5),5),5)",ga,-1.0,hongli,False,2026Q1,在役,,0
1182,"ts_min(ts_zscore(ts_slope(ts_sum(ts_slope(entropy120,20),5),","ts_min(ts_zscore(ts_slope(ts_sum(ts_slope(entropy120,20),5),5),20),5)",ga,-1.0,hongli,False,2026Q1,在役,,0
1183,"slog(ts_zscore(ts_slope(sub(ts_max(entropy120,60),entropy120","slog(ts_zscore(ts_slope(sub(ts_max(entropy120,60),entropy120),20),20))",ga,1.0,hongli,False,2026Q1,在役,,0
1184,"ts_rank(ts_min(entropy120,40),60)","ts_rank(ts_min(entropy120,40),60)",ga,-1.0,hongli,False,2026Q1,在役,,0
1185,"delta(ts_slope(ts_sum(entropy120,5),5),20)","delta(ts_slope(ts_sum(entropy120,5),5),20)",ga,-1.0,hongli,False,2026Q1,在役,,0
1186,"ts_slope(volume,5)","ts_slope(volume,5)",ga,1.0,hongli,False,2026Q1,在役,,0
1187,"sign(ts_tsi(entropy120,40))","sign(ts_tsi(entropy120,40))",ga,-1.0,hongli,False,2026Q1,在役,,0
1188,"ts_corr(low,open,60)","ts_corr(low,open,60)",ga,-1.0,hongli,False,2026Q1,在役,,0
1189,"ts_min(neg(ts_tsi(open,5)),5)","ts_min(neg(ts_tsi(open,5)),5)",ga,1.0,hongli,False,2026Q1,在役,,0
1190,"ts_min(ts_slope(ts_min(ts_slope(ts_sum(entropy120,5),5),5),3","ts_min(ts_slope(ts_min(ts_slope(ts_sum(entropy120,5),5),5),3),5)",ga,-1.0,hongli,False,2026Q1,在役,,0
1191,"delta(ts_tsi(ts_tsi(slog(ema(close,60)),5),5),5)","delta(ts_tsi(ts_tsi(slog(ema(close,60)),5),5),5)",ga,-1.0,,False,2026Q2,在役,,0
1192,"ts_tsi(ts_tsi(slog(ts_decay_linear(close,120)),5),5)","ts_tsi(ts_tsi(slog(ts_decay_linear(close,120)),5),5)",ga,-1.0,,False,2026Q2,在役,,0
1193,"ts_er(ts_tsi(slog(ts_decay_linear(close,10)),5),5)","ts_er(ts_tsi(slog(ts_decay_linear(close,10)),5),5)",ga,-1.0,,False,2026Q2,在役,,0
1194,"delta(ts_tsi(ts_decay_linear(high,20),5),5)","delta(ts_tsi(ts_decay_linear(high,20),5),5)",ga,-1.0,,False,2026Q2,在役,,0
1195,"ts_argmax(ts_tsi(ema(close,60),5),5)","ts_argmax(ts_tsi(ema(close,60),5),5)",ga,1.0,,False,2026Q2,在役,,0
1196,"ts_tsi(ts_slope(open,5),5)","ts_tsi(ts_slope(open,5),5)",ga,-1.0,,False,2026Q2,在役,,0
1197,"delta(ts_slope(slog(ts_decay_linear(close,120)),5),5)","delta(ts_slope(slog(ts_decay_linear(close,120)),5),5)",ga,-1.0,,False,2026Q2,在役,,0
1198,"ts_tsi(ts_tsi(ts_decay_linear(close,120),3),5)","ts_tsi(ts_tsi(ts_decay_linear(close,120),3),5)",ga,-1.0,,False,2026Q2,在役,,0
1199,"ts_zscore(ts_std(close,10),120)","ts_zscore(ts_std(close,10),120)",ga,1.0,,False,2026Q2,在役,,0
1200,"ts_tsi(ts_tsi(ts_tsi(slog(ts_decay_linear(low,120)),5),5),5)","ts_tsi(ts_tsi(ts_tsi(slog(ts_decay_linear(low,120)),5),5),5)",ga,-1.0,,False,2026Q2,在役,,0
1201,"mul(ts_min(ts_min(entropy120,244),244),mul(ts_min(delay(ts_z","mul(ts_min(ts_min(entropy120,244),244),mul(ts_min(delay(ts_zscore(amount,60),60),244),open))",ga,1.0,hs300,False,2026Q2,在役,,0
1202,"div(entropy120,mul(ts_min(entropy120,244),open))","div(entropy120,mul(ts_min(entropy120,244),open))",ga,1.0,hs300,False,2026Q2,在役,,0
1203,"ts_slope(ts_sum(returns,3),10)","ts_slope(ts_sum(returns,3),10)",ga,-1.0,hs300,False,2026Q2,在役,,0
1204,"neg(ts_std(abs(ts_zscore(returns,10)),20))","neg(ts_std(abs(ts_zscore(returns,10)),20))",ga,-1.0,zz500,False,2026Q2,在役,,0
1205,"abs(ts_zscore(ts_zscore(amount,20),20))","abs(ts_zscore(ts_zscore(amount,20),20))",ga,1.0,zz500,False,2026Q2,在役,,0
1206,"abs(ts_tsi(amount,20))","abs(ts_tsi(amount,20))",ga,1.0,zz500,False,2026Q2,在役,,0
1207,"ts_rank(ts_std(returns,40),5)","ts_rank(ts_std(returns,40),5)",ga,1.0,zz1000,False,2026Q2,在役,,0
1208,"ts_zscore(ts_er(ts_std(returns,40),20),5)","ts_zscore(ts_er(ts_std(returns,40),20),5)",ga,1.0,zz1000,False,2026Q2,在役,,0
1209,"ts_std(ts_sum(abs(returns),3),5)","ts_std(ts_sum(abs(returns),3),5)",ga,1.0,zz1000,False,2026Q2,在役,,0
1210,"ts_min(sub(low,high),10)","ts_min(sub(low,high),10)",ga,-1.0,zz1000,False,2026Q2,在役,,0
1211,"ts_zscore(ts_zscore(ts_std(returns,40),60),5)","ts_zscore(ts_zscore(ts_std(returns,40),60),5)",ga,1.0,zz1000,False,2026Q2,在役,,0
1212,"ts_std(neg(delta(high,10)),5)","ts_std(neg(delta(high,10)),5)",ga,1.0,zz1000,False,2026Q2,在役,,0
1213,"delay(delay(ts_sum(ssqrt(returns),60),244),244)","delay(delay(ts_sum(ssqrt(returns),60),244),244)",ga,-1.0,cyb,False,2026Q2,在役,,0
1214,"ts_slope(ts_min(high,120),60)","ts_slope(ts_min(high,120),60)",ga,1.0,cyb,False,2026Q2,在役,,0
1215,"ts_corr(abs(amount),ts_zscore(high,60),5)","ts_corr(abs(amount),ts_zscore(high,60),5)",ga,1.0,cyb,False,2026Q2,在役,,0
1216,"ts_max(ts_std(returns,10),120)","ts_max(ts_std(returns,10),120)",ga,1.0,kc50,False,2026Q2,在役,,0
1217,"ts_slope(ts_std(returns,3),5)","ts_slope(ts_std(returns,3),5)",ga,1.0,kc50,False,2026Q2,在役,,0
1218,"ts_std(ts_std(returns,5),5)","ts_std(ts_std(returns,5),5)",ga,1.0,kc50,False,2026Q2,在役,,0
1219,"ts_slope(ts_slope(ts_slope(returns,5),5),5)","ts_slope(ts_slope(ts_slope(returns,5),5),5)",ga,1.0,kc50,False,2026Q2,在役,,0
1220,"ts_std(ts_std(ts_std(returns,5),5),5)","ts_std(ts_std(ts_std(returns,5),5),5)",ga,1.0,kc50,False,2026Q2,在役,,0
1221,"ts_std(ts_er(close,10),5)","ts_std(ts_er(close,10),5)",ga,1.0,kc50,False,2026Q2,在役,,0
1222,"mul(mul(high,ts_rank(ts_tsi(ts_slope(entropy120,20),60),40))","mul(mul(high,ts_rank(ts_tsi(ts_slope(entropy120,20),60),40)),mul(ts_rank(high,120),ts_rank(entropy120,120)))",ga,-1.0,hongli,False,2026Q2,在役,,0
1223,"mul(mul(high,ts_rank(ts_tsi(ts_slope(entropy120,40),60),40))","mul(mul(high,ts_rank(ts_tsi(ts_slope(entropy120,40),60),40)),mul(ts_rank(high,40),ts_rank(entropy120,120)))",ga,-1.0,hongli,False,2026Q2,在役,,0
1224,"mul(mul(high,ts_rank(ts_tsi(ts_slope(entropy120,20),60),40))","mul(mul(high,ts_rank(ts_tsi(ts_slope(entropy120,20),60),40)),mul(mul(high,ts_rank(ts_slope(open,20),40)),ts_argmin(entropy120,120)))",ga,-1.0,hongli,False,2026Q2,在役,,0
1225,"mul(mul(ts_rank(delta(ts_slope(entropy120,40),60),40),ts_ran","mul(mul(ts_rank(delta(ts_slope(entropy120,40),60),40),ts_rank(ts_slope(open,20),40)),ts_argmin(entropy120,120))",ga,-1.0,hongli,False,2026Q2,在役,,0
1226,"mul(mul(high,ts_rank(ts_tsi(ts_slope(entropy120,244),60),40)","mul(mul(high,ts_rank(ts_tsi(ts_slope(entropy120,244),60),40)),mul(ts_rank(high,40),ts_rank(entropy120,120)))",ga,-1.0,hongli,False,2026Q2,在役,,0
1227,"mul(mul(high,ts_rank(delta(close,60),40)),ts_rank(entropy120","mul(mul(high,ts_rank(delta(close,60),40)),ts_rank(entropy120,40))",ga,-1.0,hongli,False,2026Q2,在役,,0
1228,"mul(mul(high,ts_rank(open,40)),ts_argmin(entropy120,120))","mul(mul(high,ts_rank(open,40)),ts_argmin(entropy120,120))",ga,-1.0,hongli,False,2026Q2,在役,,0
1229,"mul(mul(high,ts_rank(ts_er(ts_slope(entropy120,20),244),40))","mul(mul(high,ts_rank(ts_er(ts_slope(entropy120,20),244),40)),mul(ts_rank(low,40),ts_rank(entropy120,120)))",ga,-1.0,hongli,False,2026Q2,在役,,0
1230,"mul(mul(high,ts_rank(ts_tsi(ts_slope(entropy120,20),60),40))","mul(mul(high,ts_rank(ts_tsi(ts_slope(entropy120,20),60),40)),mul(mul(high,ts_rank(high,40)),ts_argmin(ts_std(low,40),120)))",ga,-1.0,hongli,False,2026Q2,在役,,0
1231,"mul(ts_rank(ts_slope(low,20),40),ts_rank(entropy120,40))","mul(ts_rank(ts_slope(low,20),40),ts_rank(entropy120,40))",ga,-1.0,hongli,False,2026Q2,在役,,0
1232,"mul(mul(high,ts_rank(ts_tsi(ts_slope(entropy120,20),60),244)","mul(mul(high,ts_rank(ts_tsi(ts_slope(entropy120,20),60),244)),mul(ts_rank(high,40),ts_rank(ts_tsi(ts_slope(entropy120,20),60),120)))",ga,-1.0,hongli,False,2026Q2,在役,,0
1233,"ts_std(delta(ssqrt(ts_er(ssqrt(open),5)),5),5)","ts_std(delta(ssqrt(ts_er(ssqrt(open),5)),5),5)",ga,-1.0,,False,2026Q3,在役,,0
1234,"ts_std(returns,244)","ts_std(returns,244)",ga,1.0,,False,2026Q3,在役,,0
1235,"ts_argmin(entropy120,20)","ts_argmin(entropy120,20)",ga,-1.0,,False,2026Q3,在役,,0
1236,"ts_tsi(ts_argmin(entropy120,10),120)","ts_tsi(ts_argmin(entropy120,10),120)",ga,-1.0,hs300,False,2026Q3,在役,,0
1237,"ts_max(neg(div(volume,ssqrt(amount))),244)","ts_max(neg(div(volume,ssqrt(amount))),244)",ga,-1.0,hs300,False,2026Q3,在役,,0
1238,"ts_mean(ts_min(beta120,60),244)","ts_mean(ts_min(beta120,60),244)",ga,-1.0,hs300,False,2026Q3,在役,,0
1239,"ts_rank(ts_er(entropy120,120),20)","ts_rank(ts_er(entropy120,120),20)",ga,-1.0,hs300,False,2026Q3,在役,,0
1240,"ts_rank(ts_er(ts_sum(close,10),120),20)","ts_rank(ts_er(ts_sum(close,10),120),20)",ga,-1.0,hs300,False,2026Q3,在役,,0
1241,"delay(ssqrt(amount),60)","delay(ssqrt(amount),60)",ga,-1.0,hs300,False,2026Q3,在役,,0
1242,"ts_mean(ts_std(ts_tsi(open,120),20),3)","ts_mean(ts_std(ts_tsi(open,120),20),3)",ga,1.0,hs300,False,2026Q3,在役,,0
1243,"div(neg(low),ts_tsi(ts_std(returns,10),40))","div(neg(low),ts_tsi(ts_std(returns,10),40))",ga,-1.0,zz500,False,2026Q3,在役,,0
1244,"div(neg(ts_std(ssqrt(div(returns,close)),5)),slog(entropy120","div(neg(ts_std(ssqrt(div(returns,close)),5)),slog(entropy120))",ga,-1.0,zz500,False,2026Q3,在役,,0
1245,"div(sub(ts_min(ts_min(delta(volume,60),244),244),ema(amount,","div(sub(ts_min(ts_min(delta(volume,60),244),244),ema(amount,60)),ts_sum(ema(ts_min(delta(volume,60),244),40),5))",ga,-1.0,cyb,False,2026Q3,在役,,0
1246,"ts_tsi(div(close,high),120)","ts_tsi(div(close,high),120)",ga,-1.0,cyb,False,2026Q3,在役,,0
1247,"div(ts_min(delta(ts_min(delta(amount,10),244),60),244),ema(t","div(ts_min(delta(ts_min(delta(amount,10),244),60),244),ema(ts_sum(ema(amount,60),5),5))",ga,-1.0,cyb,False,2026Q3,在役,,0
1248,"ts_tsi(delta(volume,60),10)","ts_tsi(delta(volume,60),10)",ga,1.0,cyb,False,2026Q3,在役,,0
1249,"ts_argmax(ts_tsi(ts_tsi(delay(high,120),40),60),20)","ts_argmax(ts_tsi(ts_tsi(delay(high,120),40),60),20)",ga,-1.0,kc50,False,2026Q3,在役,,0
1250,"ts_corr(delta(delta(entropy120,40),20),amount,60)","ts_corr(delta(delta(entropy120,40),20),amount,60)",ga,1.0,kc50,False,2026Q3,在役,,0
1251,"ts_argmax(ts_tsi(ts_tsi(open,40),60),20)","ts_argmax(ts_tsi(ts_tsi(open,40),60),20)",ga,-1.0,kc50,False,2026Q3,在役,,0
1252,"ts_argmax(ts_max(volume,40),3)","ts_argmax(ts_max(volume,40),3)",ga,-1.0,kc50,False,2026Q3,在役,,0
1253,"ts_argmax(ts_max(returns,10),3)","ts_argmax(ts_max(returns,10),3)",ga,-1.0,kc50,False,2026Q3,在役,,0
1254,"ts_argmax(ts_tsi(ts_corr(delta(delta(entropy120,40),20),amou","ts_argmax(ts_tsi(ts_corr(delta(delta(entropy120,40),20),amount,60),60),20)",ga,-1.0,kc50,False,2026Q3,在役,,0
1255,"delta(ts_argmax(ts_tsi(ts_tsi(open,40),60),20),3)","delta(ts_argmax(ts_tsi(ts_tsi(open,40),60),20),3)",ga,-1.0,kc50,False,2026Q3,在役,,0
1256,"ts_max(mul(ts_tsi(entropy120,40),beta120),3)","ts_max(mul(ts_tsi(entropy120,40),beta120),3)",ga,-1.0,hongli,False,2026Q3,在役,,0
1257,"ts_max(ts_min(ts_std(open,60),10),3)","ts_max(ts_min(ts_std(open,60),10),3)",ga,-1.0,hongli,False,2026Q3,在役,,0
1258,"ts_max(ts_argmin(entropy120,10),3)","ts_max(ts_argmin(entropy120,10),3)",ga,-1.0,hongli,False,2026Q3,在役,,0
1259,"ts_tsi(ts_er(open,60),5)","ts_tsi(ts_er(open,60),5)",ga,-1.0,hongli,False,2026Q3,在役,,0
1260,"ts_tsi(ts_tsi(entropy120,20),5)","ts_tsi(ts_tsi(entropy120,20),5)",ga,-1.0,hongli,False,2026Q3,在役,,0
1261,"ts_min(ts_zscore(open,40),10)","ts_min(ts_zscore(open,40),10)",ga,-1.0,hongli,False,2026Q3,在役,,0
1262,"ts_max(ts_argmax(entropy120,5),3)","ts_max(ts_argmax(entropy120,5),3)",ga,1.0,hongli,False,2026Q3,在役,,0
1263,"delta(div(mul(returns,returns),ts_max(close,5)),5)","delta(div(mul(returns,returns),ts_max(close,5)),5)",ga,1.0,hongli,False,2026Q3,在役,,0
