,510300,510500,512100,159915,588000,510880
2013-01-04,0.0,0.0,0.0,0.0,0.0,0.0
2013-01-07,0.0,0.0,0.0,0.0,0.0,0.0
2013-01-08,0.0,0.0,0.0,0.0,0.0,0.0
2013-01-09,0.0,0.0,0.0,0.0,0.0,0.0
2013-01-10,0.0,0.0,0.0,0.0,0.0,0.0
2013-01-11,0.0,0.0,0.0,0.0,0.0,0.0
2013-01-14,0.0,0.0,0.0,0.0,0.0,0.0
2013-01-15,0.0,0.0,0.0,0.0,0.0,0.0
2013-01-16,0.0,0.0,0.0,0.0,0.0,0.0
2013-01-17,0.0,0.0,0.0,0.0,0.0,0.0
2013-01-18,0.0,0.0,0.0,0.0,0.0,0.0
2013-01-21,0.0,0.0,0.0,0.0,0.0,0.0
2013-01-22,0.0,0.0,0.0,0.0,0.0,0.0
2013-01-23,0.0,0.0,0.0,0.0,0.0,0.0
2013-01-24,0.0,0.0,0.0,0.0,0.0,0.0
2013-01-25,0.0,0.0,0.0,0.0,0.0,0.0
2013-01-28,0.0,0.0,0.0,0.0,0.0,0.0
2013-01-29,0.0,0.0,0.0,0.0,0.0,0.0
2013-01-30,0.0,0.0,0.0,0.0,0.0,0.0
2013-01-31,0.0,0.0,0.0,0.0,0.0,0.0
2013-02-01,0.0,0.0,0.0,0.0,0.0,0.0
2013-02-04,0.0,0.0,0.0,0.0,0.0,0.0
2013-02-05,0.0,0.0,0.0,0.0,0.0,0.0
2013-02-06,0.0,0.0,0.0,0.0,0.0,0.0
2013-02-07,0.0,0.0,0.0,0.0,0.0,0.0
2013-02-08,0.0,0.0,0.0,0.0,0.0,0.0
2013-02-18,0.0,0.0,0.0,0.0,0.0,0.0
2013-02-19,0.0,0.0,0.0,0.0,0.0,0.0
2013-02-20,0.0,0.0,0.0,0.0,0.0,0.0
2013-02-21,0.0,0.0,0.0,0.0,0.0,0.0
2013-02-22,0.0,0.0,0.0,0.0,0.0,0.0
2013-02-25,0.0,0.0,0.0,0.0,0.0,0.0
2013-02-26,0.0,0.0,0.0,0.0,0.0,0.0
2013-02-27,0.0,0.0,0.0,0.0,0.0,0.0
2013-02-28,0.0,0.0,0.0,0.0,0.0,0.0
2013-03-01,0.0,0.0,0.0,0.0,0.0,0.0
2013-03-04,0.0,0.0,0.0,0.0,0.0,0.0
2013-03-05,0.0,0.0,0.0,0.0,0.0,0.0
2013-03-06,0.0,0.0,0.0,0.0,0.0,0.0
2013-03-07,0.0,0.0,0.0,0.0,0.0,0.0
2013-03-08,0.0,0.0,0.0,0.0,0.0,0.0
2013-03-11,0.0,0.0,0.0,0.0,0.0,0.0
2013-03-12,0.0,0.0,0.0,0.0,0.0,0.0
2013-03-13,0.0,0.0,0.0,0.0,0.0,0.0
2013-03-14,0.0,0.0,0.0,0.0,0.0,0.0
2013-03-15,0.0,0.0,0.0,0.0,0.0,0.0
2013-03-18,0.0,0.0,0.0,0.0,0.0,0.0
2013-03-19,0.0,0.0,0.0,0.0,0.0,0.0
2013-03-20,0.0,0.0,0.0,0.0,0.0,0.0
2013-03-21,0.0,0.0,0.0,0.0,0.0,0.0
2013-03-22,0.0,0.0,0.0,0.0,0.0,0.0
2013-03-25,0.0,0.0,0.0,0.0,0.0,0.0
2013-03-26,0.0,0.0,0.0,0.0,0.0,0.0
2013-03-27,0.0,0.0,0.0,0.0,0.0,0.0
2013-03-28,0.0,0.0,0.0,0.0,0.0,0.0
2013-03-29,0.0,0.0,0.0,0.0,0.0,0.0
2013-04-01,0.0,0.0,0.0,0.0,0.0,0.0
2013-04-02,0.0,0.0,0.0,0.0,0.0,0.0
2013-04-03,0.0,0.0,0.0,0.0,0.0,0.0
2013-04-08,0.0,0.0,0.0,0.0,0.0,0.0
2013-04-09,0.0,0.0,0.0,0.0,0.0,0.0
2013-04-10,0.0,0.0,0.0,0.0,0.0,0.0
2013-04-11,0.0,0.0,0.0,0.0,0.0,0.0
2013-04-12,0.0,0.0,0.0,0.0,0.0,0.0
2013-04-15,0.0,0.0,0.0,0.0,0.0,0.0
2013-04-16,0.0,0.0,0.0,0.0,0.0,0.0
2013-04-17,0.0,0.0,0.0,0.0,0.0,0.0
2013-04-18,0.0,0.0,0.0,0.0,0.0,0.0
2013-04-19,0.0,0.0,0.0,0.0,0.0,0.0
2013-04-22,0.0,0.0,0.0,0.0,0.0,0.0
2013-04-23,0.0,0.0,0.0,0.0,0.0,0.0
2013-04-24,0.0,0.0,0.0,0.0,0.0,0.0
2013-04-25,0.0,0.0,0.0,0.0,0.0,0.0
2013-04-26,0.0,0.0,0.0,0.0,0.0,0.0
2013-05-02,0.0,0.0,0.0,0.0,0.0,0.0
2013-05-03,0.0,0.0,0.0,0.0,0.0,0.0
2013-05-06,0.0,0.0,0.0,0.0,0.0,0.0
2013-05-07,0.0,0.0,0.0,0.0,0.0,0.0
2013-05-08,0.0,0.0,0.0,0.0,0.0,0.0
2013-05-09,0.0,0.0,0.0,0.0,0.0,0.0
2013-05-10,0.0,0.0,0.0,0.0,0.0,0.0
2013-05-13,0.0,0.0,0.0,0.0,0.0,0.0
2013-05-14,0.0,0.0,0.0,0.0,0.0,0.0
2013-05-15,0.0,0.0,0.0,0.0,0.0,0.0
2013-05-16,0.0,0.0,0.0,0.0,0.0,0.0
2013-05-17,0.0,0.0,0.0,0.0,0.0,0.0
2013-05-20,0.0,0.0,0.0,0.0,0.0,0.0
2013-05-21,0.0,0.0,0.0,0.0,0.0,0.0
2013-05-22,0.0,0.0,0.0,0.0,0.0,0.0
2013-05-23,0.0,0.0,0.0,0.0,0.0,0.0
2013-05-24,0.0,0.0,0.0,0.0,0.0,0.0
2013-05-27,0.0,0.0,0.0,0.0,0.0,0.0
2013-05-28,0.0,0.0,0.0,0.0,0.0,0.0
2013-05-29,0.0,0.0,0.0,0.0,0.0,0.0
2013-05-30,0.0,0.0,0.0,0.0,0.0,0.0
2013-05-31,0.0,0.0,0.0,0.0,0.0,0.0
2013-06-03,0.0,0.0,0.0,0.0,0.0,0.0
2013-06-04,0.0,0.0,0.0,0.0,0.0,0.0
2013-06-05,0.0,0.0,0.0,0.0,0.0,0.0
2013-06-06,0.0,0.0,0.0,0.0,0.0,0.0
2013-06-07,0.0,0.0,0.0,0.0,0.0,0.0
2013-06-13,0.0,0.0,0.0,0.0,0.0,0.0
2013-06-14,0.0,0.0,0.0,0.0,0.0,0.0
2013-06-17,0.0,0.0,0.0,0.0,0.0,0.0
2013-06-18,0.0,0.0,0.0,0.0,0.0,0.0
2013-06-19,0.0,0.0,0.0,0.0,0.0,0.0
2013-06-20,0.0,0.0,0.0,0.0,0.0,0.0
2013-06-21,0.0,0.0,0.0,0.0,0.0,0.0
2013-06-24,0.0,0.0,0.0,0.0,0.0,0.0
2013-06-25,0.0,0.0,0.0,0.0,0.0,0.0
2013-06-26,0.0,0.0,0.0,0.0,0.0,0.0
2013-06-27,0.0,0.0,0.0,0.0,0.0,0.0
2013-06-28,0.0,0.0,0.0,0.0,0.0,0.0
2013-07-01,0.0,0.0,0.0,0.0,0.0,0.0
2013-07-02,0.0,0.0,0.0,0.0,0.0,0.0
2013-07-03,0.0,0.0,0.0,0.0,0.0,0.0
2013-07-04,0.0,0.0,0.0,0.0,0.0,0.0
2013-07-05,0.0,0.0,0.0,0.0,0.0,0.0
2013-07-08,0.0,0.0,0.0,0.0,0.0,0.0
2013-07-09,0.0,0.0,0.0,0.0,0.0,0.0
2013-07-10,0.0,0.0,0.0,0.0,0.0,0.0
2013-07-11,0.0,0.0,0.0,0.0,0.0,0.0
2013-07-12,0.0,0.0,0.0,0.0,0.0,0.0
2013-07-15,0.0,0.0,0.0,0.0,0.0,0.0
2013-07-16,0.0,0.0,0.0,0.0,0.0,0.0
2013-07-17,0.0,0.0,0.0,0.0,0.0,0.0
2013-07-18,0.0,0.0,0.0,0.0,0.0,0.0
2013-07-19,0.0,0.0,0.0,0.0,0.0,0.0
2013-07-22,0.0,0.0,0.0,0.0,0.0,0.0
2013-07-23,0.0,0.0,0.0,0.0,0.0,0.0
2013-07-24,0.0,0.0,0.0,0.0,0.0,0.0
2013-07-25,0.0,0.0,0.0,0.0,0.0,0.0
2013-07-26,0.0,0.0,0.0,0.0,0.0,0.0
2013-07-29,0.0,0.0,0.0,0.0,0.0,0.0
2013-07-30,0.0,0.0,0.0,0.0,0.0,0.0
2013-07-31,0.0,0.0,0.0,0.0,0.0,0.0
2013-08-01,0.0,0.0,0.0,0.0,0.0,0.0
2013-08-02,0.0,0.0,0.0,0.0,0.0,0.0
2013-08-05,0.0,0.0,0.0,0.0,0.0,0.0
2013-08-06,0.0,0.0,0.0,0.0,0.0,0.0
2013-08-07,0.0,0.0,0.0,0.0,0.0,0.0
2013-08-08,0.0,0.0,0.0,0.0,0.0,0.0
2013-08-09,0.0,0.0,0.0,0.0,0.0,0.0
2013-08-12,0.0,0.0,0.0,0.0,0.0,0.0
2013-08-13,0.0,0.0,0.0,0.0,0.0,0.0
2013-08-14,0.0,0.0,0.0,0.0,0.0,0.0
2013-08-15,0.0,0.0,0.0,0.0,0.0,0.0
2013-08-16,0.0,0.0,0.0,0.0,0.0,0.0
2013-08-19,0.0,0.0,0.0,0.0,0.0,0.0
2013-08-20,0.0,0.0,0.0,0.0,0.0,0.0
2013-08-21,0.0,0.0,0.0,0.0,0.0,0.0
2013-08-22,0.0,0.0,0.0,0.0,0.0,0.0
2013-08-23,0.0,0.0,0.0,0.0,0.0,0.0
2013-08-26,0.0,0.0,0.0,0.0,0.0,0.0
2013-08-27,0.0,0.0,0.0,0.0,0.0,0.0
2013-08-28,0.0,0.0,0.0,0.0,0.0,0.0
2013-08-29,0.0,0.0,0.0,0.0,0.0,0.0
2013-08-30,0.0,0.0,0.0,0.0,0.0,0.0
2013-09-02,0.0,0.0,0.0,0.0,0.0,0.0
2013-09-03,0.0,0.0,0.0,0.0,0.0,0.0
2013-09-04,0.0,0.0,0.0,0.0,0.0,0.0
2013-09-05,0.0,0.0,0.0,0.0,0.0,0.0
2013-09-06,0.0,0.0,0.0,0.0,0.0,0.0
2013-09-09,0.0,0.0,0.0,0.0,0.0,0.0
2013-09-10,0.0,0.0,0.0,0.0,0.0,0.0
2013-09-11,0.0,0.0,0.0,0.0,0.0,0.0
2013-09-12,0.0,0.0,0.0,0.0,0.0,0.0
2013-09-13,0.0,0.0,0.0,0.0,0.0,0.0
2013-09-16,0.0,0.0,0.0,0.0,0.0,0.0
2013-09-17,0.0,0.0,0.0,0.0,0.0,0.0
2013-09-18,0.0,0.0,0.0,0.0,0.0,0.0
2013-09-23,0.0,0.0,0.0,0.0,0.0,0.0
2013-09-24,0.0,0.0,0.0,0.0,0.0,0.0
2013-09-25,0.0,0.0,0.0,0.0,0.0,0.0
2013-09-26,0.0,0.0,0.0,0.0,0.0,0.0
2013-09-27,0.0,0.0,0.0,0.0,0.0,0.0
2013-09-30,0.0,0.0,0.0,0.0,0.0,0.0
2013-10-08,0.0,0.0,0.0,0.0,0.0,0.0
2013-10-09,0.0,0.0,0.0,0.0,0.0,0.0
2013-10-10,0.0,0.0,0.0,0.0,0.0,0.0
2013-10-11,0.0,0.0,0.0,0.0,0.0,0.0
2013-10-14,0.0,0.0,0.0,0.0,0.0,0.0
2013-10-15,0.0,0.0,0.0,0.0,0.0,0.0
2013-10-16,0.0,0.0,0.0,0.0,0.0,0.0
2013-10-17,0.0,0.0,0.0,0.0,0.0,0.0
2013-10-18,0.0,0.0,0.0,0.0,0.0,0.0
2013-10-21,0.0,0.0,0.0,0.0,0.0,0.0
2013-10-22,0.0,0.0,0.0,0.0,0.0,0.0
2013-10-23,0.0,0.0,0.0,0.0,0.0,0.0
2013-10-24,0.0,0.0,0.0,0.0,0.0,0.0
2013-10-25,0.0,0.0,0.0,0.0,0.0,0.0
2013-10-28,0.0,0.0,0.0,0.0,0.0,0.0
2013-10-29,0.0,0.0,0.0,0.0,0.0,0.0
2013-10-30,0.0,0.0,0.0,0.0,0.0,0.0
2013-10-31,0.0,0.0,0.0,0.0,0.0,0.0
2013-11-01,0.0,0.0,0.0,0.0,0.0,0.0
2013-11-04,0.0,0.0,0.0,0.0,0.0,0.0
2013-11-05,0.0,0.0,0.0,0.0,0.0,0.0
2013-11-06,0.0,0.0,0.0,0.0,0.0,0.0
2013-11-07,0.0,0.0,0.0,0.0,0.0,0.0
2013-11-08,0.0,0.0,0.0,0.0,0.0,0.0
2013-11-11,0.0,0.0,0.0,0.0,0.0,0.0
2013-11-12,0.0,0.0,0.0,0.0,0.0,0.0
2013-11-13,0.0,0.0,0.0,0.0,0.0,0.0
2013-11-14,0.0,0.0,0.0,0.0,0.0,0.0
2013-11-15,0.0,0.0,0.0,0.0,0.0,0.0
2013-11-18,0.0,0.0,0.0,0.0,0.0,0.0
2013-11-19,0.0,0.0,0.0,0.0,0.0,0.0
2013-11-20,0.0,0.0,0.0,0.0,0.0,0.0
2013-11-21,0.0,0.0,0.0,0.0,0.0,0.0
2013-11-22,0.0,0.0,0.0,0.0,0.0,0.0
2013-11-25,0.0,0.0,0.0,0.0,0.0,0.0
2013-11-26,0.0,0.0,0.0,0.0,0.0,0.0
2013-11-27,0.0,0.0,0.0,0.0,0.0,0.0
2013-11-28,0.0,0.0,0.0,0.0,0.0,0.0
2013-11-29,0.0,0.0,0.0,0.0,0.0,0.0
2013-12-02,0.0,0.0,0.0,0.0,0.0,0.0
2013-12-03,0.0,0.0,0.0,0.0,0.0,0.0
2013-12-04,0.0,0.0,0.0,0.0,0.0,0.0
2013-12-05,0.0,0.0,0.0,0.0,0.0,0.0
2013-12-06,0.0,0.0,0.0,0.0,0.0,0.0
2013-12-09,0.0,0.0,0.0,0.0,0.0,0.0
2013-12-10,0.0,0.0,0.0,0.0,0.0,0.0
2013-12-11,0.0,0.0,0.0,0.0,0.0,0.0
2013-12-12,0.0,0.0,0.0,0.0,0.0,0.0
2013-12-13,0.0,0.0,0.0,0.0,0.0,0.0
2013-12-16,0.0,0.0,0.0,0.0,0.0,0.0
2013-12-17,0.0,0.0,0.0,0.0,0.0,0.0
2013-12-18,0.0,0.0,0.0,0.0,0.0,0.0
2013-12-19,0.0,0.0,0.0,0.0,0.0,0.0
2013-12-20,0.0,0.0,0.0,0.0,0.0,0.0
2013-12-23,0.0,0.0,0.0,0.0,0.0,0.0
2013-12-24,0.0,0.0,0.0,0.0,0.0,0.0
2013-12-25,0.0,0.0,0.0,0.0,0.0,0.0
2013-12-26,0.0,0.0,0.0,0.0,0.0,0.0
2013-12-27,0.0,0.0,0.0,0.0,0.0,0.0
2013-12-30,0.0,0.0,0.0,0.0,0.0,0.0
2013-12-31,0.0,0.0,0.0,0.0,0.0,0.0
2014-01-02,0.0,0.0,0.0,0.0,0.0,0.0
2014-01-03,0.0,0.0,0.0,0.0,0.0,0.0
2014-01-06,0.0,0.0,0.0,0.0,0.0,0.0
2014-01-07,0.0,0.0,0.0,0.0,0.0,0.0
2014-01-08,0.0,0.0,0.0,0.0,0.0,0.0
2014-01-09,0.0,0.0,0.0,0.0,0.0,0.0
2014-01-10,0.0,0.0,0.0,0.0,0.0,0.0
2014-01-13,0.0,0.0,0.0,0.0,0.0,0.0
2014-01-14,0.0,0.0,0.0,0.0,0.0,0.0
2014-01-15,0.0,0.0,0.0,0.0,0.0,0.0
2014-01-16,0.0,0.0,0.0,0.0,0.0,0.0
2014-01-17,0.0,0.0,0.0,0.0,0.0,0.0
2014-01-20,0.0,0.0,0.0,0.0,0.0,0.0
2014-01-21,0.0,0.0,0.0,0.0,0.0,0.0
2014-01-22,0.0,0.0,0.0,0.0,0.0,0.0
2014-01-23,0.0,0.0,0.0,0.0,0.0,0.0
2014-01-24,0.0,0.0,0.0,0.0,0.0,0.0
2014-01-27,0.0,0.0,0.0,0.0,0.0,0.0
2014-01-28,0.0,0.0,0.0,0.0,0.0,0.0
2014-01-29,0.0,0.0,0.0,0.0,0.0,0.0
2014-01-30,0.0,0.0,0.0,0.0,0.0,0.0
2014-02-07,0.0,0.0,0.0,0.0,0.0,0.0
2014-02-10,0.0,0.0,0.0,0.0,0.0,0.0
2014-02-11,0.0,0.0,0.0,0.0,0.0,0.0
2014-02-12,0.0,0.0,0.0,0.0,0.0,0.0
2014-02-13,0.0,0.0,0.0,0.0,0.0,0.0
2014-02-14,0.0,0.0,0.0,0.0,0.0,0.0
2014-02-17,0.0,0.0,0.0,0.0,0.0,0.0
2014-02-18,0.0,0.0,0.0,0.0,0.0,0.0
2014-02-19,0.0,0.0,0.0,0.0,0.0,0.0
2014-02-20,0.0,0.0,0.0,0.0,0.0,0.0
2014-02-21,0.0,0.0,0.0,0.0,0.0,0.0
2014-02-24,0.0,0.0,0.0,0.0,0.0,0.0
2014-02-25,0.0,0.0,0.0,0.0,0.0,0.0
2014-02-26,0.0,0.0,0.0,0.0,0.0,0.0
2014-02-27,0.0,0.0,0.0,0.0,0.0,0.0
2014-02-28,0.0,0.0,0.0,0.0,0.0,0.0
2014-03-03,0.0,0.0,0.0,0.0,0.0,0.0
2014-03-04,0.0,0.0,0.0,0.0,0.0,0.0
2014-03-05,0.0,0.0,0.0,0.0,0.0,0.0
2014-03-06,0.0,0.0,0.0,0.0,0.0,0.0
2014-03-07,0.0,0.0,0.0,0.0,0.0,0.0
2014-03-10,0.0,0.0,0.0,0.0,0.0,0.0
2014-03-11,0.0,0.0,0.0,0.0,0.0,0.0
2014-03-12,0.0,0.0,0.0,0.0,0.0,0.0
2014-03-13,0.0,0.0,0.0,0.0,0.0,0.0
2014-03-14,0.0,0.0,0.0,0.0,0.0,0.0
2014-03-17,0.0,0.0,0.0,0.0,0.0,0.0
2014-03-18,0.0,0.0,0.0,0.0,0.0,0.0
2014-03-19,0.0,0.0,0.0,0.0,0.0,0.0
2014-03-20,0.0,0.0,0.0,0.0,0.0,0.0
2014-03-21,0.0,0.0,0.0,0.0,0.0,0.0
2014-03-24,0.0,0.0,0.0,0.0,0.0,0.0
2014-03-25,0.0,0.0,0.0,0.0,0.0,0.0
2014-03-26,0.0,0.0,0.0,0.0,0.0,0.0
2014-03-27,0.0,0.0,0.0,0.0,0.0,0.0
2014-03-28,0.0,0.0,0.0,0.0,0.0,0.0
2014-03-31,0.0,0.0,0.0,0.0,0.0,0.0
2014-04-01,0.0,0.0,0.0,0.0,0.0,0.0
2014-04-02,0.0,0.0,0.0,0.0,0.0,0.0
2014-04-03,0.0,0.0,0.0,0.0,0.0,0.0
2014-04-04,0.0,0.0,0.0,0.0,0.0,0.0
2014-04-08,0.0,0.0,0.0,0.0,0.0,0.0
2014-04-09,0.0,0.0,0.0,0.0,0.0,0.0
2014-04-10,0.0,0.0,0.0,0.0,0.0,0.0
2014-04-11,0.0,0.0,0.0,0.0,0.0,0.0
2014-04-14,0.0,0.0,0.0,0.0,0.0,0.0
2014-04-15,0.0,0.0,0.0,0.0,0.0,0.0
2014-04-16,0.0,0.0,0.0,0.0,0.0,0.0
2014-04-17,0.0,0.0,0.0,0.0,0.0,0.0
2014-04-18,0.0,0.0,0.0,0.0,0.0,0.0
2014-04-21,0.0,0.0,0.0,0.0,0.0,0.0
2014-04-22,0.0,0.0,0.0,0.0,0.0,0.0
2014-04-23,0.0,0.0,0.0,0.0,0.0,0.0
2014-04-24,0.0,0.0,0.0,0.0,0.0,0.0
2014-04-25,0.0,0.0,0.0,0.0,0.0,0.0
2014-04-28,0.0,0.0,0.0,0.0,0.0,0.0
2014-04-29,0.0,0.0,0.0,0.0,0.0,0.0
2014-04-30,0.0,0.0,0.0,0.0,0.0,0.0
2014-05-05,0.0,0.0,0.0,0.0,0.0,0.0
2014-05-06,0.0,0.0,0.0,0.0,0.0,0.0
2014-05-07,0.0,0.0,0.0,0.0,0.0,0.0
2014-05-08,0.0,0.0,0.0,0.0,0.0,0.0
2014-05-09,0.0,0.0,0.0,0.0,0.0,0.0
2014-05-12,0.0,0.0,0.0,0.0,0.0,0.0
2014-05-13,0.0,0.0,0.0,0.0,0.0,0.0
2014-05-14,0.0,0.0,0.0,0.0,0.0,0.0
2014-05-15,0.0,0.0,0.0,0.0,0.0,0.0
2014-05-16,0.0,0.0,0.0,0.0,0.0,0.0
2014-05-19,0.0,0.0,0.0,0.0,0.0,0.0
2014-05-20,0.0,0.0,0.0,0.0,0.0,0.0
2014-05-21,0.0,0.0,0.0,0.0,0.0,0.0
2014-05-22,0.0,0.0,0.0,0.0,0.0,0.0
2014-05-23,0.0,0.0,0.0,0.0,0.0,0.0
2014-05-26,0.0,0.0,0.0,0.0,0.0,0.0
2014-05-27,0.0,0.0,0.0,0.0,0.0,0.0
2014-05-28,0.0,0.0,0.0,0.0,0.0,0.0
2014-05-29,0.0,0.0,0.0,0.0,0.0,0.0
2014-05-30,0.0,0.0,0.0,0.0,0.0,0.0
2014-06-03,0.0,0.0,0.0,0.0,0.0,0.0
2014-06-04,0.0,0.0,0.0,0.0,0.0,0.0
2014-06-05,0.0,0.0,0.0,0.0,0.0,0.0
2014-06-06,0.0,0.0,0.0,0.0,0.0,0.0
2014-06-09,0.0,0.0,0.0,0.0,0.0,0.0
2014-06-10,0.0,0.0,0.0,0.0,0.0,0.0
2014-06-11,0.0,0.0,0.0,0.0,0.0,0.0
2014-06-12,0.0,0.0,0.0,0.0,0.0,0.0
2014-06-13,0.0,0.0,0.0,0.0,0.0,0.0
2014-06-16,0.0,0.0,0.0,0.0,0.0,0.0
2014-06-17,0.0,0.0,0.0,0.0,0.0,0.0
2014-06-18,0.0,0.0,0.0,0.0,0.0,0.0
2014-06-19,0.0,0.0,0.0,0.0,0.0,0.0
2014-06-20,0.0,0.0,0.0,0.0,0.0,0.0
2014-06-23,0.0,0.0,0.0,0.0,0.0,0.0
2014-06-24,0.0,0.0,0.0,0.0,0.0,0.0
2014-06-25,0.0,0.0,0.0,0.0,0.0,0.0
2014-06-26,0.0,0.0,0.0,0.0,0.0,0.0
2014-06-27,0.0,0.0,0.0,0.0,0.0,0.0
2014-06-30,0.0,0.0,0.0,0.0,0.0,0.0
2014-07-01,0.0,0.0,0.0,0.0,0.0,0.0
2014-07-02,0.0,0.0,0.0,0.0,0.0,0.0
2014-07-03,0.0,0.0,0.0,0.0,0.0,0.0
2014-07-04,0.0,0.0,0.0,0.0,0.0,0.0
2014-07-07,0.0,0.0,0.0,0.0,0.0,0.0
2014-07-08,0.0,0.0,0.0,0.0,0.0,0.0
2014-07-09,0.0,0.0,0.0,0.0,0.0,0.0
2014-07-10,0.0,0.0,0.0,0.0,0.0,0.0
2014-07-11,0.0,0.0,0.0,0.0,0.0,0.0
2014-07-14,0.0,0.0,0.0,0.0,0.0,0.0
2014-07-15,0.0,0.0,0.0,0.0,0.0,0.0
2014-07-16,0.0,0.0,0.0,0.0,0.0,0.0
2014-07-17,0.0,0.0,0.0,0.0,0.0,0.0
2014-07-18,0.0,0.0,0.0,0.0,0.0,0.0
2014-07-21,0.0,0.0,0.0,0.0,0.0,0.0
2014-07-22,0.0,0.0,0.0,0.0,0.0,0.0
2014-07-23,0.0,0.0,0.0,0.0,0.0,0.0
2014-07-24,0.0,0.0,0.0,0.0,0.0,0.0
2014-07-25,0.0,0.0,0.0,0.0,0.0,0.0
2014-07-28,0.0,0.0,0.0,0.0,0.0,0.0
2014-07-29,0.0,0.0,0.0,0.0,0.0,0.0
2014-07-30,0.0,0.0,0.0,0.0,0.0,0.0
2014-07-31,0.0,0.0,0.0,0.0,0.0,0.0
2014-08-01,0.0,0.0,0.0,0.0,0.0,0.0
2014-08-04,0.0,0.0,0.0,0.0,0.0,0.0
2014-08-05,0.0,0.0,0.0,0.0,0.0,0.0
2014-08-06,0.0,0.0,0.0,0.0,0.0,0.0
2014-08-07,0.0,0.0,0.0,0.0,0.0,0.0
2014-08-08,0.0,0.0,0.0,0.0,0.0,0.0
2014-08-11,0.0,0.0,0.0,0.0,0.0,0.0
2014-08-12,0.0,0.0,0.0,0.0,0.0,0.0
2014-08-13,0.0,0.0,0.0,0.0,0.0,0.0
2014-08-14,0.0,0.0,0.0,0.0,0.0,0.0
2014-08-15,0.0,0.0,0.0,0.0,0.0,0.0
2014-08-18,0.0,0.0,0.0,0.0,0.0,0.0
2014-08-19,0.0,0.0,0.0,0.0,0.0,0.0
2014-08-20,0.0,0.0,0.0,0.0,0.0,0.0
2014-08-21,0.0,0.0,0.0,0.0,0.0,0.0
2014-08-22,0.0,0.0,0.0,0.0,0.0,0.0
2014-08-25,0.0,0.0,0.0,0.0,0.0,0.0
2014-08-26,0.0,0.0,0.0,0.0,0.0,0.0
2014-08-27,0.0,0.0,0.0,0.0,0.0,0.0
2014-08-28,0.0,0.0,0.0,0.0,0.0,0.0
2014-08-29,0.0,0.0,0.0,0.0,0.0,0.0
2014-09-01,0.0,0.0,0.0,0.0,0.0,0.0
2014-09-02,0.0,0.0,0.0,0.0,0.0,0.0
2014-09-03,0.0,0.0,0.0,0.0,0.0,0.0
2014-09-04,0.0,0.0,0.0,0.0,0.0,0.0
2014-09-05,0.0,0.0,0.0,0.0,0.0,0.0
2014-09-09,0.0,0.0,0.0,0.0,0.0,0.0
2014-09-10,0.0,0.0,0.0,0.0,0.0,0.0
2014-09-11,0.0,0.0,0.0,0.0,0.0,0.0
2014-09-12,0.0,0.0,0.0,0.0,0.0,0.0
2014-09-15,0.0,0.0,0.0,0.0,0.0,0.0
2014-09-16,0.0,0.0,0.0,0.0,0.0,0.0
2014-09-17,0.0,0.0,0.0,0.0,0.0,0.0
2014-09-18,0.0,0.0,0.0,0.0,0.0,0.0
2014-09-19,0.0,0.0,0.0,0.0,0.0,0.0
2014-09-22,0.0,0.0,0.0,0.0,0.0,0.0
2014-09-23,0.0,0.0,0.0,0.0,0.0,0.0
2014-09-24,0.0,0.0,0.0,0.0,0.0,0.0
2014-09-25,0.0,0.0,0.0,0.0,0.0,0.0
2014-09-26,0.0,0.0,0.0,0.0,0.0,0.0
2014-09-29,0.0,0.0,0.0,0.0,0.0,0.0
2014-09-30,0.0,0.0,0.0,0.0,0.0,0.0
2014-10-08,0.0,0.0,0.0,0.0,0.0,0.0
2014-10-09,0.0,0.0,0.0,0.0,0.0,0.0
2014-10-10,0.0,0.0,0.0,0.0,0.0,0.0
2014-10-13,0.0,0.0,0.0,0.0,0.0,0.0
2014-10-14,0.0,0.0,0.0,0.0,0.0,0.0
2014-10-15,0.0,0.0,0.0,0.0,0.0,0.0
2014-10-16,0.0,0.0,0.0,0.0,0.0,0.0
2014-10-17,0.0,0.0,0.0,0.0,0.0,0.0
2014-10-20,0.0,0.0,0.0,0.0,0.0,0.0
2014-10-21,0.0,0.0,0.0,0.0,0.0,0.0
2014-10-22,0.0,0.0,0.0,0.0,0.0,0.0
2014-10-23,0.0,0.0,0.0,0.0,0.0,0.0
2014-10-24,0.0,0.0,0.0,0.0,0.0,0.0
2014-10-27,0.0,0.0,0.0,0.0,0.0,0.0
2014-10-28,0.0,0.0,0.0,0.0,0.0,0.0
2014-10-29,0.0,0.0,0.0,0.0,0.0,0.0
2014-10-30,0.0,0.0,0.0,0.0,0.0,0.0
2014-10-31,0.0,0.0,0.0,0.0,0.0,0.0
2014-11-03,0.0,0.0,0.0,0.0,0.0,0.0
2014-11-04,0.0,0.0,0.0,0.0,0.0,0.0
2014-11-05,0.0,0.0,0.0,0.0,0.0,0.0
2014-11-06,0.0,0.0,0.0,0.0,0.0,0.0
2014-11-07,0.0,0.0,0.0,0.0,0.0,0.0
2014-11-10,0.0,0.0,0.0,0.0,0.0,0.0
2014-11-11,0.0,0.0,0.0,0.0,0.0,0.0
2014-11-12,0.0,0.0,0.0,0.0,0.0,0.0
2014-11-13,0.0,0.0,0.0,0.0,0.0,0.0
2014-11-14,0.0,0.0,0.0,0.0,0.0,0.0
2014-11-17,0.0,0.0,0.0,0.0,0.0,0.0
2014-11-18,0.0,0.0,0.0,0.0,0.0,0.0
2014-11-19,0.0,0.0,0.0,0.0,0.0,0.0
2014-11-20,0.0,0.0,0.0,0.0,0.0,0.0
2014-11-21,0.0,0.0,0.0,0.0,0.0,0.0
2014-11-24,0.0,0.0,0.0,0.0,0.0,0.0
2014-11-25,0.0,0.0,0.0,0.0,0.0,0.0
2014-11-26,0.0,0.0,0.0,0.0,0.0,0.0
2014-11-27,0.0,0.0,0.0,0.0,0.0,0.0
2014-11-28,0.0,0.0,0.0,0.0,0.0,0.0
2014-12-01,0.0,0.0,0.0,0.0,0.0,0.0
2014-12-02,0.0,0.0,0.0,0.0,0.0,0.0
2014-12-03,0.0,0.0,0.0,0.0,0.0,0.0
2014-12-04,0.0,0.0,0.0,0.0,0.0,0.0
2014-12-05,0.0,0.0,0.0,0.0,0.0,0.0
2014-12-08,0.0,0.0,0.0,0.0,0.0,0.0
2014-12-09,0.0,0.0,0.0,0.0,0.0,0.0
2014-12-10,0.0,0.0,0.0,0.0,0.0,0.0
2014-12-11,0.0,0.0,0.0,0.0,0.0,0.0
2014-12-12,0.0,0.0,0.0,0.0,0.0,0.0
2014-12-15,0.0,0.0,0.0,0.0,0.0,0.0
2014-12-16,0.0,0.0,0.0,0.0,0.0,0.0
2014-12-17,0.0,0.0,0.0,0.0,0.0,0.0
2014-12-18,0.0,0.0,0.0,0.0,0.0,0.0
2014-12-19,0.0,0.0,0.0,0.0,0.0,0.0
2014-12-22,0.0,0.0,0.0,0.0,0.0,0.0
2014-12-23,0.0,0.0,0.0,0.0,0.0,0.0
2014-12-24,0.0,0.0,0.0,0.0,0.0,0.0
2014-12-25,0.0,0.0,0.0,0.0,0.0,0.0
2014-12-26,0.0,0.0,0.0,0.0,0.0,0.0
2014-12-29,0.0,0.0,0.0,0.0,0.0,0.0
2014-12-30,0.0,0.0,0.0,0.0,0.0,0.0
2014-12-31,0.0,0.0,0.0,0.0,0.0,0.0
2015-01-05,-0.09679575914637861,0.038568553787355284,0.0,0.06407759117581634,0.0,-0.09361995601145096
2015-01-06,-0.11749113957271944,0.020581644635209496,0.0,0.11347970512700431,0.0,-0.10846452877562053
2015-01-07,-0.13968769987950638,0.0016016134233665241,0.0,0.03283631237525064,0.0,-0.1124375220201099
2015-01-08,-0.055349373137709004,0.02162387743779171,0.0,0.07796122795088933,0.0,-0.041027847131334894
2015-01-09,-0.05906047883627886,0.030919916125081957,0.0,0.016537295432079786,0.0,-0.0517706214607325
2015-01-12,-0.04001799959225131,0.06173431014727394,0.0,0.028440519184042255,0.0,-0.006157898693872935
2015-01-13,-0.07240937317950952,0.047873389292646826,0.0,-0.043833270855703134,0.0,-0.022610772616011143
2015-01-14,-0.06930173040081444,0.03223086161710002,0.0,-0.0606291021444955,0.0,-0.04820426311216326
2015-01-15,-0.05293326810633298,0.033937363743585885,0.0,-0.0391703927863239,0.0,-0.03493647795204579
2015-01-16,-0.0805196505199614,0.02982900722885865,0.0,0.031045501333321304,0.0,-0.06477644159251832
2015-01-19,0.043746220751366034,0.12085129707244159,0.0,-0.050102714852847036,0.0,0.03585977861619293
2015-01-20,0.04314732791173318,0.11127184063939538,0.0,-0.0072964103735804805,0.0,0.055718874933913594
2015-01-21,0.01753054022842475,0.04094275978179495,0.0,-0.06697360156731753,0.0,0.04081217142217291
2015-01-22,-0.017952252130404155,0.005677182769589258,0.0,-0.10621811566997146,0.0,0.01022714908044741
2015-01-23,-0.04301103674439465,0.034935766930647545,0.0,-0.11770449897453514,0.0,-0.009483324629278133
2015-01-26,-0.047106014450559806,0.012642443477492257,0.0,-0.045316041080403886,0.0,-0.010934310003205385
2015-01-27,-0.04207681966148594,-0.017703948446148508,0.0,-0.09804610490909253,0.0,-0.0437598051885076
2015-01-28,-0.022150152332181282,-0.026064352007566675,0.0,-0.12101768881017289,0.0,-0.03572746381654974
2015-01-29,0.0008397007137470286,-0.005052646882703314,0.0,-0.10195369602342515,0.0,-0.017402077576231696
2015-01-30,0.012064531271601227,0.03737392214805038,0.0,-0.08402394029250462,0.0,0.01541293333996494
2015-02-02,0.05392075381436678,0.03664510697531631,0.0,-0.011813418590909619,0.0,0.06943708195633055
2015-02-03,0.04445313494032252,0.04935139816994726,0.0,-0.004963209727584572,0.0,0.06906097448372028
2015-02-04,0.05911131084038941,0.01779560685294915,0.0,-0.07173868388034241,0.0,0.048653583853585224
2015-02-05,0.0695996360947432,0.03856905182210207,0.0,-0.05247430993125053,0.0,0.07098130952149709
2015-02-06,0.08291205281924617,0.0977610151651079,0.0,-0.09820545711585868,0.0,0.09616926829934118
2015-02-09,0.0679327678454752,0.07704903773911803,0.0,-0.06544755889006097,0.0,0.07207606786881021
2015-02-10,0.06528119658135234,0.0947535266001286,0.0,-0.023746818656056594,0.0,0.09896415290511118
2015-02-11,0.03341068757324743,0.07193391879839908,0.0,-0.04652589297198541,0.0,0.06439927120525225
2015-02-12,0.01017743912276136,0.044671095280592425,0.0,-0.0894028043881983,0.0,0.03684441455317184
2015-02-13,0.011586699151861626,0.03498797917872196,0.0,-0.04946685648408737,0.0,0.056543386770663825
2015-02-16,-0.0013182076013557443,-0.001469805385256929,0.0,-0.04373127271660626,0.0,0.030402264973391734
2015-02-17,-0.02170658276644574,-0.04369528655754698,0.0,-0.12677701700112548,0.0,0.024807637897668787
2015-02-25,0.0025176559858200048,-0.03366339270266359,0.0,-0.1180276967079704,0.0,0.013017846566637545
2015-02-26,0.012873581612167787,-0.030119250956816595,0.0,-0.07507822896469257,0.0,0.031768399376102166
2015-02-27,-0.007584677088690817,-0.06722439468564123,0.0,-0.07133793178832945,0.0,0.006680251698427539
2015-03-02,-0.027280495690625534,-0.04742221426016171,0.0,-0.06460389725294553,0.0,0.009763746158784092
2015-03-03,0.04802420005238259,-0.054831065211554925,0.0,-0.1210756112639298,0.0,0.03333481756836942
2015-03-04,0.016627077468790507,-0.07083523698609959,0.0,-0.06830524509445628,0.0,0.004387704370948672
2015-03-05,0.020165710840627793,-0.1019460244628825,0.0,-0.12207829904530404,0.0,-0.0034139673268002496
2015-03-06,0.027831501506598445,-0.04137453619285267,0.0,-0.12201296736810001,0.0,-0.0008502611220964343
2015-03-09,0.02819632573602446,-0.05774727260499204,0.0,-0.056170547766777774,0.0,-0.00021935354292577236
2015-03-10,0.002119621215112021,-0.07042221126667925,0.0,-0.039437435593872264,0.0,-0.023989653883428674
2015-03-11,-0.02084129759185591,-0.10112687684171671,0.0,-0.11078265366651373,0.0,-0.04457916399086395
2015-03-12,0.005414152542722676,-0.09670786820174158,0.0,-0.10054093196873057,0.0,-0.04112327852270555
2015-03-13,-0.030716753700255416,-0.11268582070150768,0.0,-0.06103066925909889,0.0,-0.06269416003733055
2015-03-16,-0.047166094286768,-0.07604315272573645,0.0,-0.06118200342200281,0.0,-0.04838833878540232
2015-03-17,-0.059645672306638135,-0.08497160165003509,0.0,-0.10694444897956247,0.0,-0.054855296031124864
2015-03-18,-0.06426744189228432,-0.09167819285277885,0.0,-0.07305627722644877,0.0,-0.05844866525785152
2015-03-19,-0.07394545736795027,-0.13125976867565783,0.0,-0.1319335871599247,0.0,-0.07030596796280374
2015-03-20,-0.07718737069119451,-0.13880318085193066,0.0,-0.11249405760416906,0.0,-0.08711144400814054
2015-03-23,-0.06024226721898934,-0.11424634959163449,0.0,-0.05854062370676024,0.0,-0.06455616964322246
2015-03-24,-0.08079275909646293,-0.12236836974730181,0.0,-0.06680484807972337,0.0,-0.07862537261403829
2015-03-25,-0.07032894254125142,-0.11778955184555068,0.0,-0.12651575384131564,0.0,-0.09641791437420157
2015-03-26,-0.087851809707667,-0.11104743432967239,0.0,-0.11404105299895967,0.0,-0.09674136692490919
2015-03-27,-0.10568630533997017,-0.13089026738280185,0.0,-0.06086912975619182,0.0,-0.10898106163445173
2015-03-30,-0.05758791142222295,-0.14484359327669305,0.0,-0.0945653524266847,0.0,-0.08050928770850785
2015-03-31,-0.03165002727010713,-0.14798312745806097,0.0,-0.037977919657480506,0.0,-0.0741126885671897
2015-04-01,-0.04611706108640066,-0.12556931104774227,0.0,-0.028864151460769098,0.0,-0.07885002060115738
2015-04-02,-0.0776553050268177,-0.13509356000089498,0.0,-0.06059604024532087,0.0,-0.08419766018043336
2015-04-03,-0.10519723169898758,-0.13141235842894483,0.0,-0.13329263341172412,0.0,-0.08477323267588155
2015-04-07,-0.08685015667779337,-0.1324325017969941,0.0,-0.14420998131430418,0.0,-0.0775956513981643
2015-04-08,-0.07556852696445616,-0.12503344685921078,0.0,-0.15514545841490396,0.0,-0.08895121950502947
2015-04-09,-0.06915259085984621,-0.11798765103570048,0.0,-0.08094091850647561,0.0,-0.08471881311638348
2015-04-10,-0.06754238615461391,-0.11508438632492722,0.0,-0.04730030067657308,0.0,-0.07418878598794028
2015-04-13,-0.08401438244945639,-0.12016740233949719,0.0,-0.09047589012692463,0.0,-0.0808159575466132
2015-04-14,-0.09803215762075393,-0.13606653535520485,0.0,-0.12116838371767599,0.0,-0.10542029931100305
2015-04-15,-0.05993243667327341,-0.05404877509356074,0.0,-0.1102170773154774,0.0,-0.0438523595844631
2015-04-16,-0.0462228083392163,-0.06585913134020852,0.0,-0.022360351850624682,0.0,-0.08245999737275839
2015-04-17,-0.050641022618345403,-0.09597691892788988,0.0,-0.07519675223540974,0.0,-0.12033049653300634
2015-04-20,-0.007786651281458875,-0.05796731202057025,0.0,-0.05327573939400081,0.0,-0.07560744180582568
2015-04-21,-0.042498252012830966,-0.07242813939202805,0.0,0.014904423329283042,0.0,-0.10773598543799086
2015-04-22,-0.05229759270285,-0.09695407038008817,0.0,-0.03885450023420165,0.0,-0.10644133274847256
2015-04-23,-0.08666593529040072,-0.11013174378032549,0.0,-0.07740095444847954,0.0,-0.11771924891069094
2015-04-24,-0.07425858100682015,-0.12415394576651298,0.0,-0.12213816886936825,0.0,-0.090794946261376
2015-04-27,-0.09017996440222945,-0.11120622314788586,0.0,-0.14439273667424904,0.0,-0.1136758479725938
2015-04-28,-0.056613274018036355,-0.055034371989120125,0.0,-0.13240130348308113,0.0,-0.08042720776821029
2015-04-29,-0.09817794206085365,-0.0701344491530043,0.0,-0.04410371271055825,0.0,-0.12122942670566811
2015-04-30,-0.11613548940381521,-0.10695499473042945,0.0,-0.08413746523244846,0.0,-0.13988625747353464
2015-05-04,-0.12806495898009085,-0.11427703369710439,0.0,-0.1008763034612862,0.0,-0.13800906322049172
2015-05-05,0.025502983775486505,-0.02020486527100729,0.0,-0.09566026670967093,0.0,-0.013419093588468912
2015-05-06,0.02786581571648833,0.0007815865542728413,0.0,-0.0376357668794825,0.0,0.016383457092554773
2015-05-07,0.04853592042349768,0.01744153176087427,0.0,-0.10883972682296547,0.0,0.0536983566325543
2015-05-08,0.042851304332671175,0.01641016292493685,0.0,-0.01700877753542126,0.0,0.042422164504315164
2015-05-11,0.049323249588203985,-0.0406054500300336,0.0,-0.05078827716285666,0.0,0.021319548004099645
2015-05-12,-0.012135810827416956,-0.06671396546608836,0.0,-0.11086726193059045,0.0,-0.01909376850009373
2015-05-13,-0.0370331047964583,-0.07007699295413199,0.0,-0.14131757622216418,0.0,-0.03537663711227772
2015-05-14,-0.05649115231876703,-0.08726781632457944,0.0,-0.12893159747758984,0.0,-0.056422187676813354
2015-05-15,-0.015207266679316564,-0.07201140833822704,0.0,-0.09149484063244963,0.0,-0.026641539453947653
2015-05-18,-0.017538061181661485,-0.09091104846880796,0.0,-0.06397998231717889,0.0,-0.07693236527498092
2015-05-19,0.012854287413885567,-0.0900495741824042,0.0,-0.07188905069442153,0.0,-0.05247144954894354
2015-05-20,-0.01662214116327123,-0.07510455354407299,0.0,-0.06790841033188437,0.0,-0.043430910336969046
2015-05-21,-0.03677532837504362,-0.08445555293931784,0.0,-0.08163678168541094,0.0,-0.03171615993025444
2015-05-22,-0.028059119755973267,-0.09240513550442622,0.0,-0.15345354734181318,0.0,-0.03204722984760868
2015-05-25,0.0025870262528296236,-0.1100758318965694,0.0,-0.1298933553778648,0.0,-0.043054947567165935
2015-05-26,-0.008916468146844478,-0.11469800943093894,0.0,-0.05736407092755802,0.0,-0.05634514357588775
2015-05-27,-0.03337314263688923,-0.12333340295476929,0.0,-0.10630785125467479,0.0,-0.08483950190803055
2015-05-28,0.11655506510882542,-0.035199191732204246,0.0,-0.1062232108092697,0.0,0.04760761404190687
2015-05-29,0.08879226962011365,-0.053506589900755595,0.0,-0.017812709556754503,0.0,0.005363159190605324
2015-06-01,0.08622766786951715,-0.07077936969610688,0.0,-0.06612184526922016,0.0,0.004930987648442794
2015-06-02,0.036141962098202154,-0.10062228209860113,0.0,-0.09379741457824362,0.0,-0.029011941343846347
2015-06-03,0.006967311693619003,-0.10809880869971754,0.0,-0.11061066395246785,0.0,-0.05793815331561722
2015-06-04,-0.004981395736681501,-0.10984941282335985,0.0,-0.11618830135569526,0.0,-0.07328444559008757
2015-06-05,-0.012973172990108691,-0.11104513471074949,0.0,-0.13547574054315764,0.0,-0.052808489298555694
2015-06-08,-0.01487268520045604,-0.1137335644130465,0.0,-0.09582406793602397,0.0,-0.08280468565007593
2015-06-09,-0.035483851282323745,-0.13085791282693857,0.0,-0.022027272632480343,0.0,-0.10102229896720062
2015-06-10,-0.06665971506432304,-0.11303205767579017,0.0,0.0051672337315038595,0.0,-0.1279374128643553
2015-06-11,-0.11164633612439188,-0.1429221852431935,0.0,-0.047866859483297705,0.0,-0.15065743662044992
2015-06-12,-0.12213340846552605,-0.13448698100091172,0.0,-0.06294759563837325,0.0,-0.13241792886109086
2015-06-15,-0.029588820274295533,-0.09757156028491742,0.0,-0.09586293934630663,0.0,-0.10102331217749584
2015-06-16,0.056039612865870926,-0.03993570342357012,0.0,-0.034093868597798366,0.0,0.00021255770809223062
2015-06-17,0.0412770834031893,-0.04603654533677854,0.0,0.01873678946365844,0.0,-0.009483171941983726
2015-06-18,0.12156522051458536,-0.006835279192817418,0.0,-0.03430919684927008,0.0,0.010820194111216343
2015-06-19,0.15373950422966978,0.04649792563432546,0.0,0.0023519501743999235,0.0,0.0810287566124154
2015-06-23,0.15661246224841055,0.043834093514664794,0.0,0.0758454137183609,0.0,0.059365858121133486
2015-06-24,0.13207581197071236,0.06157159792538623,0.0,0.017088412539859515,0.0,0.06584378722818622
2015-06-25,0.15328315699728445,0.06096568445925089,0.0,-0.0012217241896308527,0.0,0.08535809628521553
2015-06-26,0.16850572419755677,0.10241713347628571,0.0,-0.0013703362075477871,0.0,0.11219124787077986
2015-06-29,0.17049969114427016,0.12425030394258155,0.0,0.029960129777068523,0.0,0.11895268981714764
2015-06-30,0.1678243300524974,0.12087724926345965,0.0,0.12518318318110913,0.0,0.11460788009828236
2015-07-01,0.16066700654186578,0.10472881254140802,0.0,0.041353084828293585,0.0,0.10895963161389147
2015-07-02,0.15678072542107532,0.10865057712021899,0.0,0.021107857121681457,0.0,0.11217563172465472
2015-07-03,0.15793957096571223,0.10645445571349067,0.0,0.08361541413037481,0.0,0.10915135916916027
2015-07-06,0.1526651276552824,0.1161241210009791,0.0,-0.021233028850265744,0.0,0.11292843622104595
2015-07-07,0.1251603529925184,0.1155310386840238,0.0,-0.03468851559449807,0.0,0.1124395602446169
2015-07-08,0.12093903576098324,0.12156542071599202,0.0,0.09312782971991651,0.0,0.11420179675914804
2015-07-09,0.14298891346207654,0.14065635100840176,0.0,0.09033813893369798,0.0,0.12596115727342386
2015-07-10,0.13793204988012633,0.12837582271982018,0.0,0.05322741758661143,0.0,0.11977167178607913
2015-07-13,0.12007363886889995,0.1268076196121287,0.0,0.09934757583382467,0.0,0.11032222236773992
2015-07-14,0.09854864137344108,0.10720048756682941,0.0,-0.027062570204342395,0.0,0.0956283419835892
2015-07-15,0.1039403540550375,0.10910866412568383,0.0,-0.04673060731977031,0.0,0.11119301119078176
2015-07-16,0.07032626552269074,0.1119085173147579,0.0,0.04048418437076739,0.0,0.07704466804611589
2015-07-17,0.09255843972119059,0.11452298630116271,0.0,0.0866987751126421,0.0,0.09794185519602679
2015-07-20,0.044852417078352684,0.07935323475128517,0.0,0.040761376465557636,0.0,0.06177638003290608
2015-07-21,0.013296070403645315,0.07431688504337416,0.0,0.019880024151780275,0.0,0.05308706030488656
2015-07-22,-0.006330633275850293,0.06313625171753862,0.0,-0.027927826275173047,0.0,0.030063557370690674
2015-07-23,0.0160913606047522,0.0789878595821669,0.0,0.019867733216435483,0.0,0.06337483252522813
2015-07-24,0.014036987744753236,0.0669196352562366,0.0,-0.0719134421573501,0.0,0.047622294988473216
2015-07-27,0.11041236622250646,0.1297177675252692,0.0,-0.02455001982572864,0.0,0.11186322271212161
2015-07-28,0.11595925546430526,0.11701142757178595,0.0,0.06042323954550684,0.0,0.12627527045143846
2015-07-29,0.11674106545820909,0.13273829559906286,0.0,0.12921954827547652,0.0,0.14352099013478445
2015-07-30,0.11179776052343182,0.10574929405923923,0.0,0.023728226431339927,0.0,0.1282842542578019
2015-07-31,0.07266673962524499,0.08222051783560752,0.0,0.0864594972740948,0.0,0.07935280257210552
2015-08-03,0.012057906224046282,0.10515842541850229,0.0,0.023521221873080176,0.0,0.050847919404447287
2015-08-04,0.05547555971969367,0.12175465649057596,0.0,0.12166805152673076,0.0,0.08814818756387961
2015-08-05,0.03689011822830414,0.0749712359711237,0.0,0.008673549016013509,0.0,0.060159034498414976
2015-08-06,0.016115693339107118,0.07163566517488976,0.0,0.030175492229281325,0.0,0.038307819693584995
2015-08-07,0.007710320273734214,0.06512337868660514,0.0,0.06901743520182105,0.0,0.05771986970589556
2015-08-10,0.06559908874600298,0.1171369202886491,0.0,0.08668533851760502,0.0,0.09075735140476342
2015-08-11,0.03471561457025725,0.050702094012418306,0.0,-0.04632113530592283,0.0,0.04928317789661941
2015-08-12,0.026746081814606755,0.048870708354974327,0.0,-0.04303569810117633,0.0,0.0558755841679578
2015-08-13,0.019368155299102324,0.07596176246401723,0.0,0.030457206807895508,0.0,0.06443467596542886
2015-08-14,-0.02587716888990895,0.0349553803363036,0.0,-0.020808167308366897,0.0,0.007608964934589481
2015-08-17,-0.06002151887062449,0.04316283245580711,0.0,0.011193965037089745,0.0,0.0017628586346812108
2015-08-18,0.08619906694135819,0.11517335330946019,0.0,-0.023612018572638057,0.0,0.09523229690496955
2015-08-19,0.0989078200318239,0.1133446612941993,0.0,0.12466009698235972,0.0,0.10355804197797684
2015-08-20,0.09607480687216297,0.0923839793932813,0.0,0.01473102381222268,0.0,0.1109701518315794
2015-08-21,0.1295072455509318,0.12349133501871166,0.0,0.013329973393566938,0.0,0.1376670240389298
2015-08-24,0.16058710317147412,0.14452195332423223,0.0,0.020699999789203907,0.0,0.1601315043705514
2015-08-25,0.16306371741942027,0.12930989487790226,0.0,0.09110670521556556,0.0,0.16665063083182047
2015-08-26,0.14454854845480228,0.13210791668341187,0.0,0.1119703202616269,0.0,0.14913619124071303
2015-08-27,0.1537865972152005,0.1433733817496596,0.0,0.16248697262540834,0.0,0.16088860967587515
2015-08-28,0.12403868484102988,0.1574787310331957,0.0,0.1329351664010781,0.0,0.14794752051901744
2015-08-31,0.07450585518283903,0.11499617382822275,0.0,0.018555758677924635,0.0,0.0919260624993506
2015-09-01,0.04917657822566302,0.13706517018459907,0.0,-0.0012111556501858153,0.0,0.08651186601303273
2015-09-02,0.03608893309477922,0.1132725135183689,0.0,0.058843757092755786,0.0,0.05315775237486663
2015-09-07,0.0558648406808963,0.09098771050938582,0.0,0.057941550072530296,0.0,0.06771977522715848
2015-09-08,0.04462927501479867,0.12765396410381066,0.0,0.1156339332955796,0.0,0.07073535208685501
2015-09-09,0.02835542059183078,0.12052770167644553,0.0,0.07789738125267509,0.0,0.06330963047123415
2015-09-10,0.0011430116888909445,0.07474121117836123,0.0,-0.014453487379917146,0.0,0.03638622892079629
2015-09-11,-0.010394550781328485,0.0601106203597056,0.0,0.030107302702301948,0.0,0.010832895671643474
2015-09-14,0.012621766507099154,0.12812680002113067,0.0,-0.019095016794756187,0.0,0.06600609881035144
2015-09-15,0.05623846035437268,0.13533902981245943,0.0,0.0448369140689265,0.0,0.10443882820126725
2015-09-16,0.0784394646176213,0.15144964326292834,0.0,0.15578061722714623,0.0,0.1242917735378371
2015-09-17,0.05522940423458569,0.11267848814024767,0.0,0.0960951615082204,0.0,0.09667927551507309
2015-09-18,0.02240853859495693,0.08413513092367227,0.0,0.08940374279969204,0.0,0.06644916428266057
2015-09-21,0.026221431386297976,0.11750755146093336,0.0,0.11164761869520412,0.0,0.06923526059559337
2015-09-22,0.01013724074778964,0.059317070022447765,0.0,-0.0440876786085886,0.0,0.044734495036077425
2015-09-23,0.0029561245184838688,0.03608662088903317,0.0,-0.025704826309330336,0.0,0.024635925181360343
2015-09-24,-0.022250467605363665,0.042138915045623976,0.0,0.024739116265739002,0.0,0.006887712110522068
2015-09-25,-0.023066328153957674,0.06173442727809794,0.0,-0.03320925557991931,0.0,0.0071488874041363785
2015-09-28,-0.02859649935307621,0.057086445483588516,0.0,0.09911596832047814,0.0,0.0006853752946403523
2015-09-29,-0.01157473181928264,0.036620252565740856,0.0,0.028714704179390396,0.0,0.006633285824897098
2015-09-30,-0.021925381722018814,0.02463631717621033,0.0,0.027992859594077983,0.0,-0.0012473782413370761
2015-10-08,-0.007682681034093634,0.032715010919773926,0.0,0.09092087163924854,0.0,0.06764081897172645
2015-10-09,0.007954389369590621,0.020966417957080367,0.0,-0.00017488165768822853,0.0,0.04070267067629722
2015-10-12,0.0614926710727192,0.09217919090171202,0.0,0.036037084584986466,0.0,0.11128270098091039
2015-10-13,-0.01871563231343773,0.04725050526185192,0.0,-0.04738466790674629,0.0,0.035322066779246215
2015-10-14,-0.0322923347938113,-0.023714689172965105,0.0,-0.10562223303502433,0.0,0.03937134039868715
2015-10-15,0.018041927162125854,0.047054444161486894,0.0,0.051264480638862374,0.0,0.08332169798574364
2015-10-16,-0.03303039049104893,0.012258060756679828,0.0,-0.018539683367169744,0.0,0.05207751635149428
2015-10-19,-0.04765832464237277,-0.04366999318201334,0.0,-0.08108574408031696,0.0,0.027008216081905036
2015-10-20,-0.021431258895994926,-0.0021893341460651984,0.0,0.05291041095005257,0.0,0.03243973842863854
2015-10-21,-0.01658137153500499,0.005667030107035729,0.0,-0.07301285351411459,0.0,0.068381250735299
2015-10-22,-0.004967238107456201,0.06832411951325702,0.0,0.07123366463261023,0.0,0.06224700693787463
2015-10-23,-0.02829187771509583,0.03595927336562006,0.0,0.013029495697414408,0.0,0.0449827453643199
2015-10-26,-0.06649634492868105,-0.007126469092146431,0.0,-0.056523259191278194,0.0,0.0019082851289824983
2015-10-27,-0.044981979084785184,0.02153456734031983,0.0,0.01721332772155102,0.0,0.017259250752630777
2015-10-28,-0.060426158096390424,-0.029781190804405108,0.0,-0.07862973422290086,0.0,0.014907803874584954
2015-10-29,-0.07129041735802419,-0.040447022974189256,0.0,-0.02231555627573204,0.0,-0.009012419466263629
2015-10-30,-0.06643652859583607,-0.031652479549135755,0.0,-0.021097055779252517,0.0,-0.014026729534001152
2015-11-02,-0.04954115442907612,-0.04742550754505355,0.0,-0.07833148886734954,0.0,0.012025797121402514
2015-11-03,-0.06654858216386314,-0.0458428731194262,0.0,0.005098532211984254,0.0,-0.005642801361539016
2015-11-04,0.034935075065078,0.055014078086493015,0.0,0.11238966735078056,0.0,0.08495109252472352
2015-11-05,0.03524764243048175,-0.035055685318760535,0.0,-0.05623114911430558,0.0,0.05437626480420736
2015-11-06,0.02543415675887309,0.0021860213181593225,0.0,0.0018285555178677551,0.0,0.05021536468149009
2015-11-09,0.002208220419752176,-0.0025585384109265167,0.0,0.004230217359442413,0.0,0.03894846449184955
2015-11-10,-0.05044103625988953,-0.0485334966627772,0.0,-0.11644390536269048,0.0,-0.024237885493652557
2015-11-11,-0.10749276421752306,-0.0479967334487136,0.0,-0.04747537415845152,0.0,-0.024146434388445753
2015-11-12,-0.10776351689934141,-0.07314512052882463,0.0,-0.10521048789638826,0.0,-0.027824927943688557
2015-11-13,-0.07752084398875586,-0.07651439433272977,0.0,-0.10968282975573217,0.0,-0.02717697568352798
2015-11-16,-0.05528289819845646,0.003253751626763812,0.0,0.05993724458801306,0.0,0.005754679544682003
2015-11-17,-0.0696836850512643,-0.07964211016091147,0.0,-0.07979658860252502,0.0,-0.05625395423805856
2015-11-18,-0.0886109483744564,-0.06930136123659414,0.0,-0.04941140781638715,0.0,-0.017129685874000995
2015-11-19,-0.058513086252796644,-0.021116565401626604,0.0,0.08231737301971434,0.0,0.014958032332808544
2015-11-20,-0.1061135592338774,-0.0569594984239233,0.0,-0.017069654627459473,0.0,-0.018601605123199284
2015-11-23,-0.10033322317284164,-0.08417237143706578,0.0,-0.09830149004944279,0.0,-0.05444954890293717
2015-11-24,-0.11812226556854431,-0.040509159953933276,0.0,0.034723429047583715,0.0,-0.034010008935336955
2015-11-25,-0.09820544923108583,-0.06783760266270675,0.0,0.009396356508890612,0.0,-0.0009698381347918502
2015-11-26,-0.11734612610547002,-0.11063699363603727,0.0,-0.13118197977975135,0.0,-0.03632396390005288
2015-11-27,-0.01553572655417328,-0.02579656607621273,0.0,-0.04856508093610224,0.0,0.038735129302379274
2015-11-30,0.009384483556569833,0.03467391156671841,0.0,0.04197217680181046,0.0,0.06553895606610115
2015-12-01,0.0011789375990703193,-0.03455556423099797,0.0,-0.020048165513422183,0.0,-0.001593426827720137
2015-12-02,0.05113266223207406,-0.0030827130788244153,0.0,-0.011110237124378315,0.0,0.07495912267025376
2015-12-03,-0.005174019586873298,0.00549457581833873,0.0,0.06702412086353451,0.0,0.037353157023492845
2015-12-04,-0.06119969864260513,-0.07401680037496057,0.0,-0.07647497297558754,0.0,-0.003976008034789592
2015-12-07,-0.06095865103555043,-0.06369487878673981,0.0,-0.03975214626578398,0.0,-0.030530631804859504
2015-12-08,-0.0798099438838307,-0.08149714061623252,0.0,-0.12147942393117193,0.0,-0.01915803938419449
2015-12-09,-0.06170847618683034,-0.07635046642201335,0.0,-0.07871403833795736,0.0,-0.0259118578521652
2015-12-10,-0.07889334228323719,-0.08362914708808022,0.0,0.006204164548651434,0.0,-0.04707951685686264
2015-12-11,-0.0856361865591428,-0.0670844128236573,0.0,-0.08740057949141307,0.0,-0.015571524598201793
2015-12-14,-0.006248481189161239,-0.02415441696094716,0.0,0.048628103603834426,0.0,0.04163194563444239
2015-12-15,-0.08668552313360024,-0.05802138186175881,0.0,-0.015151763233909694,0.0,-0.05542095419375887
2015-12-16,-0.10626313074735402,-0.06933034391906842,0.0,-0.11613724402898705,0.0,-0.05885939698993964
2015-12-17,-0.046998772913629173,-0.03713523921038344,0.0,-0.021674693046844426,0.0,0.026395949438156437
2015-12-18,-0.070327156192002,-0.0827238761220665,0.0,-0.12772036731550615,0.0,-0.05343294049757068
2015-12-21,-0.028253115257643124,-0.06806131411531766,0.0,-0.0875630352862291,0.0,0.048457013897128386
2015-12-22,-0.1102370323089949,-0.0666503996000857,0.0,-0.07437593580596195,0.0,-0.028852467567118463
2015-12-23,-0.11234053822278174,-0.12542627876009182,0.0,-0.1297101835544986,0.0,-0.08089277702969036
2015-12-24,-0.11489833963385868,-0.11204739297364062,0.0,0.005360243827090478,0.0,-0.025476000802374547
2015-12-25,-0.14649704675496206,-0.100759903928008,0.0,-0.05414226541996513,0.0,-0.07388600612162172
2015-12-28,-0.09541470861713776,-0.09786619014064754,0.0,-0.1192485403314112,0.0,-0.05627684625260484
2015-12-29,-0.065244944556539,-0.05743821670176156,0.0,0.004237027253558156,0.0,-0.03368198535730791
2015-12-30,-0.11118652654391717,-0.08849395185634723,0.0,-0.015872155337874488,0.0,-0.08144422446209905
2015-12-31,-0.10764000538271039,-0.0984603623779559,0.0,-0.11881800737616452,0.0,-0.0830337822528547
2016-01-04,0.03715873855685217,-0.020262029613494797,0.0,-0.0368093759483721,0.0,0.011425136215126266
2016-01-05,0.059016716778374854,0.029258797422064223,0.0,0.018915079257732108,0.0,0.012146202574161916
2016-01-06,0.04971500893957147,0.03021567748325061,0.0,0.02017692090266568,0.0,0.061286275365569035
2016-01-07,0.10113438607891277,0.032571682056025404,0.0,0.018870073242507692,0.0,0.08714757183155505
2016-01-08,0.11027474856549356,0.08376872425544417,0.0,0.06538531631815458,0.0,0.09956476681441061
2016-01-11,0.1121929234237036,0.06349313574716134,0.0,0.031011267801663505,0.0,0.08764387579267442
2016-01-12,0.09361405195095109,0.06220941618886898,0.0,0.07594069986124583,0.0,-0.0002322332809414094
2016-01-13,0.09447991011640848,0.0640242008962348,0.0,0.03606552401002733,0.0,0.09306434852907147
2016-01-14,0.10078401321923237,0.10980407327704719,0.0,0.12171180933687774,0.0,0.1168228446272117
2016-01-15,0.09673147725354353,0.05759630773206871,0.0,0.022662798102621597,0.0,0.0955859599088044
2016-01-18,0.059415068244518435,0.0803818343330009,0.0,0.07338367473100826,0.0,0.03358089856614013
2016-01-19,0.09138568417302542,0.08806910696870965,0.0,0.03931095547280892,0.0,0.0897048129976666
2016-01-20,0.04630298411438001,0.04121346887837378,0.0,-0.01814312574824629,0.0,0.02399280990727404
2016-01-21,0.08579050005092217,0.06840502498556647,0.0,-0.015475554982239419,0.0,0.0631227969600837
2016-01-22,0.05812572438112522,0.06894046284556442,0.0,0.05340905297538511,0.0,0.03494240963656313
2016-01-25,0.04228249957245536,0.053954644553655,0.0,0.0233358275730099,0.0,0.00938328110117063
2016-01-26,0.11866979160836276,0.09106859950546381,0.0,0.035254594208316094,0.0,0.09587953697612592
2016-01-27,0.09371258987531633,0.11966474853409997,0.0,0.10099493606902296,0.0,0.062459794016943675
2016-01-28,0.1158283318654185,0.09044307101397055,0.0,0.07243111138566603,0.0,0.09847419379637101
2016-01-29,0.13908076782274795,0.12644562882310867,0.0,0.12727065570470225,0.0,0.1335682262598903
2016-02-01,0.08195605209260985,0.10047118125989524,0.0,0.05775707244678398,0.0,0.06996790762378555
2016-02-02,0.06965410034698487,0.10696587647227036,0.0,0.08339310922365542,0.0,0.07175919321482227
2016-02-03,0.039848136525252785,0.08004130077079084,0.0,0.020121704326556737,0.0,0.006056068263143916
2016-02-04,0.04972298116087651,0.0713483276067128,0.0,0.0016000135244033874,0.0,0.02415931780172073
2016-02-05,0.012716683697785558,0.034800191129981235,0.0,-0.04536079883537638,0.0,-0.03339656565058391
2016-02-15,0.05272648141387002,0.07852194292046619,0.0,0.028622182342464428,0.0,0.023235850743707865
2016-02-16,0.08789055805643516,0.10379160801154697,0.0,0.05495320147983393,0.0,0.08223717317165948
2016-02-17,0.049290011721683596,0.08816280135871847,0.0,-0.02412703296882232,0.0,0.04352362459824255
2016-02-18,0.015657305514216454,0.033795790975169784,0.0,-0.03900590537252429,0.0,-0.03265783486029741
2016-02-19,-0.009575054438305182,0.0630365862556719,0.0,-0.0010855947634795552,0.0,-0.03603606614836768
2016-02-22,0.04668232989602361,0.04253459304958622,0.0,-0.011655661280959241,0.0,0.07213059885797175
2016-02-23,-0.004578321003455101,0.03639509775031169,0.0,-0.04677005733396978,0.0,0.0047031909402720715
2016-02-24,-0.023396046472856494,0.04181370112986538,0.0,-0.019414708786012563,0.0,0.002947383032585465
2016-02-25,0.05906709293893048,0.07637843558273898,0.0,-0.015449999007378465,0.0,0.06442884004692817
2016-02-26,0.0641346241667396,0.07737412673052887,0.0,0.010758034042041523,0.0,0.03302301577663915
2016-02-29,0.06725088083389245,0.08222770408700845,0.0,0.04013745452689923,0.0,0.04716037751063464
2016-03-01,0.0767477027634253,0.108486167837577,0.0,0.10814615543989138,0.0,0.060286169311910116
2016-03-02,0.10982322588935026,0.11843962863540237,0.0,0.08251764723055639,0.0,0.09428821182744787
2016-03-03,0.0017165665229986686,0.062328844284915495,0.0,-0.0014396831584001192,0.0,-0.03873854909889385
2016-03-04,0.027929791127297366,0.05784776253086628,0.0,0.0005908484636502312,0.0,-0.012092425180328128
2016-03-07,-0.022570354561710835,0.03591635426806338,0.0,0.0397605730302632,0.0,0.00019449649685637581
2016-03-08,-0.04252972487780863,0.03214142667852343,0.0,0.04801400431203729,0.0,-0.050847106604226575
2016-03-09,-0.01553826879190719,0.026459617737620775,0.0,-0.006200160293428654,0.0,-0.009296280988089408
2016-03-10,0.0072536047830347415,0.033510578981573946,0.0,-0.005639504203354331,0.0,-0.010604920928853205
2016-03-11,-0.017028554704310955,0.05484937305644511,0.0,0.01780794889652086,0.0,-0.06702465053140101
2016-03-14,0.011543399326704874,0.07592985148881475,0.0,0.06954616735475773,0.0,0.035709218114100216
2016-03-15,-0.04615393219328915,0.009240570720690568,0.0,-0.02662251141655624,0.0,-0.0627985834351934
2016-03-16,-0.05032299323925748,0.008104545355043713,0.0,-0.0046065553027875485,0.0,-0.05059595445279318
2016-03-17,-0.005716818870154036,0.04645596419429077,0.0,0.06951220794654998,0.0,0.015649121058630616
2016-03-18,-0.002393263708607633,0.08008087735651483,0.0,0.007504107807734308,0.0,0.02710009072811993
2016-03-21,0.01712102669305367,0.04884125784364384,0.0,-0.05920214775541013,0.0,0.019568541123238147
2016-03-22,-0.02935506221515575,0.018117706515533266,0.0,-0.08598195851047881,0.0,-0.045611319905246826
2016-03-23,-0.05706706026980135,0.02539986554243079,0.0,-0.03628332697004446,0.0,-0.07950775856482534
2016-03-24,-0.04444067864037547,-0.0022678854047019823,0.0,-0.0974896785041753,0.0,-0.017805502929517426
2016-03-25,-0.054753912376097724,0.00032850499355474095,0.0,-0.04594645458456859,0.0,-0.02489684224285672
2016-03-28,-0.06774819197381467,-0.022321915616877328,0.0,-0.027334290083636827,0.0,-0.06060742589954906
2016-03-29,-0.04889052572658005,-0.013407912288162634,0.0,-0.014638154579975929,0.0,-0.019400387734157427
2016-03-30,-0.00443514145479263,0.037307367084847776,0.0,0.06039094359944616,0.0,0.02698774370172864
2016-03-31,-0.08051092535415832,-0.03381652888348113,0.0,-0.03318309217257796,0.0,-0.08225641747450015
2016-04-01,-0.07149201288511298,-0.025549920961579046,0.0,-0.03862766459449403,0.0,-0.08560664503474624
2016-04-05,-0.017346260219186733,0.0010149191308079552,0.0,0.012075428716473163,0.0,-0.015491943125850928
2016-04-06,-0.06039335086874441,-0.037021792600105664,0.0,-0.058121032967208934,0.0,-0.10170657362065597
2016-04-07,-0.027284412069074216,-0.04007094611275003,0.0,-0.07958735034183363,0.0,-0.015784232006211176
2016-04-08,-0.044110285645815456,-0.03094253643565383,0.0,-0.04369891409316508,0.0,-0.049424562717824055
2016-04-11,-0.03976816922981774,-0.03432271393064333,0.0,-0.011598641169459967,0.0,-0.01877062398808444
2016-04-12,-0.04966132940161564,-0.03754449601120159,0.0,-0.07256341547920521,0.0,-0.07153674658755917
2016-04-13,-0.03436706802307728,-0.04114826131757797,0.0,-0.04649129388027896,0.0,-0.02012361765461462
2016-04-14,-0.0766128187791546,-0.055638753431488594,0.0,-0.03436965101226412,0.0,-0.08733863656692693
2016-04-15,-0.10401794245528309,-0.070293947088212,0.0,-0.09869651696579583,0.0,-0.10756843438440843
2016-04-18,-0.05112369590206919,-0.0544021862323247,0.0,-0.08604752333671811,0.0,-0.06795476330340586
2016-04-19,-0.07859630394552426,-0.06241359494836202,0.0,-0.05529744817802393,0.0,-0.08924636935224599
2016-04-20,-0.004559926220968475,0.022981059918661315,0.0,-0.011495261996539819,0.0,0.002210935289666665
2016-04-21,0.01550880666450721,0.010435692616524706,0.0,0.00908472371529642,0.0,-0.015274982785264827
2016-04-22,-0.014330824628218997,0.026514538789293524,0.0,0.03944383267145342,0.0,-0.02728026490501166
2016-04-25,-0.03592097143387422,0.006108020778371423,0.0,0.005957087365775044,0.0,-0.07131509623251876
2016-04-26,-0.028316141704627526,0.01147221598606299,0.0,0.015159341213251808,0.0,-0.051981506996875156
2016-04-27,-0.052682716685134724,-0.028717975456901072,0.0,-0.05210229792207014,0.0,-0.08887739499477375
2016-04-28,-0.05820594057147488,-0.013022715918360135,0.0,-0.04446477892912698,0.0,-0.08057507910644318
2016-04-29,-0.04449472193646849,-0.035317903627660185,0.0,-0.05059691906689356,0.0,-0.08443105044998037
2016-05-03,-0.009782457581665245,0.016193702721981004,0.0,0.04011731326194648,0.0,-0.013231529661718457
2016-05-04,-0.04553189826762479,-0.0368346748700599,0.0,-0.041721261481048995,0.0,-0.06718548686359535
2016-05-05,-0.06756655538962869,-0.03951285019734304,0.0,-0.030451667695519796,0.0,-0.08189791279381899
2016-05-06,0.045180804651516734,0.019613526130806844,0.0,-0.018747280873198126,0.0,0.04524806137258541
2016-05-09,0.07537037364692278,0.04138776413652426,0.0,0.025502887314118573,0.0,0.06610791252186095
2016-05-10,0.030011137991303095,0.018923814072782368,0.0,0.01249303914726966,0.0,0.019950923873396222
2016-05-11,0.036848205810652346,0.018487694731778095,0.0,0.0041690185548353235,0.0,0.02577748358943215
2016-05-12,0.024541259494280415,0.03977950416698652,0.0,0.024829776435147104,0.0,-0.014540709289167838
2016-05-13,-0.006447445961616548,0.01478587513545543,0.0,0.020178311183450374,0.0,-0.05398123620477875
2016-05-16,-0.008064155998782411,0.029379447910857212,0.0,0.027347823242423505,0.0,-0.031325944744658635
2016-05-17,-0.02220903802777018,-0.0061976677181585366,0.0,0.009578341641214462,0.0,-0.046533748620922986
2016-05-18,0.012385664308260012,0.048487492921526515,0.0,-0.015601029824535843,0.0,0.009312872185901575
2016-05-19,-0.007488039923617469,0.029989221836856955,0.0,-0.001003216045741631,0.0,-0.047870000904300825
2016-05-20,0.006688644878519438,0.04072362941664375,0.0,0.02822416549660691,0.0,-0.020968799012971946
2016-05-23,-0.022842879636669713,0.00984635100189369,0.0,0.0037718527600597023,0.0,-0.038466274054621725
2016-05-24,0.017570443148934627,0.015444412956781626,0.0,-0.04475949664338621,0.0,-0.012435120538228478
2016-05-25,-0.018614610872080377,7.294498413095785e-05,0.0,-0.03191718322748927,0.0,-0.06663495431817502
2016-05-26,-0.029103654485568155,0.0021747086497969897,0.0,0.004625784052606221,0.0,-0.046779485229487265
2016-05-27,-0.023758260472569723,-0.0151583239165701,0.0,-0.057979667634737705,0.0,-0.04807068388697589
2016-05-30,-0.012154366674916841,-0.001660141926835021,0.0,-0.017981080707963424,0.0,-0.06998113848441993
2016-05-31,0.060604546391217165,0.041647586612633326,0.0,0.05674497107474709,0.0,0.050554895937605655
2016-06-01,-0.003674639993722582,-0.015394534993200922,0.0,-0.0485494740528332,0.0,-0.03597159170190249
2016-06-02,-0.027932379898820504,-0.01656358177284438,0.0,-0.037584454457967036,0.0,-0.03219494553837214
2016-06-03,-0.022982886316957024,-0.027384060766985786,0.0,-0.045595463530414666,0.0,-0.03004423093573346
2016-06-06,-0.0552989973907848,-0.043869212917488624,0.0,-0.10494030117212606,0.0,-0.09182424435053793
2016-06-07,-0.08691378689292006,-0.059796766555150725,0.0,-0.09730948801028369,0.0,-0.06797032663205174
2016-06-08,-0.03902871218407597,-0.0517682880926284,0.0,-0.08118397301412483,0.0,-0.031115766243392785
2016-06-13,0.09766160037524592,0.03290044432001846,0.0,-0.011503671765714703,0.0,0.07889405158139096
2016-06-14,0.04751896942460062,0.01964837951879227,0.0,0.03127297651951722,0.0,0.022688671428123166
2016-06-15,0.0403683530554705,0.03081753340548926,0.0,0.05527505797697184,0.0,0.047072567176930674
2016-06-16,0.010549793222014263,-0.03148691556721772,0.0,-0.01831682467002204,0.0,-0.022458632503799047
2016-06-17,0.003171785720333207,-0.026165095191321756,0.0,-0.011846835337034598,0.0,-0.013222720617431327
2016-06-20,-0.058807075266951156,-0.05491219064375617,0.0,-0.04454490476875728,0.0,-0.0854077753279029
2016-06-21,-0.04502608302675597,-0.05403730012266548,0.0,-0.06723776824590214,0.0,-0.051974311701955815
2016-06-22,-0.02330744408306306,-0.04262077822373814,0.0,-0.012015627770637796,0.0,-0.02728324897611153
2016-06-23,-0.046747623331353655,-0.07283582353297843,0.0,-0.07274635048041822,0.0,-0.038383207776905084
2016-06-24,0.009242165036241997,-0.0304809271811914,0.0,-0.07126273491631797,0.0,0.010194140889866926
2016-06-27,-0.02164537743275722,-0.042198300325616125,0.0,0.0019239015832571297,0.0,-0.0036039649941288065
2016-06-28,-0.051313950027512274,-0.07396396529693611,0.0,-0.07239517459021964,0.0,-0.05544271130854189
2016-06-29,-0.08616648505011587,-0.10890432500909147,0.0,-0.11428398789556665,0.0,-0.08094087582197268
2016-06-30,-0.11764143642568127,-0.1153206295439339,0.0,-0.1004973107237773,0.0,-0.12992372475365704
2016-07-01,-0.13848448182290884,-0.13246886408402214,0.0,-0.13131704738290165,0.0,-0.12993459162567259
2016-07-04,-0.09911799226415977,-0.12104321597667504,0.0,-0.10723347083610368,0.0,-0.05420643642766784
2016-07-05,-0.1265210563205159,-0.1288833303950354,0.0,-0.13278700023228152,0.0,-0.09560707717904612
2016-07-06,-0.130149341150816,-0.13428323366472608,0.0,-0.132277734280924,0.0,-0.08110150267216223
2016-07-07,-0.13310473416544408,-0.1452958574379979,0.0,-0.1386475360181805,0.0,-0.08955015008388352
2016-07-08,-0.12762200936345175,-0.1551506625003633,0.0,-0.12073913474665489,0.0,-0.07762118341576578
2016-07-11,-0.11719106162040771,-0.15497501007698652,0.0,-0.1362049650307542,0.0,-0.1109237230207358
2016-07-12,-0.07748057787632993,-0.13605793391097915,0.0,-0.08014300559741973,0.0,-0.02697042946041674
2016-07-13,-0.10619484666567569,-0.1485071993743294,0.0,-0.0897265736852506,0.0,-0.06922954030110501
2016-07-14,-0.1355660381163788,-0.16006166690038762,0.0,-0.12540682234336353,0.0,-0.08145273935850489
2016-07-15,-0.15375077111767313,-0.16027104260445343,0.0,-0.12159296427726599,0.0,-0.09347489153802369
2016-07-18,-0.13213447007704116,-0.1516519558437565,0.0,-0.11503758875018627,0.0,-0.09486776866065176
2016-07-19,-0.12987213614769394,-0.14956095508620865,0.0,-0.10063951383657595,0.0,-0.10482685867121834
2016-07-20,-0.13109243941553458,-0.15347181623739775,0.0,-0.1191979969655927,0.0,-0.11593491934137812
2016-07-21,-0.12298932572524442,-0.1370134385888156,0.0,-0.09846263827524562,0.0,-0.08433586328189267
2016-07-22,-0.11009746569811364,-0.1378464132197366,0.0,-0.11443257901202725,0.0,-0.078797883844316
2016-07-25,-0.1356043728901951,-0.14191210636088222,0.0,-0.11019205794946706,0.0,-0.0930628421877012
2016-07-26,-0.11867672759296004,-0.1481484853187232,0.0,-0.10145087866123595,0.0,-0.05416678518166272
2016-07-27,-0.08308340317086785,-0.08395643889671281,0.0,-0.09144341069643837,0.0,-0.021664541100963875
2016-07-28,-0.10576614568131243,-0.07716582417158863,0.0,-0.06898407875398463,0.0,-0.033940000366319445
2016-07-29,-0.11066073541328253,-0.08294580499261175,0.0,-0.05522799674020911,0.0,-0.08199877438441706
2016-08-01,-0.07953599149361311,-0.07320808532707891,0.0,-0.035063712605328985,0.0,-0.049347173192564854
2016-08-02,-0.09054663762886098,-0.07986500417412823,0.0,-0.04271875510974907,0.0,-0.08450704717153876
2016-08-03,-0.12825640002999367,-0.10931618417504947,0.0,-0.059090294292392,0.0,-0.10991919630949787
2016-08-04,-0.12155508297463917,-0.10129055755994328,0.0,-0.04996405815381483,0.0,-0.12313058532168311
2016-08-05,-0.13260767458926417,-0.11332066730161285,0.0,-0.08620437907986071,0.0,-0.12697882691241946
2016-08-08,-0.09414337720490842,-0.0935581035364841,0.0,-0.06392692293496693,0.0,-0.07334167664503202
2016-08-09,-0.08886853635530509,-0.10906832689472216,0.0,-0.07697581721642643,0.0,-0.07032938028865454
2016-08-10,-0.11527490006634035,-0.11843436036733618,0.0,-0.0996462553198532,0.0,-0.07520639229023462
2016-08-11,-0.09357345050799745,-0.09587469004093926,0.0,-0.08110928255509098,0.0,-0.07478475707699377
2016-08-12,-0.06731586260525373,-0.09697729101005342,0.0,-0.05760816612683382,0.0,-0.02183055848022267
2016-08-15,-0.01785173229184899,-0.07919133346119046,0.0,-0.029660381499566346,0.0,0.005246826295787146
2016-08-16,-0.03858461667984715,-0.10527176913695663,0.0,-0.07052713849227707,0.0,-0.03117992156439202
2016-08-17,-0.10031245764553356,-0.11933236709988411,0.0,-0.10222988509673467,0.0,-0.07092321375194824
2016-08-18,-0.09473441430544345,-0.12949482780720495,0.0,-0.13082840067344972,0.0,-0.05827750282990958
2016-08-19,-0.12645290816845484,-0.14614570966818824,0.0,-0.13083274332978964,0.0,-0.10052715051289576
2016-08-22,-0.09712145242112534,-0.14181394566580502,0.0,-0.11913535298839406,0.0,-0.10304615526840283
2016-08-23,-0.11149258982033561,-0.14643426680911076,0.0,-0.09785846171342345,0.0,-0.12089272119851105
2016-08-24,-0.11636160258018571,-0.15008843732802937,0.0,-0.10152599863579208,0.0,-0.12076601729771225
2016-08-25,-0.09790873024721881,-0.140308127158353,0.0,-0.10174093112593743,0.0,-0.10543563642032934
2016-08-26,-0.11295183695513948,-0.13843248551122456,0.0,-0.10156466932905724,0.0,-0.12683721979563994
2016-08-29,-0.13595499672184957,-0.16067600521388806,0.0,-0.11759115442475912,0.0,-0.1439580147299619
2016-08-30,-0.12237631289687519,-0.15702582376380325,0.0,-0.12872662724510794,0.0,-0.13668437783722864
2016-08-31,-0.10539460291790985,-0.16912922075533526,0.0,-0.1360964923130377,0.0,-0.10273858473932299
2016-09-01,-0.0922388597826886,-0.16395739685392766,0.0,-0.14026026252169754,0.0,-0.0753815873394116
2016-09-02,-0.11294706243009917,-0.14710078410860505,0.0,-0.11648090373012895,0.0,-0.09069347063571155
2016-09-05,-0.12272539765470654,-0.15070853321168481,0.0,-0.09145701272734201,0.0,-0.11098483841231879
2016-09-06,-0.10592952355311867,-0.12611713189577964,0.0,-0.07291967942712743,0.0,-0.0690683422674842
2016-09-07,-0.13210930363946025,-0.15445699184800515,0.0,-0.10602605025933896,0.0,-0.1067552616812645
2016-09-08,-0.14441255203863698,-0.16151207661191103,0.0,-0.09942681901764273,0.0,-0.11937917611439683
2016-09-09,-0.09125253213050474,-0.16416803946069422,0.0,-0.12079191431802025,0.0,-0.07163588444183513
2016-09-12,-0.019213795902774555,-0.08910439276716989,0.0,-0.06723485417818878,0.0,0.009939644323210792
2016-09-13,-0.04501421337047255,-0.09854435943910947,0.0,-0.052997060669494306,0.0,-0.0382752760405963
2016-09-14,-0.03944222635239433,-0.09501456355282549,0.0,-0.03572602983231222,0.0,-0.01529162068959711
2016-09-19,-0.02788797843762192,-0.09543770588505371,0.0,-0.028855181042191713,0.0,-0.02301129050536185
2016-09-20,-0.06628168553990092,-0.11877382125107865,0.0,-0.05431601912951373,0.0,-0.07528084731826082
2016-09-21,-0.0791347518112498,-0.1369895762324233,0.0,-0.06331860918149851,0.0,-0.11189708026815567
2016-09-22,-0.033382336632027214,-0.12361449803637545,0.0,-0.07661270248094093,0.0,-0.029559419491595174
2016-09-23,-0.04436611269618015,-0.12586546720209643,0.0,-0.09795695488665657,0.0,-0.05188636821662482
2016-09-26,0.035131100232367464,-0.0715134253987191,0.0,-0.06980812713907547,0.0,0.016929810954731547
2016-09-27,0.03496186371360953,-0.048969619464913634,0.0,-0.03726284431863056,0.0,-0.003152690355133968
2016-09-28,-0.013728699424047298,-0.07624632384942782,0.0,-0.05521068293714973,0.0,-0.0549722635127941
2016-09-29,-0.011594199237969371,-0.07303618838363866,0.0,-0.04067410684129453,0.0,-0.05496147575426427
2016-09-30,-0.022349075618987888,-0.07572387092805308,0.0,-0.05023619948256791,0.0,-0.06970688580346705
2016-10-10,-0.03602876951468731,-0.05502577988239123,0.0,-0.042894134080569246,0.0,-0.03599193987859241
2016-10-11,-0.06390239804816246,-0.08897084801635563,0.0,-0.12313641478535699,0.0,-0.06913510219535987
2016-10-12,-0.05872295922597745,-0.1159477542031155,0.0,-0.12378700966765747,0.0,-0.08386549815466351
2016-10-13,-0.0657060139915487,-0.12378030756100765,0.0,-0.1318543779838797,0.0,-0.10122165027193619
2016-10-14,-0.0624761001235874,-0.10785646601399712,0.0,-0.1070723697426926,0.0,-0.1213516751902817
2016-10-17,-0.011187888717792447,-0.07290435452847349,0.0,-0.07311372497163458,0.0,-0.06379176521418792
2016-10-18,-0.019277428333703016,-0.07147028057303273,0.0,-0.04267207856179558,0.0,-0.030282532477352717
2016-10-19,-0.061407773619074395,-0.1250864305091037,0.0,-0.07312939222715328,0.0,-0.06688293000166351
2016-10-20,-0.08460922615066385,-0.1497876601229818,0.0,-0.08405206740718267,0.0,-0.10818894283451316
2016-10-21,-0.06227522821151759,-0.12235105331732644,0.0,-0.08015711022933374,0.0,-0.07323672134358844
2016-10-24,-0.07474211587141981,-0.12391497376981425,0.0,-0.08337420941485657,0.0,-0.06027694171948513
2016-10-25,-0.10656708383818192,-0.14659976916727538,0.0,-0.1216406040031867,0.0,-0.1016165362817068
2016-10-26,-0.09023718536879538,-0.1280667084456259,0.0,-0.09117313405999178,0.0,-0.06158921025066839
2016-10-27,-0.0906374726509863,-0.11144731969390485,0.0,-0.096532313874257,0.0,-0.09606431030910967
2016-10-28,-0.07420043569485331,-0.09139629438427614,0.0,-0.05732903156529837,0.0,-0.06227524987926051
2016-10-31,-0.07302583283761432,-0.11247945616608927,0.0,-0.043669451323895596,0.0,-0.10961253795804049
2016-11-01,-0.08391193142540444,-0.10133464030788654,0.0,-0.030579138140241637,0.0,-0.08588180307054608
2016-11-02,-0.04491709905559871,-0.0888324150320012,0.0,-0.023611601751134397,0.0,-0.05226184053489842
2016-11-03,-0.06993237744907259,-0.08829225300279922,0.0,-0.02491439187691161,0.0,-0.04144059439311394
2016-11-04,-0.08286631085031021,-0.10731311541299303,0.0,-0.03636206676695452,0.0,-0.05298579509686325
2016-11-07,-0.08530251119879083,-0.09724199817053122,-0.09403427069251959,-0.01947884842399053,0.0,-0.0640210877354685
2016-11-08,-0.0810353082568595,-0.09134878983190957,-0.07911404575119722,-0.023599299906085235,0.0,-0.05954189265095425
2016-11-09,-0.06609411340190512,-0.06646557598799539,-0.06628578912141078,-0.007009160480886909,0.0,-0.05028159750903754
2016-11-10,-0.07191611930021037,-0.06907522874605043,-0.057922854403126556,-0.012784671490112726,0.0,-0.035965460398281676
2016-11-11,-0.07279792842509504,-0.07410109210311515,-0.07435534302355155,-0.006872553074469628,0.0,-0.047526518568900805
2016-11-14,-0.08267926723886289,-0.08293815443043207,-0.09076633858937866,-0.02087988994254271,0.0,-0.0758134568620934
2016-11-15,-0.09768059675404993,-0.09376751942905545,-0.08117550940176609,-0.04665842022423189,0.0,-0.10229581590309995
2016-11-16,-0.12270759238935956,-0.11682287956009113,-0.10113302263155277,-0.06786845280850629,0.0,-0.10973646624822293
2016-11-17,-0.114501857742391,-0.1146082918788413,-0.09019885482758686,-0.046092638351398284,0.0,-0.10032044111929082
2016-11-18,-0.08119221556608774,-0.09167430647302663,-0.0876015135070694,-0.023997623045073378,0.0,-0.09656808859621967
2016-11-21,-0.07942947777179864,-0.09651709914520408,-0.08406209202642045,-0.004190453916541279,0.0,-0.06234002394135564
2016-11-22,-0.08130667789038848,-0.09148521247297363,-0.0649906726410998,0.005124411709238919,0.0,-0.06469744910509886
2016-11-23,-0.09335400859246278,-0.08843383081844854,-0.05927471881661567,-0.0029337671796217327,0.0,-0.08723657762431554
2016-11-24,-0.08909805183592612,-0.0930557043913462,-0.04051638809632131,0.012127809934584668,0.0,-0.06967572589489028
2016-11-25,-0.08557193980224818,-0.0810681937658802,-0.05726431720333069,-0.0025436859286325246,0.0,-0.06357262822409819
2016-11-28,-0.10290773906845324,-0.11321409586784391,-0.07953650112140508,-0.035959939905106444,0.0,-0.08718356015227018
2016-11-29,-0.08213657150456113,-0.07408745129344124,-0.025908621910007836,-0.016209186410697504,0.0,-0.08815937602587617
2016-11-30,-0.06664822883895322,-0.06984920072255062,-0.03893350791886969,0.0033599229747282274,0.0,-0.03320098637527321
2016-12-01,-0.07351871139068973,-0.07110627473009988,-0.038719663338072044,-0.04659102085418319,0.0,-0.03895514912589844
2016-12-02,-0.044370787276556994,-0.019292084100957504,0.01380521532668168,0.0010212460602734305,0.0,-0.014133732307395576
2016-12-05,0.005292549721177263,-0.010450740424437686,0.029994971806056193,0.03489913351053866,0.0,0.016625073402464087
2016-12-06,-0.014447542405933628,-0.048969588279748656,0.018178801336259858,0.045418929412786774,0.0,-0.018680510656539098
2016-12-07,-0.035409393841608336,-0.028211249768789155,0.019848854699536025,0.03645516046717686,0.0,-0.011605155836245464
2016-12-08,-0.046826502386413726,-0.039719302794718685,0.01880932783312421,0.046356122225143834,0.0,-0.05324332791378065
2016-12-09,-0.03375889465935114,-0.05247258920929629,0.012379096726182821,0.06766213199708968,0.0,-0.02020772187915333
2016-12-12,0.027414062938406702,0.04191036013163612,0.11513534157609294,0.07399861742359086,0.0,0.04264689557867114
2016-12-13,0.028642315567069095,0.061414357442311746,0.1112669857076558,0.10278883414478404,0.0,0.027760694807706255
2016-12-14,0.04043858074637511,0.06280497493640687,0.11008786046556221,0.10274273823975158,0.0,0.04882227404576131
2016-12-15,0.060096203092866465,0.06439464737683995,0.1116622896899997,0.12722575138539324,0.0,0.06609759946704019
2016-12-16,0.03696113524857358,0.05643933071430257,0.11611825968010488,0.1117803814598042,0.0,0.03479772236360253
2016-12-19,0.033708143009735875,0.0028381305610475638,0.05709447712964908,0.08471156509168445,0.0,-0.011032290408275155
2016-12-20,0.04152265787923157,0.006579744161102118,0.0506755937772477,0.07640779010213689,0.0,0.01536872896978889
2016-12-21,0.04995469102731396,0.011429354213219348,0.06939860472958322,0.07082551556131837,0.0,0.0370121677051529
2016-12-22,0.021410003644427043,-0.0036373040475383154,0.03213148872492148,0.05784250549346436,0.0,-0.019422364164410354
2016-12-23,0.048353515053371654,0.039826564880043824,0.08609913519025426,0.0820251406469624,0.0,0.03840455229080346
2016-12-26,0.0446290438551694,0.033238721370723236,0.07080064480552807,0.10554763435284174,0.0,0.01514605531555327
2016-12-27,0.011646859600936059,0.003564866791911127,0.03881205036943676,0.06477962036139046,0.0,-0.021744099499245773
2016-12-28,0.03365648391043023,0.017902397098005292,0.04958735781524627,0.08509456323124738,0.0,-0.010296108317067046
2016-12-29,0.032867754570196195,0.03656280127637327,0.057311411008857685,0.08966364663043375,0.0,-0.016437412772053055
2016-12-30,0.015472227801348673,0.0102704188565228,0.019214540978783494,0.0640990935523456,0.0,-0.021004688535512187
2017-01-03,0.03361471301118959,0.02476058730226217,0.016292000578920836,0.018932647732617963,0.0,0.004883867004192057
2017-01-04,0.016437584035888252,0.04880983401631783,0.050546585476110566,0.06563533252651503,0.0,0.004079054530243423
2017-01-05,0.007110315194485791,-0.011189877412187226,-0.008111414133440976,0.002446191309594239,0.0,-0.028383057879205947
2017-01-06,0.02119714314098612,-0.009666147016669268,0.005691029232305982,0.016235767286356253,0.0,-0.02329520408146425
2017-01-09,0.022175080215065285,0.021395261426272044,0.011511959025045202,0.028992920292253116,0.0,-0.01515388673676959
2017-01-10,0.011709601127686218,-0.01714367126201004,-0.01950328392239933,0.03505423456525807,0.0,-0.03727332714633254
2017-01-11,0.0409296908183475,0.0246437261322138,0.013082530762583457,0.057783991485963554,0.0,0.0005632483626542734
2017-01-12,0.04658387759010346,0.04144003557602408,0.026291755044689332,0.049706076272228554,0.0,0.018686237264235843
2017-01-13,0.035862949657199814,0.06403479894422551,0.0600283020995375,0.07113447273221703,0.0,0.0126106330632391
2017-01-16,0.02992250627143723,0.09751034389347074,0.10192764946656784,0.08251298023595355,0.0,0.01885554194393719
2017-01-17,0.01530334402187571,0.10231676144541722,0.10477655918912983,0.10281519379012521,0.0,0.009565609237417614
2017-01-18,0.002593351140678494,0.06573981829724432,0.08432712221501891,0.08565049915042705,0.0,-0.009022690438489894
2017-01-19,0.006720873971209657,0.06562679303768217,0.07280478868071492,0.06218468400994164,0.0,-0.030330294259340158
2017-01-20,-0.006208895186889436,0.08498333654490761,0.09057519211580775,0.09309001640589229,0.0,-0.022310922431192454
2017-01-23,-0.03120405962322295,0.046824160986858515,0.05816416276408995,0.05040492730189066,0.0,-0.05939693603572889
2017-01-24,-0.038401099556479974,0.003069350525496492,0.03628894239665447,0.06613946068264354,0.0,-0.05838494295945165
2017-01-25,-0.04984443179582437,0.002287338350689607,0.025835230607086885,0.05396894592395527,0.0,-0.06984112417404031
2017-01-26,-0.05388317236846033,0.005339934274442186,0.029870281846473563,0.042985561477783596,0.0,-0.07961477475383627
2017-02-03,-0.03430820388574462,-0.024317562398641843,-0.0058959588610555036,0.02649579989578635,0.0,-0.05272753515986352
2017-02-06,-0.03430931827175709,0.019776359417410898,0.035887123769891796,0.06063164906354697,0.0,-0.05096409715069605
2017-02-07,-0.02642717988068066,-0.02587167208146885,-0.013459562598986003,0.025088725123126744,0.0,-0.057220465308131664
2017-02-08,-0.023214114386672022,0.008786054774131342,0.02582064196396032,0.029408336794256352,0.0,-0.04879124089392187
2017-02-09,-0.022896920261150627,0.004395226695908773,0.030419419717507626,0.010679651222067247,0.0,-0.034711099137170354
2017-02-10,-0.03455445600706323,-0.032196437557150424,-0.012217838189589443,0.007507848036247947,0.0,-0.042184018719336094
2017-02-13,-0.05177423246781615,-0.018951230355668924,-0.0013461913492680872,0.020934819781327222,0.0,-0.05072716561054722
2017-02-14,-0.06684262509694669,-0.046670907006739176,-0.033813592133582475,-0.0058727179093765805,0.0,-0.08060859540751397
2017-02-15,-0.033103760161496305,0.004077194271456365,0.004640660787363114,0.034452634313837716,0.0,-0.05667109245758545
2017-02-16,-0.04105019560649027,0.011131060708102603,0.008703034981718798,0.02843100048156942,0.0,-0.05831053743328999
2017-02-17,-0.01019462304622742,0.0085699806528354,0.011678968577657666,0.03298635382383524,0.0,-0.03130257938899795
2017-02-20,-0.043840224997672685,0.023511190014700915,0.016281254610816004,0.039000784869031496,0.0,-0.03899250798071825
2017-02-21,-0.060709347072085834,-0.0004377224315827294,0.020943656156714795,0.058909346113512034,0.0,-0.07974947363852751
2017-02-22,-0.07352105066736474,-0.016557369740968327,-0.014609499459819734,0.0009194165816136587,0.0,-0.0778635489676382
2017-02-23,-0.060639356365402464,-0.07105732087641169,-0.053844090068125496,-0.005417343746112117,0.0,-0.06718324178684172
2017-02-24,-0.07228391457644288,-0.09182668714078952,-0.05970336128537972,-0.005681829093999539,0.0,-0.0849475750079392
2017-02-27,-0.03474680259728814,-0.04767363226430317,-0.02590891129195701,-0.020940694900006225,0.0,-0.03337932588067553
2017-02-28,-0.04564607835599581,-0.0632667292772775,-0.049432672641561044,-0.029857606140769023,0.0,-0.061376868478361796
2017-03-01,-0.04951580354769159,-0.06292779640304616,-0.06457147617654029,-0.01849993338106622,0.0,-0.07845890292696837
2017-03-02,-0.021510929497429627,-0.05893359261733682,-0.048346119696472796,-0.01281332781482161,0.0,-0.045847661759566116
2017-03-03,-0.0331660505547029,-0.05295533761909375,-0.04156213008407376,0.008887380049352014,0.0,-0.05833306279097072
2017-03-06,-0.048489171846168654,-0.04919742045240505,-0.021829392661732457,0.006841392173880457,0.0,-0.07484718158572988
2017-03-07,-0.06708354901768464,-0.10564907134760987,-0.06381761825672529,-0.046017984491984104,0.0,-0.0940861672548087
2017-03-08,-0.06284619854827699,-0.08685268307147452,-0.057037756229709746,-0.047395457069977304,0.0,-0.07388473301383108
2017-03-09,-0.03736807830157113,-0.045708254156552164,-0.03880505171943168,-0.04008681546848392,0.0,-0.027098972759748204
2017-03-10,-0.04475795085145687,-0.06681245314128842,-0.056858224315348885,-0.04473198671345695,0.0,-0.03073770793203518
2017-03-13,-0.05740969047532919,-0.0303594168510628,-0.040691136173953646,0.0024722253678354884,0.0,-0.020997074670318666
2017-03-14,-0.06100373479177684,-0.08088584503160251,-0.07632125195010761,-0.030623574588305825,0.0,-0.06366012385300147
2017-03-15,-0.07535643699522132,-0.08784497121725471,-0.08049057132105059,-0.03894207894888908,0.0,-0.0655079746856825
2017-03-16,-0.0894479357431812,-0.05986759736936595,-0.037590397376289594,-0.05233931628578723,0.0,-0.08507925698966273
2017-03-17,-0.050727516119536055,-0.04919412955323365,-0.045955370695723044,-0.02775352763562365,0.0,-0.02410985897154934
2017-03-20,-0.042822846699766465,-0.06437619943718585,-0.05223839724304799,-0.04606834606504218,0.0,-0.04039732063062964
2017-03-21,-0.0652891403999289,-0.07270089008780885,-0.06800503223459953,-0.03401893808236942,0.0,-0.04377185218665347
2017-03-22,-0.051260321832224925,-0.0646067216926056,-0.04745774506807121,-0.0238083157432045,0.0,-0.03808051245482302
2017-03-23,-0.0501506674055232,-0.06476513238765043,-0.08211932693796743,-0.0202369580777791,0.0,-0.04013517407222848
2017-03-24,-0.07208273802485848,-0.06881528569678307,-0.08042606245078085,0.004262535946747411,0.0,-0.0538220028705895
2017-03-27,-0.07279382459213268,-0.08167307580995138,-0.08189022231963906,-0.012678239360108002,0.0,-0.051988486865377985
2017-03-28,-0.07493497149674984,-0.07548134383356979,-0.07563875590360121,-0.026934473258628678,0.0,-0.05606257905145994
2017-03-29,-0.07429843679082364,-0.06227549573217686,-0.047871151828180865,-0.0003161925914634378,0.0,-0.052641557124917596
2017-03-30,-0.024236725209064038,0.014333108424134053,0.03533088993097827,0.03869681867598979,0.0,-0.006831104077546184
2017-03-31,-0.032764794148904854,-0.008276347519574121,0.01986316945229903,0.03463795747165305,0.0,-0.01823735719166277
2017-04-05,-0.029357747095073217,0.006645867218568396,0.03975596506807081,0.03402492112051602,0.0,-0.042506974062311575
2017-04-06,-0.054188494936491964,-0.04372583621770167,-0.0022743458269583127,-0.019556012029717348,0.0,-0.07312756346545352
2017-04-07,-0.06066059605234536,-0.030068325728666384,-0.03619078543919095,-0.01786588832732707,0.0,-0.08483494914644535
2017-04-10,-0.06276486078931197,-0.05565044081092068,0.013237117791579442,0.008021178664477373,0.0,-0.11073248424223547
2017-04-11,-0.05360328342000904,-0.02393361733797829,0.010871102100186054,0.01280986246049328,0.0,-0.09344132451125758
2017-04-12,-0.033923998979409925,-0.042615720446813124,0.005950666246021504,0.029071881919380635,0.0,-0.09016269316421474
2017-04-13,-0.058663516139157525,-0.03224907458488519,-0.013820375887800735,0.04898314298902728,0.0,-0.08054168443616437
2017-04-14,-0.0011929044581296309,-0.0030606764883130896,0.026159007126907847,0.03915690326930533,0.0,-0.012677187003893775
2017-04-17,-0.012270494269041646,0.023935407915743643,0.056391069530850504,0.04343390829318438,0.0,0.008585672614663644
2017-04-18,0.013313521238841289,0.014551209456171017,0.06355479321722615,0.07074077200738248,0.0,0.011069176169350263
2017-04-19,0.026375674676688273,0.03988539705614159,0.0733946741082401,0.06279957755125118,0.0,0.025204766541833526
2017-04-20,0.03263109800822604,0.0011294435616389052,0.060102981804455405,0.052327327429642,0.0,0.03224866317919577
2017-04-21,0.005263466975972998,0.010635162226100987,0.05357218145792934,0.05655475389932971,0.0,-0.0009051811272953915
2017-04-24,0.06144019508445549,0.06582193525540381,0.10211793423769362,0.05514118027924303,0.0,0.06327153785211635
2017-04-25,0.03976689487184955,0.05587665059441568,0.08817835295312235,0.05742610498623235,0.0,0.05307298090115095
2017-04-26,0.012580505572422488,0.04586895585962669,0.07839007715686547,0.03201610088203817,0.0,0.01976237413913643
2017-04-27,0.015812799095476972,0.05369143970437316,0.07970490287574457,0.07709465455720566,0.0,0.04563343841883662
2017-04-28,0.02050177872545661,0.045146619584639565,0.07843172027232452,0.039883121347758094,0.0,0.070145522642555
2017-05-02,0.010080367354170882,-0.016630751161911782,0.006978692636869116,-0.02234787463429334,0.0,0.06068091609687212
2017-05-03,0.03817484579313112,-0.004727925797313754,0.008694964120876064,-0.007498393676619997,0.0,0.08364463858121102
2017-05-04,0.04581790905786391,0.009567643017804155,0.015309429249988847,0.003593894740256282,0.0,0.0700444961237682
2017-05-05,0.06137192694349736,0.06372188598740279,0.0866275039892902,0.05384480266378338,0.0,0.09122914604842387
2017-05-08,0.09313641113330105,0.08644127943954366,0.10791507970609152,0.0915801471385512,0.0,0.11830161340705343
2017-05-09,0.06846721547737995,0.079510773555051,0.09219123497797016,0.09435427243355544,0.0,0.09041517816951312
2017-05-10,0.07353842424028692,0.09278339918798409,0.10074192212569921,0.0900225522130253,0.0,0.09966370954401761
2017-05-11,0.08374181831059123,0.08023405060675208,0.11556954230626078,0.0762478186977289,0.0,0.11054937696415826
2017-05-12,0.05315810590653966,0.07210644768455851,0.08793294201542506,0.06467752482913029,0.0,0.09978757498727965
2017-05-15,0.02179845711634519,0.0686024350439988,0.06323987804357768,0.029783339568830638,0.0,0.06626432765239663
2017-05-16,0.023321641071723073,0.09650473610801658,0.10843689975776777,0.08098428412912856,0.0,0.06565930255897308
2017-05-17,0.0037268938954604343,0.04638073678745458,0.06550586007460403,0.01940283846506563,0.0,0.021317204266505956
2017-05-18,0.008923776526671525,0.06947399624823812,0.07034698580092562,0.013639142398735843,0.0,0.03252236054349258
2017-05-19,-0.010229533340137136,0.025618573829795235,0.03576932888231809,0.004574412897894517,0.0,0.021206930988941143
2017-05-22,0.01565846744637002,0.07804281556605369,0.0748106666979126,0.0377948204865416,0.0,0.030128087422246565
2017-05-23,0.020270722105397057,0.10909843822481198,0.1107081218097171,0.08346789770750271,0.0,0.043014284381769526
2017-05-24,-7.619282307810942e-05,0.10461670806663514,0.10228457320989111,0.09939555701365343,0.0,0.03800437617092042
2017-05-25,-0.004512898621586366,0.09967468113656662,0.10081921384035825,0.06641824035348508,0.0,0.043046775492289704
2017-05-26,-0.03479515456879809,0.06437118187645792,0.05500480165859533,0.0640606445974296,0.0,0.008753861226058325
2017-05-31,-0.035075924982823,0.05984483204415461,0.05362505703079438,0.04515215716020632,0.0,0.000635102787054963
2017-06-01,-0.07130364423324889,0.10211053510880104,0.09989397980024181,0.08294764844191743,0.0,-0.001211253908608417
2017-06-02,-0.05354118232975944,0.11119271120248962,0.10069720256697828,0.08615766548013198,0.0,-0.011567644861087372
2017-06-05,-0.035451880332393514,0.09128320624919839,0.08316596459486936,0.07116452185366835,0.0,0.002760884538966615
2017-06-06,-0.04203364591105767,0.07450668298663266,0.06987948327527031,0.04429992933534996,0.0,-0.0034958980476937082
2017-06-07,-0.05247913184235144,0.094628187129342,0.09283620223786088,0.06536537855648811,0.0,0.0017426851281569637
2017-06-08,-0.06659499512002783,0.028504390041149182,0.0365010520335895,-0.022882089840709868,0.0,-0.03116088443857172
2017-06-09,-0.07709025423468743,0.029361894126266982,0.018493800380921604,-0.022446164488974865,0.0,-0.06311630210405061
2017-06-12,-0.07138827293805944,0.05336784373788035,0.053682327425250365,0.010395439556563751,0.0,-0.050088699105873324
2017-06-13,-0.10086823863088379,0.06809943312754288,0.047138590891739454,0.02898793715561628,0.0,-0.10131590647805533
2017-06-14,-0.04636038593440088,0.021735782062294092,0.014867171379163466,-0.017583324363267774,0.0,-0.03142178718504861
2017-06-15,-0.04881441206072485,0.0547954905237695,0.056493051052465375,0.03845311199656691,0.0,-0.023816161734771496
2017-06-16,-0.06609602104861065,0.010792693611266276,0.014480528755558053,-0.026670498739608375,0.0,-0.025232605156661064
2017-06-19,-0.06416473066432454,0.023247527081534713,0.007143708448804759,-0.04225704597174314,0.0,-0.038425770454656415
2017-06-20,-0.07867249191532033,-0.009868414412910389,-0.007609335147455345,-0.05276801842659933,0.0,-0.05095318495717882
2017-06-21,-0.08814440838868134,-0.008308299679948795,-0.032958039798115395,-0.049666043614052434,0.0,-0.0677541322276171
2017-06-22,-0.07105471753961855,0.03923335911851611,0.034401002529157045,0.003566298256472385,0.0,-0.05511569904666089
2017-06-23,-0.07857160736237752,0.03953622797265262,0.015332610899221345,0.013820457669988474,0.0,-0.06815586990947776
2017-06-26,-0.07823762273366841,0.05766112844952942,0.04428088154459324,0.004540477763741074,0.0,-0.08669790970839092
2017-06-27,-0.13231620695702903,-0.013347729975812057,0.003577079748540687,-0.03882325461918882,0.0,-0.12825485060179395
2017-06-28,-0.09873434320243292,0.009368501685834375,0.005430850207752996,-0.01995728935162483,0.0,-0.09766136253091791
2017-06-29,-0.11831979897923668,-0.00047322082793118525,-0.01525627935788297,-0.0381534473665539,0.0,-0.11052138976341846
2017-06-30,-0.1200692556276569,-0.0008548937746206443,-0.03623193183519009,-0.03888237515992349,0.0,-0.10767956605197311
2017-07-03,-0.03211222508323069,0.0006309132040110909,-0.016062728538105968,-0.04263057162418019,0.0,-0.08364522765150245
2017-07-04,-0.004791255699983708,-0.006199681930675464,-0.038721270371383676,-0.07481147313359138,0.0,-0.006949066439843724
2017-07-05,-0.0030823645728395854,0.0024493622997130873,-0.02290080814729866,-0.07812299169795173,0.0,-0.03416898048161109
2017-07-06,-0.05931455328653056,-0.010306083534531763,-0.031656733402801056,-0.07229221798526578,0.0,-0.08834227035176188
2017-07-07,-0.05520964347573239,-0.010815051649997407,-0.046191555984740916,-0.08246593851146135,0.0,-0.11410819608863312
2017-07-10,-0.038978846633779776,-0.017431567047025427,-0.03362949239000289,-0.004141818758019931,0.0,-0.06335652349939058
2017-07-11,-0.01580537293630283,0.034080368302146884,-0.0037961433024353516,0.00847042551569287,0.0,-0.042859218720457976
2017-07-12,-0.018356305650416755,0.005587627079756692,-0.02353895321078911,-0.0055094342412271395,0.0,-0.010585330713139886
2017-07-13,-0.015524996137056244,-0.0048022423585489535,-0.05291514375306239,-0.007232735038207852,0.0,-0.04092998401964493
2017-07-14,-0.05593688925041251,-0.016251124359097396,-0.04282139943497456,0.04332638220580457,0.0,-0.052764546315465656
2017-07-17,0.027521717863764228,0.0985630160080559,0.09176919067132598,0.0973768044811617,0.0,0.034898632314671184
2017-07-18,-0.019073307697590913,0.0957750529874408,0.09066917700189563,0.0956884616735781,0.0,-0.0409244041903126
2017-07-19,0.006358723182868326,0.08869613189767367,0.08164456555943697,0.09686777207827153,0.0,0.018299469953718478
2017-07-20,-0.029454467556982084,0.05942263555760289,0.0619336252278827,0.061226831952175514,0.0,-0.03870397100775918
2017-07-21,-0.02696174693560889,0.05182102576756149,0.03359898523020902,0.059967253539930765,0.0,-0.06404999003616199
2017-07-24,-0.041327010693502225,0.02333228563086784,0.017696185275245815,0.04977290224696078,0.0,-0.05831936783384861
2017-07-25,-0.017395950603454172,0.002638849833902504,-0.008920221765649992,0.027778335273501473,0.0,-0.05096275594199228
2017-07-26,-0.0069152401570423795,-0.010549892106965652,-0.028580975451153196,0.04528601991072567,0.0,-0.013279199623454828
2017-07-27,-0.010602458042382334,0.003718474027083678,0.020353027874108014,0.08069289923829447,0.0,-0.055245245283681924
2017-07-28,-0.04164389341273272,-0.02961520119746446,-0.026700191756548322,-0.006074355804780011,0.0,-0.05067009369551147
2017-07-31,-0.017992435571246697,-0.005705674061282803,-0.0015151266088324592,0.009159764176685998,0.0,-0.05951679435346921
2017-08-01,-0.017341118038029592,-0.04317157999225343,-0.043026189720795235,-0.012193845845480316,0.0,-0.04426125676818072
2017-08-02,-0.028551455643066076,-0.023417872601366744,-0.014105233737173432,0.02691721867544431,0.0,-0.046499391228774944
2017-08-03,0.025114438763358615,-0.03382612899994228,-0.012312966321755974,0.05164283832754653,0.0,-0.0019977458377465444
2017-08-04,0.02336631959773412,-0.005018757107030822,-0.01689451480449869,0.04244812057846981,0.0,-0.004367692125741606
2017-08-07,0.006374939797005661,-0.002216179500193305,-0.015088490818077453,0.04437084355407678,0.0,0.0060891795031812
2017-08-08,-0.039843714081868126,-0.05594437887416586,-0.03396015330531971,0.04762443712603652,0.0,-0.026988529873417197
2017-08-09,-0.05235229377928348,-0.0386378291027034,-0.051469627574779644,-0.018604552532568697,0.0,-0.019727753175396892
2017-08-10,0.001647442242151306,-0.02015674505149168,-0.02185664736674648,0.015235068576006107,0.0,0.0005218262646622993
2017-08-11,0.07889910924876985,0.039701317262838015,0.024869938391229765,0.004174710200694956,0.0,0.0996514693430351
2017-08-14,0.047345641270301914,0.028794471841197208,0.03320931083015049,0.026796143266408962,0.0,0.058406453199931097
2017-08-15,0.004464650796736783,-0.016369210034277753,-0.0029490138474515424,-0.03930364073887866,0.0,0.03761663551407129
2017-08-16,-0.001780080481166118,-0.02600451403672531,0.006985710384191148,-4.33005312256712e-05,0.0,0.013225976341235743
2017-08-17,0.006217504039370012,-0.018649090510705558,0.01646075252008915,-0.03785989004081869,0.0,0.032027788858188876
2017-08-18,-0.027513181553487732,-0.05048526725957924,-0.01924604857355428,-0.04387492702264771,0.0,0.013010659612707743
2017-08-21,-0.02382135829603814,-0.04526571257357946,-0.034019285353440384,-0.04849638466497478,0.0,-0.00021357912833629353
2017-08-22,-0.03651593053053216,-0.05641390025738954,-0.02880812415666602,-0.026790032408799697,0.0,-0.027423838972068966
2017-08-23,-0.04733373077309808,-0.02554004307678272,-0.015121934320694884,-0.026917752345600066,0.0,-0.015569884051552864
2017-08-24,-0.00039928163511941884,-0.018073372432273586,-0.015131524079966572,-0.021890354418006405,0.0,-0.002551929765769524
2017-08-25,0.010136843374145206,-0.005939753144871454,0.007220316624229116,-0.01485017849812953,0.0,0.04085103812866395
2017-08-28,0.012247854557556673,-0.01770662787944228,0.012395457322290056,-0.015644603125967133,0.0,0.016844286431631522
2017-08-29,-0.04235351438489351,-0.05152760201995591,-0.029353781866410224,-0.040926952004103095,0.0,-0.04031602393626991
2017-08-30,-0.05304848690983741,-0.0469006375509994,-0.046174736240079124,-0.058835018891814854,0.0,-0.05557606391749528
2017-08-31,-0.03668607534365321,-0.0831896749928314,-0.06257413239669925,-0.08164781872651367,0.0,0.0030064519644857537
2017-09-01,-0.04535117027003788,-0.062193292937117076,-0.037089531057484824,-0.05773834559953375,0.0,-0.016450161641635454
2017-09-04,-0.03995632452506621,-0.08412013458401961,-0.040865783102548764,-0.05380174217590675,0.0,-0.02412029407648919
2017-09-05,-0.07521200206780226,-0.10231208754082949,-0.07831285565487016,-0.09668516375358806,0.0,-0.04329757764164032
2017-09-06,-0.05805865422823125,-0.08691324144974483,-0.04766681388888832,-0.06874431059082294,0.0,-0.03350195855033033
2017-09-07,-0.030944660618665406,-0.07147497351275668,-0.06004580285817412,-0.07822988700672445,0.0,-0.028337282132926214
2017-09-08,-0.058163656998023075,-0.08196208068510248,-0.06665274647406848,-0.05766505944394839,0.0,-0.031418865108704966
2017-09-11,-0.05320153427008472,-0.05957970367414646,-0.04230915091706003,-0.0634478626187885,0.0,-0.013500876439482633
2017-09-12,-0.031031346165247106,-0.08606620365144745,-0.05568055942868491,-0.07015846476447367,0.0,-0.004767811063656022
2017-09-13,-0.06179057596756188,-0.08750536947959872,-0.06945665933018352,-0.07711565286115979,0.0,-0.05866825423580723
2017-09-14,-0.02614977979236434,-0.11004690102293219,-0.08381877552688861,-0.06385536592993872,0.0,-0.03908008362793658
2017-09-15,-0.06105428466579055,-0.07540553885427748,-0.0738754349435785,-0.07088239637526524,0.0,-0.040159425346847674
2017-09-18,-0.040019567671418885,-0.08431921801729575,-0.07596915729564291,-0.052447030521814514,0.0,-0.0358744524790251
2017-09-19,-0.020088717499658224,-0.08607306081140588,-0.08290531733252901,-0.05676876480298089,0.0,-0.01810858804698177
2017-09-20,-0.0380272084862442,-0.07992806041726354,-0.06649913435439829,-0.07163976247818439,0.0,-0.03409240369313595
2017-09-21,-0.066186425041575,-0.06485673178753938,-0.049304742878788756,-0.06530045705671224,0.0,-0.07476179864750816
2017-09-22,-0.06498807364130853,-0.06242776083605315,-0.05941216402961896,-0.06812510249592453,0.0,-0.05045324870711065
2017-09-25,-0.004692161241694635,-0.026088316890848978,-0.012199014783421377,-0.018655386114790437,0.0,0.013279835134500546
2017-09-26,-0.03886177866551141,-0.027996020456364214,-0.032639341264522254,-0.037941964948976725,0.0,-0.039220813416925106
2017-09-27,-0.04308167485804214,-0.010972090561196739,-0.019212683981529033,-0.029064489474051047,0.0,-0.022666848163745822
2017-09-28,-0.040393918439947635,-0.05613333374030412,-0.045092429682104126,-0.06720097195839618,0.0,-0.016924191876308677
2017-09-29,-0.008981643903008252,-0.052447387766463016,-0.0295168559320463,-0.053615378233754465,0.0,-0.004079323273683828
2017-10-09,0.007703010476014011,-0.06931931411212254,-0.030048246647818667,-0.0560437100179131,0.0,0.02591065766840747
2017-10-10,-0.02761168090198862,-0.08875447296352125,-0.03692617579580715,-0.0293091284511823,0.0,-0.028089421572733687
2017-10-11,-0.05239679809735055,-0.07388092443962059,-0.05094287605804997,-0.04427476730175887,0.0,-0.038356423759094094
2017-10-12,-0.07982258651431412,-0.07467747460191204,-0.06343431615703891,-0.07081396073199964,0.0,-0.09811954792475337
2017-10-13,-0.09080775103380143,-0.05940340431667253,-0.06372066477680725,-0.030299854111343283,0.0,-0.12009957803761594
2017-10-16,-0.06065518350953082,-0.016644406459383726,-0.031014215448830585,0.005624020578970816,0.0,-0.02626741051881957
2017-10-17,-0.07298024682337888,-0.037302419699752745,-0.030794858835149444,-0.023435878641595707,0.0,-0.04836221595359203
2017-10-18,-0.03424269840506465,-0.013601251717135119,-0.004430273557228586,-0.0069813494562136775,0.0,-0.01315125476354786
2017-10-19,-0.05664792620581943,0.0011088858342909976,-0.011805981893523512,-0.027692773979802562,0.0,-0.056771983549020556
2017-10-20,-0.06466327585312952,0.011581211288834346,-0.007566405814182742,-0.010864083553285171,0.0,-0.06404270929702889
2017-10-23,-0.06588106957075858,-0.010021880775407619,-0.017196737763077324,-0.03543115679354506,0.0,-0.08623686545135065
2017-10-24,-0.028590819628209915,-0.031161251437522505,-0.018822199210573563,-0.06427869924564705,0.0,-0.061548973920981576
2017-10-25,-0.05738309507319605,-0.037987967673832654,-0.03921283140400705,-0.05701963797262555,0.0,-0.08119893409760053
2017-10-26,-0.04518203679082147,-0.06891724584045858,-0.056879376692542144,-0.0996245875371828,0.0,-0.04215147009473835
2017-10-27,-0.04896757689970623,-0.0562439536876265,-0.04380505699286434,-0.06581218461790156,0.0,-0.05511912478064099
2017-10-30,-0.025254786308279847,0.03293824886646085,0.01985057765620074,0.011069728207452369,0.0,-0.018542620033039633
2017-10-31,-0.08119576562767805,0.02157962917836869,0.02911637624826325,-0.007373962687883058,0.0,-0.030914122886288364
2017-11-01,-0.04579882783981425,-0.016699956900481025,-0.006245706908280499,-0.04449864435867733,0.0,0.01638249650004869
2017-11-02,-0.07747393005868561,0.013114093555720727,0.008353679580515676,0.015069869409818026,0.0,-0.03345047676395153
2017-11-03,-0.05419624775789981,0.030582758586177445,0.038153195961931605,0.021420020302006817,0.0,0.025477217854824243
2017-11-06,-0.05124333816285558,0.035143156856664325,0.034740627492054324,0.008443775182713475,0.0,0.007806252015890115
2017-11-07,-0.013382321854101976,0.011326208403437772,0.017398856583838117,-0.014684614882092073,0.0,0.029826296027393697
2017-11-08,-0.025534386361743367,-0.015614913322017322,0.003697045734310267,-0.0227353128635103,0.0,-0.0143924461742437
2017-11-09,-0.045323609142043565,-0.02354195795892933,-0.023890792569594844,-0.01593372216011509,0.0,-0.04245615382544022
2017-11-10,-0.04111576224614382,-0.052150689883629725,-0.048269772974186075,-0.03509362356845657,0.0,-0.05133269605284174
2017-11-13,-0.0757786865092591,-0.07012072757320587,-0.06301057889220138,-0.08468085310161094,0.0,-0.023614560860251557
2017-11-14,-0.005442439367767739,-0.026923260949473723,-0.046758808763173676,-0.06468892898274951,0.0,0.010951146550031751
2017-11-15,-0.01544299979856475,0.013920709031907931,-0.01133430334812956,0.0060454558011337495,0.0,-2.559238150651569e-05
2017-11-16,-0.03584668200030609,-0.00449693803587095,-0.020269909209272026,-0.017147664799235754,0.0,-0.04105714073967673
2017-11-17,-0.02249650696132757,0.0767123844515282,0.07965708057423876,0.05967276777091406,0.0,0.013202401921841425
2017-11-20,-0.03608386364307551,0.08663466690644578,0.08404352257710498,0.050482573045538354,0.0,-0.02147837121278741
2017-11-21,-0.017001494307971522,0.05971611915835523,0.06138850142909619,0.001907071216954808,0.0,0.001608648634507508
2017-11-22,-0.04392385283650769,0.0393153212563133,0.038130700541021266,0.004861739410479363,0.0,-0.019206474643773595
2017-11-23,0.06325920883318212,0.09350574519145424,0.0806472135701201,0.07947961637949219,0.0,0.09842693669364129
2017-11-24,-0.008268349812470231,0.05695307594598242,0.07732009801972241,0.05993732907926785,0.0,0.03494892755306967
2017-11-27,0.03846146639212587,0.09173090193285095,0.09195738240876994,0.08550999627459552,0.0,0.06572364870869606
2017-11-28,0.00072480344877443,0.0967045771183493,0.09808224293318196,0.09234766138550202,0.0,0.03983172936155624
2017-11-29,-0.0032212785357318393,0.07018209406230115,0.07789138249803712,0.050620584687038984,0.0,0.06710511919537411
2017-11-30,0.047220500467730825,0.06662437338814975,0.06540000713819567,0.06154705535302929,0.0,0.07809297354464673
2017-12-01,0.022658841109149588,0.05506258183664409,0.05087123548671682,0.07598071499886959,0.0,0.07234671120862965
2017-12-04,0.024112414788842185,0.03853592982542073,0.053477552628369174,0.029944862537209984,0.0,0.04568933138402103
2017-12-05,0.04270992989876544,0.10814110073631596,0.11539473269904904,0.08122926906341138,0.0,0.0930205925054897
2017-12-06,0.04496370621167395,0.09497651168265471,0.12090055580400408,0.08252328192224662,0.0,0.09375053140282934
2017-12-07,0.06556203814152455,0.08724839715565985,0.08989783208002047,0.029291578576708884,0.0,0.10304323704353174
2017-12-08,0.036687390117869076,0.09197935766849401,0.08704664940721893,0.0395290771363454,0.0,0.07458090828469494
2017-12-11,0.022910056628356806,0.0689998149243524,0.06864012140589887,0.02385955199278395,0.0,0.07230635582425847
2017-12-12,0.044779524923738434,0.0525977421416506,0.06525617596904834,0.016801426224719127,0.0,0.08630164993258649
2017-12-13,0.028346037839286,0.048808249682161936,0.041355487930854445,0.001960856597126456,0.0,0.06783301980414988
2017-12-14,0.009692213591435876,0.0020205799916006343,0.010057081778517484,-0.0023211889485271215,0.0,0.029948788629488868
2017-12-15,0.062143337131524895,0.03282087430354612,0.005990711594574711,0.00895680090262407,0.0,0.08554063867873966
2017-12-18,0.03706238060709976,0.040600548426808256,0.005107635240728623,-0.018424327077174056,0.0,0.06165358740425495
2017-12-19,0.05489137700707239,0.03701437686790819,0.016061910133680524,0.018291279934600727,0.0,0.07731201938865451
2017-12-20,0.005388478225830079,0.03246195800152932,0.017292967144874227,0.019486148096796496,0.0,0.058921800021514086
2017-12-21,0.04492808065430994,0.03534604067887835,-0.0017310572453648112,0.0048037071674638075,0.0,0.08067102230624534
2017-12-22,0.004763050557201601,-0.016169414560163003,-0.002215247804065795,-0.010454399619870144,0.0,0.013830938924165544
2017-12-25,0.02416488615297121,0.03924257238882946,0.03635753836733468,0.04253478771833175,0.0,0.034663535724947264
2017-12-26,0.0025875305229692116,0.02513886147592258,0.04195491766129522,0.00431660652896214,0.0,0.038967373474467305
2017-12-27,0.08131115134732016,0.03234515474008361,0.030479228614841647,0.023239418061661892,0.0,0.0788495346342375
2017-12-28,0.05850633649035219,0.01994495509896169,0.02019107037748778,-0.0027847248106074246,0.0,0.05115336942840576
2017-12-29,0.01883990830479302,0.014854687380900365,0.04176220410414176,0.009036820834821003,0.0,0.039357115165937345
2018-01-02,0.05751392240912767,0.015121080617355967,0.020905211024715757,0.007182292001636229,0.0,0.07509724114999189
2018-01-03,0.04808705424992155,-0.004892837925032471,0.02524829161317519,0.0009094628097047645,0.0,0.03513524244544592
2018-01-04,-0.013970434023734303,-0.02747006210144273,-0.0011860109619874193,-0.0531651722149214,0.0,0.018120684357339798
2018-01-05,-0.02152038687061502,-0.06692535649953583,-0.037241455768413555,-0.06152085931522369,0.0,-0.008979720285402691
2018-01-08,0.007588120035808003,-0.053758905445095484,-0.04222811580146811,-0.07219592100929965,0.0,-0.009725006116959915
2018-01-09,-0.021293060743792135,-0.0765840945085645,-0.052058215539660516,-0.06729630246854897,0.0,-0.05705038518362912
2018-01-10,-0.04243304344968953,-0.03941863785609091,-0.04799060728296035,-0.0376392441920679,0.0,-0.04011780945182648
2018-01-11,-0.07200410704563007,-0.05721795908568858,-0.042742680751088724,-0.026493496910640593,0.0,-0.0702393938243909
2018-01-12,-0.0700153089656516,-0.06361062961124012,-0.051893149920673565,-0.01883804586403752,0.0,-0.042636517941326564
2018-01-15,-0.036736814360533845,0.04315016330225921,0.06862281417274323,0.06217332778316529,0.0,-0.005156182241511437
2018-01-16,0.002965356138837091,0.03155737101913906,0.046123927621830554,0.029483328111692592,0.0,0.032356511813380055
2018-01-17,0.005645337040873129,0.034604344895774825,0.03712163541262763,0.04824712807874856,0.0,0.006693135594040625
2018-01-18,-0.0042130837539704055,0.0021696277363654824,0.015463357763080424,0.023522403155910955,0.0,0.0026151119851995012
2018-01-19,-0.0015136692242487468,0.0029333778933266687,0.02070772367897293,0.023075347694091537,0.0,-0.021487047840970934
2018-01-22,-0.001464965305749418,0.014369084145260936,0.02321072300350294,0.056461650729795365,0.0,-0.025299328287726332
2018-01-23,-0.017039155156256106,-0.030358378578293207,-0.010967200300301993,-0.004265032092173681,0.0,-0.01388245920333168
2018-01-24,-0.04276701640573554,-0.02662170870908051,0.004120346861926401,0.03740089349331738,0.0,-0.04028790328298312
2018-01-25,-0.013176809923262462,-0.05746646413750181,-0.016532310285391767,-0.009534031853786944,0.0,-0.03048349013777193
2018-01-26,-0.035339997740523425,-0.07132643259093878,-0.037074629791089025,-0.023793323043837526,0.0,-0.02739938289216089
2018-01-29,0.029027900220885812,-0.00755662119952482,0.0015335236705806476,0.005352353031450621,0.0,-0.02504646872610064
2018-01-30,0.01210735228654551,-0.022292809032203167,0.0025537396690281993,0.034163810831784554,0.0,0.026349973702067153
2018-01-31,0.005976557070727052,0.06655663893196058,0.0853031484121109,0.08565484249213723,0.0,0.0019608270156752975
2018-02-01,0.030740295710683853,0.12249678283592745,0.14084106866182017,0.10853437938957039,0.0,0.029404408774218252
2018-02-02,0.016615993283484506,0.1018349218536019,0.12045121395914367,0.08637761256200414,0.0,0.021453675184472686
2018-02-05,-0.023285022598584584,0.07659408236783383,0.11145119381920898,0.09667592061635415,0.0,0.021877662592049735
2018-02-06,0.09965599473547426,0.13391632830931327,0.14036480766584766,0.14337254654967935,0.0,0.08881897297834002
2018-02-07,0.11115242798149516,0.09597333308086778,0.12262240218615009,0.13541653042331234,0.0,0.10264421500496704
2018-02-08,0.09356540570731105,0.11198094155307609,0.1491811110331782,0.13966578405959665,0.0,0.08284158640759216
2018-02-09,0.10800523386569448,0.1394012647367456,0.1561480305438165,0.14416492012269824,0.0,0.10881546453347163
2018-02-12,0.07803644348564598,0.1334608752272419,0.14821908590959268,0.12713199324430513,0.0,0.08595049116133222
2018-02-13,0.06966091353401993,0.09119143915074186,0.09651071169781592,0.06894091513642592,0.0,0.08507789241932888
2018-02-14,0.05157287429673212,0.07911297656553815,0.10629281781337073,0.07713402619492651,0.0,0.06061607178023135
2018-02-22,0.0408006804703938,0.10634138619954059,0.12275647431084216,0.0970676049735324,0.0,0.07191226248196894
2018-02-23,-0.0002470427296503878,0.04981467097717325,0.08970978321056178,0.05423466938593289,0.0,0.040306071294345824
2018-02-26,0.01926414896939519,0.06573268860979263,0.10726368772821948,0.08372913877485255,0.0,0.06173161633434815
2018-02-27,0.026177384139143407,0.041793476045949504,0.09438036087156598,0.05382448236331962,0.0,0.06871509223523661
2018-02-28,0.04046253564733485,0.042030779114626216,0.07276227190979144,0.04073579903980179,0.0,0.06258983046410527
2018-03-01,0.02979082744278216,0.05142871720694858,0.08072676320619583,0.048414698272412585,0.0,0.05553816920349935
2018-03-02,0.02095232142043043,0.024901113462794323,0.06271182943590584,0.038861047814291165,0.0,0.05457523909005815
2018-03-05,0.005465508918627704,-0.013955369980971659,0.039597436645733786,0.02743198941549912,0.0,0.044816386409484155
2018-03-06,0.03760095678086886,0.035299912495991535,0.049980075203343556,-0.0034533081308326715,0.0,0.08912099085720138
2018-03-07,0.031103329836314947,0.027428397575289695,0.028158142452197523,0.008428388297009952,0.0,0.06548163341090318
2018-03-08,0.036865750143323994,0.0023455546841517996,0.0021593373234816762,-0.020718816311276936,0.0,0.05345203320676809
2018-03-09,-0.010658431304441433,0.015406484145914903,0.04500438457984537,0.049830844707734356,0.0,0.012269888156867774
2018-03-12,-0.0038761156949794124,0.01859512139951891,0.06249376786614513,0.016236280434637484,0.0,0.028464722783581
2018-03-13,0.012841690907434387,0.0015515773749996097,0.045093023214784755,0.005961586297672981,0.0,0.034584469816484824
2018-03-14,0.0006600119541115668,0.01779525943461781,0.04307897204903195,0.025158385062056157,0.0,0.03642670653437193
2018-03-15,-0.007872920341985962,-0.007447540959228893,0.01240160870310973,0.006341423306289767,0.0,0.018146207914953794
2018-03-16,0.0122761526156636,-0.005902826850935276,-0.005811439786606573,0.0297484286444709,0.0,0.03513957400467037
2018-03-19,-0.0020592827832093463,-0.0397722609027541,-0.03420021919354012,0.02604465998995629,0.0,0.046068092870607424
2018-03-20,-0.01890516381907155,-0.03763604630111853,-0.04810832599230647,0.015450479240248545,0.0,0.029529455102011822
2018-03-21,0.016054923487714753,-0.030052761465633383,-0.02945222170373897,0.018114581503414575,0.0,0.040180751836322914
2018-03-22,0.04009705814272354,-0.02611815087222863,-0.045748791317436255,0.018750693147682476,0.0,0.07157742064956583
2018-03-23,0.1081030648540437,0.12447520335509794,0.07732401234824204,0.08373592782338492,0.0,0.1176047907895883
2018-03-26,0.05555551281328447,0.12001606437780704,0.0880673514925453,0.08180870449298656,0.0,0.07431142909863096
2018-03-27,0.05008316280314406,0.09640866371214708,0.07400763352995254,0.050600559997032085,0.0,0.07199193565804243
2018-03-28,0.0688880280002309,0.08941479915805861,0.05494148417786457,0.019550658087264007,0.0,0.07059994908934504
2018-03-29,0.06147357870073098,0.055934917717412526,0.026909363078865874,0.003694190724200526,0.0,0.0871062298134881
2018-03-30,0.007440682437649285,0.03040712520592046,0.018427409951568496,0.011850190196121081,0.0,0.020806492947106892
2018-04-02,0.024469890709353702,0.007879159572413716,0.02528402432273244,-0.034517519459120134,0.0,0.020445454932920888
2018-04-03,0.03881647466953978,0.043759260268657785,0.02749223195095182,0.0053648721276330765,0.0,0.04435680861869671
2018-04-04,0.029589066039817986,0.04167624208724016,0.018080875956967227,0.028251655306684317,0.0,0.0349107728927127
2018-04-09,0.013875290802347465,0.018245199006336386,-0.029865466909979717,-0.0013104767733867755,0.0,0.04998539780114303
2018-04-10,0.050170977175219456,-0.003060745183011442,-0.046310845363724984,-0.0025819045138559026,0.0,0.07488384180211578
2018-04-11,0.020705588288712728,-0.022393870833044466,-0.0235552084299155,-0.014408939123320344,0.0,0.05457908850943463
2018-04-12,0.038806949361366104,-0.013166573469903792,-0.03264249195528385,-0.017598670728440586,0.0,0.030689490876161393
2018-04-13,0.05741550594383224,-0.021955779580127382,-0.07696381369871241,-0.041557548976249886,0.0,0.03527694075020771
2018-04-16,0.06184692136925939,-0.026715119317097264,-0.08967252208473671,-0.021287720345057562,0.0,0.06006118556605383
2018-04-17,0.04943322899808609,0.05631078302038707,0.04223562343869143,0.04109504127328156,0.0,0.06722407577871513
2018-04-18,0.042295056334079435,0.06264510677239377,0.05244522201522266,0.04899649918365761,0.0,0.04798026253489317
2018-04-19,0.04912744378974654,0.0342065071895977,-0.0017097038161867932,0.0010576208369370264,0.0,0.04622403435008118
2018-04-20,0.046218111505280345,0.06682596331169977,0.05025238406427051,0.045867227669883145,0.0,0.06369240688010562
2018-04-23,0.026361499212893786,0.06110474422220688,0.033708488393040505,0.06011811636557405,0.0,0.04657059627175853
2018-04-24,0.06020127637150579,0.06555940683917837,0.04506402152547081,0.04965825977740473,0.0,0.07242904826022405
2018-04-25,0.03617120629743982,0.002275839803857073,-0.005708427944849691,0.022185488687174775,0.0,0.02001072395880115
2018-04-26,0.07925765340084606,0.057293686255236266,0.03157725570570429,0.03888159417828476,0.0,0.05502042384496874
2018-04-27,0.03643405356056844,0.029363298978269288,-0.023181545214347156,0.028046010532695155,0.0,0.034506120284406624
2018-05-02,0.02543495191941025,0.0128150850354676,-0.007042089363186977,-0.009800139710392139,0.0,0.012594244160149485
2018-05-03,0.046866280897411836,0.02163732675490857,-0.010536415677112942,0.001971143239675849,0.0,0.011089040546363917
2018-05-04,0.038370900990006084,-0.02522524929245126,-0.039754604862241236,-0.021310139496553717,0.0,0.004736429755193662
2018-05-07,0.025569425657381864,0.0004157279151779736,0.006221093142780281,-0.014100122068918391,0.0,0.0012664896017627585
2018-05-08,0.022566385522001325,-0.047264800157615916,-0.02501121459149256,-0.05892603510831749,0.0,0.026095676753366437
2018-05-09,0.001937121962775516,-0.04880780254924364,-0.06188386092082592,-0.06785869305727127,0.0,-0.013114598709340937
2018-05-10,0.00939810022627164,-0.051906772644057735,-0.036532806976980046,-0.04875954783236474,0.0,-0.011290248621699084
2018-05-11,0.006580577351776965,-0.017873899336262905,-0.025428038203323344,-0.006421415681971307,0.0,-0.035286111088025415
2018-05-14,-0.0021340367195748842,-0.028750288392204865,-0.026866749217460267,-0.02152800124795554,0.0,-0.02081324854195442
2018-05-15,-0.021159313807244284,-0.01940529530554093,-0.015064057290158684,-0.01737878775283697,0.0,-0.017907244506194003
2018-05-16,-0.007463679450207718,-0.05511204633943215,-0.04633611793419443,-0.04062288246772558,0.0,-0.02299397904192933
2018-05-17,0.0044255328297981315,-0.03116006454785024,-0.04163296451474996,-0.0261841692927989,0.0,-0.030936526837583685
2018-05-18,-0.011647563467131316,-0.0583571322426669,-0.05268365344748133,-0.05023067127074833,0.0,-0.02464999066223147
2018-05-21,-0.01456495001702127,-0.021871981163242654,-0.01564727569545666,-0.036193601265881566,0.0,-0.003240320362572228
2018-05-22,-0.020594886938968382,-0.0671427494725799,-0.048737987116735854,-0.056836101260597974,0.0,-0.022186125295688582
2018-05-23,0.017274155028873955,-0.020965746305001205,-0.022639761067694195,-0.03383220423863378,0.0,0.014488620017962818
2018-05-24,0.009214563836008062,-0.03843942611051505,-0.05194810762097646,-0.061352539986121474,0.0,0.01773483196595314
2018-05-25,-0.005285785883133484,0.012252262210424325,-0.01721886925616137,-0.016703422820694033,0.0,0.00815183312469745
2018-05-28,-0.012862002329986242,-0.005840133411742049,-0.02066192009867246,-0.03573697547963167,0.0,-0.004381556507126381
2018-05-29,-0.0006236970438663177,0.005480298676250699,-0.019204851391081964,-0.007251043872392879,0.0,-0.019527685977332662
2018-05-30,0.058640688314308353,0.07456861400053841,0.07083530375128395,0.038798983995137024,0.0,0.031066859821147833
2018-05-31,0.05789910045407738,0.070688809361121,0.07737965193921284,0.026272508439480924,0.0,0.03821391089463255
2018-06-01,0.03145507721181783,0.0721588553327867,0.06011937073092795,0.06399663304827646,0.0,0.0033081199627163073
2018-06-04,0.03207328322497283,0.05242927643034822,0.05084972522035844,0.05191602821602812,0.0,0.0030990441660610595
2018-06-05,0.014761588510726013,0.06845949682863671,0.07272291440914162,0.05557148850750328,0.0,-0.025461417643312306
2018-06-06,-0.02428504220001169,0.02273606464823751,-0.0024912574416501164,0.024732003110887486,0.0,-0.05516350521746863
2018-06-07,-0.01806598953300044,0.035095700987433025,0.03071047688859346,0.036811868896748076,0.0,-0.047805088110381574
2018-06-08,0.023956346529811958,0.05847015551901639,0.047913568633924944,0.04535742767286486,0.0,-0.003478237416590694
2018-06-11,0.0018239821712780118,0.06232547533166995,0.04289365193950437,0.06323028557380499,0.0,0.0015105802743138209
2018-06-12,0.012933009206770924,0.06430868482458901,0.04988604138590791,0.056353321434396156,0.0,-8.388427171167699e-05
2018-06-13,0.011022833967699817,0.07261280110793326,0.06241701229047532,0.062045096723556625,0.0,-0.0012355599566317523
2018-06-14,0.012233603117291145,0.045329474926693814,0.04210759800607028,0.04798274051143818,0.0,0.0069964257164474635
2018-06-15,0.0019810344350140335,0.09515065623717699,0.09159492876851469,0.07752606421307703,0.0,-0.0071775308595970755
2018-06-19,0.10137479826409267,0.14854711835378728,0.1327613469140808,0.13807035815104837,0.0,0.0985174988322673
2018-06-20,0.05925779433477694,0.14256845229839218,0.13370791223763928,0.12386808831394731,0.0,0.07931636667901865
2018-06-21,0.06336225193825917,0.13070538894269726,0.12713873525179253,0.12708652529023862,0.0,0.06601931987067618
2018-06-22,0.05462076475162023,0.14282007181207326,0.13152249162003327,0.12648299826598133,0.0,0.06163372331588212
2018-06-25,0.054955255495986025,0.11735213982624351,0.09314728536160963,0.10232094262469907,0.0,0.06128442065618494
2018-06-26,0.03571511515608428,0.10650246287988721,0.07613983754397623,0.10497312654662126,0.0,0.049378124363140596
2018-06-27,0.05756083584668993,0.09451250577591708,0.06530805403001178,0.07535021430464263,0.0,0.05278871754655965
2018-06-28,0.051812334092329784,0.08534651036808595,0.07224224181493127,0.05082083784498126,0.0,0.05219917983977769
2018-06-29,0.06953070401283211,0.13070636383866432,0.12109184537269065,0.10529774123494376,0.0,0.08224540847491336
2018-07-02,0.08201372442651664,0.10545709054002053,0.09658939936593049,0.0765078546695937,0.0,0.0899013858201963
2018-07-03,0.07028902284304665,0.08431684293315361,0.07525974007172533,0.05998486012141457,0.0,0.10313677611668973
2018-07-04,0.08743238913803195,0.08805067072931849,0.08246774446791551,0.07906540232876536,0.0,0.09924991322711149
2018-07-05,0.07418028380380552,0.11827817444144824,0.10808000494037723,0.09933043484833559,0.0,0.08077300603093746
2018-07-06,0.0645445913377136,0.07684922209259026,0.055444668622402896,0.0748801539771558,0.0,0.08247663365322197
2018-07-09,0.07307889746870665,0.10424340019641608,0.09484520637718719,0.07479649773426808,0.0,0.08482157824604471
2018-07-10,0.04529767789755196,0.055195912188498446,0.05916045704217526,0.053954191091953096,0.0,0.05789009841976698
2018-07-11,0.06521678687739688,0.10516359695771171,0.10688323049888065,0.07054921309565307,0.0,0.07121354359392994
2018-07-12,0.07208367396407976,0.10801988371990699,0.10977222762037292,0.060482645701545726,0.0,0.05482368064046553
2018-07-13,0.03402617041379276,0.038812687151965904,0.04714647384562688,0.031915814926992005,0.0,0.035254616285328125
2018-07-16,0.04850098177800348,0.016595436851600556,0.0222695811402472,0.021910681259869575,0.0,0.041073340075551024
2018-07-17,0.05548297863841274,0.0014019607881790707,-0.0008332428147929147,0.0033386362618009705,0.0,0.047515374887663636
2018-07-18,0.04798582886269131,0.005036697718959136,0.007143923407322878,0.016968537512509787,0.0,0.0180984756606954
2018-07-19,0.02577226842897495,0.01492391453102528,0.016760972943600013,0.018463920455039196,0.0,0.019277562765536136
2018-07-20,0.04891283200016317,0.029023536767449478,0.017461384100684717,0.008109061446553113,0.0,0.05526906836039589
2018-07-23,0.036544822329856314,0.006847120817715229,0.0097325171549351,-0.005017859864684514,0.0,0.05435475751844737
2018-07-24,0.03514120752321761,0.047834073924266966,0.042870946456645825,-0.01243940172632328,0.0,0.04906967551584458
2018-07-25,-0.024066242549684702,-0.020904108837413057,-0.0037436929364450355,-0.01682746546939348,0.0,0.00378528613068311
2018-07-26,-0.013185225689002936,-0.01761016783183794,-0.0054173625946734956,0.013970808206124502,0.0,-0.005832210354720719
2018-07-27,0.001707490654975198,-0.01561167955676403,-0.012251643069362111,0.016900741646937993,0.0,0.0026589571872105717
2018-07-30,-0.023180109122354617,0.01897163511248742,0.014087442713358376,0.049545108982508496,0.0,-0.010894047766001072
2018-07-31,-0.02897205756241905,-0.025651628688191472,-0.03793886500629284,0.03454110997187394,0.0,-0.00876454276913695
2018-08-01,0.018538685116331156,0.02411027497827922,0.0008550239368629955,0.03389674461443253,0.0,0.03175516245015711
2018-08-02,0.05453605319123908,0.07002128591727787,0.04903414640431675,0.04372864860026837,0.0,0.05952968770531097
2018-08-03,0.05961042207552121,0.06577429698133468,0.034703801638564784,0.062255947104241954,0.0,0.07104885215440868
2018-08-06,0.05733228735544722,0.09272428587530768,0.05272505399259826,0.08121660378952,0.0,0.06353354943496273
2018-08-07,0.06529678732815015,0.10788806168095716,0.08895369236842204,0.0784952803005275,0.0,0.07662318662911329
2018-08-08,0.042411092940974705,0.08614777853946542,0.07097581150706422,0.08750694070573863,0.0,0.04409745812190838
2018-08-09,0.03725257146722562,0.0891839552175215,0.07940826977123529,0.07562172984406054,0.0,0.019202916247861513
2018-08-10,0.005002709723023155,0.025581992150995582,0.04167420541844968,0.036177595878411795,0.0,0.0020533654346058558
2018-08-13,0.004929820091179279,0.025109991723066258,0.02742022901882754,0.04841191057940464,0.0,0.005115830941924412
2018-08-14,0.02573473991296515,0.019012653964593507,0.004675325028971183,0.045276867755778584,0.0,0.00873796169259587
2018-08-15,0.05327979235633443,0.0705900508944994,0.06226848616886537,0.06508331290438588,0.0,0.042396511188279876
2018-08-16,0.05596412932538213,0.05697580271568417,0.04768687498621801,0.07138915602046837,0.0,0.07229994696883411
2018-08-17,0.07328342906204705,0.08956819851047111,0.0657762846045744,0.08513458835021143,0.0,0.0698244088203101
2018-08-20,0.058909561412921085,0.06437573987453986,0.040135950344952404,0.06930008038991088,0.0,0.044995821918728814
2018-08-21,0.05094178422303783,0.0740504039511728,0.06283360243422507,0.07285883237233293,0.0,0.033297393320056684
2018-08-22,0.038838018182165444,0.05414360450339056,0.04935914975733774,0.06090087717040437,0.0,0.028963881143096882
2018-08-23,0.026750830647141018,0.04364476693023383,0.047424988339873755,0.04495036412667599,0.0,0.020682061009889403
2018-08-24,0.010098702766970327,0.012214252610042258,0.007768561017996509,0.033589368006446955,0.0,-0.0033479259499556444
2018-08-27,0.026804421371937517,0.06821629123339425,0.08072963550684426,0.052847338285690354,0.0,0.03832194488948343
2018-08-28,-0.0011061622379490703,0.008231929919594398,0.011061557833654482,0.023147194618151224,0.0,0.0230762539191581
2018-08-29,-0.009603731873919857,0.004028680719668687,0.023372253960888715,0.025862945932379047,0.0,0.014717021653117855
2018-08-30,0.012027325774967396,0.04778995290510058,0.05320823600954214,0.03781757995669946,0.0,-0.007787131061575974
2018-08-31,0.01762248277012441,0.04678049874741435,0.033441297139024016,0.04916901442645896,0.0,0.0058147564690081725
2018-09-03,0.006130491521067188,0.021171575521316592,-0.01655204710936475,0.03237251374546152,0.0,-0.0021557990465210235
2018-09-04,-0.003335059703039281,0.031605162532628184,0.03639933659879397,0.026278963826195285,0.0,0.002574181354822216
2018-09-05,0.023024545285005495,0.04113772257131127,0.0621408383206532,0.029202416886560674,0.0,0.027196467750952736
2018-09-06,0.04356087656910899,0.01676345253714616,0.019871933881550608,0.027942361453402904,0.0,0.044285991215745446
2018-09-07,0.028741075977361003,-0.008861489676051786,-0.0033802578273381943,0.029361752281564974,0.0,0.0496833066343409
2018-09-10,0.05419244553705676,0.051565370039452676,0.061318050532183234,0.0751364006144821,0.0,0.05045256187890105
2018-09-11,0.058508609771865894,0.015985362679335213,-0.007705898484182516,0.06197065925799877,0.0,0.048260879752954115
2018-09-12,0.04154736178696308,0.005443591415664882,-0.0173495495759057,0.05609030255541837,0.0,0.038119403956569875
2018-09-13,0.012777005843319861,0.0204857244828364,0.016623982646604887,0.05123076007656087,0.0,-0.006278154766354293
2018-09-14,-0.025049670862108377,0.014980826100591935,0.015646021791459654,0.06304233723365507,0.0,-0.012831887962575284
2018-09-17,0.025910597582881036,0.04263642006221269,0.05363371063818036,0.06065708473713637,0.0,0.004539731145499746
2018-09-18,0.014711887655011089,0.05552628204502034,0.07020262952791927,0.06152568284473658,0.0,0.003207429537522006
2018-09-19,0.006108506737056865,0.030175995899418842,0.03957495951746662,0.04802173293520999,0.0,0.00315881350566493
2018-09-20,-0.036121184837250186,-0.02904109161604225,0.003948527849461202,0.03795471627158506,0.0,-0.013021885804188369
2018-09-21,0.009130215978335682,0.01952199999284143,0.01130891100066531,0.0303798646833498,0.0,0.03299063905487782
2018-09-25,-0.021665336083232064,-0.04671567424918999,-0.039195656962662875,0.01120310785461719,0.0,0.005788210569647663
2018-09-26,-0.02922468813694583,-0.04439289820312414,-0.04901875235645375,-0.001397065378319529,0.0,-0.008668818772582475
2018-09-27,-0.06053337491014859,-0.012522330199376215,0.0017709764538569998,0.0034732342257877665,0.0,-0.04407234402196528
2018-09-28,-0.06524918482714606,-0.01747820523750986,-0.007979537224472205,-0.003099507503724163,0.0,-0.052564845754294744
2018-10-08,0.017348002229439996,0.07393045458404258,0.08543641665044832,0.06918095638527107,0.0,0.02017125533405
2018-10-09,0.008252272421836255,0.022940026907617837,0.0019582579929894517,0.057548133598575295,0.0,0.019548027517379513
2018-10-10,-0.004917456078941742,-0.003067725157546395,-0.017571790251838602,0.0473430277944785,0.0,-5.40431421514491e-05
2018-10-11,0.06803796443830278,0.14275293381255197,0.13018737536987293,0.09868017668808032,0.0,0.05520054891043316
2018-10-12,0.027586809375119682,0.10364384474229177,0.0717758243109612,0.07068771646382765,0.0,0.04250080249314559
2018-10-15,0.03573617702687565,0.12898766857740493,0.0959256730139555,0.08474857991716088,0.0,0.05626531402014382
2018-10-16,0.05362020557579461,0.1374275094787759,0.12188655245238811,0.10337179192487983,0.0,0.07055439310376244
2018-10-17,0.01928845179972709,0.1178980930472115,0.07643819374183508,0.09489358123209538,0.0,0.05724851610000277
2018-10-18,0.03767930392511806,0.13899759962951794,0.12031614581948345,0.11164118554616816,0.0,0.059280852694541676
2018-10-19,0.04104759269699115,0.14100593337425046,0.14114103253209298,0.11767552108133371,0.0,0.04850396997268745
2018-10-22,0.040284048033740985,0.14340685931058764,0.15320396633470137,0.08663620551490975,0.0,0.05439486727060275
2018-10-23,0.032908266287481204,0.12275263962987011,0.11112414898052987,0.07585099254134464,0.0,0.045972715167616376
2018-10-24,0.032337543298711774,0.07553385710738691,0.03983366168648593,0.07031164639172394,0.0,0.0492789365124791
2018-10-25,0.0049573542715605256,0.05329967091764364,0.04642973295312486,0.07016112603603357,0.0,0.027553483282731106
2018-10-26,0.013845225347035188,0.02903739554560468,0.01587241953267625,0.06512214432993085,0.0,-0.0015723851778909022
2018-10-29,0.04079753543773407,0.08283613282574581,0.06263448587859786,0.07384495039301762,0.0,0.044162009104940295
2018-10-30,0.061929759618130145,0.06270678275554381,0.048897056469190014,0.0532958701537314,0.0,0.040762669913382475
2018-10-31,0.037075484485823824,0.08153083334857786,0.06866875264640122,0.037916460902623045,0.0,0.004971438878139274
2018-11-01,0.037951595346560105,0.054887636754260796,0.052587653279362115,0.018273911494259897,0.0,0.012386323666011148
2018-11-02,0.021012863075819385,0.09353430158633763,0.100718722368752,0.03838951331579202,0.0,0.036330167386502535
2018-11-05,-0.01940077999791718,0.020819261339224786,0.05407520826733473,0.022629709795342776,0.0,0.0015183965130994778
2018-11-06,-0.025977317659226576,0.008489112671397243,-0.0033104783626229117,0.011987106142859458,0.0,-0.01443733377417773
2018-11-07,-0.005709441184780569,0.025297154808830758,-0.01144915644068429,0.001922729631897801,0.0,-0.004850376721646292
2018-11-08,-0.02313293266631416,0.0328572454739731,-0.017072629831345956,0.03179600016209402,0.0,-0.027006767226850616
2018-11-09,-0.015473610420312728,0.011847387701821482,-0.037981935850551735,0.01898753525815995,0.0,-0.017925150753879997
2018-11-12,-0.024336272541145263,0.07328016234954302,0.07804343837242049,0.046864313428432974,0.0,-0.022665844782753224
2018-11-13,-0.011784295493058811,0.08142586245085284,0.07415952789897996,0.03312281832741581,0.0,-0.031569500502496316
2018-11-14,-0.022433950462000276,0.033270969036988576,-0.005110381933942473,0.006321209335420308,0.0,-0.03647172163131821
2018-11-15,-0.03115537502667647,0.04762022486415944,0.038289586669892135,0.0014990891713807528,0.0,-0.04828068703917753
2018-11-16,-0.032187276695520566,0.02308497276942606,0.010881102254080762,-0.01292105582577628,0.0,-0.04769173168197707
2018-11-19,-0.03608091822283757,0.0024368114313336083,-0.014064968331322654,-0.015558542806531248,0.0,-0.03998119599007323
2018-11-20,-0.025371375466529417,0.0735448626465989,0.05250845571489639,0.03370810119876024,0.0,-0.03891032408115437
2018-11-21,-0.019894285312368802,0.02927381210087463,0.009892038650572017,0.017627725580313468,0.0,-0.029396346709520856
2018-11-22,-0.03349711255884298,-0.0016827117193448445,-0.043536522708412496,0.009102074145249519,0.0,-0.0383377679182291
2018-11-23,-0.0003861074679222909,0.07021595867075235,0.056963478263645034,0.0462178312127756,0.0,-0.017334730484338246
2018-11-26,-0.0007841387040983472,0.021904037192851302,-0.01765896281256683,0.017334643490622133,0.0,0.0071535809351475485
2018-11-27,-0.005657222505096746,0.021234401318777144,-0.006316783853220387,0.009284803844590574,0.0,-0.002129966872131799
2018-11-28,-0.0082586089128779,0.041332794172229376,0.0006420524851703888,0.022654778827400343,0.0,-0.00185207131323753
2018-11-29,0.009771598299433661,0.07040287914912015,0.04742167016614189,0.03073208598376689,0.0,-0.012600209327811638
2018-11-30,-8.243640459872272e-05,0.04165483724298878,0.010705113224390196,0.01796151744330328,0.0,-0.01630170738059166
2018-12-03,-0.011240747828810203,0.07400820205325448,0.06631269222402648,0.0077353369815858115,0.0,-0.010624237894686068
2018-12-04,-0.05373238270087608,0.0058849236957057155,0.009035040256347401,-0.024506780624216722,0.0,-0.04512587996819296
2018-12-05,-0.043774068947955366,0.013213231392962236,-0.009098577704229548,-0.024976768244497658,0.0,-0.04430601240975483
2018-12-06,-0.014985861689331385,0.043788866967571276,0.010871004227077407,-0.003529519175438924,0.0,-0.040074634692979554
2018-12-07,-0.01752373341887727,-0.024894790431884094,-0.05718338455503157,-0.015391799936728044,0.0,-0.04662900000629376
2018-12-10,-0.001240979164335901,0.014209786757910504,-0.02855293942945483,0.006456865149723432,0.0,-0.04258969954410308
2018-12-11,-0.007702647434239131,-0.0011780500102362935,-0.034514746572158965,-0.0016621666572625992,0.0,-0.04475396241129014
2018-12-12,-0.033050189021588204,-0.03288953292163723,-0.07997119529025236,-0.028847830898755172,0.0,-0.06347856409729452
2018-12-13,-0.03666688815908264,0.00238935532752681,-0.031756123637183796,-0.03163091001591741,0.0,-0.050650361425849326
2018-12-14,-0.0373921530243264,0.04093299385051124,0.026360849511994557,-0.008025325675793895,0.0,-0.06286644532142373
2018-12-17,-0.041409138704557175,-0.005612833124051419,-0.02312648705499658,0.0023638097325559978,0.0,-0.054310684335536145
2018-12-18,-0.011105778004394138,0.0014395035306306327,-0.03467581710354869,-0.013334157771761921,0.0,-0.0511456602924103
2018-12-19,0.010098277313658217,0.029196904450310524,-0.0054695878536502335,0.024838994149646437,0.0,-0.04674195127560837
2018-12-20,0.005165487809662153,-0.007943199224200212,-0.03889231083633507,0.014220231359977038,0.0,-0.053995398912472695
2018-12-21,-0.005189820712148934,0.0003182894271429246,-0.046962219493888804,0.0012883119447116367,0.0,-0.06893235618260385
2018-12-24,0.01858636231156478,0.013704374637315534,-0.03366921132553963,-0.0019586202304236002,0.0,-0.04760000879279574
2018-12-25,-0.010440754185265098,0.028212888931322,-0.014157548302402862,-0.006113118754504557,0.0,-0.06910421595034597
2018-12-26,0.0202951578497382,0.005651917583935015,-0.04198278306589028,-0.012820180165358346,0.0,-0.057430742409097804
2018-12-27,0.00023552837998377463,0.024858048370299264,-0.012633307545944165,-0.007063602386485234,0.0,-0.06273024126337719
2018-12-28,0.010713847127237825,-0.013773559954613185,-0.05215413252477783,-0.015825061923922596,0.0,-0.056577606725259445
2019-01-02,0.03297288651204279,0.017604456123839856,-0.05476145637013058,0.014753211433823275,0.0,-0.0039679944475413806
2019-01-03,0.015580242320715193,0.003939659482330668,-0.03993133591775138,0.015767307888659154,0.0,-0.011609021423857125
2019-01-04,0.045685734507731,0.05286726303327911,0.05344834772351445,0.03634931343579961,0.0,-0.022415209541470398
2019-01-07,0.003889536903187562,0.04375306638738782,0.032990573375603606,0.022025762476529827,0.0,-0.04835575913146367
2019-01-08,-0.01775361230258119,-0.00722256855308221,-0.0453361739029196,-0.012323291094918285,0.0,-0.06690105040265552
2019-01-09,0.01492525453014814,-0.009876610958147986,-0.04858943686804079,-0.02758815343669287,0.0,-0.05314123280001142
2019-01-10,-0.024680729281740227,-0.03416623140865208,-0.08085831375114431,-0.03479071437673215,0.0,-0.079666678244966
2019-01-11,-0.022324271888150605,-0.016525314523318995,-0.056142314247043794,-0.03811863072116163,0.0,-0.06987861525147397
2019-01-14,-0.004011010851034411,-0.014202046324444856,-0.0622200654206866,-0.004226859299550648,0.0,-0.0562000981255567
2019-01-15,-0.0040670592616882375,0.0016845752255764024,-0.055269366319589765,-0.018877850952579756,0.0,-0.05908173777163583
2019-01-16,-0.03325934030550233,-0.028938000525945046,-0.0860797572867023,-0.026998171282078168,0.0,-0.07848350859514269
2019-01-17,-0.014783891679173395,-0.007525394921830995,-0.05426270748981407,-0.006308821635288554,0.0,-0.0728764022521896
2019-01-18,-0.007783234291297531,-0.009577924124340864,-0.06342060153232551,-0.024859575099993425,0.0,-0.06816838919277683
2019-01-21,-0.04277211513235937,-0.028704493906314327,-0.07127226586670912,-0.05089134412079719,0.0,-0.09662363858966153
2019-01-22,-0.036436818463104995,0.0005093802943279442,-0.049650960991809434,-0.004027807471360044,0.0,-0.07358917023155978
2019-01-23,-0.049103273749335624,-0.03946583810040799,-0.09222117081960485,-0.02883779949692707,0.0,-0.08831810151269906
2019-01-24,-0.06382005028256206,-0.035858817372485335,-0.09110572289514701,-0.04296108571997306,0.0,-0.09726840424579813
2019-01-25,-0.052192532889501944,-0.041490686853371865,-0.07633503172780734,-0.06885612473811786,0.0,-0.10142786733564978
2019-01-28,-0.07495462845326051,-0.0477749944444368,-0.0720720157322015,-0.06836887431610121,0.0,-0.11334126356844215
2019-01-29,-0.08121924592882168,0.0064877069231807334,-0.03513123033264957,-0.0449300223226472,0.0,-0.09599331824143227
2019-01-30,-0.062430133479208685,-0.0025097466208636333,-0.018685935226124748,-0.037672504141172625,0.0,-0.09369615456105379
2019-01-31,-0.06431387900053007,-0.007368834474823738,-0.02624645996072234,-0.04841738235666243,0.0,-0.10606110969955787
2019-02-01,-0.07887284042704588,0.03557830933624485,0.04114846408348554,-0.005204603261583457,0.0,-0.09023138683778105
2019-02-11,-0.042412339367723685,0.02479534722584861,0.020261861809359575,-0.01766779764743889,0.0,-0.07261818833353206
2019-02-12,-0.046436755504664355,-0.0012055096112488191,0.007054013481245214,-0.04196223912726914,0.0,-0.06964903424296576
2019-02-13,-0.017404818611407188,0.02912397479959554,0.013288936207793495,-0.039929616353424666,0.0,-0.05023453040587411
2019-02-14,-0.049042245582436306,-0.01574527071504499,-0.05075004102543114,-0.06605507746056351,0.0,-0.08896564811462197
2019-02-15,-0.003945907197534875,-0.008310763172395694,-0.06281424573805265,-0.06377560528488894,0.0,-0.05818989983364399
2019-02-18,0.00437171126611661,0.04781122782550785,0.052166500776708515,-0.018178306253256234,0.0,-0.02748698170614748
2019-02-19,-0.017932453664363076,0.0035430590294930567,-0.002326189415830499,-0.03638425686510629,0.0,-0.04711237094882061
2019-02-20,-0.03959252436258038,-0.02572077813262873,-0.0445864666126489,-0.05106505658309626,0.0,-0.05945847227572651
2019-02-21,-0.016103625870071647,-0.00420093899113733,-0.03182627175107768,-0.06264226350942825,0.0,-0.05412352738083401
2019-02-22,0.0009506733197028347,0.043619663924164775,0.015470194897339903,-0.02084433464631376,0.0,-0.026545982841927218
2019-02-25,0.01478984829235646,0.07537990288875876,0.07072374274806895,-0.00010987451879674038,0.0,0.012612833431948453
2019-02-26,0.00847052026676603,0.025599556065921916,-0.014713883177931961,-0.03324434994228479,0.0,-0.011699445168241564
2019-02-27,-0.01800262907047855,0.01796526270015054,-0.009378454416844173,-0.022709533481422885,0.0,-0.026296440830089765
2019-02-28,-0.03039485936746525,-0.011148397540454774,-0.045969641708046786,-0.03623947884169052,0.0,-0.038369639276242984
2019-03-01,-0.01811467539704761,0.007170831579072098,-0.03282479709375633,-0.026861508874664278,0.0,-0.019904902888967
2019-03-04,-0.0008923937284233134,0.03123957378426111,0.022424406592040903,-0.007825963974070654,0.0,-0.0069354124410582535
2019-03-05,-0.03345487938649283,0.05125001836482488,0.04586116907679575,-0.0010402188560596787,0.0,-0.01957217778114215
2019-03-06,-0.032378559368648585,0.04742924678257418,0.038677047113710214,-0.03482512561075406,0.0,-0.023961350348411556
2019-03-07,-0.019640389377437437,0.037965585680777014,0.0297095322975452,-0.05376567450208436,0.0,-0.042924829191674806
2019-03-08,0.013062248825411217,0.06999733781087991,0.06530596547220233,-0.01809777311897352,0.0,0.0011683669526117504
2019-03-11,-0.011283433607792442,0.051963380323479004,0.05413279155431936,-0.006054889166018586,0.0,-0.019011965640881
2019-03-12,-0.026333096352625054,0.04683198044951247,0.04658478032910438,-0.011558880920603287,0.0,-0.03898133185442586
2019-03-13,-0.036856398651216586,0.04861696540056942,0.045129835345228055,0.01321011221668027,0.0,-0.03284282181285104
2019-03-14,-0.024679862655568,0.05656922576199613,0.058727500033257746,0.035227645302282784,0.0,-0.031755046335225405
2019-03-15,-0.025109565748997364,0.03188315643125791,0.024050425516294018,0.009366513235369245,0.0,-0.03666198873755335
2019-03-18,-0.025627053340347667,0.040899357363430304,0.028748601013802156,0.01569077173831587,0.0,-0.02817647187866499
2019-03-19,-0.047144108981308,-0.0025294970251629042,-0.001659465598076983,-0.016171340681756047,0.0,-0.05323015142883112
2019-03-20,-0.06384678852725602,-0.022544978889980496,-0.028873854723902543,-0.009284197412612988,0.0,-0.0705093583127722
2019-03-21,-0.0700725147302805,0.00977750366866114,-0.009971885862829051,-0.03656717381982399,0.0,-0.06243887467393982
2019-03-22,-0.068124660476899,-0.016315112695783125,-0.034783296990520025,-0.05206262752662808,0.0,-0.0554959312281628
2019-03-25,-0.009516154639524294,-0.0017573387171261096,-0.013104523673063698,-0.02704798514114621,0.0,-0.02056445662423247
2019-03-26,-0.02951990873772478,0.02651500670345205,0.02598772469630711,-0.01707330745921914,0.0,-0.03522973570144705
2019-03-27,-0.03314337672300249,0.0018576838346260876,-0.016375967191771184,-0.02356368292929044,0.0,-0.03901993685300379
2019-03-28,-0.032775728222077596,0.011021710158261037,-0.009849424570246386,-0.024628357810702235,0.0,-0.029707530644270716
2019-03-29,0.006096497574299029,0.032425058544416845,0.020139827983768312,0.002265432074087053,0.0,-0.0016130820759895617
2019-04-01,-0.020775947072537052,0.03051043296156952,0.05147509472277567,-0.01986531515285,0.0,-0.0067814980799218525
2019-04-02,-0.07803992211923916,-0.028652622122524563,-0.018111981098642968,-0.07591950475044368,0.0,-0.059765294238695116
2019-04-03,-0.0620918991588231,-0.019828825120019433,-0.018091989979030457,-0.07487524407490774,0.0,-0.025179798035480917
2019-04-04,-0.07330096365990446,-0.04346304402826732,-0.06629583203011298,-0.08657840503941719,0.0,-0.018664232297726943
2019-04-08,-0.07638489826509319,-0.030038229533466517,-0.03903623209933009,-0.04188772441101304,0.0,-0.03481413720425028
2019-04-09,-0.08554061412880949,-0.046377419846552186,-0.06958705467250187,-0.022007552675647746,0.0,-0.05779027074169466
2019-04-10,-0.07741349283062765,-0.056484362665472646,-0.0795976657848485,-0.013716644555367927,0.0,-0.061550552131606096
2019-04-11,-0.02702309012091378,0.0011321615675829958,0.0002596278267950378,0.007023970743360273,0.0,-0.019062649877461646
2019-04-12,-0.05718577640844158,-0.03928927013616764,-0.07088451491803162,-0.007253043328066056,0.0,-0.037271203595902545
2019-04-15,-0.04592422234495994,-0.023141287138435464,-0.03560140584824381,-0.0028228400071139727,0.0,-0.009987672276911067
2019-04-16,-0.032218398074118006,-0.009300032425517758,0.00017320453637991037,-0.005578118036797427,0.0,-0.005634198168720454
2019-04-17,-0.08288545050612112,-0.049926907977866496,-0.04101146116940455,-0.024494564113169786,0.0,-0.05078307126178623
2019-04-18,-0.0797244631994485,-0.05105625995257105,-0.06123395631344582,-0.035569785973622724,0.0,-0.021453626902634693
2019-04-19,-0.08413854469466207,-0.04625554982132074,-0.05164273816321285,-0.04618284689042853,0.0,-0.04737599961810737
2019-04-22,-0.03994329949543721,-0.03517331007306642,-0.053334255618657504,-0.0579763838525249,0.0,0.009979282939796231
2019-04-23,-0.04681676642372484,0.005839609774262067,-0.006665760795321285,-0.024697104170862943,0.0,0.0013437176844576684
2019-04-24,-0.05761591740935629,-0.00867260733364011,-0.016341053257795553,0.0011313419322809897,0.0,-0.008264563721660973
2019-04-25,-0.001968275363169746,0.03312925111434142,0.029364280868843014,-0.018268933364826347,0.0,0.03453707177431736
2019-04-26,0.007000699875531602,0.006885643104796244,0.0006114922418033338,0.0019199476807742052,0.0,0.028675298651572437
2019-04-29,-0.003384714352625709,0.04417866810656762,0.05718538168437457,0.018253510865157335,0.0,0.021471251974773734
2019-04-30,-0.018848763038211716,0.02936569727035356,0.020790602800355443,0.021603887165288084,0.0,0.03942560981409417
2019-05-06,0.0690496665101519,0.08057315982863827,0.08629525029898395,0.04629701066630695,0.0,0.09623535095990995
2019-05-07,0.039797157418877294,0.06402410135981344,0.04254377695685557,0.04918092953992309,0.0,0.06601989423214807
2019-05-08,0.06604305992846397,0.028821767619340046,-0.0019514879299937418,0.034722051433426056,0.0,0.061621257416744936
2019-05-09,0.06299768211635824,0.05094519232734762,0.021184117116841327,0.04095534946752328,0.0,0.07553760936832751
2019-05-10,0.04886459549386868,0.0675963080467695,0.06785824348510631,0.03639817774060358,0.0,0.07626490611807339
2019-05-13,0.045021365575170356,0.04073796393106508,0.0071242679070302566,0.034346544698565365,0.0,0.052902846692876475
2019-05-14,0.046434178270308095,0.03021282506105733,-0.0006590075333314034,0.0015519581745296203,0.0,0.04401816556406824
2019-05-15,0.04533028424081194,0.03722007683068589,0.010975259800744812,0.012048445582598998,0.0,0.059695706108895664
2019-05-16,-0.002853236934863345,0.003326174467295283,-0.01624746887878272,-0.03576308568779728,0.0,0.019506635991319823
2019-05-17,0.0531197060429369,0.060890422970139135,0.04839830733892185,0.03167264388047178,0.0,0.0778199684617886
2019-05-20,0.0528940486375064,0.008172940186572884,-0.019142914095152164,0.006908121642373951,0.0,0.05755267704877114
2019-05-21,0.06342387317040278,0.043280771231642395,0.027024515077700234,0.01710457443673551,0.0,0.0791440577395608
2019-05-22,0.0416572230756559,0.010683218349723154,-0.03281496238934285,-0.015016347817043663,0.0,0.05000968298119676
2019-05-23,0.06330246852515911,0.05182792291993332,0.03386168746817141,0.01838056628715503,0.0,0.0611449456544117
2019-05-24,0.05261528516929331,0.03467730829876972,0.03657710289655972,0.0358290273044243,0.0,0.03199072925530722
2019-05-27,0.033118173702549734,0.05645348936144228,0.05973283296580259,0.025263268902906335,0.0,0.05306292169426287
2019-05-28,0.023118127161584408,-0.013553015737271634,-0.04650056661074974,-0.018368450237645995,0.0,0.045488226999063075
2019-05-29,0.008326866216120197,-0.028067122011549334,-0.024572407715340697,-0.006661432378664952,0.0,0.008064808434952055
2019-05-30,0.0038218914136906898,0.003975208337346211,-0.026277145493932643,-0.004996659487878512,0.0,0.0062141338861444
2019-05-31,0.012856398036901449,-0.017798105791476757,-0.056810915655147454,-0.05308946141681277,0.0,-0.012109073313740462
2019-06-03,0.0031911205698608547,0.03208966868123244,0.0019155702928633223,-0.02839957053661621,0.0,0.04097327319604747
2019-06-04,0.03416476724784686,0.0410449597114881,0.038861748341886326,0.008692289303897257,0.0,0.06941477512599954
2019-06-05,0.02174223313406817,0.010181570826574273,-0.04055235331458929,-0.02574855365653599,0.0,0.04383126780252251
2019-06-06,0.043637301196541946,0.07256345759524489,0.0479765705538172,0.033591542292118054,0.0,0.07445556845686732
2019-06-10,0.031124069608149008,0.05968256598144095,0.043160441357745744,0.02881572272079318,0.0,0.042289155697292025
2019-06-11,0.03807699894874107,0.08417002332656232,0.06862299703917617,0.012479048131037253,0.0,0.0731405649988655
2019-06-12,-0.015155502284121717,0.02002474582519187,-0.016503832787182714,-0.028906146315205612,0.0,0.02696175753942098
2019-06-13,-0.02878991865980366,-0.010132813243971653,-0.019953972720092764,-0.03902548715214887,0.0,0.011667639419545251
2019-06-14,0.005614289700532574,0.03201356953779415,0.024872971978868008,-0.024936367442386087,0.0,0.039826085482115935
2019-06-17,-0.007412551572754749,-0.013578951033716473,-0.032205271376087814,-0.012599430171279536,0.0,0.011562202164890173
2019-06-18,-0.015544079929878572,-0.011551506328633806,-0.04923253062208054,0.016684531110099248,0.0,0.01297551498442178
2019-06-19,0.01216661627105519,0.00643922308440165,-0.0008565376413658207,-0.0371558125928707,0.0,0.026070017056801693
2019-06-20,0.03657271944506951,0.03340538030106655,0.0008536739980520869,-0.017958424386048086,0.0,0.041255997094417435
2019-06-21,-0.032020728985302775,0.017900665184869335,0.00976322011492149,-0.03275491995988581,0.0,-0.012023867969531544
2019-06-24,-0.04641585196781404,-0.05093199535166583,-0.07781336716455156,-0.05465655682456355,0.0,-0.010682615739487297
2019-06-25,-0.024379037851777204,-0.00738438994324881,-0.024750595175847222,-0.04003163238291241,0.0,0.025800492256078014
2019-06-26,-0.02910807278220902,-0.02911275772247825,-0.08655206547545585,-0.0380163168381262,0.0,-0.01987798508110249
2019-06-27,-0.02183821637755121,-0.01367921526149908,-0.04057112053461879,-0.04098795496361693,0.0,-0.004647228973471429
2019-06-28,-0.046226884456941786,0.005408793097947362,-0.004323127689775034,-0.018600001434719484,0.0,0.011776248337870637
2019-07-01,-0.009114654470269094,0.04097638482526825,0.021732490176212798,-0.015411153179327855,0.0,0.02561685226277019
2019-07-02,-0.05831455987899643,-0.043343151509215805,-0.0899661647774938,-0.06100161193960799,0.0,-0.03291010520852603
2019-07-03,-0.042495322652730566,-0.030884321326340072,-0.030217313075620585,-0.04131098700320179,0.0,-0.04302527870539983
2019-07-04,-0.04569045950761177,-0.05311265441126381,-0.051809560973779284,-0.0223204602277985,0.0,-0.04325791120816633
2019-07-05,-0.04360946658239199,-0.05402604080425221,-0.05757344087742207,-0.020742421413211982,0.0,-0.0505891520378009
2019-07-08,0.021079760957263452,0.03260827401962058,0.041153496816375985,0.020822724941474177,0.0,0.06476799680482713
2019-07-09,-0.015481908515028509,-0.011189955754622366,-0.0275721628220216,0.019483674144926477,0.0,0.0071342289311407715
2019-07-10,-0.026974668140778535,0.0019808506385845023,-0.0006694913878576832,-0.0064986140303306215,0.0,0.022903742941928262
2019-07-11,-0.0384110415260954,-0.0473698745639443,-0.06153301174727577,-0.03781600147901262,0.0,-0.02281164878829932
2019-07-12,-0.008910039926910722,-0.03238015444216301,-0.04863887157950769,-0.04652786536154335,0.0,-0.016080577044171495
2019-07-15,-0.020707548361831436,0.017591643944853286,0.009516374939662845,-0.006449212385710466,0.0,0.020230887085376598
2019-07-16,-0.036415007189538454,-0.04872294975270052,-0.06875428354062306,-0.09120480938900923,0.0,-0.037595120090598365
2019-07-17,-0.051093686533941085,-0.056409392652144424,-0.08693760656647158,-0.08452166905756021,0.0,-0.035642737530117055
2019-07-18,-0.010775041030608452,0.009636388643346374,0.010870146440355083,-0.04737077843273084,0.0,0.04418071897763807
2019-07-19,-0.00384748237427576,-0.018025727179412903,-0.0283874810350703,-0.04613776391031114,0.0,0.01671173577422477
2019-07-22,-0.016836339965308738,0.023578270437171613,0.0347039884208991,-0.013961716675976874,0.0,0.04036771348757626
2019-07-23,-0.0400604193565378,0.01877328106707199,0.029676709386569567,0.002102149404522118,0.0,0.002173152016532455
2019-07-24,-0.021376271962754392,-0.005012937583889464,0.012928540482236822,-0.039729741599984394,0.0,0.0031653713280268333
2019-07-25,-0.02979989486629689,-0.030009716456467862,-0.04615524052574946,-0.05446937669512232,0.0,-0.022601381259073253
2019-07-26,-0.06492424446114561,-0.05696084358284817,-0.07793066953386824,-0.06665213352010216,0.0,-0.017560087298971693
2019-07-29,-0.08050251757874993,-0.06525927785857792,-0.08266902204972215,-0.07251260079725604,0.0,-0.04636995104102349
2019-07-30,-0.03802727675422715,-0.03217415383159638,-0.0473320112503158,-0.0872834383521155,0.0,-0.016384883794673837
2019-07-31,-0.018253468969037453,-0.04914475249981914,-0.01812364839385845,-0.04639688254230284,0.0,0.028107445864413813
2019-08-01,0.008889699133228124,-0.029513323946665528,-0.025881913435632033,-0.06938976870589801,0.0,0.019336842479928618
2019-08-02,0.04898751707955419,0.02180727644498298,0.03504952684691812,-0.03039405717056804,0.0,0.06287053552282017
2019-08-05,0.07403381928261105,0.011840243619130497,0.019381807234105004,-0.01346555476809881,0.0,0.06906971352246859
2019-08-06,0.06304734007353709,0.06987455702437442,0.0780458451098128,0.020760634124119156,0.0,0.06657433753314669
2019-08-07,0.033435869151922974,0.0019675585670785862,-0.00818947520999136,-0.007437604260337967,0.0,0.020884260380373998
2019-08-08,0.03969350689893285,0.014971771314942367,0.008708246012536983,0.01558666796390085,0.0,0.027280285804862248
2019-08-09,0.03451858931457196,0.023143237710377063,0.0034950748458056225,-0.009079045297135773,0.0,0.028337331572234864
2019-08-12,0.04211521530044313,0.04879466027678378,0.05100931532958698,0.04011795218611581,0.0,0.049370338982115146
2019-08-13,0.023899036708987083,0.02548194495120544,0.00696306953242271,0.0025306905067084533,0.0,0.028738087250072167
2019-08-14,0.004247121032765718,0.01575485194184819,0.00014927874702905833,-0.0410279856973102,0.0,-0.00379361100723513
2019-08-15,-0.006024882520237362,0.017094732464513512,-0.007810498166212887,-0.0281048460811274,0.0,-0.015954689835337776
2019-08-16,0.008010994466061327,-0.00638087844575922,-0.012533482394113012,-0.04380524194120383,0.0,-0.02430000833371227
2019-08-19,0.036596389167499375,0.05643977796007302,0.0745838645651384,-0.01908366405243498,0.0,0.046951998476726986
2019-08-20,-0.04016451722571268,-0.042982585471174506,-0.039581108020388646,-0.06361013448469835,0.0,-0.03879427255302466
2019-08-21,-0.021761510874519538,-0.05262542804856629,-0.08492816134389986,-0.06916609713116315,0.0,-0.03478818128162319
2019-08-22,-0.0486634046022694,-0.07071463122303129,-0.06105851797978343,-0.06865666467763457,0.0,-0.044792857290448435
2019-08-23,-0.02914568494555103,-0.0791819685972862,-0.07812592891449964,-0.06706527345133287,0.0,-0.02677844736493841
2019-08-26,0.02180505731376091,-0.021268111505592026,-0.022852924198280743,0.010021226761876162,0.0,0.023694822286007555
2019-08-27,0.03276966601766173,0.00859467710396524,0.02023012132209106,-0.0009258801224457328,0.0,0.04698358832373123
2019-08-28,-0.01909150797792569,-0.05409333884039994,-0.05717406984607446,-0.05238488829416307,0.0,-0.02325230711648127
2019-08-29,-0.03591210457155265,-0.06981951593298262,-0.08853476005076216,-0.058566391483957016,0.0,-0.013552037694964957
2019-08-30,-0.04746109485921244,-0.03245765589627541,-0.010555126405673743,-0.0642799891453466,0.0,-0.008905100504346416
2019-09-02,-0.012496867668524932,0.005190114008635699,0.025418955163410167,-0.0188919509337258,0.0,0.017320933202859382
2019-09-03,-0.07542725468998496,-0.039310149333468956,-0.02924621541942381,-0.06932572134990737,0.0,-0.05483344811072351
2019-09-04,-0.027344631872625803,-0.01376523295250021,-0.022480066550261704,-0.06863445934681563,0.0,0.01710486450565561
2019-09-05,-0.004634996765516777,-0.014159652673653987,0.011894338467076557,-0.06513594057858374,0.0,0.0034552515626628966
2019-09-06,-0.06910158752594846,-0.0665007367955097,-0.05155429603461525,-0.08662690338591131,0.0,-0.031908644358030445
2019-09-09,-0.05640903193166172,-0.012997297299904354,0.05418361148860512,-0.04736866658686606,0.0,-0.032737861714069706
2019-09-10,-0.06484867250517833,-0.059475751080515726,-0.04357907378443369,-0.07559618277086069,0.0,-0.03401383204214518
2019-09-11,-0.035745935098216296,-0.07116643026452517,-0.02243388446482315,-0.04120038609348462,0.0,-0.03648001975881353
2019-09-12,-0.021938113903997986,-0.05962153383899374,-0.04878985574795231,-0.03047937142020601,0.0,-0.0398090883559181
2019-09-16,-0.03675182050157171,-0.09532505046274692,-0.04374991339178394,-0.05571590186983336,0.0,-0.06850429449228455
2019-09-17,0.018377715408312133,-0.01861123643864824,0.037612327182664315,0.0171396134054926,0.0,0.01959858293467561
2019-09-18,-0.0297860267551823,-0.08684647811727486,-0.06120587888925182,-0.021552272042221425,0.0,-0.020672411851711717
2019-09-19,-0.05823649844779149,-0.04741687592397718,-0.006013312983657824,0.0020572425360591553,0.0,-0.03358667058648102
2019-09-20,-0.06613109101279041,-0.09849320218162116,-0.09480884065761476,-0.0792363220626513,0.0,-0.040523946471178365
2019-09-23,-0.012068867447218747,-0.06985398583582698,-0.031191348568046885,-0.009090913450305422,0.0,0.004852893330685562
2019-09-24,-0.03165058315177068,-0.07442912503317042,-0.033700640965203886,-0.03334908573735711,0.0,-0.02664393116162815
2019-09-25,-0.006098976222482003,-0.022034097386316277,0.025970709857899815,-0.03835394309639933,0.0,0.030256909544753904
2019-09-26,0.015796909615352357,0.010726165847890774,0.06252323173054296,0.012548391457675038,0.0,0.02876007134107343
2019-09-27,0.0029349212973886003,-0.012678662979565498,0.029363232959953883,0.038192662557803014,0.0,-0.004009036935469472
2019-09-30,0.027389440485758115,-0.005551215266276875,0.02922237501283727,0.014321612628721368,0.0,0.009882227534442244
2019-10-08,0.008866640213754775,-0.06731186768062956,-0.03902706323540568,0.03344429180823202,0.0,-0.014940651129009445
2019-10-09,-0.037226875027477256,-0.01820066083801526,0.03738829700190068,0.02603986862979455,0.0,-0.020350156876507926
2019-10-10,-0.022352439767284533,-0.007521592248551407,0.07182270618363025,0.03381759463065189,0.0,-0.029217439356562066
2019-10-11,-0.02127345623286103,-0.06787639837699301,-0.06634001307689144,-0.07116543214012819,0.0,-0.01760182174786944
2019-10-14,-0.004092658255528765,-0.016832460987696096,0.030509575931295736,-0.051548466665462325,0.0,0.004952656918599691
2019-10-15,-0.054612616495771274,-0.032133659605446944,0.0305402969696248,-0.05409644058131673,0.0,-0.028186744023756333
2019-10-16,-0.04564534089803872,-0.07310158756541356,-0.026087699146998294,-0.06650445305651492,0.0,-0.037883906173144986
2019-10-17,-0.06100342700733742,-0.08520912167783368,-0.0721293375652029,-0.04308174276195824,0.0,-0.05141269741037496
2019-10-18,0.015146581023264733,-0.037290874438827996,0.007335524365277693,-0.03545996221480193,0.0,0.0036497697836589908
2019-10-21,-0.025330610842451445,-0.06323336041730764,-0.0017820696811969338,-0.02102794376789753,0.0,-0.040773927419818244
2019-10-22,-0.03926718631063367,-0.025816354285109255,0.026700999047281983,0.01265252759713257,0.0,-0.05369514717330366
2019-10-23,-0.00019364680423519904,-0.05776109561716113,-0.016994945799294347,-0.012217581779456983,0.0,-0.04455523308473178
2019-10-24,-0.04306677745712979,-0.08684451277196441,-0.07047991668507556,-0.033384325146370186,0.0,-0.06686259237755708
2019-10-25,-0.03849582619748265,-0.0431801691586024,-0.012952963606871232,-0.0125860780325712,0.0,-0.0430368306698336
2019-10-28,-0.027249487437499588,-0.0069131785596663374,0.06672969703671464,-0.04493294712462151,0.0,-0.04541019714281243
2019-10-29,-0.04141597825359711,-0.005374439569735184,0.024729531181198718,-0.05964560764043619,0.0,-0.03526214555669845
2019-10-30,-0.050343767598934136,-0.035604523981346746,0.014704689003460676,-0.06013110402472874,0.0,-0.03643438639880245
2019-10-31,-0.061736670977562635,-0.05138523187707266,-0.0055882672247075105,-0.04676443622963584,0.0,-0.018602992558557113
2019-11-01,-0.013501400986412462,-0.06171830565950614,-0.02371307956809683,-0.02374727874263525,0.0,0.0030238845888935803
2019-11-04,-0.04550982939527501,-0.05871962441121405,-0.029560543364730338,-0.023920769421296628,0.0,-0.0409534943043091
2019-11-05,-0.03539029848491115,-0.047774219355691316,-0.06882616407012425,-0.017495009238460243,0.0,-0.02900750992813223
2019-11-06,-0.07185048037750372,-0.04876852283038771,-0.03827725779012263,-0.04581393641443804,0.0,-0.02107191738519838
2019-11-07,-0.08035318185127523,-0.04881057902793683,-0.030640645186216377,-0.03939655885540851,0.0,-0.04844400069661651
2019-11-08,-0.04647286117921956,-0.07221874323253193,-0.06679984261992405,-0.08488618808219561,0.0,-0.047778353947167056
2019-11-11,0.022682950529528043,0.013998325975938745,0.06794046884552772,0.017676363003209017,0.0,0.031006510761434354
2019-11-12,-0.0594562071241245,-0.03472452465629826,-0.011447489438586866,-0.008228726921653525,0.0,-0.015268135025220127
2019-11-13,-0.05417332574378795,-0.05620361033011876,-0.03173244482572416,0.014169877515993313,0.0,-0.00357343907001454
2019-11-14,-0.05476713804011971,-0.03317254559952728,-0.002020745741797041,-0.012087053588472165,0.0,-0.03107379719856601
2019-11-15,0.002905974298185921,-0.02171150188614428,0.042377647336441525,-0.004201004070390871,0.0,0.03827701592342525
2019-11-18,-0.02986884582576545,-0.032702583415880275,0.019040796730473354,0.00871096318070613,0.0,0.03532758617035077
2019-11-19,-0.04561207680118809,0.004639336967147788,0.04310241743404194,-0.01417412527790574,0.0,0.011141691529916222
2019-11-20,-0.023047478908513906,-0.023073033064407427,-0.0237409047488223,-0.06589685116319269,0.0,0.015823707052635427
2019-11-21,-0.0313011084640399,-0.08491895536485548,-0.06689781678489709,-0.05681412130868024,0.0,-0.02693547350223976
2019-11-22,0.04617069690429309,-0.018057743843813683,0.018764394058018486,0.0008827668509225127,0.0,0.002277167983959183
2019-11-25,0.006169068147278417,-0.055684381089517614,2.0263562860477203e-05,0.0166500693216532,0.0,0.019245650432794328
2019-11-26,-0.023646643177684414,-0.05247355054811266,-0.05652659949409481,0.03190693237098649,0.0,-0.01927378316511256
2019-11-27,-0.01673896918794172,-0.035263596432466536,-0.07494366387104703,0.012061949371123013,0.0,-0.02380398135997612
2019-11-28,-0.016102086963944995,-0.05510385192822173,-0.04580672222347076,-0.029965786360703062,0.0,-0.032046046251775144
2019-11-29,0.01579364853617361,-0.049373655882522315,-0.05600655131593209,0.024929624045282983,0.0,-0.03744722419483042
2019-12-02,-0.00733418082863868,-0.05299615808852181,-0.03681065032764986,-0.009995226631954193,0.0,-0.024097406060264642
2019-12-03,-0.005965114174893132,-0.02995307417048328,-0.004720601729308174,-0.02321997754347329,0.0,-0.03410647763486937
2019-12-04,-0.018409696596985676,-0.0646472725034923,-0.05145353963284695,-0.036042499833603935,0.0,-0.010016712867423914
2019-12-05,0.009484459942534499,0.0053530735721070075,0.02549480332609092,-0.009288698395900484,0.0,-0.017939616519570472
2019-12-06,-0.044999925166601853,-0.015072448258279015,-0.010099442880929552,-0.04823315859887328,0.0,-0.053354694216420674
2019-12-09,-0.04131172121775923,-0.046939235979421956,-0.0516403290645076,-0.06952502642944157,0.0,-0.031264700309894276
2019-12-10,-0.05541814782188072,-0.03746648819111426,-0.02380550620880128,-0.05523883855983709,0.0,-0.07338074156254383
2019-12-11,-0.054132878480734864,-0.060252656333215485,-0.04626126140865736,-0.05473965316485209,0.0,-0.021543321732035912
2019-12-12,-0.02166455985272859,-0.07105057249822841,-0.09665312446087548,-0.06672064354440906,0.0,-0.062175610613343826
2019-12-13,0.003189928054918599,-0.006837766983949201,0.02983596597124652,-0.03255153691797087,0.0,0.012079414553474735
2019-12-16,-0.04806373695218373,0.021275581113804364,0.06965364089029695,-0.040380971139351,0.0,-0.01979638790099392
2019-12-17,0.005647477268377242,0.009182902564828878,0.0440956889307194,-0.06328356526208577,0.0,0.013875451673201148
2019-12-18,-0.048301955523976314,-0.0767845765963488,-0.07452712066009791,-0.0784262527259198,0.0,-0.038169009064525465
2019-12-19,-0.06696566374828104,-0.08766085617527287,-0.03451516233554192,-0.0945891460269615,0.0,-0.0778609420857992
2019-12-20,-0.03807933189909093,-0.04328673737124006,0.02232315545781518,-0.0368124080322084,0.0,-0.03886637336701331
2019-12-23,0.017703197386674138,0.006567615262160428,0.06902683183470269,0.04094344435137935,0.0,-0.002564398032478107
2019-12-24,-0.012797966420231505,0.0024277634566740544,0.046047123929115696,0.04445764412171808,0.0,-0.02215811298986673
2019-12-25,-0.05645053845956051,-0.05478458767250312,-0.00965158793328512,0.0026467699626991706,0.0,-0.054743512856608126
2019-12-26,-0.03433939077857189,-0.0458610516912793,-0.019994478945192573,-0.02940620322756546,0.0,-0.022700165527109545
2019-12-27,-0.03870712732127557,-0.043521654178402445,0.004250858667344939,-0.024592702750404587,0.0,-0.04649681579832415
2019-12-30,-0.028787666877503462,-0.02915990887046396,-0.015136505688617366,-0.0071859919480966586,0.0,0.010178287405193673
2019-12-31,-0.08947099906070147,-0.06091579299002212,-0.01444026755208045,-0.05058557008212662,0.0,-0.03618913329596629
2020-01-02,-0.024814735630351175,-0.029020199853604097,0.03643304436333867,-0.054797896439312245,0.0,0.04279908313351286
2020-01-03,-0.07556244645656217,-0.08241664965526575,-0.03632697792819322,-0.10238485450622192,0.0,-0.02326193883929445
2020-01-06,-0.039610841184633,-0.05218851086239673,0.0026850105480359147,-0.06550245478967859,0.0,-0.005982876023354025
2020-01-07,-0.06214146419817689,-0.0727640547221497,-0.0009582915222686993,-0.10008028718547178,0.0,-0.026035551989226066
2020-01-08,-0.0237669735457954,-0.045624650970418845,0.015606395749262581,-0.07795410442115878,0.0,0.027017937466272287
2020-01-09,-0.05295142259975935,-0.06506104980352992,-0.010136376928275,-0.05005062302160032,0.0,0.006689689605470128
2020-01-10,-0.09163964511764178,-0.08718172814375258,-0.058437174867986164,-0.06783803554981867,0.0,-0.02873212454994305
2020-01-13,-0.0789653871784946,-0.06763149699841883,-0.009102273620724613,-0.022680369862193295,0.0,-0.025465626574947275
2020-01-14,-0.0742098713757629,-0.09290326058903496,-0.056176261373728845,-0.056329673874849745,0.0,-0.048631271193098895
2020-01-15,-0.06716548005742119,-0.0890879190089467,-0.0825659253667621,-0.03802909086706816,0.0,-0.045402076088776014
2020-01-16,-0.049862510036138286,-0.10517188004780958,-0.058560317422994924,-0.04510661968190998,0.0,-0.02484066408993656
2020-01-17,-0.08255685321189035,-0.09336529962242611,-0.0496241292786461,-0.07076066105460989,0.0,-0.07340372637284484
2020-01-20,-0.07281174297304965,-0.08239959023225958,-0.019011879047061836,-0.04427662559875818,0.0,-0.06945055825143175
2020-01-21,0.009819971357140822,-0.06961481663341539,-0.020330946157331265,-0.07443383005196334,0.0,0.02968548096429377
2020-01-22,-0.03405484329432808,-0.0800031706686353,-0.04678658497159198,-0.06360226925143701,0.0,-0.004260000774264707
2020-01-23,0.06024641280376726,-0.010186604606154774,0.06458879041915651,-0.03549043676402432,0.0,0.07737796418717546
2020-02-03,0.1096565497302561,0.06460201300606751,0.09315917925078526,0.08239505872793368,0.0,0.12637918303985715
2020-02-04,0.08786409697056134,0.0635151999658385,0.014754296594731632,0.03110477144931917,0.0,0.09878554861792928
2020-02-05,0.05988366895709656,0.05829186572147604,0.07077326427237136,-0.004346647534151967,0.0,0.0646893685594793
2020-02-06,0.052280692444782575,0.04061254979280104,0.06685613990539246,-0.007333864486993472,0.0,0.042460793676482755
2020-02-07,-0.021345002121430222,0.005437714598130996,0.013168729780665678,-0.07265987901683288,0.0,0.017074182343629726
2020-02-10,-0.021611020773694523,-0.007411663990387327,0.004958882398970852,-0.0911331573078137,0.0,0.05052635943288478
2020-02-11,0.007155966344592442,-0.027589740683317085,-0.02935652897064483,-0.061113699902723154,0.0,0.017077966435939472
2020-02-12,-0.01990631231657267,-0.0020092495820997593,0.01344811880255645,-0.038815800102689764,0.0,0.0011107015659908835
2020-02-13,-0.007960588845793726,-0.009163738935279914,-0.019285110006097776,-0.06210692867199259,0.0,0.010696373925735359
2020-02-14,-0.011085533851857702,-0.03782530951664287,-0.04685149282255449,-0.03780442732981157,0.0,-0.009668110699751006
2020-02-17,0.023327853645835894,0.008241017880688279,0.0425459935689278,-0.030594242003708284,0.0,0.0477016764652739
2020-02-18,-0.03504013987230996,-0.0326776751814021,0.026456539238575463,-0.095315961449847,0.0,-0.019659646896056513
2020-02-19,-0.02234826369754396,-0.03680787956259678,-0.016215875337666507,-0.06865350122292481,0.0,-0.01745283046788875
2020-02-20,0.026168279332328882,-0.005122997378513851,0.018363894532305896,-0.03446472767933329,0.0,0.026446763103022942
2020-02-21,-0.01782791467170602,-0.018708815382686938,0.0014965938978793282,-0.0713196060323381,0.0,0.0007339090270417504
2020-02-24,-0.016774054949128953,-0.02066707522605652,0.02854805637901473,-0.06436322977173337,0.0,0.024587292018527742
2020-02-25,-0.0018907434630212588,-0.030853407823535673,-0.027978484953714567,-0.05590806443971528,0.0,0.04221800707439077
2020-02-26,0.0446005176770544,0.0024802655427244974,0.031525975702566426,-0.009188073918312242,0.0,0.012408527878207067
2020-02-27,-0.01783198021405525,-0.02817675765917679,-0.04516276952729675,0.005579141946397408,0.0,-0.018657951297190098
2020-02-28,0.0823976094916662,0.03621458868282429,0.06338620817139833,0.07075327695888005,0.0,0.0960437608673459
2020-03-02,0.05936878380658567,0.028006336614549834,0.061519332482463746,0.07190500818116967,0.0,0.07927361115872428
2020-03-03,-0.00290972237933612,-0.017854878660489692,0.0009177403322203949,0.029813840580266565,0.0,0.012931343549767924
2020-03-04,-0.009784473082742856,-0.037738205022454965,-0.03241728575225671,0.016300148377667356,0.0,0.016737014340641662
2020-03-05,0.020474402788565823,-0.03112446488701505,-0.026339564708846176,-0.008530813330344727,0.0,0.041010087799924516
2020-03-06,0.019843701589840806,-0.0344901776493848,-0.04607203703319903,0.010703540795533045,0.0,0.013106645705235521
2020-03-09,0.059878834864933186,0.016850899122973644,0.04089980883249766,0.0356673026498734,0.0,0.07685092844908739
2020-03-10,0.05500421708197906,0.007786297652007675,0.025352254761949484,0.051036112974580876,0.0,0.043462205246679056
2020-03-11,0.03821636916702478,-0.023043331490621526,-0.017715746740942676,0.025855491841104646,0.0,0.022529081760740952
2020-03-12,0.07170715525095371,0.006439869576976922,0.019055808648459086,0.08072094262607608,0.0,0.05695947957472397
2020-03-13,0.08750674436625905,-0.011087364516719189,-0.006107971131937891,0.059228158438915025,0.0,0.061657195670724745
2020-03-16,0.1177394644735657,0.03070447275791249,0.04728881585677281,0.07288151763701851,0.0,0.09067506912001638
2020-03-17,0.07548142803627857,0.012579244304188636,-0.00705913589466512,0.07175731955994509,0.0,0.04682809010891877
2020-03-18,0.09643121507169618,0.03305331937536698,0.025389785995790448,0.08207817870859418,0.0,0.06436797888553035
2020-03-19,0.1041924697756161,0.03166740354468015,0.015138020389359033,0.07442851560467963,0.0,0.08035348081985677
2020-03-20,0.09603866741955384,0.03664524545414444,0.008896808095154073,0.09164341568693901,0.0,0.08656313555777911
2020-03-23,0.12685426823837326,0.06617390665301902,0.06317062118269348,0.10648238513724546,0.0,0.0975788736093845
2020-03-24,0.09129470024722677,0.05687916672726602,0.0437157690013846,0.07486346588922209,0.0,0.09955271898004105
2020-03-25,0.0630061257896635,0.037628628827755084,0.03488248989708399,0.0546590805040528,0.0,0.07783600431731069
2020-03-26,0.05198214941420515,0.008876159863174546,-0.012740373354377985,0.05573662363065345,0.0,0.06645245032321667
2020-03-27,0.019112782170027782,0.006051578365067374,-0.007790146343850848,0.05137983998895013,0.0,0.04993351265032535
2020-03-30,0.047811768651486494,0.03793761562037189,0.03309172865980823,0.06851354021261928,0.0,0.05826048728169073
2020-03-31,0.03250136565982096,0.0022793852363626054,-0.013902689141856451,0.06440878322121682,0.0,0.021883831914027214
2020-04-01,0.027127586484989405,-0.00912240469483739,-0.020573645330893953,0.0509169311339598,0.0,0.014251124933607619
2020-04-02,0.05082153067951503,0.03288107725374636,0.03971586430067098,0.07611600224145057,0.0,0.04243104185365257
2020-04-03,0.036604157992946314,-0.01117541975492204,-0.022499559583207526,0.029131795252366956,0.0,0.02015732888092618
2020-04-07,0.0496106307031982,0.020234262973578297,0.03922294819834801,0.018310507068412352,0.0,0.04236263234544693
2020-04-08,0.002216728465086674,-0.0458649140609076,-0.03453380832465386,-0.03365527397154058,0.0,-0.02107227877224357
2020-04-09,-0.011606355219978638,-0.03291950283263375,-0.028038417504818666,-0.028914044095518805,0.0,-0.001992468016949839
2020-04-10,0.03597436735382862,0.004265951440585563,0.028802898757368096,0.002481360449431939,0.0,0.030157690735577437
2020-04-13,0.013137771997078185,-0.013597302860809117,-0.004369778639138187,0.04044994884335687,0.0,-0.013694146927581616
2020-04-14,0.04336602204041254,0.01307757166738402,0.019461904575755487,0.04502648257482886,0.0,0.025582613336329874
2020-04-15,0.026075047818428978,-0.027581263020355046,-0.045015587380113645,-0.0011160195770388915,0.0,0.0062657724482676055
2020-04-16,-0.016145260565926713,-0.040748432510043044,-0.050668537787145286,0.0167741886713123,0.0,-0.011265610606525159
2020-04-17,0.03720078549428508,-0.04904983440190088,-0.058150243678501315,-0.012824742580014424,0.0,0.0039908229998021185
2020-04-20,-0.009830670854487113,-0.051201320825211685,-0.03236191306388525,-0.03196210867801756,0.0,0.003743381865268545
2020-04-21,0.013168448145653945,-0.05160220898196443,-0.040781754945757476,-0.013607805159458912,0.0,0.008789496758004358
2020-04-22,-0.007041511647749108,-0.06018596543180896,-0.049018620050467865,-0.0026057067225330553,0.0,-0.022892382153166222
2020-04-23,-0.01653364827605892,-0.04824437146958857,-0.05721910899078573,-0.0170583399379227,0.0,-0.008927124965992798
2020-04-24,0.02818776180225842,-0.022541049613221332,-0.004733824479046796,0.028719817962835598,0.0,0.012937811056639796
2020-04-27,0.0018025336941241506,-0.057055267009220784,-0.04021672239660941,0.018110507187207057,0.0,-0.017411577317564122
2020-04-28,0.010404225195003848,-0.03636898800639916,0.0007305338284506389,0.010042731646100974,0.0,-0.0036762205700944027
2020-04-29,-0.00906338367949385,-0.057299434605336944,-0.04321918057880268,-4.41264211997066e-05,0.0,0.015314058366930762
2020-04-30,0.027046358830479025,-0.004377637398644653,0.028190440105775785,-0.013343060367769062,0.0,0.019118751492456423
2020-05-06,0.0048405054171113,-0.030077255323080754,0.007315457634882363,-0.034647944795771234,0.0,-0.010101227060585997
2020-05-07,-0.05267056152796601,-0.07141266624648156,-0.059313618774891975,-0.08468218396571293,0.0,-0.031131243925023946
2020-05-08,-0.026600844551480207,-0.05857018091254782,-0.04487294294622589,-0.0766582683271982,0.0,0.0013530361025571648
2020-05-11,-0.04696495836132447,-0.07417220511752874,-0.07897403150621946,-0.05781311783940282,0.0,-0.032197762121983144
2020-05-12,-0.07388538238071879,-0.07280446906501406,-0.07049303162524989,-0.027189324702391215,0.0,-0.026299455242261533
2020-05-13,-0.05799419746994729,-0.07271732849465044,-0.050773638955079005,-0.03465420453355416,0.0,-0.035672312865820975
2020-05-14,-0.01252193405351193,-0.04606833648417624,-0.04468971245379479,-0.02366958145800876,0.0,0.0006007763087787334
2020-05-15,-0.021506061321129612,-0.06456416575680728,-0.06939519694373462,-0.03682900737134027,0.0,-0.01946064144351286
2020-05-18,-0.02594185838083281,-0.0500522482795723,-0.05564047660089658,-0.03175691173130711,0.0,-0.03664632117728886
2020-05-19,-0.04425849710390661,-0.07264172720042204,-0.06425570000123944,-0.05601454519301307,0.0,-0.04129432042533506
2020-05-20,-0.01998023584476615,-0.047880234932422494,-0.02972510140935168,-0.0324020309272111,0.0,-0.020342133240608823
2020-05-21,-0.03690428639072181,-0.04075667498023394,-0.018824384657350937,-0.013212948805977185,0.0,-0.027718106158636305
2020-05-22,0.03410938957980678,0.0001324085665037526,0.017530275539111823,0.04878062194863338,0.0,0.03619355770264148
2020-05-25,-0.03408534211320715,-0.026913810235306063,-0.02950476309598173,0.031228584749767075,0.0,-0.014081327057529661
2020-05-26,0.00042546899311948755,0.015044133444906028,0.02662663660653655,0.02824132095126124,0.0,-0.0007303482346661914
2020-05-27,-0.011032039308234117,-0.021455473246702356,-0.029280829538053943,0.023397894209690063,0.0,-0.016210853141916618
2020-05-28,-0.018478447092442726,-0.028454525779700226,-0.04269298498916729,0.025999230487236152,0.0,-0.025354172460563082
2020-05-29,-0.02164838779851391,-0.02765457890008784,-0.036053730896961976,0.0106083483856029,0.0,-0.008689102451231272
2020-06-01,0.04392267399382054,0.0005426295119349797,0.03597771438559937,-0.0263819143403912,0.0,0.058797256959967986
2020-06-02,0.0017876063920350593,-0.05463321178802244,-0.04113774091026001,-0.04045397902587317,0.0,0.01214298852626064
2020-06-03,-0.027288613251004956,-0.0712383643546947,-0.06812310686160179,-0.07634755652642586,0.0,-0.03202887425606978
2020-06-04,-0.06849147994991552,-0.08512281897731595,-0.09022471455965975,-0.08073543660315284,0.0,-0.034300392348850045
2020-06-05,-0.06060913098689689,-0.06722426813250892,-0.09147923871449548,-0.0731309449549608,0.0,-0.046061175762259626
2020-06-08,-0.01715524189571192,-0.06689748001675817,-0.07374612509050846,-0.027116967872859665,0.0,-0.056054533282914966
2020-06-09,-0.032791235271717074,-0.0659741213924567,-0.06910396848473253,-0.02522661301125998,0.0,-0.05197046992282749
2020-06-10,-0.07163516194127212,-0.08252233394960992,-0.10162565613850766,-0.05085808244375132,0.0,-0.043401122167581956
2020-06-11,-0.005065854067990816,-0.06037468185848356,-0.0616534651058979,-0.05671588863484574,0.0,0.017359820413662543
2020-06-12,-0.02496477709708075,-0.07349985142436481,-0.08777847659333814,-0.039412690185186706,0.0,-0.0023086449263439316
2020-06-15,0.01204316495891259,-0.08843237501456164,-0.09834432484288072,-0.06439753738086668,0.0,0.0017684702479179783
2020-06-16,-0.01166512028689725,-0.04423968391414559,-0.009887205587847153,-0.059664667200108414,0.0,0.01224750413827514
2020-06-17,-0.07367024397614158,-0.05727820563105809,-0.056867323003050134,-0.08341409526107094,0.0,-0.01757038043714045
2020-06-18,-0.035405586020364,-0.07522506209014547,-0.05967494650025382,-0.07957217441007448,0.0,0.017222710993935665
2020-06-19,-0.007431789391873428,-0.07021068227020512,-0.07607322994556616,-0.05870515980738261,0.0,-0.0188076985051893
2020-06-22,-0.04026513835379032,-0.08306890276951251,-0.07746030069778109,-0.08599887284893076,0.0,0.003625470919306375
2020-06-23,-0.05166551935127085,-0.07650238506147616,-0.08515210901479266,-0.060440084228849736,0.0,-0.044198174683607025
2020-06-24,-0.07012057280980243,-0.07652657575052976,-0.08554810212911174,-0.08428510547254958,0.0,-0.04808371795843194
2020-06-29,-0.045450560727084144,-0.06506726582906973,-0.07973707214680759,-0.06676382504467164,0.0,-0.007658919849975392
2020-06-30,-0.035285860839282424,-0.04286744204559331,-0.026095415542065778,-0.06551619747471296,0.0,-0.020768073242340868
2020-07-01,-0.012722085451384688,-0.08032804959078912,-0.08622122786880411,-0.06406552270910175,0.0,0.06388913986957341
2020-07-02,-0.0011191571254473166,-0.0493419201714329,-0.07325799481627183,-0.07100154557957401,0.0,0.08402259345575476
2020-07-03,-0.015388662835900839,-0.052022040745409295,-0.06489702205642242,-0.07658698997354764,0.0,0.05618011230539702
2020-07-06,0.008833068081239485,-0.009750055521696483,-0.007367800623697078,-0.076586776914261,0.0,0.08736297497893954
2020-07-07,-0.012180575482382655,-0.012412151146497184,-0.018833260832966006,-0.06084539290469531,0.0,0.0591551997056645
2020-07-08,-0.013681213237385801,-0.013419565805812238,-0.016291948770709972,-0.07374671115334468,0.0,0.05077845469246148
2020-07-09,-0.03506530402551465,-0.023805355610340542,-0.012424053034262746,-0.08082320083460096,0.0,0.018307917494754498
2020-07-10,-0.012825967209225117,-0.023299996767074137,-0.02891636864733002,-0.09233523085519513,0.0,0.06175993699029521
2020-07-13,-0.008381594831388032,-0.01966135555055841,-0.023527991359928932,-0.0651413475788654,0.0,0.06310733574901815
2020-07-14,-0.02653498563631931,-0.017875023439663767,-0.030532320761235146,-0.05103725654335453,0.0,0.030424570823332872
2020-07-15,-0.00839538113479767,-0.003701121853989102,0.0025013924970929474,-0.030613963259062002,0.0,0.04695818314654435
2020-07-16,0.04030444594967015,0.021709910567440933,0.03228846729446597,0.03269914588184926,0.0,0.07095680028874816
2020-07-17,0.007387713416392139,0.008741554440513053,0.007164461575490073,0.038825284971227086,0.0,0.024262816979220225
2020-07-20,0.006386248852332921,-0.0036564320003439434,0.011087082811013746,0.02610021077095915,0.0,0.05552279766637879
2020-07-21,-0.04885733906071639,-0.03379290870387105,-0.02523775306729494,0.01234112521352201,0.0,-0.010566484554531783
2020-07-22,-0.017190873795104537,-0.036281465362220065,-0.02144982291913685,0.003324435565134138,0.0,-0.026776244042441458
2020-07-23,-0.05693602516013468,-0.04901348639698558,-0.03641207672866598,-0.030754064436953717,0.0,-0.0023377767783459256
2020-07-24,0.01776678936668624,0.001916251028462051,0.018062290840224877,-0.021543842794458184,0.0,0.053207227138226953
2020-07-27,-0.0349324897606277,0.004063329150297782,-0.015321435336921539,0.0022907668868901786,0.0,-0.008912909755927617
2020-07-28,-0.04761014353665997,-0.0005420737313378458,-0.019019272415421343,-0.018066392128225705,0.0,-0.01285311567550632
2020-07-29,-0.04172869654675196,-0.0002880293983908093,-0.001040904841578659,-0.009975358692845477,0.0,0.005373329629668636
2020-07-30,-0.03517466833487279,-0.020850382605223896,-0.03897497388401788,-0.022232635452259827,0.0,-0.031248056433518648
2020-07-31,-0.03692837916497047,-0.03449165576895745,-0.049940670388625846,-0.02419053291992355,0.0,-0.00824822186149907
2020-08-03,-0.04415980297592639,-0.04209263560314611,-0.025448583038969932,-0.08306775506626093,0.0,0.035880930719946906
2020-08-04,-0.05488837054270534,-0.041448852235905276,-0.03470228211958854,-0.0793075488545921,0.0,0.010964400339161889
2020-08-05,-0.08521429180294599,-0.060419197530855166,-0.05682354153843451,-0.06336123642979884,0.0,-0.03972209584480761
2020-08-06,-0.06575324404880324,-0.05096236077937403,-0.07785283621464803,-0.056673658902119395,0.0,-0.06121155251735362
2020-08-07,-0.039509296218287,-0.04294434224740128,-0.052388380388239654,-0.017539062874857538,0.0,-0.024192858124760998
2020-08-10,-0.04798223031194578,-0.04924030967434931,-0.06483484945338623,0.016268220465082094,0.0,-0.0008854393084853341
2020-08-11,-0.021713027357879097,-0.04000516271901528,-0.050381346172561875,0.029732308383980333,0.0,0.017861518891602833
2020-08-12,-0.041873874448826565,-0.027693209983880196,-0.021877958339154867,0.04027174171208576,0.0,-6.63523939051211e-05
2020-08-13,-0.06007009126425712,-0.038636459641269175,-0.04855641739924078,0.03785291898129153,0.0,-0.05644109965841535
2020-08-14,-0.04645278156455114,-0.04624321272027733,-0.04466677828201556,0.029540598225295468,0.0,-0.03155455136085671
2020-08-17,-0.0025278134755751646,-0.03884745177325266,-0.021629807643340535,-0.007965536112978847,0.0,0.053717469854312444
2020-08-18,-0.07892093165691953,-0.0676156620247946,-0.045758238606547486,-0.017011152449834418,0.0,-0.028157690371405992
2020-08-19,-0.04036207111626135,-0.04069891825480604,-0.03090533469489702,0.010844091051205455,0.0,0.0006253454987194016
2020-08-20,-0.032208291555745255,-0.03177063515086941,-0.030641605995930982,0.010263797596689045,0.0,-0.014826156117430031
2020-08-21,-0.049880907361355246,-0.037208070628516235,-0.04260303361694324,-0.00655811542477238,0.0,-0.035135570137696845
2020-08-24,-0.05498256001277007,-0.04324942846818092,-0.05382021142620608,-0.018703579850719684,0.0,-0.036691488764369715
2020-08-25,-0.04970292338572244,-0.033603368825810644,-0.057029395164207214,-0.03258747865222075,0.0,-0.05504387189795762
2020-08-26,-0.008304254702413033,-0.018899064015212314,-0.017401193146265283,-0.021655411275387566,0.0,0.00481681156488039
2020-08-27,-0.06177288274646653,-0.02226748359157711,-0.040009028654645847,-0.027277188411283876,0.0,-0.033188239836654684
2020-08-28,-0.015295017630786332,-0.030508189320702758,-0.05045515431113343,-0.036790926770605074,0.0,0.007594420079922468
2020-08-31,-0.0051740966990017085,-0.03465904400031619,-0.050481338309481,-0.027894947407873877,0.0,0.014445113562969868
2020-09-01,-0.06435949302243087,-0.05141140221712318,-0.06652425097164105,-0.009503733910828958,0.0,-0.05128165829482653
2020-09-02,-0.08046847624293448,-0.06756562327887487,-0.08043366680694775,-0.05371756725686958,0.0,-0.05754390760895639
2020-09-03,-0.05168906891570098,-0.059308770032035045,-0.06421595891751418,-0.0560024567399978,0.0,-0.06356191185166636
2020-09-04,-0.04335456832513815,-0.03800999000633822,-0.06737968424117229,-0.01055145266911649,0.0,-0.04136716485669116
2020-09-07,0.023433453501619926,-0.001022085127639039,-0.03315889555749195,-0.0007285631437145856,0.0,-0.0014881900912800396
2020-09-08,-0.028277748413725125,-0.02920154615917149,-0.05055618359569317,0.0010624701353086183,0.0,-0.030695279246067526
2020-09-09,0.022837268806853932,0.03061455846362576,0.006995429338677097,0.040746518357415495,0.0,0.021290184140230078
2020-09-10,-0.007951477589648343,0.034042553795585226,0.03979273144804518,0.05796548412503421,0.0,0.005568054229471369
2020-09-11,0.003484305988388097,0.033744077243273905,0.04155473109571457,0.06742686868753782,0.0,-0.014961212300714786
2020-09-14,-0.02620202030332476,0.030959966904587372,0.03227282032904709,0.04602180094245488,0.0,-0.023266643052303013
2020-09-15,-0.017094345453825842,0.021246019289927552,0.01706347566112758,0.03652401744693815,0.0,-0.015848798381042434
2020-09-16,-0.017224252507177892,0.015334918701370371,0.025264193835832796,0.03248993510620579,0.0,-0.02845403253131301
2020-09-17,-0.026397788090926536,-0.00021049198411267277,-0.0017811746162529455,0.024508775558475766,0.0,-0.02707872596589422
2020-09-18,0.015611701774597544,-0.005030779977110534,0.003096455024737736,0.0018231672038867214,0.0,0.05178316769531385
2020-09-21,0.005608482201653351,-0.010683409034268733,-0.02032622118577167,-0.0007808961439678612,0.0,0.014927968416742666
2020-09-22,0.0189141298589424,0.007731299888887645,0.012380643288474413,0.015092255447709084,0.0,0.03878347250387169
2020-09-23,-0.026301306783774292,-0.007545457591170652,-0.011116515524903652,-0.01008319080395998,0.0,-0.034924974641736106
2020-09-24,0.04347805019576747,0.02129868644753046,0.02544776447454547,0.027272098389612448,0.0,0.05194653098812568
2020-09-25,0.011822367269636681,0.025867895836233414,0.03529778527284001,0.045722388850816434,0.0,0.028184645686804795
2020-09-28,0.0053794445753871465,0.038294184717076296,0.04729190828540142,0.04308950305988245,0.0,-0.02132882571662304
2020-09-29,-0.00448116830723447,0.029793541760543687,0.042236663782435124,0.03891705379880164,0.0,-0.002521533555395839
2020-09-30,0.0006098949863347575,0.03056721530157564,0.027835770709016983,0.011987742439750228,0.0,0.0036469471995214833
2020-10-09,-0.014937928181241178,0.04351983933565231,0.06025516205890587,-0.0009493359347442549,0.0,0.03213787197025686
2020-10-12,-0.0015686255917712558,0.03775878742488987,0.04316465673414094,-0.05160510991677578,0.0,0.05190703383570754
2020-10-13,-0.07546079057905236,-0.005829000020991161,0.006661972902689099,-0.08415178437193606,0.0,-0.012368530440803459
2020-10-14,-0.07281976955018636,0.01413512483086355,0.00775017176912314,-0.0784020638049695,0.0,-0.0522559150804931
2020-10-15,-0.06455248359391845,-0.006235036827633264,0.004116362617217192,-0.05413789856907508,0.0,-0.04124998663709385
2020-10-16,-0.05986657084304764,-0.002030100873091021,6.87513863560469e-05,-0.030059022439335843,0.0,-0.024902515704064824
2020-10-19,-0.004885505600849736,0.014972096523489712,-0.006127808865433078,0.0015761183326397624,0.0,0.027434585708928816
2020-10-20,-0.04834417565527656,0.027288039742482836,-0.003237126938487862,0.015429668285531502,0.0,-0.03756580342365861
2020-10-21,-0.07106790155832818,0.027503195352719584,0.009863476265801717,0.01480366513848122,0.0,-0.026681116652764778
2020-10-22,-0.06308900914053232,0.03239790726956295,0.02676675809319697,0.04043027876259839,0.0,0.0015764779126731865
2020-10-23,-0.006954522711401453,0.04213356670055329,0.03736014063010346,0.0407168999508537,0.0,0.006310785149264285
2020-10-26,0.011416387744889414,0.038626085518515395,0.038131835692357945,0.06093446695585485,0.0,-0.010878571659562257
2020-10-27,-0.01833435802829565,0.033261726565174954,0.03675993851509682,0.037942849568339654,0.0,-0.02219188507959909
2020-10-28,-0.003998090193348647,0.006892896271231777,-0.016536746971696905,0.02126118034419731,0.0,-0.04324043846701309
2020-10-29,0.008885370574749552,0.006066527698403448,-0.0038993003450555975,0.005398022971979492,0.0,-0.007473984109531501
2020-10-30,0.04668963755405824,0.05420670691572926,0.04366520654955128,-0.002555768095676844,0.0,0.058123587780974484
2020-11-02,0.003078668721809715,0.043392111644696106,0.04134718188155967,-0.014528370560550025,0.0,0.04139379641071358
2020-11-03,-0.004720916127743342,0.04649832077438862,0.055013455482990206,-0.024743048771695617,0.0,0.029549989029815135
2020-11-04,-0.0474032860942768,0.00893622023917015,0.010708418240466493,-0.038711226985151254,0.0,-0.004913651569306707
2020-11-05,-0.04247225744073866,0.015486977851963632,0.013306401866404994,-0.04930402428647336,0.0,0.022501633401453752
2020-11-06,-0.07964722077734103,0.017247664025548528,0.019894210398977125,-0.014819653229958913,0.0,-0.046511523797037296
2020-11-09,-0.020870245353760773,0.031030170266325142,0.03471070457101825,-0.03202259875035064,0.0,0.011416104373173967
2020-11-10,-0.04937950314450546,0.016637402303238163,0.024914045882630867,-0.031244103588900857,0.0,-0.014920419826389806
2020-11-11,-0.01230940199516164,0.036973053331890035,0.053331725911224516,0.04445685974350211,0.0,-0.02057134089997162
2020-11-12,-0.06132531070237888,0.009920341980498426,0.0355815177556876,0.052911877496398696,0.0,-0.06834889776223542
2020-11-13,-0.01564931811897378,0.009229168713718693,0.024154326662251795,0.04713246659392458,0.0,-0.035562388651541675
2020-11-16,-0.04177957748129402,-0.01453037116535739,-0.004747761055738592,0.02484221521139235,0.0,-0.007160393292128871
2020-11-17,-0.047406431169130236,0.005165262595379924,-0.000601672816054037,0.044935759345538506,0.0,-0.026632287514142858
2020-11-18,-0.0457862553837313,-0.018042311784375615,-0.017030139152423285,0.05572507891199578,0.0,-0.04197382257008939
2020-11-19,-0.04629172094312972,-0.03368256351450638,-0.024437827699078235,0.04336865995539635,0.0,-0.055266944039337504
2020-11-20,-0.08359727271847857,-0.04302547312864258,-0.033176389900847536,0.026656160371953026,0.0,-0.06750572643498369
2020-11-23,-0.03475560013680769,-0.02268878678967834,-0.03540283959475972,0.010279430131875128,0.0,-0.004824095052261548
2020-11-24,-0.06985153277295629,-0.031461874831591914,-0.05022634681091585,0.015766739737372942,0.0,-0.045300876546707364
2020-11-25,-0.018817354458776428,0.008839303458039426,-0.014299844971703413,0.027045259558245556,0.0,-0.010646530502895348
2020-11-26,-0.04141415293970798,0.005073809303310125,0.010134574081240449,0.046491284770639574,0.0,-0.037474851673161724
2020-11-27,-0.04532298680985864,0.0043459243279873536,0.014850121968713947,0.05008597952490829,0.0,-0.019673472091552784
2020-11-30,0.00269888079372085,-0.008330715885420581,-0.0032618884076862954,0.024836657572517143,0.0,0.012645681875859018
2020-12-01,-0.010171253455693722,0.004586607671255901,0.005929963238116242,0.020509161167634838,0.0,0.0013185349668754951
2020-12-02,-0.06735577478638598,-0.02289881704473225,-0.021980459082015905,-0.00373548748867418,0.0,-0.03566720986220659
2020-12-03,-0.08094418491752803,-0.023499857230036246,-0.023589129619196753,-0.010209153181045285,0.0,-0.026687444329288407
2020-12-04,-0.09320670003360607,-0.04757582204946334,-0.025344163363276537,-0.023437962388657217,0.0,-0.05292216353436523
2020-12-07,-0.05203292958978774,-0.03642015840328068,-0.03430188035069792,-0.02122293084725283,0.0,-0.014790471544741581
2020-12-08,-0.04712697775297203,-0.03590100442036205,-0.03456983140782405,-0.018727379238910002,0.0,-0.026316044635844527
2020-12-09,0.009741459697089904,0.005966399780418083,0.019944311938702015,0.004457372771406834,0.0,0.017957625269695812
2020-12-10,-0.01245442576167342,0.011281788639595704,0.022264284168829116,0.02351558206598624,0.0,-0.023182463530049165
2020-12-11,0.014075489409045423,0.03360820201815616,0.03857162468810675,0.015112209361715364,0.0,-0.007912200968416102
2020-12-14,-0.007939578087216275,0.03247134496746612,0.03435908423837893,0.023033899257511307,0.0,-0.00949837736067188
2020-12-15,-0.023902981950109665,0.03615066028068299,0.029314500485598742,-0.006556066687701593,0.0,-0.009297987689042816
2020-12-16,-0.02608541130006331,0.02047065023428884,0.015081567759624877,-0.0016300375840787717,0.0,-0.016263877468466248
2020-12-17,-0.024850766959918454,0.018186998741500024,0.015057714374044864,-0.030870833760631225,0.0,0.005787071079533646
2020-12-18,-0.04988934007947982,-0.0019697530164268255,0.004513939303051643,-0.02172859232410812,0.0,-0.011930333228683206
2020-12-21,-0.03786103580752584,-0.0024791140229402254,0.019082889155632984,-0.04307525330852402,0.0,-0.02028167922021619
2020-12-22,0.02655201845038145,0.04286124975064083,0.054654075755200815,-0.03562542604556929,0.0,0.05778416681813739
2020-12-23,-0.005459169570626449,0.02584965505808569,0.038760144554079765,-0.02628927740594327,0.0,0.00260374072078711
2020-12-24,-0.03126562854958223,0.02978238917175061,0.04204480047157556,-0.022508136715442224,0.0,0.016660569748817917
2020-12-25,-0.037057758908363214,0.015997583604585357,0.028081433723001023,-0.012566857998823115,0.0,0.017869342940918742
2020-12-28,-0.03667489800812263,0.022438927881445487,0.0242237293298009,-0.024760306119074975,0.0,0.0069445834770430525
2020-12-29,-0.033145132683334785,0.032092114497742394,0.024307023656648073,-0.006291936160502832,0.0,0.017737988305435364
2020-12-30,-0.005766287281203018,0.01598462017317473,0.020654767916275883,-0.009928847856491143,0.0,0.011814189608428305
2020-12-31,0.00852583709771789,0.007699685400750955,0.024624252777368606,-0.0441619427522102,0.0,0.026747063459064097
2021-01-04,0.01782404663722062,0.015293076400343199,0.035407816072510784,-0.02263132828131795,0.0,0.017892942248636384
2021-01-05,0.017677424762799893,-0.0030340715458300445,0.018483182471950813,-0.04861698294715082,0.0,-0.0007511696345181727
2021-01-06,-0.004339176760378436,-0.003631930160888154,0.031311426574601293,-0.04293567712868179,0.0,-0.0002267009635172094
2021-01-07,-0.0038312372409205772,-0.022225745942772712,0.0411667669790636,-0.05639202760274171,0.0,0.025744202860039714
2021-01-08,-0.011208945070785232,-0.033401143453036325,0.025875982246358346,-0.055960155293099376,0.0,-0.0022662276739962356
2021-01-11,0.02363625054221173,0.0191110826027412,0.03764171357019062,-0.032967875119904164,0.0,0.048001922196071745
2021-01-12,0.004222758194010461,0.00039010772715473925,0.033786050415714336,-0.011466613338247507,0.0,0.025031906593847755
2021-01-13,0.013000009048602233,0.0005977691220424503,0.019952964214338516,-0.018101506148660552,0.0,0.014102881262466466
2021-01-14,0.04149246988586185,0.003113281891977448,0.007845404077985254,0.010203059479007417,0.0,0.004423310829321146
2021-01-15,0.003309256604121736,-0.01407556165166113,-0.005593674612516191,0.01644926531466416,0.0,0.02385608635816535
2021-01-18,0.001179580967298617,-0.0026228376142107984,0.026794837769208716,0.005406465849992685,0.0,0.012004777032382504
2021-01-19,0.0036013974863874677,-0.007621162836955566,0.00746765358124914,-0.009087971555158648,0.0,0.0015670792063635114
2021-01-20,-0.016420965672565943,-0.010538335126593024,-0.0038350614617295607,-0.004481442145695438,0.0,-0.021540878395735145
2021-01-21,-0.010308190889453953,-0.01930658508609967,-0.015197091824280905,-0.03951810479758831,0.0,-0.02240447730476707
2021-01-22,-0.05886588295099826,-0.03803410801770489,-0.016370528150539417,-0.05808942371611082,0.0,0.023128352458254123
2021-01-25,-0.0428480153069208,-0.0375176719647669,-0.00849912169287326,-0.059532079500986615,0.0,0.04858380780847173
2021-01-26,0.010277927717279835,-0.009773447753667171,0.01698219995300493,-0.012709806449123801,0.0,0.03860537169513872
2021-01-27,-0.025226737120579094,-0.033901769157345794,0.0067560876106430405,-0.02622201020833051,0.0,-0.0018307391895802968
2021-01-28,0.0398079688940849,0.015745573497480632,0.04747042225609506,0.012835328412250439,0.0,0.06482249177806679
2021-01-29,0.018313568246587433,0.02857275533243839,0.060215152191265414,0.025912386637082674,0.0,0.04548348072323291
2021-02-01,0.018224544294545286,0.024879884086284262,0.06009896791646992,0.03172123919808025,0.0,0.06217629922884592
2021-02-02,0.010564674162992248,-0.0009724753361361536,0.05444766065778621,0.00813123583926796,0.0,0.037119549152842275
2021-02-03,0.004768044304488137,-0.0036371243061007964,0.06088536201698891,-0.015889514865233,0.0,0.033678937882208035
2021-02-04,-0.010061711321104918,0.02824237208437267,0.07793726202549095,-0.013679129696991782,0.0,0.04083879147749682
2021-02-05,-0.008889977401613283,0.02885917927685539,0.0703456120905224,-0.029070097982135643,0.0,0.03665633937535802
2021-02-08,-0.025409490395882434,0.03944323165510461,0.08229883159475287,-0.028047069478345447,0.0,0.03697932234578861
2021-02-09,-0.034481345630240884,0.03851039132466223,0.0937122778064525,-0.043558468623321814,0.0,0.045418821599876376
2021-02-10,-0.02070841187041556,-0.009911998532490028,0.06528958331295956,-0.03397315168228893,0.0,0.03627927794957227
2021-02-18,0.009187790032875905,-0.012595221598887126,0.06434993051901458,-0.03339524878185757,0.0,0.08659610821269895
2021-02-19,-0.030167173569942918,-0.01655221428529796,0.04376815652734965,-0.01813014383774125,0.0,0.06660308937702505
2021-02-22,0.06302430041520848,0.010920377329085277,0.048426686655989135,0.012606919361397049,0.0,0.05743598167879066
2021-02-23,0.03182138164785932,0.0030710555141815693,0.04418842432174354,0.022149833643620474,0.0,0.03750914610062509
2021-02-24,0.06511742497948211,0.015623881184880938,0.03297943403933723,0.028354342038781934,0.0,0.04476884097599416
2021-02-25,0.03380941356916519,-0.010889254029351864,0.013127030230065239,0.0525123065648042,0.0,0.03985229400798157
2021-02-26,0.053821511187027445,0.03375983293475728,0.033688951909529675,0.05437050361096235,0.0,0.06930484030545997
2021-03-01,0.03991452988641654,0.03559250268525667,0.05202313300223236,0.06790497704815086,0.0,0.04561712182629926
2021-03-02,0.02146242264647587,0.02528972042323834,0.025581328881460603,0.03792303346853926,0.0,0.014206098095751797
2021-03-03,0.034041679465785034,0.016947227598958142,0.01854436200395261,0.058874337133043526,0.0,0.027876083911962307
2021-03-04,0.07730967115848844,0.04186610332883646,0.02856257595712017,0.04135655196990065,0.0,0.018588907925529134
2021-03-05,0.04944986686040332,0.029277004516895275,0.011832976544838865,0.051785110774474216,0.0,0.002960141144875835
2021-03-08,0.08758490193731512,0.04529774897956851,0.023132586138452357,0.056253825297140056,0.0,0.022474915629276178
2021-03-09,0.07771468923049848,0.09131570797633361,0.07975014208582397,0.07526848968927621,0.0,0.015603562706911885
2021-03-10,0.0485939643854109,0.06898290244075808,0.07185077741840967,0.07210935071219511,0.0,0.015383808550880293
2021-03-11,0.06209012923443991,0.07580182965890181,0.0760553715866759,0.07921995477161431,0.0,0.039025344183841015
2021-03-12,0.010516176280071713,0.04524602608528591,0.03259863761587819,0.057658976249375105,0.0,0.0036140560437684694
2021-03-15,0.041197877864308084,0.06323348373071527,0.04142777500060528,0.07676845279346967,0.0,-0.03157283962269618
2021-03-16,0.033352901287002606,0.021010878570135366,0.018855574894668253,0.07369887781604893,0.0,-0.023510066583509338
2021-03-17,0.025479330484333484,0.021798285614154908,0.009233732357128568,0.05270734079141568,0.0,-0.02778268041045197
2021-03-18,0.03390023520673299,0.004352853455367619,0.007093648889610719,0.028440718229602376,0.0,-0.031194763655688358
2021-03-19,0.06175874462264231,0.03217634309137874,0.008678575510969691,0.04965930441387516,0.0,0.0034917093981582034
2021-03-22,0.053817452306028475,0.022765027666660918,0.02004503854478883,0.04114870331236823,0.0,0.0060205652889261186
2021-03-23,0.04034846199382652,0.0334000132752958,0.01580414064557393,0.03950607747442013,0.0,0.026193167844010355
2021-03-24,0.05566190771996041,0.042858025568291165,0.028154285115399316,0.03469571847050169,0.0,0.03814889591357889
2021-03-25,0.03621682125115667,0.0374194667436674,0.020387186303142846,0.03879083071725336,0.0,0.00831248939811867
2021-03-26,0.05838004506463968,0.0366716881295797,0.01696202349890665,0.05116456447714392,0.0,0.02850515379026121
2021-03-29,0.01767392006723041,-0.005660458046952447,0.001285874548853138,0.03746928279630889,0.0,0.019298137329612584
2021-03-30,0.02125340422814588,-0.0073574293816990564,-0.008990752759139336,0.042566254502522216,0.0,-0.043178782574476805
2021-03-31,0.006226615387083499,-0.012432656218517472,-0.020988916616903434,0.02052784434474663,0.0,-0.038441506017672045
2021-04-01,0.02394470508491655,-0.008995165597528717,-0.002707286106626588,0.03321981006325848,0.01784075018175705,-0.01984041635706696
2021-04-02,0.01177498373655421,-0.021036694355958473,-0.012209172284834549,0.014359306825138796,0.044229328894905315,-0.02844116300722066
2021-04-06,0.014553585971437794,-0.009153049113683573,-0.01757688939987222,0.011113420323682763,-0.023324642740337218,-0.03115764327438577
2021-04-07,0.019454529271817615,-0.024565646434365127,-0.02276643431490737,0.0037527171638501357,-0.04280843250676775,-0.0230013822816836
2021-04-08,0.0036723681786781097,-0.02895074782631491,-0.02806327822297419,0.0038471262753000104,-0.05594092508886884,-0.03976224669659334
2021-04-09,0.03684273093779749,-0.04382324911603181,-0.04988324023481411,0.01829796374493092,-0.02229435784762298,-0.049130449976971996
2021-04-12,0.07201893808459753,0.014841020279991578,-0.0028807317974481814,0.02530974090323499,0.02100851308550861,-0.023818215944540914
2021-04-13,0.03601214919309313,0.015458432478482637,0.008687416480066866,0.04599682936928224,0.012199459044702776,-0.0014354100824831748
2021-04-14,0.03876071576520201,0.03594801407427725,0.013210550985452992,0.04478373751622026,-0.00702512899630228,-0.003405931589938823
2021-04-15,0.037795775770461004,0.013563217803766625,-0.004347329943793298,0.03099526953135287,-0.04374336550792188,-0.04308373814439934
2021-04-16,0.026776440904662985,-0.004829835560113896,-0.017216388698594955,0.023593350464655626,-0.03735868204906748,0.0034684335069672897
2021-04-19,0.056760655559832375,0.010607494007568101,-0.0012740074653958885,0.012800554231107835,0.025675397964455633,-0.00770632920381675
2021-04-20,0.01854455817668572,-0.023847983060571235,-0.020973267523811942,-0.016497341841311963,-0.005241164799434239,-0.04692665406797841
2021-04-21,-0.0008671299810984704,-0.040551382037777695,-0.03323566093641355,-0.016940663117814378,-0.03556700734802515,-0.0634553933284811
2021-04-22,-0.02222035713177014,-0.05681197162677332,-0.046191697557768585,-0.022367588834861604,-0.03288631000549701,-0.05735287995080304
2021-04-23,-0.0048033760332361515,-0.059925092224660644,-0.04888297399285438,-0.0231656401119062,-0.0664200739047609,-0.07085648150679913
2021-04-26,0.05504841597519465,-0.03712290788312543,-0.044345092222718326,-0.013629060996715299,-0.04160061885825851,-0.017935350600683908
2021-04-27,0.002976853887459138,-0.049729012816971924,-0.04771145130944285,-0.0008714479277183355,-0.07489897179559067,-0.04567607544869878
2021-04-28,-0.002314515282441515,-0.05258316165764709,-0.048811851487880455,-0.016415053350062554,-0.08251271009240144,-0.033710694149517224
2021-04-29,-0.005254142078180276,-0.06641011906410921,-0.06455908522741552,-0.022260709720984123,-0.09113692152468945,-0.023538319818406803
2021-04-30,0.03281851883616769,-0.05110795928825325,-0.05572976144008602,-0.008515812454850476,-0.07631200797306187,-0.010868507095942295
2021-05-06,0.07325790504851272,-0.04101587225768908,-0.04994328541573071,0.021383109063533003,-0.061612932596674996,0.01547390948658413
2021-05-07,0.08158798975354417,-0.008018261006050395,-0.02190062839551822,0.024621362248962123,-0.0044419729975342485,-0.012529905372062236
2021-05-10,0.043732844837830936,-0.010163791640397489,-0.017286779673914104,0.04478983866702109,-8.383935317154168e-05,-0.005596208695950394
2021-05-11,0.04515898579595144,-0.009093522107011635,-0.026556111863062205,0.04458782649311707,0.014209445948193879,-0.013146648720220646
2021-05-12,0.028176895037619762,-0.020675737144891,-0.031635510977478486,0.02847037097572425,-0.0014052799591451556,-0.02732282239917802
2021-05-13,0.038992622405786936,-0.015790750473883786,-0.027960976185490136,0.009812566989305493,-0.018091276197532355,0.005280029731585114
2021-05-14,0.03419209571952876,-0.02255058713166698,-0.02447798690381506,0.006723791211697906,0.02094022059885639,-0.02051624589742576
2021-05-17,0.032589798476892286,-0.030205588745389512,-0.033415067605977594,-0.019029923714175414,0.03555552227646659,-0.048333470899502406
2021-05-18,-0.023282658808150752,-0.04764065099390909,-0.04596830892443171,-0.020132701646251243,-0.025890213196161846,-0.04196951322714113
2021-05-19,-0.020963699312924106,-0.06439693691264381,-0.06610667322967842,-0.02852873040779217,-0.050106550846165505,-0.06428788593375091
2021-05-20,-0.034403371148829055,-0.051769907027584335,-0.062360926580431617,-0.04317199898766101,-0.08394635350262049,0.0034912621894505527
2021-05-21,0.011081760924436246,-0.06309368090927686,-0.06666135742254968,-0.03113943681188091,-0.04558489017614321,-0.014596716348973509
2021-05-24,-0.0029868663962919198,-0.06502855920797115,-0.06464468264187592,-0.028509494635415498,-0.027714621868314138,-0.02160232320318617
2021-05-25,0.04459609846068416,-0.05480066846574689,-0.038719692130920746,-0.033875481484925335,0.03303212125922599,0.023535407027033634
2021-05-26,0.001785209912968589,-0.06868233010650727,-0.039452264458719306,-0.04032528582643353,-0.01769397144010733,0.0012981650732820666
2021-05-27,-0.02535023511463938,-0.07406329890510115,-0.03494652538512387,-0.04743216702338005,0.020122230446803377,-0.042285048649070886
2021-05-28,-0.019030673507305328,-0.06566964719987894,-0.0364982691855857,-0.03762005344603451,-0.00976522593985173,-0.057950046683351165
2021-05-31,-0.041595863749273695,-0.07788533011498738,-0.010674560158488722,-0.057556961493177246,0.025805014219337164,-0.038905500364684084
2021-06-01,-0.039959855336349256,-0.07354867215771181,-0.016026547492346516,-0.055175123543158906,0.007547367054190256,-0.03665096628093058
2021-06-02,-0.015108723828179522,-0.06271967571750639,-0.0182932843823799,-0.03846248866821417,-0.005874574879132209,-0.03055870598941689
2021-06-03,-0.009768165075347666,-0.07653220154487203,-0.027001147746162735,-0.01659147481529863,-0.00045243865857314366,-0.04562864697338567
2021-06-04,0.00481052002665075,-0.06515049593525238,-0.03260672974820867,-0.00847088180071084,-0.012693436212762633,-0.033175788476473914
2021-06-07,-0.015421590377165902,-0.08379509956377068,-0.03373126792259751,-0.019511934232746244,-0.057738729644560685,-0.04811058740022204
2021-06-08,0.01350893265245582,-0.06785876816527939,-0.04221611339809016,-0.018122722591451663,-0.053085277087241596,-0.027653537047861863
2021-06-09,-0.0006850529320357896,-0.07430913723003477,-0.043175511403305236,-0.004846367860262553,-0.0715569644958441,-0.04926269077819723
2021-06-10,-0.012455860454302097,-0.05873886849217033,-0.03763808010102655,-0.025054426482628112,-0.05943202413630173,-0.06594637414106219
2021-06-11,0.03947960157015087,-0.04245262768025883,-0.0346355376755881,-0.05447470383053675,-0.07235115718202567,-0.035639254941690596
2021-06-15,0.021069176493528175,-0.045250674521055606,-0.03818336372976494,-0.03561237260378694,-0.062210173625491035,-0.005320215085486694
2021-06-16,0.04428047897395633,-0.013386263996741535,-0.011163251840441238,-0.007551428990308255,0.005409293435720709,0.018453672470735597
2021-06-17,0.017596362977832715,-0.012314227237139364,-0.002682958594617993,-0.0014204158360843675,0.06465120989161895,-0.00762411193251074
2021-06-18,0.006004099204384756,-0.026009031022191473,-0.016646753891325656,-0.007124725076182302,0.024619039155217688,-0.026751792395529987
2021-06-21,0.022253020287669057,-0.0417055440999461,-0.019987623717520685,-0.00908189792214491,0.0013882285228754986,-0.017069926596095495
2021-06-22,0.00543368290436834,-0.05260010285233633,-0.035211098134104835,-0.02365976608546813,-0.04056440791064014,-0.0008724652682481574
2021-06-23,0.01382119777219833,-0.04903265923002209,-0.041342929587899,-0.039283029170451976,-0.04003384885582012,-0.0012932635084436882
2021-06-24,-0.009471209077133195,-0.06718506320931593,-0.04935063433905745,-0.023568893676340186,-0.016477239262922765,-0.04228862522645292
2021-06-25,0.025501657691649086,-0.07114217742168391,-0.05421338156558214,-0.02489516211150019,-0.02883779287850319,-0.055597947120759196
2021-06-28,-0.013944648088956806,-0.0767298235042053,-0.057518413788239894,-0.03072532167308966,-0.053139704556937076,-0.03451776533133379
2021-06-29,0.0024607795294874367,-0.06385689728827115,-0.05942825929593626,-0.043568237375433284,-0.06697408907499228,-0.059764520170773446
2021-06-30,-0.008596438666888175,-0.05889641049116086,-0.0556628240521411,-0.04799918532100535,-0.049536374269647035,-0.06617067251114245
2021-07-01,-0.028278743225399087,-0.03233376213300734,-0.04445287415561716,-0.0550605821384393,-0.09945652762031912,-0.033872207024972976
2021-07-02,0.02689603860563948,-0.006664459294446223,-0.015789052999398104,-0.022704537773388087,-0.05048403606677035,-0.0040859538188274935
2021-07-05,0.019213829907551144,-0.011944139475392062,-0.015039856878374166,-0.01821350374654012,0.0035512459593940644,-0.026261070762116152
2021-07-06,0.012796806064290164,-0.0294287884841072,-0.017528617031020335,-0.019128252435186545,-0.003033416595432706,-0.035225664011308055
2021-07-07,0.024020167623927287,-0.03042484421444315,-0.02064982726927131,-0.012844260024482192,-0.001772539108155983,-0.02199629446417173
2021-07-08,0.04741562258040442,-0.03652382774072565,-0.020923509673404235,-0.019742841853420227,0.00035956152923575835,0.047253233380951415
2021-07-09,0.030020788820920512,-0.020113862567221967,-0.02934339008560733,-0.02711026717331357,-0.03280419902858024,0.024512829072126627
2021-07-12,0.04794265453256205,-0.0018530272663680038,0.0031562429111576876,-0.034046216880074684,-0.044323732962154874,0.025510198928329175
2021-07-13,0.012732583975171994,-0.036549292191877636,-0.010372360700632051,-0.046991647002292095,-0.05201660814659635,0.005502485902513107
2021-07-14,0.029847380106802702,-0.03622568393905482,-0.018937327844243373,-0.04048954435765991,-0.00541691852900752,0.01671492921159214
2021-07-15,0.013755030204502694,-0.0597377162630165,-0.027488767815370522,-0.04138617373164348,-0.016773578121943904,-0.010936370963941117
2021-07-16,0.017451383767861026,-0.061829830115141926,-0.02411236273088777,-0.024835847823605692,-0.012771508054463783,-0.045258588035165706
2021-07-19,0.00015271679217005037,-0.05065198000364177,-0.03904403255450545,-0.012099483482467914,-0.012444010295024859,-0.03645611339173148
2021-07-20,0.00010146058942904211,-0.054174366925170206,-0.03290865239602066,-0.010557812175237222,-0.013687386735974208,-0.008834623490660233
2021-07-21,0.0021944841818574818,-0.04411626466501914,-0.009220832855341143,-0.03334249272990463,0.028341501836494462,-0.039720753376565235
2021-07-22,0.012716193048358623,-0.05412598252472253,-0.00807982944828907,-0.044735105986375985,0.0005376933654010843,0.015670752874714027
2021-07-23,0.052263098562671285,-0.03346374738471879,-0.01444418019522892,-0.02947035684620157,0.0015257392710384871,0.042452628368698016
2021-07-26,0.0886261898442913,0.013129409996785569,-0.0038589333208461805,-0.0030839774803063866,-0.0076887243072442804,0.07450553145002137
2021-07-27,0.10022138344794071,0.04047366454976087,0.04189286568742862,0.0020883564383492935,0.0008044916314056023,0.09062007528223248
2021-07-28,0.06056950112286137,0.046307514050950904,0.05045160098782279,0.02834418184607608,0.005288298357180706,0.06442239679935521
2021-07-29,0.06627574717746681,0.03383987120919678,0.04859049370874301,0.015447801491868585,0.032697638103344175,0.05024961866790934
2021-07-30,0.054471341799234615,-0.0019411517876687687,0.041105828231668105,-0.0030380769407281857,0.005818654134820109,0.05578813232074266
2021-08-02,0.07054229599724533,0.00422284862987618,0.03426448354748617,-0.02535190794226826,-0.010752998493993042,0.04334227587834886
2021-08-03,0.04065205858211504,0.005017320080608871,0.012984589247898236,-0.026711459385492457,0.001779492525461663,0.041429635387597454
2021-08-04,0.03816293326005686,-0.018655310825917155,-0.0064670347910318286,-0.04004691872600284,0.001960045086578282,0.04060891812518175
2021-08-05,0.029514594184705104,-0.03876840646547233,-0.009253144787781964,-0.03968166447187062,-0.032396937888133345,0.012576305880132945
2021-08-06,0.02641112067933274,-0.04380630024908897,-0.021703943355002912,-0.01368008682809461,-0.033050701847486784,0.0049473908394725655
2021-08-09,0.01990108734145462,-0.04419787735104226,-0.052755364170348,0.007999805451546311,-0.0216700509660952,0.04135763844461219
2021-08-10,0.02053083619955924,-0.05835052549175771,-0.04480625139517273,0.0013556946317561116,-0.038933271037750315,0.0023569210173941466
2021-08-11,0.013025149635665551,-0.06131432594217488,-0.03490679518096669,-0.0030528429305055446,-0.06113641408572906,0.04208779776917844
2021-08-12,0.0159607389022202,-0.07123505533104713,-0.04467445509785052,-0.006969937437461169,-0.06691182699047482,0.02638873930774637
2021-08-13,0.028146510144976128,-0.0701138602961364,-0.037706146583709445,0.006476039739143173,-0.03206908080899154,-0.011958840068284057
2021-08-16,0.029201533095174613,-0.07137409216995928,-0.03468678686539008,0.004289236918844004,-0.03384348075679357,-0.029248259359255725
2021-08-17,0.07083183256972386,0.01108797040578589,0.03283268261231209,0.012237442564223088,0.008342686450588357,0.04359611609217025
2021-08-18,0.07471191973607363,0.0029066738696400694,0.03967762901104277,0.051212786869825146,0.006420504303091681,0.019436983071399367
2021-08-19,0.06646881587999558,-0.00923162151480748,0.024515307167269157,0.04445844245137691,0.04304613351106994,0.010766993926324964
2021-08-20,0.07743730192439055,-0.018715717529076744,-0.011676987181033865,0.03411808603915312,0.03826031949396023,0.0005377368591247462
2021-08-23,0.0598189949731593,-0.0058281752448784176,0.01676473550406555,0.022414724911741665,0.03867727502892678,0.03532101622697527
2021-08-24,0.04241988990259305,-0.017564167779899647,0.009754750783855199,-0.004698270726340454,0.01644141977421916,0.0011155933097793365
2021-08-25,0.020000133056392286,-0.034962141495061,-0.010866215014565708,-0.01237294949934004,0.021520430077031423,0.0073144829107298585
2021-08-26,0.05675754266003372,-0.029069915346817965,-0.014585910097771226,-0.005514555646759588,0.06433377412431812,-0.020119310978918104
2021-08-27,0.016352458746017123,-0.04334563911239382,-0.012204471298765816,0.004724630163001257,0.048330462173557506,-0.02492047970479289
2021-08-30,0.04211363613937892,-0.03703565305534094,-0.0007764542783178802,-0.0036295199725561523,0.062452335909256584,-0.020036349097837
2021-08-31,0.05530968117057988,-0.054635818515806935,-0.03396101706629566,0.027357034998702724,0.043209144288730225,0.020418520466448025
2021-09-01,0.08055526031819406,-0.013638906570412192,0.024161211213658863,0.02126951178977695,0.0356954781982476,0.013528972158769772
2021-09-02,0.03195395097009624,-0.004994413357075142,0.013916543322440151,0.05304485413515424,0.038988494321316985,0.0022652617784213033
2021-09-03,0.04256018715873483,-0.004018425734745268,0.0026883485491505654,0.04219502965219479,0.016404447258602822,-0.01809582697714774
2021-09-06,0.052522851562188416,-0.022583051060260362,-0.01015394203394002,0.04938563625140475,0.09148397405061755,-0.02762958013313903
2021-09-07,0.027082224268063733,-0.009211407604714186,-0.0021631733253206133,0.02784162976386343,0.057945976236775595,-0.015637814031907744
2021-09-08,0.007384150166958957,-0.03746986181466638,-0.012492004381597853,0.013841526025930216,0.07285087016934738,-0.028017735531328528
2021-09-09,-0.010783827716759039,-0.038157490283563744,-0.0355460622808549,0.012101976605324064,0.05518116860306696,-0.0024095180678991943
2021-09-10,0.022551564413696087,-0.046781550433937176,-0.06887519952469345,0.010518814676273875,0.06453577320080824,0.00709638081081599
2021-09-13,0.00654510285643788,-0.06238208899163817,-0.06951475205882174,-0.006462912142204968,0.06691438244166611,-0.016799401891072013
2021-09-14,0.021410416869731615,-0.022655581981981275,-0.03524287257197459,-0.004324539164302633,0.06761907978009407,-0.0034791534751239597
2021-09-15,0.03461556630879865,-0.04084620814398028,-0.0430495663655432,0.014065976717348713,0.06772718484047083,-0.02685251033394884
2021-09-16,0.029411801325423828,-0.004343580912768035,0.005017639414660978,0.02247608189548133,0.07077281483972106,-0.003138684748668552
2021-09-17,0.019249310668069126,0.020691948784297767,0.036051905861139384,0.05611614602435478,0.060459681150501446,0.033543495328519114
2021-09-22,0.03999885528172237,0.012058753037797168,0.040461212519017346,0.055054330035672255,0.05725028983346906,0.010019604320572598
2021-09-23,0.03657786460723332,-0.016193637424332264,-0.0007544118961262766,0.040711678653323265,0.016003507029314454,-0.03311722502079862
2021-09-24,0.027372309238720686,0.010171672047050917,0.018457135410781804,0.02952228782344055,0.0024352082902245435,0.03221595102767659
2021-09-27,0.02339056736418705,0.05581855978714954,0.05874286052093959,0.0010016337003913023,-0.01051162451873849,0.05984448740779006
2021-09-28,0.01767589725524089,0.04935961697363722,0.07670338402741955,0.029329511017059058,0.013093800266097317,0.045434754384230704
2021-09-29,0.03633104472932299,0.0717733728686693,0.09527654713620973,0.03021387959845956,0.009336305284645768,0.06427635382838172
2021-09-30,0.04191928220007486,0.07172559423839309,0.1037294920552525,0.03113340928353141,0.06004315195215118,0.06968756486575921
2021-10-08,0.024639139149390494,0.04867061639446813,0.07584759627811363,0.00017519081607137024,0.023727099357158086,0.012135838502742047
2021-10-11,-0.010878928100343018,0.032072259178067,0.061721953886142794,0.03602187313705871,0.043754547382771736,0.013033652834629596
2021-10-12,0.01790373623454155,0.07405379129347714,0.08954945097634116,0.04144386723779442,0.0752888528383992,0.04321411184111151
2021-10-13,0.00920048068043185,0.055823080794717414,0.08363668896606793,0.034641606856268985,0.06092550879941115,0.030076222431291683
2021-10-14,0.004860713735037058,0.050433506912697684,0.07212518546713603,0.016292727602882848,0.015357525450596085,0.017023955460651233
2021-10-15,-0.003566464310416294,0.025028320910527667,0.04728294363152733,0.012933265369788886,0.016407881655542734,-0.0020374476688560434
2021-10-18,0.0288634091637942,0.029138778690156387,0.04509826576848949,-0.011703390708187069,0.0034454843974621873,0.03758873968637625
2021-10-19,0.013313423936782198,0.03306435611701403,0.040100777759279005,-0.017406850195049187,0.005053935032360718,0.022879689754982033
2021-10-20,0.0013750481836817693,0.01163669137019577,0.023939826213363827,-0.021534179463201887,-0.015659709808796732,0.013370455038108672
2021-10-21,0.00047655843451823744,0.012118010611218206,-0.001615902920798304,-0.016331233404295074,-0.01874571368803162,0.009503858539156054
2021-10-22,-0.009800420524831127,0.0462270751731383,0.008803366350816084,-0.007416504854496763,-0.014128034111072907,0.03776028305979749
2021-10-25,-0.028494431745856037,0.05818832140847145,0.027800257745079816,-0.013212186923302921,-0.024379307948428124,-0.0012448242353702045
2021-10-26,-0.02080824860587042,0.0179078929249056,0.0023018141691829664,-0.026582997775969647,-0.033336689900411914,-0.006921321796734176
2021-10-27,0.00793396599058817,0.041821783505576755,0.008268754739760065,-0.01613958836809635,-0.005648277392176476,0.03016899164753905
2021-10-28,0.013612200229444262,0.06834883308809231,0.0701181417244593,0.0026298670358646512,-0.012366938521133543,0.056090149973682044
2021-10-29,0.005853302649420163,0.05150215426373991,0.06344777170436194,0.003559216266877491,0.046507339049167214,0.027667058682969155
2021-11-01,0.006655738688804373,0.03367171325790889,0.040658928318121734,-0.006550681334813122,0.021558269526966493,0.02680030365349473
2021-11-02,0.05827611419621293,0.05813816019640295,0.04559573102313214,-0.005756394038202887,0.0003462610564017174,0.06203406790753478
2021-11-03,0.03172543294864349,0.032396929241249525,0.015326942980966915,-0.004400851268879987,-0.017395745547289645,0.04902078111256718
2021-11-04,0.025784062213815368,0.029539664131229108,0.007040868997703845,-0.024018977566833695,-0.020798782800925834,0.004587589539616482
2021-11-05,0.018898905152817103,0.038104758453874926,0.0173162233017259,-0.016067828553680392,-0.025814464703095553,0.0401513535181026
2021-11-08,0.009238895410920387,0.01834668261489727,0.00229371017288145,-0.0161592328740527,-0.035474085951466144,0.0294717876664777
2021-11-09,0.0053307537294788945,0.026440892828455024,0.01181383135498048,-0.034173444101027295,-0.02361692072075869,0.022450653138873667
2021-11-10,0.034462762824867814,0.011148348356920187,0.0004824470723463508,-0.035883100308099616,-0.04314787042352067,0.0004911983572570054
2021-11-11,0.03497620546323753,0.004368747478497009,-0.017651741939521414,-0.027484968929013115,-0.023053573322198997,0.04716008971534838
2021-11-12,-0.0007189511295822243,0.002457554825687879,-0.007341559580490419,-0.036296251006513056,-0.035730433078100546,0.010424557166613628
2021-11-15,-0.007362805407298089,0.018939170796664868,-0.021454914432655476,-0.02593470854955481,-0.03664465539402996,-0.01567698062634397
2021-11-16,-0.0018698207028883407,0.023372116868345175,-0.012779123231730357,-0.023377092506008577,-0.026402339792746077,0.0008759271167656493
2021-11-17,-0.018220270663294402,0.021902165749612866,-0.00637481280089269,-0.011068383861071902,-0.028583063737887743,0.005458595938908911
2021-11-18,0.029088718600349596,-0.006018136745078722,-0.02441873973015076,0.0064109111064265985,-0.04415980474572482,-0.016553785995098234
2021-11-19,0.018986627925937583,0.022864522741927816,-0.01812675155955694,0.0108911972152004,-0.022355509908507654,0.029454903144087927
2021-11-22,0.0034283646262424387,0.018449142124901334,-0.0015931398305958045,-0.017580310710503623,0.023804940051238614,-0.005233953110274072
2021-11-23,-0.0006057055604959976,-0.02274007972336169,-0.03864432639885981,-0.03236395670587923,-0.017519266349606925,-0.00493816201340662
2021-11-24,-0.024129494162532076,-0.04368743776809106,-0.06551505509498695,-0.03870557899928573,-0.0444482718451193,-0.017644153641195384
2021-11-25,-0.003970041027958055,-0.03345009904175036,-0.07863866402784041,-0.03695493244195332,-0.07088257966238552,-0.0031500497834860324
2021-11-26,0.02552055830858046,-0.03792655650757469,-0.07958521359407811,-0.03538674787345309,-0.048027611745207865,0.003576257196560438
2021-11-29,0.0084243749548564,-0.0257619340596786,-0.06137737707503321,-0.024434157224459924,-0.05578074405727414,0.01175781401271725
2021-11-30,0.01979727346527685,-0.025702557881487627,-0.06266541566044558,-0.04262400253935284,-0.10047155618893688,-0.014376474942519979
2021-12-01,0.014243086070181066,-0.04215561244075777,-0.0806865661855367,-0.016308475166617466,-0.04263344812817721,0.020478098686146827
2021-12-02,0.027418246312024212,-0.023302666887701096,-0.0649992599871323,-0.019078075802014236,0.016263903560102166,-0.007089660061294662
2021-12-03,0.011587033908938262,-0.019385319528920992,-0.06842686984966338,-0.003670938275927753,-0.01930636790623408,0.010326495945176511
2021-12-06,0.01687558316727296,-0.0015191272153548194,-0.045994695303307166,0.0277816163131778,0.028986121193834258,0.027777080068592565
2021-12-07,-0.010427447441529167,0.00958414638270181,0.009260581106764764,0.03918035077491634,0.04288492458044592,0.018916043545912687
2021-12-08,-0.005398936862557519,0.006078188088553906,0.020987931167872717,0.04485903242695645,0.045618998339362615,-0.010864204748038415
2021-12-09,-0.00410027679533482,-0.02773877994175142,-0.03116837415224446,0.014253351998554967,0.033819192451160995,-0.00939059408421328
2021-12-10,-0.04074261132779062,-0.0374210387171314,-0.025391120415321565,-0.01515168348548716,-0.008909089139682984,0.002146677858689801
2021-12-13,-0.04578554257625747,-0.03916331720883985,-0.04862661667454954,-0.03318719067188208,-0.02903897978765678,-0.01214761632386075
2021-12-14,-0.05244574228087395,-0.04538240199439594,-0.07412605656296206,-0.04633096674936358,-0.04649137212030857,0.008178956860563835
2021-12-15,-0.03633508601231433,-0.047952309154264246,-0.056290430446108985,-0.02472819212273305,-0.016123999421333413,-0.012937593489648071
2021-12-16,-0.05425835920213176,-0.0358313295272045,-0.06496966749626121,-0.032320785564804895,-0.03107144982496972,0.015735649782298362
2021-12-17,-0.022116246859709855,-0.01653737709760184,-0.027832995408537235,0.006765727778163891,0.013842758621340299,-0.011136931477091248
2021-12-20,0.029384193997537965,0.027188576387790018,0.018559930673897964,0.048581928655488604,0.07050206199340696,0.01075288653543225
2021-12-21,-0.0027429481992263948,0.023207226376285937,0.020878563362400133,0.05598549151409564,0.0491702850617913,0.02750234763394051
2021-12-22,-0.027107424849966328,-0.011953678722144343,-0.011774118707973003,0.034477365703260224,0.007693646666058861,-0.01232798728886332
2021-12-23,-0.02518658488509494,-0.017624565615954484,-0.02691150132077559,0.026884663133384647,-0.001244379210048413,-0.039335577924372894
2021-12-24,-0.014455608307906195,0.0055105617429142975,0.00834016133709367,0.05111567397471284,0.019289833002723633,-0.0215719496743791
2021-12-27,-0.019695763818611885,-0.0292990341326219,0.0014103660318609944,0.05134432689366927,0.020813650342468043,-0.026858711098193655
2021-12-28,-0.03939412223978692,-0.03752650126252574,-0.0016830583412603376,0.038938812352563495,0.025725231274642962,-0.02776533309478262
2021-12-29,0.004133184592817529,-0.017662741512985324,-0.032928729541737825,0.05873431519971983,0.008352117511398957,-0.02725920391604561
2021-12-30,-0.02413160975044884,-0.006995996880848885,-0.027141963181614163,0.04463494320658541,0.021906782099002046,-0.02491876550413111
2021-12-31,-0.03379450580314594,-0.023188393617664123,-0.025045751175962003,0.0234565793285529,0.024152588205770213,-0.00662189593227688
2022-01-04,-0.010131250373951906,-0.04193669310075805,-0.03675309235257017,0.014135814850535361,0.04671367523500456,0.007081977660312365
2022-01-05,0.0396830836490105,0.032841949713302364,0.03149938297093386,0.05855648251361413,0.09203316093861869,0.00487030869389697
2022-01-06,0.05818175371039362,0.011181085129565959,0.042729111445985346,0.06453025670309862,0.06923169429824405,-0.01212861680585925
2022-01-07,0.037506532489826584,0.03464281890877694,0.053771824073029495,0.06572155508879607,0.06810534200880383,-0.0039762805791155095
2022-01-10,0.03256217773772979,0.0036542069142656984,0.03956998327528159,0.05908902723743921,0.01214560598927275,-0.01680225376047654
2022-01-11,0.06092316990654774,0.02111483590637052,0.037033812489232217,0.06638775259662225,0.04451924376825139,-0.018120384864294316
2022-01-12,0.03161104220888282,-0.0026310586486310433,0.011830244607765859,0.08123131881644005,0.043808965341110576,-0.03772434307166585
2022-01-13,0.060995463294967696,0.028366021242773758,0.013509521926318355,0.061942121150713465,0.037411475120606136,-0.03751225556175327
2022-01-14,0.061092127051928916,0.028070672673977545,0.023283516718504066,0.051164834814844976,0.04571372664406696,0.0033646527646977093
2022-01-17,0.05012188600123247,0.03317915190022372,0.03304867249403698,0.0384256640886832,0.060435835226270114,-0.013127794180219423
2022-01-18,0.038867677505695544,-0.010124772674495323,0.01023967310159389,0.02013463349839415,0.019068974949377267,-0.015973127877900003
2022-01-19,0.03889366096962569,0.01275982923394501,0.01420561530840517,0.04179962685465012,0.026919298101672554,-0.01353504965817095
2022-01-20,0.032053736954505176,0.031067520827930743,0.06026067768080644,0.04784227580046922,0.05570007804146107,-0.0030022044357653063
2022-01-21,0.02444181829285229,0.056356252692590626,0.0691061249251124,0.053150012313731884,0.06086569910633353,-0.019356364312679182
2022-01-24,0.009608844271266315,0.04442723715338309,0.06835351990373899,0.05759136203320679,0.038084445562630645,-0.01786112458874755
2022-01-25,0.07945050021066394,0.10159392716620236,0.10032028855619451,0.06964504973151289,0.06842110297378703,0.030692117591174177
2022-01-26,0.048073188897178196,0.08313132597167891,0.11496575083448791,0.07788102207661875,0.04273532533650162,0.03591386041665742
2022-01-27,0.08587351568731262,0.10055467751680736,0.11730459257113132,0.08411545441176821,0.08757804713379339,0.03982621316924043
2022-01-28,0.09170117132260609,0.08730467821337373,0.10397317690813265,0.07182168524626648,0.09428395545601609,0.033637043757507826
2022-02-07,0.07796782211533433,0.07874527466642695,0.08543809482179804,0.07776173878392625,0.055109393175769995,0.02537422813009184
2022-02-08,0.07151878273185594,0.06176726405094264,0.05328529820978995,0.07287721275816855,0.08552870160108644,0.008396296174745752
2022-02-09,0.05527726404633622,0.06292046324797301,0.07470739270197499,0.06038848476084109,0.07588633240022499,0.006994579776274058
2022-02-10,0.04089603527446833,0.021720734469092035,0.05262196089920705,0.05363135945961886,0.05929616508584894,-0.011808161033451503
2022-02-11,0.06383740875871785,0.047246543009137595,0.056701152938425405,0.0708217625493223,0.07468860615308537,-0.014952485079435248
2022-02-14,0.0754045408886969,0.05556169939395151,0.06927817494150337,0.07621452714630676,0.05500736550310796,-0.010596044477628627
2022-02-15,0.057246959625154054,0.04381323702592683,0.05203031227617587,0.07936776667377404,0.0697187444248636,-0.01396587911134817
2022-02-16,0.039121485774669874,0.015501614032361975,0.03999453666716538,0.048101859964744836,0.04806638889102666,-0.03108984740866392
2022-02-17,0.032409012278996494,0.010372735485927542,0.03619935973735003,0.04162771494005449,0.018082063847259466,-0.032821753125585384
2022-02-18,0.02191364128767315,0.031175478060445103,0.004130108563212671,0.036936073359965245,0.0014734455907582382,-0.014337199390505618
2022-02-21,0.015059886382225005,-0.002264046515383474,0.005361470784130414,0.020267190339746215,0.010939264534343459,-0.028400561102126645
2022-02-22,0.05105272447778844,0.020020813172838846,-0.0010804346251774993,0.04098750552182112,0.028733460788097964,-0.02707003939305991
2022-02-23,0.02817646632624027,0.030468232241388716,0.03493512677496203,0.04697164959681746,0.07671980977950213,-0.0442845680200191
2022-02-24,0.09903701075544587,0.06838389645724624,0.06696093164106363,0.039402810128276025,0.07181980160627366,0.0005061499186512332
2022-02-25,0.04669195757748709,0.02429241621202212,0.0283993392738588,0.03320366102736904,0.043943992383833966,-0.011588601600604542
2022-02-28,0.022364892230445556,-0.0018719191572847105,0.01122140596494223,0.02720602249756944,0.013455431861551738,-0.02905941451780849
2022-03-01,0.004789302034553825,-0.02748232967290693,-0.022735364643631212,0.004079512832741701,-0.0037034089514587872,-0.02968808753848213
2022-03-02,0.026245618958908135,-0.02934079060225785,-0.013926930209978221,0.027922388995553125,-0.0020831378704866703,-0.023213094195368576
2022-03-03,0.02394997582748682,-0.03541097719104798,-0.011374832717334237,0.0457958199129663,0.03248484040732995,-0.02175484357195115
2022-03-04,0.04312910284810305,0.0019960274984068315,0.02980756175482377,0.04833223037179145,0.00805762524056912,-0.027243162651049826
2022-03-07,0.10312483118932643,0.05009129980266287,0.06496225100953654,0.07018966576093794,0.070233277924106,-0.00026975819576781585
2022-03-08,0.11852506731319436,0.09192236785586334,0.09724770868826949,0.06632284770319657,0.09470407136956263,0.04067589314256993
2022-03-09,0.10449092509696264,0.10437329372182355,0.09951977453100426,0.06442346327356925,0.0637541688893587,0.058507566433070986
2022-03-10,0.07959480904467223,0.08184228178036845,0.08050433397510727,0.07560370706409933,0.05227178066685451,0.021740638762677823
2022-03-11,0.06708663157603081,0.07366908310842424,0.06178850512333428,0.06343762356760918,0.040766972607780935,0.011752658938101491
2022-03-14,0.10898051739648335,0.07332300960699936,0.06559202396226736,0.06489161209706515,0.08598272556690861,0.012098500139912722
2022-03-15,0.13543957083714064,0.11028986178390662,0.11063970791882029,0.07696117582923606,0.13420635043835843,0.07460214876872787
2022-03-16,0.11191384604671191,0.112985044778877,0.11224980192083718,0.04608913685621636,0.09259313515844861,0.07742461544508539
2022-03-17,0.0947901956229742,0.09246712081395325,0.09723866716655234,0.03581727886699716,0.07534614536912189,0.056978779634551405
2022-03-18,0.052506088270480096,0.06438638641116981,0.0717158819938434,0.03531061175076779,0.021504582705727724,0.04119352262666598
2022-03-21,0.0367907895695968,0.0444700429716993,0.03872359527653081,0.015565258382767498,-0.0073423478515994844,0.014758767910330008
2022-03-22,0.012674264051432418,0.02569335829513138,0.014735613983931086,0.03215677890254022,0.015798136495138122,-0.0018189739940394898
2022-03-23,0.01780542688328869,0.017729951448662132,-0.0007371702091406405,0.029577722823581207,0.018058320229596178,-0.005914246427264961
2022-03-24,0.04391863201921568,0.02268903804253915,0.004136010703015822,0.04386921095479948,0.0005726179139551526,-0.028790747455863387
2022-03-25,0.07447652637724796,0.046164626054202476,0.02854122108631644,0.05849559789326231,0.07456534678687457,-0.03255567107128904
2022-03-28,0.07364744983852653,0.039046414026969095,0.05069751455147102,0.06753347060659248,0.09961584686216818,-0.030504455464011634
2022-03-29,0.06846826473664959,0.030114828510420258,0.03655136249637848,0.07108442253205688,0.08893976726677358,-0.03376226062818669
2022-03-30,0.06774559157927824,0.033579094279550026,0.023672845877095734,0.06542048709512137,0.07192022634431963,-0.024588378776511946
2022-03-31,0.03935908561793494,0.024482615304855272,0.01651599520910535,0.03593900239959114,0.07522686148422127,-0.0027938458981775632
2022-04-01,0.026517863953735954,0.009692588914519044,0.01379757637650584,0.03705480732967811,0.04210606713877306,-0.013179314901736794
2022-04-06,-0.0010380618520296823,-0.004630143263235326,-0.012525840165516347,0.031841449678018344,0.09123216446428918,-0.0010266160011983575
2022-04-07,0.020028885959101347,0.049506874887115485,0.03269492661026563,0.062283232379429634,0.10011611672915258,0.005207244656769762
2022-04-08,-0.006102987526386926,0.03590476316770328,0.047204720471908435,0.062082270562294053,0.08295649788665233,-0.015605552413701668
2022-04-11,0.0693736802573569,0.08524809242708109,0.1029188670021112,0.0951992165845669,0.1031264531216949,0.010299247290781771
2022-04-12,0.0505016763611186,0.07551196261170565,0.10481501335422264,0.08970906209872892,0.07846329302803204,0.010206429895380063
2022-04-13,0.03730179047896566,0.05813787778034117,0.08684113682408617,0.07637449831707917,0.09930117918915116,-0.010179598672217089
2022-04-14,0.010149313879425532,0.03608604762160511,0.04878905837209738,0.06185051357590293,0.06293473327924323,-0.016657788550962237
2022-04-15,0.011734783506131968,0.03399775258855556,0.05148744653944723,0.06734925769734507,0.05233823052548034,-0.013202448510261193
2022-04-18,0.013712354515886128,0.0234213390192969,0.048078054715626595,0.05304591150159999,0.07574616397727132,-0.009192729728816677
2022-04-19,0.02909984449310159,0.006678216770549169,0.03159818358240557,0.05670929452500824,0.06938992215011187,-0.02958806577248238
2022-04-20,0.06885792060773265,0.06781194322678374,0.04396415291849695,0.0881031609191999,0.06602673820410015,0.01697420775064274
2022-04-21,0.07334105319845095,0.09864316390689279,0.1152175067094415,0.09758286352992929,0.07465134632193951,0.05053529770102495
2022-04-22,0.06601630816506102,0.0862196178558254,0.11498277506742274,0.09852160713772659,0.08055793100623364,0.03403326941893106
2022-04-25,0.11575592914464622,0.1125585874402717,0.13155964975402554,0.10264678973504804,0.12212357962478901,0.06629829364550142
2022-04-26,0.10066402334926777,0.1137801182844621,0.13779803825544407,0.10199207290192826,0.11795038758248262,0.07594183906789756
2022-04-27,0.1027656826692944,0.1191959885487513,0.13462254633533072,0.08818985327528595,0.10075936715995557,0.06586742781176194
2022-04-28,0.05614741224464838,0.08506475074927511,0.10651058201007887,0.07928875266412697,0.057895238689835406,0.042227692078193255
2022-04-29,0.07309198507582076,0.09271367268145887,0.10644561916370696,0.06877588901939884,0.07149496901291308,0.052964893396923396
2022-05-05,0.0335152408199337,0.060505871340695405,0.09582173823229531,0.0655315931191462,0.05540708937532372,0.029193538908874637
2022-05-06,0.054726792776024866,0.0640479990394313,0.08300850912231982,0.06127254864941174,0.05111047650631925,0.03228646784908143
2022-05-09,0.06637470498066281,0.057159859648275343,0.051084362283170856,0.06859219479308684,0.02776971253220862,0.02607453683468506
2022-05-10,0.03409073063882383,0.06979911849788369,0.06273390829407718,0.05912043322689803,0.05083677028544313,0.02077444525461184
2022-05-11,0.04415175400578306,0.0435392873656798,0.054844815056563,0.046284006320693336,0.04977016441591748,0.00124590317619661
2022-05-12,0.022863895149084608,0.01634692900548161,0.024001906703493885,0.03247773115808572,0.015598144974450862,0.005230387584191148
2022-05-13,0.0024113614072009838,-0.0019548011624649243,-0.009482368547635624,0.017761782434684348,-0.02296357301819006,0.01846173549619263
2022-05-16,0.008993575294669567,-0.0015343344347168047,-0.014255177686023017,0.014384359039817798,0.002022895436351691,0.0032397926248686933
2022-05-17,0.004215574281387041,-0.0003629614311303704,-0.017866457284098476,0.015018488660968624,-0.0038150277179147384,0.006424610542492348
2022-05-18,0.0008264134149005584,-0.009276562525518162,-0.03912305996039679,0.0008058625664413204,-0.021114162156618963,0.01509110071340877
2022-05-19,-0.0068407535980990275,0.008422330609303426,-0.020703366355923243,-0.006693226206856055,0.0003323933439280826,-0.0032294933266996248
2022-05-20,0.005847289940081001,0.007059241509774362,-0.02397258140849559,-0.014822040873593033,-0.023731949440932196,-0.008837537941316682
2022-05-23,-0.01498430991529279,-0.02207218364011701,-0.024459922017269767,-0.0187621418190767,-0.047707366043786927,-0.02238163801463013
2022-05-24,0.02318453782338388,0.04615163486115748,0.04809542826750391,0.024209866660070526,0.05215257766773988,0.02330773259384421
2022-05-25,0.004211812959119294,0.03896684314707106,0.05298480082696445,0.0472609788966272,0.04532575376215514,0.021051550905369993
2022-05-26,-0.00829086027875261,0.014621346680719759,0.0330491996530205,0.03580411844594322,0.025214648924965534,0.007867355758710247
2022-05-27,-0.02458057167398063,-0.01279328726085357,-0.005293267435837778,0.016543741555921823,-0.007589664913410025,-0.013716635364021523
2022-05-30,-0.01783795048977868,-0.022455250769143665,-0.02582768694312087,0.01179651707105622,-0.019039299687182404,-0.014523855152200463
2022-05-31,-0.007928730517840474,-0.0035822526689778937,-0.02714638447285747,0.008519274564303245,0.02725026112754543,-0.034189345314278835
2022-06-01,-0.03892704553675809,-0.04535459688625798,-0.04260372693051246,-0.01791390628493672,-0.013232076893324594,-0.034237258758113495
2022-06-02,-0.051804121896305684,-0.047742123608797815,-0.03778394590614391,-0.027297789241343108,0.018770952936541217,-0.014313045092260848
2022-06-06,0.006552164844076327,-0.012087200186423955,-0.0015182898861623821,-0.007033747437715944,0.015382522299361184,-0.020338655870777
2022-06-07,-0.02392641561725837,-0.049466506556218134,-0.022696900941540844,-0.029474933336443732,-0.010933493219516012,-0.024626571262251006
2022-06-08,-0.0248174943411639,-0.04599933568401224,-0.03918472570166388,-0.046632805783392274,-0.02861391489449547,-0.029059181900532846
2022-06-09,-0.01759218302227287,-0.019049738047759487,-0.023990309870675883,-0.006388015196487345,0.029215428555730567,-0.01605002844546707
2022-06-10,-0.0031122098681136434,0.012400544856322757,0.0008040838220775569,-0.0005460351165251345,0.038908898810055936,-0.011054416200511872
2022-06-13,-0.001480211286321057,-0.03255282420185977,-0.026018143726970873,-0.01337633941833135,0.01081553465449236,0.00900028919003799
2022-06-14,-0.011581447867051314,-0.013949380627501989,-0.03454755770406609,-0.022078111611338106,0.01616110231576768,-0.0069812776971432235
2022-06-15,0.02103365661507063,-0.013620354066417008,-0.03726725821949922,-0.04286346694311827,0.004292327963001467,0.0074961432230689394
2022-06-16,-0.009544720184936012,-0.030270100876837267,-0.04917307150733065,-0.04832001904493284,-0.01243086195920676,0.027168636468899835
2022-06-17,-0.01741065218427582,-0.027926082121762494,-0.048661691384691654,-0.030120043849874743,-0.03631184186505719,0.011597992059077158
2022-06-20,-0.034785513704181335,-0.059958216395462616,-0.05237686675783441,-0.04155728485194145,-0.05662027741502465,-0.0027990775185880714
2022-06-21,-0.0564276939614525,-0.02648894499022443,-0.04170750604421315,-0.052638046435417425,-0.044850477595078334,-0.022602338439741458
2022-06-22,-0.0423714779514251,-0.005732324266029311,-0.038028468010293665,-0.04233516985698083,-0.006759531372650449,0.012648712674463458
2022-06-23,-0.03281705928088707,0.002864996377945989,-0.023719338727097507,-0.039026813355865296,-0.014401912973550696,0.0018075755420578533
2022-06-24,-0.04241791854240679,-0.03504362885714132,-0.034034283149786175,-0.04873058816679843,-0.009114340286131329,-0.008448997107153775
2022-06-27,-0.04240160297585494,-0.0432952371232735,-0.05150443198331501,-0.06556966573232542,-0.0381978946783315,-0.011875018601603008
2022-06-28,-0.04942598900681664,-0.027454567410579434,-0.059091803859318455,-0.06962226640843452,-0.05388991656096352,-0.029912013035669403
2022-06-29,-0.025976890420949236,-0.015957083159381512,-0.01397081799174621,-0.03493192116565997,-0.00993550070479801,-0.02566034423081027
2022-06-30,-0.04012511148351745,-0.023664924797400837,-0.015910961364169134,-0.02174212880778089,-0.03220102078268099,-0.03650957525125821
2022-07-01,-0.05958112324453077,-0.047598858809634575,-0.03942109802741582,-0.022455269536001916,-0.018453284702105204,-0.04320499709585407
2022-07-04,-0.06721035540427653,-0.0384493836099446,-0.034528955851195954,-0.02026785079831815,-0.03642618210051039,-0.055487014467283005
2022-07-05,-0.06068391892530857,-0.05140347865756052,-0.038582708049216624,-0.045225745530317614,-0.04119337782063743,-0.058968430549348055
2022-07-06,-0.02019855062696115,-0.015514514212337398,-0.025616633857301094,-0.039842436917539796,-0.05053763446215012,-0.004900462544665894
2022-07-07,-0.04208672704435949,-0.03602742793376777,-0.033675478530448916,-0.047910244533868725,-0.056349729130408484,0.005101030521155363
2022-07-08,-0.04642484425227453,-0.037907389739837274,-0.052823274176429055,-0.056165915181244065,-0.06051645728411957,0.0026899333860758295
2022-07-11,-0.005624794379224116,-0.008378657104017773,-0.02543337173469671,-0.019727287879070358,-0.0035884837062928024,0.022638571913301
2022-07-12,-0.0013935924583822678,-0.000943450012455856,-0.0029053722204623517,0.011545340037272965,0.034016639878175305,0.006426338562685718
2022-07-13,-0.03500956336132921,-0.02868417596951542,-0.022503272608409383,0.0022696075735444674,-0.002116696438275091,-0.006864842429166408
2022-07-14,-0.05007031133674597,-0.03531102813643394,-0.019010365198543423,-0.002628957361345472,0.005377900952628351,0.031452620678279614
2022-07-15,0.005289979418657384,-0.0029982905190842424,-0.027532023392397596,-0.014451419817255416,-0.02052110948172302,0.06425610447557639
2022-07-18,-0.02177690734166681,0.0054811430660932055,-0.041576610323923985,-0.03626778770646347,-0.05293495472555136,0.03269122235536738
2022-07-19,-0.025358139413436745,-0.04044795423874485,-0.05310601902799834,-0.04277093400808933,-0.04574266537203385,0.021251778941958635
2022-07-20,-0.04888241413223141,-0.04884118954570467,-0.05170997261304348,-0.04640979669785881,-0.041714861348503086,0.003907272676632158
2022-07-21,-0.008491684798073922,-0.037194060530008774,-0.05089546552060073,-0.03860670401591898,-0.03598820402539426,0.027388824395982267
2022-07-22,-0.032189449952260724,-0.01028869539254328,-0.039531730227327776,-0.03699368406455584,-0.04973149103388317,0.029599784627168564
2022-07-25,-0.02281465246987332,0.0011175303322309774,-0.026500682837872748,-0.016197641031063102,-0.024953349355212838,0.030137142932560493
2022-07-26,-0.03279633214458036,-0.00630503815438286,-0.02809799412841467,-0.01872182396495923,-0.04271714209575956,0.027070963866439826
2022-07-27,-0.03785939043884366,-0.042790782152398066,-0.04026425565908184,-0.044449663446008245,-0.051324725641818614,0.017246206446981535
2022-07-28,-0.055204625377021393,-0.05083287994261476,-0.06186035745158606,-0.0625539736594289,-0.045419796919097824,0.0020223890759409223
2022-07-29,-0.008962736956153948,-0.038548188682339314,-0.06072174555856084,-0.04066864431821232,-0.02628753664771233,-0.003047265806074191
2022-08-01,-0.03178856977064979,-0.048447795660611706,-0.0625732876124059,-0.027934172788624576,-0.0378755144782726,-0.011253585070786535
2022-08-02,0.018702920950414408,0.04412853879643903,0.022122076963543763,-0.028353973460653076,-0.04156975488780043,0.047192720221174114
2022-08-03,0.031227713689546514,0.03857791681370019,0.024827516310727025,-0.0074300447516733115,-0.04723680322816155,0.05040008227925253
2022-08-04,-0.0012097310622070393,0.005939382084959418,-0.005473272624114328,-0.002091530602759137,-0.05175685442653774,0.053201526688143604
2022-08-05,0.0024235251317346355,0.018641619630018966,0.004632127306297116,-0.017090231972916294,-0.007373158690717798,0.037868150571120404
2022-08-08,-0.03774300318225812,-0.01903628442886752,-0.01172892860864596,-0.03169159889731101,-0.0511777426044087,0.03717026590001468
2022-08-09,-0.05597871865834493,-0.03932514647387734,-0.042707177936351405,-0.03851680156673619,-0.073424657131022,0.008632973037069436
2022-08-10,-0.001363056036206194,-0.042625814688555835,-0.06912097060942103,-0.038019952055830336,-0.06555685786333856,0.013899091788558889
2022-08-11,-0.012429731630973509,-0.02706138226614044,-0.056866482952185715,-0.05106191194664772,-0.0643834308053399,-0.005816619887551144
2022-08-12,-0.05163821201031055,-0.05283717334736354,-0.043392451870620366,-0.05870256914143213,-0.01074145337241271,-0.012266074893947996
2022-08-15,-0.045413382537624315,-0.06406542461645791,-0.06032582525710593,-0.055684521177689364,-0.027746485204136036,-0.022846905432936125
2022-08-16,-0.05358648125936736,-0.07779332215360646,-0.07415212074624862,-0.06949734411008686,-0.036780115778154474,-0.029724531627499513
2022-08-17,-0.060579560513389155,-0.07564894358375379,-0.0963240719726572,-0.07187960161952504,-0.055092826484667484,-0.04497004678920769
2022-08-18,-0.04496046077567667,-0.0776165547093083,-0.08900681156292886,-0.08167675361647687,-0.06007222601029549,-0.029283517469249155
2022-08-19,-0.030000778705146135,-0.04774337184030636,-0.037638954199804196,-0.07107899455418648,0.0034468101054525376,-0.03986854705318509
2022-08-22,-0.045900447476703854,-0.043277253643993346,-0.04146995487263616,-0.04967137408703441,-0.028323609785861896,-0.04965075406172982
2022-08-23,-0.03998739500097898,-0.07723785189948885,-0.07015166855756125,-0.06676959126551979,-0.05013561002568709,-0.056496682555275374
2022-08-24,0.029389513388848147,0.018052784267470826,0.03581755310945656,-0.015614092565956667,0.028815576376962818,-0.02989412210770681
2022-08-25,-0.008044197414934576,-0.006787015456013829,0.019258017797471032,0.00313493513506161,0.032886131711693564,-0.04258786894348974
2022-08-26,-0.017515184075132226,-0.014775106851931032,0.007346998850345732,0.015165039118913235,0.021651724803104996,-0.042632867265724614
2022-08-29,-0.025017742936254445,-0.027812307009501894,-0.004187017101636853,0.02235572394029193,-0.0077018974547128196,-0.055456914319795866
2022-08-30,-0.025250752074342415,-0.039502150293595384,-0.020625969537160237,0.0037218267670407947,-0.030937541391645333,-0.04980403902044939
2022-08-31,-0.029443025260427254,0.023359117130964745,0.053589866768523994,0.009887056468866687,-0.0005240282859189402,-0.0330268171623012
2022-09-01,0.0006655896396093929,0.006260886464402014,0.0415136399705317,0.025272927547087362,-0.019240566836817928,-0.0467164018796969
2022-09-02,0.007203209994221044,-0.01431736159740349,0.03011809425878416,0.013833062787095243,-0.03511705010405908,-0.05000863354311079
2022-09-05,-0.013390009996417332,-0.029345447818873056,-0.0019150942831517204,0.0065675890044538466,-0.038585046316734484,-0.05591076742916104
2022-09-06,-0.018370217936205756,-0.0028428617952388612,0.021750634102871178,-0.0068587259254326155,-0.04472924615145267,-0.05740995391992931
2022-09-07,-0.04046868610365367,-0.04507046344867799,-0.013285229291387795,-0.007371002724838297,-0.030572986223313676,-0.06213514326319148
2022-09-08,-0.025718146774058818,-0.0456567414312774,-0.0179460516123484,-0.007384478793219591,-0.0394210399692428,-0.060146982632548564
2022-09-09,-0.013572314100160462,-0.053209228257700004,-0.031235554941548158,-0.011212952732551195,-0.03955501162655667,-0.06056316826096138
2022-09-13,-0.03965378434872503,-0.056730542126026635,-0.03665762491978078,-0.02630873051496645,-0.050727267106350976,-0.04755661297873401
2022-09-14,-0.004104691688912598,-0.023828585233825944,-0.012272925288180506,0.006170119309132617,-0.05112849593547153,-0.04289520878656431
2022-09-15,0.02527936294438099,0.04434066563172276,0.06630582644142302,0.03110876615670266,0.029496144068116615,-0.025410904636244486
2022-09-16,0.07957949850742607,0.05633501703317641,0.07371574595188266,0.057409034267929704,0.014978234442081885,0.03791721610178396
2022-09-19,0.035964699614981215,0.03500986546369405,0.06462245793151682,0.05911485111463395,0.037387923143625754,0.011784979145359456
2022-09-20,0.01556264580796945,0.020779525012109848,0.053714780242884855,0.04493265046448465,0.013330737354203776,-0.002941855481361619
2022-09-21,0.02588054790061888,0.019008531159971028,0.024435746679159716,0.048652126931174905,0.005990914050677133,-0.013394484057628473
2022-09-22,0.03712340296503709,-0.0005165937420458526,0.011961821912684802,0.04836407618710054,-0.0065740818138932755,-0.023317565674099296
2022-09-23,0.027200776547547073,0.03651947174952194,0.05382499094346797,0.033708046382430565,0.00495478383807728,-0.01244162977550973
2022-09-26,0.03248397045995597,0.04987316114083544,0.05588359491346552,0.023952517533423118,-0.010149362866957877,0.026942455523788218
2022-09-27,0.03128829536204196,0.04086636819124999,0.048884933849999875,0.014606791137306775,-0.0180450685139081,0.005678680472330423
2022-09-28,0.06233368724528216,0.04586320227287342,0.059418829699160416,0.019523219182909633,0.008839092626195822,0.013773083586847578
2022-09-29,0.03661600334074666,0.012269076864981718,0.034382656734216595,0.011243215542421105,-0.02358317370089887,0.01053956797993578
2022-09-30,0.03891207544445863,0.015131541643883476,0.04170648131444232,0.03525925047332212,0.022330246695776886,-0.006493669495900866
2022-10-10,0.08085149632211397,0.03134340101391636,0.06785369153543455,0.03940397012675961,0.08033930882362181,-0.018845801125564617
2022-10-11,0.034967725031329944,0.013934141238725774,0.036789434178541636,0.04026146760308788,0.05774827118426147,-0.0196769394821164
2022-10-12,0.03891666303164827,0.03985345542914427,0.0763400470020647,0.008697509691678075,0.06496261072499675,0.0030446644681402083
2022-10-13,0.022658767634965177,-8.217642281899656e-05,0.04880400422620515,-0.014774253250808961,0.025897505500619575,-0.002902947443854781
2022-10-14,0.033490893113562056,0.014713584290258772,0.044145449582670346,-0.020055136578938905,0.035159315854120146,-0.0138858728509461
2022-10-17,-0.013456746720808384,-0.019098651758632894,0.016154977423971772,-0.041333838574130796,0.0076353007787091825,-0.026640607918796258
2022-10-18,-0.027184652908408886,-0.032030068868938305,-0.010899252334415025,-0.04540919017912324,-0.014918467704018662,-0.04406579896729738
2022-10-19,0.022230705418257633,-0.014240511687189547,-0.0075828196061668756,-0.014311613425716964,-0.0019151481889922804,-0.023199215569810198
2022-10-20,0.029451521665743836,0.0008244215194527302,0.007580157902370041,0.0034732436765817732,0.00824926074807537,0.008256248870452159
2022-10-21,0.001886311814214046,-0.028850557573718395,-0.025396190845728986,0.01622819572133436,-0.004489244856411681,-0.0211493463722078
2022-10-24,0.08749674977505814,0.011475923346020437,-0.006709468174048421,0.031800454707758836,-0.024329616650303025,0.04144449150249974
2022-10-25,0.06036837528311468,0.00423156855784564,-0.01960183209964577,0.03334772288633861,-0.02893024185863945,0.030372224614186365
2022-10-26,0.04325632799792367,0.00887933972802526,0.0062452048826804624,0.01858977344004155,0.0028171290002932344,0.03284294364600541
2022-10-27,0.03943777105444675,-0.025651742747643536,-0.01609681331820594,0.007866787244543611,-0.022915865779598976,0.004292192044154878
2022-10-28,0.09404043700865758,0.051323813946578534,0.05884391612471798,0.041746275885619306,-0.016842050128133505,0.08256769998001048
2022-10-31,0.0872267237358222,0.029643543073189175,0.03972522855449359,0.05230820498640232,-0.003224491970200625,0.08857134221257437
2022-11-01,0.06665614727137864,0.03951962168467196,0.03914111438451293,0.025963293525273275,-0.0036983508039085808,0.08897631361679471
2022-11-02,0.039351916238268544,0.004728892087129254,0.02031471063975416,0.008969671699606841,-0.025208637515404538,0.06187693830391056
2022-11-03,0.02258922773239716,-0.018105186528082528,0.002969111187718119,0.013629312686083037,-0.03594180838965223,0.038766953673627313
2022-11-04,0.03845943546152513,0.008808772439534061,0.0071831986987756615,0.0008563806075556698,-0.018002427543713173,0.03313648388255039
2022-11-07,-0.0007205950258943702,-0.032085013867837506,-0.028659130610401477,-0.01992390058706519,-0.026817129479141992,0.00897058127883032
2022-11-08,-0.012239312437109125,-0.04959876984567779,-0.04017034340445559,-0.003253284931065366,-0.03581441189916522,-0.002506798276106729
2022-11-09,0.009363146434549934,-0.04210287291223173,-0.03126190240674382,0.026125869142525134,-0.01057817784200156,-0.006060319558843896
2022-11-10,0.00675304543932094,-0.02847521443918223,-0.015615845863871634,0.029662866112992625,0.00023318789653815693,-0.010433380608899954
2022-11-11,0.03181407361350663,-0.028192148490826283,-0.03208508825043217,0.0025325664260895967,-0.02957116137458473,0.020302052702200632
2022-11-14,0.013337394161697021,-0.03141009726701009,-0.03279704596882518,0.013167726611853042,-0.04077012181477413,0.0014016652538860566
2022-11-15,0.012834473339634634,-0.015623854857257737,-0.003414191211826968,0.012276155859546365,-0.009094532906329224,-0.00993367759903102
2022-11-16,-0.01453967554202093,-0.029898283437941903,-0.019290766868077694,0.0029496575400358876,-0.012046678627433534,-0.03492678604145112
2022-11-17,-0.04407709970510188,-0.052094189352775,-0.041915780869122655,0.006361738577052219,-0.04146861530546532,-0.0439599016618083
2022-11-18,-0.03649616407719686,-0.04077728401155307,-0.026202495569608596,0.009100765787360547,-0.04354651523309774,-0.024275452975533122
2022-11-21,-0.01923619234085607,-0.057918463306461276,-0.046030190442132274,0.009962060576076126,-0.05675976975692949,-0.02178367106828444
2022-11-22,-0.03055539443385454,-0.028334707158475567,-0.02061955480513185,0.028061815552794286,-0.02898195804022287,-0.038467252643596704
2022-11-23,-0.039169251180325326,-0.03923001437398277,-0.030246887572969353,0.03827249697685417,-0.03776889264557841,-0.042061424715722995
2022-11-24,-0.018666783969495955,-0.05364891328981734,-0.0435177735444925,0.026081986051487385,-0.04389767582802481,-0.04588094314910252
2022-11-25,-0.033585465449357976,-0.04450794203505061,-0.034762513523801025,0.04145119584878467,-0.006883900520861405,-0.01717170114647042
2022-11-28,0.0039025601662641277,-0.030060864944689618,-0.036808393500834084,0.037313637676554545,-0.00047667992536763217,-0.02877043850803851
2022-11-29,0.02539410738459954,-0.008297556059022462,-0.022797840548678065,0.015553857445826328,-0.014967914736106612,0.0012220529253062881
2022-11-30,-0.007476004000476194,-0.035039088185118396,-0.04570294368453991,-0.00022245956642836362,-0.019807018823946216,-0.022397462548061624
2022-12-01,-0.004932232668313082,-0.04531485536623087,-0.046759935727385245,-0.020972225935592465,-0.03366059114149493,-0.028726805109516005
2022-12-02,-0.028290897064077742,-0.04590342200700756,-0.04577409078842799,-0.02296675725289331,-0.03941282410644641,-0.04187142291893265
2022-12-05,-0.008164926001775354,-0.04792603185487099,-0.06434515872952237,-0.03179190856511202,-0.0387299806397758,-0.024065854670940662
2022-12-06,-0.021062992497859038,-0.05238686636146471,-0.05617738557326685,-0.012899877147552107,-0.035975426647114415,-0.04815776109268511
2022-12-07,-0.03394972076571599,-0.058181228521497735,-0.06893155161536091,-0.02764999962242629,-0.04900845315537278,-0.04734566529095466
2022-12-08,-0.06340698052688924,-0.05810452157088231,-0.05674766627545322,-0.02641118133304835,-0.04537338652398538,-0.06137611937513691
2022-12-09,-0.053401206075172,-0.06444959212614296,-0.05679237533457329,-0.028917914566876243,-0.047686651838438066,-0.04579166228472095
2022-12-12,-0.026350400549685862,-0.040653023815775124,-0.057959222495177265,-0.008195869259837129,-0.04747938226970333,-0.029922954360754823
2022-12-13,-0.03379722255873873,-0.02714733764773747,-0.03229900481821507,0.011514627247136346,0.0016814845825535883,-0.03323415021790892
2022-12-14,-0.04781150032469668,-0.022358020846584843,-0.03801752002329339,0.018401011595057824,0.003140697244704841,-0.035630315449629496
2022-12-15,-0.05476989054167117,-0.04784695802892083,-0.042307829654854835,0.00275420122017873,-0.017428101908717533,-0.021264385583125146
2022-12-16,-0.05724116533628324,-0.026028220974515,-0.017827788644924854,0.005399409813382054,0.006646142821521013,-0.031576535220883495
2022-12-19,0.03582102815127445,0.05313976076394162,0.04039710062115546,0.02641835743725323,0.05535782593110712,-0.006616526455683013
2022-12-20,0.053117915680751145,0.05104117095731307,0.024687797311362603,0.047463359676687335,0.027615356380647594,0.01451680654728459
2022-12-21,0.008905089683316204,0.048297156454493465,0.020925021141230408,0.043609238383121,0.0409316142438753,-0.0030871778720507814
2022-12-22,-0.006081822219447719,0.04476023241033997,0.031378644021738185,0.027202385707086274,0.04263460490985916,-0.007471246951447339
2022-12-23,-0.009959475773022124,0.027265149226406122,0.012142111945911045,0.025063238135782782,0.040367075812067714,-0.00657257494554105
2022-12-26,-0.035793285476192024,0.04122755948464771,0.053582308379668105,0.007119987599872079,0.04864051912819592,-0.015570077781196451
2022-12-27,-0.02829008924213685,0.01626564688341401,0.026053099267902224,-0.023914865355446183,0.030684842740569724,-0.023015311588843766
2022-12-28,-0.032411982671349364,0.012475335183390808,0.017538174614146567,-0.021182291215843883,0.00872770796121714,-0.02981597903878227
2022-12-29,-0.032928782279482816,-0.002588960587026196,0.006102701538040876,-0.007001188280893862,-0.008715825078124202,-0.01839217957749443
2022-12-30,-0.05508227009668813,-0.024694723786324993,-0.016036861363861336,-0.010775514328935393,-0.013500963008870335,-0.03206391019747762
2023-01-03,-0.04625735441572415,0.010882260485776618,0.036011478910388695,-0.0237526953893304,-0.0007953534535205715,-0.03937851317126359
2023-01-04,-0.05204050551254367,-0.01678348844956047,-0.0014520978333574749,-0.01749880768749319,-0.002178274292002686,-0.04201337665478923
2023-01-05,-0.011119945149128433,-0.018880051788822978,-0.008780468812446733,-0.010664404292556634,-0.01923033829962162,-0.04969983514037468
2023-01-06,-0.035574736308408635,-0.03541117037253659,-0.027434645239795833,-0.017633314639071564,-0.022709282309025247,-0.06328491320821518
2023-01-09,-0.04230629610431811,-0.03892717090782072,-0.04733460292884079,-0.028027255315773075,-0.025058323822396512,-0.059154509151297094
2023-01-10,-0.060228923891617776,-0.05589441296730863,-0.06704526972625514,-0.021658680341807058,-0.03543329980662022,-0.042697609790714394
2023-01-11,-0.0648227396507872,-0.025923248787397588,-0.04488575430233114,-0.031245307113312457,-0.0024125614157588615,-0.04677608850792214
2023-01-12,-0.08836437827985091,-0.05551121733597482,-0.05481674776864623,-0.03339328016604222,-0.01707158404656403,-0.043743793135731415
2023-01-13,-0.04412088104385281,-0.04749007535126713,-0.06122834960475966,-0.034102189805096494,-0.020004037972535485,-0.0530645710990523
2023-01-16,0.01534908785284857,-0.01709813787046243,-0.024842923210207694,-0.014461278704667312,-0.0047047128734121705,-0.03828943869981478
2023-01-17,-0.045916709244777094,-0.050928211459073794,-0.05855804029748801,-0.02597844312340754,-0.021715987109403062,-0.056787314306930105
2023-01-18,-0.05928142182130401,-0.06600184739434886,-0.07552521254135135,-0.03872857696948959,-0.046234318295574374,-0.06377915449363736
2023-01-19,-0.06351633283240536,-0.05685766965659675,-0.05859631431992497,-0.04354208415736174,-0.03131399689071669,-0.06788154217344886
2023-01-20,-0.05646297996930331,-0.05461646343087218,-0.05483546034389371,-0.05502578509360344,-0.05019556601269776,-0.06476306828292255
2023-01-30,-0.03102378896896213,-0.04308092757406101,-0.05263477269837845,-0.02629267863655882,-0.050156361683897706,-0.05333028343919152
2023-01-31,-0.00213600761413779,-0.056987242324119905,-0.057443919731117205,-0.014915478870599972,-0.02041521797177444,-0.06054849895503154
2023-02-01,-0.028997532279188713,-0.03365440534936481,-0.019992227628159415,-0.01603251648229933,-0.009601213598348568,-0.06878992647825233
2023-02-02,-0.03940022342451033,-0.04619558584393377,-0.034247244713109276,-0.028142990741075527,-0.034066078003024663,-0.07897194928559602
2023-02-03,-0.019998903874701244,-0.03834734123007463,-0.041210356529407924,-0.025356089400803306,-0.04210980075078108,-0.045456442402560755
2023-02-06,-0.0036628263227554644,-0.0406336960151369,-0.03218324659338748,-0.00511324724192443,-0.03594881619445172,-0.03246259097407668
2023-02-07,-0.020225437548925716,-0.05815414450487208,-0.040770567975011426,-0.006178426497258683,-0.03584260541404302,-0.05302851376148782
2023-02-08,-0.015605641073504083,-0.03982455105688781,-0.043214393297702894,-0.00721505659926679,-0.015403515307066407,-0.0498494027215652
2023-02-09,-0.009257301943091548,-0.01828429357018199,-0.0037201494304312925,-0.007978470390574909,-0.009087778900205797,-0.054782735491270745
2023-02-10,-0.031245328541163124,-0.0402572738831866,-0.025100760156238938,-0.02439934421621561,-0.02188985509635769,-0.0676903121292934
2023-02-13,-0.038492462945547964,-0.04365466269602579,-0.02384722950579834,-0.03951566671537647,-0.04482661708109198,-0.06891197098949875
2023-02-14,-0.05577693355447748,-0.058500683601412876,-0.04869727525752489,-0.0407828808758929,-0.048633507513609106,-0.0714855577970668
2023-02-15,-0.0526457006684927,-0.07618522772174585,-0.06546508842731201,-0.05256893233465186,-0.05150371857058498,-0.0584185366950554
2023-02-16,-0.0034734762592030723,0.003301590671307592,0.006179614750189372,-0.0314545846395139,-0.012788602778820175,-0.027982794302072136
2023-02-17,0.033005567797555084,0.015590586658131036,0.01898862512659659,0.020029232819150738,0.005836276186255575,-0.04316556115130583
2023-02-20,0.01602872811762407,0.010746255332545475,0.017542657016807503,0.03019453976976844,-0.0008619076607370025,-0.01585349649526732
2023-02-21,-0.016531632641232724,-0.013213846032575454,-0.012232991161188502,0.01361953113612361,-0.02191700816051339,-0.03268184204213786
2023-02-22,-0.017030220042088654,-0.036467613534971785,-0.03141169146474261,0.012477231440611077,-0.01828689223913115,-0.051386303186090276
2023-02-23,-0.030907775074398985,-0.04132816761627882,-0.044659723546347535,0.009910433131057538,-0.026486431815714133,-0.06581132993024222
2023-02-24,-0.01721596318523205,-0.043194562499222384,-0.051431695420983595,-0.0011017168581605621,-0.037843907455474904,-0.06369754634533978
2023-02-27,-0.014911207339596808,-0.03621620917384351,-0.036802087121319244,0.005558579451798086,-0.034985474851628,-0.06522173183974508
2023-02-28,-0.043813001279253624,-0.03521233177493459,-0.035578686213250395,0.00018684531488092514,-0.042108122144251886,-0.0786640305179518
2023-03-01,-0.00542867652085187,-0.030574324604302348,-0.032941262537577926,-0.016280505829649367,-0.041402227890249804,-0.06664078672762311
2023-03-02,-0.02941410103229688,-0.05130697529161139,-0.06026651392715874,-0.022911463686624656,-0.0414015988544263,-0.056678269949750344
2023-03-03,-0.06657522732434946,-0.0649806211761813,-0.07297562885147886,-0.02840255712962527,-0.04774169970826359,-0.056744333510747924
2023-03-06,-0.045802687396933925,-0.07720501715351244,-0.07756422707613544,-0.026673300296028202,-0.05899792086545608,-0.05100996587213595
2023-03-07,0.025490693262445498,-0.00431689509052186,-0.022311500011228218,-0.010436849779104859,-0.039323356796159954,-0.027194558537568445
2023-03-08,0.005056884815381583,-0.012463486543875444,-0.005604048768394546,0.01402377875252198,-0.05160679194784929,-0.04417951776644144
2023-03-09,-0.011720058549856973,-0.026518644541646014,-0.04097251401298964,0.00894722521036679,-0.05406271718722758,-0.03702656492169972
2023-03-10,0.01079858788837924,0.003733636445655321,-0.015583306852419349,0.007766782598227438,-0.039651904499008406,0.00823878505619089
2023-03-13,-0.009280499976584915,-0.004888438723325052,-0.01525626842769333,0.004919344218697248,-0.055697702065395524,-0.0002982357291107755
2023-03-14,-0.007652096304958487,0.0006230989434775092,-0.022376577059574097,0.00043181940373867623,-0.05014252575669549,-0.019273163106082274
2023-03-15,-0.030489802174929817,-0.02565949325406854,-0.03921443320261177,-0.007932376868100985,-0.05535004017372106,-0.023789557497376587
2023-03-16,0.006935020965636477,0.010750102387024407,-0.010704001787232156,0.01421971881378697,-0.03697705764056543,-0.013749317988076281
2023-03-17,-0.0026603279178006854,5.364820074039396e-05,-0.013888781896298424,0.012852666094935692,-0.03626024971717213,-0.03354227478069774
2023-03-20,-0.0003645465092809418,-0.010271328137399855,-0.03577140238979587,0.009357791551570526,-0.05238918285267825,-0.024595491853827575
2023-03-21,-0.019843453091920232,-0.011557077594512794,-0.012641906694727135,0.00587272172635232,-0.06423888206265342,-0.032410359253542485
2023-03-22,-0.026320178745997312,-0.019396743981014233,-0.033955928475400264,-0.009238940876956977,-0.06533370493037785,-0.04613463691135564
2023-03-23,-0.021682050771068904,-0.025899403210505947,-0.05119971567597657,-0.013969896264188911,-0.039412383861203354,-0.05525171309180074
2023-03-24,-0.038270094249082384,-0.05388337205681415,-0.07356357701593,-0.037407538565690165,-0.0640668776824796,-0.02950365491835139
2023-03-27,-0.034059870153243896,-0.05390792583929702,-0.06858728485867051,-0.028728269145047787,-0.06400038237571322,0.0024902246830978293
2023-03-28,-0.0428205016632744,-0.03240466296861179,-0.04945411869588415,-0.0295167686819957,-0.03941296384242286,-0.017579270250923575
2023-03-29,-0.057093728956655376,-0.028373671421630737,-0.04095247008436126,-0.024282640669554316,-0.024605006859876252,-0.01956293302729866
2023-03-30,-0.042103651632839335,-0.03405720574225101,-0.059991783964902026,-0.026298449358851846,-0.053885079700485644,-0.02673087436215603
2023-03-31,-0.043931193445213325,-0.02089183058048428,-0.02445188478492194,-0.032484185724095685,-0.04614537344830037,-0.036036872127122005
2023-04-03,-0.02079780459909713,0.001233756427017178,0.016399446202423597,-0.024297799084531724,-0.030703892490978782,-0.055640691220766425
2023-04-04,-0.04311528627265474,-0.036888430981998704,-0.03414295100582882,-0.041673094270281305,-0.05347934368530752,-0.05734151080319134
2023-04-06,-0.05540941460494884,-0.060543471953296416,-0.04618775839408252,-0.04450240872562984,-0.055807298773031394,-0.03081807064203707
2023-04-07,-0.05551230258090826,-0.04516557298394536,-0.03822524165402957,-0.0453646589697396,-0.05778929460859493,-0.05116888950879956
2023-04-10,-0.03418383880152899,-0.01861415561081083,-0.015481246962011187,-0.054133647324045665,-0.031971365274981775,-0.055033634073614175
2023-04-11,-0.052778145858727185,-0.028420240800139933,-0.0323849608507844,-0.017623437356387262,-0.018598557100417728,-0.05325418332776179
2023-04-12,-0.0467567109001257,-0.03560525473934914,-0.04350589100387624,-0.015016925861573363,-0.02094753846553374,-0.04600649866827131
2023-04-13,0.0011659839419497443,-0.02719542810325823,-0.03187645603170256,-0.0071573485909101255,0.0048439257332532374,-0.06983695837614848
2023-04-14,-0.012190883032694083,-0.04137957832660044,-0.037940829332320736,-0.005635204158733722,0.0016054458320859798,-0.06818985040137135
2023-04-17,0.017192416970531768,-0.0557405138482784,-0.07903145547343796,-0.002561644642630307,-0.03853580412746711,-0.0352887899344167
2023-04-18,-0.021136639345578273,-0.06445337565175319,-0.0841453925627077,-0.01780706258743667,-0.042640709968917875,-0.05973200887338105
2023-04-19,-0.006571155873428108,-0.03884361081236737,-0.06841824456507335,-0.028079187807482246,-0.045718937277032225,-0.06928314316615206
2023-04-20,-0.022353196449690395,-0.05338577220418084,-0.07623016059669317,-0.004140418631285638,-0.053307375552957954,-0.06889463293574885
2023-04-21,0.046597503476108915,0.04835784584990274,0.04280772159246938,0.009512415757190109,-0.018284902925327327,-0.014968836613665784
2023-04-24,0.06443822823153922,0.07088939491162932,0.05840908287964686,0.02656825210840919,-0.0002584773519568418,-0.02492489931943998
2023-04-25,0.0476724033739023,0.08717024132269516,0.08144861086057818,0.03499501560759256,0.010650611644768677,-0.0232960471406804
2023-04-26,0.009449940500588831,0.06775532101949314,0.06445866124626971,0.04094897996821501,0.008739059884613116,-0.037564476986107105
2023-04-27,0.007855580191109636,0.0402459548585314,0.03570012655648712,0.041923691220270294,-0.004112311998863927,-0.05284178003397132
2023-04-28,0.023774694682368484,0.05993807602713642,0.06108840438460129,0.033747559784894,-0.0046607612210228565,-0.03502990043718374
2023-05-04,-0.015755690120586408,0.03464125657732138,0.02971800770656393,0.027077809557009436,0.005885521329074337,-0.027469696383118254
2023-05-05,-0.013898648601792372,0.04503401308534855,0.03051096494337194,0.04432418277404039,-0.0003015142024890361,-0.04707649849777586
2023-05-08,-0.00047725852717075674,0.03467246451891916,0.012434560503103183,0.045460746892609406,-0.010010343098457063,-0.017896106257799124
2023-05-09,0.024860082096380354,0.0515456907843949,0.025574593090478347,0.03798699604670482,-0.004332171817275906,-0.026685753962075988
2023-05-10,0.028958809002772232,0.03849121331679243,0.021259994568018265,0.045761929960821124,0.0007757544684634419,0.0017699774584094743
2023-05-11,0.017247911803167367,0.027456659800715648,-0.013576795259248979,0.030538675719928982,-0.011891049438569112,-0.014759671701825863
2023-05-12,0.06999119753416637,0.04910104530049332,0.018972776546939345,0.020253624463462398,-0.0036804630625076784,-0.008427648118813465
2023-05-15,0.050029772930173945,0.05343467378370821,0.030031863546871512,0.01456807825374127,-0.01032744432784885,-0.01792791501781816
2023-05-16,0.03280560058536889,0.04088596976547729,0.015427132395730032,0.00605289708818799,-0.018790463020976495,-0.00045471592147953104
2023-05-17,0.017039967528607737,0.02242714638474222,0.012333385162535552,-0.01092226583504217,-0.028679723516768202,-0.005105010810453418
2023-05-18,0.006443044020600974,0.00933619225901342,0.0031681757581279515,-0.02348349272588632,-0.03270219589035084,-0.01679885995956154
2023-05-19,0.005542510655624078,-0.008016471826150501,-0.01105353254596388,-0.0127318081927746,-0.044683965026188835,0.006692750064934036
2023-05-22,-0.002049221967626632,-0.014794743835016423,-0.04305135939619721,-0.006599795577965599,-0.035019404876330706,0.0012976805092637291
2023-05-23,0.06029242069863575,0.03569735622008354,-0.008586182911159406,0.006804768878511541,0.0007474404884582604,0.02629144803839671
2023-05-24,0.08365754010385823,0.058189828885930495,0.008863513264890703,0.01534597066446069,0.006679504944465434,0.04145506049762167
2023-05-25,0.04855483195744052,0.052704130382217204,-0.006530727162389656,0.01648354430009123,-0.006634557582070587,0.043431504048942866
2023-05-26,0.011128590606106584,0.04216881631362724,-0.005964531478765413,0.010039583508471188,0.005563709920139858,0.04127123523157935
2023-05-29,0.02296277313047665,0.01061228111745901,-0.019858597408741303,0.005374147651113677,-0.01236356098668392,0.021679482981693463
2023-05-30,0.007231958916790422,0.009182960707157285,-0.025618052962118255,0.012477676479806247,-0.028656150572236576,0.0032808186657938094
2023-05-31,0.05070756316816126,-0.0014894947725025546,-0.04358096373870308,0.012882376966250358,-0.0378597083398905,0.03496412425755416
2023-06-01,0.031464291076153186,-0.01211663957041852,-0.036663403453190344,0.015545762285545004,-0.046513682959918534,0.03435314056179283
2023-06-02,0.03872907567130168,0.0010184467842961266,-0.022662365178525976,0.022958463326772212,-0.052093415180538845,0.028123273872669125
2023-06-05,0.019779864799017062,-0.03211649688347542,-0.06127840896061016,0.0324788128100655,-0.04136235314879766,0.016991779726420964
2023-06-06,0.04304094857780344,0.0523625799777846,0.029589001052269585,0.05416015203884628,0.02050766922504446,0.03198520595559623
2023-06-07,0.04656129940144603,0.04851430607778534,0.03419810612016039,0.07441681299745831,0.03098101077752262,0.025696153945783274
2023-06-08,0.030655362073901953,0.042195625423364004,0.029293441163519382,0.07897735652911797,0.029695602353212225,0.02510612335011579
2023-06-09,0.0071443308911880495,0.024816456775567194,0.027643390528485877,0.06100051087049288,0.03549049456407259,-0.008456460394745024
2023-06-12,0.0063874497898808134,0.02076834516009979,0.0325431021869871,0.04455065663778632,0.022037493993913627,0.01171792619896791
2023-06-13,-0.006777854376949441,-0.0184710473982522,-0.014503238155547028,0.03153711020543283,-0.01718148848535176,0.010425498380714021
2023-06-14,-0.02882696747049678,-0.04267383466315353,-0.02914424240909172,0.007206341426392104,-0.018845249952908667,0.03298767229568404
2023-06-15,0.01533643580779602,-0.01445178130313389,-0.03874330799673701,0.009637041535499586,-0.033067208649021344,0.0129351167262107
2023-06-16,0.004747095451905311,-0.00451925658056278,-0.015289412543602159,0.0018072819457417223,-0.018877703709910966,0.032232182950924185
2023-06-19,-0.0069678050124093276,-0.02656074067471101,-0.03806364709254273,-0.008876733144678513,-0.048215283871018255,0.06228121702003184
2023-06-20,-0.019315742442882138,-0.040354710532573224,-0.06326605457855847,-0.016676748708112456,-0.05480312834594992,0.07840743018569031
2023-06-21,0.04633362486799856,0.05442750946071999,0.030183082775957312,0.02264688855379407,0.01933451520234794,0.07865698112542166
2023-06-26,0.07275753069951552,0.08529705108709348,0.08378551184806748,0.05821050789246972,0.037777131823620295,0.08512116806088962
2023-06-27,0.05304794130471609,0.07506770691053169,0.08018051688919606,0.065252374264823,0.02219391727588563,0.07223663009388041
2023-06-28,0.011780800470673529,0.029571950714456192,0.04062657123036019,0.07015224555224142,0.023737213120562338,0.048715673408693816
2023-06-29,0.01743260260247125,0.007437910187163421,0.03506848816420566,0.058889980928849436,0.03649363471267225,0.043749108471066424
2023-06-30,0.013366768805708218,0.035410246513995394,0.06323748740475241,0.044862657901055265,0.006662621121280722,0.034494230038734676
2023-07-03,0.018703940087550122,0.023404356575329036,0.01804470215364578,0.014197306849854392,0.015333154196184268,0.027774611990365423
2023-07-04,-0.02971872088716892,-0.0063381868657895095,-0.016736844354665346,-0.0029764944317490216,0.012633170997298056,0.031501828976422404
2023-07-05,-0.005954280632709611,-0.00043183904428820775,-0.009169539882281644,-0.004714319389035081,-0.0012793972381600302,0.04242190377112498
2023-07-06,0.010192228477402823,0.003981933115729083,0.0009701081087137957,0.006627285294868645,-0.00694420238223744,0.06064524483624896
2023-07-07,0.028015105949310122,0.014155657187479794,0.016018526858060246,0.03066071826537843,0.01853023598274252,0.03448796413503354
2023-07-10,0.0077794883548357365,-0.00508876911432287,-0.004288703039266268,0.03889564246545719,0.02909426564723478,0.02592604954163214
2023-07-11,-0.002252940841558228,-0.008477031751620356,-0.015051634227294209,0.02138123876068685,0.020280405639198647,0.004492731226874196
2023-07-12,0.016358439679419252,0.006627244378949967,0.005825904933269022,0.008057215798988408,0.026526646415132457,0.038753818336849814
2023-07-13,0.004760390562812692,0.01183887261225166,0.004361843133859632,0.005524525072380084,0.027621402830379928,0.04040725009662192
2023-07-14,-0.033469673550086274,-0.020327170315830728,-0.03874169594950871,-0.01742003304192672,0.020409326585442058,0.01162456514639923
2023-07-17,-0.015340670881404445,-0.0313992985259816,-0.037613778086257835,-0.016003485846524876,0.020555925879939575,0.049585937986386504
2023-07-18,-0.0016547587143030777,-0.025520536525080812,-0.037105521278426305,-0.004943285983143117,0.03265836903273649,0.034732536803824515
2023-07-19,-0.01213984585179407,-0.029441688035506786,-0.035810181414225505,0.02250635761840241,0.030511649193979466,0.02652382854165168
2023-07-20,0.015963330739873945,0.015463952857346523,0.019178265458922792,0.02560159532838536,0.04939329964501868,0.02392826256371733
2023-07-21,0.002727830972832305,0.009379507858516942,0.03201333927919302,0.035899788321873974,0.05863621178521795,0.016666479844417877
2023-07-24,0.020641290989229674,0.009233653656010902,0.01931172362227802,0.03704174925397828,0.05590531694276475,0.007387490679947347
2023-07-25,0.020450642809350654,0.016693560420007005,0.04257401428295128,0.022363999648434125,0.04406878072522266,0.042115114151459444
2023-07-26,-0.016459880430702914,0.001917549523415,0.0317307452326754,0.018379582187230306,0.04308816650607247,0.005946012264969028
2023-07-27,-0.026324224049861338,0.007294203041191251,0.028193166437146797,0.010327219628439358,0.03876674119781294,-0.004083167738027263
2023-07-28,0.002683865094365301,0.0413368893715564,0.031444118166601864,0.010932091749465288,0.033076294600382625,0.03627470234298821
2023-07-31,-0.01765685633659045,0.0385182720649449,0.03871515163087835,-0.006910844898554033,0.010927488447423821,0.016123034166690947
2023-08-01,-0.03799908214744281,0.0037364245440528712,-0.006050068644643449,-0.014040514014500228,0.004968047701629781,-0.013362149169669582
2023-08-02,-0.02105301985061256,-0.00021446606617335392,-0.02720232660417364,-0.006177823264412978,-0.00011519891992601017,0.014428844986252813
2023-08-03,-0.03984580728241927,-0.025575197693215302,-0.044836609790672395,-0.007435370074433356,0.00316708860091557,-0.0007621322944294445
2023-08-04,-0.04470743933380637,-0.011129613871278695,-0.025809388489207392,-0.015324970387295508,-0.0007237652599770324,-0.003873077542991334
2023-08-07,-0.029234414421873772,-0.011830546959106049,-0.025682773629248215,-0.016746122753433866,0.012507167155521118,0.013903829945603553
2023-08-08,-0.024624497375692313,-0.01148980423537513,-0.022935920591422233,-0.014936234606009815,0.028724614755828007,0.009287202800771187
2023-08-09,-0.028650126280832612,0.007442528898600813,0.010293525199584916,-0.014420394033999149,0.04789420558662566,0.01708098975590197
2023-08-10,-0.0379519250293315,-0.025036534673381954,-0.001418618819112739,-0.012227590644054244,0.050247476176499196,0.0068700042194361054
2023-08-11,0.03494633019577997,0.036308303435474504,0.04870745206880138,0.0009857068591696252,0.06819799031499765,0.05163434833596343
2023-08-14,0.032571197119987884,0.04829076573137165,0.06504604353883098,0.044708234964586965,0.07130060607926793,0.038483420976718447
2023-08-15,0.02405572085424889,0.057341883122163574,0.06893944969789996,0.04903879997361785,0.07982496760301397,0.04509329416708616
2023-08-16,0.033847497421102074,0.055499417933444775,0.07258128040920914,0.05810188814178927,0.0815309609390518,0.007330230190381243
2023-08-17,0.014304971716743626,0.05186679149539603,0.07817207234326548,0.05072119258635611,0.07622493399712435,0.001426112430257663
2023-08-18,0.05633461099631379,0.05359405609744332,0.06902161960821067,0.03557859966316432,0.06693683959706793,0.012868970181789445
2023-08-21,0.08648697337577252,0.08304886440957865,0.0971212321614695,0.059885403698112724,0.06328343411723567,0.04511928465971729
2023-08-22,0.05705134320196021,0.08057141649472499,0.08256074794281405,0.059840221566038965,0.0480633641907663,0.033790652682279265
2023-08-23,0.08676876026755549,0.07834757240865145,0.0774967342059247,0.06906849637442956,0.054016100034298194,0.023095194681468367
2023-08-24,0.055242919490241134,0.07321544447840996,0.06596927439001432,0.07685094810611902,0.053568538496255515,0.02586766704753641
2023-08-25,0.04901417827199237,0.0736741194671781,0.07275559399416906,0.07967630930044294,0.06010175449821728,0.010092326917634526
2023-08-28,0.03625874824322282,0.07175806323201263,0.0836000876959055,0.06280717454466112,0.038067887973186006,0.030483571904687423
2023-08-29,0.042548281219903006,0.09686210993263847,0.10869527068932097,0.07049726057800995,0.042283555674271646,0.01470125768525245
2023-08-30,0.011400512949175011,0.056438142085095525,0.08110052311643527,0.04394936344096685,0.020694995085900753,0.03025717255952554
2023-08-31,0.0123691601067328,0.03743535596565878,0.05014368829247011,0.03591917390345398,0.02371952954416047,0.05001111800941714
2023-09-01,0.002110100216642375,0.010899848157593943,0.017064461603991755,0.019422248928591245,0.011310249846641246,0.03695736377579957
2023-09-04,0.010652373664800313,0.026225300123632916,0.03814057330330642,0.016088814081658024,0.00533914190835488,0.032004502925450595
2023-09-05,-0.008984248342441648,0.010112285360402084,0.006088298367431759,-0.005505151677000627,0.0014919061136802044,0.00586760871482003
2023-09-06,-0.012051839954913802,-0.0002118833979553339,0.0005175466154857308,-1.2212821427785181e-05,0.00989237746228576,-0.011316744230397493
2023-09-07,0.032908479416639186,0.032996073423416615,0.027913980602176758,0.02542628518601075,0.04241013296854138,0.0003547609977099921
2023-09-08,0.03919095841406274,0.0323726471474864,0.052218992865875204,0.04672611498951844,0.055085337319851976,0.022822405704216134
2023-09-11,0.00923855618934015,0.03860051852874885,0.0508702351454845,0.0397953734533211,0.05431285109588605,0.023862885596725798
2023-09-12,-0.0037046464414956072,-0.007741181142831106,-0.0002326606505855442,0.024432753662803137,0.047958751352213294,-0.008362597491607983
2023-09-13,0.024252726528696998,0.019618605547453948,0.0315824558790473,0.035037171702323934,0.04953099276695748,-0.008765056320733308
2023-09-14,0.010140154290259886,0.012234607810751995,0.041020678091055376,0.05271134512133881,0.041450090280257285,0.009709291872529096
2023-09-15,0.030447054794177007,-0.005526444822666643,0.01770070120953828,0.055281436152228004,0.03412604188813785,-0.024579564170244483
2023-09-18,0.0097707731117401,-0.016443904125693083,-0.0047546391411999595,0.05471630275081866,0.04068297709322741,-0.033433599167142156
2023-09-19,0.005926798769327457,-0.01784297485920768,-0.004623703419327505,0.04518070584106974,0.038691161387696064,-0.02375036745180645
2023-09-20,0.009734880645687144,-0.006877768802040269,0.020371860818677562,0.045792347524830475,0.03672160883242122,-0.048160519710087814
2023-09-21,0.05701761396002521,0.018507582727388776,0.034339914894364804,0.053974882279491404,0.056644993812121666,-0.0190887998151729
2023-09-22,0.025831898281868385,0.032184119091307486,0.053897019856535944,0.04342922254408297,0.041284723048755495,-0.027022491008935605
2023-09-25,0.011691363690346797,0.005131879852186591,0.015681214447107218,0.026882238129997047,0.027415191665816678,-0.033847798875423864
2023-09-26,0.027425307293261793,8.764045639476074e-06,5.260286000930269e-05,0.026518959177807777,0.02260590136642528,-0.018788893391402287
2023-09-27,-0.0024330208130961353,0.0049490933780687585,-0.005562349395796093,0.020810715351201513,0.027803049809376385,-0.01717690874889662
2023-09-28,-0.00277093585938805,-0.030036217287134005,-0.019853658922521073,0.0008528277498727656,0.002651663142830569,-0.03135327857904635
2023-10-09,0.0015889398270333762,-0.013191752010713063,-0.03975822486006877,0.004855177677010982,0.02343512184421037,0.011060988839470067
2023-10-10,0.05674772449471746,-0.0033595647831130846,-0.03580249203104226,0.010735504612289193,0.026681970579206325,0.0360594018852278
2023-10-11,0.030563556288084874,-0.024001984637742176,-0.04108044527283654,0.011366087267769826,0.02358043909270656,0.030497151503048842
2023-10-12,0.02131706372420127,-0.030884250825627187,-0.041992268360666975,-0.004850537051074373,0.01680818495228083,0.03193779204457149
2023-10-13,0.033651007969010396,-0.024734996567191,-0.05839062447493905,0.0011790781759760478,0.02653034172511838,0.0008244520436454279
2023-10-16,0.04669141045391856,0.017694569384094395,-0.009023952005953122,0.029431840944028467,0.04764976516532682,-0.0039082374065647334
2023-10-17,0.015428156117824103,-0.006411035690783015,-1.3757405513121365e-05,0.03290914825877653,0.05288308444898129,-0.012403192069389373
2023-10-18,0.05273124540587596,0.037116307379132296,0.05223420010468072,0.03080947132887681,0.06697915713663741,0.014801300409399048
2023-10-19,0.09945064304797355,0.06547627674108351,0.07154965647037177,0.04925563646033031,0.056214711223854436,0.062066153701283044
2023-10-20,0.087495863314151,0.07116829821876125,0.07303656905427158,0.05820465769164693,0.06178075822427956,0.06613897576222914
2023-10-23,0.08357592422065152,0.09275364877674548,0.09171114368223361,0.05965944464761118,0.08075356503634895,0.0841786840258781
2023-10-24,0.04510291996793876,0.09620021861215224,0.09576303747843025,0.06977878988686934,0.08000489901095248,0.07491440572872657
2023-10-25,0.04067388504439197,0.0722188935423829,0.07835913585039081,0.0500064337850652,0.053933390143919714,0.05432821123495615
2023-10-26,0.020958602547818034,0.05814299642005967,0.062218480005795246,0.05629762453114012,0.05319281584697781,0.033778337767582434
2023-10-27,0.04498667054990591,0.07681103627042163,0.08397191003833666,0.0740617505650803,0.05402316054095975,0.027865626423719883
2023-10-30,0.019647716514448126,0.05772107182254971,0.07767121939928028,0.060046204638578356,0.039013293664369855,0.054429139778431064
2023-10-31,-0.011726419735332437,0.026543071211945407,0.03866811511294857,0.03713436118597863,0.027756820577446745,0.035868670455971786
2023-11-01,-0.020121511840368058,0.009331950684676788,-0.00106800721303291,0.01501672266390284,0.016856695721753488,0.033502735561995275
2023-11-02,0.009986893711314728,0.031207952451759214,0.028354988409194842,0.008440689589803181,0.030064764904067058,0.023572332746072837
2023-11-03,-0.0004613176127785225,0.02595152728231552,0.030560443147504238,0.016223744697808053,0.02878445880520277,0.03850014488340417
2023-11-06,0.01064315893559916,0.026180965840264525,0.043256944168134116,0.03225157922596674,0.03175518405591259,0.025354472095105874
2023-11-07,-0.01874843794398766,0.010186613942042889,0.024382350665703274,0.020497729349988822,0.012824795437096125,0.023088909418302904
2023-11-08,-0.015866026150661842,-0.006626959996950435,0.009654580830538466,0.010486278757064264,0.013590468968580795,0.027840308191152616
2023-11-09,-0.022372926406900952,-0.014768557209857511,-0.0005732479882927083,0.0016360259836412697,0.0033328774936027365,0.04069259817598364
2023-11-10,-0.006594324247627827,-0.034497141519669094,-0.02402284446616782,-0.010874117230952109,0.0003925441586487661,0.021875073319224253
2023-11-13,-0.0076459161070256704,-0.04075012960751645,-0.029017688014172267,-0.02022975497951506,-0.006185529026790368,0.010509810293000939
2023-11-14,-0.013215578030787191,-0.046933315973134083,-0.03069641915128474,-0.014961138403497611,-0.00968042587311238,0.0068978421182151195
2023-11-15,-0.012577450066974917,-0.038763291957244775,-0.040985908749569734,-0.021839592426237592,-0.011962869736673553,0.0037453038166587152
2023-11-16,0.0185539210101014,-0.026041113573322262,-0.02266794594249476,-0.006593240967954881,0.014277570984441748,-0.012266193571504009
2023-11-17,-0.0038608503702670955,-0.03418785773900741,-0.025194986919080536,0.005230882473474295,0.015523749180085495,0.001967404010772483
2023-11-20,-0.01627437181992297,-0.04036810548964979,-0.02809214352206982,-0.019897212025667924,0.004276782945709854,0.004552030407256588
2023-11-21,-0.004795907492312226,-0.032981160330485836,-0.027053316101385144,-0.010993703710821036,0.011379566454543518,0.008017255492030851
2023-11-22,0.0357041757580687,0.0007082525624063941,0.011068550589525848,0.007498194063768689,0.030185512054926124,0.004334267929551748
2023-11-23,0.012299412967381879,0.002413914097154516,0.00952540689715059,0.007244990342556054,0.0170513448533108,0.02541487929836192
2023-11-24,0.020869300084367895,-0.004115692603483701,0.0012273000545129902,-0.013108892487359289,0.019054729948533945,-0.026213886194644213
2023-11-27,0.03741291476229315,-0.02593894969467775,-0.021424705812000643,0.001553896906669839,0.020436693234784847,-0.015519432370341365
2023-11-28,0.012348339460719707,-0.02445835916934221,-0.03213172301015592,0.004634002206579517,0.00477310298829881,-0.024637653842576233
2023-11-29,0.04640729076376132,-0.03564077509992927,-0.053632032063008934,-0.01111857346427451,0.0004618033400538451,0.011659899505813304
2023-11-30,0.026027129749138636,-0.037437057440848895,-0.03533555631702678,-0.011310393261800483,0.005102397248335417,-0.005410977774123101
2023-12-01,0.03672103365467428,-0.03342919788577191,-0.030967348594250408,-0.02015332130848129,-0.012188074476823747,-0.011482093572476102
2023-12-04,0.05924338538254107,-0.05697406792807409,-0.06460299911680478,-0.019570984059741982,-0.004018037903807172,-0.030836975079113677
2023-12-05,0.10025951567145892,0.008425359035368162,0.006483175614107194,0.01970737865693221,0.027731147138692392,0.022731073626957567
2023-12-06,0.07124852918639435,0.020831487889617462,0.02074061257774288,0.03647045189189113,0.03181742113730811,0.01532688413546677
2023-12-07,0.052974772567772055,-0.010097147542623471,-0.0218693229439331,0.02267233797537917,0.022978514457956723,0.007768866905766903
2023-12-08,0.048736455675909014,-0.02560608342916014,-0.04209938655659258,0.018124403722173152,0.025434322706648194,0.004639034740156582
2023-12-11,0.05796529514891081,0.021333061750448315,0.005256083388098025,0.026158138985928687,0.013591523835865659,0.04157609494948053
2023-12-12,0.026872862024259384,-0.0332419547688394,-0.05125815149892616,1.1100325620026872e-05,0.0035260053431793907,0.0016369957166788478
2023-12-13,0.06006046031266799,-0.014440062565898958,-0.028159732136339537,0.017130502156167286,0.012749554815794734,-0.0025703105657972833
2023-12-14,0.05503088858764333,-0.008103504588910881,-0.025310237330488525,0.02753239604393865,0.008065500763639016,-0.02396555605098662
2023-12-15,0.05680906992512455,0.02216134545251297,-0.0035621427783480175,0.03869819635301987,0.02495157021202339,0.002586150885272076
2023-12-18,0.055417801108217125,0.04946160370265418,0.04306442462241703,0.05424790541726508,0.034437959518208286,0.0005224402617493149
2023-12-19,0.04664136610829797,0.027378184254557018,0.026075052965232666,0.062090133876670686,0.02312187599847617,0.002639075194032189
2023-12-20,0.0899580402654699,0.0527261270797367,0.054227555886994544,0.04704459085702806,0.029699886532897193,0.016431213422737966
2023-12-21,0.07429545581174644,0.047584127622108764,0.04534572822680194,0.04428026273204541,0.029655345117181008,0.018782944723079273
2023-12-22,0.028096396667737684,0.033679410142085614,0.039876400699012444,0.02358887557297385,0.010310065680481479,0.017244963857985934
2023-12-25,0.016598648258616445,0.007292610071446869,0.007815373554044703,0.019088033910412902,0.0167929076440072,0.01520935436127075
2023-12-26,0.03642254779635726,0.04175284101571257,0.05647723059238186,0.020075868982142815,0.034696048211323216,0.040788466095552325
2023-12-27,0.004707058030560421,0.02554170185950304,0.04395774754931507,0.01769030197841774,0.02477241407234812,0.03295120132659313
2023-12-28,0.027027419315876468,0.06026781554862573,0.07661771858365242,0.029515407056158155,0.014051119708771705,0.016784975902165933
2023-12-29,-0.010421618751774317,0.02599375601372854,0.05767659925362702,0.01078685040596126,-0.0005849587136362886,0.020687989096612385
2024-01-02,0.027630004540043763,-0.004529297934741912,0.020558144219818678,0.007972928368347065,0.024375961216586254,0.03508201174897781
2024-01-03,-0.003211844503515168,-0.00834202769983379,0.01673273599397214,0.02330120209351181,0.040705691612635056,0.0218839486200429
2024-01-04,0.02540388563307995,0.010686503421627917,0.014604051552311753,0.02967931805662826,0.05311446357568858,-0.015431231901204158
2024-01-05,0.04701096364853824,0.05952951981524987,0.06927306402211857,0.045864133953062894,0.08328078749022733,-0.022871944821008648
2024-01-08,0.09504064539704332,0.07841107674215003,0.09093696693667043,0.05558455702695431,0.09577935357615697,0.014135171378673407
2024-01-09,0.04903449006382971,0.058764695313647565,0.06683351136270851,0.05681357325828396,0.08639890470675232,0.007692140871249109
2024-01-10,0.0748706801811626,0.0646547390957812,0.06487023381904165,0.05332456312454131,0.07983816059599212,-0.0021155581752129683
2024-01-11,0.052720838787165394,0.061971406964196375,0.08182357294460434,0.05818353120986725,0.08615130424567187,-0.0011535284353601342
2024-01-12,0.04676151647140599,0.03565842031582282,0.0535084628451697,0.03159330333628898,0.07300090522755036,-0.0047890572755019565
2024-01-15,0.03359792431838468,0.02545358136610778,0.022078371825340046,0.029274710554817743,0.06185471786633577,-0.010344525425259463
2024-01-16,0.023301399629347345,0.00795663486939622,0.009331551133659317,0.02322979449574695,0.05180452186071574,-0.017851744163049056
2024-01-17,0.06814634893199552,0.06424544140262012,0.08025677094631212,0.041702083748690555,0.07324893800166477,0.024960436443557905
2024-01-18,0.06255724008152887,0.055371079637978535,0.06071701585978842,0.06303777760516491,0.07022485966520552,0.062025410101769166
2024-01-19,0.019376038193155955,0.06997745554134618,0.06496196009256448,0.046162369201709665,0.04956788917598887,0.057189462632366156
2024-01-22,0.07844979249118167,0.10721607813563269,0.10933256913249091,0.0580351089399891,0.07886937821325701,0.1075416657624665
2024-01-23,0.049642895182422334,0.11724904204332327,0.11014235730458756,0.06307882612565782,0.08241021446302162,0.10336455395775242
2024-01-24,0.039730794925642327,0.1042791647865127,0.1064731845530843,0.04514776125532198,0.05078588104763546,0.08644478351676477
2024-01-25,0.03583168846939034,0.09527808172846752,0.10882082174837944,0.048600809565257454,0.061376402608795594,0.05944906793048108
2024-01-26,0.003491634140542414,0.07936078551344296,0.08456226265793768,0.047821394650388246,0.07151918486131588,0.01729779914227218
2024-01-29,0.02335900789342884,0.08783603510035416,0.08863977387514538,0.0586327118937401,0.08245865469976787,-0.012465730944095123
2024-01-30,0.045142277212052176,0.09856687126547582,0.10332281202763667,0.08121888443493752,0.10413454171169913,0.019468850902086957
2024-01-31,0.05040513777779282,0.10707262636631976,0.11274436955713119,0.0823124895148567,0.10383370856299562,0.00830585859104904
2024-02-01,0.02851081904175555,0.09596682678090453,0.08953701964389262,0.07842055616434276,0.08475756230916817,0.03754762166962781
2024-02-02,0.07008420807965637,0.11561409023119118,0.11203324510345687,0.08035493901424315,0.08305589403913347,0.026849466317711568
2024-02-05,0.0649430778351959,0.1308234115401697,0.12509137090426353,0.09248057355321973,0.0735109537033578,0.0314367604736574
2024-02-06,0.05111689665474872,0.1267329554334367,0.13236884237093513,0.08593802222559223,0.07648312641769991,0.0483067866528372
2024-02-07,0.007141382125911018,0.10036695173914781,0.1155265069578942,0.057636582621380196,0.054747966677823806,0.018425427125892405
2024-02-08,-0.029421755991473845,0.07091637099558161,0.10323179440902071,0.042323696737269684,0.03471776704502399,-0.01565966772344406
2024-02-19,-0.030006206628279457,0.05367082107924896,0.06582623735691924,0.022033004946738335,0.023534894607950746,0.004715791036037578
2024-02-20,-0.059578348195990116,0.025014843895215667,0.03919189939806674,0.006835577393579935,0.020240165080045416,-0.009992718138877319
2024-02-21,-0.007708152584527,0.020207883989948973,0.03823200225516414,0.014561296189813841,0.01429453848922807,-0.044199692289945094
2024-02-22,-0.027687370451986812,0.007335768123295871,0.0323868269491774,0.0030713299976104745,0.003812815642818241,-0.026319030421603676
2024-02-23,-0.051833132286596334,-0.009605372747301683,0.02562498411199364,-0.007654985236256132,-0.01505540961165742,-0.04032900129265304
2024-02-26,-0.019454881231008053,-0.008640059332365698,0.010814918874005855,-0.006588854295392616,-0.022258267817820494,-0.00465511627026036
2024-02-27,-0.014099762522422885,0.014741051306691053,0.04463247757091526,0.025286857657072358,0.015114704098321214,-0.014420013792253559
2024-02-28,0.007547261123118553,0.04051354487140285,0.070399710716961,0.012575299183866033,0.01740574220759461,-0.002735590136772151
2024-02-29,0.005147259952523777,0.04791035197840049,0.06263022715522057,0.02064570710070885,0.010324362182656397,-0.0012687519312881573
2024-03-01,-0.03968194477646608,0.020179347267428368,0.03685098435001287,-0.0009424548947614417,-0.008277014876757045,-0.03159761471354904
2024-03-04,-0.06394891655211578,-0.002361002440324572,0.009909272323950457,-0.0005647906231915105,-0.021829454198472896,-0.03250663762811905
2024-03-05,-0.039980755705877266,-0.0002643634925010048,0.01131958449382241,-0.011041576955741487,-0.027839224115454034,-0.03242778386273916
2024-03-06,-0.037725742987586755,-0.00872873355288747,-0.005326089916175662,-0.01863186114276391,-0.03135769948076287,-0.05926728325712913
2024-03-07,-0.019870161069716057,0.005888909555173593,0.010024101798732341,-0.0038449734100788617,-0.005085477581742049,-0.03951163977567046
2024-03-08,-0.045862181193246705,0.004733361314984031,-6.70421090068067e-05,0.010826862571641251,-0.007051045505013934,-0.03624506026193515
2024-03-11,-0.019902966923708038,0.010702333417741263,0.009274649265572522,0.019638540608391514,-0.01025124827507035,-0.019562746497331293
2024-03-12,-0.0565305384774027,-0.012015931783633515,-0.008684167634121104,-0.011830744189691053,-0.03268547782238154,0.010974719762202066
2024-03-13,-0.03802049926169064,-0.026942014406897963,-0.024662487364586046,-0.019394010682717712,-0.03531949832410092,0.0013452027634465037
2024-03-14,-0.03406637979659997,-0.019292365081562787,-0.02417549468903661,-0.024321864567272762,-0.028495931940296933,-0.010342700260198196
2024-03-15,-0.06507371423203268,-0.026764891543195744,-0.027790193705774298,-0.034096931308600524,-0.031064075638725826,-0.03763164855911506
2024-03-18,-0.04092401292610509,-0.019132085388536793,-0.004177536120385023,-0.021736805751152943,-0.011067691941327057,-0.028124173823468046
2024-03-19,-0.026009691013791303,-0.016705231751384778,-0.0220104990718575,-0.0331721286782674,-0.016344437118843178,-0.027727286158605237
2024-03-20,-0.055683065647141844,-0.032936582888439765,-0.033226328514527614,-0.03554028465905641,-0.043148840631782676,-0.017241882694921284
2024-03-21,-0.06664297057925433,-0.02922130569909723,-0.05804073283131707,-0.0460659220396788,-0.03702804151029624,-0.03643654951844841
2024-03-22,-0.02709597684619086,0.005719059616952874,-0.01852471009942174,-0.03182204513585643,-0.009632944938216762,-0.02079748387064979
2024-03-25,-0.010478663519050128,0.022165116189972082,0.028024753366786913,-0.01735653438998292,-0.005269802441519372,-0.030532621276171654
2024-03-26,-0.04126030217948966,0.005707846649761757,0.010102867231902258,-0.026160138185221574,0.0018730002538600607,-0.03784773038861372
2024-03-27,0.014155526720913678,0.03961892021217383,0.04465360833103061,-0.023161379008534225,0.027056904061919053,-0.022065007589529357
2024-03-28,0.005855881954454572,0.04051506337863699,0.047628890523204265,-0.01600440348207302,0.02569730341408933,-0.025292010302342273
2024-03-29,-0.02912500801466969,0.019404684864855245,0.011201715384834561,-0.029138768828480918,0.0019224742155850045,-0.012603309246378216
2024-04-01,-0.003576410325968893,0.021741668937162787,0.024647398680380135,-0.015627992370537865,-0.0033375333652916374,-0.03572413949870814
2024-04-02,-0.047310551456489276,-0.018318533021501944,-0.008701855643753028,-0.04955577978325418,-0.012789994196633254,-0.03196160690952162
2024-04-03,-0.05607537288310283,-0.032519515052375964,-0.029638636020171173,-0.053604797649739334,-0.010981908249092953,-0.03377833129351069
2024-04-08,-0.032985265821401405,0.00011082005282140903,-0.006209961986909457,-0.03116874683774442,0.018406612344884617,-0.05252146594082199
2024-04-09,-0.051665165694309075,-0.02659451125465779,-0.009348498804600973,-0.029217516823360618,0.007429687024838366,-0.05549496835200694
2024-04-10,-0.014990570475772874,-0.00568207378007133,-0.005788965986460257,-0.03191228130648222,0.011658490875939878,-0.06509573849637179
2024-04-11,-0.00832449773155322,-0.004941918506429736,-0.01862223436664126,-0.019907606616263403,0.003725863845050502,-0.044607320714914085
2024-04-12,0.01640378295183101,-0.0277782041246284,-0.03616084870230957,-0.024387365707367343,-0.0058144260098743124,-0.06675742766149258
2024-04-15,0.014905287679456461,-0.011252174718815757,-0.0065518051000294075,-0.015184305336362506,-0.0002249510641006841,-0.022720148019931
2024-04-16,0.00399291350268432,0.036626867338403674,0.05999830831419735,-0.02042127261036505,0.017308216645843574,-0.03045001358627474
2024-04-17,-0.005920911541184408,0.03237538649924749,0.06672408401272384,-0.018079785565257706,0.008969181373378994,-0.01831444082333674
2024-04-18,-0.024505723551203538,0.011977462248300808,0.015320994535696292,-0.03223110437688877,-0.0007559440757713405,-0.04379079061329674
2024-04-19,-0.03490674633615881,-0.0034525011849739677,-0.00833210736433064,-0.028921443797746735,0.01133785639895938,-0.04620931861665542
2024-04-22,-0.033274652022593575,-0.012871065998641861,-0.01899239826293498,-0.014738484124005871,0.013570083818928972,-0.0352937298196482
2024-04-23,-0.02459716094051448,-0.0024165240579363707,-0.03647556520224955,-0.038372364614603076,-0.0003587022187317786,-0.016976081903567773
2024-04-24,-0.04886608157255802,-0.012056193890055189,-0.017153447819701025,-0.04629918741611504,-0.005771242264300263,-0.04430517361604017
2024-04-25,-0.02890402197090314,-0.02597334956035609,-0.045339641648503626,-0.041759577475349766,-0.008927168515893865,-0.038214768331100935
2024-04-26,-0.004938847754787732,0.013440537935487858,-0.004080879721579136,-0.010402527672732457,-0.0006043661961682804,-0.027355172699907854
2024-04-29,-0.0026311930325084824,0.017701207411752417,0.01574688499770811,-0.007860912345576973,0.004685725804828268,-0.02907806436430777
2024-04-30,-0.030206070514483624,-0.016362878188892434,-0.01757603728046589,-0.03518804174770514,-0.009980782049523518,-0.03948607090055912
2024-05-06,-0.04288981616919535,-0.009917000382267227,-0.012917526413147496,-0.04318376822098685,-0.020599675273033774,-0.020178793355842037
2024-05-07,-0.0824421324954744,-0.04585692121740496,-0.0437716281759441,-0.0520319226656787,-0.02909997746185202,-0.05284846632728206
2024-05-08,-0.05878299340692215,-0.02620453668626963,-0.01256760100048248,-0.0401624273240005,-0.01886743849600089,-0.05333151517137279
2024-05-09,-0.05321831906848758,-0.0011965093128560814,-0.007364814544101994,-0.022862207471028215,-0.009149803033979931,-0.05051308969272911
2024-05-10,-0.07042027718706241,-0.037108705513963516,-0.029104570358261903,-0.04637632753179902,-0.015366720717953128,-0.05358701537656905
2024-05-13,-0.05942283223879173,-0.04183992440968534,-0.02562225162448472,-0.02984079402048752,-0.014023186121060254,-0.0639855191115393
2024-05-14,-0.05252773917185943,-0.05508890313175058,-0.05351010194735846,-0.034121109426405165,-0.014609175285206452,-0.07328631116386398
2024-05-15,-0.02399933863510809,-0.03978161329799272,-0.050220586401970004,-0.027485613327821116,0.007917835433585766,-0.0723374456402486
2024-05-16,-0.04422759210783129,-0.036380177601390576,-0.0649329918460111,-0.037542253871544,-0.0025366877098515987,-0.06755545974059601
2024-05-17,-0.032237435951167535,-0.027946369856072913,-0.05023705005441504,-0.02735902671939307,-0.011647958526878534,-0.030580623081472844
2024-05-20,-0.05935102377664593,-0.055071616020146194,-0.06627330197124047,-0.04844325743356004,-0.020039661336229978,-0.03320131980741435
2024-05-21,-0.06325453754378185,-0.053269390302905985,-0.05165446002511036,-0.06025899900245419,-0.02013895276572308,-0.05473548010718028
2024-05-22,-0.07848497120996925,-0.06093004446327711,-0.08269485027115689,-0.048289217890288984,-0.025083460309755723,-0.06847542891929582
2024-05-23,-0.04111254014593074,-0.006527507580223258,-0.009995975062853506,-0.055212104339054914,-0.01843430701351169,-0.04407325841136012
2024-05-24,-0.0028963614477599767,0.00434886415705938,-0.0015568649903349202,-0.029494481390706366,0.018903404895962025,-0.048347479305240894
2024-05-27,-0.01961961815182274,-0.004302617416000233,-0.005082373497729347,-0.028022065582821172,0.021314042951770945,-0.0359592445362557
2024-05-28,-0.011766012355940776,-0.021944931104776202,-0.023105502462453218,-0.02884028470851112,0.006981497053130667,-0.05662419166926486
2024-05-29,-0.019485176083548744,-0.030634492105274126,-0.04548159326947562,-0.03059113426020116,-0.0028731391372544585,-0.05365120008445068
2024-05-30,-0.0046228538618773,-0.03538706355766992,-0.050763434780444844,-0.05203880652229901,-0.008803333863528837,-0.04535743832796697
2024-05-31,-0.0031385375338202543,-0.05429262546889818,-0.06008860258190444,-0.05845985853292902,-0.024976421673139133,-0.061847592221048915
2024-06-03,-0.02799054639322998,-0.03642447896352473,-0.0187965431527837,-0.05549587398776429,-0.03434684507066872,-0.03541569634817758
2024-06-04,-0.01621634988946053,-0.021977781299588207,-0.039780743910783095,-0.047815911571395905,-0.04428284392644158,-0.03384068094361517
2024-06-05,-0.025454423336095475,-0.030742330571649677,-0.0285113184731874,-0.06380352974260493,-0.046157242778651054,-0.018008483682345772
2024-06-06,-0.0280098137877504,-0.021689851766432056,0.019653035536387656,-0.07054661239362021,-0.033616448585711396,-0.03397435884809635
2024-06-07,-0.0199749599523835,-0.023851310533554486,-0.005655005256061038,-0.02797271549684968,-0.017886690406950123,-0.030146941439382794
2024-06-11,-0.004939048329786831,-0.024821661098706958,0.0017257407841857458,-0.017393995902241895,-0.00932581868862202,-0.009364907763329985
2024-06-12,-0.03658927581126598,-0.05189963699823067,-0.033266222916351354,-0.030067294479676425,-0.028967909238336326,-0.008636868801138856
2024-06-13,-0.00982313466754787,-0.03778740375682184,-0.03358573432976258,-0.03144942396534687,-0.0362345854798453,-0.014386231082051221
2024-06-14,-0.0051136270444871465,-0.0398781541417306,-0.0633853866183635,-0.031927789169827886,-0.047416242842667995,-0.016200084217836263
2024-06-17,-0.03246324552684587,-0.05515319938556388,-0.0669965786217498,-0.03437817673754258,-0.05512494066617657,0.0054843228529026285
2024-06-18,-0.035231168069079284,-0.06261774907622236,-0.05855582125526984,-0.05938717214607118,-0.059475445952894786,-0.016221868141263474
2024-06-19,-0.027601309402748006,-0.025554042125762233,-0.036205287666601,-0.05468473149843281,-0.05824777056345935,-0.015417650289029876
2024-06-20,-0.0035707373912565545,0.01620324731033227,0.005856453242366404,-0.0290583981342804,-0.059273577819537224,-0.026675510024303642
2024-06-21,-0.03476622894995117,-0.0015819966938747198,-0.025062872213348398,-0.024323479443852693,-0.06059517171797874,-0.03276681587067724
2024-06-24,0.006051800527234336,0.048995343502962654,0.04181469272758351,-0.007724719390051996,-0.013054760665207735,0.004331077883542645
2024-06-25,0.01506906813129711,0.03648977798409094,0.03653815900187978,0.017339358522868817,0.030673823920728475,-0.0009499435739610762
2024-06-26,0.024328540157772548,0.05017269685332663,0.05474928591113665,0.02029286496166509,0.020586037636813322,-0.010946090251269603
2024-06-27,0.013092815046351453,0.03974839360434233,0.048702480445684794,0.0031760862410937112,0.017712384682228736,-0.004314935079517192
2024-06-28,0.0091487602804807,0.030688054099524565,0.027512911482606955,0.02470010476251249,0.020112940559409247,-0.0025014528536851
2024-07-01,-0.02297354659515357,0.023480164243234906,0.007107249614757266,0.022267527170161453,0.005371101318806996,0.0071677302721024705
2024-07-02,-0.027017967548937195,0.00708986766005922,-0.022629839858278246,0.02681119865789253,0.016328078673266876,-0.021352014721203048
2024-07-03,-0.01256339231786949,0.006174704377104294,-0.019659729802065876,0.025273725384386395,0.002115108845473026,-0.011707842998937418
2024-07-04,0.023445008032551756,0.04737646738193061,0.015445300541541595,0.019983002711881227,0.013641386050081215,-0.020572996993616206
2024-07-05,0.012315323881183535,0.014680986828396015,0.005684600240817601,0.018677873428035716,0.0019971446519928514,-0.01797776491119462
2024-07-08,0.029613558713456098,0.0402214900875317,0.02773295259967317,0.022005897549174057,-0.006677827160677524,-0.011473887202628971
2024-07-09,0.022183418143228363,0.052347769771173454,0.03708224473834021,0.036063070803815614,0.0031712157044518838,-0.0012914489175181502
2024-07-10,-0.003840987277195506,0.017879068451724916,0.0011477693230821974,0.013763137831726913,-0.013903399057011014,0.02044583108483063
2024-07-11,0.015236542515943545,0.021669875674504183,0.010122279460811227,0.009904409885461839,-0.02782287722987597,0.004669371972956096
2024-07-12,-0.030849219209811103,-0.018739603271151394,-0.023974554867273686,-0.005617366076851177,-0.0386649468950588,0.004139243345605828
2024-07-15,-0.043350396828837325,-0.016834301714756465,-0.01695961223385143,-0.014570562648128702,-0.045415341357806796,-0.011262791068929705
2024-07-16,-0.04068712200882489,-0.02910439220768349,-0.04660107380905715,-0.004479061726358353,-0.0165856702538972,-0.0066873265304769995
2024-07-17,-0.04443716774209232,-0.017156145625916643,-0.046937491888511124,-0.02103157997093527,-0.03813059399023833,-0.0012325995776702693
2024-07-18,-0.0356854627135825,-0.029250557934194663,-0.05141449647280156,-0.016619406880781472,-0.05054833805937931,-0.016584048271639142
2024-07-19,-0.02931450806132905,-0.044534259086509854,-0.057553848613912426,-0.035908976035015305,-0.035580990471954045,-0.004608339883189818
2024-07-22,-0.027075336396347273,-0.06853840523130297,-0.08098469817533663,-0.04698350671358767,-0.04975276434005866,0.023416765089935697
2024-07-23,0.03860268917469617,0.03987557123905284,0.005224295712062868,0.0008157384927947047,0.0003090816519020547,0.0372420449516337
2024-07-24,0.029200063328213496,0.053569579137489456,0.01836685755818962,0.022781505244509982,0.02646750117477873,0.02636050697382466
2024-07-25,0.021064965168191598,0.018550533374801663,-0.016766517987069324,0.016860530622128944,0.012330025704241018,0.014814641535586311
2024-07-26,-0.0015306641452156758,0.039620477851551254,-0.0022427956290027584,0.006859806614940667,-0.016451784335042987,0.0027690036948849546
2024-07-29,0.03356888196015305,0.012536196762385956,-0.024154062000759178,0.005378595390386667,-0.006702986936489804,0.0012239400801817221
2024-07-30,0.040574406000107616,-0.0022784004488377438,-0.04598604792463269,0.008266162076556095,-0.015571440214066869,0.015471355633629693
2024-07-31,0.05242668276076479,0.06710641746531176,0.04778834519791374,0.030309298147558828,0.014722712753797726,0.042720800460177746
2024-08-01,0.020581531873699287,0.030978598742660478,0.00974068103989887,0.0023897873489120303,-0.01072386793381315,0.010436956842556595
2024-08-02,0.033186267500450714,0.04375479826925738,0.027745782591964478,0.017210052367452964,-0.005259760334736846,0.009188698036425809
2024-08-05,0.06268512397119672,0.06484982114772489,0.053884239446630275,0.031157935807539193,0.01758158061386078,0.02462150722028443
2024-08-06,0.014561363149512696,0.02759135014138154,0.023768746581367108,0.013696672124346611,0.009310016240151993,0.02102156405866277
2024-08-07,0.018084607740851386,-0.013497225746591571,-0.0033112414149700483,0.010430303855310036,0.012956713946450893,0.01680400717544122
2024-08-08,0.04304340145558362,-0.011820980957470022,-0.03632085355493134,0.022810506162773973,-0.000545899428473178,0.01660468477154527
2024-08-09,0.05748214061739446,0.008985973113929166,-0.01812243313491913,0.02190752904670714,-0.009517250235214054,0.013734069149852646
2024-08-12,0.032893454072651776,-0.021830527840411396,-0.02595899847553622,0.020067236820730337,-0.024074036473639114,0.012810221887677243
2024-08-13,0.012226421394034157,-0.01886364316575159,-0.035936185762933864,0.029908174131137572,-0.02621221561785667,-0.004417702991576765
2024-08-14,0.048964368480275196,0.019604855941386643,-0.028101602237902746,0.030116855174136967,-0.008765421904678224,0.011735600534459947
2024-08-15,0.04685389220267136,0.014243537951079558,-0.017010512120190377,0.03438666475657639,-0.011856353320668152,0.031936979018850474
2024-08-16,-0.0076217326295029,-0.013948940626226184,-0.04060774202310635,0.008578772902654266,-0.017307033196778537,-0.00432778135304405
2024-08-19,0.003763431747035961,-0.017309676952358,-0.0509026992227982,0.010643740496270641,-0.014617625077101773,0.011117840303356346
2024-08-20,0.012764722337478662,0.033910708330147005,0.0009994950708881103,0.02775653137554192,0.023277040924512174,0.020384675147564722
2024-08-21,0.01251392722450985,0.002612278296094947,-0.0009591734664477433,0.03353101006597349,0.028347841428633933,0.03006045165635017
2024-08-22,-0.012439698409352933,0.038816483166180964,0.0074992877242369225,0.035123933821537445,0.029943250115106207,0.020150216922774432
2024-08-23,0.012207742217586146,-0.010903721066404179,-0.02688742600716289,0.038807119667625484,0.02913824192288402,0.005662631964303375
2024-08-26,-0.013177970051053312,-0.012902638776067218,-0.015273155742581392,0.026744696161731783,0.02511520632808969,-0.004263181536116928
2024-08-27,0.02300135219850006,0.01494885187822189,0.0005312561338733622,0.03330979483236335,0.04651178831695833,-0.006164750657630634
2024-08-28,0.03656137699529301,-0.011440631220945236,-0.011326888325169024,0.040820702407621715,0.05378484282611444,0.02243049783539156
2024-08-29,0.01627248310915104,0.01635698539633481,0.025153684823255758,0.04016891351016594,0.039656975224305654,0.07070920416330308
2024-08-30,0.07174784814131537,0.05836866523744573,0.04775602680978196,0.06012535326865236,0.05691680044348899,0.08168868639943612
2024-09-02,0.06977455300064274,0.059132980734102045,0.058139872022046374,0.055083269401655095,0.07987834431589341,0.06431253576178977
2024-09-03,0.018851025131100093,0.03333443149167199,0.023634683274906382,0.048628219204668824,0.06605126394238137,0.05908822506588911
2024-09-04,0.03826360647994036,0.009415072200531453,-0.005348941230896133,0.03205408743253105,0.06305941444796091,0.039762031769483314
2024-09-05,0.0005595627653100377,-0.017652281655134102,-0.016644580455185718,0.017953200593554125,0.03599146129518075,0.017827013696331717
2024-09-06,0.054002089848247864,0.022160738276725742,0.01818221782092077,0.03226727617059424,0.057855031849433344,0.052690991675779855
2024-09-09,0.07144757511082431,0.014014899911272676,0.017779952900773086,0.032204138899043486,0.07886729157767026,0.07318659661947563
2024-09-10,0.014251454786294786,-0.014472455959941951,-0.021552393138945847,0.019710773175672908,0.05526921569552522,0.052496596329367214
2024-09-11,0.0168914445891917,-0.03283961535558601,-0.047005496295295573,0.024502195927672558,0.04245575638547173,0.0806215674477262
2024-09-12,0.037428675281450406,-0.01935811139565652,-0.03369312746060921,0.007273244004802543,0.04236886651395293,0.06856725952192202
2024-09-13,0.04573300533750466,0.003453146841162611,-0.004471162195957149,0.01034621804008838,0.03037053720785077,0.06931150224882573
2024-09-18,0.021151058586408387,-0.01423174256172376,-0.0225546080476828,0.013187236028068353,0.0604501693312295,0.06333684219469246
2024-09-19,0.04035959295763417,0.01921645572504975,0.029860090376330476,0.0052348645127118995,0.041272922775114844,0.05267264819100354
2024-09-20,-0.008207442131287336,-0.022110042658955886,-0.010824586336631416,-0.006978274800861769,0.03221392616796065,0.03547495739729031
2024-09-23,-0.005266392339674918,-0.03534307698322166,-0.039602777923155044,-0.003887184123924673,0.03462054215466423,0.05930865149613591
2024-09-24,0.052742710674303396,0.07505533678826018,0.06323755874351068,0.04610271936825676,0.05886040170928226,0.08185611418438249
2024-09-25,0.0655270513739655,0.053361911100068084,0.05460969509797564,0.018139272005489766,0.03550047858965279,0.07474462991656888
2024-09-26,0.04175786861809451,0.08013971448725901,0.08543142522362845,0.03805457864581075,0.03251340668213351,0.062330291699288845
2024-09-27,0.025563798263692122,0.07877405619202874,0.08739482557792047,0.032709447145587246,0.025667378395913296,0.038763988383857785
2024-09-30,0.03290246411630507,0.08386268704475898,0.09644315381317342,0.0289927632092268,0.016286198556267888,0.044327492409516375
2024-10-08,0.06976214180771928,0.09098014785832083,0.10754543518698079,0.03918904374509754,-0.003268300435954788,0.04662753078764624
2024-10-09,0.06523391359461841,0.10247204934005917,0.1162677303522467,0.05844081896251594,0.008219619716008535,0.068586420254435
2024-10-10,0.04172480295415501,0.0868377566982877,0.10073361651734258,0.05246109377884314,0.010060187202145243,0.0619545745240509
2024-10-11,0.04473255849706285,0.0962863289712737,0.10475486378384558,0.05724128191320877,0.016886755662992664,0.055914166964039225
2024-10-14,0.03483487253157008,0.09443160073542736,0.10522878145496464,0.05226651521156043,0.011813444355449815,0.045817958033451324
2024-10-15,0.03666068479892798,0.08370902432218918,0.0817990137935623,0.0515501127915616,0.0021571246479138878,0.03238972367780035
2024-10-16,0.01958574288229118,0.05768121815317138,0.054188104697624175,0.04677273094099704,0.004551589803964294,0.02680850223245743
2024-10-17,0.03168047332088901,0.0497655049140694,0.024097528471850913,0.03537742812239418,-0.009538899880627803,0.028649264989886892
2024-10-18,0.03878635987841282,0.08823681519166783,0.0906926990059416,0.049997080722030005,-0.0009256036389763339,0.03128560312110218
2024-10-21,0.0008843771864195383,0.05417211869304657,0.0695509335184244,0.02461700934973879,-0.02113727873844504,0.02526967414298226
2024-10-22,-0.010935781370421331,0.036661617103669566,0.039775638615142245,0.015495442742104801,-0.03111180575324328,0.021316742002747247
2024-10-23,-0.009345186554946303,0.02645203036045466,0.018985317314507144,0.011365152350891871,-0.0287680026105136,0.005861795919367031
2024-10-24,-0.0025415707313616864,0.01312673876876666,0.014352161961885011,0.012486971352058833,-0.044173006488748154,0.002995764705998937
2024-10-25,-0.003796752876448763,0.03600946070126946,0.03459125944648198,0.025960142742735687,-0.04541990499688635,-0.0029016428723917615
2024-10-28,-0.0244653994678806,0.017215125452151987,0.028883605338756918,0.000698979786457068,-0.05795315144758818,0.020017098426669325
2024-10-29,0.006687146411665465,0.029805997800548045,0.03418038555303646,0.0025596941931953416,-0.049212556708547246,0.028285571530432534
2024-10-30,0.011152507745645185,0.01192743822546588,0.022931243637155097,0.01965317183376385,-0.02500904051735934,0.04237368693719461
2024-10-31,0.006654970124633199,0.020319824638941105,0.028602810333083158,0.012157089478013855,-0.03615833332542416,0.03851583725186035
2024-11-01,-0.01857344533221267,0.02168853595462199,0.05126833819077441,0.014011751986108012,-0.015409711739412283,0.02871465567183718
2024-11-04,-0.005531372317994129,0.013681832714059403,0.04398463607694365,0.01345789230901806,-0.02394808610752503,0.007029230097866584
2024-11-05,0.030055469501801855,0.060650149748875455,0.06795264800018173,0.01938684216847361,-0.013214364753140206,0.022895822539669222
2024-11-06,0.011040343342021326,0.017780000502998754,0.03511533955276648,-0.0019625441453000924,-0.040205082915800536,0.007511130616027378
2024-11-07,0.02090875366794587,0.04215322934235922,0.038627385817966306,0.013999608920415546,-0.04241796746586597,0.0339646488652165
2024-11-08,0.018687524140025242,0.010840602211096048,0.015079888814981714,-0.014434183736353457,-0.04725957031007623,0.02452220870865721
2024-11-11,-0.005171052962015488,0.027685954127052714,0.03560960365900356,0.004662668423309089,-0.03244199761196803,0.011118007856870449
2024-11-12,0.007647437284249621,0.030693119301066402,0.02907672981618608,-0.011670652968389055,-0.04714339468442849,0.005555753867382511
2024-11-13,-0.005935758797080741,-0.0031342469350301963,0.021920319973131853,-0.009423713399957297,-0.053280973459542864,-0.010872346324249197
2024-11-14,0.015208388825025657,0.053379917181405626,0.057052912478609163,0.0012986874977142075,-0.03681018823907812,0.009177413647897432
2024-11-15,0.02978450528162143,0.061375575923354395,0.06463068421184351,0.022504377317841457,-1.908811875074351e-05,0.012095726113532764
2024-11-18,0.020112873258480733,0.05283265585435809,0.05023952514408703,0.023535053658946245,0.006167936304761274,0.04383940456837471
2024-11-19,-0.002225082137209517,0.043355409370745224,0.05576826681364711,0.015720000819118625,-0.014584733798544226,0.014146940512891318
2024-11-20,-0.014369538036338347,0.016078265701854354,0.038660787876925146,0.001861818238225107,-0.03610256627573586,0.0007616178335834937
2024-11-21,-0.025523367728198982,-0.010667987829386064,-0.0063981512419912425,-0.011474234682737547,-0.042912201112262384,-0.020985560660303514
2024-11-22,0.027693573547481132,0.060933444398132405,0.04983066078743349,-0.0017049612633455865,-0.016110387365035648,0.028815345187349163
2024-11-25,0.007365400393313808,0.028548940723498898,0.02309901070991701,0.005737249835492748,-0.00047238326123615125,0.017764163438103497
2024-11-26,-0.002623723052566441,0.03150947737866621,0.010266070981778449,0.007101342576290114,-0.009718836206448258,-0.0013525891668558485
2024-11-27,0.006436239630575507,0.04856454084334059,0.02446133464523662,0.009674976835506879,-0.02941193204768299,-0.0007941583165795897
2024-11-28,-0.001099340078295475,0.013279425667832226,-0.008575789964493579,-0.012165116860974214,-0.04118620368623259,-0.007936893226365396
2024-11-29,0.00016137543507961942,0.022780531536689092,0.0023815512836994233,-0.0011346334015217966,-0.05344219274184668,-0.0076071590765127844
2024-12-02,-0.02516201877022033,0.011633638204403053,0.013841559352590932,-0.019934020160430905,-0.07719392147853957,-0.011044759580654005
2024-12-03,-0.04283325668830179,-0.023113915056370046,-0.02627104975198956,-0.03669597044015594,-0.07664592611163491,-0.0022768314395483756
2024-12-04,-0.04023205622612046,-0.013984179340120759,-0.0020805634883699453,-0.034962730082361206,-0.07246904622691375,-0.01732835099348374
2024-12-05,-0.024124924777808854,-0.033436295027467436,-0.015531176762680295,-0.02755729518717526,-0.06654635657522572,-0.03747499414842239
2024-12-06,-0.011949111479728637,-0.0006509126065402985,-0.019742903501982188,-0.009609354885201205,-0.06089528114294002,-0.007775811106740428
2024-12-09,-0.03590734823394666,-0.027992614182627044,-0.04048775095445487,-0.03409113098817684,-0.05566356871008763,-0.02943325552119139
2024-12-10,-0.0015344069711662675,-0.02384918385196015,-0.040720115418118395,-0.03233468165537344,-0.0644213955684357,-0.024469369833129837
2024-12-11,-0.03733364369421115,-0.023030252997384346,-0.026705718117025105,-0.030583406637249292,-0.05781428532561289,-0.029253580922747883
2024-12-12,-0.03343370785566751,-0.03523310025561871,-0.04442850567157625,-0.02661939014183226,-0.0668320466897532,-0.035178259874572626
2024-12-13,-0.004770401529528271,-0.012348075344842745,-0.008699308112831197,-0.01798773326496087,-0.02553130199064237,0.0071287984870703775
2024-12-16,-0.02298382950213883,-0.0016536373845496147,-0.009925547906898112,-0.0031268834801128475,-0.011748895244515705,0.0010257849587362502
2024-12-17,-0.01780991799326964,0.0007114198840525775,0.004070047276862214,-0.007407227805485811,-0.012797185743512327,-0.024040458175927763
2024-12-18,-0.0274215157230749,-0.015150810161394732,-0.005506377314983633,-0.022761595696313912,-0.03357665706680221,-0.030883190874928693
2024-12-19,-0.04121189865794646,-0.024464422041493843,-0.03228519620919881,-0.022712054896637184,-0.03818515824164527,-0.025615861234815608
2024-12-20,-0.03148004985695644,-0.042505263786293365,-0.018066138338472017,-0.03707692130548279,-0.04127869136233405,-0.011679297237380268
2024-12-23,-0.02923627977975109,0.0006215997401081211,0.018950322120754357,-0.035225181447529605,-0.04589521605337235,-0.01919624029787865
2024-12-24,-0.02313942085376042,-0.010507255792705306,0.001318039417498426,-0.03631312743761945,-0.0648937975780263,-0.018437759777819595
2024-12-25,-0.03744647080220153,-0.00973291144863541,-0.009244103049525958,-0.05533123684083109,-0.06706450503931978,-0.02744473493845754
2024-12-26,-0.04860526363232254,-0.030830967224402445,-0.026165105340673157,-0.0514494802014574,-0.06843099837986298,-0.03335424757579468
2024-12-27,-0.04161385298016513,-0.04019641866519254,-0.04245433483905904,-0.045749099708571335,-0.06099377486167813,-0.041222391839150316
2024-12-30,-0.042570710260906204,-0.06609966477090291,-0.06700845936760902,-0.0544450213676136,-0.0618846913869722,-0.014242394392494927
2024-12-31,0.0044008186565836415,0.023573032553059835,0.015522241162993097,-0.008225702264008188,-0.006246554539554549,-0.02250630658402747
2025-01-02,0.057395678433095246,0.06193285652526555,0.042402494871157256,0.02470373145217606,0.02154133927937052,0.007514131258483915
2025-01-03,0.045085446131080904,0.06655832059361852,0.04952605880925549,0.040149280028769975,0.03648074993049593,0.006838946162348163
2025-01-06,0.02986836498810369,0.026870646748076214,0.03687033509990954,0.039931188291857586,0.02940184519898076,-0.010198495606709792
2025-01-07,0.01786207072787407,0.032086864686212635,0.03380156088742295,0.029346943291821127,-0.00023047450804045797,-0.01616983389060972
2025-01-08,0.014989418794374475,0.025153148067803846,0.0020798424280414566,0.02333653324933377,-0.0010836240674905549,-0.025013246093857553
2025-01-09,0.020822081404958594,0.0028868568732498172,-0.017678282399471584,0.021397001855922585,-0.023795184748458154,0.004513345203693266
2025-01-10,0.03806294675232121,0.0430480788492974,0.018142723557127004,0.018591480435533776,-0.024722777748519213,0.02654544854428595
2025-01-13,0.03546109091599939,0.0174673243052169,0.004521031359830825,0.027660582841757715,-0.00830091879493472,0.02300521966231462
2025-01-14,0.020704883893179836,0.05333797760439158,0.05200975050327866,0.0258294496519913,-0.011709210512706418,0.01600398443087743
2025-01-15,-0.0038421595449265756,0.005212113008201566,-0.0013606466714222308,0.0029882739413913386,-0.020518163294894556,-0.0009071184191446402
2025-01-16,0.0043907143384426355,-0.0011602872499797542,-0.011056895621439165,-0.002619153137392565,-0.015209339434986906,0.0019906933823155043
2025-01-17,-0.009168871676250504,-0.001830157840296831,-0.025303353696210028,-0.005830357404163035,-0.021487913598751313,-0.007346232843070833
2025-01-20,-0.02024882362251798,-0.02125772864628661,-0.05661485939457797,-0.017574178108270458,-0.02087417973045221,-0.016077604959850597
2025-01-21,-0.036955507086046856,-0.03658905171722495,-0.05523415208847869,-0.027313718951588954,-0.04100572478082778,-0.0024457710522406972
2025-01-22,-0.006772949245681147,-0.028800733705785196,-0.04054744605065775,-0.026522540535263525,-0.03930076191754725,0.016023193025140266
2025-01-23,0.0037683767232355057,-0.012549710872564328,-0.024136359877697234,-0.019248781856919202,-0.025911276329005646,0.010026251648494024
2025-01-24,-0.019166741647633365,-0.01536378733633326,-0.013935125894955974,-0.015537895147654643,-0.018364259046155858,-0.004565012808779341
2025-01-27,-0.011862698227177485,-0.007925128595278712,-0.020516859439566767,-0.0054759554959352185,0.011080940963633795,-0.0007476748144775857
2025-02-05,0.006108677861486705,-0.033077813744045594,-0.047622288582174224,-0.000210532599104536,-0.019575557154826728,0.006969986090897566
2025-02-06,-0.013055641827403363,0.012911107269005233,0.012112632725521003,-0.0028718887252998787,-0.014388197651954456,-0.006479846024159863
2025-02-07,0.009170297730148458,0.015368994903876597,0.01435576430768545,-0.010264692706535893,-0.025732394679193877,-0.012290647575470251
2025-02-10,-0.021071228765523878,-0.01230800450939388,-0.010902599034446476,-0.029360755057858626,-0.04585023904790717,-0.028338702905516093
2025-02-11,-0.028658071327319658,-0.019285866270155466,-0.029830382998114677,-0.03346076441069395,-0.059772179215308426,-0.029572503704091584
2025-02-12,-0.035874095226763145,-0.01314096288359912,-0.024147850012092593,-0.02234007240616663,-0.06523162507346354,-0.03205034727728929
2025-02-13,-0.034245627585674655,-0.0174978783145188,-0.015222609711088133,-0.026435382831012454,-0.046634943163546445,-0.0327019548614548
2025-02-14,-0.03236356749083075,-0.027361105167748395,-0.04174312101504697,-0.02398963330911348,-0.03425610033051962,-0.0378008481484578
2025-02-17,-0.026490419977355337,-0.04103709754817057,-0.04530511766755324,-0.03748682861714801,-0.048494534558588126,-0.026642816260719366
2025-02-18,-0.002467254780994331,0.005310860850532255,0.00027314994885353625,-0.0221512813390969,-0.01960739579158357,-0.009424259275352165
2025-02-19,-0.03746258211047326,-0.006541046392776512,0.0008591458856359691,-0.012831090503675025,-0.025737674127560707,-0.014213262014770932
2025-02-20,-0.0332045709310361,-0.053150530734010826,-0.03563937514282263,-0.03831063574092748,-0.04198104323177737,-0.014430525183094903
2025-02-21,-0.016222430719916428,-0.015591881892415702,-0.01019081402959446,-0.02403901825331405,-0.02013960182038234,0.0037730806119285537
2025-02-24,-0.010846462246613103,-0.03770030735655877,-0.03954725126905099,-0.03380590922646073,-0.03277114645414765,-0.0048479213188637816
2025-02-25,-0.012022585247110668,-0.021805064029066068,-0.031440549649729234,-0.02922967548123884,-0.05282973042447245,-0.0026470903254606232
2025-02-26,-0.04507631586378101,-0.04151308469086541,-0.03653199662192369,-0.035337359527907196,-0.06019456219142459,-0.013784200082800452
2025-02-27,-0.04890499043272096,-0.048036412475607505,-0.053254569532635826,-0.039169299921986166,-0.06206908464197905,-0.00707016103647043
2025-02-28,0.006695358638669727,0.00615578703944433,0.025914802668375453,0.0017707417222017855,-0.026096472017137266,-0.0010356303071435806
2025-03-03,-0.006628362130894924,-0.021989180460450078,-0.0007200217193850394,0.011385766969003973,0.005059328508718002,-0.027081948678676433
2025-03-04,-0.012278410878494801,-0.019069711654706258,0.01009890910734478,0.0037158265078840744,-0.004796467498249572,-0.036886639258917685
2025-03-05,-0.021941732434457205,-0.05237033363351329,-0.036156859986448,-0.011299750236604254,-0.03576831878406343,-0.044240350623252385
2025-03-06,-0.023275654595970946,-0.033468721744649335,-0.007862702548354313,-0.020150014148943414,-0.041593983397975764,-0.03992463955619892
2025-03-07,-0.02507307995878122,-0.04708866499338305,-0.03515804650431356,-0.03843147994767659,-0.04395707489593233,-0.03685862969685903
2025-03-10,-0.030771211587439926,-0.07842003511880528,-0.06620256414918224,-0.03458471246156189,-0.05362029801165093,-0.0410135268736648
2025-03-11,-0.041556319411999165,-0.059172826836348,-0.06623496257194514,-0.025873140976635643,-0.04507907791968871,-0.03333911722628205
2025-03-12,-0.03863862860869839,-0.08215084664862422,-0.08279285066073802,-0.04341755009541107,-0.050909449151391874,-0.029677443576513703
2025-03-13,-0.029633021961872286,-0.045195077892310344,-0.027754773274750448,-0.021602574566909727,-0.02608550533242424,-0.03363608305453518
2025-03-14,0.003318806500674725,-0.03730191969410511,-0.03140417592373079,-0.012871335481075823,-0.03240658846044299,-0.018067710307440147
2025-03-17,-0.03944493996188492,-0.0854241754669526,-0.06982907330272556,-0.03437484394186359,-0.039801495614092464,-0.036475324092687174
2025-03-18,-0.050373522129017224,-0.08285803655128782,-0.08348618212126524,-0.042839682496154316,-0.04657089563732024,-0.04701120749178337
2025-03-19,-0.056625294259956924,-0.07548708784938714,-0.06975634883022094,-0.042243164449477566,-0.03276866685481732,-0.05472239718010284
2025-03-20,-0.03843122130481655,-0.0647282381406881,-0.06814048409686657,-0.04320335524651535,-0.01130033106541567,-0.054620569466951444
2025-03-21,0.004524598650211762,-0.02503263611528455,-0.02313854603318991,0.003925379018924842,0.013467465533138951,-0.039020619365496306
2025-03-24,-0.018243416687092374,-0.05370682710238123,-0.02717831958122906,0.005635799449927923,0.005945996702955366,-0.04788188890985853
2025-03-25,-0.017274617762586666,-0.05153207391561577,-0.02882408315513013,0.005252510335845752,0.0049654034281439215,-0.05477870993980383
2025-03-26,-0.005265638724872957,-0.06669105825079871,-0.052911298616062585,0.00398196336108717,0.005977366736340047,-0.05316812654987356
2025-03-27,-0.011590643628497571,-0.053198337301001666,-0.057364296254312816,0.008065032215419845,-0.007949898536656425,-0.04585492623657633
2025-03-28,-0.005802180753666662,-0.043750171246523736,-0.036781500774432825,-0.0020476247464417605,-0.00681289143100614,-0.030317784940830025
2025-03-31,0.01513953461594976,-0.01139535342370834,-0.03782691390456334,0.015483474780969488,-0.003475265684512077,-0.0125011691262998
2025-04-01,-0.002860753594060073,-0.035102499138444196,-0.055632854130811184,0.020085237366507455,-0.0007033796754603175,-0.030075650051218348
2025-04-02,0.012905046226334083,-0.033525954729562255,-0.04678298150711075,0.011335829835343094,0.00917460617652875,-0.04483159859165081
2025-04-03,0.019404462388885248,-0.013003253394617147,-0.02301121685243234,0.034937621537280826,0.021569460337463153,-0.04624912173226701
2025-04-07,0.09095096825359901,0.08701540510607027,0.09133144650315436,0.060580444794671486,0.08790621605355212,0.050623122130353956
2025-04-08,0.0697299933791834,0.08033334513877652,0.08471022001392431,0.0647902608382818,0.08238119495514731,0.048065226011856546
2025-04-09,0.056214484043496965,0.0920293045832517,0.08898081859458384,0.0659769051162528,0.08336467006751683,0.029328880743744432
2025-04-10,0.020474975994365142,0.055420699859550476,0.06931679221892215,0.05103307920990255,0.04916968593826682,0.006368063095204194
2025-04-11,0.015714670077908027,0.040770726720409274,0.055373335197122994,0.04876667335368769,0.03774182451383942,-0.0029323248532738947
2025-04-14,0.003285364837942267,0.00784084157496054,0.020050516453091832,0.030108477357320106,0.01601585964235797,-0.021305145518201597
2025-04-15,-0.018153438238705754,0.010109986400791846,0.012881348273237878,0.03127486964712652,0.013851473103589033,-0.025155223352444744
2025-04-16,-0.021221611962447696,0.01685705790196488,0.018218643091143426,0.043243908787503754,0.013332042959962688,-0.03167402937436872
2025-04-17,-0.01088316680946603,-0.00012315004151101661,0.002502029866566433,0.05036295723526383,0.014542527165476925,-0.026215096687022797
2025-04-18,0.003918003206452021,-0.0019410183263273797,0.0004901491344427437,0.04256714756931005,0.030653241884293206,-0.032959559780371635
2025-04-21,0.004479390575046674,0.0012889856740534965,0.02663885225368883,0.04155510745829166,0.022945489189889895,-0.024123785458887957
2025-04-22,-0.0009956250315846327,-0.015596522666259766,0.0019004217028422503,0.032495134123757145,0.015047446932259189,-0.029595181548570937
2025-04-23,-0.0030559926797801115,-0.024644196240217804,-0.012011959498848314,0.02751886201856285,0.012057216186671809,-0.0199608518747653
2025-04-24,-0.00768407612093008,-0.018498394741718827,-0.013399982253854963,0.026729434357762608,0.03689511826963534,-0.02292698114309558
2025-04-25,-0.0226083949351445,-0.028928001295319503,-0.028686177102777363,0.02661985952966632,0.0366265376994191,-0.025749421967552494
2025-04-28,-0.010613503617236342,-0.02820005496795543,-0.03071486480953409,0.02261241453057688,0.03975953593715338,-0.035483331332164636
2025-04-29,0.0004714559680793779,-0.03388526094995139,-0.026678179816332137,0.02785852783606175,0.035983773843294216,-0.03089049854168499
2025-04-30,0.014440876998888236,-0.032861193676601355,-0.02796280971509709,0.021232532777924144,0.027108416949407358,-0.003134233530229541
2025-05-06,0.005845404888990375,-0.01140096240076341,0.01983586570015599,0.01094209133003846,0.018382486179074668,-0.017711815204068747
2025-05-07,0.00852218134928159,-0.009450736419909653,0.011275832175883961,0.012968743184133845,0.012331495876316228,-0.027571444316642244
2025-05-08,-0.0008180173954563704,-0.03200186719697286,-0.02054083824758815,0.00688832215190047,0.001512571279170822,-0.04032176759517496
2025-05-09,-0.020185830720955426,-0.023023440042796012,-0.010751227831440266,-0.005233767865935808,0.026608703710136464,-0.044711756969963934
2025-05-12,-0.020434808638578154,-0.0385751226282057,-0.04052472583189809,-0.005222048010163811,0.03216720332245035,-0.05428760106107651
2025-05-13,-0.031993763023784996,-0.030495195470156035,-0.04046533366977278,0.005498290205684864,0.03959814107653551,-0.05744132301933661
2025-05-14,-0.006200152295694995,-0.03499137793453539,-0.050177193342750816,0.009486777913727143,0.026132584563668643,-0.05589248553680114
2025-05-15,-0.02083487069408252,-0.010148208296121668,-0.005319158879652744,0.019775857480078124,0.04504651516585115,-0.05505505034160056
2025-05-16,-0.020003599891572806,-0.02541720962458987,-0.014247420252203307,0.03235298214665197,0.058250083710869205,-0.052608109471527865
2025-05-19,-0.010337442640129152,-0.031442670511909375,-0.034662496517703895,0.028440367041152617,0.052383743392777016,-0.05424954866133641
2025-05-20,-0.023998570678703285,-0.05040673901289089,-0.051793383253170386,0.01903755789661909,0.040801546184800516,-0.05401950882398329
2025-05-21,-0.028817367818517518,-0.05347096089670006,-0.06766294621082058,0.01892316119388423,0.03128824256049206,-0.055722739481214104
2025-05-22,-0.03314840949443247,-0.028780683648264242,-0.04459131750346318,0.022417701839848106,0.034214047891475315,-0.06079715589683466
2025-05-23,0.00574608429352536,-0.015613387364687998,-0.02309894050877369,0.02935646194981211,0.042811109160181084,-0.0411736229848789
2025-05-26,0.012257009198848522,-0.022252771359285398,-0.024263777797735715,0.03845566346837276,0.04702614405558914,-0.024392479935184164
2025-05-27,0.02616850342501151,-0.019487537265005985,-0.04422722854892064,0.03406387003706881,0.05646551789945778,-0.018743062214556037
2025-05-28,0.004468593056002062,-0.03282293028941116,-0.05997282163139747,0.037213784878890085,0.05513056821685504,-0.03202415979303867
2025-05-29,-0.00827604317469623,-0.019597659179275896,-0.019238732537895323,0.024427404952855655,0.04092907418218762,-0.043092613076681344
2025-05-30,-0.005061614473494276,-0.030713505239105113,-0.028025805357734013,0.012752407579864344,0.037421520279412965,-0.047397907147042936
2025-06-03,-0.00345207465452743,-0.03613093103264117,-0.04241648356925533,0.009910202040570446,0.0282083374669294,-0.04169885367672263
2025-06-04,-0.020301175354709985,-0.03710065085319974,-0.04282710783329749,-0.005995579718502928,0.02047416585781555,-0.05972123532389488
2025-06-05,-0.023440216023068595,-0.04509157489517263,-0.04684101471641606,-0.00828534259287728,0.0068492406407111295,-0.04093205808920103
2025-06-06,-0.03246139140354692,-0.06266381322496285,-0.0700566039148435,-0.013800360591710777,0.007248622853997053,-0.05034671640267339
2025-06-09,-0.022085592528276483,-0.050660576043734896,-0.06172463544216179,-0.016552251128782204,-0.010662038319217915,-0.053019082378474636
2025-06-10,0.00036521739223090166,-0.03618269664828114,-0.046667886328538896,-0.015774270978708083,0.013303574533173834,-0.047113899996455884
2025-06-11,-0.0106931540948734,-0.05039429316190537,-0.06764700828921738,-0.004017151442436764,0.03124467487021442,-0.05647968246601312
2025-06-12,-0.03036871341826356,-0.06489875215449113,-0.08469259885137687,-0.016874283612585368,0.048718229835846685,-0.06464955786512427
2025-06-13,0.008035998571803463,-0.02964581611400769,-0.03128144731504006,-0.012584755583924707,0.05350819058356172,-0.009919649454812204
2025-06-16,-0.009205102484693481,-0.04704458706377846,-0.049473706371463394,0.0017193670337514928,0.05245423612983556,-0.02414148949725651
2025-06-17,-0.018924365313533777,-0.05717035524419886,-0.06994982150195753,-0.014777453702094032,0.05396568340792188,-0.03609098919308351
2025-06-18,-0.043258726256980226,-0.0654301746652574,-0.08371728158683159,-0.01185793951836335,0.04659718925530824,-0.044440490935503875
2025-06-19,-0.0015083320998058212,-0.019134918805166264,-0.04216332356449468,0.006849133223503705,0.041870368442038064,-0.02456152926280318
2025-06-20,0.007697642238334736,-0.009002784906982414,-0.02235925286167151,0.02618160550605865,0.03789657477710616,-0.03087992138418013
2025-06-23,-0.004220786440370889,-0.021735891266197283,-0.023348147039702116,0.011615405957944984,0.03425427213198841,-0.0336701850706898
2025-06-24,0.007155219608434322,-0.021801880930383197,-0.0006237656101825416,-0.0015337713049443328,0.015198740122398642,-0.036511871899155945
2025-06-25,0.011352206964318603,-0.01523266811792236,-0.009205454461359314,-0.012684226040569716,0.004675276396376705,-0.03884291152346919
2025-06-26,-0.0005952680300459142,-0.026361450544108992,-0.025666217308049598,-0.017185623195231176,0.0012399520090078911,-0.04634416262069693
2025-06-27,-0.0003856247112563957,-0.02786235504215097,-0.044522274342001386,-0.026538021577591,-0.00995250768703463,-0.02395638771014973
2025-06-30,-0.027966395585912802,-0.03654513115134762,-0.04580692010838259,-0.03857112270118189,-0.011054340554475545,-0.030196270772920093
2025-07-01,-0.04358183089640058,-0.055696223338581125,-0.06308146476206226,-0.0319918002956186,-0.003336902160213529,-0.030493412967059645
2025-07-02,-0.05123220207336502,-0.04847898813164522,-0.03442197956222479,-0.010870643355179413,0.026532301938054715,-0.04157109154039988
2025-07-03,-0.04186711907746438,-0.05499926177274907,-0.04404688732185004,0.0018277897063765155,0.018987670782173588,-0.06157841316886939
2025-07-04,-0.027544217205677415,-0.04025441376356232,-0.05495131910719576,-0.009981107534166752,0.010069773963856315,-0.043649661909368365
2025-07-07,-0.0400056254329518,-0.048028896607836054,-0.06011687400597224,0.004283075536633496,0.024399542008726283,-0.05450424510938621
2025-07-08,-0.04241430342602626,-0.024769554669356146,-0.026099000912951066,0.007127397518864827,0.02016154119908344,-0.06292010742738241
2025-07-09,-0.034584769732820736,-0.0334129216889974,-0.04814100933158778,-0.003738433434353287,0.019876955578070774,-0.06586513079420415
2025-07-10,-0.0226587050844124,-0.042246517014622176,-0.062155437066829945,-0.013216198627267925,0.008746758981303402,-0.03770375438127435
2025-07-11,-0.014403819799616096,-0.01992055586197104,-0.030231721273337113,-0.009312143917843685,0.021374241127484754,-0.02244096632612412
2025-07-14,-0.038692405481117784,-0.05497202404991936,-0.07037909173648368,-0.03050019771485198,-0.0014199032581888836,-0.0351786920640283
2025-07-15,-0.04191117153155166,-0.049080186802625825,-0.05119850656674285,-0.020759146323657746,-0.02861272130487028,-0.02295229710966443
2025-07-16,-0.037637922659985695,-0.0696842586156344,-0.07481240976793753,-0.015719321692799312,-0.022043866645034608,-0.017418951889731367
2025-07-17,-0.03650454204131292,-0.04738780488234473,-0.03894560785542476,-0.01785146090191639,-0.02425515351596791,-0.025175151039160924
2025-07-18,-0.026112173514139043,-0.05543879913816094,-0.05622727183024999,-0.024566704633815554,-0.031814682831433155,-0.03434649538326111
2025-07-21,-0.018886943951699958,-0.03907647791057567,-0.03751728333816103,-0.03438802289951171,-0.031196286854135342,-0.0282105328394254
2025-07-22,-0.011088900440905769,-0.027600635983523542,-0.0461553659028479,-0.03955767915950587,-0.016453211857384565,-0.023281391053279962
2025-07-23,-0.013889693073577266,-0.02976370417562954,-0.039875359427933535,-0.035409558452858175,-0.012351678949566798,-0.031768165387627355
2025-07-24,-0.025769553140786345,-0.006411533308655811,-0.02746136714518523,-0.03245517074816982,-0.01401237066901725,-0.044220082279563394
2025-07-25,-0.04891278521536932,-0.03716719972952821,-0.05196505068062841,-0.04094395722557786,0.0023338814777854556,-0.03824131775770623
2025-07-28,-0.03645188356690423,-0.04608130122625578,-0.06269366947844562,-0.03353194314370253,-0.015875786106285976,-0.019649590546403
2025-07-29,-0.0530821264097298,-0.04949929386333641,-0.054269626034446475,-0.020851762783841037,-0.01901262434025834,-0.031116975693099017
2025-07-30,-0.03799814074547697,-0.03378206207390609,-0.03327554356481721,-0.014620244077923951,-0.009512971537517415,-0.030100167995337573
2025-07-31,0.015035499807920462,3.8773252492643014e-05,-0.012041574228730808,-0.0031498537367515744,-0.0005826317246267795,0.0022556999735250643
2025-08-01,0.022908359224443776,0.009485610278619928,-0.022361817731327203,0.0249326771912954,0.031855627141936696,0.0008148446459475399
2025-08-04,0.021991151698527403,0.007873645652491502,-0.0011722079105554114,0.013839476814410837,0.026757867049736025,-0.005348679939217385
2025-08-05,-0.009330966001578999,-0.03183415327513235,-0.030204921596927538,-0.013479312622447264,-0.008330183523833006,-0.019636298615593226
2025-08-06,-0.022321219751520797,-0.021351487376719398,-0.01491000360232481,-0.015230023159413958,-0.011415379794152872,-0.03017421039057746
2025-08-07,-0.023579586764966562,-0.0346111446024674,-0.04059977271041532,-0.014331388140313985,-0.014917620761564984,-0.03976951445563614
2025-08-08,-0.029092947548258453,-0.05307004955750917,-0.04877635906490303,-0.021644718182287075,0.018078783202630865,-0.0541877363574081
2025-08-11,-0.03691219397241817,-0.036572967458067894,-0.01270110434892609,-0.02371606202943153,0.012809218422517612,-0.041490832231077204
2025-08-12,-0.03463470370035173,-0.04873701467711947,-0.0353011468558226,-0.03725808361739674,0.019445043326085536,-0.04668303205619838
2025-08-13,-0.007499984948356649,-0.01007942264400612,0.0014307315411413047,-0.016966481085646398,-0.008316422710402322,-0.03175845889815848
2025-08-14,-0.0053118808053389775,0.01138681009134969,0.02988900458546638,-0.022373690277182712,-0.008346137350476086,-0.01022024421725598
2025-08-15,-0.006917311210199371,0.01567885678241797,0.026336659295574442,-0.020109863278415258,-0.012657336493458753,0.0006332556650434434
2025-08-18,0.010542394221579933,0.02682850177902159,0.04482127612596426,-0.012401135415322619,-0.013363726602769906,-0.005870887549727762
2025-08-19,-0.01625679706845111,-0.004756003919975758,0.002581440906192417,-0.02325617008929868,-0.012303569787688562,-0.024426747054463446
2025-08-20,-0.021305068119699344,-0.0035624611828668556,-0.0076850682609229375,-0.022690221081413612,-0.005986763501542045,-0.017389609621149604
2025-08-21,-0.024087725227116406,-0.01953403513514117,-0.003691223134727857,-0.022267210736642597,-0.01484847147256868,-0.029035698186199155
2025-08-22,0.008813848751836072,-0.002916706169215166,-0.003650398131231889,-0.007166525529950234,0.00953670960010897,-0.04111808594872441
2025-08-25,0.014743186312839995,0.014699689938302112,0.03453198423020156,-0.0024259013875430817,-0.013884577396692712,-0.026084542771487612
2025-08-26,-0.00880694781394354,-0.005731157018175855,-0.004007918417376002,2.3251220172525927e-05,-0.007677870271632739,-0.04829113680034046
2025-08-27,0.014262218790514244,0.028969239782052104,0.05188622073500644,0.0025855145660259025,-0.010573011379455178,0.003638556046905058
2025-08-28,-0.016352764094750408,0.021204038402127368,0.04230035438169019,0.005823277344840809,0.003987734837422669,0.007837274290732624
2025-08-29,-0.018809720283426062,-0.015773980786238043,0.013176424081476502,0.005435532678213634,-0.011019443635868691,0.009534937446760365
2025-09-01,-0.03392647990037713,-0.029037530008644237,-0.014456775799766113,-0.005439179657663839,-0.026398599544851954,0.0008674711999604051
2025-09-02,-0.021780647889364776,0.009881489664424307,0.040276179256344365,-0.006903834093612589,-0.00870422607551323,-0.011492990985906573
2025-09-03,-0.011929337234856065,0.026382728880161542,0.06569418634044125,0.006156099472910463,0.008702763895693823,-0.0015423146903344185
2025-09-04,0.01322363543768941,0.042909182748059785,0.06304743315115503,0.018737395776048313,0.03339791628012821,0.0012115461673484695
2025-09-05,0.010021048953190625,0.042852096029165544,0.07282752654041835,0.017741302021008,0.027868396562676784,0.00038197179786233614
2025-09-08,-0.01976533211092652,0.0120009256783184,0.030798803303025705,-0.0005820236007706711,0.003078388836478851,-0.014538229073532045
2025-09-09,-0.008070572187231465,0.008429307692430074,0.03536899592468168,0.02012948317849673,0.002270115774931711,-0.026927520409841896
2025-09-10,-0.010288992004491453,-0.012855040005743676,0.013393219878786979,0.017877784132026703,-0.010721913133548845,-0.017424435794964332
2025-09-11,-0.01006464675703649,0.01590911812478854,0.03750230296763094,0.0008322644856095034,-0.009004009287517274,-0.02492653043456561
2025-09-12,-0.012546120199087693,-0.011758843804318807,0.015196506821574671,-0.00800595230247034,-0.025559384460495743,-0.018818246533649427
2025-09-15,-0.02736147500013076,-0.02856829647315221,-0.022226578982162754,-0.007303538860339969,-0.04276226372768975,-0.008315981848688586
2025-09-16,-0.04069965651640175,-0.030183867528230702,-0.030592701286392493,-0.027894179057099764,-0.052913745405817655,-0.012296114489992484
2025-09-17,-0.05153513928842042,-0.030503766331101446,-0.023809651835832925,-0.02877402208253309,-0.057143882017427046,-0.02238627184721819
2025-09-18,0.008554565507422965,0.011818661919869503,0.020533064439318953,-0.012430384711701385,-0.04998005215526714,0.0350958160704994
2025-09-19,-0.016938660042375344,-0.000796127986898508,0.0108791551143599,-0.013832090042361227,-0.03230293052762969,0.02588488555371913
2025-09-22,-0.022903266275960944,-0.011848241989350779,-0.010135327676935414,-0.015183331996082877,-0.024350792247817936,0.020535495217691973
2025-09-23,-0.032980964901820405,-0.015781702477216143,0.00043476550205276236,-0.030073409506207634,-0.029469244421650262,0.014864718467079971
2025-09-24,-0.0231637806376049,0.00877929893200187,0.010427117716157121,-0.013399130862470127,-0.026507956989948223,-0.0037965648826221244
2025-09-25,-0.019800376198273788,-0.020114503465019643,-0.014865910348458782,-0.013743564004727366,-0.04018094937177417,-0.0008688130357742459
2025-09-26,-0.031104903281166954,-0.0041860340473047425,0.012718338309588491,-0.003497658499555653,-0.030386539645575295,0.006353652688744074
2025-09-29,-0.013988083054896495,-0.001997171061752615,0.011593675873074975,-0.015025030222650492,-0.04395159620411894,0.007723443982868585
2025-09-30,-0.044941377572347826,-0.03478344206527339,-0.008003016732770044,-0.022888990309001423,-0.05255238884411585,-0.0008944671422360165
2025-10-09,-0.03630531707365976,-0.01049111377998116,-0.01157749964959086,-0.033197523893138764,-0.04805054855107217,-0.0025536726365653815
2025-10-10,-0.009647451461022256,0.01928928065396315,0.02284169190225608,0.014212327119776082,-0.029502566343941383,-0.01101124905448185
2025-10-13,-0.019070371379870624,0.018666790211603425,0.025221781409571715,0.014063464075569966,-0.027632001446147518,-0.0015038564521772573
2025-10-14,0.02128233186609596,0.04424597799242845,0.0437235130891098,0.030010126200297374,-0.0020830605343746355,-0.010774359261506392
2025-10-15,0.0006181898284551604,0.03184075672903275,0.0456231612588166,0.019729649398784035,-0.008011778357691759,-0.02842992112440604
2025-10-16,-0.006963762607107602,0.03579106979003929,0.047979479174171544,0.023610312623157027,-0.01144570619344602,-0.041564632619998466
2025-10-17,0.02849826658229384,0.05450775615553597,0.06516602059701367,0.03967359781274192,0.011891984261439658,-0.021419667759418066
2025-10-20,0.007358356122257826,0.04628930126142185,0.04963544663434681,0.03404845291465029,0.0033650081021030613,-0.032238747881671415
2025-10-21,-0.013969169126640438,0.04423223572048644,0.04815090383998284,0.0075260948498289066,-0.005431601626844623,-0.03692496585905669
2025-10-22,-0.02001059173564651,0.023817336434415696,0.018116083288622593,0.01628558096190804,-0.013962484671047196,-0.04364603824189795
2025-10-23,-0.024478341156730216,0.009278825552117856,-0.0023421840115053967,0.0012970812891805548,-0.02614157581872862,-0.04703691453647618
2025-10-24,-0.04467191802500942,-0.0018514521235706697,0.00318805286448165,-0.027106160092583084,-0.036667852618039565,-0.03641927382983687
2025-10-27,-0.049124628527730946,-0.001725139867845379,0.00018908827570971302,-0.03560332642937846,-0.05110112088520769,-0.040937081428693844
2025-10-28,-0.04924901978441336,0.004077316280868727,-0.01167233907085199,-0.019895168275965533,-0.04961144355920556,-0.03097862754234311
2025-10-29,-0.058840464160773556,0.003158871197256412,-0.011862127595981344,-0.04194130615240614,-0.052762854318660735,-0.03714370041410041
2025-10-30,-0.034313994029460504,0.015517355024685917,0.007520193876776613,-0.012314468800423764,-0.024270508258698826,-0.018201261076152702
2025-10-31,-0.009275837353982694,0.01042257562631266,-0.0003132859944878644,0.008206007964689248,0.020519187257147783,-0.008057499178552169
2025-11-03,-0.019574245151301246,0.0036968895008791286,-0.024034385450921698,0.0038901496671711906,0.02537539719719311,-0.020519129100938602
2025-11-04,0.010144958756772729,0.04267899056923981,0.02179578427245555,0.02280739351566579,0.020066096174998972,-0.034031686137183964
2025-11-05,0.0010455190292208449,0.035973703475138764,0.020089661245535496,0.01595055326105288,0.012515494588896421,-0.03662292326486887
2025-11-06,-0.0061289075164037915,0.02933863076839413,0.0013934841750068447,0.009875519603731484,0.0013043439315611597,-0.04728145478927896
2025-11-07,-0.019333212734918438,-0.0035457698074332,-0.024128311187352817,-0.0009807400431547733,-0.004732274073837588,-0.05359003826126949
2025-11-10,-0.034953307767964195,-0.011367730594849572,-0.03611024271608211,0.002248623174982887,-0.027574332679469935,-0.055815495213436185
2025-11-11,-0.007792733572576195,-0.00260764456348672,-0.044659330151955376,0.015046360234220617,-0.012359694495300794,-0.054154912353009885
2025-11-12,-0.01327350871362642,0.0053348502428362445,-0.016088587944359394,0.016304343445572567,-0.0028490564299045278,-0.05656660565621205
2025-11-13,-0.02829303726731272,0.0009243635553890545,-0.0041166812358848,0.000842875444433971,-0.013046143218969856,-0.06194902564461145
2025-11-14,0.015102997243158849,0.015281445977806202,-0.005946881374527502,0.02813686698407914,0.009396362968830004,-0.04818146224967498
2025-11-17,0.02501317945537743,0.00825324539600348,-0.017804109755397382,0.022693027141480415,0.01095782322139088,-0.020079836030612894
2025-11-18,0.036416584543129314,0.04095132508013208,-0.0034243455845981187,0.03264167294940666,0.013278561523239286,0.0063723421051866385
2025-11-19,0.02666230287892092,0.03155080609991183,0.01274576342686231,0.025187030434573626,0.011552262666980985,0.004832576372479669
2025-11-20,0.015087570336457893,0.03697273946583495,0.0022804943064775136,0.03541244462442416,0.015237413659563926,0.011235217543272374
2025-11-21,0.06608173785552494,0.08428586695933095,0.07294315756292255,0.05685567060143999,0.045580737358804975,0.0409540836465943
2025-11-24,0.04440955349880577,0.0713969209277838,0.07331130224291231,0.05179728894908972,0.045706950813905814,0.03937649414536011
2025-11-25,0.039012084916446074,0.06661858254430639,0.07705455237792087,0.046581314733245734,0.028008982715090724,0.04581392065552798
2025-11-26,0.019075891441637592,0.030453859000360604,0.02800436999831768,0.02208141965850264,0.01868722700596115,0.03614641927389999
2025-11-27,0.015098322070247593,0.023185842872834227,0.006830092684386611,0.015693258965748226,-0.001689185011227632,0.034677205541935055
2025-11-28,-0.008603053344804431,0.005206225096209115,-0.0018005287672487554,-0.0050952632721447625,-0.02330387704413505,0.030317108189244837
2025-12-01,-0.013932841461241307,-0.008997513137130576,-0.017776622470519837,-0.023436546046942335,-0.02525266714473296,0.018586356762305176
2025-12-02,-0.01672759538348371,0.0011970559872606468,0.01694734389594425,-0.0034632004355712857,-0.019885149037485506,0.010963945774274547
2025-12-03,-0.011052469863923078,0.007801185137957045,0.027369098117364103,0.020825189101877337,-0.0021025361563331113,0.009078824957135953
2025-12-04,-0.013785785408719534,0.0008436553091661858,0.002556225671086183,0.010848736125471584,0.00665690389892707,0.020333405347714644
2025-12-05,-0.018562425187000547,0.0064296030811347455,0.03181299716439221,-0.0031516363092980388,0.00023223951370817297,0.021640964686747498
2025-12-08,-0.0045477896865535935,0.006915821275195499,0.03052160953492849,-0.00856036996355491,-0.0019403325209617355,0.03844460587050121
2025-12-09,-0.010333445341600588,0.013245385004187907,0.006200389658665805,-0.015999595549891506,-0.009610056118832984,0.051758997772835415
2025-12-10,-0.01834476886947351,-0.006758249831024265,-0.015558668331634317,-0.02404506797797879,-0.029619555466338023,0.055560055876447315
2025-12-11,0.010565177779973938,0.008845934254358489,0.016275377886329066,-0.0018638569322369332,0.0004312821336264368,0.05889504034726346
2025-12-12,0.003137125937114284,0.00322056758581899,0.012431161927843243,-0.011536882368514002,0.009371896544721831,0.06927723092013807
2025-12-15,0.02092126738274873,-0.007681170065288249,0.0023343960393023577,0.01969426213943596,0.014240284420031168,0.06773456866485428
2025-12-16,0.04848668804430736,0.03203607990298893,0.04566925611872098,0.03662718756653082,0.04158518650711012,0.06156328497485268
2025-12-17,0.02209014706588716,0.03145128437278895,0.05726476875995323,0.013945135954835163,0.037094769649250604,0.0607403384988475
2025-12-18,0.016321295224063982,0.009801947190568542,0.03715832244510889,0.037013983753008725,0.035432929644560504,0.05897649984375109
2025-12-19,0.0037292619879525655,-0.00928838450902293,-0.010466308728067747,0.020569928099903784,0.007376036322849883,0.03184780433442958
2025-12-22,-0.021340949706469454,-0.008801781338786192,-0.005922550013581556,-0.0035755442823775197,0.006596896024571492,0.0429654504923368
2025-12-23,-0.03446688420213858,-0.03652269466649792,-0.030920460963834526,-0.02521600315506102,-0.01381889412987054,0.03440690309926382
2025-12-24,-0.04739267254378516,-0.02609898411173191,-0.00850875198513616,-0.030451045402753025,-0.026365425249614348,0.0352632612611686
2025-12-25,-0.04651062875665422,-0.04403083608251365,-0.017412075827731157,-0.03905297202586601,-0.023799343543002435,0.0365351775403072
2025-12-26,-0.04273673894054322,-0.04849078483812881,-0.03493504155502562,-0.039844114557129134,-0.020769502601979222,0.033617684196989336
2025-12-29,-0.01721554066980334,-0.02867825585998212,-0.031356978525774806,-0.0319264797019107,-0.010585699022966844,0.04001969490176056
2025-12-30,-0.03208552383683633,-0.040236258783470376,-0.0452471818661766,-0.03818253618427885,-0.018483431974817416,0.03873229303706664
2025-12-31,-0.01888979780598969,-0.06242459888517436,-0.060184139969528545,-0.015245832524099622,0.002748779472674112,0.026222227421431613
2026-01-05,-0.025531070888068552,-0.011066441160026703,0.008904226599982398,-0.03488407364030596,-0.00615159712243744,0.033849748942701895
2026-01-06,-0.031095397883460295,-0.0017452156307649802,0.01883840907762882,-0.04358803296978637,-0.02025723808894132,0.03633298530074278
2026-01-07,-0.03469347295611975,-0.022737515643466308,-0.008234736093156805,-0.0518545805643326,-0.033731370787473194,0.016181926078546783
2026-01-08,-0.026158242459376473,-0.022766974226207496,-0.014153803732495106,-0.030712533862698708,-0.03862377267840295,0.012025047972001438
2026-01-09,-0.04238156860841372,-0.022597443022402134,0.011448276036382968,-0.05334587902454749,-0.05418314495473199,0.0051925378744970595
2026-01-12,-0.05834282410771305,-0.014047864968338004,0.03952250765951489,-0.0544180581425181,-0.05671874722089143,-0.0001995692896383475
2026-01-13,-0.016032536560655758,0.003900558023587242,0.05442241009699145,-0.02466794958421956,-0.030881726177038913,0.0017648368848703479
2026-01-14,0.001412834705916891,0.003938987149754988,0.05195340571277714,-0.029684821077933746,-0.04959867511690022,0.029448853458381264
2026-01-15,-0.014593813018280825,-0.0285816415977699,0.023772258849821364,-0.0320218819003924,-0.04427885516455933,0.03103794624657494
2026-01-16,0.002085687564252114,-0.04792341691218277,0.007693664118528871,-0.03566004414993552,-0.05811731212561885,0.04401384976058448
2026-01-19,-0.008788462747552763,-0.0519636473193406,-0.013627932769541436,-0.012143254711723173,-0.04497542077828099,0.05347682337071413
2026-01-20,-0.000531949075502707,-0.037197973402648535,0.008587028035478927,0.009813561409863602,-0.03643107662507446,0.03410472231671524
2026-01-21,-0.0007139052629633184,-0.050966632523155815,-0.0007794422188490895,0.011988965460402236,-0.039556185231980526,0.01952090195381547
2026-01-22,-0.015544812046390456,-0.07051995921619214,-0.03270551249514858,-0.003016837583308397,-0.043219241903218165,0.012651561311444454
2026-01-23,0.006455677601124953,-0.028791418406752842,0.01701469756839654,-0.019480461686372297,-0.051109355564457754,-0.009537666967899058
2026-01-26,0.0064430373898389254,-0.006015389067605391,0.033783103600873,-0.011637855784493025,-0.04400620611713826,-0.004404158116284616
2026-01-27,-0.00838789839578681,-0.02123351306362788,0.010488435637067244,-0.017051403430957394,-0.06298714115666833,-0.0008411136913636012
2026-01-28,-0.018941851934051603,-0.047971995117581295,-0.02517686031254842,-0.024383355843014713,-0.06057913424829145,0.009557657278493982
2026-01-29,-0.013810449912941962,-0.03603408023028158,-0.002831068707580806,-0.009172335877267184,-0.026481681355956063,-0.005851509386222001
2026-01-30,0.004969261347464265,0.01722341352222622,0.015961096440396397,-0.019530829109456534,-0.013592217093347729,-0.008688696860995444
2026-02-02,0.058660696931899556,0.060453310896231884,0.08582627540573026,0.01443264834672573,0.027897203336596982,0.04722095914421247
2026-02-03,0.03841626642874188,0.047980188359657394,0.08695101391143713,0.005379673548603399,0.013301390462925604,0.049772307220626755
2026-02-04,0.021257396171800114,0.02621605188817959,0.05455301296031853,0.017537031918568917,0.01668993457997288,0.03420690659449874
2026-02-05,0.02572146541163292,0.037511178884458304,0.06522111707274016,0.03492170659726203,0.016377624093339465,0.021087831024987444
2026-02-06,0.04099089116676795,0.02504893970857626,0.05749799224690175,0.03734120397325323,0.012839486826827215,0.021293673076996214
2026-02-09,-0.007673591628579076,-0.009051536391427594,0.03595386853833232,0.005252612776369191,-0.005742815051697954,0.01055395993995379
2026-02-10,-0.020615546363997067,-0.022253356901400154,0.010299188459565133,0.0009928845413279255,-0.017954326097631673,-0.004153257726488598
2026-02-11,-0.020040144936163358,-0.030891197947337856,-0.0075491052526672695,0.021553170142933606,-0.02043085157742669,-0.013173302466298985
2026-02-12,-0.0292188692870397,-0.039895653743129166,-0.020329988200833364,0.00091188709101187,-0.03554548379587985,-0.02539501000745066
2026-02-13,0.0073179577017666204,-0.019864733575846682,-0.006757382990558426,0.017703228335678375,-0.038725027651780985,0.001984833770681204
2026-02-24,-0.009579371952828134,-0.039180735892466005,-0.02380516796502765,-0.001036021292137027,-0.038610489918894805,-0.009360290135926303
2026-02-25,-0.008869110901664716,-0.025967518122885523,0.0026859048753793734,-0.014227040437074208,-0.03813322999202426,-0.012384004842375252
2026-02-26,-0.014853862674782671,-0.045764615862317795,-0.023283334631039737,-0.026549504475446177,-0.04116930927894207,-0.02351609204400023
2026-02-27,-0.0038935709622261484,-0.04386846161442974,-0.026979607555560593,0.008501980657697628,-0.026968324586510235,-0.030054896692225788
2026-03-02,-0.012248311664135574,-0.05500682589542036,-0.007150378522945947,0.0149160474238896,-0.0006658629547209426,-0.019972666559864953
2026-03-03,0.048590687494344864,0.04151195172601266,0.06771130034095893,0.035515713730473214,0.048723390456029955,-0.027841296322658016
2026-03-04,0.06186141250872877,0.050492449273463164,0.07337352714308068,0.0689458628292694,0.0488975865934881,-0.01597621827223275
2026-03-05,0.04548918778217817,0.033502728989215705,0.055018590488619575,0.05021781885400613,0.03680816489431561,-0.027529495493161516
2026-03-06,0.031409189424031356,0.014888790564230241,0.04626662069036849,0.0450170593223113,0.02375976890847974,-0.02851859835209375
2026-03-09,0.03394329442092381,0.012822334093724986,0.02079178516181345,0.0449619564171554,0.027248551609417276,-0.041875437300806576
2026-03-10,0.005764852197182537,-0.019562558766763685,0.005482140758931298,0.012191956703573831,0.004058201398401534,-0.013343505729201545
2026-03-11,-0.013740639326399165,-0.03376979407662807,-0.009913929582664502,-0.0025226488155170876,-0.0005167148720959,-0.02218024295538525
2026-03-12,-0.010840141454367153,-0.02408506925451972,-0.0193381015646535,0.011839044517265095,0.008847043034167789,-0.035956368910417244
2026-03-13,-0.0002321324525068856,0.008903433563836934,0.016718030948746597,0.011456661943686303,0.01690253293014143,-0.04639015701659825
2026-03-16,-0.023064619865302234,0.02030945787809254,0.004897856485970518,-0.0058697650950349555,0.013996531320492375,-0.03543957992638277
2026-03-17,0.0290804153189299,0.05196613576477797,0.05190733681541038,0.0336728163464241,0.0397794754736925,-0.026389569288453613
2026-03-18,0.015062802443196502,0.03368176764001947,0.04743854460258097,0.01847984831971805,0.027142229881570352,-0.0024854952913896293
2026-03-19,0.06696899360539205,0.06303786223881452,0.06434923498690068,0.033209761488844025,0.04382078949738264,-0.005937511467900766
2026-03-20,0.075886024010886,0.06550001479514364,0.06857937706331099,0.012574879377970909,0.06111335914782123,0.0005042305305234837
2026-03-23,0.11347547288291888,0.0942594523224807,0.1066576984659884,0.0716238535192445,0.0841795245633656,0.046806892233352604
2026-03-24,0.08903671531942742,0.0838325423177386,0.10257416182260633,0.06510969205456255,0.07557395707225036,0.03896331103503807
2026-03-25,0.06500262995407476,0.06649908827130585,0.09786589342373764,0.04838169179127467,0.05875409253596756,0.02543382011549474
2026-03-26,0.07809849038656713,0.06107818239372277,0.08358456487238936,0.05825776253267499,0.051384158859377256,0.02069863679989332
2026-03-27,0.07365062182567697,0.05637239000096625,0.07843651549023384,0.043615826829973954,0.04411177549343268,0.01686504806023117
2026-03-30,0.04296069942013187,0.03674879649140869,0.0520487247883248,0.03312750187935885,0.028015452136694596,0.0033300249486074816
2026-03-31,0.05445021042916743,0.026606306879554183,0.05137826391425275,0.06960957494493886,0.04524415682941022,0.011763243348821204
2026-04-01,0.03441536633612824,-0.004349971450853739,0.034063267178826434,0.049997697981731176,0.024195141340977545,0.00014722903265016498
2026-04-02,0.050685826295603226,0.012203325047713634,0.037593653452301465,0.06999902626361271,0.025587205503456688,0.0012298104907281133
2026-04-03,0.06024200931542198,0.03325594173718018,0.046538031432592164,0.07810515221737711,0.03455773192724042,0.0342575491253131
2026-04-07,0.04696879416538469,0.025279089807283984,0.030352388411180112,0.06451736923804983,0.03375061774724705,0.03974190367404576
2026-04-08,0.03240494425368874,0.06275878769023281,0.08206262047013098,0.0197364200859892,0.037840550188629904,0.04145394420531473
2026-04-09,0.018884969206264424,0.04131702699333846,0.04796141031786748,0.015787582872027476,0.021773154748074036,0.04143247506909144
2026-04-10,0.0029009462581219567,0.03282135843638653,0.030878583004595152,0.0011600189789310368,-0.013614338622700794,0.034002058275620924
2026-04-13,-0.021774822800385965,0.008976167776848499,0.00969102822359801,-0.011723164107661168,-0.01501025054128819,0.030436623667238136
2026-04-14,-0.04238587483272768,-0.007295315675065042,-0.004565654030406287,-0.027292892874350667,-0.03407211672392804,0.02380926320330576
2026-04-15,-0.0350340095192994,0.008599686721248558,0.0014668228983223113,-0.012634866134729293,-0.029272820078850365,0.01612445042642784
2026-04-16,-0.05851219629819704,-0.007008130238302772,0.002841112880030092,-0.027917837538186788,-0.04186546150098415,0.0028869841309658293
2026-04-17,-0.06226208891597871,-0.023443422916266617,-0.006816441075787971,-0.03802645496914926,-0.03929045823090328,0.014090524523851556
2026-04-20,-0.05689642827768808,-0.02913546748760839,-0.03011680563797635,-0.04328691298586918,-0.03733773403731182,0.01606765602012942
2026-04-21,-0.06370835693613568,-0.036201776733646135,-0.0375065392710546,-0.04196023381438599,-0.03188284812690585,0.009083292497854504
2026-04-22,-0.06709386651596283,-0.03192361999644341,-0.022496569496618136,-0.04629294722302782,-0.046262175939388625,0.0008253853538559816
2026-04-23,-0.04665961903336113,-0.00809253113193193,0.014151115596956056,-0.03667628948585858,-0.03282621367795166,0.009119764100737993
2026-04-24,-0.046999323682993824,-0.014379138803778124,0.009183768991179113,-0.007704122676001587,-0.03447049066601525,-0.00147850654776643
2026-04-27,-0.045355780830345666,-0.03419279685894138,-0.019303372204126194,0.0020655950464175525,-0.008753847506045482,-0.0027124538614279924
2026-04-28,-0.03464918419271799,-0.016858470057558514,0.00958759957776888,0.02207108298022941,-0.016036263047626932,0.003482043372050473
2026-04-29,-0.03368605884123583,-0.01475901585746904,0.008104359624002019,0.000753743762772318,-0.04101611556550284,-0.00708348468390006
2026-04-30,-0.03587947317485557,-0.04056761140143204,-0.025655984148144687,-0.015738738374396967,-0.02264245555707981,-0.02193363209589417
2026-05-06,-0.030687333815685197,0.009976893774030004,0.01735420574413298,-0.03003870963851266,-0.018225083820517234,-0.022568282630390044
2026-05-07,-0.049425974190225964,-0.012888798695018328,0.01460475050421546,-0.03708437826903148,-0.03897805754220404,-0.0037434898804588456
2026-05-08,-0.05547677037114701,-0.028965733969743168,-0.015795728790489003,-0.0326085795571453,-0.031209141542392575,0.004687648467340164
2026-05-11,-0.038069916203478646,-0.014032442065220205,-0.022422315769646248,-0.033127013914299105,-0.031391843091848434,-0.004247070199902896
2026-05-12,-0.05212080146209683,-0.025785432926952907,-0.029381172375238303,-0.04915726257450832,-0.04448587474627551,-0.008495519893346142
2026-05-13,-0.05819865227740171,-0.03166071353186987,-0.025492969826339515,-0.05765579242732159,-0.05329588151168284,0.006537737720232613
2026-05-14,-0.014088164032482359,0.005797577787827926,0.015730358781260678,-0.031059365631904548,-0.0360651631332889,0.021639399233404577
2026-05-15,0.007907094280237927,0.018896404753868584,0.027170128909978997,-0.03154891755729861,-0.03381820762537353,0.02216816427459571
2026-05-18,0.012951941475011415,0.012599640569814998,0.0027889337323409556,-0.014348816895086148,-0.028234826582791542,0.03346546282282072
2026-05-19,-0.00033668680460970606,0.007149772825908271,-0.007763960716974238,-0.010122752629568348,-0.03890135719513432,0.03479145187257488
2026-05-20,-0.011758145350632437,-0.027534950513069176,-0.043723109519671934,-0.018128985671328722,-0.033965866489403695,0.036055075225385105
2026-05-21,0.043497572089204004,0.02753810725850636,0.04621937828061172,0.004431107017866181,-0.027913238262481436,0.04726667398521796
2026-05-22,0.007579597187836966,0.008548440307052976,0.037731375132142725,-0.01344390639804191,-0.04615168456650555,0.0488959597924736
2026-05-25,-0.022629367513309344,-0.018342850714426855,0.0004052630134780788,-0.0415125963107478,-0.03685855058574544,0.04057188377988588
2026-05-26,-0.03885648032915076,-0.027379870278298447,0.001946843491321236,-0.05370948194401149,-0.045962309253284095,0.03225586754842263
2026-05-27,-0.017884889724005718,-0.0025653710903971666,0.018763363537121568,-0.057701129883129906,-0.03900306219648206,0.04477800340974697
2026-05-28,-0.049801006656455434,-0.01698679509259713,-0.00337627646087026,-0.06741985236005968,-0.04147167841936049,0.048133120386529935
2026-05-29,-0.02813479643843543,0.02663575900799022,0.04328178611839821,-0.047761403164424815,-0.001128855056860814,0.04750363502585611
2026-06-01,0.006704837668381307,0.03062281017127063,0.04150908859278008,-0.002098595204207203,0.02680290232822609,0.023996521105144972
2026-06-02,-0.022692589547376837,0.03163674708359842,0.03344735924867788,-0.015552988924545989,0.020706055069295425,0.003029391722022279
2026-06-03,-0.018280332910472107,0.0069851608624413395,0.016329617544760408,-0.03593482337657025,0.008918654592162267,-0.005161650539920658
2026-06-04,-0.009420754369232065,-0.00940590818825805,-0.013303848447537361,-0.02520130462574499,-0.011789536748494209,-0.005507840849350564
2026-06-05,0.03243180658704044,-0.004779492069002406,-0.006205422520992665,0.006272887583474067,-0.009465991089593898,-0.011160295943843202
2026-06-08,0.0600272197812064,0.07210947999931733,0.0674674137513749,0.04927705135382258,0.03221121613931548,0.022214185377701427
2026-06-09,0.03234164250227875,0.06399616130046006,0.06607252779209426,0.032817916493927235,0.023811245655068026,0.025076060581612315
2026-06-10,0.05132243180113612,0.05187770101814221,0.055898732168091075,0.048538809067323586,0.017018679846154006,0.0363684730013218
2026-06-11,0.042954214315295204,0.029512254065572216,0.029351489487152414,0.03920024467254371,-0.012127300751670695,0.043016294868350874
2026-06-12,0.0381877576178109,0.020749324180674517,0.007561936645345922,0.02500484533504954,-0.026869819493764355,0.047949203223596644
2026-06-15,-0.0009947135329676851,0.03826275205854453,0.05024957652207963,-0.001625068993863604,-0.02125219447063232,0.042767659035829145
2026-06-16,-0.0279019093942479,0.01265443715854514,0.03405595236979392,-0.03138227142794604,-0.034723583186938786,0.05632054708247909
2026-06-17,-0.05083205825742991,0.004493928078193597,0.001979863732826295,-0.04652577565784964,-0.027475112157857196,0.06884782130718434
2026-06-18,-0.05157549437330367,-0.01857325018528474,-0.022947760379497337,-0.058968593319174575,-0.04277541220718687,0.07156278642962025
2026-06-22,-0.050085391824491905,-0.0008541712773310192,-0.024535952264734182,-0.06255969923000221,-0.049303164155062376,0.0667179524415114
2026-06-23,-0.009138516854582656,0.02030515314617687,0.027371791815670315,-0.022832958714452723,-0.04712247714023654,0.0640163909399261
2026-06-24,-0.03266264385605176,-0.00614199944306235,0.001502201476763136,-0.03462102973664073,-0.05219783867133734,0.06896133418611157
2026-06-25,-0.03484627410615046,-0.028535510887739788,-0.020784531152223836,-0.04424058126415266,-0.051717038290099784,0.07073678151452692
2026-06-26,0.02100485486072429,0.005166799547587359,0.039687485342351475,-0.0008311565346087896,-0.04916050597719743,0.07492625364063586
2026-06-29,-0.0005521528131573266,-0.020638855215868175,0.02123746859370315,-0.010449383210422051,-0.05886094824478863,0.07235632552430338
2026-06-30,-0.013788013067668827,-0.01075936452391716,0.02757158305286467,-0.03722996219704586,-0.05263150360641773,0.0744649850949409
2026-07-01,-0.014505017435020024,-0.006092745199036232,-0.0007939626352211964,-0.038468702131672146,-0.04846765283042726,0.06751330531866152
2026-07-02,0.051567398700531036,0.03125725463090056,0.03880628109658675,0.036726530020156106,-0.01055687078795902,0.05235666406508986
2026-07-03,0.040535882007744876,0.023815181586522866,0.017879591863397964,0.04580180384278065,-0.006691241713981715,0.04035660105412924
2026-07-06,0.021646311589561724,0.03619068191906441,0.03921620870678899,0.044758998725425776,-0.005068150623287916,0.030091268896956964
2026-07-07,0.04259189722683836,0.05072918128768345,0.05948391713479057,0.05154932825667789,-0.01714314975058761,0.029169201195184905
2026-07-08,0.06012850725763669,0.05125997221558176,0.06124091328720691,0.05542685853651861,-0.03306726358833308,0.025067511245934503
2026-07-09,0.01434940433313045,0.03639022364830127,0.06944457898503366,0.024457632753710233,-0.0351515883317798,0.03153749194762896
2026-07-10,0.0446568337529793,0.02974515169371697,0.04956042806312702,0.04361102412982615,-0.020953600539330243,0.028387351150797602
2026-07-13,0.06192490785935632,0.07596316385912574,0.10974251473079333,0.06668745734408169,-0.018055041222463066,0.03286166649861922
2026-07-14,0.03335323347301729,0.07074629354164658,0.10169783145812206,0.05099794954285866,-0.012855585693753054,0.044629373787007695
2026-07-15,0.026068089000938745,0.06668185812703736,0.08712301705038916,0.06050177146646529,-0.0027721891368875824,0.026036164672972345
2026-07-16,0.04562706765039741,0.07801114711860901,0.08542067529273402,0.0672643142187376,0.013643855590910806,0.013574518979427188
2026-07-17,0.0847351602478393,0.10878132399887937,0.11984275181972823,0.08116850950642368,0.028203548962213474,0.015318637334489831
2026-07-20,0.07562831192260555,0.1091211754190751,0.10983596576257866,0.07646490582961525,0.026663395425390996,0.0247992218144255
2026-07-21,0.03718734569359201,0.10956316347390316,0.11967179412605651,0.05501640771582129,0.00754255810878016,0.019969350429537076
2026-07-22,0.04724517758347991,0.08508597195340611,0.08465613423591156,0.06816969044695982,0.010485941167428604,0.010368408484084084
2026-07-23,0.0328654284985366,0.07976298391780846,0.07598268750752035,0.0668500316235662,0.013685260075391774,0.002128338637061274
2026-07-24,0.04039960692402807,0.08276070450029757,0.08303233017325938,0.07703002571558476,-0.0007440707165645869,0.007797545638566835
2026-07-27,0.010892266241316647,0.07157330962614995,0.09112992354958821,0.04733594193468056,-0.007717071358237782,0.01462410685282596
2026-07-28,0.05590077714010461,0.08046623768626704,0.08014927423399995,0.08762638935230939,0.016412474740725057,0.011094090563315069
2026-07-29,0.05722005242224951,0.0642708189813638,0.054133406375253414,0.07938854005722887,0.013718215310131643,0.006894156787315368
2026-07-30,0.07161384466664397,0.07322574556149418,0.06070632256588583,0.08900780686306592,0.0336211331005838,0.0044471715089417
2026-07-31,0.06200670997326185,0.03891611912294403,0.04808929023573195,0.07433090122312411,0.020613253824934126,0.00594974351915125
2026-08-03,0.06373794236792808,0.04201596387507762,0.031059353146536423,0.07619281844251931,0.03851713271187676,-0.007089539423343156
2026-08-04,0.04315221574857518,0.028412766258772447,0.04557090985263358,0.050529445085221295,0.020515568545994713,0.006279760406541825
