date,breadth,disp,limit_net,nhnl,xskew,amt_ent
2004-08-03,0.6264591439688716,0.01792309,0.0077821011673151,-0.1108949416342412,1.1747432,0.8424981153143452
2004-08-04,0.974757281553398,0.016930792,0.0233009708737864,0.0,1.6814185,0.8867102840143284
2004-08-05,0.1984435797665369,0.016833367,0.0058365758754863,-0.0058365758754863,2.2869902,0.8673045245848209
2004-08-06,0.34375,0.017889919,0.0,-0.017578125,0.37783632,0.8429397132248897
2004-08-09,0.2937743190661478,0.0149810985,0.0,-0.0272373540856031,-0.32963187,0.8582185884213346
2004-08-10,0.6039215686274509,0.014289455,0.0,-0.0117647058823529,0.1364529,0.8768546353728794
2004-08-11,0.1009708737864077,0.017096419,0.0019417475728155,-0.1145631067961165,0.8208713,0.8642700596392037
2004-08-12,0.0970873786407767,0.020350026,-0.0019417475728155,-0.3242718446601941,0.2055369,0.8912527925618721
2004-08-13,0.4853801169590643,0.01600857,0.0019493177387914,-0.1871345029239766,-0.17586714,0.8896194486060963
2004-08-16,0.1070038910505836,0.023063751,-0.0116731517509727,-0.424124513618677,-0.41778487,0.8810231477039984
2004-08-17,0.4815533980582524,0.021613687,-0.003883495145631,-0.2796116504854369,-0.8403268,0.8843072233766088
2004-08-18,0.2996108949416342,0.01851792,-0.0019455252918287,-0.2898832684824903,-0.36447683,0.8772109549373893
2004-08-19,0.1167315175097276,0.02233219,0.0,-0.5077821011673151,0.38619015,0.9223737326083116
2004-08-20,0.62426614481409,0.02194443,0.0058708414872798,-0.2152641878669275,0.15413076,0.9135050643821648
2004-08-23,0.3679060665362035,0.02306465,0.0,-0.2113502935420743,0.18964064,0.8919475064230522
2004-08-24,0.9607072691552064,0.016995572,0.0196463654223968,0.0,1.5542727,0.90412713439153
2004-08-25,0.2592592592592592,0.019182418,0.0038986354775828,-0.0175438596491228,1.1259499,0.8736562728298476
2004-08-26,0.17578125,0.018245973,0.001953125,-0.076171875,0.43002465,0.8822219265431621
2004-08-27,0.1867704280155642,0.020394826,0.0,-0.1712062256809338,0.09832363,0.8995395343958122
2004-08-30,0.592156862745098,0.017703462,0.0019607843137254,-0.088235294117647,0.003784505,0.8780468027022232
2004-08-31,0.980430528375734,0.014928098,0.0117416829745596,-0.0039138943248532,1.3123927,0.9097010683048592
2004-09-01,0.0846456692913385,0.014949775,0.0019685039370078,-0.0295275590551181,1.9303832,0.8808359975353716
2004-09-02,0.9559386973180076,0.014934579,0.0076628352490421,-0.0019157088122605,1.3867509,0.8686764220156626
2004-09-03,0.4491362763915547,0.016815947,0.0038387715930902,-0.0019193857965451,1.2649474,0.8988504807521214
2004-09-06,0.4294003868471953,0.011624783,0.0,0.0,1.1504524,0.878959777328726
2004-09-07,0.4482758620689655,0.01246836,0.0,-0.003831417624521,0.36448726,0.8763578857391279
2004-09-08,0.2084130019120459,0.010980383,0.0,-0.0152963671128107,1.3409703,0.8713980342041726
2004-09-09,0.0554493307839388,0.015472427,-0.0019120458891013,-0.1032504780114722,0.51564234,0.9102205065497728
2004-09-10,0.4970986460348162,0.014329798,0.0,-0.0851063829787234,0.4650193,0.8880907493950058
2004-09-13,0.1003861003861003,0.021728214,0.0,-0.3011583011583011,0.3978364,0.8783199770376275
2004-09-14,0.992337164750958,0.016076634,0.0172413793103448,-0.003831417624521,0.70735747,0.8942986747991053
2004-09-15,0.9980657640232108,0.018564777,0.0773694390715667,-0.0019342359767891,0.66821,0.9268132020953274
2004-09-16,0.8365384615384616,0.021272114,0.0192307692307692,-0.0019230769230769,1.4756132,0.9017598899017708
2004-09-17,0.998062015503876,0.016429104,0.0193798449612403,0.0,1.7785798,0.9275990732101388
2004-09-20,0.9980430528375732,0.018542882,0.0410958904109589,0.0,1.4344394,0.9388250238000618
2004-09-21,0.3307543520309478,0.026503563,0.0174081237911025,0.0,1.5785984,0.9274509903133566
2004-09-22,0.1689059500959693,0.025361218,0.0019193857965451,-0.0019193857965451,1.3905613,0.9127250451617376
2004-09-23,0.903846153846154,0.019564997,0.0096153846153846,-0.0038461538461538,0.16645035,0.9191033910786428
2004-09-24,0.0524271844660194,0.019445576,0.0,-0.003883495145631,0.97274625,0.9316889384331968
2004-09-27,0.0994152046783625,0.018343069,0.0,-0.0038986354775828,0.8526562,0.9258746635805964
2004-09-28,0.6666666666666666,0.016225902,-0.001937984496124,-0.001937984496124,-0.59755915,0.910752718114297
2004-09-29,0.1593090211132437,0.018525502,-0.0019193857965451,-0.0038387715930902,0.35183874,0.9093347621451524
2004-09-30,0.0996168582375478,0.020167235,-0.0057471264367816,-0.0076628352490421,0.06990917,0.8938470346637069
2004-10-08,0.95,0.022131387,0.023076923076923,-0.0057692307692307,0.21751496,0.8638943690415365
2004-10-11,0.5551330798479087,0.019931102,0.0057034220532319,-0.0038022813688212,1.0837888,0.8914050088803795
2004-10-12,0.183206106870229,0.023497753,-0.0038167938931297,-0.0190839694656488,0.6238137,0.898978865148401
2004-10-13,0.560377358490566,0.025287963,0.0075471698113207,-0.0452830188679245,0.2742279,0.9087272181750664
2004-10-14,0.0264150943396226,0.026530776,-0.1132075471698113,-0.1641509433962264,1.291623,0.9072785869147384
2004-10-15,0.2471264367816092,0.027348656,-0.0019157088122605,-0.1992337164750957,0.14892794,0.906649855205123
2004-10-18,0.6628131021194605,0.02348586,0.0077071290944123,-0.1329479768786127,0.03243084,0.8958087368348688
2004-10-19,0.4385633270321361,0.021363575,0.0018903591682419,-0.0680529300567107,0.3834939,0.9105425735578252
2004-10-20,0.1965973534971644,0.02486477,-0.0056710775047258,-0.2344045368620037,0.45649883,0.9141814005870512
2004-10-21,0.1583969465648854,0.031983837,-0.032442748091603,-0.3816793893129771,0.06374181,0.9223039741978292
2004-10-22,0.5133587786259542,0.035028256,0.0,-0.2824427480916031,0.04303972,0.9219082784117552
2004-10-25,0.2827324478178368,0.029843388,0.0132827324478178,-0.2941176470588235,0.81106544,0.9077457919478906
2004-10-26,0.7178030303030303,0.028749399,0.0151515151515151,-0.1079545454545454,-0.016031042,0.9133619578739306
2004-10-27,0.9106463878326996,0.02364959,0.0361216730038022,-0.0076045627376425,0.59654355,0.9052924422439323
2004-10-28,0.3079847908745247,0.026403036,0.0152091254752851,-0.0133079847908745,1.2494107,0.9140217578310638
2004-10-29,0.1647727272727272,0.024656981,0.0037878787878787,-0.0814393939393939,1.0890467,0.9024821903308016
2004-11-01,0.3269961977186312,0.025160491,0.0076045627376425,-0.0779467680608365,0.77318364,0.8979199732899945
2004-11-02,0.4752851711026616,0.019654432,0.0038022813688212,-0.0684410646387832,0.32750878,0.9021604615030095
2004-11-03,0.9751434034416826,0.015872909,0.011472275334608,-0.0038240917782026,1.2391975,0.8952937437922337
2004-11-04,0.1292775665399239,0.022523342,0.0057034220532319,-0.0646387832699619,1.7194244,0.8984460291531666
2004-11-05,0.4705882352941176,0.01745838,0.0018975332068311,-0.0721062618595825,0.2831695,0.8953500964196003
2004-11-08,0.5477099236641222,0.017617408,0.0038167938931297,-0.0438931297709923,0.5270209,0.8970657262843225
2004-11-09,0.6072106261859582,0.014733,0.0,-0.0189753320683111,0.7540479,0.8714995669570709
2004-11-10,0.9923809523809524,0.016168518,0.0171428571428571,-0.0019047619047619,0.9853868,0.9150656363653088
2004-11-11,0.3802281368821292,0.019708037,0.0095057034220532,0.0,1.9068755,0.9178542330981204
2004-11-12,0.4923371647509578,0.01793924,0.0019157088122605,-0.003831417624521,0.814875,0.9094970092491635
2004-11-15,0.8445297504798465,0.015810682,0.0019193857965451,0.0019193857965451,1.0645359,0.922289457508405
2004-11-16,0.3409523809523809,0.016206268,0.0,0.0038095238095238,1.2598271,0.9183067504514792
2004-11-17,0.2015209125475285,0.018361552,0.0038022813688212,0.0019011406844106,1.7805941,0.9207449526865176
2004-11-18,0.8956356736242884,0.015231152,0.0075901328273244,0.0,1.7773595,0.9286941521848424
2004-11-19,0.7542857142857143,0.01986127,0.0171428571428571,0.0,1.5714124,0.9400793814031132
2004-11-22,0.8893129770992366,0.01984635,0.0190839694656488,0.0,1.6160693,0.9377187467601776
2004-11-23,0.5930902111324377,0.023029858,0.0095969289827255,-0.0019193857965451,1.0558124,0.9359451071101692
2004-11-24,0.1352380952380952,0.023912912,0.0,0.0,0.74810845,0.925966036028426
2004-11-25,0.2523900573613766,0.021799836,0.0,0.0,0.25539374,0.921187885077384
2004-11-26,0.6368932038834951,0.019518882,0.0116504854368932,0.0,0.7992065,0.9092884239707332
2004-11-29,0.1695906432748538,0.02112436,-0.0019493177387914,-0.0019493177387914,0.7647614,0.9229146596551916
2004-11-30,0.7370441458733206,0.018346157,0.0057581573896353,-0.0038387715930902,1.2835552,0.89908128647572
2004-12-01,0.366223908918406,0.018793408,0.0,-0.0056925996204933,0.97982436,0.8838455792716369
2004-12-02,0.698076923076923,0.024472635,0.0076923076923076,-0.0038461538461538,0.21315707,0.8994900097007917
2004-12-03,0.7846153846153846,0.019917084,0.0134615384615384,-0.0019230769230769,1.1745287,0.9241570578479034
2004-12-06,0.5405405405405406,0.018116632,0.0057915057915057,-0.0019305019305019,1.3230453,0.9176630894280472
2004-12-07,0.1034482758620689,0.019460363,0.0,-0.0019157088122605,1.215538,0.928127793488158
2004-12-08,0.7030651340996169,0.016770883,0.0019157088122605,-0.003831417624521,1.1400105,0.9121272967797328
2004-12-09,0.5391969407265774,0.02107427,0.0,-0.0038240917782026,-0.42249414,0.9112703802117872
2004-12-10,0.0424710424710424,0.020993007,-0.0057915057915057,-0.0057915057915057,0.58169097,0.9270417123944392
2004-12-13,0.2350674373795761,0.020159606,-0.001926782273603,-0.0057803468208092,0.0670451,0.9159741790945084
2004-12-14,0.3096153846153846,0.014856816,0.0,-0.0115384615384615,0.17239368,0.8942804935821593
2004-12-15,0.2854406130268199,0.019828621,0.0,-0.0363984674329501,-0.27683374,0.9165213201925247
2004-12-16,0.1158301158301158,0.017645977,0.0,-0.0598455598455598,0.103759676,0.8708017892973087
2004-12-17,0.2737864077669903,0.018828593,0.003883495145631,-0.062135922330097,0.6286993,0.8770142688207792
2004-12-20,0.3391472868217054,0.020027336,0.003875968992248,-0.0562015503875969,0.405804,0.8660712597626576
2004-12-21,0.7230769230769231,0.01424438,0.0019230769230769,-0.0076923076923076,0.8503327,0.8698007086454477
2004-12-22,0.9808795411089866,0.015882175,0.0152963671128107,0.0,0.7962721,0.9102272101401264
2004-12-23,0.0711538461538461,0.017244386,0.0,-0.0153846153846153,1.4953012,0.890081710817379
2004-12-24,0.5203094777562862,0.016312938,-0.0019342359767891,-0.0174081237911025,0.0036137458,0.8868876749102607
2004-12-27,0.251953125,0.014992241,0.0,-0.0390625,0.15899411,0.8855274330927453
2004-12-28,0.3039215686274509,0.016455272,0.0019607843137254,-0.0509803921568627,0.45706236,0.890255829088389
2004-12-29,0.2664092664092664,0.020016685,0.0,-0.081081081081081,0.3138306,0.8843135005352629
2004-12-30,0.2810077519379845,0.019503517,0.0,-0.1317829457364341,0.33358258,0.9072425359548524
2004-12-31,0.1439539347408829,0.023399722,-0.0076775431861804,-0.2571976967370441,-0.53438056,0.9247552980494934
2005-01-04,0.2356321839080459,0.02068725,0.0019157088122605,-0.2471264367816092,0.62165767,0.9035039191514828
2005-01-05,0.937037037037037,0.017176539,0.0129629629629629,-0.0074074074074074,0.96145487,0.8897443338359099
2005-01-06,0.2282003710575139,0.01781707,0.0,-0.0408163265306122,0.8674838,0.8485917012031117
2005-01-07,0.7111111111111111,0.017120942,0.0055555555555555,-0.0259259259259259,0.6332276,0.8572471567153722
2005-01-10,0.7959183673469388,0.016339809,0.0055658627087198,-0.0111317254174397,1.0451156,0.8650415834107864
2005-01-11,0.5378927911275416,0.015924055,0.0036968576709796,-0.0018484288354898,2.0361784,0.8617301624504698
2005-01-12,0.3253234750462107,0.016341757,0.0,-0.0055452865064695,1.01398,0.8626242956799003
2005-01-13,0.4805194805194805,0.019532919,0.0055658627087198,-0.0092764378478664,1.279066,0.8546409080549002
2005-01-14,0.1592592592592592,0.018694151,0.0037037037037037,-0.024074074074074,1.5171508,0.8783585744150784
2005-01-17,0.1171003717472119,0.02424824,-0.0018587360594795,-0.2193308550185873,1.2289982,0.8949058389331018
2005-01-18,0.9001848428835489,0.017856985,0.0092421441774491,-0.0258780036968576,0.6441508,0.885016419417397
2005-01-19,0.3937153419593345,0.022415405,0.0055452865064695,-0.0388170055452865,0.77125573,0.8655875657928591
2005-01-20,0.1542750929368029,0.020314198,-0.0018587360594795,-0.137546468401487,0.92913157,0.8873555957635421
2005-01-21,0.8055555555555556,0.022337975,0.0037037037037037,-0.0148148148148148,-0.64865065,0.8970901146513721
2005-01-24,0.9776951672862454,0.016069276,0.0167286245353159,0.0018587360594795,2.2059655,0.9139959070695676
2005-01-25,0.2118959107806691,0.019587005,0.0018587360594795,-0.0018587360594795,1.207516,0.8943090965665236
2005-01-26,0.188539741219963,0.019673323,0.0055452865064695,-0.0203327171903881,1.6496545,0.8851734098462911
2005-01-27,0.1152416356877323,0.02075576,-0.0018587360594795,-0.0985130111524163,0.481527,0.884785030761648
2005-01-28,0.075046904315197,0.023955805,-0.0225140712945591,-0.275797373358349,-0.36831602,0.8982782439534687
2005-01-31,0.0475285171102661,0.02733805,-0.0570342205323193,-0.5133079847908745,0.2896608,0.9253719914969072
2005-02-01,0.2230483271375464,0.028541831,-0.0223048327137546,-0.4869888475836431,-0.6448558,0.90831657900051
2005-02-02,0.9753320683111956,0.018177262,0.01707779886148,-0.0189753320683111,-1.0777297,0.9293751089426266
2005-02-03,0.0748560460652591,0.020566626,0.0019193857965451,-0.0786948176583493,1.5667772,0.9303793200786472
2005-02-04,0.816793893129771,0.021412555,0.0038167938931297,-0.0725190839694656,-0.8070488,0.9241094314141964
2005-02-16,0.8489483747609943,0.018517233,0.0133843212237093,-0.0019120458891013,1.546188,0.9197784552054794
2005-02-17,0.6539923954372624,0.015606237,0.0038022813688212,-0.0019011406844106,1.5142312,0.8994644252042525
2005-02-18,0.2137404580152671,0.016748777,0.0019083969465648,-0.0019083969465648,1.4994212,0.8952326251937551
2005-02-21,0.9544592030360532,0.015122026,0.0094876660341555,0.0,2.1214561,0.9125425426511872
2005-02-22,0.9923518164435946,0.017679784,0.0191204588910133,0.0,1.6721727,0.9317803196081568
2005-02-23,0.7954545454545454,0.020827167,0.0189393939393939,0.0,1.6076248,0.9320644272851384
2005-02-24,0.5047619047619047,0.017317638,0.0,-0.0019047619047619,0.70435417,0.9103341107397832
2005-02-25,0.395793499043977,0.018284151,0.0,0.0,1.1451174,0.9289466814947034
2005-02-28,0.3704414587332054,0.021583287,0.0057581573896353,0.0019193857965451,1.2915037,0.919503476927979
2005-03-01,0.5256166982922201,0.02279753,0.0037950664136622,0.0,0.51022583,0.913589694367096
2005-03-02,0.1439393939393939,0.020943884,0.0037878787878787,-0.0018939393939393,1.3914031,0.9108424952092126
2005-03-03,0.5477099236641222,0.019210868,0.0057251908396946,-0.0019083969465648,0.75224584,0.9134824560170663
2005-03-04,0.2423664122137404,0.017311838,0.0,-0.0019083969465648,0.53191274,0.9100130355740408
2005-03-07,0.51252408477842,0.017730184,0.0,-0.0038535645472061,0.5233602,0.8956050177641086
2005-03-08,0.9239543726235742,0.015994467,0.0076045627376425,0.0,1.0981282,0.9170937657681412
2005-03-09,0.5654648956356736,0.018590398,0.0113851992409867,0.0,1.8317293,0.9155529801970248
2005-03-10,0.0929791271347248,0.020909356,0.0018975332068311,-0.0018975332068311,1.865116,0.9133351915341588
2005-03-11,0.5333333333333333,0.019452458,0.0057142857142857,-0.0038095238095238,1.0624487,0.9113176437978068
2005-03-14,0.2060491493383743,0.022813981,-0.0018903591682419,-0.0075614366729678,0.37030438,0.90761044924325
2005-03-15,0.2163187855787476,0.023968756,0.0056925996204933,-0.01707779886148,1.1011862,0.906194275723898
2005-03-16,0.3345935727788279,0.022711387,-0.0018903591682419,-0.0037807183364839,-0.066157736,0.9037722490143448
2005-03-17,0.178030303030303,0.022024201,-0.0075757575757575,-0.0321969696969696,-0.26436058,0.90535678435591
2005-03-18,0.1297709923664122,0.02489041,-0.0019083969465648,-0.148854961832061,0.7091758,0.9098107707534456
2005-03-21,0.5134099616858238,0.023261331,0.0019157088122605,-0.1130268199233716,0.04770104,0.8867714408097461
2005-03-22,0.0931558935361216,0.028569011,-0.0152091254752851,-0.435361216730038,0.811302,0.921414851949776
2005-03-23,0.4877126654064272,0.02335845,0.0056710775047258,-0.2684310018903592,0.004184633,0.907012861914388
2005-03-24,0.8549618320610687,0.01862855,0.0057251908396946,-0.0267175572519083,0.024730347,0.8786203321856767
2005-03-25,0.3529411764705882,0.019718751,0.0037950664136622,-0.0626185958254269,0.8716588,0.8843079451059446
2005-03-28,0.1804222648752399,0.023264324,-0.0019193857965451,-0.2456813819577735,0.81718755,0.9080217306409548
2005-03-29,0.3454198473282442,0.021874072,0.0019083969465648,-0.1793893129770992,0.31027192,0.9093850703215454
2005-03-30,0.0914285714285714,0.027502894,-0.0133333333333333,-0.4895238095238095,1.1274356,0.9300422282253994
2005-03-31,0.7120921305182342,0.025358988,0.0153550863723608,-0.1535508637236084,0.6647227,0.9187205058603418
2005-04-01,0.9752380952380952,0.01672077,0.0076190476190476,-0.0076190476190476,-0.21470878,0.9308272884386
2005-04-04,0.1455576559546313,0.02259731,0.0075614366729678,-0.0737240075614366,1.6946584,0.919899807188366
2005-04-05,0.2742537313432835,0.02237147,0.001865671641791,-0.1361940298507462,0.7640206,0.905827239083928
2005-04-06,0.7602996254681648,0.021375684,0.0056179775280898,-0.0505617977528089,0.05887757,0.9223351309874708
2005-04-07,0.8953271028037383,0.019331547,0.0149532710280373,-0.005607476635514,1.2369655,0.9435091678052092
2005-04-08,0.8283018867924529,0.020463152,0.0094339622641509,-0.0113207547169811,0.3333398,0.9329138186777676
2005-04-11,0.4943609022556391,0.022136737,0.0093984962406015,-0.0037593984962406,1.1255649,0.9323463995516724
2005-04-12,0.1024667931688804,0.022514375,0.0018975332068311,-0.0132827324478178,1.4816116,0.9276482939063506
2005-04-13,0.9193245778611632,0.017508626,0.0056285178236397,-0.0075046904315197,0.21875264,0.9403483754216934
2005-04-14,0.1722846441947565,0.025734147,0.0018726591760299,-0.0430711610486891,1.1277335,0.9144289403219108
2005-04-15,0.1382575757575757,0.032334235,-0.0151515151515151,-0.2462121212121212,0.88345873,0.9174552099963132
2005-04-18,0.1723484848484848,0.031164104,-0.0397727272727272,-0.3522727272727273,0.09177956,0.9263551715468098
2005-04-19,0.5313092979127134,0.029910069,-0.0018975332068311,-0.2106261859582542,-0.24708548,0.919939559070018
2005-04-20,0.1682419659735349,0.03006468,-0.0094517958412098,-0.4631379962192816,0.58292603,0.9229697134395614
2005-04-21,0.174484052532833,0.03288453,-0.0337711069418386,-0.5778611632270169,0.20019704,0.9238693161660088
2005-04-22,0.2104247104247104,0.035634868,-0.0193050193050193,-0.5579150579150579,0.5297463,0.9345569246591044
2005-04-25,0.1926782273603083,0.036635812,-0.0366088631984585,-0.630057803468208,0.3692562,0.9278075800036972
2005-04-26,0.7840466926070039,0.029651934,0.0077821011673151,-0.1245136186770428,-0.7474722,0.914628423296924
2005-04-27,0.1996197718631178,0.033408895,-0.0190114068441064,-0.3916349809885932,0.4228221,0.910822117416767
2005-04-28,0.8493150684931506,0.028003436,0.0195694716242661,-0.0645792563600782,-0.6264363,0.9319223051036134
2005-04-29,0.1922330097087378,0.026180133,0.0019417475728155,-0.1805825242718446,0.9270753,0.9283386436480808
2005-08-02,0.9017681728880156,0.019094829,0.0137524557956778,0.0,1.1655554,0.9257515834100593
2005-08-03,0.7941176470588235,0.018464532,0.0098039215686274,0.0,1.5850505,0.9543538486146984
2005-08-04,0.275049115913556,0.022117164,0.0019646365422396,0.0,1.1590228,0.9348558253270168
2005-08-05,0.9548133595284872,0.019011559,0.0235756385068762,0.0,1.1928774,0.9345751145166256
2005-08-08,0.8149606299212598,0.019726278,0.0118110236220472,0.0,1.2261649,0.9321547115224624
2005-08-09,0.9410609037328096,0.020916471,0.0117878192534381,0.0,0.8257397,0.937379544812317
2005-08-10,0.7740667976424361,0.020828832,0.0117878192534381,0.0,1.0386969,0.9532212287226964
2005-08-11,0.7145669291338582,0.024205824,0.0196850393700787,0.0039370078740157,1.1066909,0.9573888514162916
2005-08-12,0.2696850393700787,0.037948433,0.0295275590551181,0.0059055118110236,1.2695959,0.9515923984468304
2005-08-15,0.8877952755905512,0.024569502,0.0255905511811023,0.0078740157480314,0.32623544,0.9316518134731038
2005-08-16,0.5857988165680473,0.028848533,0.0216962524654832,0.0059171597633136,0.68340474,0.947332702912784
2005-08-17,0.862475442043222,0.027987085,0.0491159135559921,0.0078585461689587,0.58923715,0.9457672817580798
2005-08-18,0.1104536489151873,0.032891106,-0.009861932938856,0.0019723865877712,0.9935764,0.9539503810012504
2005-08-19,0.3399602385685885,0.03431941,0.0298210735586481,0.0019880715705765,0.93929106,0.9378487846619644
2005-08-22,0.7199211045364892,0.028094254,0.0078895463510848,0.0019723865877712,-0.30898115,0.9324508317412464
2005-08-23,0.2445759368836292,0.028434781,0.0,0.0019723865877712,0.604826,0.9411684729255428
2005-08-24,0.8487229862475442,0.023564769,0.0235756385068762,0.0039292730844793,1.2685646,0.9370673888825278
2005-08-25,0.8745019920318725,0.026989605,0.0557768924302788,0.0099601593625498,0.9574175,0.9449104045256868
2005-08-26,0.7080867850098619,0.029902568,0.0138067061143984,0.0019723865877712,-0.3328391,0.941586092272526
2005-08-29,0.3596837944664031,0.03069045,0.0138339920948616,0.0039525691699604,0.9705065,0.9493714855648192
2005-08-30,0.206286836935167,0.029362474,0.0039292730844793,0.0019646365422396,0.7813845,0.9293893476241974
2005-08-31,0.7799607072691552,0.030194225,0.0216110019646365,0.0,-0.2982267,0.9378672119438062
2005-09-01,0.9585798816568049,0.020956177,0.0355029585798816,0.0039447731755424,1.2970859,0.9501950988365894
2005-09-02,0.7264325323475046,0.021795504,0.0092421441774491,0.0073937153419593,0.8465249,0.9535175867926348
2005-09-05,0.8866171003717472,0.020803146,0.0092936802973977,0.0074349442379182,1.0180646,0.9562398672007014
2005-09-06,0.098330241187384,0.027042987,0.0074211502782931,0.0055658627087198,2.1746151,0.9611986662427452
2005-09-07,0.9685185185185186,0.017699817,0.0185185185185185,0.0074074074074074,0.7287474,0.9485536290013457
2005-09-08,0.4362292051756007,0.022913877,0.0073937153419593,0.0018484288354898,1.0395397,0.9565811731835164
2005-09-09,0.2981481481481481,0.023002278,0.0018518518518518,0.0055555555555555,1.2795411,0.9431067631836796
2005-09-12,0.674373795761079,0.024039933,0.0096339113680154,0.001926782273603,0.46677247,0.9498478326258812
2005-09-13,0.9731800766283524,0.017428061,0.0191570881226053,0.0095785440613026,1.4851935,0.9606405492045416
2005-09-14,0.7137404580152672,0.02335206,0.0133587786259541,0.0114503816793893,0.43193656,0.9656996782255428
2005-09-15,0.5484496124031008,0.021078,0.0077519379844961,0.003875968992248,1.2272586,0.959786710733848
2005-09-16,0.4923371647509578,0.020505646,0.0019157088122605,0.003831417624521,1.1754102,0.9572786610429682
2005-09-19,0.91699604743083,0.019229988,0.0138339920948616,0.0237154150197628,1.233899,0.9585348380342948
2005-09-21,0.1956521739130435,0.026903983,0.0059288537549407,0.0059288537549407,1.3286462,0.9486147077527484
2005-09-22,0.0690978886756238,0.028778864,-0.0268714011516314,0.0038387715930902,1.1580433,0.9598570526626647
2005-09-23,0.1865384615384615,0.029375702,-0.0096153846153846,0.0038461538461538,0.4473611,0.9483803470843768
2005-09-26,0.6245136186770428,0.03017692,0.0038910505836575,0.0019455252918287,-0.19676806,0.9309316680423558
2005-09-27,0.1481481481481481,0.029864334,-0.0097465886939571,0.0,0.91777456,0.9310653109370984
2005-09-28,0.4210526315789473,0.030995617,-0.0077972709551656,0.0019493177387914,-0.17461696,0.9261433311026482
2005-09-29,0.904397705544933,0.025341796,0.0267686424474187,0.0019120458891013,-0.120706595,0.942394464630416
2005-09-30,0.2606177606177606,0.023161005,0.0,0.0019305019305019,0.28062028,0.9251361109738272
2005-10-10,0.185546875,0.03142791,-0.005859375,0.001953125,0.75781226,0.9252378449932992
2007-02-02,0.2924901185770751,0.03149997,0.0039525691699604,0.0553359683794466,0.5943606,0.9605992439723638
2007-02-05,0.8107569721115537,0.029271804,0.0219123505976095,0.1055776892430278,-0.09414665,0.9530734399956934
2007-02-06,0.8666666666666667,0.024257734,0.0215686274509803,0.1078431372549019,0.0734789,0.9606092279178172
2007-02-07,0.6653465346534654,0.022587782,0.0158415841584158,0.1762376237623762,1.4948331,0.960848458607883
2007-02-08,0.7634194831013916,0.024859041,0.0238568588469184,0.1908548707753479,0.98395795,0.9630162690986084
2007-02-13,0.7678571428571429,0.025249805,0.0257936507936507,0.367063492063492,1.04762,0.961394383108668
2007-02-14,0.8591269841269841,0.027062267,0.0575396825396825,0.4742063492063492,1.2624419,0.9684606055441954
2007-02-15,0.9542743538767396,0.036452033,0.0675944333996023,0.6500994035785288,8.080082,0.9689593807169152
2007-02-16,0.616600790513834,0.030578492,0.0415019762845849,0.4822134387351778,0.93811125,0.9749594896926944
2007-02-26,0.9801980198019802,0.024931524,0.093069306930693,0.803960396039604,0.07522654,0.9721802155114956
2007-02-27,0.059880239520958,0.038306504,-0.6067864271457086,0.0578842315369261,2.2529821,0.974294346731778
2007-03-01,0.3725099601593625,0.048662692,0.045816733067729,0.2669322709163346,0.615384,0.964026370752442
2007-03-02,0.8151093439363817,0.029036686,0.0337972166998011,0.2246520874751491,0.35227516,0.9587449187278494
2007-03-05,0.49800796812749,0.034918845,0.0099601593625498,0.1752988047808765,0.30553606,0.9696885147652944
2007-03-06,0.4710578842315369,0.026195973,0.0079840319361277,0.0978043912175648,0.6667868,0.9630001760249982
2007-03-07,0.857707509881423,0.02222915,0.0177865612648221,0.1284584980237154,0.47601807,0.9704561179826322
2007-03-08,0.896414342629482,0.024062617,0.0318725099601593,0.2928286852589641,1.1337421,0.9698985390394363
2007-03-09,0.4750499001996008,0.032972883,0.0399201596806387,0.2774451097804391,1.0572671,0.9651079190695474
2007-03-14,0.441351888667992,0.036671873,0.0397614314115308,0.3518886679920477,0.8639116,0.9674779529636888
2007-03-15,0.8702594810379242,0.026425729,0.0399201596806387,0.4830339321357285,0.8557639,0.9656097918720687
2007-04-03,0.6954022988505747,0.024700323,0.0210727969348659,0.1513409961685823,1.3333316,0.9675315093402516
2007-04-04,0.5961904761904762,0.026323162,0.0228571428571428,0.1695238095238095,1.183147,0.9672369681402706
2007-04-05,0.7590822179732314,0.026390072,0.0325047801147227,0.2734225621414914,0.91132486,0.9689630023406002
2007-04-06,0.6841085271317829,0.02679848,0.0251937984496124,0.3527131782945736,0.93675566,0.9701225863877674
2007-04-09,0.7330754352030948,0.02815174,0.0251450676982591,0.4216634429400386,0.66076255,0.9739600762669168
2007-04-10,0.4294003868471953,0.029328378,0.0174081237911025,0.2746615087040619,1.08161,0.9713257369453976
2007-04-11,0.5780346820809249,0.030839551,0.0346820809248554,0.2986512524084778,0.91593075,0.9715073418556148
2007-04-12,0.865234375,0.026001735,0.03515625,0.482421875,0.988386,0.9750616011319236
2007-04-13,0.4269005847953216,0.03399074,0.023391812865497,0.2553606237816764,0.81164134,0.9784114666079065
2007-04-16,0.9706457925636008,0.023662973,0.0469667318982387,0.5596868884540117,0.7791657,0.9738866875498792
2007-04-17,0.810546875,0.0328204,0.07421875,0.685546875,0.23121978,0.9731220190138596
2007-04-18,0.8346613545816733,0.028873209,0.0338645418326693,0.7191235059760956,0.20071912,0.97274233978975
2007-04-19,0.1852589641434263,0.047990933,-0.0557768924302788,0.1573705179282868,1.1261873,0.9778133640036386
2007-04-23,0.896414342629482,0.032384943,0.0717131474103585,0.601593625498008,-0.23346505,0.9773563560905728
2007-06-04,0.0236686390532544,0.029653464,-0.6844181459566075,0.0039447731755424,2.2116556,0.9511156222147978
2007-06-05,0.4093567251461988,0.050285675,-0.0058479532163742,0.0019493177387914,0.3019998,0.956332436888977
2007-06-06,0.6489151873767258,0.0352162,0.0433925049309664,0.0039447731755424,0.41932225,0.9770559465144192
2007-06-07,0.9197651663405088,0.03214333,0.0939334637964774,0.0117416829745596,-0.6959527,0.9759720765674352
2007-06-08,0.6871287128712872,0.02831837,0.0435643564356435,0.0138613861386138,1.1875492,0.974024652894244
2007-06-11,0.6343873517786561,0.03726841,0.0632411067193675,0.0197628458498023,0.63782096,0.9740596577465466
2007-06-12,0.6051080550098232,0.042804252,0.1021611001964636,0.0255402750491159,0.50960946,0.9710008806971832
2007-06-13,0.9247524752475248,0.0320841,0.1247524752475247,0.0277227722772277,0.054735303,0.9755649653274756
2007-06-14,0.2766798418972332,0.03239871,0.0158102766798418,0.0138339920948616,1.2206784,0.9716257463497402
2007-06-15,0.3645418326693227,0.03713972,0.045816733067729,0.0358565737051792,1.1097826,0.9680002692582528
2007-06-19,0.7159763313609467,0.031142078,0.0571992110453648,0.0512820512820512,0.9737423,0.960797118133928
2007-06-20,0.1888667992047713,0.03617841,0.0198807157057654,0.0238568588469184,1.481055,0.9615873497801826
2007-06-22,0.0916334661354581,0.04342007,-0.2330677290836653,0.0119521912350597,1.7364849,0.9614037127573772
2007-08-02,0.9297597042513864,0.028511006,0.088724584103512,0.0351201478743068,0.50886875,0.9570910890070964
2007-08-03,0.604089219330855,0.03127359,0.0390334572490706,0.037174721189591,0.8122992,0.9560140318000572
2007-08-06,0.7161654135338346,0.033574644,0.0526315789473684,0.0451127819548872,0.41937736,0.9598000141310424
2007-08-07,0.3745318352059925,0.035729624,0.0318352059925093,0.0337078651685393,1.0298333,0.9528488875419896
2007-08-08,0.3058161350844278,0.036222342,0.0093808630393996,0.0168855534709193,0.8181001,0.9527587064927306
2007-08-09,0.6142322097378277,0.028827414,0.0262172284644194,0.0187265917602996,0.731098,0.9498617062188056
2007-08-10,0.1893939393939394,0.036754977,0.0113636363636363,0.0189393939393939,1.2804551,0.9535280068941464
2007-08-13,0.4706994328922495,0.03595922,0.0226843100189035,0.0170132325141776,0.45993376,0.9480401709325104
2007-08-14,0.9133709981167608,0.023771623,0.0225988700564971,0.0169491525423728,0.22742696,0.9566822628549296
2007-08-15,0.3358633776091081,0.03329418,0.0303605313092979,0.0151802656546489,1.2283264,0.948577404751155
2007-08-16,0.6924528301886792,0.028189678,0.030188679245283,0.0169811320754716,0.62642753,0.9433573881253572
2007-08-17,0.4509433962264151,0.029167723,0.0113207547169811,0.0113207547169811,0.5394051,0.956942002454514
2007-08-20,0.9657142857142856,0.020019831,0.0247619047619047,0.0171428571428571,0.7074297,0.9607888465404192
2007-08-21,0.5161290322580645,0.026324036,0.01707779886148,0.0360531309297912,1.2099425,0.9641746622247862
2007-08-22,0.6552380952380953,0.028090311,0.0266666666666666,0.0419047619047619,1.0109885,0.9599836878112872
2007-08-23,0.6057142857142858,0.026747195,0.0247619047619047,0.0304761904761904,1.0437739,0.9595641312912184
2007-08-24,0.4798464491362764,0.028973266,0.0249520153550863,0.0326295585412667,1.1667271,0.9551728703204234
2007-08-27,0.3479923518164436,0.037841316,0.0478011472275334,0.0401529636711281,1.1694847,0.9614139978304924
2007-08-28,0.3950381679389313,0.0331224,0.0209923664122137,0.0286259541984732,0.7913557,0.9543171036002708
2007-08-29,0.3301526717557252,0.037140995,0.0343511450381679,0.0305343511450381,0.9663858,0.9497289820222514
2007-08-30,0.9465648854961832,0.02478285,0.0477099236641221,0.0343511450381679,0.41109177,0.9525377671796356
2007-08-31,0.6724137931034483,0.025663268,0.0268199233716475,0.0440613026819923,1.2077295,0.960706767405598
2007-09-03,0.8199233716475096,0.027590157,0.0421455938697318,0.0689655172413793,0.74595475,0.9635154402165736
2007-09-04,0.3171171171171171,0.030787623,0.0108108108108108,0.0252252252252252,1.1119207,0.9615567538012124
2007-09-05,0.5623869801084991,0.030093485,0.0289330922242314,0.0433996383363472,0.9382211,0.963240116441766
2007-09-06,0.6105072463768116,0.02609235,0.0253623188405797,0.0706521739130434,1.2656013,0.960188202092844
2007-09-07,0.2220183486238532,0.035998464,0.0238532110091743,0.0605504587155963,1.4225162,0.9566526944684544
2007-09-10,0.7440147329650092,0.032454558,0.0534069981583793,0.0736648250460405,0.5573796,0.949881975251055
2007-09-11,0.0637522768670309,0.03528807,-0.1675774134790528,0.0163934426229508,1.3676724,0.9500100385454392
2007-09-12,0.5467889908256881,0.03269251,0.0238532110091743,0.0238532110091743,0.6099859,0.9516602266216432
2007-09-13,0.7889908256880734,0.024230275,0.0201834862385321,0.0201834862385321,0.9471784,0.9434934788650764
2007-09-14,0.7156133828996283,0.028506164,0.037174721189591,0.0557620817843866,0.897898,0.9486992550237144
2007-09-17,0.7988721804511278,0.026011465,0.0281954887218045,0.0413533834586466,0.78464603,0.9532428838959548
2007-09-18,0.4888475836431227,0.03094146,0.0260223048327137,0.0669144981412639,0.992842,0.9449216308975572
2007-09-19,0.2600732600732601,0.029208135,0.0036630036630036,0.0457875457875457,1.1233288,0.9414297664246312
2007-09-20,0.6795580110497238,0.027545528,0.0294659300184162,0.0478821362799263,1.1921166,0.946176309869462
2007-09-21,0.2578268876611418,0.033971354,0.0147329650092081,0.0331491712707182,1.1074142,0.9523186715404532
2007-09-24,0.4510166358595194,0.03458192,0.0314232902033271,0.0388170055452865,0.8261473,0.9507046395613972
2007-09-25,0.4014732965009208,0.029852053,0.003683241252302,0.0184162062615101,0.42935014,0.95012921144189
2007-09-26,0.2814814814814815,0.031038687,0.0111111111111111,0.0222222222222222,0.9077569,0.943859583885061
2007-09-27,0.6964618249534451,0.026237398,0.0111731843575419,0.0130353817504655,0.49482134,0.9481721639705314
2007-09-28,0.8849056603773585,0.01915382,0.0132075471698113,0.0283018867924528,1.3901999,0.95667290686436
2007-10-08,0.4,0.030166259,0.0261682242990654,0.0299065420560747,1.1482108,0.952610359370644
2007-10-09,0.6934306569343066,0.026848,0.0200729927007299,0.0291970802919708,0.64316785,0.9518583482911154
2007-10-10,0.2394106813996316,0.024537133,0.011049723756906,0.0220994475138121,1.5212344,0.953331317659914
2007-10-11,0.2153284671532846,0.034632657,0.0273722627737226,0.0164233576642335,1.5387493,0.9566534299912745
2007-10-12,0.1672794117647058,0.03988894,0.0238970588235294,0.0110294117647058,1.58476,0.9589274786463954
2007-10-15,0.4183864915572232,0.035728533,0.0375234521575985,0.0187617260787992,0.9752895,0.9428556257821318
2007-10-16,0.6964618249534451,0.030762173,0.031657355679702,0.0130353817504655,0.4550428,0.94812900131936
2007-10-17,0.4632352941176471,0.032264248,0.0330882352941176,0.0238970588235294,1.0180844,0.9385395924686294
2007-10-18,0.2638376383763837,0.030712258,0.0055350553505535,0.011070110701107,0.8922703,0.9237661870144882
2007-10-19,0.3703703703703703,0.027305122,0.0055555555555555,0.0129629629629629,0.60413086,0.9361504664701402
2007-10-22,0.2261682242990654,0.038476452,-0.0242990654205607,0.0093457943925233,0.7016749,0.9465740940848448
2007-10-23,0.4878957169459962,0.033320326,0.0074487895716946,0.0,0.1679562,0.9420927538601058
2007-10-24,0.1573033707865168,0.029109698,0.0,0.0018726591760299,0.7667955,0.9463967307702966
2007-10-25,0.0319548872180451,0.029519498,-0.4906015037593985,0.0,2.2234802,0.966925248684162
2007-10-26,0.4345351043643263,0.03693045,-0.0151802656546489,-0.0018975332068311,-0.121732965,0.9628634210221436
2007-10-29,0.6539923954372624,0.03189983,0.0171102661596958,0.0,0.08277122,0.962653384817324
2007-10-30,0.8977272727272727,0.026356492,0.0265151515151515,0.0,0.30253994,0.9588752096713576
2007-10-31,0.9906890130353816,0.022718022,0.0614525139664804,0.0018621973929236,0.74468565,0.9593598624685412
2007-11-01,0.160075329566855,0.033742055,0.0150659133709981,0.0094161958568738,1.6307955,0.9466381335858568
2007-11-02,0.259391771019678,0.032399613,0.0053667262969588,0.0017889087656529,0.7800497,0.9523998702200164
2007-11-05,0.8428571428571429,0.029002557,0.0232142857142857,0.0053571428571428,-0.40205705,0.9465272963899772
2007-11-06,0.7014388489208633,0.025270876,0.0215827338129496,0.0089928057553956,0.8121535,0.939705471337492
2007-11-07,0.3532608695652174,0.025519855,0.0181159420289855,0.0054347826086956,1.4622445,0.9382310508795842
2007-11-08,0.0990825688073394,0.030478165,-0.0055045871559633,0.0055045871559633,0.95867,0.9482773753922404
2007-11-09,0.4424131627056673,0.031155223,0.0,0.0018281535648994,0.1253091,0.9442461375826332
2007-11-12,0.3806921675774135,0.035711244,0.0036429872495446,0.0,0.33848187,0.941253546090792
2007-11-13,0.7034358047016275,0.02393715,0.0108499095840868,0.0036166365280289,0.6145653,0.9309537661932245
2007-11-14,0.9730215827338128,0.019495342,0.0179856115107913,0.0053956834532374,0.9189632,0.9440098369571498
2007-11-15,0.2647058823529412,0.026548602,0.0110294117647058,0.0036764705882352,1.6155546,0.9228774965946992
2007-11-16,0.5703839122486288,0.025367172,0.0182815356489945,0.0,1.1189644,0.9235868836459216
2007-11-19,0.941712204007286,0.023939133,0.0437158469945355,0.0018214936247723,0.8459238,0.9455995904380596
2007-11-20,0.7014652014652014,0.020998744,0.0091575091575091,0.0018315018315018,1.1483732,0.9468529348675748
2007-11-21,0.2718978102189781,0.02597356,0.0054744525547445,0.0036496350364963,1.3234059,0.9413172742773686
2007-11-22,0.0784671532846715,0.030931968,-0.0145985401459854,0.0,1.4982195,0.9465468289724992
2007-11-23,0.8407407407407408,0.023666268,0.0111111111111111,0.0037037037037037,0.014762418,0.926744414040226
2007-11-26,0.3186003683241252,0.023072317,0.012891344383057,0.005524861878453,1.5677238,0.9281787267475804
2007-11-27,0.3788706739526412,0.027064342,0.0018214936247723,0.0054644808743169,0.2891315,0.9160886839222904
2007-11-28,0.4918032786885246,0.024720643,0.0145719489981785,0.0072859744990892,0.74180233,0.9208590976466332
2007-11-29,0.9485294117647058,0.019068312,0.0165441176470588,0.0036764705882352,0.7754066,0.9337336347383312
2007-11-30,0.2285191956124314,0.024749206,0.0036563071297989,0.0054844606946983,0.9814277,0.92533654873583
2007-12-03,0.7402597402597403,0.023646135,0.0129870129870129,0.0037105751391465,0.43185917,0.9277287182910476
2007-12-04,0.5342706502636204,0.019190874,0.0052724077328646,0.0052724077328646,1.2031542,0.9373906768631338
2007-12-05,0.8659611992945326,0.019444983,0.0123456790123456,0.001763668430335,1.3848,0.9446248054115202
2007-12-06,0.5939716312056738,0.021289395,0.0124113475177304,0.0124113475177304,1.4125825,0.9327456345694516
2007-12-07,0.8617021276595744,0.020908348,0.0159574468085106,0.0070921985815602,1.671017,0.9402071877706188
2007-12-10,0.9768270944741532,0.018357709,0.0196078431372549,0.017825311942959,1.717297,0.9572380357302496
2007-12-11,0.7697715289982425,0.019318214,0.0087873462214411,0.0193321616871704,1.0707293,0.955819607808826
2007-12-12,0.6178571428571429,0.022429856,0.0160714285714285,0.0214285714285714,1.2079438,0.961839814785567
2007-12-13,0.1530249110320284,0.025033543,0.0,0.0053380782918149,0.86353934,0.958918152954202
2007-12-14,0.8505338078291815,0.021590846,0.0106761565836298,0.0088967971530249,0.7689388,0.9491216619837468
2007-12-17,0.6708860759493671,0.025920637,0.0,0.0126582278481012,-0.2737223,0.9546283894576576
2007-12-18,0.2150537634408602,0.023570847,0.0017921146953405,0.010752688172043,0.87053216,0.9556177529725376
2007-12-19,0.948581560283688,0.019566799,0.0212765957446808,0.0177304964539007,1.5573355,0.953198122897833
2007-12-20,0.7862318840579711,0.018176673,0.0126811594202898,0.0181159420289855,1.7309992,0.950143014808669
2007-12-21,0.8602150537634409,0.019256603,0.014336917562724,0.0232974910394265,1.7605826,0.9552222961508026
2007-12-24,0.7863554757630161,0.019915376,0.0071813285457809,0.0251346499102333,1.3496189,0.9613127970564228
2007-12-25,0.7468805704099821,0.021964978,0.0142602495543672,0.0374331550802139,1.0230736,0.9556650063899272
2007-12-26,0.9019607843137256,0.020140225,0.0053475935828877,0.035650623885918,0.5931323,0.9638322386073044
2007-12-27,0.5885509838998211,0.022444226,0.0143112701252236,0.0268336314847942,1.489917,0.968950160741622
2007-12-28,0.3895870736086176,0.025939379,0.0143626570915619,0.0412926391382405,1.455555,0.957399416590888
2008-01-02,0.9712230215827338,0.023669088,0.0431654676258992,0.0935251798561151,0.8825022,0.9592387077163748
2008-01-03,0.8639575971731449,0.023503968,0.0176678445229682,0.0936395759717314,0.55161756,0.9666505373686248
2008-01-04,0.3798586572438162,0.024613349,0.0141342756183745,0.0600706713780918,1.5792636,0.9550092182295176
2008-01-07,0.7570422535211268,0.027895458,0.0246478873239436,0.1144366197183098,0.5926177,0.9525475197865344
2008-01-08,0.1413427561837456,0.028487533,0.0053003533568904,0.0300353356890459,1.6575472,0.9609335414184632
2008-01-09,0.9646643109540636,0.02298591,0.0318021201413427,0.0759717314487632,0.9323027,0.9559079622504738
2008-01-10,0.4814814814814814,0.026068602,0.0141093474426807,0.0634920634920634,1.1116642,0.9555017922214089
2008-01-11,0.4017699115044247,0.02644447,0.0106194690265486,0.063716814159292,1.1088808,0.956982209336484
2008-01-14,0.7642857142857142,0.025323229,0.0214285714285714,0.0607142857142857,0.945359,0.9635840404436532
2008-01-15,0.7232142857142857,0.026013974,0.0232142857142857,0.0696428571428571,0.8188197,0.958005185879502
2008-01-16,0.3741007194244604,0.030303929,0.0125899280575539,0.0719424460431654,0.8128218,0.9520636334207464
2008-01-17,0.2401433691756272,0.03638211,0.007168458781362,0.0412186379928315,0.9777636,0.9578252238641984
2008-01-18,0.6575091575091575,0.025134714,0.0036630036630036,0.0347985347985348,0.19266984,0.9554686768231
2008-01-21,0.1063063063063063,0.033587787,-0.0216216216216216,0.0144144144144144,0.95404315,0.959605099796854
2008-01-22,0.017921146953405,0.027744038,-0.7347670250896058,0.003584229390681,3.2438195,0.9379600969528848
2008-01-23,0.8711985688729875,0.033267464,0.0697674418604651,0.0089445438282647,-0.38863984,0.9365101712434298
2008-01-24,0.9050179211469536,0.028091956,0.0627240143369175,0.03584229390681,0.7723347,0.9280108707789048
2008-01-25,0.4096601073345259,0.028174167,0.0232558139534883,0.0125223613595706,1.1190668,0.9115840713797376
2008-01-28,0.0524412296564195,0.037185553,-0.4593128390596745,0.0072332730560578,2.297204,0.9229228943652562
2008-01-29,0.7365591397849462,0.032506,0.025089605734767,0.0017921146953405,-0.112544924,0.9197145711831708
2008-01-30,0.7078853046594982,0.02986952,0.0268817204301075,0.0017921146953405,0.2612734,0.9252378476241676
2008-01-31,0.0756756756756756,0.0315865,-0.0522522522522522,-0.0018018018018018,0.3659578,0.924250377767234
2008-02-01,0.0488245931283905,0.028548542,-0.0452079566003616,-0.0018083182640144,1.2818081,0.9290228928137914
2008-02-04,0.998324958123953,0.018040303,0.2328308207705192,0.0,-1.4085367,0.9459141813845602
2008-02-05,0.5332225913621262,0.026173702,0.0166112956810631,0.0033222591362126,0.9018127,0.9387748802912896
2008-02-13,0.410981697171381,0.02536351,0.0183028286189683,0.0066555740432612,1.4180499,0.9189717378517644
2008-02-14,0.964824120603015,0.018706875,0.016750418760469,0.0100502512562814,1.6149603,0.9214221735143684
2008-02-15,0.3500837520938023,0.024826115,0.0117252931323283,0.0150753768844221,1.535011,0.91031967601871
2008-02-18,0.9777777777777776,0.021361232,0.0376068376068376,0.0273504273504273,1.1986619,0.9261836610286936
2008-02-19,0.8624787775891342,0.021003392,0.0101867572156196,0.0135823429541595,0.4556959,0.9161950601087642
2008-02-20,0.295221843003413,0.026474928,0.0136518771331058,0.0221843003412969,1.5857946,0.9174833033050858
2008-02-21,0.7377326565143824,0.023783442,0.0135363790186125,0.0406091370558375,0.9292705,0.9115430942862066
2008-02-22,0.2096219931271477,0.031192997,0.0103092783505154,0.0240549828178694,1.2957065,0.925413137333724
2008-02-25,0.1237113402061855,0.030107131,-0.0051546391752577,0.0068728522336769,1.0147058,0.919991706237366
2008-02-26,0.6441821247892074,0.029104505,0.0101180438448566,0.0033726812816188,-0.08636055,0.9262538558086476
2008-02-27,0.9427609427609428,0.02056049,0.0202020202020202,0.0101010101010101,1.0587949,0.9208915612819776
2008-02-28,0.5203389830508475,0.023120092,0.0101694915254237,0.0186440677966101,1.1074395,0.9118390813484168
2008-02-29,0.8245315161839863,0.020653637,0.0136286201022146,0.0170357751277683,1.2218786,0.9235483751803928
2008-03-03,0.9641638225255972,0.023281436,0.0392491467576791,0.0546075085324232,1.071137,0.9327122974686396
2008-03-04,0.3543689320388349,0.02817346,0.0210355987055016,0.0436893203883495,1.3029363,0.9288087765736464
2008-03-05,0.5508196721311476,0.03037049,0.0278688524590163,0.0442622950819672,0.7401855,0.9252016053774086
2008-03-06,0.5683690280065898,0.02722464,0.0197693574958813,0.014827018121911,0.7548666,0.934414632609724
2008-03-07,0.1845140032948929,0.027155884,0.0016474464579901,0.0065897858319604,0.9368519,0.9324780507324814
2008-03-10,0.1184210526315789,0.027453583,0.0,0.006578947368421,1.0796407,0.941499176066296
2008-03-11,0.8088962108731467,0.024043523,0.0115321252059308,0.0098846787479406,0.3270089,0.924137809343919
2008-03-12,0.1760797342192691,0.026768677,0.0033222591362126,0.0033222591362126,1.1134704,0.9183170049535898
2008-03-13,0.1219110378912685,0.03087337,-0.0115321252059308,0.0016474464579901,0.8359144,0.9371670834032444
2008-03-14,0.4440789473684211,0.026314734,-0.0098684210526315,0.0032894736842105,-0.58055604,0.9285645213541542
2008-03-17,0.0149006622516556,0.026554797,-0.3725165562913907,-0.0115894039735099,1.664898,0.9477098518302915
2008-03-18,0.0231404958677685,0.026711944,-0.2396694214876033,-0.0429752066115702,1.5196193,0.9530547170166545
2008-03-19,0.8859504132231405,0.031391006,0.056198347107438,0.0,-0.6861324,0.939951207939933
2008-03-20,0.9531772575250836,0.02414502,0.0434782608695652,0.0,0.4926442,0.9287584270212028
2008-03-21,0.7086092715231788,0.022431545,0.0132450331125827,0.0016556291390728,0.95560795,0.917988351966628
2008-03-24,0.2212978369384359,0.030085646,0.0099833610648918,0.0033277870216306,0.990402,0.9152293836856332
2008-03-25,0.7844112769485904,0.026609743,0.0199004975124378,0.0016583747927031,0.33555496,0.9068796598627822
2008-03-26,0.4072847682119205,0.026013026,0.0182119205298013,-0.0016556291390728,1.223796,0.9194437551475712
2008-03-27,0.0480928689883913,0.029594682,-0.066334991708126,-0.0215588723051409,1.3137871,0.9214472904974552
2008-03-28,0.8612040133779264,0.025897179,0.0250836120401337,0.0,0.17124835,0.9244682586722937
2008-03-31,0.0733333333333333,0.02953597,-0.0633333333333333,-0.0316666666666666,0.6568484,0.9154894067130378
2008-04-01,0.0115321252059308,0.024607148,-0.5469522240527183,-0.14332784184514,2.2466114,0.947945184269502
2008-04-02,0.0279605263157894,0.027356615,-0.1430921052631578,-0.2615131578947368,0.9537794,0.9559785624916244
2008-04-03,0.7701149425287356,0.03239204,0.0180623973727422,-0.0459770114942528,-0.48290965,0.9453878434269316
2008-04-07,0.9983606557377048,0.017768092,0.0754098360655737,0.0,0.2489491,0.9406358080958596
2008-04-08,0.8783333333333333,0.025279237,0.0383333333333333,0.0,1.0908968,0.93009627394608
2008-04-09,0.0710743801652892,0.03452302,-0.0909090909090909,-0.0297520661157024,1.4892176,0.9287488005317658
2008-04-10,0.8613861386138614,0.025895402,0.0313531353135313,-0.0115511551155115,0.5290565,0.9225965611202136
2008-04-11,0.8784893267651889,0.02489436,0.0328407224958949,0.0016420361247947,0.59983045,0.9198182506219518
2008-04-14,0.0446280991735537,0.030640982,-0.1586776859504132,-0.1570247933884297,1.7086729,0.9232879628532944
2008-04-15,0.848585690515807,0.029195333,0.0299500831946755,-0.0316139767054908,-0.20642726,0.9150642425642792
2008-04-16,0.1558872305140962,0.025530992,0.0,-0.1011608623548922,0.90648645,0.8990323024332783
2008-04-17,0.0877483443708609,0.031185495,-0.0231788079470198,-0.2582781456953642,1.3492086,0.9213775909423574
2008-04-18,0.0548885077186964,0.031180259,-0.1063464837049742,-0.4236706689536878,1.1233164,0.9348041324568314
2008-04-21,0.4793103448275862,0.038607676,-0.0086206896551724,-0.2637931034482759,-0.114698865,0.9396050814634404
2008-04-22,0.2126929674099485,0.035467874,0.0034305317324185,-0.385934819897084,0.973458,0.9193278969134394
2008-04-23,0.9797639123102868,0.022002904,0.057335581787521,-0.0050590219224283,0.500006,0.915204788648998
2008-04-24,1.0,0.017573023,0.6638935108153078,0.0016638935108153,-1.7681831,0.9445324684107712
2008-04-25,0.5189003436426117,0.032781955,0.0309278350515463,0.0017182130584192,0.7566369,0.9422849298991924
2008-04-28,0.387263339070568,0.036187876,0.0172117039586919,0.0017211703958691,0.6302216,0.9124812012005892
2008-04-29,0.6923076923076923,0.026851075,0.0119658119658119,0.0017094017094017,0.2800786,0.9091531313377182
2008-04-30,0.9847715736040608,0.019505283,0.0253807106598984,0.0033840947546531,0.39683345,0.9376722375081832
2008-05-05,0.9677966101694916,0.029087298,0.0525423728813559,0.0101694915254237,4.558644,0.9251415362187426
2008-05-06,0.3966666666666666,0.03121359,0.025,0.0033333333333333,1.1514933,0.9461766788685152
2008-05-07,0.1332236842105263,0.03487732,0.0032894736842105,0.0,1.5269495,0.949638809771406
2008-05-08,0.9467353951890034,0.025681186,0.0549828178694158,0.0,0.8334255,0.9405162089755008
2008-05-09,0.4431239388794567,0.032914944,0.0203735144312393,0.0,0.7534314,0.9424128475501128
2008-05-12,0.7529812606473595,0.030917076,0.0459965928449744,0.0017035775127768,0.7325377,0.9451899660867668
2008-05-13,0.4628975265017668,0.045700822,0.0759717314487632,-0.0017667844522968,0.5351153,0.9413906171077532
2008-05-14,0.8547008547008547,0.029365094,0.0461538461538461,0.0017094017094017,0.16326517,0.9377770029427672
2008-05-15,0.3074204946996466,0.030565685,0.0282685512367491,0.0,1.2950093,0.945916233710808
2008-05-16,0.2231985940246045,0.0280204,0.0105448154657293,0.0,1.1330454,0.934399790203292
2008-05-19,0.488013698630137,0.02919464,0.0342465753424657,-0.0017123287671232,1.2208265,0.9168119130902496
2008-05-20,0.06368330464716,0.03561638,-0.1411359724612736,-0.0103270223752151,1.8542695,0.9172036097564652
2008-05-21,0.8189509306260575,0.030913053,0.0558375634517766,-0.0016920473773265,0.63609314,0.9201929844026157
2008-05-22,0.3648648648648648,0.034764417,0.0388513513513513,-0.0033783783783783,1.076208,0.9137033799116844
2008-05-23,0.3644067796610169,0.037784033,0.0305084745762711,-0.011864406779661,0.7316457,0.8927708940499152
2008-05-26,0.1402027027027027,0.034373406,-0.0253378378378378,-0.0168918918918918,0.8240925,0.8963890586112395
2008-05-27,0.6543624161073825,0.027579658,0.0134228187919463,-0.0016778523489932,0.12315209,0.8868852038796973
2008-05-28,0.911864406779661,0.022001788,0.023728813559322,0.0,0.47580218,0.9050566888442748
2008-05-29,0.1382799325463743,0.026075084,0.0118043844856661,-0.0033726812816188,1.7237955,0.8996930797717567
2008-05-30,0.5471380471380471,0.027608223,0.0202020202020202,-0.0067340067340067,0.9586765,0.8983716106873221
2008-06-02,0.6850921273031826,0.024577362,0.0184254606365159,-0.0016750418760469,1.1440637,0.8925932187567998
2008-06-03,0.4103392568659127,0.025149597,0.0064620355411954,-0.0096930533117932,0.6278561,0.9360093360207108
2008-06-04,0.2186495176848874,0.026911264,0.0112540192926045,-0.0192926045016077,1.3577415,0.944416696906629
2008-06-05,0.4919093851132686,0.029274298,0.0129449838187702,-0.0145631067961165,0.4589439,0.9311268184962358
2008-06-06,0.4789644012944983,0.028721027,0.0145631067961165,-0.0097087378640776,0.45969552,0.9321040897155446
2008-06-10,0.024232633279483,0.028422046,-0.7560581583198708,-0.2294022617124394,3.2615738,0.9374148995717662
2008-06-11,0.1812297734627831,0.03998644,-0.0113268608414239,-0.3203883495145631,1.0485383,0.9344231704200844
2008-06-12,0.3697068403908795,0.034331363,0.004885993485342,-0.2687296416938111,0.43555185,0.9321851459349656
2008-06-13,0.099836333878887,0.034654368,-0.0507364975450081,-0.4566284779050736,0.9762551,0.9243114834352169
2008-06-16,0.2421746293245469,0.03772188,-0.0098846787479406,-0.471169686985173,0.73218894,0.9266181550187136
2008-06-17,0.1731391585760517,0.045731116,-0.1472491909385113,-0.5679611650485437,0.8909079,0.9363458816117896
2008-06-18,0.9570247933884296,0.025331678,0.056198347107438,-0.0115702479338842,-0.41787735,0.9474223580849288
2008-06-19,0.0291734197730956,0.029333467,-0.713128038897893,-0.6320907617504052,2.6605244,0.9339496252063336
2008-06-20,0.5862068965517241,0.04161576,0.0213464696223316,-0.2627257799671593,-0.09221665,0.94172653457623
2008-06-23,0.2106969205834684,0.036562145,-0.0696920583468395,-0.3905996758508914,-0.09483042,0.9211379927116896
2008-06-24,0.8820678513731826,0.026900101,0.0355411954765751,-0.0549273021001615,-0.2749411,0.9247060028341382
2008-06-25,1.0,0.018378166,0.0639344262295081,0.0,0.6828501,0.9412636148676434
2008-06-26,0.7813021702838063,0.025450313,0.0367278797996661,0.0,1.2605458,0.9424258042594786
2008-06-27,0.0301507537688442,0.031031242,-0.2780569514237856,-0.1407035175879397,2.4225845,0.9296726375634308
2008-06-30,0.5711892797319933,0.030584348,0.0100502512562814,-0.1273031825795645,0.19901763,0.9029262170240404
2008-07-01,0.1831442463533225,0.02826872,0.006482982171799,-0.2787682333873582,0.7970957,0.9039880555540408
2008-07-02,0.85,0.022473553,0.0209677419354838,-0.0435483870967741,0.7955239,0.8915905277764816
2008-07-03,0.9742765273311896,0.021794226,0.0418006430868167,0.0,-0.19019893,0.9188845088849172
2008-07-04,0.4221508828250401,0.029288735,0.0337078651685393,-0.0128410914927768,1.4081225,0.9102848543687978
2008-07-07,0.9967637540453076,0.018834695,0.0695792880258899,0.0016181229773462,0.72044367,0.9299509173282452
2008-07-08,0.7768729641693811,0.026117023,0.0358306188925081,-0.001628664495114,1.3391185,0.9282618574195532
2008-07-09,0.9464285714285714,0.024667306,0.0551948051948051,0.0,1.0891695,0.9430503856558492
2008-07-10,0.1707317073170731,0.029244766,0.0195121951219512,0.0016260162601626,1.6449751,0.935377488834146
2008-07-11,0.2446982055464926,0.028354617,0.0114192495921696,0.0,1.1925509,0.9202991828393428
2008-07-14,0.9146141215106732,0.024189034,0.0426929392446633,0.0,1.1729987,0.9124847751229332
2008-07-15,0.1745513866231647,0.03215238,0.0032626427406199,0.0016313213703099,1.209769,0.91776706741349
2008-07-16,0.0718954248366013,0.033201147,-0.0359477124183006,-0.0147058823529411,1.7495964,0.9200490526987224
2008-07-17,0.3403908794788273,0.030989017,0.001628664495114,-0.0260586319218241,0.30741602,0.9139907487540658
2008-07-18,0.9055374592833876,0.023419274,0.021172638436482,-0.004885993485342,-0.57080257,0.9156659191220302
2008-07-21,0.9967479674796748,0.01840041,0.040650406504065,0.0016260162601626,1.374218,0.9298606440201082
2008-07-22,0.5846905537459284,0.022443023,0.019543973941368,0.0,1.7840015,0.9268359497879056
2008-07-23,0.3170731707317073,0.024733314,0.0130081300813008,0.0,1.574123,0.9304431740024238
2008-07-24,0.9836601307189542,0.019716866,0.0310457516339869,0.0,1.8348527,0.9293405941642152
2008-07-25,0.3617021276595745,0.025266387,0.011456628477905,0.0,1.478598,0.9151553820764302
2008-07-28,0.8316831683168316,0.024079373,0.0297029702970297,0.0,1.2767326,0.9302732100959712
2008-07-29,0.2446982055464926,0.028867114,0.0114192495921696,0.0,1.2813336,0.9387862331190908
2008-07-30,0.4909983633387889,0.024990505,0.0098199672667757,0.0,0.674299,0.9377081379841772
2008-07-31,0.0981996726677577,0.027729753,-0.0049099836333878,-0.0016366612111292,1.3499881,0.9356291147987406
2008-08-01,0.7657512116316639,0.026366292,0.024232633279483,-0.0032310177705977,0.58370036,0.9239433577598084
2008-08-04,0.1599423631123919,0.028334681,0.0100864553314121,-0.0187319884726224,1.3116169,0.9081636371851834
2008-08-05,0.1490593342981186,0.031633817,-0.0057887120115774,-0.0492040520984081,0.78908366,0.9194265264516742
2008-08-06,0.521044992743106,0.026333373,0.0058055152394775,-0.0304789550072568,0.24376535,0.9031086393628138
2008-08-07,0.670995670995671,0.026718566,0.0173160173160173,-0.023088023088023,0.59402215,0.9056481922193016
2008-08-08,0.0261248185776487,0.029940415,-0.3222060957910014,-0.2264150943396226,1.9217255,0.9204486001668248
2008-08-11,0.0203488372093023,0.029767452,-0.5625,-0.5668604651162791,2.653661,0.9409880474768464
2008-08-12,0.2481962481962482,0.035837077,-0.0432900432900432,-0.4935064935064935,0.097070746,0.92530485916487
2008-08-13,0.3487698986975397,0.027140912,-0.0028943560057887,-0.4558610709117221,0.19311826,0.9071509671514042
2008-08-14,0.5892597968069666,0.022735711,0.0101596516690856,-0.2075471698113207,0.63568556,0.9041409336323736
2008-08-15,0.4693877551020408,0.022581793,0.0174927113702623,-0.1749271137026239,1.8236039,0.90151364348707
2008-08-18,0.0264705882352941,0.029542161,-0.4102941176470588,-0.7073529411764706,1.6798884,0.9104505718147984
2008-08-19,0.7445573294629898,0.028996916,0.0217706821480406,-0.1843251088534107,0.10537923,0.8992872243165937
2008-08-20,0.9985443959243084,0.01692479,0.2168850072780203,0.0,-0.93896496,0.9276852046737936
2008-08-21,0.1443148688046647,0.032986388,0.0,-0.0393586005830903,1.390445,0.917099742446671
2008-08-22,0.2119013062409288,0.030511739,0.0174165457184325,-0.1132075471698113,1.1891873,0.8985008915951458
2008-08-25,0.5347826086956522,0.026298204,0.0144927536231884,-0.0391304347826087,0.68352693,0.9039300419840972
2008-08-26,0.0637681159420289,0.03380174,-0.0768115942028985,-0.4101449275362319,1.737166,0.9147035541147066
2008-08-27,0.5429403202328966,0.031576592,0.0276564774381368,-0.2241630276564774,0.59733987,0.8922617835148839
2008-08-28,0.5065502183406113,0.026779303,0.0131004366812227,-0.1513828238719068,0.40552023,0.8923022235434904
2008-08-29,0.963924963924964,0.018405655,0.0173160173160173,-0.0057720057720057,0.893689,0.9201187958936772
2008-09-01,0.1649782923299566,0.03143221,0.0130246020260492,-0.1432706222865412,1.479371,0.8896384796261573
2008-09-02,0.7112970711297071,0.027237037,0.0209205020920502,-0.0669456066945606,0.42237425,0.9019060136708936
2008-09-03,0.5013927576601671,0.03152727,0.0069637883008356,-0.0877437325905292,-0.0050611002,0.9094069513476072
2008-09-04,0.691771269177127,0.019674355,0.00976290097629,-0.0278940027894002,0.9032832,0.9194302841947228
2008-09-05,0.0509915014164305,0.028289305,-0.0566572237960339,-0.3569405099150141,1.1897577,0.9239731444800556
2008-09-08,0.0814606741573033,0.035616074,-0.0800561797752809,-0.6924157303370787,1.4233012,0.91952642748841
2008-09-09,0.724233983286908,0.029663559,0.0097493036211699,-0.1866295264623955,-0.3166971,0.9025576920543692
2008-09-10,0.6544943820224719,0.022494731,0.0154494382022471,-0.1292134831460674,0.9668391,0.8972268592602088
2008-09-11,0.1255289139633286,0.02783264,0.0,-0.386459802538787,1.016044,0.9044382667525864
2008-09-12,0.4950634696755994,0.026740484,0.0098730606488011,-0.2256699576868829,0.06392482,0.9057827243280456
2008-09-16,0.1438645980253878,0.031422656,-0.0211565585331452,-0.5331452750352609,0.5230467,0.930134064147538
2008-09-17,0.240506329113924,0.032682978,-0.0070323488045007,-0.5654008438818565,0.36841214,0.9142187489296832
2008-09-18,0.0901408450704225,0.029847002,-0.0014084507042253,-0.7169014084507043,1.8286705,0.9284565725120788
2008-09-19,1.0,0.01676211,0.870604781997187,0.0,-2.2091362,0.9342972306131716
2008-09-22,0.9608391608391608,0.02359893,0.0531468531468531,0.0,0.3266133,0.951654804474354
2008-09-23,0.0322128851540616,0.030930616,-0.1890756302521008,-0.0210084033613445,2.3432066,0.93236561291693
2008-09-24,0.7946927374301676,0.028706288,0.0223463687150838,-0.0363128491620111,0.09530718,0.9077564261539144
2008-09-25,0.918424753867792,0.020659665,0.0196905766526019,-0.0070323488045007,1.1360096,0.9269027272306424
2008-09-26,0.3570412517780938,0.026427386,0.0071123755334281,-0.0142247510668563,0.9173692,0.9269665766785632
2008-10-06,0.1150568181818181,0.034167003,-0.0170454545454545,-0.0681818181818181,1.3903893,0.9020358617705184
2008-10-07,0.3939393939393939,0.027902307,0.0086580086580086,-0.088023088023088,0.69095355,0.9038480144512548
2008-10-08,0.1829971181556196,0.028548751,-0.0057636887608069,-0.239193083573487,0.5991754,0.8911487317177813
2008-10-09,0.2575539568345323,0.026614798,0.0014388489208633,-0.2402877697841726,0.55625147,0.8901036715710582
2008-10-10,0.0335766423357664,0.03173699,-0.2817518248175182,-0.6554744525547446,1.8735416,0.92306546141707
2008-10-13,0.7209302325581395,0.02957049,0.0247093023255813,-0.1875,0.20105155,0.9225087332805212
2008-10-14,0.1422413793103448,0.0302845,0.0,-0.4985632183908046,1.1403224,0.9087576124003393
2008-10-15,0.4078374455732946,0.033345878,0.0203193033381712,-0.3715529753265602,0.53083515,0.8970593424091342
2008-10-16,0.0720461095100864,0.036710385,-0.1340057636887608,-0.7031700288184438,1.6153601,0.9033531914842768
2008-10-17,0.7539797395079595,0.03013598,0.0274963820549927,-0.1403762662807525,0.22159466,0.8956518379249873
2008-10-20,0.92507204610951,0.022775508,0.0302593659942363,-0.0187319884726224,0.20513524,0.9024512602466064
2008-10-21,0.4312320916905444,0.026790492,0.0243553008595988,-0.0128939828080229,1.3867296,0.904003993984318
2008-10-22,0.2614942528735632,0.031775527,0.014367816091954,-0.1020114942528735,0.78265595,0.8955841324059961
2008-10-23,0.619942196531792,0.025581306,0.0130057803468208,-0.065028901734104,0.5864613,0.8946187496177265
2008-10-24,0.2614942528735632,0.028327946,0.0086206896551724,-0.1264367816091954,0.67819786,0.8924658058415015
2008-10-27,0.0376266280752532,0.032072686,-0.4138929088277858,-0.6801736613603473,1.9255867,0.9129388208674468
2008-10-28,0.8023088023088023,0.028393585,0.023088023088023,-0.1399711399711399,-0.0033828914,0.903942783670436
2008-10-29,0.1606367583212735,0.036466,-0.0361794500723589,-0.5065123010130246,0.6831368,0.903806322854306
2008-10-30,0.6841339155749636,0.026231986,0.0116448326055312,-0.1892285298398835,0.102469355,0.9108201068231796
2008-10-31,0.2077922077922078,0.031297144,0.0043290043290043,-0.3881673881673881,0.6975381,0.9017267148289826
2008-11-03,0.2981186685962373,0.03065543,-0.004341534008683,-0.4283646888567294,0.2905238,0.8811072299249502
2008-11-04,0.2617079889807162,0.03358712,0.0068870523415977,-0.4944903581267217,0.7188081,0.9009533543873044
2008-11-05,0.9750692520775625,0.020750828,0.038781163434903,-0.0083102493074792,0.8773079,0.9199157743508578
2008-11-06,0.2024965325936199,0.029471317,0.0138696255201109,-0.1525658807212205,1.2504615,0.8984101072132845
2008-11-07,0.8708333333333333,0.025363171,0.0430555555555555,-0.0305555555555555,0.9160123,0.92582643545386
2008-11-10,1.0,0.015912667,0.1269177126917712,0.0,0.07245911,0.9480881206730808
2008-11-11,0.2945301542776998,0.030793047,0.0280504908835904,0.0,1.4717312,0.9381516540541752
2008-11-12,0.9535864978902954,0.023302872,0.0450070323488045,-0.0014064697609001,0.9672642,0.9330090452686228
2008-11-13,0.9929775280898876,0.02075816,0.071629213483146,0.0,1.1104033,0.9538105979549988
2008-11-14,0.998587570621469,0.023071673,0.0875706214689265,0.0,0.8690311,0.9546527628093576
2008-11-17,0.9887323943661972,0.02581085,0.1253521126760563,0.0,0.56909907,0.9549108516004832
2008-11-18,0.0709219858156028,0.04339265,-0.5404255319148936,0.0,2.274555,0.9438544715653232
2008-11-19,0.995774647887324,0.022205986,0.1718309859154929,0.0,-0.41232583,0.9398736197430266
2008-11-20,0.5345557122708039,0.040893078,0.0521861777150916,0.0,0.28989804,0.9533306248229498
2008-11-21,0.2361308677098151,0.035299398,0.0213371266002844,0.0,1.268159,0.948126010112332
2008-11-24,0.1211267605633802,0.036575876,-0.0450704225352112,0.0,0.8226729,0.9370958739553528
2008-11-25,0.3695345557122708,0.032063164,0.0183356840620592,-0.001410437235543,0.7533255,0.9390141530387128
2008-11-26,0.6468085106382979,0.02486229,0.0085106382978723,0.0,0.49976045,0.92819028350974
2008-11-27,0.7372881355932204,0.022497011,0.0183615819209039,0.0,1.2779958,0.9466036830083256
2008-11-28,0.3295454545454545,0.03831975,0.034090909090909,-0.002840909090909,0.8961232,0.9277593943619618
2008-12-01,0.9702127659574468,0.027302584,0.1219858156028368,-0.001418439716312,-0.027522886,0.9390574512107194
2008-12-02,0.7510853835021708,0.031386722,0.044862518089725,-0.0014471780028943,0.39085892,0.9513874980959384
2008-12-03,0.9927325581395348,0.021431237,0.0566860465116279,0.0,0.9163814,0.9617872559888496
2008-12-04,0.3241678726483357,0.02917223,0.024602026049204,0.0,1.6393801,0.96652992662156
2008-12-05,0.945985401459854,0.026927838,0.0656934306569343,0.0,0.7911626,0.9555859480548652
2008-12-08,0.9985358711566618,0.023142418,0.0951683748169839,0.0,0.95200384,0.9627192358775944
2008-12-09,0.2266081871345029,0.03688016,0.0219298245614035,0.0,1.3094362,0.9572739316575856
2008-12-10,0.9416909620991254,0.025322832,0.0495626822157434,0.0,0.61722255,0.9579345171206196
2008-12-11,0.1932650073206442,0.034761973,0.007320644216691,0.0,1.170208,0.9590934733017936
2008-12-12,0.0898379970544919,0.033662193,-0.0250368188512518,-0.0014727540500736,1.6816368,0.9600325934431978
2008-12-15,0.7485294117647059,0.033997547,0.0426470588235294,-0.0014705882352941,0.18893711,0.9502830160023868
2008-12-16,0.7419354838709677,0.030410537,0.0249266862170087,0.0,0.30295622,0.95095848969422
2008-12-17,0.7318840579710145,0.023878131,0.0217391304347826,0.0,1.2549083,0.9574969118768772
2008-12-18,0.8179148311306902,0.0246146,0.0337738619676945,0.0,1.1931672,0.9544211522433202
2008-12-19,0.6661807580174927,0.02518798,0.0262390670553935,0.0014577259475218,1.3129123,0.9612074584478352
2008-12-22,0.6573116691285081,0.03324126,0.0428360413589364,0.001477104874446,0.45346645,0.9564165576428988
2008-12-23,0.0638606676342525,0.037106656,-0.1640058055152394,0.0,1.831317,0.9593145377869268
2008-12-24,0.2197962154294032,0.038907304,0.0160116448326055,-0.0014556040756914,1.0496106,0.9478239739376104
2008-12-25,0.4800590841949778,0.035658844,0.0236336779911373,0.0,0.32829067,0.9441388081673971
2008-12-26,0.4567164179104477,0.033544265,0.0044776119402985,-0.0014925373134328,0.029420355,0.945693850652388
2008-12-29,0.3050075872534142,0.031383455,0.015174506828528,-0.0015174506828528,0.8609257,0.950170279496024
2008-12-30,0.4325925925925926,0.029886758,0.0103703703703703,-0.0029629629629629,0.66557425,0.9403744464584564
2008-12-31,0.2455882352941176,0.030452041,0.0029411764705882,-0.0029411764705882,0.5782652,0.9379841262273516
2009-01-05,0.9706744868035192,0.022652967,0.0410557184750733,0.0,-0.22554787,0.9469442333136732
2009-01-06,0.965229485396384,0.02235522,0.0375521557719054,0.0,0.8003543,0.9552479038259284
2009-01-07,0.5839112343966713,0.023284765,0.0166435506241331,0.0,1.302248,0.9558962288054828
2009-01-08,0.2441054091539528,0.033467215,0.0097087378640776,-0.0027739251040221,0.9531578,0.9461257119554312
2009-01-09,0.9403606102635228,0.02193792,0.029126213592233,0.0,0.6798572,0.9476733982286925
2009-01-12,0.696078431372549,0.025144538,0.0252100840336134,0.0014005602240896,1.1467364,0.9596037244723404
2009-01-13,0.1232686980609418,0.030000329,0.0069252077562326,0.0,1.4378738,0.9504552593077104
2009-01-14,0.9847009735744088,0.020072494,0.03894297635605,0.0013908205841446,0.97335047,0.952388052925272
2009-01-15,0.6129032258064516,0.024632022,0.0224403927068723,0.0,1.3009082,0.9522768743068608
2009-01-16,0.4805013927576602,0.023461355,0.0097493036211699,0.0,1.1452178,0.9594085598704972
2009-01-19,0.3997214484679666,0.02505467,0.011142061281337,0.0,1.1927634,0.9538160567100684
2009-01-20,0.6736694677871149,0.021925755,0.011204481792717,0.0,1.0183495,0.9416223401196276
2009-01-21,0.3669467787114845,0.02536482,0.011204481792717,0.0,1.3206552,0.941734022581586
2009-01-22,0.7580419580419581,0.022282274,0.0167832167832167,0.0,1.3833205,0.9441525601343496
2009-01-23,0.325452016689847,0.026149102,0.0027816411682892,0.0,0.81990016,0.944482378552686
2009-02-02,0.9653739612188366,0.022706453,0.0429362880886426,0.002770083102493,1.1785777,0.951078144483582
2009-02-03,0.95822102425876,0.022578405,0.0350404312668463,0.0013477088948787,1.1761619,0.9644795661599116
2009-02-04,0.8472972972972973,0.021878574,0.0229729729729729,0.0054054054054054,1.3518399,0.9645562362265512
2009-02-05,0.2700135685210312,0.030068887,0.0162822252374491,0.005427408412483,1.4685656,0.9644411391840144
2009-02-06,0.9986449864498644,0.020227468,0.051490514905149,0.0094850948509485,0.93015826,0.9692835988096496
2009-02-09,0.9346049046321526,0.024173098,0.0381471389645776,0.0108991825613079,1.0881879,0.9697021179776274
2009-02-10,0.8585034013605443,0.028802283,0.0598639455782312,0.0095238095238095,0.78645283,0.9676634760184686
2009-02-11,0.4059945504087193,0.03165615,0.0272479564032697,0.0068119891008174,1.1205258,0.9679136468582892
2009-02-12,0.6480218281036835,0.031428747,0.0259208731241473,0.0095497953615279,0.56183714,0.9668492158122126
2009-02-13,0.9633649932157394,0.024286808,0.0474898236092265,0.010854816824966,0.85461956,0.9720359111203756
2009-02-16,0.7659863945578231,0.029791446,0.0489795918367346,0.0122448979591836,0.7819648,0.9683028838448192
2009-02-17,0.1387755102040816,0.03478318,0.0054421768707482,0.0054421768707482,1.4157057,0.9653991053195244
2009-02-18,0.1273972602739726,0.034897048,-0.0164383561643835,0.0027397260273972,1.2150826,0.9627447156203428
2009-02-19,0.8097826086956522,0.029963033,0.0353260869565217,0.0,0.23760472,0.9558991968932165
2009-02-20,0.944141689373297,0.024157926,0.0354223433242506,0.0013623978201634,0.42810777,0.9613040576846198
2009-02-23,0.9850136239782016,0.02219796,0.0367847411444141,0.0040871934604904,1.067344,0.9676108591096922
2009-02-24,0.1723202170963365,0.039659884,-0.0067842605156037,0.0027137042062415,1.3088871,0.9680846248935808
2009-02-25,0.6152796725784447,0.03529067,0.034106412005457,0.0040927694406548,0.36806238,0.9623779452390664
2009-02-26,0.0572987721691678,0.03627803,-0.2360163710777626,0.0,1.6653311,0.966104377493138
2009-02-27,0.0412654745529573,0.035405993,-0.3370013755158184,0.0,1.9794396,0.9687359997933146
2009-03-02,0.8303693570451436,0.030750537,0.042407660738714,0.0,0.011185265,0.9539321770487672
2009-03-03,0.5432098765432098,0.028888047,0.0233196159122085,0.0,0.8789891,0.9527635308718684
2009-03-04,0.9959128065395096,0.016920978,0.0626702997275204,0.0013623978201634,0.21956891,0.9636340057968548
2009-03-05,0.6653005464480874,0.028668335,0.0314207650273224,0.0013661202185792,1.1072922,0.9672748191150432
2009-03-06,0.3646408839779005,0.030481152,0.0151933701657458,0.0013812154696132,0.6861533,0.9593725898267584
2009-03-09,0.1361760660247593,0.036444694,-0.0123796423658872,0.0013755158184319,1.3048707,0.9609494783660922
2009-03-10,0.9240331491712708,0.02328287,0.0207182320441988,0.0,0.3930583,0.954100348980939
2009-03-11,0.4189560439560439,0.025854725,0.0151098901098901,0.0027472527472527,1.1139113,0.9581961688765972
2009-03-12,0.5096685082872928,0.027044239,0.0151933701657458,0.0027624309392265,1.026221,0.9454036788661312
2009-03-13,0.3310344827586207,0.026517238,0.0068965517241379,0.0027586206896551,0.9229643,0.9487253369117612
2009-03-16,0.7676348547717843,0.022451138,0.0152143845089903,0.0027662517289073,1.1604413,0.9463486288699804
2009-03-17,0.9931318681318682,0.018380098,0.0206043956043956,0.0082417582417582,1.1535312,0.9629779976152268
2009-03-18,0.6480446927374302,0.020491239,0.0125698324022346,0.0069832402234636,1.5495431,0.9677973088728874
2009-03-19,0.908713692946058,0.018893873,0.0124481327800829,0.0055325034578146,1.1275185,0.966558951734295
2009-03-20,0.3138075313807531,0.027687699,0.0111576011157601,0.00697350069735,1.2635351,0.9629034797254435
2009-03-23,0.8473389355742297,0.022879312,0.0210084033613445,0.0098039215686274,1.2987196,0.9628471602340238
2009-03-24,0.5817174515235457,0.024551207,0.0055401662049861,0.0138504155124653,0.8000354,0.9636901566105284
2009-03-25,0.2234636871508379,0.029907068,0.0097765363128491,0.0111731843575419,1.1971532,0.9637493635914502
2009-03-26,0.9319444444444444,0.021730972,0.0236111111111111,0.025,1.2164468,0.958955169711152
2009-03-27,0.60056258790436,0.02751769,0.0210970464135021,0.0239099859353023,1.026987,0.9594617933509364
2009-03-30,0.6334269662921348,0.02897387,0.021067415730337,0.0182584269662921,0.6150881,0.9570862009595836
2009-03-31,0.5279329608938548,0.028682852,0.0307262569832402,0.0167597765363128,1.1944183,0.9599671225222862
2009-04-01,0.7579972183588317,0.024570413,0.0264255910987482,0.0180806675938803,1.2028738,0.9680004857780354
2009-04-02,0.3983169705469845,0.026551489,0.0238429172510518,0.0196353436185133,1.6037605,0.9674216049737636
2009-04-03,0.340365682137834,0.0319848,0.0225035161744022,0.0295358649789029,1.175791,0.9627110121461544
2009-04-07,0.7901408450704225,0.025640503,0.0253521126760563,0.0380281690140845,0.95218325,0.9608467080520252
2009-04-08,0.182076813655761,0.0342261,0.0014224751066856,0.0170697012802275,0.9331774,0.9615680851879678
2009-04-09,0.8243626062322946,0.027806927,0.0396600566572237,0.0354107648725212,0.89430046,0.9504842286367442
2009-04-10,0.9637155297532656,0.020740462,0.0261248185776487,0.0478955007256894,0.9429932,0.959989162667924
2009-04-13,0.6834532374100719,0.028184576,0.0417266187050359,0.0633093525179856,1.3695924,0.963907894760684
2009-04-14,0.7532097004279601,0.030344324,0.0456490727532097,0.0884450784593438,0.7675857,0.9674283302679112
2009-04-15,0.6461988304093568,0.032993514,0.0555555555555555,0.077485380116959,0.7398984,0.966628195898751
2009-04-16,0.4746008708272859,0.035967667,0.0435413642960812,0.04644412191582,0.73110193,0.9650391450671868
2009-04-17,0.2795389048991354,0.036178045,0.0259365994236311,0.0288184438040345,1.1440185,0.9573972027788152
2009-04-20,0.9137426900584796,0.02864809,0.0570175438596491,0.0423976608187134,0.23397073,0.959112776020874
2009-04-21,0.4771723122238586,0.031925302,0.01620029455081,0.0382916053019145,0.5571986,0.9619967267644928
2009-04-22,0.1122448979591836,0.035978127,-0.0466472303206997,0.0145772594752186,1.3595477,0.9699566460397232
2009-04-23,0.5158959537572254,0.03125136,0.0173410404624277,0.0101156069364161,0.5876124,0.958384955627741
2009-04-24,0.3386396526772793,0.02994956,0.0130246020260492,0.0115774240231548,0.7781778,0.9562262196514392
2009-04-27,0.1289855072463768,0.036944065,-0.0608695652173913,0.0072463768115942,0.96954846,0.9591728871842872
2009-04-28,0.6859259259259259,0.034733474,0.0281481481481481,0.0059259259259259,0.052637115,0.946755709291715
2009-04-29,0.8809869375907112,0.02555837,0.0290275761973875,0.0043541364296081,0.07114842,0.9518730882559782
2009-04-30,0.7324561403508771,0.024347568,0.023391812865497,0.0102339181286549,1.1437621,0.9576319270585736
2009-05-04,0.9813753581661891,0.020262925,0.0372492836676217,0.0300859598853868,1.3050396,0.9627430067230196
2009-05-05,0.7521865889212828,0.02545216,0.0247813411078717,0.0422740524781341,0.98684764,0.9654065661644082
2009-05-06,0.7771345875542692,0.024774846,0.0289435600578871,0.044862518089725,1.338866,0.9590603425774148
2009-05-07,0.3338150289017341,0.034134142,0.0346820809248554,0.041907514450867,1.3007448,0.9615124471124394
2009-05-08,0.522962962962963,0.031708058,0.0296296296296296,0.0251851851851851,0.76020837,0.9572798926357166
2009-05-11,0.1054977711738484,0.033108223,-0.0089153046062407,0.0089153046062407,1.1627061,0.964217453361356
2009-05-12,0.8913362701908958,0.023139812,0.0234948604992657,0.0220264317180616,0.68924,0.9545688764239908
2009-05-13,0.6435935198821797,0.025124107,0.0265095729013254,0.0279823269513991,1.416558,0.9599329936969822
2009-05-14,0.5028985507246376,0.025733227,0.0159420289855072,0.0188405797101449,1.2636342,0.9518301092738076
2009-05-15,0.6137404580152672,0.024768945,0.0167938931297709,0.03206106870229,0.9135107,0.9559825681382228
2009-05-18,0.6345565749235474,0.02613963,0.018348623853211,0.0382262996941896,0.8508804,0.9547481786444952
2009-05-19,0.6105263157894737,0.024437683,0.0195488721804511,0.0421052631578947,1.2457385,0.9629696383883048
2009-05-20,0.3165905631659056,0.026900895,0.0091324200913242,0.0289193302891933,1.3793218,0.958082773266855
2009-05-21,0.2199108469539376,0.029390756,0.0104011887072808,0.0222882615156017,1.3727286,0.956249597040582
2009-05-22,0.5828313253012049,0.023310324,0.003012048192771,0.0180722891566265,0.28461778,0.9442848700513996
2009-05-25,0.3735294117647059,0.027781565,0.0176470588235294,0.0352941176470588,1.1405041,0.9490565047561408
2009-05-26,0.6138032305433186,0.025697533,0.0220264317180616,0.0323054331864904,1.0093611,0.947145608429756
2009-05-27,0.4342688330871492,0.02204621,0.0029542097488921,0.017725258493353,0.9248659,0.9445926969269892
2009-06-01,0.8239644970414202,0.020597668,0.0251479289940828,0.03698224852071,2.0555985,0.9562119463166864
2009-06-02,0.5431400282885431,0.022828856,0.0113154172560113,0.0339462517680339,1.2714856,0.958190306444086
2009-06-03,0.6189801699716714,0.02334526,0.0169971671388102,0.0509915014164305,1.3679963,0.9651575721557027
2009-06-04,0.3631205673758865,0.027874079,0.0170212765957446,0.0482269503546099,1.3463727,0.964079159010106
2009-06-05,0.3886524822695035,0.026710518,0.0170212765957446,0.0468085106382978,1.1361046,0.962452668387266
2009-06-08,0.4886039886039886,0.029167136,0.0256410256410256,0.0541310541310541,1.0349401,0.9587334828818452
2009-06-09,0.5687943262411348,0.028551633,0.0226950354609929,0.0666666666666666,0.7816007,0.9571293107229286
2009-06-10,0.6723891273247496,0.025125252,0.0200286123032904,0.0643776824034334,0.8256145,0.9638627596864812
2009-06-11,0.369472182596291,0.026956592,0.014265335235378,0.0599144079885877,1.1879755,0.9626313651461096
2009-06-12,0.1968390804597701,0.028141743,0.0028735632183908,0.0488505747126436,1.1100614,0.9634349087144648
2009-06-15,0.8297567954220315,0.021449689,0.0085836909871244,0.0801144492131616,0.42627364,0.9571713219637028
2009-06-16,0.38,0.023228433,0.0071428571428571,0.0557142857142857,0.94652766,0.956813449554517
2009-06-17,0.7421652421652422,0.020685688,0.0085470085470085,0.0626780626780626,0.9400828,0.9546256861905316
2009-06-18,0.5515759312320917,0.022130147,0.0143266475644699,0.0673352435530086,1.4981318,0.9565101059787516
2009-06-19,0.4355300859598854,0.024343336,0.0157593123209169,0.0630372492836676,1.227126,0.9499487898974662
2009-06-22,0.3328488372093023,0.025262175,0.005813953488372,0.0436046511627907,0.74966466,0.9603691049147886
2009-06-23,0.4017341040462427,0.024315776,0.0144508670520231,0.0621387283236994,1.3817039,0.9570127588952374
2009-06-24,0.697274031563845,0.019981744,0.0071736011477761,0.0616929698708751,0.97772837,0.957408960030291
2009-06-25,0.4529667149059334,0.025921931,0.0144717800289435,0.0767004341534008,1.2517986,0.9538142249677578
2009-06-26,0.5185185185185185,0.025013467,0.0133333333333333,0.0903703703703703,1.0635597,0.9489895135931066
2009-06-29,0.5089820359281437,0.021816775,0.0074850299401197,0.0778443113772455,1.1861507,0.9601384325352098
2009-06-30,0.28,0.025629517,0.0059259259259259,0.0562962962962962,1.1803416,0.9557180814301368
2009-07-01,0.6210374639769453,0.022090135,0.0115273775216138,0.0907780979827089,1.5661634,0.950557976638976
2009-07-02,0.6388888888888888,0.0221352,0.0131578947368421,0.0906432748538011,1.2031078,0.9545293245984686
2009-07-03,0.5397058823529411,0.02445572,0.0191176470588235,0.1308823529411764,1.3674194,0.953665133923902
2009-07-06,0.4580265095729013,0.025855783,0.01620029455081,0.1134020618556701,1.0922087,0.9619358846287722
2009-07-07,0.6304985337243402,0.024728037,0.0146627565982404,0.1011730205278592,0.84548104,0.961116207711064
2009-07-08,0.7193500738552437,0.021924175,0.0192023633677991,0.1196454948301329,1.4676396,0.9581577814466212
2009-07-09,0.8537666174298375,0.022121605,0.0162481536189069,0.2008862629246676,0.86994594,0.969842783222217
2009-07-10,0.5029498525073747,0.02316758,0.0117994100294985,0.1651917404129793,1.2476591,0.9718548985237458
2009-07-13,0.7085798816568047,0.021679576,0.0088757396449704,0.2026627218934911,0.96778375,0.9733685013957648
2009-07-14,0.871301775147929,0.019278461,0.0118343195266272,0.3136094674556213,1.4560138,0.9728628465257
2009-07-15,0.5623145400593472,0.023492377,0.016320474777448,0.2922848664688427,1.5034473,0.9684422590865194
2009-07-16,0.3070044709388971,0.027085558,0.0193740685543964,0.1564828614008941,1.6866624,0.9662173386503488
2009-07-17,0.5961251862891207,0.025289664,0.0163934426229508,0.2131147540983606,1.0765475,0.9636411251888872
2009-07-20,0.8350983358547656,0.021884982,0.0196671709531013,0.2783661119515885,1.2464771,0.9678334304087596
2009-07-21,0.1791044776119403,0.031177612,0.0164179104477611,0.0835820895522388,1.6697947,0.968631032709694
2009-07-22,0.8258928571428571,0.021247458,0.019345238095238,0.1264880952380952,1.7409179,0.9569211716567384
2009-07-23,0.6404160475482912,0.022696333,0.0178306092124814,0.1441307578008915,1.3546599,0.9577881746451752
2009-07-24,0.2927191679049034,0.027061002,0.0104011887072808,0.1069836552748885,1.3945968,0.9650471912528248
2009-07-27,0.8592814371257484,0.021786785,0.0209580838323353,0.1751497005988024,1.3626512,0.9638372024083997
2009-07-28,0.6913946587537092,0.025206009,0.0178041543026706,0.2062314540059347,0.7520056,0.9682802441395372
2009-07-29,0.0580357142857142,0.03210648,-0.050595238095238,0.0357142857142857,1.8740668,0.9716379358021896
2009-07-30,0.5610119047619048,0.030341186,0.019345238095238,0.0699404761904761,0.8801711,0.963717406269596
2009-07-31,0.9597014925373134,0.018558059,0.0149253731343283,0.1059701492537313,0.7835667,0.9598666019193044
2009-08-03,0.8353115727002968,0.024998454,0.0237388724035608,0.1735905044510385,0.93522024,0.9616357278389612
2009-08-04,0.5405777166437414,0.03142718,0.0426409903713892,0.1746905089408528,1.1439898,0.9578585780356216
2009-08-05,0.5983379501385041,0.028247442,0.0180055401662049,0.1357340720221606,0.6436815,0.9607907485494988
2009-08-06,0.2753824756606398,0.027572464,0.0097357440890125,0.0764951321279554,1.1937125,0.9625287039300888
2009-08-07,0.1585535465924895,0.028303504,0.0013908205841446,0.0417246175243393,0.77425265,0.9619389879006638
2009-08-10,0.6741258741258741,0.02600471,0.0083916083916083,0.0769230769230769,0.28667748,0.952017568213668
2009-08-11,0.6583333333333333,0.023111247,0.0083333333333333,0.0666666666666666,0.50512356,0.9490006047357876
2009-08-12,0.0519662921348314,0.02752898,-0.0056179775280898,0.0112359550561797,1.8486946,0.9643073523249508
2009-08-13,0.4972144846796657,0.025695032,0.0139275766016713,0.032033426183844,0.69620657,0.9579231905670452
2009-08-14,0.075208913649025,0.030837566,-0.0278551532033426,0.0055710306406685,1.3258468,0.9608365039817036
2009-08-17,0.0407303370786516,0.031004943,-0.2485955056179775,0.0014044943820224,1.071659,0.9601064000019764
2009-08-18,0.7647887323943662,0.030216789,0.0056338028169014,0.0056338028169014,-0.6381811,0.9541364673518709
2009-08-19,0.0963687150837988,0.035311103,-0.0684357541899441,0.0027932960893854,1.1022037,0.9458507067302389
2009-08-20,0.979050279329609,0.019899381,0.0321229050279329,0.0125698324022346,0.496346,0.943497378376764
2009-08-21,0.9508426966292136,0.023558628,0.0421348314606741,0.023876404494382,1.0259607,0.9407986445315698
2009-08-24,0.8806179775280899,0.026211152,0.0505617977528089,0.0337078651685393,1.1586996,0.9429989082843112
2009-08-25,0.3047752808988764,0.03785226,0.023876404494382,0.0323033707865168,1.0242624,0.9380429969497304
2009-08-26,0.9326788218793828,0.026895376,0.0673211781206171,0.0280504908835904,0.60561085,0.9443338966869934
2009-08-27,0.701534170153417,0.028984997,0.0306834030683403,0.0209205020920502,0.51374954,0.9479291526130734
2009-08-28,0.1787234042553191,0.030000616,0.0085106382978723,0.0056737588652482,1.1879989,0.9420358122023776
2009-08-31,0.0451977401129943,0.032328147,-0.1977401129943503,0.0028248587570621,1.7817875,0.9440526823885592
2009-09-01,0.4512022630834512,0.03337872,0.0042432814710042,0.0014144271570014,0.18020009,0.9454206365078652
2009-09-02,0.6565517241379311,0.026289687,0.0082758620689655,0.0013793103448275,0.12948558,0.9392089694325844
2009-09-03,0.9986091794158554,0.01569879,0.0208623087621696,0.0041724617524339,1.0700828,0.9520045019096988
2009-09-04,0.8330995792426368,0.02104758,0.0210378681626928,0.0084151472650771,1.4641246,0.9559444552352389
2009-09-07,0.700139470013947,0.024132818,0.0278940027894002,0.0167364016736401,1.7755605,0.9512139606924404
2009-09-08,0.8114525139664804,0.019222066,0.0111731843575419,0.0153631284916201,1.3807074,0.9475480075391332
2009-09-09,0.5041782729805014,0.024210583,0.0181058495821727,0.0194986072423398,1.5948185,0.9477441402022598
2009-09-10,0.2922437673130194,0.026327383,0.0096952908587257,0.0180055401662049,1.352744,0.941644092813714
2009-09-11,0.8744769874476988,0.019119473,0.00976290097629,0.0334728033472803,1.5288475,0.9430733745903308
2009-09-14,0.9550561797752808,0.020532284,0.0252808988764044,0.0519662921348314,1.2642795,0.955269551344483
2009-09-15,0.6760961810466761,0.023839906,0.024045261669024,0.0339462517680339,1.4614953,0.9612582279314608
2009-09-16,0.5090655509065551,0.027289413,0.0278940027894002,0.0585774058577405,1.3182709,0.9568555862964964
2009-09-17,0.8984700973574409,0.024680745,0.0458970792767733,0.0778859527121001,1.2461864,0.964179546356406
2009-09-18,0.1526610644257703,0.029691678,0.0014005602240896,0.0308123249299719,1.1178644,0.9538037835434492
2009-09-21,0.6596638655462185,0.028431583,0.0238095238095238,0.0448179271708683,0.65495026,0.9450662818217862
2009-09-22,0.146067415730337,0.027635539,0.0084269662921348,0.0266853932584269,1.497286,0.9471303831792536
2009-09-23,0.1678420310296191,0.030140085,0.007052186177715,0.0155148095909732,1.1524591,0.9437743479427778
2009-09-24,0.3211267605633803,0.028642453,0.0070422535211267,0.0084507042253521,0.7233622,0.9380409394067638
2009-09-25,0.3271954674220963,0.0259712,-0.0042492917847025,0.0070821529745042,0.051677622,0.935724089849118
2009-09-28,0.1288515406162464,0.027867349,-0.0042016806722689,0.0056022408963585,0.9523258,0.9467047266730512
2009-09-29,0.1154381084840055,0.026649365,-0.0041724617524339,0.0027816411682892,0.8902878,0.9514825651657705
2009-09-30,0.7489539748953975,0.019795327,0.00418410041841,0.00278940027894,0.18979634,0.9411722123215844
2009-10-09,1.0,0.016246539,0.0436619718309859,0.0140845070422535,1.3283167,0.9472595401153664
2009-10-12,0.6061827956989247,0.023071134,0.0147849462365591,0.0161290322580645,1.399209,0.9437105535796104
2009-10-13,0.896414342629482,0.01961976,0.0146082337317397,0.0239043824701195,1.4391156,0.9418495008009364
2009-10-14,0.6969292389853138,0.020637915,0.0160213618157543,0.0160213618157543,1.8008298,0.9516379370554204
2009-10-15,0.5716216216216217,0.02080561,0.0067567567567567,0.0243243243243243,1.2504917,0.948999204694958
2009-10-16,0.477088948787062,0.021963265,0.0080862533692722,0.0350404312668463,1.3637916,0.9442270700702964
2009-10-19,0.9571619812583668,0.018577546,0.0147255689424364,0.0589022757697456,1.471332,0.9594180451734362
2009-10-20,0.7887700534759359,0.022837205,0.0227272727272727,0.0548128342245989,1.3846889,0.9607437187444052
2009-10-21,0.261968085106383,0.023117095,0.0066489361702127,0.0319148936170212,1.534361,0.9565734226261566
2009-10-22,0.5901201602136181,0.022954352,0.0133511348464619,0.0440587449933244,1.3463107,0.9535159671561684
2009-10-23,0.7687165775401069,0.020910367,0.0147058823529411,0.052139037433155,1.5387752,0.960420538387752
2009-10-26,0.4649595687331536,0.024921056,0.0094339622641509,0.0417789757412398,1.042803,0.9561459983429312
2009-10-27,0.137466307277628,0.02726469,0.0080862533692722,0.0175202156334231,1.5706364,0.948580423162188
2009-10-28,0.7439353099730458,0.022381688,0.0080862533692722,0.036388140161725,0.6145555,0.9478440304108424
2009-10-29,0.1677943166441136,0.023879787,0.0040595399188092,0.0162381596752368,0.98812324,0.9414980226119338
2009-10-30,0.8016194331983806,0.018161431,0.0067476383265856,0.0283400809716599,0.98033595,0.9465034128398156
2009-11-02,0.9798387096774194,0.019655742,0.0228494623655914,0.0940860215053763,1.4555494,0.9525391979080432
2009-11-03,0.9247027741083224,0.020286681,0.0264200792602377,0.1083223249669749,1.199396,0.9643610616051448
2009-11-04,0.6228419654714475,0.021046173,0.0092961487383798,0.1115537848605577,1.4705182,0.9637718444812832
2009-11-05,0.7245989304812834,0.021758825,0.0187165775401069,0.1149732620320855,1.697667,0.9609062096483636
2009-11-06,0.5293333333333333,0.023708764,0.0186666666666666,0.0893333333333333,1.4241093,0.96303589392292
2009-11-09,0.6795727636849133,0.02178761,0.0120160213618157,0.1188251001335113,1.0318885,0.9639092514301556
2009-11-10,0.4194857916102841,0.021483595,0.0094722598105548,0.0838971583220568,1.6283104,0.964085296171296
2009-11-11,0.5336927223719676,0.022266822,0.0107816711590296,0.1105121293800539,1.3443146,0.9564682738813126
2009-11-12,0.5720108695652174,0.021763954,0.0108695652173913,0.1073369565217391,1.2053323,0.9690796260224772
2009-11-13,0.7198917456021651,0.020097865,0.0054127198917456,0.1772665764546684,0.80075246,0.96962336016619
2009-11-16,0.9365517241379312,0.02025924,0.0262068965517241,0.2731034482758621,1.6130506,0.9747041035491232
2009-11-17,0.5585464333781965,0.02140885,0.0067294751009421,0.2086137281292059,1.4006096,0.9639178720384638
2009-11-18,0.5467914438502673,0.024290271,0.0133689839572192,0.2219251336898395,1.3271177,0.961539599912574
2009-11-19,0.8187919463087249,0.022777848,0.0295302013422818,0.3261744966442953,1.3154365,0.9637538334740668
2009-11-20,0.6102841677943166,0.024536762,0.0230040595399188,0.3220568335588633,1.3711247,0.9636878174467194
2009-11-23,0.8604026845637583,0.022275835,0.021476510067114,0.4442953020134228,1.1431731,0.969162769164612
2009-11-24,0.0628342245989304,0.030047826,-0.0066844919786096,0.0454545454545454,2.0984995,0.9715777187005245
2009-11-25,0.9597855227882036,0.025175324,0.049597855227882,0.1608579088471849,0.6821675,0.965530053977972
2009-11-26,0.1391541609822646,0.037267692,0.0081855388813096,0.0641200545702592,1.5558852,0.9642773733018476
2009-11-27,0.1725067385444744,0.032983378,-0.0215633423180593,0.0175202156334231,0.3901874,0.9623432552203512
2009-11-30,0.9932523616734144,0.019229783,0.0418353576248313,0.0917678812415654,0.90491235,0.9588706538545636
2009-12-01,0.9691275167785236,0.021333287,0.0308724832214765,0.1731543624161073,1.1516272,0.9613854322961756
2009-12-02,0.8195876288659794,0.023649113,0.0283505154639175,0.1739690721649484,1.4563112,0.9637155400884566
2009-12-03,0.6382165605095541,0.025442626,0.019108280254777,0.1834394904458598,1.0844002,0.9599444978054474
2009-12-04,0.1303225806451612,0.028469265,-0.0038709677419354,0.0477419354838709,0.96962154,0.9671526037557612
2009-12-07,0.88745148771022,0.021654546,0.0206985769728331,0.0983182406209573,1.255597,0.9626301544449978
2009-12-08,0.4858611825192802,0.024061587,0.0128534704370179,0.0976863753213367,1.128283,0.9624665427902116
2009-12-09,0.2265122265122265,0.023543755,0.0051480051480051,0.0411840411840411,1.350354,0.9590599843704564
2009-12-10,0.7232947232947233,0.01983262,0.0051480051480051,0.0604890604890604,0.45366046,0.960795327518442
2009-12-11,0.393041237113402,0.020007102,0.0012886597938144,0.0425257731958762,0.7221395,0.9649098987827706
2009-12-14,0.3023255813953488,0.023988964,0.0090439276485788,0.0478036175710594,1.4407128,0.964654410326666
2009-12-15,0.5811855670103093,0.020855144,0.0103092783505154,0.065721649484536,0.96920425,0.9552757015103376
2009-12-16,0.3222079589216944,0.022665646,0.0051347881899871,0.0436456996148908,0.8745382,0.9591919468732818
2009-12-17,0.1076923076923077,0.025196442,0.0051282051282051,0.0128205128205128,1.5801312,0.9617646635815178
2009-12-18,0.1154345006485084,0.028503476,-0.0142671854734111,0.0051880674448767,0.56522405,0.9604747471213528
2009-12-21,0.8582574772431729,0.019917302,0.0091027308192457,0.0156046814044213,0.39087406,0.9512281688848848
2009-12-22,0.1296534017971758,0.02604073,0.0038510911424903,0.0102695763799743,1.2958192,0.9510911000242872
2009-12-23,0.9003880983182406,0.018957226,0.0064683053040103,0.0284605433376455,0.8994014,0.9403455134039008
2009-12-24,0.9869791666666666,0.016462276,0.0130208333333333,0.0520833333333333,1.2784694,0.95322420159435
2009-12-25,0.5997392438070405,0.019129038,0.0026075619295958,0.0469361147327249,0.63044435,0.9511392244573236
2009-12-28,0.928191489361702,0.015337855,0.0053191489361702,0.0731382978723404,1.6629878,0.9554507982897752
2009-12-29,0.5667539267015707,0.02072754,0.0091623036649214,0.0746073298429319,1.3585256,0.9564871436266305
2009-12-30,0.3148880105401844,0.021508329,0.0039525691699604,0.0316205533596837,1.2875457,0.9573135381472307
2009-12-31,0.7559055118110236,0.01782008,0.0078740157480314,0.0590551181102362,1.4892869,0.953625948850589
2010-01-04,0.5244845360824743,0.020039828,0.0077319587628865,0.0721649484536082,1.3950813,0.9542203633876304
2010-01-05,0.6390977443609023,0.022488754,0.0075187969924812,0.1052631578947368,0.92276007,0.9626088239666196
2010-01-06,0.3685534591194968,0.020414902,0.0062893081761006,0.040251572327044,1.4066665,0.955986106353568
2010-01-07,0.1651954602774274,0.024861144,0.0050441361916771,0.0277427490542244,1.7124676,0.9562334595421004
2010-01-08,0.7301387137452712,0.021678085,0.008827238335435,0.0605296343001261,0.6251924,0.954364416952976
2010-01-11,0.5966921119592875,0.026655257,0.0178117048346055,0.1119592875318066,0.7583642,0.954570093401693
2010-01-12,0.8824273072060683,0.020313935,0.0139064475347661,0.1213653603034134,0.7685437,0.958522794539274
2010-01-13,0.340506329113924,0.026745072,0.0126582278481012,0.0974683544303797,1.1285236,0.9578531323260128
2010-01-14,0.951715374841169,0.020523349,0.0190597204574332,0.2033036848792884,1.1551144,0.9623806946900448
2010-01-15,0.6082474226804123,0.020389255,0.0064432989690721,0.1391752577319587,1.0065197,0.9630018772675129
2010-01-18,0.7949367088607595,0.02169475,0.0113924050632911,0.2341772151898734,0.91354245,0.965178392648295
2010-01-19,0.3638676844783715,0.02441364,0.0076335877862595,0.1450381679389313,1.3493626,0.9586051045701672
2010-01-20,0.1119592875318066,0.030302297,-0.0025445292620865,0.0419847328244274,1.490538,0.9581951378228316
2010-01-21,0.6915297092288243,0.023065438,0.011378002528445,0.0480404551201011,0.83566064,0.9457317248010084
2010-01-22,0.1395939086294416,0.026277242,-0.0038071065989847,0.0304568527918781,0.82016444,0.9596298544464468
2010-01-25,0.2306717363751584,0.02257569,0.0012674271229404,0.0139416983523447,0.28984585,0.9439393321839872
2010-01-26,0.0781841109709962,0.025907012,-0.0151324085750315,0.0025220680958385,0.89391565,0.9548250527024796
2010-01-27,0.2864321608040201,0.021421133,0.0025125628140703,0.0025125628140703,0.53310037,0.9518631993613432
2010-01-28,0.7782002534854245,0.022687515,0.0050697084917617,0.0076045627376425,-0.13024254,0.9413334698637956
2010-01-29,0.6717363751584284,0.019477602,0.008871989860583,0.0202788339670468,1.2936429,0.9392247621845844
2010-02-01,0.3096446700507614,0.03344723,-0.0012690355329949,0.0203045685279187,0.2527186,0.9426854899723056
2010-02-02,0.3468677494199536,0.022546193,0.0069605568445475,0.0150812064965197,0.871012,0.93982077364826
2010-02-03,0.7567567567567568,0.025920203,0.0141010575793184,0.0352526439482961,0.40216494,0.9429309213567504
2010-02-04,0.663953488372093,0.022379672,0.0232558139534883,0.041860465116279,1.6223476,0.93844255976896
2010-02-05,0.2241784037558685,0.028339721,0.0011737089201877,0.0152582159624413,0.8014971,0.9201523305743838
2010-02-08,0.56,0.024029851,0.0164705882352941,0.02,0.9989113,0.907433216508646
2010-02-09,0.486454652532391,0.020875614,0.0011778563015312,0.0129564193168433,0.12300653,0.9133023609366328
2010-02-10,0.8266978922716628,0.01918496,0.0070257611241217,0.0128805620608899,0.8906997,0.935513389859667
2010-02-11,0.3563084112149532,0.018121472,-0.0011682242990654,0.0070093457943925,0.49032432,0.9362722400127108
2010-02-12,0.8745644599303136,0.01601687,0.0058072009291521,0.0150987224157955,1.8146471,0.924782042978115
2010-02-22,0.5029308323563892,0.020951083,0.0082063305978898,0.0269636576787807,1.2548492,0.9310913196997987
2010-02-23,0.6232394366197183,0.021956898,0.0105633802816901,0.0469483568075117,1.1018198,0.9305551974521428
2010-02-24,0.9392523364485982,0.02159865,0.0233644859813084,0.0654205607476635,0.86740947,0.9430638608248612
2010-02-25,0.924170616113744,0.019113833,0.0177725118483412,0.0971563981042654,1.9802188,0.950373826682164
2010-02-26,0.4760765550239234,0.021513797,0.0107655502392344,0.0777511961722488,1.3771312,0.9421715369202184
2010-03-01,0.8331374853113983,0.020693045,0.0199764982373678,0.1104582843713278,1.7843078,0.9433504784957376
2010-03-02,0.5035714285714286,0.022087093,0.0095238095238095,0.0809523809523809,1.166181,0.9539903865626403
2010-03-03,0.6912991656734208,0.022579221,0.0190703218116805,0.0893921334922526,1.3308291,0.9557318756757516
2010-03-04,0.076741440377804,0.024273535,0.0047225501770956,0.0200708382526564,1.913682,0.9577066487245948
2010-03-05,0.575326215895611,0.021549247,0.0094899169632265,0.026097271648873,1.1896691,0.955057772671494
2010-03-08,0.8368794326241135,0.019213771,0.0118203309692671,0.0449172576832151,1.4438795,0.9493465589470448
2010-03-09,0.4611764705882353,0.019813206,0.008235294117647,0.0211764705882352,1.4552119,0.9527518014565508
2010-03-10,0.2642180094786729,0.019764634,0.0047393364928909,0.0248815165876777,1.35806,0.9542902709697636
2010-03-11,0.4317647058823529,0.021847293,0.0070588235294117,0.0258823529411764,1.187347,0.94928879131745
2010-03-12,0.2194543297746144,0.021067545,0.0023724792408066,0.0106761565836298,0.9052447,0.9530356815943626
2010-03-15,0.3504171632896305,0.021974286,0.0035756853396901,0.0107270560190703,0.70550776,0.9510913583990148
2010-03-16,0.743801652892562,0.019967964,0.0094451003541912,0.0224321133412042,0.7174923,0.9440504079384356
2010-03-17,0.985748218527316,0.014951079,0.009501187648456,0.0475059382422802,1.8589172,0.952345837792866
2010-03-18,0.5522208883553421,0.01738398,0.0048019207683073,0.0528211284513805,1.3908772,0.947111348056559
2010-03-19,0.7027677496991577,0.017431669,0.0084235860409145,0.0722021660649819,1.6074443,0.9445767022566264
2010-03-22,0.6674727932285369,0.019307928,0.0072551390568319,0.0822249093107617,1.3761151,0.950726301728442
2010-03-23,0.3511269276393831,0.020967301,0.0035587188612099,0.0545670225385527,1.1101478,0.9535193158948296
2010-03-24,0.6071428571428571,0.021356368,0.0095238095238095,0.0559523809523809,1.1089982,0.9566028846558547
2010-03-25,0.3269689737470167,0.026448281,0.0083532219570405,0.0381861575178997,1.2022424,0.9559646162193528
2010-03-26,0.7705314009661836,0.020345202,0.002415458937198,0.0483091787439613,-0.43318433,0.950762676724448
2010-03-29,0.5915151515151515,0.018471632,0.0036363636363636,0.0509090909090909,0.8717511,0.9624222859671102
2010-03-30,0.7044632086851629,0.019296428,0.008443908323281,0.0699638118214716,1.1447188,0.9611259081064658
2010-03-31,0.592057761732852,0.021939991,0.0120336943441636,0.0926594464500601,1.3509853,0.9563596901609251
2010-04-01,0.8613744075829384,0.01783491,0.0082938388625592,0.1445497630331753,1.3348016,0.966312834257267
2010-04-02,0.4954128440366973,0.02056502,0.0080275229357798,0.0940366972477064,1.2945551,0.9675600795463366
2010-04-06,0.6456422018348624,0.021878108,0.0068807339449541,0.1146788990825688,0.8170047,0.9684197652972524
2010-04-07,0.6145952109464082,0.020877138,0.0045610034207525,0.1265678449258837,1.1338995,0.9676852163137956
2010-04-08,0.4002293577981651,0.023237184,0.0045871559633027,0.1032110091743119,0.6995824,0.9677206499987072
2010-04-09,0.8445475638051044,0.019358344,0.0104408352668213,0.1682134570765661,1.3425614,0.9693695928727408
2010-04-12,0.6949941792782305,0.026903799,0.0128055878928987,0.2421420256111758,0.34666678,0.9746081664404844
2010-04-13,0.154555940023068,0.031035531,-0.0149942329873125,0.04959630911188,0.46540526,0.9727899169305314
2010-04-14,0.6914285714285714,0.022285813,0.0137142857142857,0.104,0.9521634,0.964939748279828
2010-04-15,0.2564102564102564,0.028348722,0.0023310023310023,0.0722610722610722,0.48223653,0.9655334539881996
2010-04-16,0.4940191387559808,0.020816224,0.0059808612440191,0.0526315789473684,0.78283435,0.9582535787514588
2010-04-19,0.082063305978898,0.028266089,-0.0187573270808909,0.0175849941383352,0.71021944,0.9656841241017134
2010-04-20,0.6635294117647059,0.030896192,0.0058823529411764,0.0529411764705882,-0.10262766,0.9536966764952188
2010-04-21,0.9722222222222222,0.018099707,0.0081018518518518,0.1099537037037037,0.66224545,0.9575930951576842
2010-04-22,0.5862884160756501,0.025423815,0.0130023640661938,0.1052009456264775,0.71654063,0.9626062795250891
2010-04-23,0.3219339622641509,0.025801703,0.0023584905660377,0.0577830188679245,0.5556091,0.9634039133624656
2010-04-26,0.4433962264150943,0.029705819,-0.0011792452830188,0.0542452830188679,0.11827405,0.9587982481999228
2010-04-27,0.1403712296983758,0.028781567,-0.0081206496519721,0.0220417633410672,0.8641836,0.9642776666377127
2010-04-28,0.3680473372781065,0.028856482,-0.0035502958579881,0.0307692307692307,0.207749,0.9499108055235485
2010-04-29,0.1144859813084112,0.02899169,-0.0151869158878504,0.0046728971962616,0.19444299,0.951308533843252
2010-04-30,0.1373239436619718,0.031509932,-0.0410798122065727,-0.0023474178403755,0.38728845,0.9632830853184844
2010-05-04,0.4740484429065744,0.02835639,0.0046136101499423,0.0023068050749711,0.0181975,0.9422135887541752
2010-05-05,0.9647577092511012,0.019886024,0.0220264317180616,0.01431718061674,0.48444542,0.9527589873236136
2010-05-06,0.0888888888888888,0.02419035,-0.0033333333333333,-0.0111111111111111,0.75734067,0.95291167872493
2010-05-07,0.2677777777777778,0.029726205,-0.0111111111111111,-0.02,-0.060993806,0.9506425927121256
2010-05-10,0.3206278026905829,0.035380233,-0.0358744394618834,-0.0112107623318385,-0.21897489,0.9534574089795784
2010-05-11,0.130820399113082,0.026517238,-0.0144124168514412,-0.0199556541019955,0.019423014,0.955972932041868
2010-05-12,0.2466367713004484,0.034979895,-0.0369955156950672,-0.0201793721973094,-0.0057219393,0.958712996975578
2010-05-13,0.8780487804878049,0.022008417,0.0110864745011086,-0.0033259423503325,0.29689354,0.9617933377983472
2010-05-14,0.5512249443207127,0.020101797,0.0066815144766146,-0.0022271714922048,1.3445203,0.95181847497283
2010-05-17,0.0201342281879194,0.028175974,-0.2170022371364653,-0.0771812080536912,0.96797526,0.9542397570476157
2010-05-18,0.6424452133794695,0.026775213,0.0034602076124567,-0.0230680507497116,-0.14426339,0.9579277672073956
2010-05-19,0.48268156424581,0.023385245,0.0055865921787709,-0.0402234636871508,0.76958305,0.9460442022821044
2010-05-20,0.159682899207248,0.023554448,-0.0045300113250283,-0.0849377123442808,0.34507072,0.9501564207798048
2010-05-21,0.8637911464245176,0.021420076,0.0136208853575482,-0.0204313280363223,0.75915205,0.9537269676221944
2010-05-24,0.9977924944812362,0.016762413,0.0309050772626931,0.0088300220750551,0.7616963,0.9582353287389116
2010-05-25,0.3536585365853658,0.023310374,0.0033259423503325,0.007760532150776,1.0590532,0.9470982130225049
2010-05-26,0.5523385300668151,0.019461578,0.0066815144766146,0.0044543429844097,1.0837551,0.9406625876810129
2010-05-27,0.9526431718061674,0.017709369,0.013215859030837,0.0121145374449339,1.6965843,0.9515127865148684
2010-05-28,0.5413870246085011,0.021679828,0.0100671140939597,0.0089485458612975,1.423581,0.9527696092117324
2010-05-31,0.1029082774049217,0.025328469,0.0044742729306487,-0.0067114093959731,1.4524475,0.9459795077379616
2010-06-01,0.175438596491228,0.027163146,0.0021929824561403,-0.0449561403508771,1.1775312,0.9447055837146968
2010-06-02,0.8811563169164882,0.018949198,0.0074946466809421,0.0010706638115631,0.7570456,0.9398714121399266
2010-06-03,0.3081081081081081,0.02031975,0.0032432432432432,-0.0118918918918918,1.2945656,0.9476279032189016
2010-06-04,0.7416576964477933,0.020091452,0.0096878363832077,-0.0064585575888051,1.330419,0.9400136112562844
2010-06-07,0.4779806659505907,0.032120854,0.0279269602577873,-0.0311493018259935,0.92376345,0.9381909803185424
2010-06-08,0.7769396551724138,0.02113824,0.0129310344827586,0.0021551724137931,1.0004537,0.945040033379392
2010-06-09,0.9020452099031216,0.018974718,0.007534983853606,0.007534983853606,0.62143487,0.9583137078209204
2010-06-10,0.5387131952017448,0.019879106,0.0043620501635768,0.0109051254089422,1.1412716,0.9558300153108068
2010-06-11,0.3659066232356134,0.019349188,0.004343105320304,0.004343105320304,1.1033436,0.9477888257938668
2010-06-17,0.2926292629262926,0.026672203,0.0011001100110011,0.0011001100110011,-0.019183924,0.9456459677843032
2010-06-18,0.0440528634361233,0.025207609,-0.0253303964757709,-0.0253303964757709,0.7196537,0.9510259554141428
2010-06-21,0.953056768558952,0.02013865,0.019650655021834,0.0,0.5832226,0.9424205858945756
2010-06-22,0.6905537459283387,0.01934731,0.013029315960912,0.001085776330076,1.7311074,0.9475590511845364
2010-06-23,0.4246724890829694,0.02002937,0.0021834061135371,0.0032751091703056,1.2524083,0.9364430059797032
2010-06-24,0.5134553283100107,0.01626528,0.0021528525296017,0.0021528525296017,1.32088,0.9400759884346006
2010-06-25,0.1434830230010952,0.020571,-0.0010952902519167,-0.0098576122672508,1.1695497,0.9401826133699678
2010-06-28,0.1657458563535911,0.022444969,0.0011049723756906,-0.0254143646408839,0.79895526,0.9393616484615582
2010-06-29,0.0210876803551609,0.024710394,-0.0788013318534961,-0.1365149833518313,1.521977,0.9551576012071944
2010-06-30,0.2332233223322332,0.029698988,-0.0165016501650165,-0.1837183718371837,0.24168889,0.9409265549961626
2010-07-01,0.2690246516613076,0.02713491,0.0010718113612004,-0.1618435155412647,0.47194055,0.91783259517059
2010-07-02,0.4117647058823529,0.027806487,0.0051599587203302,-0.1001031991744066,0.28969243,0.9423778697160696
2010-07-05,0.3367983367983368,0.023908738,0.0062370062370062,-0.1185031185031185,0.814256,0.9296691736083212
2010-07-06,0.9875130072840792,0.016548604,0.0166493236212278,0.0010405827263267,1.6247607,0.9451246236055284
2010-07-07,0.7983367983367984,0.018304605,0.0124740124740124,0.001039501039501,1.9553399,0.940865347617438
2010-07-08,0.3433609958506224,0.021018097,0.0082987551867219,0.0031120331950207,1.809628,0.936304822779288
2010-07-09,0.975991649269311,0.016521892,0.0146137787056367,0.0020876826722338,1.3923283,0.9507504683846923
2010-07-12,0.7614583333333333,0.021087572,0.0197916666666666,0.0020833333333333,1.7367076,0.9463420097699085
2010-07-13,0.2113989637305699,0.024697404,0.0113989637305699,0.0020725388601036,1.7079558,0.9400971863399272
2010-07-14,0.7142857142857143,0.02144093,0.020703933747412,0.0,1.5295125,0.9414336600737186
2010-07-15,0.102803738317757,0.021737754,0.0020768431983385,-0.0072689511941848,1.1916989,0.9376912461763872
2010-07-16,0.6116910229645094,0.01979842,0.0062630480167014,-0.0062630480167014,0.92283905,0.937746313260288
2010-07-19,0.9822361546499476,0.013922254,0.0104493207941483,0.0020898641588296,2.3279128,0.94045026628705
2010-07-20,0.9833679833679834,0.016879015,0.0155925155925155,0.0031185031185031,1.6327007,0.9578089626837568
2010-07-21,0.4563409563409563,0.016702516,0.0041580041580041,0.001039501039501,1.91476,0.9557641692955772
2010-07-22,0.908141962421712,0.01546134,0.0052192066805845,0.0041753653444676,1.7645046,0.954296020549946
2010-07-23,0.4100418410041841,0.01972911,0.0104602510460251,0.002092050209205,2.0403469,0.9488546500542768
2010-07-26,0.8171368861024033,0.016758246,0.0052246603970741,0.0052246603970741,1.6520042,0.9591470699494348
2010-07-27,0.3734439834024896,0.018497698,0.0031120331950207,0.0041493775933609,1.6241704,0.9603046598048696
2010-07-28,0.9832109129066108,0.015155363,0.0115424973767051,0.0094438614900314,2.5411816,0.9635747478818212
2010-07-29,0.6462513199577613,0.018849581,0.010559662090813,0.0052798310454065,1.626093,0.965233394861792
2010-07-30,0.4123173277661795,0.019006396,0.0052192066805845,0.0041753653444676,1.4479328,0.963672173653675
2010-08-02,0.9644351464435148,0.01654864,0.0094142259414225,0.0073221757322175,1.939282,0.9674320139368506
2010-08-03,0.1599597585513078,0.018834703,0.0,0.0040241448692152,1.3915541,0.9630812296347948
2010-08-04,0.7150050352467271,0.01772465,0.0060422960725075,0.0060422960725075,1.4629555,0.9613040551418846
2010-08-05,0.5419615773508595,0.018145448,0.0030333670374115,0.0101112234580384,1.1845495,0.9597570657970672
2010-08-06,0.9402834008097166,0.016440462,0.0091093117408906,0.0111336032388663,1.3850641,0.9646091329021628
2010-08-09,0.8591691995947315,0.017279156,0.0060790273556231,0.0172239108409321,1.5152384,0.9679315598015606
2010-08-10,0.0669371196754563,0.02192826,0.0020283975659229,0.0040567951318458,1.9050013,0.9645287675406587
2010-08-11,0.8213197969543147,0.017911913,0.0060913705583756,0.0121827411167512,1.5334935,0.9514149273080372
2010-08-12,0.2215447154471544,0.021999713,0.0050813008130081,0.0050813008130081,1.4698973,0.9519822002733384
2010-08-13,0.9219712525667352,0.016949497,0.0082135523613963,0.0061601642710472,1.0158108,0.9558305498383404
2010-08-16,0.9791883454734652,0.01565833,0.0104058272632674,0.0260145681581685,1.9825224,0.968013031342004
2010-08-17,0.6930091185410334,0.017899608,0.0091185410334346,0.0303951367781155,1.8837706,0.9649519975698349
2010-08-18,0.3824130879345603,0.02006965,0.0071574642126789,0.0204498977505112,1.6477829,0.9583273527154224
2010-08-19,0.4680203045685279,0.020100622,0.0101522842639593,0.0121827411167512,1.6781492,0.9626825809176642
2010-08-20,0.1849593495934959,0.024410728,0.0071138211382113,0.0091463414634146,1.5025862,0.96251394059787
2010-08-23,0.6571136131013307,0.02202851,0.0112589559877175,0.0194472876151484,1.0898123,0.9531374412550094
2010-08-24,0.786734693877551,0.01888699,0.0081632653061224,0.0153061224489795,1.102615,0.9546131579309288
2010-08-25,0.1830265848670756,0.023500511,0.0030674846625766,0.0153374233128834,1.1631832,0.9539332270841976
2010-08-26,0.6754832146490336,0.020148193,0.0081383519837232,0.0193285859613428,1.1984249,0.9482625034516664
2010-08-27,0.6391752577319587,0.01956306,0.0051546391752577,0.0175257731958762,0.9912445,0.9482050942482324
2010-08-30,0.9753593429158112,0.017717479,0.015400410677618,0.0431211498973305,1.7907447,0.961878141116622
2010-08-31,0.592479674796748,0.02273396,0.0182926829268292,0.0518292682926829,1.4919909,0.9555584655210771
2010-09-01,0.2210953346855984,0.027393142,0.011156186612576,0.0253549695740365,1.4969753,0.9540331926993566
2010-09-02,0.9272727272727272,0.021742372,0.0292929292929292,0.0454545454545454,1.6136956,0.9587950471688328
2010-09-03,0.6306122448979592,0.025095195,0.0255102040816326,0.0418367346938775,1.2672086,0.9526850543385744
2010-09-06,0.4178498985801217,0.026650928,-0.0010141987829614,0.0182555780933062,0.09244945,0.9534396412595884
2010-09-07,0.6850152905198776,0.017841304,0.0040774719673802,0.0224260958205912,1.207859,0.9531369556802964
2010-09-08,0.6038696537678208,0.019116355,0.0081466395112016,0.0336048879837067,1.357982,0.9587461426085062
2010-09-09,0.2256097560975609,0.022900313,0.0071138211382113,0.016260162601626,1.5881127,0.9613848158164386
2010-09-10,0.6539649845520082,0.024502162,0.0175077239958805,0.035015447991761,1.0104824,0.9502263236994292
2010-09-13,0.8484536082474227,0.01902381,0.0072164948453608,0.0443298969072165,0.6600872,0.9565083043015667
2010-09-14,0.4451219512195122,0.021369256,0.0091463414634146,0.048780487804878,1.43128,0.9498782462103584
2010-09-15,0.186142709410548,0.026755113,0.0051706308169596,0.0237849017580144,0.9827141,0.9531698858925444
2010-09-16,0.1431513903192585,0.025596775,0.0030895983522142,0.0123583934088568,1.2790146,0.9514744436070646
2010-09-17,0.4498448810754912,0.021803902,0.0020682523267838,0.0062047569803516,0.4544599,0.9354387010934688
2010-09-20,0.2530864197530864,0.024991646,0.0,0.0123456790123456,0.51061845,0.9434507738240114
2010-09-21,0.4690355329949238,0.022525886,0.0020304568527918,0.0081218274111675,0.046872843,0.9404344424135048
2010-09-27,0.9558823529411764,0.018128708,0.009453781512605,0.01890756302521,0.82751065,0.9479413350835384
2010-09-28,0.3609406952965235,0.023476223,0.0061349693251533,0.0265848670756646,1.0324401,0.9426132514229784
2010-09-29,0.2134831460674157,0.022614842,0.0030643513789581,0.0112359550561797,1.0368655,0.9434412306259082
2010-09-30,0.8757637474541752,0.015704952,0.0030549898167006,0.025458248472505,0.88748753,0.9396205161542066
2010-10-08,0.9529170931422722,0.016201852,0.0081883316274309,0.0337768679631525,1.5155535,0.9515874837250456
2010-10-11,0.6127401415571284,0.027204446,0.0080889787664307,0.0242669362992922,0.29362842,0.9604631230507928
2010-10-12,0.5218274111675127,0.024025211,0.0111675126903553,0.0294416243654822,1.1073828,0.9549374656446246
2010-10-13,0.551829268292683,0.024690825,0.0091463414634146,0.0213414634146341,0.852082,0.9551334955837312
2010-10-14,0.1356275303643724,0.029232673,0.0010121457489878,0.0121457489878542,1.2067002,0.954878399774448
2010-10-15,0.3326551373346897,0.029492967,0.0122075279755849,0.0244150559511698,1.8799052,0.9495346949464322
2010-10-18,0.3482688391038696,0.035317507,0.0020366598778004,0.0142566191446028,0.42738712,0.944852539849234
2010-10-19,0.940222897669706,0.023329591,0.0314083080040526,0.0172239108409321,0.6517471,0.9449722906592168
2010-10-20,0.4313131313131313,0.026188096,0.0181818181818181,0.0232323232323232,1.0733602,0.94779013154624
2010-10-21,0.5760322255790534,0.022970283,0.013091641490433,0.0181268882175226,1.1415023,0.9431176149732098
2010-10-22,0.679474216380182,0.021761807,0.0121334681496461,0.0313447927199191,1.2314199,0.9497504396384594
2010-10-25,0.945973496432212,0.02126774,0.0244648318042813,0.0611620795107033,1.5564688,0.9590729741956812
2010-10-26,0.5383043922369765,0.02532394,0.0163432073544433,0.052093973442288,1.2696004,0.950173490873062
2010-10-27,0.3714285714285714,0.026139896,0.0153061224489795,0.0346938775510204,1.254336,0.9558913140717564
2010-10-28,0.5167853509664293,0.026134593,0.0152594099694811,0.0478128179043743,1.0979577,0.9482964119499496
2010-10-29,0.6520408163265307,0.025875533,0.0173469387755102,0.0571428571428571,0.9337242,0.9525175135596338
2010-11-01,0.9114954221770092,0.023876328,0.0284842319430315,0.1159715157680569,1.3074895,0.9620595253979464
2010-11-02,0.394578313253012,0.02994153,0.0180722891566265,0.0652610441767068,1.0339229,0.9615997095097198
2010-11-03,0.3083923154701719,0.028938144,0.0040444893832153,0.0313447927199191,0.5887386,0.9562985468051106
2010-11-04,0.907070707070707,0.020231014,0.0151515151515151,0.0757575757575757,1.5322533,0.9544367571452992
2010-11-05,0.7611788617886179,0.02222201,0.0172764227642276,0.0904471544715447,1.3572327,0.9606786544389468
2010-11-08,0.8974358974358975,0.023643166,0.0246153846153846,0.1435897435897435,0.7522047,0.9694519712912116
2010-11-09,0.532520325203252,0.026116645,0.0203252032520325,0.1036585365853658,1.1459646,0.9692477975194496
2010-11-10,0.5443425076452599,0.024863143,0.0101936799184505,0.0897043832823649,0.78466606,0.970053092498803
2010-11-11,0.2042900919305413,0.022342756,0.0040858018386108,0.0551583248212461,1.6864568,0.9699250456159504
2010-11-12,0.0485036119711042,0.030563055,-0.1124871001031991,0.0144478844169246,1.4038094,0.9691044792966174
2010-11-15,0.8810975609756098,0.028958568,0.0335365853658536,0.0457317073170731,0.2611715,0.9575152507373076
2010-11-16,0.1812627291242362,0.032011453,-0.0061099796334012,0.0183299389002036,0.76018804,0.9549808435135848
2010-11-17,0.1168699186991869,0.030193258,-0.0355691056910569,-0.0020325203252032,-0.1010262,0.957110346134027
2010-11-18,0.8219735503560529,0.020951444,0.0081383519837232,0.005086469989827,0.61036706,0.9491355434809292
2010-11-19,0.923780487804878,0.024438657,0.0264227642276422,0.0345528455284552,0.75801235,0.951727162958285
2010-11-22,0.7642276422764228,0.02437499,0.0223577235772357,0.0508130081300813,1.164521,0.954163924803524
2010-11-23,0.3231707317073171,0.030243052,0.0111788617886178,0.0376016260162601,0.99324256,0.9498495320254028
2010-11-24,0.939209726443769,0.018945063,0.0131712259371833,0.0699088145896656,1.2681692,0.9535731986547108
2010-11-25,0.5991820040899796,0.02441349,0.0112474437627811,0.0388548057259713,0.7964266,0.9573881534622872
2010-11-26,0.4073694984646878,0.0224556,0.0092118730808597,0.0409416581371545,1.3301911,0.9561403887332968
2010-11-29,0.5827338129496403,0.023788534,0.0082219938335046,0.0524152106885919,0.8526041,0.9573030549950556
2010-11-30,0.1214285714285714,0.028959319,0.0091836734693877,0.0122448979591836,1.8345422,0.9572315018398284
2010-12-01,0.5040567951318459,0.023165276,0.011156186612576,0.0172413793103448,1.1973145,0.940963993756032
2010-12-02,0.6414904330312186,0.02190797,0.0151057401812688,0.0281973816717019,1.6038924,0.9492580053829066
2010-12-03,0.3160040774719674,0.022938203,0.0040774719673802,0.0163098878695209,0.8094977,0.9481425569128508
2010-12-06,0.1881390593047034,0.02317263,0.0030674846625766,0.0040899795501022,1.088013,0.9549247117993674
2010-12-07,0.7838383838383839,0.019261293,0.006060606060606,0.0101010101010101,0.8980256,0.9512731688139966
2010-12-08,0.3279187817258883,0.019110268,0.0030456852791878,0.016243654822335,1.4794679,0.9439840995494938
2010-12-09,0.1512690355329949,0.021767724,0.0030456852791878,0.0020304568527918,1.0313426,0.9472724615187976
2010-12-10,0.8428571428571429,0.017510066,0.0051020408163265,0.0193877551020408,1.0818238,0.9422970414221644
2010-12-13,0.9918200408997956,0.016221281,0.0132924335378323,0.0388548057259713,1.5847578,0.957640300968604
2010-12-14,0.7963525835866262,0.019871676,0.0192502532928064,0.0516717325227963,2.0632448,0.945398594489038
2010-12-15,0.3563336766220391,0.020328294,0.0092687950566426,0.035015447991761,1.8809557,0.945167985708954
2010-12-16,0.5020491803278688,0.018247537,0.0030737704918032,0.0297131147540983,1.4623971,0.9444806179237298
2010-12-17,0.5436793422404933,0.018042518,0.0030832476875642,0.0339157245632065,1.3189386,0.947311864373832
2010-12-20,0.2379487179487179,0.024011087,0.0041025641025641,0.0246153846153846,1.3020024,0.953575591892632
2010-12-21,0.7538304392236976,0.020482121,0.0091930541368743,0.0316649642492339,1.2215002,0.9517686878489734
2010-12-22,0.2689938398357289,0.019117272,0.0030800821355236,0.0133470225872689,1.2539442,0.9509205501500392
2010-12-23,0.1221995926680244,0.02074508,0.0010183299389002,0.0142566191446028,1.0389664,0.9486159010294326
2010-12-24,0.1914460285132382,0.023574557,-0.0010183299389002,0.0040733197556008,0.47742128,0.954896267378188
2010-12-27,0.0751802265705458,0.02129882,-0.0041194644696189,-0.0072090628218331,0.63421565,0.953241111443444
2010-12-28,0.2054933875890132,0.024802975,-0.0020345879959308,-0.034587995930824,0.3435387,0.9547849760989492
2010-12-29,0.911042944785276,0.017960604,0.0051124744376278,0.0102249488752556,0.36641878,0.942013249776528
2010-12-30,0.5128205128205128,0.019693792,0.0051282051282051,-0.002051282051282,1.1743351,0.9389569793544849
2010-12-31,0.940996948118006,0.014878564,0.0040691759918616,0.0162767039674465,1.3356175,0.9454340502877436
2011-01-04,0.8653846153846154,0.021002641,0.0182186234817813,0.0283400809716599,1.570569,0.9416704537946864
2011-01-05,0.4939271255060729,0.020421209,0.0060728744939271,0.0222672064777327,1.2921833,0.9421229720586576
2011-01-06,0.4056508577194753,0.020705342,0.0060544904137235,0.0151362260343087,1.1143808,0.9429056679708766
2011-01-07,0.3878787878787879,0.02033962,0.005050505050505,0.007070707070707,0.88011914,0.952086965152438
2011-01-10,0.1229674796747967,0.021639759,-0.0010162601626016,0.0030487804878048,0.97167724,0.9525008545635284
2011-01-11,0.3276036400404449,0.022440406,-0.0040444893832153,-0.0020222446916076,0.07762408,0.9476940789999648
2011-01-12,0.7082066869300911,0.01846804,0.0060790273556231,0.0121580547112462,0.9739839,0.9311691480629518
2011-01-13,0.4235055724417426,0.018364113,0.0020263424518743,0.0060790273556231,0.8837241,0.9265139711023312
2011-01-14,0.1619433198380566,0.022708468,0.0030364372469635,-0.0020242914979757,1.012953,0.940921489045745
2011-01-17,0.0846075433231396,0.027359944,-0.018348623853211,-0.0346585117227319,0.9098024,0.9464870560754092
2011-01-18,0.6477157360406092,0.020255065,0.0050761421319796,-0.0111675126903553,0.41142964,0.929684605675109
2011-01-19,0.9706477732793524,0.017102638,0.0131578947368421,0.0091093117408906,1.8097876,0.9291887221804852
2011-01-20,0.0887755102040816,0.025768857,0.0010204081632653,-0.0397959183673469,1.2408292,0.9246543743141696
2011-01-21,0.7288481141692151,0.019276489,0.0020387359836901,0.001019367991845,0.1471027,0.9107080668483571
2011-01-24,0.1977573904179408,0.028966293,-0.0214067278287461,-0.0285423037716615,-0.24838245,0.918559374403346
2011-01-25,0.2272727272727272,0.027623178,-0.0181818181818181,-0.0424242424242424,-0.27521873,0.9222137542007428
2011-01-26,0.9163265306122448,0.0154732,0.0051020408163265,0.0010204081632653,1.0485789,0.919577057931545
2011-01-27,0.8514750762970499,0.016741646,0.0040691759918616,0.0,0.7318339,0.9232111817242326
2011-01-28,0.7660878447395302,0.018590432,0.0091930541368743,0.0091930541368743,1.6988602,0.9125370762077384
2011-01-31,0.8193877551020409,0.018664358,0.0112244897959183,0.0224489795918367,1.6911268,0.8977730794186792
2011-02-01,0.5125881168177241,0.018082324,0.0060422960725075,0.0120845921450151,1.2486624,0.8967986883084691
2011-02-09,0.3617234468937875,0.022473319,0.0070140280561122,0.0100200400801603,1.2695608,0.911445131398242
2011-02-10,0.9759036144578314,0.018928513,0.0240963855421686,0.0170682730923694,1.3640739,0.9291976318179088
2011-02-11,0.725050916496945,0.01883616,0.0112016293279022,0.015274949083503,1.7342651,0.9360378655218976
2011-02-14,0.915991902834008,0.017033974,0.0121457489878542,0.0141700404858299,2.038342,0.9411917276422608
2011-02-15,0.3975782038345106,0.019331386,0.0131180625630676,0.0232088799192734,2.498787,0.9290907803568674
2011-02-16,0.9142857142857144,0.017999267,0.010204081632653,0.0326530612244898,1.5665604,0.9355151706931356
2011-02-17,0.5171370967741935,0.019602481,0.0050403225806451,0.0211693548387096,1.3176131,0.9436189918547744
2011-02-18,0.2978505629477994,0.022040198,0.0051177072671443,0.0092118730808597,1.0002354,0.9341223062829972
2011-02-21,0.9375639713408394,0.019778224,0.0163766632548618,0.0317297850562947,1.393956,0.9418898944103034
2011-02-22,0.1264016309887869,0.02463253,0.0050968399592252,0.0101936799184505,1.5542629,0.9475037119041224
2011-02-23,0.8226950354609929,0.020488229,0.0091185410334346,0.0202634245187436,1.5144458,0.9286918276242438
2011-02-24,0.6632962588473206,0.02248114,0.0091001011122345,0.0101112234580384,0.4776196,0.9330792054835364
2011-02-25,0.4698055271238485,0.020142367,0.0030706243602865,0.0122824974411463,0.75141776,0.9419145518810632
2011-02-28,0.802672147995889,0.018352555,0.0071942446043165,0.0256937307297019,1.1441714,0.943952221272212
2011-03-01,0.5582573454913881,0.018900925,0.0070921985815602,0.0253292806484295,1.6611147,0.9543512515563152
2011-03-02,0.418932527693857,0.021360416,0.0060422960725075,0.026183282980866,1.157268,0.9504157677959972
2011-03-03,0.1842900302114803,0.022210093,0.0080563947633434,0.0090634441087613,1.5570118,0.9461572336416336
2011-03-04,0.8551307847082495,0.016779147,0.0080482897384305,0.0201207243460764,1.6483274,0.9443751946822996
2011-03-07,0.7693089430894309,0.016628671,0.0060975609756097,0.0264227642276422,1.8886516,0.9536231294550548
2011-03-08,0.6064908722109533,0.017281175,0.0020283975659229,0.0223123732251521,1.2418091,0.9476919937434374
2011-03-09,0.4747474747474747,0.019184873,0.007070707070707,0.0262626262626262,1.6632105,0.9401898599661412
2011-03-10,0.382741116751269,0.019926753,0.0030456852791878,0.0243654822335025,1.2989529,0.9409275618067092
2011-03-11,0.4339430894308943,0.021408629,0.0121951219512195,0.0345528455284552,1.4872067,0.9368971513136916
2011-03-14,0.6890927624872579,0.023710188,0.0112130479102956,0.0479102956167176,0.79915166,0.939012105689394
2011-03-15,0.236734693877551,0.02449018,0.0061224489795918,0.023469387755102,1.3410981,0.9366426093646434
2011-03-16,0.7589013224821973,0.019011164,0.0091556459816887,0.0264496439471007,1.3862642,0.9338497308569736
2011-03-17,0.1806122448979591,0.022764161,0.0030612244897959,0.0040816326530612,1.0789217,0.9460852630511216
2011-03-18,0.7295336787564767,0.019306786,0.0062176165803108,0.016580310880829,0.51279795,0.9294000520246896
2011-03-21,0.3929679420889349,0.021581685,-0.0010341261633919,0.0175801447776628,0.31643447,0.9304272692364562
2011-03-22,0.4467213114754098,0.018341383,0.0030737704918032,0.0194672131147541,0.88968897,0.9317538076003912
2011-03-23,0.8317948717948718,0.017392464,0.0123076923076923,0.0215384615384615,1.9404984,0.9314569364892468
2011-03-24,0.5289928789420142,0.019398693,0.0091556459816887,0.0295015259409969,1.5809461,0.9303573631368725
2011-03-25,0.6116803278688525,0.019341428,0.0081967213114754,0.040983606557377,1.4529525,0.93408837234406
2011-03-28,0.4389233954451346,0.02544712,0.0113871635610766,0.041407867494824,0.8073006,0.9444854700200764
2011-03-29,0.25,0.028429456,-0.0040983606557377,0.0204918032786885,0.48431867,0.9446932856120198
2011-03-30,0.3128205128205128,0.024923237,0.002051282051282,0.0082051282051282,0.34130847,0.9451926734571344
2011-03-31,0.3299284984678243,0.023766663,-0.0010214504596527,0.0051072522982635,-0.072431155,0.9348431064621868
2011-04-01,0.8490759753593429,0.018194329,0.0051334702258726,0.0236139630390143,0.85647494,0.9232610746415424
2011-04-06,0.4564102564102564,0.021384453,0.0051282051282051,0.0235897435897435,0.70631087,0.943953682338642
2011-04-07,0.6880733944954128,0.01818663,0.0030581039755351,0.0203873598369011,0.5138728,0.939030933931064
2011-04-08,0.7411273486430062,0.018332897,0.0104384133611691,0.034446764091858,1.7024456,0.9432689948987758
2011-04-11,0.2779487179487179,0.021374399,0.0051282051282051,0.0307692307692307,1.4748975,0.9427317348825744
2011-04-12,0.4648033126293996,0.020085724,0.005175983436853,0.0175983436853002,0.9738249,0.9425883652215324
2011-04-13,0.7924335378323109,0.0168028,0.0051124744376278,0.0235173824130879,1.2781069,0.9367211299913876
2011-04-14,0.3967446592065107,0.021060612,0.0091556459816887,0.0305188199389623,1.546783,0.9397558300466912
2011-04-15,0.4357894736842105,0.02092899,0.0042105263157894,0.0431578947368421,0.8800347,0.93473849641653
2011-04-18,0.5577731092436975,0.023646554,0.0063025210084033,0.0525210084033613,0.8101637,0.9360565675325438
2011-04-19,0.331945889698231,0.026153984,0.0041623309053069,0.023933402705515,0.7634275,0.9370723775368984
2011-04-20,0.6712041884816754,0.023946825,0.0052356020942408,0.0293193717277486,0.21732858,0.9300489890642916
2011-04-21,0.6064382139148494,0.022505676,0.0083073727933541,0.0353063343717549,0.6507762,0.9408543108093802
2011-04-22,0.3785488958990536,0.023790842,0.0042060988433228,0.0241850683491062,0.73107016,0.937316201775774
2011-04-25,0.1682242990654205,0.028908549,-0.0134994807892004,-0.004153686396677,0.5417155,0.9471968203802332
2011-04-26,0.2111225540679711,0.027572552,-0.0164778578784757,-0.0133882595262615,0.012227695,0.9452612966062924
2011-04-27,0.2813141683778234,0.025177373,-0.0061601642710472,-0.0123203285420944,0.1267124,0.9297788224001812
2011-04-28,0.0762800417972831,0.026447603,-0.0240334378265412,-0.0365726227795193,0.13584773,0.9367832251496108
2011-04-29,0.8212809917355371,0.020610608,0.0020661157024793,-0.009297520661157,-0.71409595,0.926779654463228
2011-05-03,0.8776758409785933,0.018611042,0.0101936799184505,0.0163098878695209,1.18774,0.909624127744264
2011-05-04,0.1244897959183673,0.020797774,0.0030612244897959,-0.0214285714285714,1.2727125,0.9231796000691306
2011-05-05,0.6982670744138634,0.018500166,0.0050968399592252,-0.0030581039755351,0.7367141,0.9141553656109186
2011-05-06,0.6444212721584984,0.017812375,0.0041710114702815,0.0093847758081334,0.5055565,0.9222347791515222
2011-05-09,0.7754677754677755,0.017615562,0.0083160083160083,0.0332640332640332,1.720271,0.9171784126934412
2011-05-10,0.6645702306079665,0.019075744,0.0073375262054507,0.020964360587002,1.7016374,0.9100047518333017
2011-05-11,0.5689300411522634,0.020106608,0.0082304526748971,0.0277777777777777,1.513697,0.9133164181632102
2011-05-12,0.1888544891640866,0.021447795,0.002063983488132,0.0061919504643962,0.9954903,0.9156226204950408
2011-05-13,0.7151832460732984,0.02046017,0.0094240837696335,0.0324607329842931,1.06592,0.9126311919706684
2011-05-16,0.4546402502606882,0.020971293,0.0093847758081334,0.0281543274244004,1.3903041,0.9118646912525346
2011-05-17,0.3855670103092783,0.025392778,-0.0061855670103092,-0.0010309278350515,-0.2799141,0.9128880761826242
2011-05-18,0.6383881230116649,0.019538278,0.009544008483563,0.0021208907741251,1.1692677,0.912429758880538
2011-05-19,0.3288521199586349,0.019638311,0.0062047569803516,-0.0072388831437435,1.501256,0.914208476109978
2011-05-20,0.3457844183564568,0.020557525,0.0064034151547491,-0.0117395944503735,1.1661721,0.9152290261147564
2011-05-23,0.0672182006204757,0.02675801,-0.0134436401240951,-0.0651499482936918,1.2741898,0.9299780536022896
2011-05-24,0.5147808358817533,0.025819106,0.0112130479102956,-0.0152905198776758,0.53814393,0.9172074097413596
2011-05-25,0.2004132231404958,0.023804812,0.006198347107438,-0.0433884297520661,1.1461623,0.9012099776535224
2011-05-26,0.3041237113402061,0.024582371,0.0092783505154639,-0.0546391752577319,0.6930367,0.8961273164193336
2011-05-27,0.1073271413828689,0.030639993,-0.0495356037151702,-0.0866873065015479,0.07650572,0.9113476167265596
2011-05-30,0.2257731958762886,0.031730805,-0.0278350515463917,-0.0783505154639175,-0.08613223,0.9072385236665222
2011-05-31,0.9241803278688524,0.017743783,0.0040983606557377,0.0020491803278688,-0.17841345,0.903884850052212
2011-06-01,0.8377551020408164,0.019018216,0.0173469387755102,0.0081632653061224,2.248088,0.895453816569707
2011-06-02,0.1585858585858585,0.021122249,0.003030303030303,-0.0424242424242424,1.2924646,0.9032276616442614
2011-06-03,0.9251012145748988,0.016938297,0.0131578947368421,0.0030364372469635,1.7315236,0.907747626820384
2011-06-07,0.7907444668008048,0.018673586,0.0130784708249496,0.0100603621730382,1.6884421,0.8975917640547583
2011-06-08,0.5806122448979592,0.019869203,0.0173469387755102,0.010204081632653,2.2449543,0.8943216701407743
2011-06-09,0.1095334685598377,0.021915484,0.0050709939148073,-0.024340770791075,1.3802055,0.9058741816552086
2011-06-10,0.4907786885245901,0.020465152,0.0051229508196721,-0.0379098360655737,0.74344707,0.9082987783136016
2011-06-13,0.392675483214649,0.0179455,0.0010172939979654,-0.0203458799593082,0.412561,0.8963838850989708
2011-06-14,0.8970736629667003,0.015025206,0.0050454086781029,0.0060544904137235,1.5796447,0.9183654056066388
2011-06-15,0.2044760935910478,0.01799656,0.005086469989827,-0.0233977619532044,1.7190298,0.9109008744251212
2011-06-16,0.0910951893551688,0.021575961,-0.007164790174002,-0.09007164790174,0.034768842,0.9148607351285012
2011-06-17,0.1595092024539877,0.019308416,-0.0010224948875255,-0.1124744376278118,0.23612122,0.9105389251814212
2011-06-20,0.2556701030927835,0.023721695,0.0041237113402061,-0.1391752577319587,0.6433646,0.922872867409384
2011-06-21,0.8771573604060914,0.018112158,0.0101522842639593,-0.0050761421319796,1.011209,0.9066693233786872
2011-06-22,0.3919191919191919,0.017710717,0.003030303030303,-0.0343434343434343,1.1494348,0.8966097940537642
2011-06-23,0.9309644670050762,0.017430436,0.0101522842639593,0.0010152284263959,1.1840856,0.9244638908872038
2011-06-24,0.9721074380165288,0.01650285,0.0175619834710743,0.003099173553719,2.062989,0.93542513120701
2011-06-27,0.8665987780040734,0.019039301,0.0173116089613034,0.0081466395112016,1.9797225,0.9316592856284892
2011-06-28,0.5005128205128205,0.017551564,0.0102564102564102,0.0051282051282051,2.3007433,0.9213489361402364
2011-06-29,0.1614583333333333,0.019711124,0.0052083333333333,0.0041666666666666,1.8379923,0.9264172862931616
2011-06-30,0.9001040582726326,0.015015701,0.0072840790842872,0.0052029136316337,1.9627239,0.93298619834668
2011-07-01,0.6020408163265306,0.017125992,0.0071428571428571,0.0112244897959183,1.8692735,0.9267777113761988
2011-07-04,0.9817444219066938,0.015937336,0.0141987829614604,0.0152129817444219,2.055147,0.94714990510185
2011-07-05,0.6700507614213198,0.017819516,0.0101522842639593,0.016243654822335,2.0798512,0.9354040434856872
2011-07-06,0.5101214574898786,0.01699509,0.0020242914979757,0.0172064777327935,1.5912793,0.936677678168884
2011-07-07,0.4243654822335025,0.018651353,0.0020304568527918,0.0071065989847715,1.2830864,0.945991374969504
2011-07-08,0.4115267947421638,0.019185165,0.0030333670374115,0.0131445904954499,1.3133737,0.9389702756268666
2011-07-11,0.7392197125256673,0.018022176,0.0061601642710472,0.0236139630390143,1.7010044,0.927160081986674
2011-07-12,0.1544715447154471,0.020665372,0.0010162601626016,0.0091463414634146,1.4518833,0.9276054486344086
2011-07-13,0.9705583756345176,0.015915481,0.0091370558375634,0.0213197969543147,1.9293407,0.9385337743146124
2011-07-14,0.7674418604651163,0.019679623,0.0111223458038422,0.0303336703741152,1.3966926,0.940439914579588
2011-07-15,0.6312563840653729,0.021107884,0.0040858018386108,0.0224719101123595,0.85793173,0.9456891026037706
2011-07-18,0.4697435897435897,0.019731745,0.0061538461538461,0.0235897435897435,1.2799562,0.947550726508518
2011-07-19,0.21580547112462,0.01945382,0.0010131712259371,0.0131712259371833,1.2373751,0.942457485360716
2011-07-20,0.5250255362614913,0.018303093,0.0030643513789581,0.010214504596527,1.0490489,0.9422952064420248
2011-07-21,0.2014314928425357,0.019457322,0.0020449897750511,0.0112474437627811,1.3305008,0.9367590109817624
2011-07-22,0.6311475409836066,0.017368428,0.0030737704918032,0.0143442622950819,1.0759224,0.9326464577083082
2011-07-25,0.0421377183967112,0.02399351,-0.0123329907502569,-0.0030832476875642,0.9019457,0.9485374337904432
2011-07-26,0.6450304259634888,0.019854452,0.0040567951318458,0.0040567951318458,0.71879053,0.9246603164448022
2011-07-27,0.9188911704312116,0.01762443,0.0133470225872689,0.015400410677618,1.8455722,0.9303571460531004
2011-07-28,0.3490276356192426,0.020263428,0.0030706243602865,0.0102354145342886,1.3388988,0.9256298162203704
2011-07-29,0.2679671457905544,0.019311717,0.0010266940451745,-0.0061601642710472,0.3937642,0.9307711054950536
2011-08-01,0.6783144912641316,0.017311579,0.0030832476875642,0.0041109969167523,0.7547928,0.9257290491493786
2011-08-02,0.3212487411883182,0.020287829,0.0030211480362537,-0.0181268882175226,1.0277619,0.9216937242179566
2011-08-03,0.5707070707070707,0.017059332,0.004040404040404,-0.005050505050505,1.0858194,0.9282563233603438
2011-08-04,0.6475327291037261,0.018614493,0.0070493454179254,0.0020140986908358,1.1650882,0.9251014360152694
2011-08-05,0.103763987792472,0.02058869,0.0,-0.0498474059003051,1.0225545,0.9298976607815782
2011-08-08,0.0466531440162271,0.030249879,-0.0649087221095334,-0.2129817444219067,1.1250821,0.947493751297758
2011-08-09,0.3107971745711402,0.022512726,0.0050454086781029,-0.2129162462159435,1.0048319,0.9358417716969346
2011-08-10,0.8873096446700508,0.019080987,0.0172588832487309,-0.0030456852791878,1.8644572,0.9227781669458152
2011-08-11,0.9133064516129032,0.019518485,0.0191532258064516,0.0110887096774193,1.6157926,0.9302658407552384
2011-08-12,0.8282520325203252,0.018730337,0.0091463414634146,0.0121951219512195,1.4533647,0.9324528181997942
2011-08-15,0.889564336372847,0.019603724,0.0162107396149949,0.0081053698074974,1.5804384,0.932782933521266
2011-08-16,0.2517766497461929,0.019138848,0.0050761421319796,0.0071065989847715,1.7459605,0.9308772794039036
2011-08-17,0.4223350253807106,0.018517446,0.0030456852791878,0.0050761421319796,1.1780386,0.9237302305105294
2011-08-18,0.1355759429153924,0.019186178,0.0030581039755351,-0.0173292558613659,1.3050152,0.9314053576116872
2011-08-19,0.2642857142857143,0.01817135,0.0010204081632653,-0.0612244897959183,0.74535406,0.931745641630424
2011-08-22,0.4193877551020408,0.020394277,0.0071428571428571,-0.0336734693877551,0.9679311,0.923813416528305
2011-08-23,0.93794506612411,0.016562166,0.0071210579857578,0.0040691759918616,1.3348131,0.928676401235254
2011-08-24,0.4081218274111675,0.020044921,0.0060913705583756,0.0020304568527918,1.2838073,0.930075752848114
2011-08-25,0.8884381338742393,0.01641846,0.0050709939148073,0.0050709939148073,0.80302984,0.944161535115566
2011-08-26,0.5818921668362157,0.016664615,0.005086469989827,0.0061037639877924,1.5942417,0.9401126304898488
2011-08-29,0.3048780487804878,0.01937179,0.0030487804878048,0.0071138211382113,0.92812073,0.9395327675386004
2011-08-30,0.1967545638945233,0.017982,0.0010141987829614,-0.0020283975659229,1.3216772,0.9393829652909604
2011-08-31,0.3228105906313646,0.019380692,0.0010183299389002,-0.0030549898167006,0.8858602,0.9327038908752522
2011-09-01,0.3232016210739615,0.019161081,0.0040526849037487,-0.0010131712259371,1.3488662,0.9315221420193774
2011-09-02,0.1829268292682926,0.018733077,0.0020325203252032,-0.0345528455284552,0.9393008,0.9270667290101532
2011-09-05,0.1026422764227642,0.020760551,0.0,-0.1229674796747967,0.92098224,0.9300004884229528
2011-09-06,0.3496932515337423,0.018930806,0.0,-0.1063394683026584,-0.0076983795,0.9109033306135106
2011-09-07,0.9777553083923156,0.015543519,0.0070778564206268,0.0010111223458038,1.0292004,0.9200517854087004
2011-09-08,0.1890495867768595,0.018336495,0.0041322314049586,-0.0134297520661157,1.3815647,0.9198607207751018
2011-09-09,0.3611111111111111,0.018080864,0.0020576131687242,-0.0257201646090535,0.3645962,0.917873065447363
2011-09-13,0.1740020470829068,0.019460615,-0.0010235414534288,-0.1361310133060388,0.37932107,0.9209919953156254
2011-09-14,0.8613659531090724,0.016540064,0.0050968399592252,-0.0101936799184505,0.41770685,0.9173605276478832
2011-09-15,0.4815950920245399,0.016768998,0.0051124744376278,-0.00920245398773,2.0169823,0.9064745788484878
2011-09-16,0.4196891191709844,0.015414928,0.0010362694300518,-0.0134715025906735,1.1669993,0.905631911339462
2011-09-19,0.1164453524004085,0.019652065,0.0010214504596527,-0.153217568947906,0.99886113,0.9158309176932888
2011-09-20,0.6962663975782039,0.015907515,0.0010090817356205,-0.0322906155398587,0.4640729,0.906221556137396
2011-09-21,0.9909274193548387,0.012841764,0.0080645161290322,0.0050403225806451,1.7348299,0.9264570029379208
2011-09-22,0.0725806451612903,0.019108422,0.002016129032258,-0.0695564516129032,1.4425393,0.9196393401237314
2011-09-23,0.2776089159067882,0.019813972,0.0020263424518743,-0.1296859169199594,0.8134357,0.9135993994998272
2011-09-26,0.1338100102145046,0.018450547,0.0030643513789581,-0.2185903983656792,1.1731725,0.905992254028724
2011-09-27,0.6524390243902439,0.017816748,0.0010162601626016,-0.040650406504065,-0.2788076,0.9037928788367554
2011-09-28,0.1191446028513238,0.019786702,-0.0091649694501018,-0.2291242362525458,-0.23923294,0.9068369512131602
2011-09-29,0.0492307692307692,0.02462456,-0.0276923076923076,-0.3958974358974359,-0.09756917,0.9305033227916046
2011-09-30,0.4686536485097636,0.02142428,0.0,-0.2415210688591983,-0.49540645,0.9185821581451608
2011-10-10,0.3655244029075805,0.019699903,-0.0010384215991692,-0.2741433021806853,-0.0773402,0.8983143814382095
2011-10-11,0.4827586206896552,0.020227179,0.0,-0.1906693711967545,0.28509644,0.8996312738769973
2011-10-12,0.9888551165146908,0.016048715,0.0151975683890577,0.0020263424518743,1.2166924,0.910911347755236
2011-10-13,0.8532388663967612,0.017064275,0.0050607287449392,-0.0010121457489878,1.6614604,0.9153884364315952
2011-10-14,0.270961145194274,0.017456207,0.0030674846625766,-0.00920245398773,1.3334762,0.9056631500290672
2011-10-17,0.5134297520661157,0.01809219,0.0072314049586776,-0.0051652892561983,1.5974709,0.8973031659589341
2011-10-18,0.0641158221302999,0.023010485,-0.0093071354705274,-0.1334022750775594,0.80963266,0.909431502073145
2011-10-19,0.3486238532110092,0.019394422,0.0030581039755351,-0.1712538226299694,0.54695857,0.899130982529928
2011-10-20,0.0896130346232179,0.02276167,-0.0081466395112016,-0.4073319755600815,0.5623757,0.920571644965173
2011-10-21,0.1536113936927772,0.022757163,-0.0142421159715157,-0.4333672431332655,-0.8582641,0.9090880845863004
2011-10-24,0.8338399189463019,0.021021308,0.0050658561296859,-0.0688956433637284,-0.32918167,0.9133291903721322
2011-10-25,0.9837728194726166,0.017558934,0.0152129817444219,-0.0030425963488843,1.0306797,0.9152944330280766
2011-10-26,0.6776180698151951,0.017951682,0.0082135523613963,-0.0010266940451745,1.7219245,0.9272256336492264
2011-10-27,0.4559426229508196,0.01843916,0.0081967213114754,-0.0051229508196721,1.6963108,0.9206410549764524
2011-10-28,0.9560327198364008,0.016423963,0.0112474437627811,0.0030674846625766,1.5179447,0.9285500549377522
2011-10-31,0.6519507186858317,0.020471118,0.0133470225872689,0.0071868583162217,1.7193083,0.9151672459476474
2011-11-01,0.4288617886178861,0.019739572,0.008130081300813,0.0030487804878048,1.8195976,0.9212279935603168
2011-11-02,0.8630412890231621,0.020134855,0.013091641490433,0.0120845921450151,1.6568954,0.9308598442930912
2011-11-03,0.6266397578203835,0.021575224,0.0171543895055499,0.0040363269424823,1.4094392,0.940377960122014
2011-11-04,0.7145748987854251,0.018296098,0.0070850202429149,0.0050607287449392,1.5431173,0.931104041690796
2011-11-07,0.3353658536585366,0.01690102,0.0,0.0050813008130081,1.1716554,0.9342582139300408
2011-11-08,0.1768916155419223,0.017710105,0.0,0.0030674846625766,1.1666522,0.9369384436071032
2011-11-09,0.8818737270875764,0.018124765,0.015274949083503,0.0112016293279022,1.8316106,0.9267775400195856
2011-11-10,0.1950718685831622,0.02116323,0.0041067761806981,0.002053388090349,1.4833597,0.9211557991535246
2011-11-11,0.477319587628866,0.01880703,0.0051546391752577,0.0030927835051546,1.4229772,0.9241173608939758
2011-11-14,0.9783950617283952,0.017397774,0.0164609053497942,0.0082304526748971,1.8958777,0.9400254038687602
2011-11-15,0.6876288659793814,0.019291256,0.0134020618556701,0.0092783505154639,1.737213,0.935370011492246
2011-11-16,0.0744897959183673,0.019974474,0.0061224489795918,0.0051020408163265,2.545453,0.9339328103445952
2011-11-17,0.4569672131147541,0.017021716,0.0020491803278688,0.0061475409836065,1.3125983,0.921885334135106
2011-11-18,0.0656410256410256,0.0201232,0.0,-0.0194871794871794,0.8425904,0.9348132216065722
2011-11-21,0.5689479060265578,0.020789262,0.0051072522982635,-0.0091930541368743,0.529987,0.9212468184600596
2011-11-22,0.3914373088685015,0.017360587,0.0040774719673802,-0.0173292558613659,1.1620018,0.9054659244156998
2011-11-23,0.2780040733197556,0.016899781,0.0010183299389002,-0.0336048879837067,0.88232917,0.9075080233971272
2011-11-24,0.3530612244897959,0.017857447,0.0051020408163265,-0.046938775510204,1.5461693,0.9123506502845086
2011-11-25,0.2589194699286442,0.019084552,0.0030581039755351,-0.0662589194699286,1.0825634,0.9035596341680708
2011-11-28,0.4457083764219234,0.01926079,0.0010341261633919,-0.0692864529472595,0.24273379,0.9071984647514808
2011-11-29,0.8895705521472392,0.01694877,0.0071574642126789,-0.0010224948875255,1.1954385,0.9228641667590618
2011-11-30,0.0449897750511247,0.024495183,-0.0143149284253578,-0.2341513292433537,1.2361573,0.9319079588889402
2011-12-01,0.947799385875128,0.016872566,0.007164790174002,-0.0051177072671443,1.438905,0.9265278745514772
2011-12-02,0.1266464032421479,0.02245994,-0.0010131712259371,-0.182370820668693,0.72003,0.926610518822388
2011-12-05,0.0682281059063136,0.023286961,-0.015274949083503,-0.3635437881873727,0.20596936,0.934855322273624
2011-12-06,0.549949545913219,0.020450745,-0.0020181634712411,-0.1997981836528758,-0.27943087,0.918974903222479
2011-12-07,0.591919191919192,0.0151340095,0.003030303030303,-0.1121212121212121,0.8859029,0.901455587626286
2011-12-08,0.4313131313131313,0.017269922,0.003030303030303,-0.1696969696969697,1.2272158,0.9068709418539572
2011-12-09,0.201417004048583,0.015970943,0.0,-0.26417004048583,0.3073408,0.908095313530538
2011-12-12,0.1602434077079107,0.018020064,-0.0010141987829614,-0.3600405679513184,-0.32257372,0.912117919478552
2011-12-13,0.0535353535353535,0.024139054,-0.0111111111111111,-0.5626262626262626,0.6610822,0.9310231064773536
2011-12-14,0.1171717171717171,0.021111606,-0.004040404040404,-0.5818181818181818,-0.22841279,0.9095618204195222
2011-12-15,0.1171079429735234,0.027318686,-0.0173116089613034,-0.6272912423625254,0.2321908,0.9317246210391394
2011-12-16,0.9325842696629212,0.020447167,0.0081716036772216,-0.0459652706843718,-0.6903517,0.9142984539607218
2011-12-19,0.432073544433095,0.022971053,0.0091930541368743,-0.0796731358529111,1.0245954,0.9007719618849648
2011-12-20,0.3961303462321792,0.02133586,0.0061099796334012,-0.0672097759674134,0.83985275,0.904675068917534
2011-12-21,0.0666666666666666,0.022428488,-0.0082051282051282,-0.3538461538461538,0.5121413,0.9108591161829944
2011-12-22,0.170061099796334,0.02750582,-0.005091649694501,-0.5213849287169042,0.68074226,0.9171746188788004
2011-12-23,0.7579162410623085,0.019709239,0.0122574055158324,-0.093973442288049,1.0976527,0.9014051106456096
2011-12-26,0.2989690721649484,0.020824345,0.0041237113402061,-0.2298969072164948,0.7404765,0.9003160503256599
2011-12-27,0.0655737704918032,0.023469767,-0.0184426229508196,-0.5522540983606558,0.17842554,0.9092930517110048
2011-12-28,0.3069001029866117,0.024326503,0.0041194644696189,-0.4716786817713697,0.4919132,0.9173668842693208
2011-12-29,0.4304979253112033,0.018607527,0.0031120331950207,-0.3319502074688796,0.89571005,0.914845353835684
2011-12-30,0.9434156378600824,0.016017297,0.0061728395061728,-0.0113168724279835,0.53468955,0.9211826806609156
2012-01-04,0.0781089414182939,0.02215821,-0.0061664953751284,-0.4110996916752312,0.397397,0.9176064291349556
2012-01-05,0.0386965376782077,0.028104983,-0.0712830957230142,-0.6924643584521385,0.5611449,0.9176483698172548
2012-01-06,0.6359026369168357,0.025367515,0.0010141987829614,-0.2718052738336714,-0.35192046,0.9102369680391376
2012-01-09,0.9908350305498982,0.01746066,0.0325865580448065,-0.0030549898167006,0.7163718,0.9172721375160952
2012-01-10,0.992914979757085,0.01889027,0.0445344129554655,0.0010121457489878,1.0604004,0.9308069728549128
2012-01-11,0.4873353596757852,0.021062687,0.0131712259371833,-0.0010131712259371,1.7083296,0.9257839845799816
2012-01-12,0.3879837067209776,0.01848616,0.005091649694501,-0.0030549898167006,1.2829084,0.923679506490426
2012-01-13,0.0552712384851586,0.02498837,-0.0255885363357216,-0.0573183213920163,1.0292078,0.9247974187945456
2012-01-16,0.0407523510971786,0.026599199,-0.0407523510971786,-0.2361546499477534,0.13137351,0.915937258190308
2012-01-17,0.9948717948717948,0.018526165,0.042051282051282,-0.001025641025641,-0.5944,0.9262376959290344
2012-01-18,0.0953346855983772,0.026587857,-0.0192697768762677,-0.0669371196754563,0.21737032,0.9181370609232764
2012-01-19,0.7183383991894631,0.021875782,0.0070921985815602,-0.0385005065856129,0.06580235,0.9142075256477212
2012-01-20,0.8421052631578947,0.018199855,0.0060728744939271,-0.0030364372469635,0.6711591,0.9252428790908264
2012-01-30,0.3656565656565657,0.018020911,0.004040404040404,-0.001010101010101,1.5146325,0.9229474981980428
2012-01-31,0.483248730964467,0.0205469,0.0020304568527918,-0.0101522842639593,0.36223903,0.9125563166284266
2012-02-01,0.2887537993920973,0.018123746,0.0040526849037487,-0.0101317122593718,1.5402524,0.9155385148113988
2012-02-02,0.9505050505050504,0.015894333,0.0111111111111111,-0.002020202020202,1.9832468,0.91859397813266
2012-02-03,0.9348931841302136,0.018145403,0.017293997965412,0.0,1.797127,0.9370136705508478
2012-02-06,0.7202441505595117,0.019357668,0.0132248219735503,0.0,1.7998068,0.9357910961852024
2012-02-07,0.1181262729124236,0.017654642,0.0010183299389002,0.0,1.8486814,0.9208868329525683
2012-02-08,0.9867482161060144,0.014626901,0.0112130479102956,0.0,1.677143,0.9245701521135978
2012-02-09,0.6992864424057085,0.017136266,0.0112130479102956,0.0,2.33444,0.9301906591380538
2012-02-10,0.6346938775510204,0.018105935,0.0071428571428571,0.0,1.9846117,0.9251171191763348
2012-02-13,0.8340080971659919,0.018902674,0.0091093117408906,0.0010121457489878,1.5019394,0.9299203302539594
2012-02-14,0.4665991902834008,0.018561324,0.0070850202429149,0.0,1.8392396,0.9311019671877522
2012-02-15,0.9491869918699188,0.017622204,0.0203252032520325,0.0,2.12459,0.9366370630697182
2012-02-16,0.4042553191489361,0.02118547,0.011144883485309,0.0,1.7577548,0.9410864524077024
2012-02-17,0.306910569105691,0.019167824,0.0071138211382113,0.0010162601626016,2.1685562,0.9223318636971486
2012-02-20,0.4684317718940937,0.016301317,0.0061099796334012,0.0010183299389002,2.080819,0.9286200816534108
2012-02-21,0.829938900203666,0.015668409,0.0030549898167006,0.0010183299389002,1.8419923,0.9256480125812252
2012-02-22,0.9563451776649746,0.01575378,0.0091370558375634,0.0040609137055837,1.83034,0.9425372562569178
2012-02-23,0.417940876656473,0.017542915,0.0040774719673802,0.0020387359836901,1.7889963,0.9408256391582068
2012-02-24,0.8189216683621566,0.015925013,0.005086469989827,0.0040691759918616,1.7306768,0.9463976744481336
2012-02-27,0.3802242609582059,0.015768984,0.0040774719673802,0.0040774719673802,2.4910505,0.9480003067781734
2012-02-28,0.254841997961264,0.022740778,0.0040774719673802,0.0020387359836901,1.1556292,0.9408916764470058
2012-02-29,0.1714285714285714,0.019028503,0.0030612244897959,0.0,0.935548,0.921518800174086
2012-03-01,0.7243133265513734,0.015627725,0.0030518819938962,0.0040691759918616,1.6894963,0.929842092365004
2012-03-02,0.9655870445344128,0.013356453,0.0030364372469635,0.0050607287449392,1.809276,0.9387999639328726
2012-03-05,0.5131578947368421,0.020617537,0.0111336032388663,0.0060728744939271,1.6373354,0.9424460413326908
2012-03-06,0.2929806714140386,0.022179982,0.0091556459816887,0.0020345879959308,1.7078714,0.9298718488022728
2012-03-07,0.3539553752535497,0.018907825,0.0050709939148073,0.0,1.288053,0.9369698857515418
2012-03-08,0.8944162436548223,0.01610996,0.0050761421319796,0.0020304568527918,1.4332889,0.9410897211582344
2012-03-09,0.8588957055214724,0.015745055,0.0030674846625766,0.0051124744376278,1.3095104,0.9482332114429176
2012-03-12,0.5879345603271984,0.018460957,0.00920245398773,0.0143149284253578,1.7496085,0.944117479927428
2012-03-13,0.7267206477732794,0.01907917,0.0131578947368421,0.0101214574898785,2.0071895,0.9458553487851012
2012-03-14,0.0464177598385469,0.026362084,-0.0050454086781029,0.0050454086781029,1.9679062,0.9505836237616164
2012-03-15,0.240532241555783,0.028341362,0.0081883316274309,0.0040941658137154,1.1533356,0.9449474900471008
2012-03-16,0.9619732785200412,0.018807601,0.0174717368961973,0.0082219938335046,1.0030663,0.9404087150365572
2012-03-19,0.8723186925434117,0.020987831,0.0163432073544433,0.0081716036772216,0.958898,0.9454931477708064
2012-03-20,0.1121399176954732,0.022574788,0.0082304526748971,0.0010288065843621,2.007682,0.9428482253392286
2012-03-21,0.5613496932515337,0.021394886,0.00920245398773,0.0040899795501022,1.022287,0.929559891503835
2012-03-22,0.4097859327217125,0.020812761,0.0081549439347604,0.0081549439347604,1.304474,0.9212160254587132
2012-03-23,0.1223021582733813,0.020885715,-0.0030832476875642,-0.001027749229188,0.8140518,0.9375068239139416
2012-03-26,0.4201853759011328,0.021994313,0.0030895983522142,0.0010298661174047,0.33940366,0.918687032425347
2012-03-27,0.4065040650406504,0.020482937,0.0050813008130081,0.0010162601626016,0.86506546,0.9240850895588248
2012-03-28,0.035015447991761,0.024507636,-0.0175077239958805,-0.0185375901132852,1.2308967,0.9346210120015712
2012-03-29,0.1551901336073998,0.027813599,-0.0123329907502569,-0.040082219938335,0.4892579,0.936070709378146
2012-03-30,0.4224765868886576,0.025329681,-0.0010405827263267,-0.0353798126951092,-0.122514606,0.920754599259829
2012-04-05,0.9855371900826446,0.016678637,0.0134297520661157,0.0010330578512396,0.5024599,0.926828342228355
2012-04-06,0.7078189300411523,0.019137712,0.0113168724279835,-0.0020576131687242,1.6847955,0.9209830557171476
2012-04-09,0.2492339121552604,0.022091454,0.0071501532175689,-0.0132788559754851,1.2671628,0.9228454775354936
2012-04-10,0.7730061349693251,0.02044669,0.0061349693251533,-0.0061349693251533,0.5967714,0.9314589964381162
2012-04-11,0.5873983739837398,0.020849803,0.0132113821138211,-0.0071138211382113,1.6480085,0.9298360910652298
2012-04-12,0.9362139917695472,0.02064606,0.0318930041152263,0.0051440329218107,1.830992,0.9418913425792576
2012-04-13,0.6872427983539094,0.022115663,0.0164609053497942,0.0030864197530864,1.4506793,0.9424730967990648
2012-04-16,0.4865145228215767,0.02376893,0.0186721991701244,0.0031120331950207,1.4506383,0.9322695612685312
2012-04-17,0.1824742268041237,0.024620244,0.0082474226804123,0.0010309278350515,1.1780914,0.9216643587773466
2012-04-18,0.9433368310598113,0.017480597,0.0167890870933892,0.0031479538300104,1.4863971,0.9354848905353376
2012-04-19,0.4145077720207253,0.021943294,0.0103626943005181,0.0,1.0961554,0.928707499207594
2012-04-20,0.7041800643086816,0.019186107,0.0096463022508038,0.0042872454448017,1.3905526,0.9298162714228592
2012-04-23,0.2107995846313603,0.032602336,-0.0051921079958463,-0.0114226375908618,0.602572,0.9372493943934144
2012-04-24,0.2477064220183486,0.03006685,0.0091743119266055,-0.0224260958205912,0.94464964,0.9278928522180476
2012-04-25,0.7590861889927311,0.026647327,0.0259605399792315,-0.0020768431983385,0.54977053,0.914866957138321
2012-04-26,0.340956340956341,0.023819046,0.0103950103950103,-0.0176715176715176,0.9527384,0.9100792532476384
2012-04-27,0.3431578947368421,0.02482219,0.0021052631578947,-0.0084210526315789,0.21543758,0.9199990592695758
2012-05-02,0.7285861713106295,0.024991611,0.0051599587203302,-0.0092879256965944,-0.6133229,0.9252546239410286
2012-05-03,0.5690890481064483,0.0218116,0.0061412487205731,-0.0174002047082906,0.47906455,0.9386218098587876
2012-05-04,0.713265306122449,0.01943872,0.010204081632653,0.0051020408163265,1.3862276,0.9447123286762568
2012-05-07,0.6434426229508197,0.020075768,0.0061475409836065,0.0061475409836065,1.190146,0.9434053645499062
2012-05-08,0.5114345114345115,0.019157913,0.0114345114345114,0.0051975051975051,1.8979081,0.9357592647254108
2012-05-09,0.1893004115226337,0.022110824,0.0051440329218107,0.0010288065843621,1.5782739,0.9299665247577872
2012-05-10,0.5780104712041885,0.018866938,0.0094240837696335,0.0010471204188481,1.5303856,0.9159894842922032
2012-05-11,0.3301787592008412,0.021869354,0.0042060988433228,0.0010515247108307,0.7792903,0.9153898035376316
2012-05-14,0.391124871001032,0.018669557,0.0030959752321981,-0.0030959752321981,0.7560624,0.9250560187828252
2012-05-15,0.3742203742203742,0.0228948,0.0051975051975051,-0.0072765072765072,0.8936175,0.9267195785830716
2012-05-16,0.1983032873806998,0.020088954,0.0063626723223753,-0.009544008483563,1.5301638,0.9183088834447962
2012-05-17,0.8778467908902692,0.017967602,0.0144927536231884,0.005175983436853,1.5579906,0.926446774983534
2012-05-18,0.1832797427652733,0.026350688,0.0117899249732047,-0.0010718113612004,1.2883569,0.925369494965512
2012-05-21,0.3904465212876428,0.021983957,0.0010384215991692,-0.0124610591900311,-0.00902202,0.9085362469396177
2012-05-22,0.8854489164086687,0.014761403,0.0030959752321981,0.0,0.80336344,0.9187439945806052
2012-05-23,0.3558974358974359,0.020231947,0.003076923076923,-0.0071794871794871,1.1008183,0.9235119570382592
2012-05-24,0.2808988764044944,0.019313412,0.0040858018386108,-0.0163432073544433,1.4887832,0.9139445581475488
2012-05-25,0.1966351209253417,0.02113245,0.0031545741324921,-0.0399579390115667,1.0145239,0.9211501514804024
2012-05-28,0.7357142857142858,0.02162697,0.010204081632653,-0.0163265306122449,0.807303,0.9163198436474124
2012-05-29,0.8936605316973415,0.01872948,0.0194274028629856,0.0071574642126789,1.869349,0.9258780946971013
2012-05-30,0.5255102040816326,0.016593035,0.0051020408163265,0.010204081632653,1.7142748,0.9169026363239092
2012-05-31,0.5122199592668024,0.018068375,0.0040733197556008,0.0030549898167006,1.4546226,0.927027600230051
2012-06-01,0.3821138211382114,0.015628895,0.0,0.0010162601626016,0.838458,0.9149431157861548
2012-06-04,0.0548223350253807,0.020928988,0.0010152284263959,-0.0395939086294416,1.2798159,0.9297544089113244
2012-06-05,0.415650406504065,0.01706498,0.0030487804878048,-0.0304878048780487,0.8341917,0.9040143586103544
2012-06-06,0.3581632653061224,0.017709054,0.0051020408163265,-0.0295918367346938,1.4356589,0.9091654369962844
2012-06-07,0.283248730964467,0.016252726,0.0,-0.0416243654822335,0.8534912,0.9091411465996752
2012-06-08,0.3611971104231166,0.017094102,0.002063983488132,-0.0381836945304437,0.5393294,0.9092203779580365
2012-06-11,0.9249743062692704,0.016642435,0.0061664953751284,0.001027749229188,0.9594826,0.9096177041732862
2012-06-12,0.296220633299285,0.018664563,0.0030643513789581,-0.0132788559754851,1.4178799,0.9106331984384152
2012-06-13,0.9484848484848484,0.01475942,0.006060606060606,0.0121212121212121,1.8630924,0.9149885119390304
2012-06-14,0.2522704339051463,0.017800448,0.0030272452068617,0.0080726538849646,1.374417,0.9179390752262238
2012-06-15,0.4989711934156378,0.017561931,0.0051440329218107,0.0051440329218107,1.1960064,0.915938574976662
2012-06-18,0.811340206185567,0.015543354,0.0051546391752577,0.0092783505154639,1.6074073,0.9238977770249188
2012-06-19,0.2746693794506612,0.01902693,0.0071210579857578,0.0071210579857578,1.9083357,0.9199188741440012
2012-06-20,0.3924180327868852,0.017876482,0.0061475409836065,0.0,1.3323197,0.917884687772198
2012-06-21,0.1589743589743589,0.018437382,0.001025641025641,-0.0174358974358974,1.0930867,0.926122616566074
2012-06-25,0.0917525773195876,0.02354647,0.002061855670103,-0.079381443298969,1.0458517,0.9249993017889564
2012-06-26,0.5082815734989649,0.021577114,0.005175983436853,-0.0507246376811594,0.25265026,0.9123604683314516
2012-06-27,0.291539245667686,0.019754844,0.0071355759429153,-0.0754332313965341,1.6449895,0.8941245392255315
2012-06-28,0.1592091571279916,0.021133326,0.0010405827263267,-0.1217481789802289,0.6353103,0.90397109070091
2012-06-29,0.8082474226804124,0.018919842,0.0072164948453608,-0.0257731958762886,0.39432833,0.9083550247853804
2012-07-02,0.7961460446247465,0.018085606,0.0081135902636916,0.0020283975659229,1.1362035,0.9027237453569124
2012-07-03,0.5155778894472361,0.0196979,0.0070351758793969,-0.0030150753768844,1.2125213,0.9115418744310306
2012-07-04,0.3353474320241691,0.019769298,0.0040281973816717,-0.0231621349446122,0.8951622,0.9020889473562888
2012-07-05,0.1125760649087221,0.022114312,-0.0040567951318458,-0.1379310344827586,0.96444064,0.9151054594197038
2012-07-06,0.884928716904277,0.018610016,0.0081466395112016,-0.0010183299389002,0.3703715,0.9140066127859042
2012-07-09,0.0950455005055611,0.02301506,-0.0040444893832153,-0.1617795753286147,0.75262743,0.9154762412511356
2012-07-10,0.2623612512613522,0.024051499,-0.0020181634712411,-0.1543895055499495,0.06511802,0.9082328706217836
2012-07-11,0.7210473313192346,0.02024667,-0.0010070493454179,-0.0322255790533736,-0.45552137,0.9075950732962896
2012-07-12,0.8375378405650857,0.019236065,0.0110998990918264,-0.0100908173562058,0.84036964,0.9234974059446852
2012-07-13,0.2328629032258064,0.020883307,0.0,-0.0443548387096774,0.53190035,0.9036019027457778
2012-07-16,0.0646464646464646,0.029175052,-0.0444444444444444,-0.2797979797979798,0.6944126,0.91584482312186
2012-07-17,0.7550403225806451,0.021796819,0.0090725806451612,-0.0443548387096774,0.08069104,0.9015692509597572
2012-07-18,0.7317813765182186,0.020695612,0.0131578947368421,-0.0232793522267206,1.239399,0.9021579475187568
2012-07-19,0.8135764944275583,0.020952415,0.0293819655521783,0.0040526849037487,2.0467823,0.9205601028184816
2012-07-20,0.3029381965552178,0.021769471,0.0202634245187436,-0.011144883485309,2.2602623,0.8962862354935872
2012-07-23,0.2482269503546099,0.02291129,0.0101317122593718,-0.0658561296859169,1.2794677,0.8905054753353123
2012-07-24,0.7360406091370558,0.01737611,0.0091370558375634,-0.0060913705583756,1.76922,0.8939239027434929
2012-07-25,0.2386248736097067,0.018925512,0.0030333670374115,-0.0414560161779575,1.1020197,0.8959993767300815
2012-07-26,0.203030303030303,0.018927734,0.004040404040404,-0.0727272727272727,0.65050215,0.898583796300128
2012-07-27,0.3508594539939332,0.02092775,0.0040444893832153,-0.0717896865520728,0.585575,0.8951987360134596
2012-07-30,0.1081900910010111,0.026140375,-0.0212335692618806,-0.2396359959555106,0.028277108,0.9121212247766904
2012-07-31,0.1949494949494949,0.027620187,-0.008080808080808,-0.3212121212121212,0.31752962,0.9020256321902332
2012-08-01,0.8917004048582996,0.02055769,0.0060728744939271,-0.0394736842105263,-0.43368623,0.8968660285540273
2012-08-02,0.2690763052208835,0.02222605,0.0070281124497991,-0.1475903614457831,1.1986368,0.890613297046864
2012-08-03,0.954954954954955,0.018759148,0.022022022022022,0.004004004004004,1.5010369,0.8917406180931081
2012-08-06,0.9829145728643216,0.017698683,0.0241206030150753,0.0201005025125628,2.0995843,0.9091660274660558
2012-08-07,0.7778894472361809,0.020039516,0.0201005025125628,0.0211055276381909,1.9003582,0.9115670193237486
2012-08-08,0.3393756294058409,0.020893753,0.0120845921450151,0.0050352467270896,1.9890686,0.8974291523047113
2012-08-09,0.850956696878147,0.018160831,0.0140986908358509,0.0231621349446122,2.135081,0.9041709158138488
2012-08-10,0.3756294058408862,0.022176342,0.0161127895266868,0.0151057401812688,1.8684036,0.9079304132539576
2012-08-13,0.1278952668680765,0.022803761,0.0060422960725075,0.0,1.5705075,0.9090266079970952
2012-08-14,0.7487386478304743,0.022832908,0.0181634712411705,0.0141271442986881,0.9226171,0.9016976019012488
2012-08-15,0.2122736418511066,0.02029512,0.0080482897384305,-0.0060362173038229,1.7447708,0.8901653401558854
2012-08-16,0.2716297786720322,0.020817652,0.0050301810865191,-0.0120724346076458,0.91252166,0.8922845896365258
2012-08-17,0.5412474849094567,0.018748026,0.0060362173038229,-0.0030181086519114,0.8999186,0.8935988089630152
2012-08-20,0.5438950554994955,0.019025272,0.0100908173562058,-0.0030272452068617,1.4044436,0.8841295139538178
2012-08-21,0.9,0.01838833,0.0151515151515151,0.0151515151515151,1.3833212,0.9062026638040324
2012-08-22,0.3002028397565923,0.022649208,0.0101419878296146,0.0070993914807302,1.5486504,0.8999591417041154
2012-08-23,0.7286585365853658,0.020276088,0.0071138211382113,0.0030487804878048,0.8429416,0.9081600642007112
2012-08-24,0.1093117408906882,0.024342611,0.0030364372469635,-0.0182186234817813,1.1998366,0.9169105684649896
2012-08-27,0.1629327902240326,0.024241509,0.0,-0.0936863543788187,0.5518322,0.9128696797448536
2012-08-28,0.7180796731358529,0.018292725,0.0040858018386108,-0.027579162410623,0.39166784,0.9075382199494278
2012-08-29,0.3302845528455284,0.021238565,0.0091463414634146,-0.0609756097560975,1.2348832,0.9083722724061556
2012-08-30,0.1580547112462006,0.02669974,-0.0070921985815602,-0.1073961499493414,0.22615217,0.9133605199689702
2012-08-31,0.630192502532928,0.018404095,0.0070921985815602,-0.0506585612968591,1.1977466,0.8931789342654826
2012-09-03,0.9180161943319838,0.016140567,0.0080971659919028,0.0040485829959514,1.1404989,0.9048543865751892
2012-09-04,0.2054108216432865,0.01759157,0.0040080160320641,-0.0531062124248497,1.8975986,0.8954877091553903
2012-09-05,0.6643286573146293,0.018608373,0.0110220440881763,-0.0240480961923847,1.5827972,0.9018053712617752
2012-09-06,0.8196392785571143,0.01554335,0.0050100200400801,0.003006012024048,1.371469,0.9146689032811088
2012-09-07,0.9869215291750504,0.017700108,0.0201207243460764,0.0150905432595573,1.3523006,0.944729139883099
2012-09-10,0.7168674698795181,0.020015651,0.0110441767068273,0.0200803212851405,1.6918828,0.9287786572967194
2012-09-11,0.3755020080321285,0.019841049,0.0090361445783132,0.0140562248995983,1.6190981,0.9216574718229832
2012-09-12,0.6659979939819458,0.018777804,0.0160481444332999,0.0120361083249749,2.096761,0.9340146887579934
2012-09-13,0.1584754262788365,0.022349512,0.0080240722166499,0.0050150451354062,1.6798075,0.925202723863994
2012-09-14,0.4772497472194135,0.017794868,0.006066734074823,0.0040444893832153,1.1546068,0.9283480964198924
2012-09-17,0.0544354838709677,0.020546537,0.001008064516129,-0.0120967741935483,1.7220224,0.9267489910310778
2012-09-18,0.4032258064516129,0.018027613,0.003024193548387,-0.0161290322580645,0.49187174,0.9178347500436088
2012-09-19,0.8064516129032258,0.01748142,0.0080645161290322,-0.003024193548387,1.2535707,0.916700937817257
2012-09-20,0.0453629032258064,0.021392386,0.002016129032258,-0.0786290322580645,1.3891608,0.9232395360349568
2012-09-21,0.2751004016064257,0.022259649,-0.001004016064257,-0.0773092369477911,-0.065223515,0.9113966711439728
2012-09-24,0.6435045317220544,0.018292984,0.0080563947633434,-0.0503524672708962,1.1940258,0.9146259491859924
2012-09-25,0.228600201409869,0.01882069,0.0040281973816717,-0.0906344410876132,0.9477545,0.8980415122274096
2012-09-26,0.0625,0.01978567,-0.001008064516129,-0.2127016129032258,0.50941104,0.9180707593544092
2012-09-27,0.9606854838709676,0.016019152,0.0131048387096774,-0.001008064516129,1.4670855,0.92188913429761
2012-09-28,0.941473259334006,0.014035491,0.0040363269424823,0.0,1.4076933,0.9169242596222588
2012-10-08,0.4207317073170731,0.019928109,0.0142276422764227,0.0020325203252032,2.22192,0.9063297597799006
2012-10-09,0.9949596774193548,0.015925746,0.0201612903225806,0.0040322580645161,2.2260225,0.9180325417412692
2012-10-10,0.79313824419778,0.01877889,0.0191725529767911,0.007063572149344,2.2150154,0.9136719007182288
2012-10-11,0.127016129032258,0.02124748,0.0100806451612903,0.003024193548387,2.1866488,0.9084677720151284
2012-10-12,0.4526209677419355,0.01936154,0.0050403225806451,0.0040322580645161,1.1117146,0.9051637798831388
2012-10-15,0.2855701311806256,0.023842774,0.0040363269424823,-0.0030272452068617,0.80675596,0.911677382323731
2012-10-16,0.532258064516129,0.019192167,0.0120967741935483,0.003024193548387,1.7580203,0.9056018656872864
2012-10-17,0.5362903225806451,0.015554184,0.0050403225806451,0.0050403225806451,1.6764086,0.8941056897506221
2012-10-18,0.9225352112676056,0.017368214,0.0201207243460764,0.0080482897384305,2.335385,0.9211349579655916
2012-10-19,0.3631790744466801,0.018414991,0.0070422535211267,0.0060362173038229,1.6015273,0.9111784096867708
2012-10-22,0.6219758064516129,0.018281467,0.0110887096774193,0.0131048387096774,2.0138555,0.9079064637801882
2012-10-23,0.2162977867203219,0.01981372,0.0040241448692152,0.0090543259557344,1.3145212,0.9055320061184456
2012-10-24,0.4334677419354839,0.02181349,0.0110887096774193,0.0040322580645161,1.2385489,0.9087569266143638
2012-10-25,0.2080808080808081,0.02230579,0.001010101010101,-0.007070707070707,0.23301291,0.9174558246399572
2012-10-26,0.1200807265388496,0.021931283,-0.0030272452068617,-0.0423814328960645,0.70625895,0.929444604159939
2012-10-29,0.4233870967741935,0.020025972,0.001008064516129,-0.0423387096774193,0.14946982,0.9009462969546168
2012-10-30,0.5166498486377397,0.017483138,-0.0020181634712411,-0.0353178607467204,-0.4251987,0.8959797428886891
2012-10-31,0.5945399393326593,0.016049407,0.0030333670374115,-0.025278058645096,0.7134711,0.8984575096660103
2012-11-01,0.9484848484848484,0.01457624,0.0111111111111111,0.004040404040404,2.1180246,0.9169235249622476
2012-11-02,0.6206206206206206,0.016084526,0.007007007007007,0.003003003003003,1.9087607,0.9086536460271888
2012-11-05,0.3638190954773869,0.020277334,0.0090452261306532,-0.0010050251256281,1.2976214,0.9158443451814602
2012-11-06,0.2223340040241448,0.019013267,0.0030181086519114,-0.0100603621730382,1.1914196,0.9061824141060164
2012-11-07,0.3997985901309164,0.017468391,0.0080563947633434,-0.0020140986908358,1.4913048,0.900878047414361
2012-11-08,0.072289156626506,0.020208571,0.001004016064257,-0.0993975903614457,1.2151668,0.9194395867504612
2012-11-09,0.4206827309236948,0.017169598,0.003012048192771,-0.0903614457831325,0.6300569,0.9130883170346707
2012-11-12,0.7467336683417085,0.01916783,0.0110552763819095,-0.0170854271356783,1.060396,0.9116637304495872
2012-11-13,0.107537688442211,0.020940838,-0.0010050251256281,-0.1427135678391959,0.4859287,0.910142119043269
2012-11-14,0.506036217303823,0.01820343,0.0070422535211267,-0.0744466800804829,0.9197212,0.9103082281907592
2012-11-15,0.1046277665995975,0.018247256,0.0020120724346076,-0.2112676056338028,0.8861356,0.910544583164785
2012-11-16,0.3450704225352112,0.019147968,0.0030181086519114,-0.1991951710261569,0.22542123,0.9181378580611066
2012-11-19,0.6787512588116817,0.014845196,0.0010070493454179,-0.0704934541792547,0.41101378,0.903857134905592
2012-11-20,0.2956609485368315,0.015044303,0.0010090817356205,-0.119071644803229,1.2829027,0.8926765118770089
2012-11-21,0.8355196770938446,0.014823366,0.0040363269424823,-0.0151362260343087,0.86432153,0.9056963845695628
2012-11-22,0.1686868686868687,0.015837157,0.002020202020202,-0.0989898989898989,1.442629,0.8950137245785743
2012-11-23,0.5374493927125507,0.014464829,0.0040485829959514,-0.034412955465587,1.5660758,0.8976768134936762
2012-11-26,0.1578947368421052,0.01773262,0.0010121457489878,-0.1710526315789473,0.8345495,0.9002362661991112
2012-11-27,0.0263959390862944,0.02262905,-0.0192893401015228,-0.4101522842639594,0.5263553,0.930478937447384
2012-11-28,0.0951417004048583,0.022107363,-0.0040485829959514,-0.4655870445344129,0.5537266,0.9223035848780574
2012-11-29,0.1589068825910931,0.020616647,-0.0010121457489878,-0.4736842105263157,0.57150805,0.8988978659853027
2012-11-30,0.8960244648318043,0.017874172,0.0122324159021406,-0.0387359836901121,1.0028117,0.9014972494904188
2012-12-03,0.0990806945863125,0.023944726,-0.0040858018386108,-0.4565883554647599,0.5630789,0.9027533214415978
2012-12-04,0.806841046277666,0.020572146,0.0060362173038229,-0.0643863179074446,0.19975047,0.9099640936904309
2012-12-05,0.9959718026183284,0.015751265,0.0191339375629405,0.0020140986908358,1.4697158,0.9219328085479652
2012-12-06,0.3169014084507042,0.018032597,0.011066398390342,0.0010060362173038,2.426557,0.8943141610241273
2012-12-07,0.9747474747474748,0.01829321,0.0272727272727272,0.003030303030303,1.9579391,0.9079053314744208
2012-12-10,0.948118006103764,0.018290007,0.0213631739572736,0.0040691759918616,2.1954036,0.911570255861635
2012-12-11,0.2012195121951219,0.020279206,0.0142276422764227,0.0030487804878048,2.4545207,0.8952558402907572
2012-12-12,0.3245167853509664,0.018182646,0.0091556459816887,0.0030518819938962,2.2626023,0.8893580442547273
2012-12-13,0.1485249237029501,0.019426705,0.005086469989827,0.0020345879959308,1.5897188,0.8927455724342187
2012-12-14,0.995943204868154,0.015230692,0.024340770791075,0.0070993914807302,1.4237484,0.9240880003263262
2012-12-17,0.6609137055837564,0.02044293,0.0111675126903553,0.0060913705583756,0.8758175,0.9149601353090778
2012-12-18,0.3032454361054766,0.018069522,0.0091277890466531,0.0020283975659229,2.0687537,0.9193942334460344
2012-12-19,0.5643363728470111,0.017205946,0.0091185410334346,0.0010131712259371,2.091716,0.9160191094436876
2012-12-20,0.4119433198380566,0.018238662,0.0050607287449392,0.0040485829959514,1.7340233,0.9115156158490808
2012-12-21,0.391304347826087,0.018920913,0.0030333670374115,0.0030333670374115,1.3993607,0.9202666723989644
2012-12-24,0.5621181262729125,0.01845595,0.0081466395112016,0.0112016293279022,1.7773002,0.9169768823658472
2012-12-25,0.9775739041794088,0.014977315,0.0081549439347604,0.0152905198776758,1.8484117,0.9302499819436102
2012-12-26,0.8837920489296636,0.016806003,0.0071355759429153,0.0244648318042813,1.5497068,0.9299771801038228
2012-12-27,0.2328907048008171,0.023208005,0.0091930541368743,0.0091930541368743,1.3424842,0.935148463640057
2012-12-28,0.7763023493360572,0.016762448,0.0040858018386108,0.0183861082737487,1.5469735,0.9335430188495594
2012-12-31,0.6741573033707865,0.018071383,0.0071501532175689,0.0255362614913176,1.7593153,0.9337528913226034
2013-01-04,0.2820773930753564,0.02076264,0.0071283095723014,0.0122199592668024,1.4807982,0.9330684264768356
2013-01-07,0.8040201005025126,0.021340955,0.0160804020100502,0.0271356783919597,1.3616318,0.9321851405587682
2013-01-08,0.7653575025176234,0.022517823,0.0231621349446122,0.0322255790533736,1.5821849,0.9416835235902624
2013-01-09,0.4703517587939698,0.021387834,0.0110552763819095,0.0211055276381909,1.4148519,0.9383347247333382
2013-01-10,0.5840886203423967,0.020216437,0.0140986908358509,0.0211480362537764,2.033599,0.9374099948406353
2013-01-11,0.1343434343434343,0.024524009,0.009090909090909,0.0121212121212121,1.976962,0.93707708205862
2013-01-14,0.98989898989899,0.019564986,0.0323232323232323,0.0565656565656565,1.4276189,0.9410870268774808
2013-01-15,0.8733535967578521,0.021065485,0.0192502532928064,0.0597771023302938,1.2446303,0.9443082138626652
2013-01-16,0.4294416243654822,0.024093378,0.0121827411167512,0.0456852791878172,1.1839207,0.942044413586156
2013-01-17,0.2456852791878172,0.023941595,-0.0050761421319796,0.0304568527918781,-0.024099357,0.9282007507557984
2013-01-18,0.8915906788247214,0.017626435,0.0091185410334346,0.0486322188449848,1.4259312,0.94094951509702
2013-01-21,0.6649746192893401,0.021039898,0.0101522842639593,0.0588832487309644,1.2855208,0.9451697168559952
2013-01-22,0.1732522796352583,0.022532508,0.0070921985815602,0.0273556231003039,1.6254494,0.9475117170095372
2013-01-23,0.4342105263157895,0.022361852,0.0101214574898785,0.0232793522267206,1.3331753,0.9364420146230996
2013-01-24,0.1274014155712841,0.025221704,0.0091001011122345,0.0182002022244691,1.8008759,0.9375553263811268
2013-01-25,0.4533468559837728,0.023515977,0.0020283975659229,0.0212981744421906,0.1810207,0.9238551726668158
2013-01-28,0.9542217700915564,0.018492447,0.0132248219735503,0.0417090539165818,0.9781994,0.9419411289595072
2013-01-29,0.7240325865580448,0.019014137,0.0081466395112016,0.0427698574338085,1.5295861,0.9419802041740262
2013-01-30,0.4380081300813008,0.022315705,0.0142276422764227,0.024390243902439,1.6103351,0.940705966864169
2013-01-31,0.3748733535967578,0.024381662,0.0091185410334346,0.0283687943262411,0.97918916,0.936568212757764
2013-02-01,0.592292089249493,0.019767828,0.0060851926977687,0.0314401622718052,0.7736917,0.933775595402108
2013-02-04,0.3045226130653266,0.02438061,0.0040201005025125,0.022110552763819,0.7520497,0.944987483079771
2013-02-05,0.6884422110552764,0.018139074,0.0050251256281407,0.029145728643216,1.1574811,0.9442709917960588
2013-02-06,0.6072507552870091,0.017496612,0.0040281973816717,0.0312185297079556,1.5170977,0.9459809607728904
2013-02-07,0.4823766364551863,0.018364945,0.0010070493454179,0.0372608257804632,1.0974612,0.9362385507231108
2013-02-08,0.8413654618473896,0.017549407,0.0070281124497991,0.0582329317269076,1.348034,0.953124350863804
2013-02-18,0.6639839034205232,0.021445971,0.0140845070422535,0.0603621730382293,1.1404524,0.947847699022994
2013-02-19,0.201010101010101,0.022916988,0.006060606060606,0.0232323232323232,1.5176599,0.9438530495663796
2013-02-20,0.9212916246215944,0.01807385,0.0100908173562058,0.0726538849646821,1.4154679,0.9406609362208176
2013-02-21,0.1663306451612903,0.02226195,0.0040322580645161,0.033266129032258,1.4240942,0.9461730756320068
2013-02-22,0.3713420787083754,0.019108038,0.0030272452068617,0.0343087790110998,0.9675396,0.9383018113482572
2013-02-25,0.7692307692307693,0.020577809,0.0070850202429149,0.0566801619433198,1.0915262,0.9301550256983234
2013-02-26,0.1919191919191919,0.022131154,0.003030303030303,0.0222222222222222,1.0829122,0.9365031662242892
2013-02-27,0.493427704752275,0.020449676,0.0030333670374115,0.025278058645096,0.72257674,0.9308880219264398
2013-02-28,0.9158215010141988,0.017771652,0.011156186612576,0.0415821501014198,1.4269826,0.9380066121213408
2013-03-01,0.7563451776649747,0.021364387,0.015228426395939,0.0791878172588832,1.5549618,0.9356910046589494
2013-03-04,0.1180625630676084,0.030912686,-0.0211907164480322,0.0272452068617558,0.76276064,0.94141848825865
2013-03-05,0.9445564516129032,0.018881286,0.0141129032258064,0.0745967741935483,1.3270496,0.9360664174707312
2013-03-06,0.8549848942598187,0.022659693,0.0171198388721047,0.094662638469285,0.7981531,0.9461167413244704
2013-03-07,0.2837022132796781,0.025077995,0.0060362173038229,0.0321931589537223,0.97213763,0.9445069482442604
2013-03-08,0.3052208835341365,0.021618929,0.0040160642570281,0.0190763052208835,0.8188016,0.9352793239609656
2013-03-11,0.5105527638190954,0.021354578,0.0020100502512562,0.0140703517587939,0.5254619,0.9329023226362364
2013-03-12,0.0855991943605236,0.024103554,0.0030211480362537,0.0040281973816717,1.6598486,0.9380587702089735
2013-03-13,0.2880161127895267,0.02299139,0.0060422960725075,0.0070493454179254,1.0743756,0.9139759991258593
2013-03-14,0.5492957746478874,0.021013139,0.011066398390342,0.0090543259557344,1.4210446,0.914845469890329
2013-03-15,0.4668008048289738,0.018770505,0.0040241448692152,0.0130784708249496,1.0782758,0.930981861303232
2013-03-18,0.2333333333333333,0.023892859,0.002020202020202,0.0121212121212121,0.45099595,0.9249676791696936
2013-03-19,0.595166163141994,0.022247735,0.0040281973816717,0.0140986908358509,0.25107697,0.921617991146948
2013-03-20,0.9758308157099698,0.015491434,0.0140986908358509,0.0221550855991943,1.6399775,0.9367080128439425
2013-03-21,0.7303030303030303,0.01849586,0.008080808080808,0.0383838383838383,1.5723227,0.9316025526979462
2013-03-22,0.5116044399596368,0.018138455,0.0040363269424823,0.0292633703329969,1.3512592,0.9314217735068548
2013-03-25,0.4626262626262626,0.021085462,0.0111111111111111,0.0313131313131313,1.4460834,0.934885528242678
2013-03-26,0.3144590495449949,0.023081506,0.0050556117290192,0.0424671385237613,1.1790783,0.9341892475133606
2013-03-27,0.5349544072948328,0.020330537,0.0060790273556231,0.0425531914893617,1.2943358,0.9277642502450156
2013-03-28,0.0910931174089068,0.025673933,0.0030364372469635,0.0070850202429149,1.491049,0.9341420822484536
2013-03-29,0.5178026449643948,0.021715585,0.005086469989827,0.0203458799593082,0.8616091,0.9161720542847436
2013-04-01,0.6754832146490336,0.022114644,0.0040691759918616,0.0295015259409969,0.2678559,0.9174632068581408
2013-04-02,0.2358870967741935,0.02548526,0.002016129032258,0.0110887096774193,0.30209854,0.926566334337536
2013-04-03,0.2762096774193548,0.025880046,0.0040322580645161,0.0,0.6274102,0.9252189734229344
2013-04-08,0.4969635627530364,0.026620066,0.0091093117408906,0.0111336032388663,0.5403943,0.917176243154809
2013-04-09,0.7575757575757576,0.019913973,0.009090909090909,0.0171717171717171,0.44025815,0.9173641584876658
2013-04-10,0.3178137651821862,0.018036464,0.0010121457489878,0.0131578947368421,0.54339904,0.9184385782570086
2013-04-11,0.3427704752275025,0.017062876,0.0020222446916076,0.0040444893832153,0.92129266,0.9183071768419888
2013-04-12,0.2462006079027355,0.019724218,0.0,0.0020263424518743,0.6342629,0.9218900545782904
2013-04-15,0.1906693711967545,0.021033095,-0.0030425963488843,-0.0091277890466531,0.2204404,0.9261700301989542
2013-04-16,0.7852077001013171,0.017492356,0.0,0.0091185410334346,-0.41303277,0.921985910695768
2013-04-17,0.6744659206510681,0.016594483,0.0020345879959308,0.0183112919633774,1.7185812,0.9176893557813836
2013-04-18,0.4643584521384928,0.018499061,0.005091649694501,0.0193482688391038,1.3586751,0.9226069399026644
2013-04-19,0.9551478083588176,0.014385692,0.0061162079510703,0.0448521916411824,1.5689217,0.9401294095452704
2013-04-22,0.5458248472505092,0.02316704,0.0122199592668024,0.0631364562118126,1.0776371,0.9312831917498096
2013-04-23,0.0663942798774259,0.020310156,-0.0030643513789581,0.0020429009193054,0.99651337,0.9267564036399052
2013-04-24,0.9120654396728016,0.021097999,0.0153374233128834,0.0695296523517382,0.9598334,0.9242612620055406
2013-04-25,0.1687116564417178,0.023431765,-0.0020449897750511,0.0132924335378323,0.49632743,0.9203354894600666
2013-04-26,0.156701030927835,0.024296554,-0.0082474226804123,-0.0195876288659793,-0.09720018,0.9260010535225006
2013-05-02,0.6004119464469619,0.024881216,-0.0041194644696189,-0.0092687950566426,-0.2762462,0.919636224703471
2013-05-03,0.928643216080402,0.018553331,0.0140703517587939,0.0402010050251256,1.1321287,0.9270482600304788
2013-05-06,0.904233870967742,0.019610612,0.0110887096774193,0.0554435483870967,1.4590431,0.9291748764857526
2013-05-07,0.4712411705348133,0.019969054,0.0100908173562058,0.0312815338042381,1.652935,0.926770708121294
2013-05-08,0.6342451874366768,0.018267496,0.0050658561296859,0.0506585612968591,1.2489518,0.9308334441710064
2013-05-09,0.3963599595551061,0.024331266,0.0121334681496461,0.0546006066734074,1.3581531,0.929394391408203
2013-05-10,0.6996966632962589,0.024009446,0.0141557128412537,0.0495449949443882,0.80178624,0.9349019422030788
2013-05-13,0.5254582484725051,0.020551953,0.0040733197556008,0.0539714867617108,1.2671779,0.9321976106539528
2013-05-14,0.2385321100917431,0.02235488,0.0050968399592252,0.0244648318042813,1.2643833,0.929775884049496
2013-05-15,0.7688391038696538,0.018626245,0.0040733197556008,0.0590631364562118,1.0820035,0.9282084131973222
2013-05-16,0.6816326530612244,0.02045349,0.010204081632653,0.0520408163265306,1.228672,0.9388604477338024
2013-05-17,0.8244897959183674,0.019107556,0.0112244897959183,0.0704081632653061,1.7818896,0.9485377969742512
2013-05-20,0.8307849133537207,0.022001209,0.0101936799184505,0.1151885830784913,0.8540454,0.951905090280434
2013-05-21,0.7431192660550459,0.02104737,0.0132517838939857,0.1355759429153924,1.5826478,0.9469734753923812
2013-05-22,0.3065173116089613,0.026125958,0.0030549898167006,0.0509164969450101,0.6450938,0.9460552235683752
2013-05-23,0.2861507128309572,0.020428477,0.0030549898167006,0.0498981670061099,1.3648993,0.9483055578288438
2013-05-24,0.8289205702647657,0.018795134,0.010183299389002,0.0763747454175152,1.7395608,0.9438372109570314
2013-05-27,0.6632653061224489,0.020452289,0.0020408163265306,0.1071428571428571,1.0952133,0.9477341550891504
2013-05-28,0.5005128205128205,0.02484436,0.0061538461538461,0.0471794871794871,0.19851688,0.9534755469798598
2013-05-29,0.6024590163934426,0.018162949,0.0081967213114754,0.0758196721311475,1.8021173,0.9496958946600834
2013-05-30,0.4436475409836065,0.021197597,0.0071721311475409,0.0850409836065573,1.3659567,0.9507668531164236
2013-05-31,0.3312820512820513,0.022325795,0.0092307692307692,0.0553846153846153,1.5059195,0.9490034562391308
2013-06-03,0.3520982599795291,0.02405704,0.0010235414534288,0.0358239508700102,0.51647294,0.9441359406513288
2013-06-04,0.1544633901705115,0.023233531,0.0020060180541624,0.0190571715145436,0.9940815,0.9503045312589836
2013-06-05,0.5658291457286432,0.01849416,0.0030150753768844,0.0301507537688442,1.0538355,0.9350023356544448
2013-06-06,0.1516064257028112,0.022239419,0.0040160642570281,0.0160642570281124,1.0260966,0.9407541730207432
2013-06-07,0.1945564516129032,0.023602048,-0.0040322580645161,0.002016129032258,0.29191345,0.9438604608245946
2013-06-13,0.1150353178607467,0.028667945,-0.0141271442986881,-0.036326942482341,0.93231165,0.9468059550503302
2013-06-14,0.902020202020202,0.020393109,0.0161616161616161,0.0171717171717171,1.5706811,0.9289712640443534
2013-06-17,0.4979757085020243,0.02246861,0.0121457489878542,0.0111336032388663,1.4426839,0.9211095009260012
2013-06-18,0.5091277890466531,0.018718291,0.0040567951318458,0.0121703853955375,0.94133425,0.9213718159728924
2013-06-19,0.3080040526849038,0.022140907,0.0091185410334346,-0.0040526849037487,1.6020775,0.9272145645150646
2013-06-20,0.044579533941236,0.020360956,-0.0020263424518743,-0.0709219858156028,0.620765,0.930680738321518
2013-06-21,0.268958543983822,0.023150764,0.0070778564206268,-0.0667340748230535,1.1874667,0.9307662664599484
2013-06-24,0.0293522267206477,0.028920593,-0.1234817813765182,-0.1973684210526315,1.500429,0.940236557290758
2013-06-25,0.3691683569979716,0.030230071,0.0172413793103448,-0.191683569979716,1.0342335,0.941112225982512
2013-06-26,0.7685279187817259,0.024003172,0.0182741116751269,-0.0680203045685279,1.1481816,0.9116791064845104
2013-06-27,0.1675126903553299,0.027025126,0.0030456852791878,-0.1857868020304568,0.9661545,0.9168877838461506
2013-06-28,0.3979695431472081,0.022829909,0.0020304568527918,-0.1177664974619289,0.105158955,0.914354528242844
2013-07-01,0.8751269035532995,0.022524314,0.0182741116751269,0.0020304568527918,0.64204276,0.9020823029849674
2013-07-02,0.7987927565392354,0.0215825,0.0171026156941649,0.0140845070422535,1.3961273,0.9119239538331356
2013-07-03,0.3309859154929577,0.024870511,0.011066398390342,-0.0150905432595573,1.6070777,0.9100813384700046
2013-07-04,0.688508064516129,0.024232313,0.0141129032258064,0.0100806451612903,0.7838218,0.9237592402859724
2013-07-05,0.3642785065590312,0.023779305,0.0080726538849646,0.0010090817356205,0.85006773,0.9165489395889166
2013-07-08,0.0781725888324873,0.029161727,-0.0081218274111675,-0.1847715736040609,1.4107351,0.9199816099381124
2013-07-09,0.6260162601626016,0.02332358,0.016260162601626,-0.0589430894308943,1.1354196,0.8919025770143741
2013-07-10,0.9644308943089432,0.02050386,0.0254065040650406,0.0213414634146341,0.5980044,0.9057998273881496
2013-07-11,0.9431472081218274,0.01900084,0.0182741116751269,0.0314720812182741,1.0440705,0.9356738478674912
2013-07-12,0.2802030456852792,0.022839228,0.0081218274111675,0.0375634517766497,1.7246078,0.9233456554955428
2013-07-15,0.8806122448979592,0.022340236,0.0255102040816326,0.0622448979591836,1.364794,0.9184109187247363
2013-07-16,0.7607361963190185,0.021749698,0.0184049079754601,0.0511247443762781,1.606062,0.9214799524343558
2013-07-17,0.1881390593047034,0.02435552,0.0102249488752556,0.0224948875255623,1.570157,0.9197392274360664
2013-07-18,0.3911704312114989,0.026358789,0.015400410677618,0.0451745379876796,1.3298569,0.9081077615105372
2013-07-19,0.1444672131147541,0.02705278,0.0030737704918032,0.0010245901639344,1.1827508,0.9088359893633376
2013-07-22,0.7899590163934426,0.025037028,0.0225409836065573,0.0512295081967213,0.95010626,0.908113611951778
2013-07-23,0.9579918032786884,0.017436242,0.0133196721311475,0.0706967213114754,1.3651122,0.926185239264598
2013-07-24,0.5102459016393442,0.02376431,0.0143442622950819,0.0799180327868852,1.4242705,0.9211815218507324
2013-07-25,0.2118730808597748,0.029081175,-0.0020470829068577,0.0153531218014329,0.15003218,0.9187654811160446
2013-07-26,0.3973305954825462,0.024319533,0.0184804928131416,0.0123203285420944,1.445958,0.9146112348056602
2013-07-29,0.2004110996916752,0.026196403,0.0030832476875642,-0.02672147995889,0.9750769,0.9187933963029208
2013-07-30,0.5077239958805355,0.02601401,0.0082389289392378,-0.0082389289392378,0.51700467,0.9178860561193696
2013-07-31,0.5370370370370371,0.019824848,0.0061728395061728,-0.0030864197530864,1.2948095,0.9192211576457456
2013-08-01,0.9742268041237112,0.019281501,0.0195876288659793,0.0329896907216494,1.6131574,0.9291825582321772
2013-08-02,0.5185185185185185,0.02048889,0.008008008008008,0.03003003003003,1.3944356,0.9310974771829068
2013-08-05,0.8690835850956697,0.020079399,0.013091641490433,0.0543806646525679,1.5332588,0.9405301835462818
2013-08-06,0.710261569416499,0.018681021,0.0130784708249496,0.0553319919517102,1.9720845,0.9449120887200532
2013-08-07,0.2601214574898785,0.024505056,0.0050607287449392,0.0293522267206477,0.8426441,0.9439138905364374
2013-08-08,0.4772036474164133,0.01996604,0.0070921985815602,0.0233029381965552,1.4989514,0.9373385888707392
2013-08-09,0.5329280648429585,0.021793887,0.0091185410334346,0.0253292806484295,0.888023,0.93942771278174
2013-08-12,0.8179043743641913,0.022673288,0.0111902339776195,0.022380467955239,0.38341853,0.950592363288795
2013-08-13,0.6724489795918367,0.019667774,0.010204081632653,0.0244897959183673,1.4827206,0.9463309664496588
2013-08-14,0.3122448979591837,0.019537898,0.0061224489795918,0.0183673469387755,1.848162,0.9452989983294564
2013-08-15,0.236976506639428,0.023216244,0.010214504596527,0.0153217568947906,1.5860498,0.9305805002882964
2013-08-16,0.1195097037793667,0.024654735,0.0,0.0091930541368743,0.7520636,0.93886738170496
2013-08-19,0.9108606557377048,0.020715255,0.0163934426229508,0.0225409836065573,1.2415047,0.928578062485743
2013-08-20,0.401840490797546,0.022036608,0.0132924335378323,0.0286298568507157,1.6451948,0.9271442339055562
2013-08-21,0.6731358529111338,0.021083169,0.0163432073544433,0.0490296220633299,1.5983784,0.920401512240686
2013-08-22,0.450920245398773,0.02291766,0.016359918200409,0.0429447852760736,1.6498386,0.923696579015564
2013-08-23,0.3077709611451942,0.022859536,0.0051124744376278,0.0347648261758691,1.2742094,0.922211602641506
2013-08-26,0.9230769230769232,0.020257587,0.0184615384615384,0.0717948717948717,1.7215897,0.9329857391521476
2013-08-27,0.6482051282051282,0.022365883,0.0215384615384615,0.0738461538461538,1.7276406,0.9271326267727164
2013-08-28,0.3230452674897119,0.029369278,0.0123456790123456,0.0462962962962962,1.0319455,0.9296027637491436
2013-08-29,0.4701030927835051,0.02672797,0.0247422680412371,0.0360824742268041,1.3184698,0.9288433715294848
2013-08-30,0.329557157569516,0.03550401,0.0020597322348094,0.0298661174047373,0.31542146,0.9340890844270718
2013-09-02,0.6621900826446281,0.03260666,-0.0041322314049586,0.0258264462809917,-0.56905377,0.9249819523662328
2013-09-03,0.8284854563691073,0.021969836,0.0200601805416248,0.0351053159478435,1.4328009,0.9427278988730085
2013-09-04,0.4090452261306532,0.023608224,0.0150753768844221,0.0381909547738693,1.6215204,0.9365037068037124
2013-09-05,0.4295774647887324,0.024720209,0.0130784708249496,0.0442655935613682,1.2653363,0.9274233406098156
2013-09-06,0.5925553319919518,0.021441588,0.0140845070422535,0.0492957746478873,1.552488,0.9279268644480791
2013-09-09,0.669021190716448,0.021642992,0.0141271442986881,0.0383451059535822,1.3523737,0.9398112476075808
2013-09-10,0.6400404448938322,0.022827744,0.0131445904954499,0.0546006066734074,1.0231615,0.941017993770579
2013-09-11,0.3738601823708207,0.029377421,0.0040526849037487,0.022289766970618,0.33576295,0.9510823228054504
2013-09-12,0.5091093117408907,0.022433288,0.0111336032388663,0.0222672064777327,1.2035244,0.9477257898795628
2013-09-13,0.4908906882591093,0.023460828,0.0111336032388663,0.0283400809716599,1.0172632,0.9433313700817164
2013-09-16,0.4918864097363083,0.024432128,0.0162271805273833,0.0517241379310344,1.4905463,0.936778698689484
2013-09-17,0.1878172588832487,0.025535993,0.0050761421319796,0.0274111675126903,1.1712872,0.93141771833484
2013-09-18,0.7324516785350966,0.019196413,0.0061037639877924,0.0417090539165818,0.92100763,0.9208918404416734
2013-09-23,0.9042769857433808,0.020526495,0.020366598778004,0.0743380855397148,1.5241597,0.9315192020785356
2013-09-24,0.4026503567787971,0.023843454,0.0163098878695209,0.0682976554536187,1.6765383,0.9324693609304828
2013-09-25,0.3207354443309499,0.02450397,0.010214504596527,0.0388151174668028,1.2758409,0.928282843319303
2013-09-26,0.1971399387129724,0.02894592,-0.0030643513789581,0.0286006128702757,0.64866596,0.9307419726100182
2013-09-27,0.491335372069317,0.023440717,0.0030581039755351,0.0285423037716615,0.46891677,0.926064228467308
2013-09-30,0.7926829268292683,0.019551791,0.008130081300813,0.0609756097560975,0.97436947,0.9242721123104768
2013-10-08,0.8311291963377416,0.023383345,0.0264496439471007,0.0783316378433367,1.152538,0.9332983371542816
2013-10-09,0.699497487437186,0.023389546,0.0271356783919597,0.1125628140703517,1.6945791,0.9327164991158754
2013-10-10,0.3303121852970795,0.0270929,0.0171198388721047,0.0725075528700906,1.2692407,0.9316863436200372
2013-10-11,0.796576032225579,0.022665434,0.0140986908358509,0.0906344410876132,0.82592475,0.936727429808316
2013-10-14,0.6585612968591692,0.026806781,0.0182370820668693,0.1185410334346504,0.9814911,0.9402941524929666
2013-10-15,0.4330628803245436,0.027973333,0.0182555780933062,0.0933062880324543,1.0090883,0.9415165963026244
2013-10-16,0.1297242083758937,0.029392868,-0.010214504596527,0.0306435137895812,0.8078102,0.943516981363457
2013-10-17,0.5275510204081633,0.02435444,0.0112244897959183,0.0336734693877551,0.65370095,0.9313966444954488
2013-10-18,0.5723014256619144,0.021987993,0.0071283095723014,0.0458248472505091,0.83222187,0.9283410219333454
2013-10-21,0.9346271705822268,0.021837587,0.0224719101123595,0.0919305413687436,1.0430043,0.9404163250312528
2013-10-22,0.3741080530071355,0.029110665,0.0071355759429153,0.0540265035677879,0.406497,0.9313871523633076
2013-10-23,0.1295918367346938,0.027568536,-0.0010204081632653,0.0173469387755102,0.86981076,0.9369115746233974
2013-10-24,0.3428571428571428,0.023340479,0.0,0.0153061224489795,0.28154555,0.923157168989636
2013-10-25,0.2012320328542094,0.024055973,-0.0041067761806981,0.002053388090349,0.12510635,0.9341980161414862
2013-10-28,0.4815573770491803,0.027379915,0.0,0.0112704918032786,-0.06584576,0.9224536487001652
2013-10-29,0.1128205128205128,0.029044444,-0.0051282051282051,0.001025641025641,1.1134623,0.9365449547054214
2013-10-30,0.877948717948718,0.021549253,0.0184615384615384,0.0205128205128205,1.3091834,0.9218869893206992
2013-10-31,0.3398357289527721,0.028016502,0.0051334702258726,0.0071868583162217,0.33387458,0.9247921840873736
2013-11-01,0.3856410256410256,0.022705901,0.002051282051282,0.002051282051282,-0.0101879435,0.9290091617189988
2013-11-04,0.7118473895582329,0.019401034,0.0090361445783132,0.0130522088353413,1.1448374,0.9247544021858412
2013-11-05,0.7806841046277666,0.020633066,0.0171026156941649,0.0231388329979879,1.7420888,0.9240263510269726
2013-11-06,0.2763819095477386,0.021778908,0.0100502512562814,0.0070351758793969,1.5363942,0.9178108277666356
2013-11-07,0.1875,0.021835102,0.0050403225806451,0.0070564516129032,1.2114122,0.9243273212624816
2013-11-08,0.2026209677419354,0.02146967,0.003024193548387,-0.003024193548387,0.8704012,0.9231195617557328
2013-11-11,0.7196356275303644,0.019656936,-0.0010121457489878,0.0060728744939271,-0.095381945,0.9113522833094264
2013-11-12,0.7606060606060606,0.017391758,0.004040404040404,0.008080808080808,0.8253676,0.9211061560921368
2013-11-13,0.1242424242424242,0.021839418,0.0,-0.007070707070707,0.7906767,0.923206182015444
2013-11-14,0.7947154471544715,0.020744639,0.0101626016260162,0.0172764227642276,0.98374474,0.9166267356958656
2013-11-15,0.936040609137056,0.017307328,0.015228426395939,0.0253807106598984,1.6887134,0.9316125309346248
2013-11-18,0.9428571428571428,0.020655602,0.0265306122448979,0.0397959183673469,1.4568522,0.9346093427792266
2013-11-19,0.5112016293279023,0.020385792,0.0132382892057026,0.0325865580448065,1.9383496,0.9214380312686898
2013-11-20,0.7119509703779366,0.021648739,0.0224719101123595,0.052093973442288,1.9444968,0.9207146245214862
2013-11-21,0.3224155578300921,0.021767246,0.0040941658137154,0.0378710337768679,1.1943663,0.9163556981871634
2013-11-22,0.3367556468172484,0.021551427,0.0071868583162217,0.0195071868583162,1.0797856,0.9167276665491442
2013-11-25,0.4455852156057495,0.02244359,0.0102669404517453,0.0328542094455852,1.2887787,0.9133453116310636
2013-11-26,0.5179856115107914,0.02131521,0.0102774922918807,0.0328879753340185,1.258738,0.9143135949519972
2013-11-27,0.7824742268041237,0.01860714,0.0082474226804123,0.0329896907216494,1.6342777,0.924544603016214
2013-11-28,0.6350515463917525,0.018426592,0.0092783505154639,0.0463917525773195,1.5148988,0.9371370826911044
2013-11-29,0.6059670781893004,0.020098463,0.0113168724279835,0.0689300411522633,1.6128031,0.9294548472109488
2013-12-02,0.0390143737166324,0.03187768,-0.1694045174537987,0.0,1.2825017,0.9470647819565275
2013-12-03,0.8776328986960883,0.024144243,0.0160481444332999,0.0240722166499498,0.13856111,0.9280507288187632
2013-12-04,0.8311557788944723,0.02215383,0.0150753768844221,0.0512562814070351,0.728239,0.9355202928126856
2013-12-05,0.473313192346425,0.02407795,0.0080563947633434,0.0382678751258811,0.3397056,0.929218177960044
2013-12-06,0.4141414141414141,0.018941212,0.003030303030303,0.0212121212121212,0.81885594,0.9267508830900212
2013-12-09,0.7208121827411168,0.019512672,0.0111675126903553,0.0335025380710659,1.6777132,0.9223480019083647
2013-12-10,0.4441056910569105,0.020666976,0.0030487804878048,0.0233739837398373,0.88146865,0.9314449849032485
2013-12-11,0.2184959349593496,0.019826598,0.0040650406504065,0.008130081300813,1.5580647,0.937597431472578
2013-12-12,0.5873340143003064,0.018961534,0.0081716036772216,0.0224719101123595,1.6562827,0.92400431148761
2013-12-13,0.5676500508646999,0.018656233,0.0091556459816887,0.0264496439471007,1.4818805,0.9287310008375912
2013-12-16,0.1839430894308943,0.022096485,-0.0010162601626016,0.0193089430894308,0.90544444,0.9342044526729064
2013-12-17,0.3272357723577235,0.020679541,0.0010162601626016,0.0060975609756097,0.55671084,0.9166865165532196
2013-12-18,0.454638124362895,0.019091975,0.0050968399592252,0.0132517838939857,0.7703394,0.9153694410912616
2013-12-19,0.2196118488253319,0.018243816,-0.0010214504596527,0.010214504596527,0.31187338,0.9234753026805969
2013-12-20,0.2042900919305413,0.020995844,0.0020429009193054,-0.010214504596527,0.9827941,0.9253032912283904
2013-12-23,0.3446153846153846,0.022838553,0.001025641025641,-0.0174358974358974,0.60106754,0.923336670591366
2013-12-24,0.7349027635619243,0.018728415,0.0081883316274309,0.0122824974411463,1.0425845,0.9202089128313208
2013-12-25,0.7993858751279427,0.020111257,0.0092118730808597,0.0378710337768679,1.0214062,0.9150636744243632
2013-12-26,0.1424180327868852,0.021381693,0.0,-0.0040983606557377,1.0326223,0.9207373442555152
2013-12-27,0.9015384615384616,0.017878534,0.0112820512820512,0.0348717948717948,1.462478,0.92654718389673
2013-12-30,0.5718685831622177,0.020239346,0.0061601642710472,0.028747433264887,0.99731135,0.9268263644318622
2013-12-31,0.5632065775950668,0.019506207,0.0071942446043165,0.0215827338129496,1.0878996,0.9233979445974037
2014-01-02,0.6433710174717369,0.020557573,0.0102774922918807,0.0390544707091469,1.3016266,0.9250414855787952
2014-01-03,0.2766599597585513,0.023341171,0.0090543259557344,0.0251509054325955,1.4902599,0.9224855183374884
2014-01-06,0.0928355196770938,0.024101166,-0.0020181634712411,-0.0272452068617558,1.0526698,0.9232066884381958
2014-01-07,0.6334340382678751,0.020351624,0.0040281973816717,-0.0020140986908358,1.0789031,0.9121208152842204
2014-01-08,0.4460141271442986,0.022542251,0.012108980827447,-0.0090817356205852,1.411966,0.9144705789843924
2014-01-09,0.1705348133198789,0.022412186,0.0050454086781029,-0.0544904137235116,1.1171181,0.91217062058486
2014-01-10,0.1886409736308316,0.025475066,0.0040567951318458,-0.0922920892494929,1.0062544,0.9234022447064846
2014-01-13,0.4628687690742624,0.023420455,0.0020345879959308,-0.0488301119023397,0.32267457,0.9111506900961452
2014-01-14,0.9350912778904664,0.018921154,0.011156186612576,0.0253549695740365,0.9230872,0.9134109914532664
2014-01-15,0.585612968591692,0.020197198,0.0101317122593718,0.0233029381965552,1.7368819,0.9102864848249252
2014-01-16,0.4903357070193286,0.019030305,0.0010172939979654,0.0203458799593082,0.5575047,0.909706949280474
2014-01-17,0.2036474164133738,0.019572092,0.0,-0.0354609929078014,0.89909875,0.910287522228794
2014-01-20,0.3397565922920892,0.024355296,0.0,-0.050709939148073,0.42682946,0.9057221450552074
2014-01-21,0.8622087132725431,0.019022983,0.0121580547112462,0.0324214792299898,1.2076633,0.8967816995813288
2014-01-22,0.9522842639593908,0.017869107,0.0131979695431472,0.0507614213197969,1.3360541,0.9183519914720172
2014-01-23,0.5253549695740365,0.020457774,0.0172413793103448,0.0578093306288032,2.1682723,0.913144961988478
2014-01-24,0.8071065989847716,0.021478575,0.0223350253807106,0.0771573604060913,1.5507548,0.9212532879243482
2014-01-27,0.3428280773143438,0.022723882,0.0061037639877924,0.069175991861648,1.3290832,0.9190869395187796
2014-01-28,0.409969481180061,0.021251267,0.005086469989827,0.0386571719226856,0.68121713,0.9155202499065234
2014-01-29,0.6344195519348269,0.021818321,0.0091649694501018,0.0773930753564154,1.3767636,0.911946194168258
2014-01-30,0.3028455284552845,0.021082245,0.0040650406504065,0.0436991869918699,1.0762124,0.9070996458907522
2014-02-07,0.8523421588594705,0.022771008,0.0274949083503055,0.1120162932790224,1.4519566,0.9204555085042926
2014-02-10,0.9535822401614532,0.0222556,0.0383451059535822,0.1614530776992936,1.191334,0.9394899791886168
2014-02-11,0.5121212121212121,0.02602,0.0262626262626262,0.0868686868686868,1.2743802,0.9364981888766536
2014-02-12,0.7672064777327935,0.02390238,0.0212550607287449,0.117408906882591,1.27582,0.9399881701263044
2014-02-13,0.1987829614604462,0.02821482,0.0010141987829614,0.0385395537525354,0.7348942,0.9380940435419056
2014-02-14,0.9226856561546288,0.021669395,0.0244150559511698,0.0885045778229908,1.4864845,0.9367156217710416
2014-02-17,0.8744897959183674,0.023543594,0.0326530612244898,0.1714285714285714,1.4670562,0.9447602370312268
2014-02-18,0.4149590163934426,0.024921352,0.0143442622950819,0.1311475409836065,1.3925533,0.9400211773915887
2014-02-19,0.4642126789366053,0.025819905,0.0184049079754601,0.0623721881390593,1.1536206,0.9420627651478588
2014-02-20,0.2305327868852459,0.028623035,0.0133196721311475,0.033811475409836,1.3798201,0.9432035034281872
2014-02-21,0.3735926305015353,0.023346163,0.0030706243602865,0.0358239508700102,0.66035223,0.9370950552858592
2014-02-24,0.5061475409836066,0.03023196,0.0122950819672131,0.0645491803278688,0.44817528,0.935561321222272
2014-02-25,0.0731204943357363,0.031169768,-0.0514933058702368,-0.0082389289392378,0.5344745,0.937158291973769
2014-02-26,0.6594427244582043,0.027932048,0.0175438596491228,0.0299277605779153,0.6788735,0.9293231171783888
2014-02-27,0.2394655704008222,0.030109238,0.0020554984583761,0.0113052415210688,0.61739033,0.924519003796855
2014-02-28,0.7507692307692307,0.02340551,0.0143589743589743,0.0256410256410256,0.6011287,0.9234292329206344
2014-03-03,0.9041237113402062,0.022824993,0.0247422680412371,0.056701030927835,1.2298276,0.9337540905411124
2014-03-04,0.4441087613293051,0.024288576,0.0161127895266868,0.0543806646525679,1.4784471,0.9286991023857596
2014-03-05,0.3739919354838709,0.023580464,0.0181451612903225,0.032258064516129,1.6552016,0.928519371855316
2014-03-06,0.4761904761904761,0.024712296,0.0172239108409321,0.0364741641337386,1.2919015,0.9260687173618396
2014-03-07,0.340080971659919,0.025336606,0.0101214574898785,0.0425101214574898,1.1320577,0.9227928909960068
2014-03-10,0.0740365111561866,0.02761469,-0.0101419878296146,-0.0395537525354969,1.167207,0.9321511970788924
2014-03-11,0.5496957403651116,0.025846323,0.0030425963488843,0.0050709939148073,-0.10192865,0.9179282354021648
2014-03-12,0.465989847715736,0.026309693,0.0030456852791878,0.0040609137055837,0.021775508,0.924597755368945
2014-03-13,0.7924720244150559,0.022546532,0.0162767039674465,0.017293997965412,0.9078914,0.9287460866592764
2014-03-14,0.3594704684317719,0.019878164,0.0040733197556008,0.0112016293279022,0.971663,0.925820833047744
2014-03-17,0.9183673469387756,0.020576522,0.0204081632653061,0.0295918367346938,1.18534,0.931772088150075
2014-03-18,0.5199590583418628,0.021936622,0.0153531218014329,0.0286591606960081,1.6497468,0.933039940284215
2014-03-19,0.4886831275720165,0.02316717,0.0133744855967078,0.0329218106995884,1.2367586,0.9320128883740584
2014-03-20,0.0967078189300411,0.025672471,0.0020576131687242,0.0041152263374485,1.005684,0.9365535240741796
2014-03-21,0.8731958762886598,0.02089306,0.0134020618556701,0.0206185567010309,0.31762895,0.9448741033302556
2014-03-24,0.6497933884297521,0.026170226,0.024793388429752,0.0361570247933884,0.8240644,0.9410231145039568
2014-03-25,0.4896694214876033,0.024785068,0.009297520661157,0.0289256198347107,0.6638679,0.9360752030339826
2014-03-26,0.5181347150259067,0.020583514,0.0062176165803108,0.0227979274611398,1.1586201,0.932038011447628
2014-03-27,0.1675338189386056,0.025190482,-0.0020811654526534,0.0083246618106139,0.48030284,0.9364991710361604
2014-03-28,0.1742738589211618,0.030151086,-0.0238589211618257,0.0020746887966804,0.12750642,0.9438030238980512
2014-03-31,0.3949843260188088,0.027518263,-0.0114942528735632,-0.0020898641588296,-0.5082729,0.9345678557296656
2014-04-01,0.8978102189781022,0.019716632,0.0093847758081334,0.0093847758081334,0.66763407,0.9346169073173352
2014-04-02,0.386317907444668,0.020773621,0.0050301810865191,0.0070422535211267,0.68750924,0.9352908314932488
2014-04-03,0.4743718592964824,0.019565277,0.0040201005025125,0.0060301507537688,0.60842973,0.9362344353976276
2014-04-04,0.8128772635814889,0.0174944,0.0100603621730382,0.0100603621730382,1.5633477,0.926705224971106
2014-04-08,0.7593528816986855,0.017632768,0.0020222446916076,0.019211324570273,0.31581143,0.9420894557036956
2014-04-09,0.7131230925737538,0.017970664,0.0111902339776195,0.022380467955239,1.9872341,0.9376415313772192
2014-04-10,0.4708886618998978,0.01904032,0.0081716036772216,0.0214504596527068,1.9271408,0.943461033835176
2014-04-11,0.3391393442622951,0.02011966,0.0040983606557377,0.0174180327868852,1.1527458,0.940735519151083
2014-04-14,0.6909650924024641,0.019768273,0.0123203285420944,0.0256673511293634,1.4325836,0.9399459822729644
2014-04-15,0.2838114754098361,0.019835029,0.0071721311475409,0.0163934426229508,1.5694383,0.9365532393423456
2014-04-16,0.5345005149330587,0.018476497,0.0051493305870236,0.0123583934088568,1.4112778,0.9303502706713184
2014-04-17,0.4276923076923077,0.01906935,0.0051282051282051,0.0143589743589743,1.1978632,0.9307550978698692
2014-04-18,0.5991778006166495,0.01670474,0.0051387461459403,0.0195272353545734,1.4397337,0.9386984344403616
2014-04-21,0.1587628865979381,0.02273703,0.002061855670103,0.0123711340206185,0.8081454,0.946601306917902
2014-04-22,0.3040330920372285,0.02374695,0.0010341261633919,0.0041365046535677,0.3418395,0.946120127690567
2014-04-23,0.4381443298969072,0.019837812,0.002061855670103,0.0103092783505154,0.34035617,0.9334228080256864
2014-04-24,0.2061855670103092,0.02155587,0.002061855670103,-0.0061855670103092,0.65063065,0.9348003553292618
2014-04-25,0.1302998965873836,0.0239694,-0.0072388831437435,-0.029989658738366,0.12778854,0.9433470049878616
2014-04-28,0.0875,0.029082185,-0.0354166666666666,-0.0864583333333333,0.50949436,0.9536130311657952
2014-04-29,0.8626430801248699,0.020912057,0.0072840790842872,-0.0052029136316337,-0.004385544,0.9377154296940976
2014-04-30,0.7458333333333333,0.019754972,0.00625,0.0052083333333333,1.0640197,0.9294297848245124
2014-05-05,0.7782426778242678,0.019370392,0.0073221757322175,0.0094142259414225,1.0518805,0.924037815488174
2014-05-06,0.6272727272727273,0.016223546,0.002020202020202,0.0121212121212121,1.5321667,0.929106896767427
2014-05-07,0.1333333333333333,0.021790937,0.0,-0.0202020202020202,0.83257806,0.9247545519091248
2014-05-08,0.4994934143870314,0.019037968,0.0070921985815602,-0.0070921985815602,1.1103097,0.9201839401756526
2014-05-09,0.2604272634791454,0.021138454,0.0,-0.0193285859613428,0.19404314,0.9279987156767115
2014-05-12,0.9438202247191012,0.0190014,0.0143003064351378,0.0122574055158324,0.28277335,0.9402621923605186
2014-05-13,0.4079754601226993,0.019503972,0.0071574642126789,0.00920245398773,1.3511257,0.9142458605612924
2014-05-14,0.3887755102040816,0.016178668,0.0051020408163265,0.0030612244897959,1.7265083,0.9182777861140328
2014-05-15,0.1063394683026584,0.019461824,-0.0010224948875255,-0.0051124744376278,0.82303745,0.924422966050377
2014-05-16,0.4948770491803279,0.021136925,0.0040983606557377,0.0030737704918032,0.49338716,0.9222031580288762
2014-05-19,0.3473792394655704,0.016839596,0.001027749229188,-0.013360739979445,0.47121587,0.9053044399920142
2014-05-20,0.5646817248459959,0.018182524,0.0061601642710472,-0.0030800821355236,1.5935856,0.9027169341409989
2014-05-21,0.8278350515463917,0.015533385,0.0041237113402061,0.0082474226804123,1.701837,0.9022880063786588
2014-05-22,0.3583934088568486,0.016824838,0.0061791967044284,0.0030895983522142,1.9722413,0.9085246715399792
2014-05-23,0.7944214876033058,0.017541448,0.006198347107438,0.0103305785123966,1.513568,0.902752589152032
2014-05-26,0.8184647302904564,0.016826767,0.0082987551867219,0.0197095435684647,2.0230246,0.9194323261657524
2014-05-27,0.2686721991701244,0.018742157,0.0072614107883817,0.0082987551867219,1.8695788,0.9134056314888364
2014-05-28,0.794818652849741,0.017675785,0.0072538860103626,0.0196891191709844,1.6349852,0.919235186285741
2014-05-29,0.172020725388601,0.01956811,0.0,-0.0010362694300518,0.90011173,0.9048682367272032
2014-05-30,0.509865005192108,0.017816033,0.0062305295950155,0.0,1.4470472,0.9028113303886972
2014-06-03,0.4257528556593977,0.019368256,0.0083073727933541,0.0010384215991692,1.349073,0.9042299619614558
2014-06-04,0.2329317269076305,0.019576438,0.0050200803212851,-0.0090361445783132,1.3877364,0.9117302759803304
2014-06-05,0.8506559031281534,0.017314043,0.012108980827447,0.0181634712411705,1.8279818,0.9063022188406944
2014-06-06,0.3393939393939394,0.017580152,0.0,0.001010101010101,1.0135669,0.90145102505762
2014-06-09,0.2736520854526958,0.018198727,0.0030518819938962,-0.005086469989827,0.96083075,0.9056950203254568
2014-06-10,0.8645621181262729,0.014525487,0.0030549898167006,0.0142566191446028,1.405223,0.9120711204566306
2014-06-11,0.5683673469387756,0.01705523,0.0061224489795918,0.0122448979591836,1.8747483,0.911808012009576
2014-06-12,0.3541453428863869,0.019244036,0.0081883316274309,0.0102354145342886,2.138104,0.8995358400009319
2014-06-13,0.8139773895169579,0.017907394,0.0123329907502569,0.0246659815005138,1.7428644,0.918371751633691
2014-06-16,0.6358974358974359,0.017652085,0.0092307692307692,0.0225641025641025,1.9970671,0.924791617383758
2014-06-17,0.2086330935251798,0.018849298,0.0041109969167523,0.0061664953751284,1.5079446,0.9149912480709534
2014-06-18,0.2584963954685891,0.02318884,0.0113285272914521,0.0061791967044284,1.461632,0.9182817608756894
2014-06-19,0.0617283950617283,0.023487706,-0.0072016460905349,-0.0648148148148148,1.103503,0.923943535221756
2014-06-20,0.8076131687242798,0.018186547,0.0092592592592592,-0.0072016460905349,1.3080432,0.9173367813536364
2014-06-23,0.7373319544984488,0.018784396,0.0093071354705274,0.015511892450879,1.6626084,0.9131414849295032
2014-06-24,0.7254901960784313,0.016992306,0.0082559339525283,0.0175438596491228,1.8648721,0.9191197078303072
2014-06-25,0.2956431535269709,0.019206062,0.0041493775933609,0.0041493775933609,1.3198276,0.9046974834348908
2014-06-26,0.8992731048805815,0.018458433,0.0155763239875389,0.0259605399792315,2.0345616,0.9210294915798546
2014-06-27,0.7297297297297297,0.021421479,0.0218295218295218,0.028066528066528,1.8213788,0.9201794468788156
2014-06-30,0.7345872518286312,0.021672884,0.0208986415882967,0.044932079414838,1.692697,0.9235219233463596
2014-07-01,0.6322916666666667,0.020515362,0.0135416666666666,0.0385416666666666,1.5482234,0.9165163091686164
2014-07-02,0.6012024048096193,0.02204347,0.0210420841683366,0.0501002004008016,1.8460569,0.9334074916458356
2014-07-03,0.592929292929293,0.02141089,0.0101010101010101,0.0424242424242424,1.1157997,0.9322809928326272
2014-07-04,0.3675126903553299,0.020095155,0.0050761421319796,0.0365482233502538,1.277763,0.930533590129852
2014-07-07,0.4420731707317073,0.0208822,0.0060975609756097,0.040650406504065,1.1998656,0.927208500973947
2014-07-08,0.6197757390417941,0.019909313,0.0122324159021406,0.056065239551478,1.565399,0.9238494873193764
2014-07-09,0.1547861507128309,0.021588478,0.0030549898167006,0.0274949083503055,1.4771758,0.9253124072780018
2014-07-10,0.5526046986721144,0.022378568,0.0132788559754851,0.0326864147088866,1.0634708,0.9189462533274676
2014-07-11,0.7515400410677618,0.020395588,0.0102669404517453,0.0359342915811088,1.0496433,0.9247495685773636
2014-07-14,0.828365878725591,0.02333287,0.013360739979445,0.0709146968139773,0.3331902,0.9377338633512192
2014-07-15,0.4069886947584789,0.025529694,0.0102774922918807,0.0503597122302158,0.79862714,0.9334808935260008
2014-07-16,0.2492276004119464,0.023018764,0.0020597322348094,0.0226570545829042,0.27403644,0.9408980762737742
2014-07-17,0.3938144329896907,0.019194743,0.0,0.0175257731958762,0.3890282,0.9386227232222956
2014-07-18,0.5097636176772867,0.017903375,0.0041109969167523,0.0164439876670092,1.1396377,0.9325995563697554
2014-07-21,0.3488612836438923,0.020874886,0.0062111801242236,0.0248447204968944,0.9500639,0.9265748442999764
2014-07-22,0.8341968911917098,0.018238943,0.0124352331606217,0.0414507772020725,1.8910897,0.9355022326625688
2014-07-23,0.2479338842975206,0.023214387,0.006198347107438,0.0258264462809917,0.80968714,0.9343779974778266
2014-07-24,0.435098650051921,0.023450255,0.0051921079958463,0.0155763239875389,0.20797718,0.9457690963501124
2014-07-25,0.7827442827442828,0.017127795,0.0062370062370062,0.0228690228690228,1.1908697,0.9414363153529682
2014-07-28,0.9394572025052192,0.016785882,0.0146137787056367,0.0427974947807933,2.1416118,0.9558491618871268
2014-07-29,0.7460815047021944,0.018577984,0.0114942528735632,0.0679205851619644,2.1206272,0.948329836996354
2014-07-30,0.5454545454545454,0.021824315,0.0177638453500522,0.0637408568443051,1.9153036,0.9395517248439952
2014-07-31,0.6955161626694474,0.017763967,0.0114702815432742,0.0563086548488008,1.9077872,0.9443059670551792
2014-08-01,0.1847599164926931,0.02194903,0.011482254697286,0.0354906054279749,2.1404364,0.951842390648578
2014-08-04,0.9093655589123868,0.019107379,0.0201409869083585,0.0785498489425981,1.8016846,0.9517857348268498
2014-08-05,0.6484848484848484,0.018566953,0.008080808080808,0.0707070707070707,1.4421653,0.9495974617766352
2014-08-06,0.4792299898682877,0.017865006,0.0081053698074974,0.0628166160081053,1.9688563,0.9542874857985124
2014-08-07,0.2142131979695431,0.019089118,0.0071065989847715,0.0284263959390862,1.8436729,0.9518475136668628
2014-08-08,0.7079107505070994,0.01786336,0.0030425963488843,0.0659229208924949,1.2420353,0.9478297812353402
2014-08-11,0.9073319755600816,0.017401338,0.0112016293279022,0.1008146639511201,2.1950035,0.9553751399484096
2014-08-12,0.5875127942681678,0.019277878,0.0081883316274309,0.1054247697031729,1.737077,0.946036920826831
2014-08-13,0.4338461538461538,0.022604108,0.0102564102564102,0.0933333333333333,1.505751,0.948870917514662
2014-08-14,0.3224155578300921,0.023341201,0.0092118730808597,0.0614124872057318,1.5634518,0.9435156944416216
2014-08-15,0.8155737704918032,0.019336808,0.0143442622950819,0.1004098360655737,1.6814823,0.9344677105398502
2014-08-18,0.8552223371251293,0.021011842,0.0165460186142709,0.1489141675284384,1.6326785,0.9500341165969692
2014-08-19,0.5067497403946002,0.022311978,0.0145379023883696,0.1048805815160955,1.3873088,0.9481738083942336
2014-08-20,0.4143302180685358,0.021516891,0.0114226375908618,0.0809968847352024,1.5126538,0.9549598355417744
2014-08-21,0.4087136929460581,0.020946372,0.0041493775933609,0.0933609958506224,1.3754501,0.9517726428275796
2014-08-22,0.6649323621227887,0.01913067,0.0052029136316337,0.105098855359001,1.1584871,0.9453492961147808
2014-08-25,0.2984293193717277,0.021854252,0.0083769633507853,0.0827225130890052,1.393462,0.953934170861717
2014-08-26,0.1319371727748691,0.022825016,0.006282722513089,0.0324607329842931,1.7355242,0.9510370304634886
2014-08-27,0.6071428571428571,0.021823687,0.0115546218487394,0.0493697478991596,1.286736,0.9345991984677978
2014-08-28,0.2774261603375527,0.022009492,0.0021097046413502,0.0295358649789029,0.64919156,0.9441393879356648
2014-08-29,0.8342077649527807,0.017073028,0.0020986358866736,0.04302203567681,0.7254471,0.941320564985492
2014-09-01,0.930379746835443,0.017211199,0.0084388185654008,0.1033755274261603,1.601927,0.9526033315018833
2014-09-02,0.922998986828774,0.017714836,0.0172239108409321,0.1621073961499493,2.344253,0.95564641570639
2014-09-03,0.6737588652482269,0.019762488,0.0182370820668693,0.1458966565349544,2.3592212,0.956200735173622
2014-09-04,0.709349593495935,0.019685823,0.0132113821138211,0.1880081300813008,1.802262,0.9529969526505964
2014-09-05,0.5390862944162437,0.01948622,0.0081218274111675,0.1675126903553299,1.7406378,0.9558316942187776
2014-09-09,0.6094069529652352,0.020682564,0.0102249488752556,0.2014314928425357,1.6108426,0.959079640098316
2014-09-10,0.6012269938650306,0.021910373,0.0122699386503067,0.2065439672801636,1.2016814,0.9544594058133908
2014-09-11,0.4,0.02106854,0.0082051282051282,0.122051282051282,1.3346399,0.9657268918036048
2014-09-12,0.8288934426229508,0.020518659,0.0143442622950819,0.235655737704918,1.5127041,0.9601842217002284
2014-09-15,0.7306501547987616,0.023781596,0.0206398348813209,0.2899896800825593,1.3340908,0.9665502810451824
2014-09-16,0.0735751295336787,0.02594052,0.0031088082901554,0.0528497409326424,1.7191671,0.9667942960177656
2014-09-17,0.6821946169772257,0.02374666,0.0165631469979296,0.1045548654244306,1.0747137,0.9573749598910406
2014-09-18,0.652128764278297,0.020491952,0.0103842159916926,0.0986500519210799,1.3612566,0.9531153854505529
2014-09-19,0.7101147028154328,0.020254217,0.0145985401459854,0.1167883211678832,1.7649612,0.9564648129919412
2014-09-22,0.2654774396642183,0.02350853,0.0052465897166841,0.0766002098635886,1.3840693,0.9515775187930394
2014-09-23,0.8581932773109243,0.019631902,0.0136554621848739,0.1428571428571428,1.4228386,0.9529519537504716
2014-09-24,0.8421052631578947,0.018539181,0.0136842105263157,0.1894736842105263,1.8056424,0.9566660336518816
2014-09-25,0.3596214511041009,0.02195786,0.0084121976866456,0.1356466876971608,1.7513614,0.9572185755825582
2014-09-26,0.6033578174186779,0.021508247,0.0041972717733473,0.1888772298006296,0.8268149,0.9538100205278952
2014-09-29,0.7595338983050848,0.022725178,0.010593220338983,0.236228813559322,0.7396101,0.9599372425639
2014-09-30,0.6038135593220338,0.021186322,0.010593220338983,0.222457627118644,1.291656,0.9611651626440108
2014-10-08,0.7571884984025559,0.021296589,0.0138445154419595,0.3067092651757188,1.3092376,0.9664360656608668
2014-10-09,0.4490413723511604,0.023856394,0.0131180625630676,0.2401614530776993,1.4304296,0.9603600539929212
2014-10-10,0.3065989847715736,0.023420371,0.0081218274111675,0.1401015228426396,1.4250143,0.956785141395706
2014-10-13,0.4307692307692308,0.024189666,0.0061538461538461,0.1517948717948718,0.88472384,0.9605537938416654
2014-10-14,0.3835897435897435,0.022269947,0.0071794871794871,0.1076923076923077,1.1410191,0.9571525439401368
2014-10-15,0.5380658436213992,0.02107207,0.0061728395061728,0.1193415637860082,1.025141,0.95478947063003
2014-10-16,0.1882716049382716,0.02535682,0.0092592592592592,0.0648148148148148,1.5343233,0.9561578718938724
2014-10-17,0.2199383350462487,0.02638237,0.0061664953751284,0.0472764645426515,1.1604724,0.957672444555706
2014-10-20,0.8713991769547325,0.021360021,0.0072016460905349,0.0853909465020576,0.83699656,0.936152402702796
2014-10-21,0.2701030927835051,0.021193102,-0.002061855670103,0.0474226804123711,0.4891539,0.9427500956748436
2014-10-22,0.1797520661157025,0.02117874,0.003099173553719,0.03099173553719,1.1249576,0.952576194064572
2014-10-23,0.1689259645464025,0.023443941,0.0010427528675703,0.0218978102189781,1.0136795,0.9525069879004412
2014-10-24,0.5870698644421272,0.020404214,0.0031282586027111,0.02711157455683,0.4320626,0.9378687716441988
2014-10-27,0.746875,0.022300508,0.0041666666666666,0.040625,0.17308985,0.9419564124219948
2014-10-28,0.9833506763787722,0.017072067,0.0104058272632674,0.0957336108220603,1.2455258,0.950149761700299
2014-10-29,0.8577405857740585,0.020374818,0.0188284518828451,0.1223849372384937,1.8704294,0.9559515963247258
2014-10-30,0.412748171368861,0.020967472,0.0073145245559038,0.1055381400208986,1.183829,0.9530805605189956
2014-10-31,0.399581589958159,0.02011296,0.00418410041841,0.0638075313807531,0.8788715,0.9599964825813142
2014-11-03,0.7560209424083769,0.021088716,0.0104712041884816,0.1340314136125654,1.2700307,0.9613381748576114
2014-11-04,0.328159645232816,0.02439258,0.007760532150776,0.0753880266075388,1.2048953,0.9522268328722434
2014-11-05,0.4605993340732519,0.021008285,0.0055493895671476,0.0621531631520532,1.229649,0.9513002940037466
2014-11-06,0.7058823529411765,0.021634845,0.0099889012208657,0.1065482796892341,1.0883462,0.953961917275026
2014-11-07,0.2241953385127636,0.021774337,0.002219755826859,0.0654827968923418,1.341837,0.9575248591493348
2014-11-10,0.5977777777777777,0.022542935,0.0133333333333333,0.0744444444444444,1.1146564,0.9528244762844008
2014-11-11,0.0734149054505005,0.026548883,-0.0044493882091212,0.0233592880978865,1.5718474,0.964546110918958
2014-11-12,0.8955555555555555,0.020357687,0.0177777777777777,0.0455555555555555,1.4057202,0.9469646685564308
2014-11-13,0.2008879023307436,0.028319411,-0.0011098779134295,0.0388457269700332,0.7855016,0.9509258893398754
2014-11-14,0.4466666666666666,0.02182182,0.0022222222222222,0.0244444444444444,0.10163379,0.9458753390340648
2014-11-17,0.8421052631578947,0.020108946,0.0078387458006718,0.0313549832026875,0.9370997,0.9427016109386048
2014-11-18,0.6035634743875279,0.020550048,0.0066815144766146,0.0590200445434298,1.2139692,0.9300487384846974
2014-11-19,0.6900780379041248,0.021633405,0.0122630992196209,0.0546265328874024,1.2586335,0.9392426084833696
2014-11-20,0.3907657657657657,0.019525599,0.0056306306306306,0.0574324324324324,1.4894825,0.9378598548549972
2014-11-21,0.7460674157303371,0.020119524,0.0146067415730337,0.0674157303370786,1.873558,0.9515141954757876
2014-11-24,0.672316384180791,0.020212296,0.007909604519774,0.1005649717514124,1.3187807,0.958450617032094
2014-11-25,0.8167420814479638,0.023516953,0.0203619909502262,0.1504524886877828,1.0812181,0.9592317851453722
2014-11-26,0.5164212910532276,0.025794184,0.0237825594563986,0.1415628539071347,1.602427,0.9539163858653202
2014-11-27,0.5699658703071673,0.025660234,0.0295790671217292,0.1433447098976109,1.5793682,0.9548155686729134
2014-11-28,0.3881952326901248,0.028134251,0.021566401816118,0.1169125993189557,1.4384532,0.9536522888493616
2014-12-01,0.2304199772985244,0.03027543,0.0147559591373439,0.0749148694665153,1.276955,0.9575959187344796
2014-12-02,0.7785310734463277,0.022010986,0.0248587570621468,0.0994350282485875,1.8681188,0.9519369601197584
2014-12-03,0.625,0.02673435,0.0213963963963963,0.1103603603603603,0.79459965,0.9601395299174648
2014-12-04,0.7113866967305524,0.024785109,0.0270574971815107,0.1589627959413754,1.6650192,0.9592788991752744
2014-12-05,0.1527149321266968,0.038061224,0.0214932126696832,0.0701357466063348,1.7274797,0.9507152206989252
2014-12-08,0.4031890660592255,0.03614324,0.0227790432801822,0.0740318906605922,0.65526426,0.9337986969727432
2014-12-09,0.0546075085324232,0.032733686,-0.1080773606370876,0.0125142207053469,0.9205003,0.9436254724725078
2014-12-10,0.9717514124293786,0.024720535,0.0610169491525423,0.0531073446327683,0.44590932,0.9388615099404404
2014-12-11,0.7879818594104309,0.02438239,0.0226757369614512,0.0997732426303854,1.0136753,0.9346226654114648
2014-12-12,0.7279909706546276,0.027429478,0.0237020316027088,0.0733634311512415,0.75417554,0.9355961226192624
2014-12-15,0.8320180383314544,0.026306543,0.0315670800450958,0.1217587373167981,0.8080543,0.942910956455474
2014-12-16,0.2958380202474691,0.021922674,0.0067491563554555,0.0798650168728909,1.5493551,0.9366961038958468
2014-12-17,0.2101123595505618,0.027298247,0.0168539325842696,0.0651685393258427,1.8597316,0.9409679490855728
2014-12-18,0.3582766439909297,0.02528811,0.0079365079365079,0.0578231292517006,0.98530227,0.9331933896685984
2014-12-19,0.1676168757126568,0.024658231,-0.0022805017103762,0.0319270239452679,0.642812,0.9462901570854452
2014-12-22,0.061503416856492,0.036491442,-0.1890660592255125,0.0,1.3314413,0.9485049444347988
2014-12-23,0.3503401360544217,0.03172763,-0.0204081632653061,-0.0045351473922902,-0.5103879,0.940612771369282
2014-12-24,0.9352272727272728,0.022288054,0.0170454545454545,0.0181818181818181,-0.08467277,0.939360680543859
2014-12-25,0.744343891402715,0.019855618,0.0101809954751131,0.0226244343891402,1.3875676,0.9325194578327936
2014-12-26,0.4451977401129943,0.021444378,0.0022598870056497,0.0225988700564971,0.8687267,0.9289568752273806
2014-12-29,0.1444695259593679,0.029704843,-0.0158013544018058,0.010158013544018,0.56480676,0.940262604773576
2014-12-30,0.226457399103139,0.029826337,-0.0056053811659192,-0.0067264573991031,0.45348045,0.9329307426949732
2014-12-31,0.7342342342342343,0.022826161,0.0045045045045045,0.0033783783783783,-0.08493142,0.9348329201515004
2015-01-05,0.5973003374578177,0.030022843,0.0067491563554555,0.0269966254218222,-0.11871049,0.9471277329592444
2015-01-06,0.835214446952596,0.028128736,0.028216704288939,0.0237020316027088,0.30983943,0.957026726038
2015-01-07,0.3318335208098987,0.023094105,0.014623172103487,0.0247469066366704,1.7020359,0.9430939871354096
2015-01-08,0.4520856820744081,0.023941256,0.0157835400225479,0.0135287485907553,1.3258494,0.9368397141826896
2015-01-09,0.2491582491582491,0.018910404,0.0056116722783389,0.0067340067340067,1.4668771,0.9455967974175358
2015-01-12,0.2842696629213483,0.03085029,0.0123595505617977,0.0089887640449438,1.1568773,0.9440584777144306
2015-01-13,0.8689265536723164,0.022739457,0.0169491525423728,0.0112994350282485,0.9010566,0.93534010721384
2015-01-14,0.3420158550396376,0.022879558,0.0056625141562853,0.0101925254813137,1.1997783,0.938693476071368
2015-01-15,0.6355353075170843,0.018827146,0.0011389521640091,0.0091116173120728,0.100107044,0.9392606596563484
2015-01-16,0.7975113122171946,0.02214431,0.0203619909502262,0.0260180995475113,1.4909884,0.9427685872698274
2015-01-19,0.2061503416856492,0.035155166,-0.010250569476082,0.0170842824601366,0.572523,0.9518415011459468
2015-01-20,0.9954441913439636,0.020298196,0.0421412300683371,0.0466970387243735,0.9664073,0.943436473826796
2015-01-21,0.8929384965831435,0.021470204,0.0216400911161731,0.0501138952164009,1.0504117,0.955736038484952
2015-01-22,0.8211845102505695,0.023355223,0.030751708428246,0.0683371298405467,1.6412238,0.9479931162835368
2015-01-23,0.2162471395881006,0.024871029,0.0102974828375286,0.0331807780320366,1.5170255,0.9397530788231456
2015-01-26,0.9224629418472065,0.023205334,0.0296465222348916,0.0935005701254275,1.2555919,0.9476407662451276
2015-01-27,0.5657596371882087,0.024966542,0.0260770975056689,0.0975056689342403,1.4875072,0.9486094457614253
2015-01-28,0.3702031602708803,0.023347838,0.010158013544018,0.04627539503386,1.2261704,0.9473115453853724
2015-01-29,0.2839366515837104,0.022170544,0.0101809954751131,0.0452488687782805,1.7633656,0.9510297405290692
2015-01-30,0.2514156285390713,0.024294194,-0.0056625141562853,0.0237825594563986,0.17381261,0.9408937951549332
2015-02-02,0.4337899543378995,0.026640188,0.0079908675799086,0.0399543378995433,0.43074322,0.944181991650612
2015-02-03,0.8902714932126696,0.022574192,0.0214932126696832,0.0531674208144796,1.0597792,0.9426633021959602
2015-02-04,0.3408833522083805,0.02368743,0.0124575311438278,0.0453001132502831,1.5788171,0.940078297193576
2015-02-05,0.3639455782312925,0.027926316,0.0272108843537414,0.0578231292517006,1.645181,0.9372666392215996
2015-02-06,0.1617312072892938,0.025905136,0.0011389521640091,0.020501138952164,0.943248,0.933624007034656
2015-02-09,0.3378995433789954,0.026409889,0.002283105022831,0.0205479452054794,0.40539202,0.9281845647271174
2015-02-10,0.7785388127853882,0.021446869,0.0125570776255707,0.0308219178082191,1.102515,0.9326291506945512
2015-02-11,0.782312925170068,0.023009462,0.0192743764172335,0.0668934240362811,1.3203112,0.9214420981041256
2015-02-12,0.7212189616252822,0.022486055,0.0158013544018058,0.0609480812641083,1.3093321,0.9218303621048772
2015-02-13,0.8761261261261262,0.02108029,0.0225225225225225,0.0799549549549549,1.7002708,0.94261272390203
2015-02-16,0.9135802469135802,0.023833793,0.0336700336700336,0.1672278338945005,1.3897086,0.9439650187255648
2015-02-17,0.5391498881431768,0.026395435,0.0279642058165548,0.1353467561521252,1.4931738,0.9450671909108256
2015-02-25,0.4282485875706214,0.029914401,0.0180790960451977,0.1005649717514124,0.5977769,0.9421545987747072
2015-02-26,0.6455266138165345,0.021159556,0.0113250283125707,0.0804077010192525,1.2827225,0.9409355506750646
2015-02-27,0.7392290249433107,0.023827668,0.0294784580498866,0.1337868480725623,1.775073,0.9492149316533808
2015-03-02,0.8931818181818182,0.027503677,0.059090909090909,0.2340909090909091,1.2143058,0.9495211565307888
2015-03-03,0.3117178612059158,0.030082615,0.0273037542662116,0.1296928327645051,1.4431769,0.950149886621238
2015-03-04,0.8304891922639362,0.025660062,0.0364050056882821,0.1990898748577929,1.2573547,0.9462578321658168
2015-03-05,0.5302857142857142,0.029311035,0.0217142857142857,0.192,1.0090039,0.9508097437352035
2015-03-06,0.2565864833906071,0.032136764,0.0194730813287514,0.0893470790378006,1.0864891,0.9530369939840116
2015-03-09,0.7853042479908151,0.02653951,0.0332950631458094,0.1435132032146957,1.1879889,0.9528256877747062
2015-03-10,0.7324913892078071,0.025933528,0.0344431687715269,0.1951779563719862,1.4639926,0.9506740311994492
2015-03-11,0.3589449541284403,0.030141734,0.0298165137614678,0.1525229357798165,1.3851413,0.94743215078786
2015-03-12,0.3161512027491409,0.025900982,0.0068728522336769,0.0824742268041237,0.8499376,0.943730976231362
2015-03-13,0.8337155963302753,0.024358213,0.0298165137614678,0.1422018348623853,1.3800124,0.9462551975422384
2015-03-16,0.9919261822376008,0.024512501,0.0622837370242214,0.3737024221453287,1.2425202,0.960724631867369
2015-03-17,0.635632183908046,0.027706243,0.0344827586206896,0.3160919540229885,1.3334297,0.9574896921719608
2015-03-18,0.8535469107551488,0.026883535,0.0469107551487414,0.4221967963386727,1.3319691,0.9576848437633378
2015-03-19,0.5519630484988453,0.027748024,0.0254041570438799,0.348729792147806,1.227552,0.9566945138478676
2015-03-20,0.632183908045977,0.028475376,0.0425287356321839,0.3597701149425287,1.3967625,0.957658982389936
2015-03-23,0.9134948096885812,0.030838868,0.0853517877739331,0.5720876585928489,0.9924534,0.9648913822296252
2015-03-24,0.4257767548906789,0.040884223,0.0747986191024165,0.3486766398158803,0.9528423,0.9600574766416338
2015-03-25,0.6326767091541136,0.036905847,0.0753186558516801,0.3754345307068366,0.7406894,0.9599398698233876
2015-03-26,0.3019744483159117,0.043337967,-0.0209059233449477,0.156794425087108,0.41119772,0.953685393376419
2015-03-27,0.7053364269141531,0.029152317,0.0406032482598607,0.2099767981438515,0.9347773,0.957504351496138
2015-03-30,0.5617715617715617,0.03320516,0.0174825174825174,0.2389277389277389,0.20763196,0.9658738601382848
2015-03-31,0.513953488372093,0.029867193,0.0302325581395348,0.1732558139534883,1.1314272,0.9654644022346024
2015-04-01,0.9501160092807424,0.027500462,0.0603248259860788,0.3909512761020882,1.122976,0.9686273098285734
2015-04-02,0.8623103850641773,0.030734204,0.0758459743290548,0.5764294049008168,0.8321896,0.9689581107475356
2015-04-03,0.7430232558139535,0.033343624,0.0593023255813953,0.5837209302325581,0.66784674,0.9694736287698484
2015-04-07,0.782608695652174,0.030269949,0.0611045828437132,0.6286721504112809,1.0194927,0.9687955305016104
2015-04-08,0.2224824355971897,0.036708202,0.0281030444964871,0.1978922716627634,1.4067839,0.96669031006091
2015-04-09,0.2629716981132075,0.039425384,0.0448113207547169,0.1450471698113207,1.4147747,0.9640165358490016
2015-04-10,0.8875878220140515,0.030289005,0.0714285714285714,0.2634660421545667,0.68950075,0.9633887265653198
2015-04-13,0.8063380281690141,0.03412735,0.0868544600938967,0.3755868544600939,0.57619685,0.9696082075937262
2015-04-14,0.4350877192982456,0.04029083,0.0573099415204678,0.2900584795321637,0.79560155,0.9669425691078722
2015-04-15,0.1224970553592461,0.04027641,-0.0471142520612485,0.0836277974087161,1.4323653,0.9658250463105046
2015-04-16,0.6658795749704841,0.030135222,0.037780401416765,0.1298701298701298,0.810144,0.963493595427941
2015-04-17,0.5392731535756154,0.030259334,0.0199296600234466,0.1137162954279015,0.59856844,0.9623233233341828
2015-04-20,0.2241784037558685,0.04052217,0.0129107981220657,0.0715962441314554,1.0049593,0.9644565949604336
2015-04-21,0.9602803738317756,0.02744604,0.0876168224299065,0.1495327102803738,0.1600481,0.9540267216577164
2015-04-22,0.9442508710801394,0.02708901,0.0696864111498257,0.2694541231126597,1.0944127,0.9629455572104544
2015-04-23,0.5983701979045402,0.034133725,0.0686845168800931,0.2467986030267753,1.0469306,0.9611016236900864
2015-04-24,0.4277389277389277,0.03856321,0.0559440559440559,0.2354312354312354,1.0032954,0.9629118607095686
2015-04-27,0.5400696864111498,0.032202233,0.0418118466898954,0.1986062717770035,0.998298,0.9676641893294784
2015-04-28,0.1408775981524249,0.04023234,0.0138568129330254,0.0842956120092378,1.742869,0.9596930556564868
2015-04-29,0.8921113689095128,0.030895032,0.0858468677494199,0.1415313225058004,0.73723596,0.9516101782759102
2015-04-30,0.4982618771726535,0.034329526,0.0521436848203939,0.1436848203939745,1.060642,0.960358699018754
2015-05-04,0.5845974329054843,0.036589116,0.0478413068844807,0.1726954492415402,0.61209667,0.9593272319511066
2015-05-05,0.1864801864801865,0.03705758,0.0128205128205128,0.0652680652680652,1.1913441,0.9549619440389592
2015-05-06,0.3497076023391813,0.03753683,0.0280701754385964,0.1005847953216374,0.9083724,0.9510028438630675
2015-05-07,0.3045507584597433,0.044195917,0.0151691948658109,0.0793465577596266,0.7576925,0.9569294324765628
2015-05-08,0.9813084112149532,0.028090745,0.1401869158878504,0.1799065420560747,0.15504457,0.9561579260964868
2015-05-11,0.9918604651162792,0.026782202,0.1383720930232558,0.3023255813953488,0.40719172,0.9603017785562864
2015-05-12,0.7619047619047619,0.034817744,0.1033681765389082,0.3240418118466899,0.8499664,0.9590573919261828
2015-05-13,0.5759345794392523,0.03981137,0.0782710280373831,0.2686915887850467,0.64133364,0.9617658347643424
2015-05-14,0.5943728018757327,0.03891172,0.0621336459554513,0.2719812426729191,0.3759525,0.9573512939432076
2015-05-15,0.3985932004689331,0.040862452,0.0550996483001172,0.2039859320046893,0.93180454,0.9583524827519344
2015-05-18,0.7663107947805456,0.039654307,0.1316725978647686,0.3558718861209964,0.25688592,0.9642731542442282
2015-05-19,0.8156028368794326,0.03532636,0.1075650118203309,0.408983451536643,0.55271167,0.9629618283232264
2015-05-20,0.743801652892562,0.03651259,0.1121605667060212,0.4439197166469893,0.66037965,0.966802038789985
2015-05-21,0.9158767772511848,0.035570238,0.1658767772511848,0.6611374407582938,0.1748951,0.964690294195722
2015-05-22,0.544589774078478,0.04383537,0.093935790725327,0.4161712247324614,0.47816998,0.9646777570637164
2015-05-25,0.7572115384615384,0.04214695,0.0841346153846153,0.5480769230769231,-0.13246588,0.9676169113588472
2015-05-26,0.9532934131736528,0.032863457,0.1616766467065868,0.7580838323353294,0.3406062,0.967104182335964
2015-05-27,0.5580838323353293,0.046927486,0.1305389221556886,0.5293413173652695,0.39042294,0.9653024248366276
2015-05-28,0.1053892215568862,0.04925201,-0.3293413173652694,0.0802395209580838,1.7844205,0.9675155670930902
2015-05-29,0.6158463385354142,0.043134563,0.1008403361344537,0.1656662665066026,0.41070658,0.9666600138362764
2015-06-01,0.976913730255164,0.027769554,0.1883353584447144,0.3754556500607533,-0.5921001,0.9675689289059024
2015-06-02,0.9168704156479216,0.036402225,0.2078239608801956,0.5941320293398533,-0.27989256,0.9705619165229932
2015-06-03,0.4676434676434676,0.04811026,0.1037851037851037,0.376068376068376,0.56499976,0.9663915797490212
2015-06-04,0.3633049817739975,0.050718438,0.094775212636695,0.2490886998784933,0.705566,0.9656762004956976
2015-06-05,0.6274271844660194,0.041121475,0.0837378640776699,0.2803398058252427,0.3073109,0.9653889107160272
2015-06-08,0.2838002436053593,0.050599623,-0.0097442143727162,0.174177831912302,0.6859835,0.9691312895216868
2015-06-09,0.4939320388349514,0.038217623,0.0400485436893203,0.1286407766990291,0.65878665,0.9644926443924784
2015-06-10,0.8519417475728155,0.032496445,0.0764563106796116,0.1978155339805825,0.43260497,0.9680332514680896
2015-06-11,0.7290400972053463,0.038339738,0.0972053462940461,0.347509113001215,0.3955397,0.9651190226209831
2015-06-12,0.6901579586877278,0.03784207,0.1020656136087484,0.3948967193195625,0.6186791,0.9677808894844524
2015-06-15,0.3125,0.047212694,-0.0024509803921568,0.213235294117647,0.65102357,0.967282488198307
2015-06-16,0.1668696711327649,0.047712576,-0.0694275274056029,0.099878197320341,1.3326004,0.9648619755394722
2015-06-17,0.7794117647058824,0.035777267,0.0612745098039215,0.0943627450980392,0.1964444,0.9618689713159924
2015-06-18,0.1619975639464068,0.040233307,-0.0572472594397076,0.0694275274056029,0.80858326,0.9618391631030784
2015-06-19,0.048602673147023,0.03595208,-0.5528554070473876,0.0133657351154313,2.1231833,0.9663820491113324
2015-06-23,0.5115151515151515,0.0446223,0.0193939393939393,0.0169696969696969,0.13157801,0.9673208246119624
2015-06-24,0.8245192307692307,0.033279862,0.0504807692307692,0.0420673076923076,-0.005782069,0.96455519160121
2015-06-25,0.1354916067146283,0.04230931,-0.0779376498800959,0.0287769784172661,1.2925258,0.9601577010846604
2015-06-26,0.0143540669856459,0.021571405,-0.9270334928229664,0.0071770334928229,7.001078,0.962385119949792
2015-06-29,0.0482509047044632,0.035429385,-0.773220747889023,0.0048250904704463,3.283667,0.9646660241960988
2015-06-30,0.9330900243309004,0.0363256,0.1411192214111922,0.0085158150851581,-1.1903484,0.9703270496822172
2015-07-01,0.0778443113772455,0.04071554,-0.4766467065868263,0.0071856287425149,1.9422405,0.9686241228479928
2015-07-02,0.0352369380315917,0.031265568,-0.7594167679222357,0.0024301336573511,3.6974652,0.9701972684928718
2015-07-03,0.0262172284644194,0.029474799,-0.7677902621722846,-0.0062421972534332,3.4379706,0.9728595378592312
2015-07-06,0.0698576972833117,0.040242523,-0.5821474773609314,-0.0297542043984476,2.1086044,0.9757027598516688
2015-07-07,0.0029498525073746,0.01182253,-0.9837758112094396,-0.0825958702064896,12.889199,0.951117522284236
2015-07-13,0.9876106194690264,0.018399706,0.9663716814159292,0.0035398230088495,-8.396202,0.9176389391060672
2015-07-14,0.8151382823871907,0.057506073,0.5036390101892285,0.0029112081513828,-1.1307033,0.9172908033859818
2015-07-15,0.196159122085048,0.067582525,-0.532235939643347,0.0,1.4440964,0.955185668134304
2015-07-16,0.720708446866485,0.046425007,0.0408719346049046,0.0,-0.5350524,0.9684730454172128
2015-07-17,0.993368700265252,0.021825226,0.3554376657824933,0.0013262599469496,-2.833342,0.967220386830998
2015-07-20,0.8443037974683544,0.042185504,0.2063291139240506,0.0,-0.11744167,0.960464574730924
2015-07-21,0.7844611528822055,0.040885095,0.1516290726817042,0.0037593984962406,0.2626487,0.960459380892959
2015-07-22,0.65375,0.038335245,0.105,0.00625,0.67905235,0.9611240043649044
2015-07-23,0.972534332084894,0.0288868,0.1136079900124844,0.0124843945068664,0.40417627,0.9684311932938282
2015-07-24,0.2446941323345817,0.038468707,0.0461922596754057,0.0074906367041198,1.4812297,0.9683535255604736
2015-07-27,0.0338770388958594,0.03231253,-0.8619824341279799,0.001254705144291,4.3835487,0.9617188892961858
2015-07-28,0.1052631578947368,0.04507272,-0.2531328320802005,0.0025062656641604,1.4621886,0.9668774533540976
2015-07-29,0.9725,0.028731607,0.20625,0.00125,-1.5899636,0.9577315228725298
2015-07-30,0.1430348258706467,0.040903408,-0.0621890547263681,0.0012437810945273,0.9188292,0.956440099222087
2015-07-31,0.15527950310559,0.038787927,-0.0211180124223602,-0.0012422360248447,0.8177071,0.9522742340023536
2015-08-03,0.0672478206724782,0.039083157,-0.3773349937733499,0.0,1.7877061,0.9594855018515608
2015-08-04,0.99125,0.022191048,0.49375,0.0,-4.0422993,0.9554623309646714
2015-08-05,0.4082397003745318,0.03801405,0.0262172284644194,0.0012484394506866,0.61346185,0.9551113553240864
2015-08-06,0.445,0.037802115,0.04,0.0,0.6640376,0.9479096048632556
2015-08-07,0.9875776397515528,0.02676689,0.1279503105590062,0.0012422360248447,0.2616015,0.9536580279578738
2015-08-10,0.9987562189054726,0.021319298,0.1691542288557214,0.003731343283582,0.1432597,0.960441351907266
2015-08-11,0.5687732342007435,0.03219404,0.0545229244114002,0.0024783147459727,1.2046028,0.9635115664451038
2015-08-12,0.271039603960396,0.03561688,0.0198019801980198,0.0024752475247524,1.0376147,0.959042015162046
2015-08-13,0.9433497536945812,0.030786755,0.0997536945812807,0.0049261083743842,0.20997688,0.9610391045301988
2015-08-14,0.5269607843137255,0.036287427,0.0698529411764705,0.0036764705882352,0.9905386,0.9614955762738568
2015-08-17,0.7193627450980392,0.03880972,0.088235294117647,0.0122549019607843,0.1900478,0.9633587819726808
2015-08-18,0.0221130221130221,0.028476052,-0.7997542997542998,0.0012285012285012,4.3843837,0.960885063803011
2015-08-19,0.9224137931034484,0.032135714,0.0899014778325123,0.0049261083743842,0.42239085,0.9540718517188912
2015-08-20,0.1356968215158924,0.039716754,-0.0415647921760391,0.0012224938875305,0.99974555,0.9425350897666482
2015-08-21,0.0317848410757946,0.030019065,-0.2163814180929095,-0.0012224938875305,1.604882,0.958214872417524
2015-08-24,0.003671970624235,0.011597616,-0.9804161566707468,-0.011015911872705,15.21385,0.9582852094336364
2015-08-25,0.0048899755501222,0.01174299,-0.9645476772616136,-0.0770171149144254,7.9787993,0.9617407812553586
2015-08-26,0.1758917589175891,0.050604273,-0.3899138991389914,-0.1180811808118081,0.9406977,0.962088135138191
2015-08-27,0.8934324659231723,0.04152921,0.1201982651796778,-0.0099132589838909,-1.3778625,0.9558184242048527
2015-08-28,0.9950617283950616,0.019525774,0.3790123456790123,0.0012345679012345,-3.931922,0.960170753687216
2015-08-31,0.0935960591133004,0.040580668,-0.1428571428571428,-0.0123152709359605,1.3620094,0.9464412475994556
2015-09-01,0.020935960591133,0.027867183,-0.6527093596059114,-0.1231527093596059,3.4340177,0.957729821368028
2015-09-02,0.0604938271604938,0.03782449,-0.2246913580246913,-0.2148148148148148,1.0404121,0.9493615506901796
2015-09-07,0.9070631970260224,0.03638664,0.0346964064436183,-0.0037174721189591,-1.2816391,0.9473535313081528
2015-09-08,0.981549815498155,0.028765714,0.2263222632226322,-0.001230012300123,-2.3647673,0.9503713184484012
2015-09-09,0.9901719901719902,0.026569622,0.1339066339066339,0.0,-0.4393498,0.9525464118430712
2015-09-10,0.171990171990172,0.031114265,0.0171990171990172,-0.0012285012285012,1.5692395,0.9402688140656724
2015-09-11,0.8078335373317014,0.029115641,0.0379436964504283,0.0012239902080783,0.5321708,0.935777867330428
2015-09-14,0.0195599022004889,0.026288696,-0.7909535452322738,-0.0317848410757946,4.9242415,0.9423661635190186
2015-09-15,0.0549450549450549,0.03784703,-0.3943833943833943,-0.2673992673992674,1.7268305,0.9467569114118144
2015-09-16,0.9939172749391728,0.017818984,0.7214111922141119,0.0,-8.244974,0.9454182358706832
2015-09-17,0.2414634146341463,0.034210682,-0.0012195121951219,-0.0012195121951219,0.7302876,0.942925627873044
2015-09-18,0.8817073170731707,0.030234147,0.0439024390243902,0.0,-0.020606881,0.9292130415433432
2015-09-21,0.9829683698296836,0.02805811,0.1228710462287104,0.0,-0.6668442,0.944289327123046
2015-09-22,0.5676328502415459,0.030068135,0.036231884057971,0.001207729468599,0.9452232,0.9426973386646555
2015-09-23,0.3106796116504854,0.032471895,0.0169902912621359,0.0,1.0809659,0.9351843094953128
2015-09-24,0.8566221142162819,0.028141707,0.0328068043742405,0.0,0.07666655,0.9335018774608184
2015-09-25,0.0831325301204819,0.034686666,-0.0457831325301204,0.0012048192771084,1.4463108,0.9337816973232508
2015-09-28,0.9301204819277108,0.033538565,0.072289156626506,0.0,-0.33040047,0.9256582433262894
2015-09-29,0.1956521739130435,0.031222252,0.0108695652173913,-0.001207729468599,1.3580805,0.9289230950504366
2015-09-30,0.6036144578313253,0.027225977,0.0132530120481927,0.0,0.35619143,0.9338109967241672
2015-10-08,0.9927536231884058,0.02303282,0.107487922705314,0.0,-0.35389078,0.9541273563266623
2015-10-09,0.84688995215311,0.030081296,0.0478468899521531,0.0,0.35187066,0.951560765477823
2015-10-12,0.9796163069544364,0.027157877,0.0947242206235011,0.001199040767386,-1.3451549,0.9580375295061092
2015-10-13,0.7877697841726619,0.030722916,0.0371702637889688,0.001199040767386,0.3531075,0.9503990419531716
2015-10-14,0.2071856287425149,0.03257682,0.0191616766467065,0.0035928143712574,1.4848427,0.9471018389123714
2015-10-15,0.9842805320435308,0.026228245,0.0628778718258766,0.0060459492140266,-0.307943,0.9519857193629356
2015-10-16,0.7515151515151515,0.029843451,0.0521212121212121,0.0096969696969696,0.9741781,0.954849990343814
2015-10-19,0.3727161997563946,0.035959717,0.0401948842874543,0.0073081607795371,1.1264194,0.9478650863446416
2015-10-20,0.8321167883211679,0.031263325,0.0632603406326034,0.0024330900243309,0.44590452,0.9507268777486526
2015-10-21,0.0560292326431181,0.038294423,-0.5213154689403167,0.002436053593179,2.7800279,0.9518222420044988
2015-10-22,0.9915458937198068,0.027277011,0.1376811594202898,0.0084541062801932,0.15214866,0.9405602692743986
2015-10-23,0.935096153846154,0.032915253,0.1502403846153846,0.0120192307692307,0.20304759,0.9468596527439408
2015-10-26,0.644311377245509,0.039352562,0.0574850299401197,0.0071856287425149,0.21266945,0.9495850321551624
2015-10-27,0.4778443113772455,0.036237273,0.067065868263473,0.0083832335329341,1.0121878,0.9499632452950704
2015-10-28,0.1871275327771156,0.03669031,0.0166865315852205,0.00238379022646,1.2142946,0.9511886777319852
2015-10-29,0.6962174940898345,0.028705541,0.0378250591016548,0.0023640661938534,0.85283935,0.9464805215400148
2015-10-30,0.3739742086752637,0.033086255,0.0316529894490035,0.003516998827667,1.0794318,0.943384957355808
2015-11-02,0.1725352112676056,0.036730364,-0.0187793427230046,0.0023474178403755,0.8778569,0.9481681595815458
2015-11-03,0.4912075029308324,0.030161895,0.0093786635404454,0.0011723329425556,0.23160174,0.9452602963368404
2015-11-04,0.9976580796252928,0.020143595,0.1206088992974238,0.0046838407494145,0.17518167,0.9581059527852848
2015-11-05,0.4457409568261377,0.02618927,0.0151691948658109,0.0070011668611435,1.1958861,0.9631799506238968
2015-11-06,0.967251461988304,0.023638852,0.0421052631578947,0.0093567251461988,1.3101702,0.9643308460164618
2015-11-09,0.7321016166281755,0.033408962,0.0773672055427251,0.0196304849884526,0.87698627,0.9658221811415844
2015-11-10,0.5679723502304147,0.03304377,0.054147465437788,0.0230414746543778,1.0369267,0.960171237385216
2015-11-11,0.76239907727797,0.030701308,0.0588235294117647,0.0184544405997693,0.8349646,0.9581034875601504
2015-11-12,0.4447004608294931,0.035185657,0.0437788018433179,0.0161290322580645,1.0521505,0.9614194638769062
2015-11-13,0.2333333333333333,0.03843992,0.0137931034482758,0.0103448275862068,0.9878263,0.9532232687010644
2015-11-16,0.8835063437139562,0.030795535,0.0761245674740484,0.0196078431372549,0.6264858,0.9526752581953856
2015-11-17,0.3068965517241379,0.03129583,0.0195402298850574,0.0149425287356321,1.1296709,0.9597502766556816
2015-11-18,0.1988571428571428,0.03274227,0.0148571428571428,0.0068571428571428,1.1059488,0.953559033696317
2015-11-19,0.9611872146118722,0.027976051,0.0833333333333333,0.0159817351598173,0.7063397,0.9448944288071736
2015-11-20,0.7485714285714286,0.03309359,0.072,0.0285714285714285,0.8358534,0.9515286361099502
2015-11-23,0.3614595210946408,0.036041126,0.0239452679589509,0.0125427594070695,0.80123234,0.9537108375460996
2015-11-24,0.6772727272727272,0.029501278,0.0409090909090909,0.0193181818181818,0.87985426,0.9571817954720304
2015-11-25,0.8721719457013575,0.028672567,0.0735294117647058,0.0305429864253393,1.1894771,0.9585865802200716
2015-11-26,0.3469387755102041,0.032729354,0.0204081632653061,0.0181405895691609,1.1046567,0.9589293523660368
2015-11-27,0.0419501133786848,0.034371532,-0.2630385487528344,0.0056689342403628,2.6194198,0.9646212853480316
2015-11-30,0.5045146726862303,0.03800168,0.0541760722347629,0.0112866817155756,0.7822062,0.9603171590935552
2015-12-01,0.5202702702702703,0.036991406,-0.0011261261261261,0.0033783783783783,-0.08337796,0.9540329125068902
2015-12-02,0.2992125984251969,0.033121582,-0.0033745781777277,0.0033745781777277,0.39514515,0.9574365378331244
2015-12-03,0.9617977528089888,0.024398874,0.0426966292134831,0.0078651685393258,0.6279941,0.9537369523097516
2015-12-04,0.3957399103139013,0.028182574,0.0257847533632287,0.0089686098654708,1.4122851,0.9541334844053152
2015-12-07,0.7611607142857143,0.028497096,0.0524553571428571,0.0178571428571428,1.2145939,0.9510563307840058
2015-12-08,0.2155555555555555,0.035171516,0.03,0.0211111111111111,1.6281943,0.9446882923074404
2015-12-09,0.3773584905660377,0.03378287,0.0310765815760266,0.0188679245283018,1.0738097,0.9359817325363152
2015-12-10,0.4121546961325967,0.03086241,0.030939226519337,0.0143646408839779,1.1364852,0.9322154665459732
2015-12-11,0.3532668881506091,0.030344347,0.0132890365448504,0.0066445182724252,0.52805966,0.9334900887840248
2015-12-14,0.8595132743362832,0.024414042,0.0232300884955752,0.0055309734513274,0.076437145,0.9487302926390656
2015-12-15,0.7902330743618202,0.024287883,0.0288568257491675,0.0166481687014428,1.5707569,0.9411522595426376
2015-12-16,0.6013289036544851,0.027230717,0.0354374307862679,0.0143964562569213,1.5220716,0.9406121795815948
2015-12-17,0.9799107142857144,0.023516595,0.0602678571428571,0.0279017857142857,1.3472735,0.9572295953420538
2015-12-18,0.3411371237458194,0.029825123,0.0222965440356744,0.0178372352285395,1.3470331,0.9500542183543284
2015-12-21,0.6441241685144125,0.02769027,0.0210643015521064,0.0199556541019955,0.90061235,0.9580009186850074
2015-12-22,0.6751101321585903,0.026565801,0.0341409691629955,0.0253303964757709,1.3109773,0.9614502596119172
2015-12-23,0.2272228320526893,0.03154532,0.0186608122941822,0.0109769484083424,1.3029363,0.9614471228859562
2015-12-24,0.432967032967033,0.02877708,0.0186813186813186,0.0142857142857142,1.0084043,0.9603078061894564
2015-12-25,0.6910480349344978,0.025827995,0.0240174672489082,0.0207423580786026,1.0430763,0.9595584358087674
2015-12-28,0.2030567685589519,0.03368093,0.0120087336244541,0.0174672489082969,1.24726,0.9649687766353964
2015-12-29,0.7407002188183808,0.02692626,0.0262582056892779,0.0142231947483588,0.8441169,0.9556377241586068
2015-12-30,0.7406593406593407,0.025525173,0.023076923076923,0.0219780219780219,0.89561266,0.9583093219146116
2015-12-31,0.2024070021881838,0.027475953,0.0098468271334792,0.0087527352297593,1.1346467,0.9567649426188216
2016-01-04,0.0043336944745395,0.017120553,-0.8017334777898159,0.0,7.0222936,0.964965070986694
2016-01-05,0.2494577006507592,0.0453006,-0.0075921908893709,0.0010845986984815,0.7766496,0.96334794186597
2016-01-06,0.9663774403470716,0.022916315,0.0433839479392624,0.0032537960954446,1.1416625,0.9507654336308352
2016-01-07,0.0043383947939262,0.014083482,-0.8741865509761388,-0.0032537960954446,10.386271,0.9448136177055608
2016-01-08,0.55,0.036378253,0.0239130434782608,0.0,0.30271724,0.9583383627378882
2016-01-11,0.0271739130434782,0.028501838,-0.6554347826086957,-0.008695652173913,2.6257617,0.962700303439614
2016-01-12,0.5974025974025974,0.03912987,-0.0357142857142857,-0.0021645021645021,-0.6559644,0.955248375289479
2016-01-13,0.0551948051948051,0.032088295,-0.0963203463203463,-0.0162337662337662,0.3888393,0.9488359753207064
2016-01-14,0.973941368078176,0.02678047,0.0727470141150923,0.0,-0.10546711,0.9577225082126212
2016-01-15,0.1107491856677524,0.032377575,-0.0456026058631921,-0.019543973941368,0.8363835,0.947028103470669
2016-01-18,0.9048140043763676,0.025787827,0.037199124726477,0.0,0.48078606,0.9480098885237864
2016-01-19,0.9934569247546348,0.02190491,0.0654307524536532,0.0010905125408942,0.28113526,0.9514640285796632
2016-01-20,0.3,0.025708258,0.0021739130434782,0.0010869565217391,0.86124194,0.9512954778487992
2016-01-21,0.0465872156013001,0.029299524,-0.0541711809317443,-0.0075839653304442,1.0218999,0.9476706141401728
2016-01-22,0.8745945945945945,0.024652235,0.014054054054054,-0.001081081081081,-0.31827304,0.9419261409555572
2016-01-25,0.816414686825054,0.024432322,0.0259179265658747,0.0010799136069114,0.89254206,0.9427659529113008
2016-01-26,0.0205850487540628,0.02818631,-0.581798483206934,-0.0780065005417118,3.6041236,0.9479912465761356
2016-01-27,0.3315276273022752,0.03679346,0.0097508125677139,-0.085590465872156,0.63100934,0.9524438540592152
2016-01-28,0.0554347826086956,0.03366775,-0.1304347826086956,-0.1728260869565217,0.98293227,0.9457399024536304
2016-01-29,0.9770992366412212,0.02368578,0.0523446019629225,0.0010905125408942,-0.5854242,0.9490368181835052
2016-02-01,0.2715376226826608,0.02937682,-0.0130861504907306,-0.0272628135223555,0.12377473,0.9395852311208596
2016-02-02,0.9901960784313726,0.021622906,0.0631808278867102,0.0021786492374727,0.6352431,0.9435842265508064
2016-02-03,0.5906113537117904,0.024266649,0.0207423580786026,0.0,1.0719569,0.9382815514085762
2016-02-04,0.9693654266958424,0.023018682,0.049234135667396,0.0,1.6790572,0.9471590718352888
2016-02-05,0.1978142076502732,0.024492206,0.0131147540983606,0.0,1.4902306,0.9415667462519464
2016-02-15,0.3636363636363636,0.027844608,0.0295728368017524,0.0,1.7006656,0.9390500375208074
2016-02-16,0.9978070175438596,0.020901294,0.0734649122807017,0.0021929824561403,0.5193943,0.9452787840073836
2016-02-17,0.832967032967033,0.0243179,0.0351648351648351,0.0043956043956043,1.4891355,0.9444832063923376
2016-02-18,0.3289473684210526,0.025886957,0.0219298245614035,0.0032894736842105,1.7478169,0.9475764125698304
2016-02-19,0.6329670329670329,0.02190182,0.0175824175824175,0.0021978021978021,1.5961916,0.9370769311663256
2016-02-22,0.9525386313465783,0.019625282,0.0253863134657836,0.0022075055187637,1.7260302,0.9509998270813104
2016-02-23,0.3057395143487859,0.02769261,0.020971302428256,0.0,1.5358073,0.9467753361599676
2016-02-24,0.5199556541019955,0.029981183,0.0199556541019955,0.0,0.5791829,0.9486651725707852
2016-02-25,0.02,0.025355011,-0.7166666666666667,-0.0022222222222222,4.0652018,0.9554664859174752
2016-02-26,0.4293659621802002,0.032777507,0.0122358175750834,-0.0033370411568409,0.44150192,0.9476900123941988
2016-02-29,0.0333704115684093,0.032074653,-0.3426028921023359,-0.1056729699666295,1.7407925,0.958515679437456
2016-03-01,0.9035476718403548,0.02634585,0.0266075388026607,-0.0033259423503325,-0.12735516,0.9492241652954682
2016-03-02,0.9977827050997784,0.018396745,0.0853658536585365,0.0011086474501108,0.6207463,0.9544213891163068
2016-03-03,0.4483906770255272,0.0242852,0.0233074361820199,0.002219755826859,1.775121,0.951278146517078
2016-03-04,0.0832408435072142,0.03167945,-0.0421753607103218,-0.0133185349611542,0.9918028,0.9498158517010896
2016-03-07,0.97669256381798,0.020619959,0.0332963374028856,0.0,1.2879934,0.948909066313376
2016-03-08,0.6319290465631929,0.02866603,0.0254988913525498,0.0,0.85017025,0.9500123751697608
2016-03-09,0.1212458286985539,0.024375897,-0.0055617352614015,-0.0011123470522803,0.6667995,0.9433574319507548
2016-03-10,0.1164079822616408,0.020150643,0.0,-0.0066518847006651,0.8021179,0.9391103001872788
2016-03-11,0.3912087912087912,0.023067288,0.0043956043956043,-0.0076923076923076,0.7364071,0.9384687877028894
2016-03-14,0.9923161361141604,0.0207039,0.0472008781558726,0.0,0.23992446,0.9520437392003251
2016-03-15,0.2461538461538461,0.022821778,-0.001098901098901,0.0,0.78351074,0.9384465325551306
2016-03-16,0.1657519209659714,0.019427199,0.0,0.0,1.3062423,0.9402577591349216
2016-03-17,0.9934282584884996,0.022206217,0.0492880613362541,0.0,0.6116195,0.9470399051056968
2016-03-18,0.9868565169769988,0.022816697,0.0700985761226725,0.0010952902519167,0.80360156,0.9560859621011524
2016-03-21,0.9846491228070176,0.02172572,0.043859649122807,0.0032894736842105,1.5477084,0.956962191315759
2016-03-22,0.3483516483516483,0.024792662,0.012087912087912,0.0043956043956043,1.4787501,0.9473251467702932
2016-03-23,0.7535753575357536,0.023596615,0.0297029702970297,0.0044004400440044,1.644353,0.9402255446871742
2016-03-24,0.1929437706725468,0.027352646,0.01212789415656,0.0022050716648291,1.6241553,0.9388932408363284
2016-03-25,0.7018701870187019,0.025162,0.0143014301430143,0.0,0.6624899,0.9363512640478828
2016-03-28,0.3274336283185841,0.023168059,0.0088495575221238,0.0011061946902654,1.279644,0.9475202713798918
2016-03-29,0.1407982261640798,0.02563714,-0.0022172949002217,0.0,1.1616722,0.94579298568266
2016-03-30,0.9955654101995566,0.021105282,0.0432372505543237,0.0011086474501108,0.040643115,0.942447648628174
2016-03-31,0.4651162790697674,0.022569692,0.0077519379844961,0.0066445182724252,1.1579436,0.9446086386335806
2016-04-01,0.2953539823008849,0.024208678,0.0044247787610619,0.0022123893805309,1.061969,0.9441580192896178
2016-04-05,0.9745575221238938,0.02189098,0.0376106194690265,0.0055309734513274,0.8251616,0.955923659917376
2016-04-06,0.5673289183222958,0.023299398,0.0143487858719646,0.0022075055187637,1.3059243,0.9515784151058468
2016-04-07,0.1613259668508287,0.025550684,0.0154696132596685,0.0022099447513812,2.0506094,0.9461036215733362
2016-04-08,0.302863436123348,0.024584888,0.0044052863436123,0.001101321585903,0.91487706,0.9431488685876508
2016-04-11,0.9369469026548672,0.022445098,0.0265486725663716,0.0022123893805309,0.744293,0.9527873980188518
2016-04-12,0.2910694597574421,0.026998859,0.0044101433296582,0.0,0.8125804,0.9432600956067674
2016-04-13,0.8528761061946902,0.01960572,0.0188053097345132,0.0022123893805309,2.0271697,0.9605773345696176
2016-04-14,0.8302094818081588,0.018820273,0.0055126791620727,0.0011025358324145,1.4699782,0.951902920906107
2016-04-15,0.4301552106430155,0.021860776,0.0099778270509977,0.0011086474501108,1.478606,0.953122468576665
2016-04-18,0.2144444444444444,0.02369896,0.0011111111111111,0.0022222222222222,1.1690906,0.9440124032949144
2016-04-19,0.5915649278579356,0.021064151,0.0077691453940066,0.002219755826859,1.0458727,0.9393972814851056
2016-04-20,0.0499445061043285,0.031157864,-0.0432852386237513,0.002219755826859,2.0847447,0.951795528626531
2016-04-21,0.1873614190687361,0.026000299,0.0088691796008869,0.0011086474501108,1.1134433,0.9386499037724404
2016-04-22,0.7953539823008849,0.023763714,0.0044247787610619,0.0,-0.57890594,0.9307721985146836
2016-04-25,0.329646017699115,0.022898644,0.0022123893805309,-0.0011061946902654,0.7030046,0.936249833686256
2016-04-26,0.8506637168141593,0.01895257,0.0132743362831858,0.0011061946902654,1.4125097,0.9433273337056844
2016-04-27,0.3480176211453744,0.020979702,0.0088105726872246,0.0,1.7720734,0.937685845155797
2016-04-28,0.3480176211453744,0.021406746,0.0044052863436123,0.0,1.0233555,0.9325786690758252
2016-04-29,0.3675496688741722,0.019543383,0.0033112582781456,0.0022075055187637,1.2402339,0.9299558060969004
2016-05-03,0.9922992299229924,0.018255094,0.0209020902090209,0.0077007700770077,0.96266747,0.9470360890760164
2016-05-04,0.4076923076923077,0.019019274,0.0087912087912087,0.0021978021978021,1.8811826,0.9428508822843926
2016-05-05,0.6886688668866887,0.017505657,0.0044004400440044,0.0022002200220022,1.6623431,0.9369975374560596
2016-05-06,0.0517621145374449,0.02314501,-0.0055066079295154,0.0,1.1230215,0.9418883862798334
2016-05-09,0.0562293274531422,0.028482059,-0.0584343991179713,-0.0110253583241455,0.74940324,0.9390280267877626
2016-05-10,0.5105204872646734,0.020556422,-0.0033222591362126,-0.0044296788482834,-0.8609317,0.9224984951722356
2016-05-11,0.2281284606866002,0.023637123,-0.0011074197120708,-0.0077519379844961,0.17969427,0.9290920920948208
2016-05-12,0.3629300776914539,0.024491938,0.0033296337402885,-0.0088790233074361,0.74075943,0.9158871636905906
2016-05-13,0.3618201997780244,0.019251881,0.004439511653718,-0.0110987791342952,1.5557079,0.8969072582245382
2016-05-16,0.9469613259668508,0.02064869,0.0154696132596685,0.0088397790055248,0.65658385,0.905541327646456
2016-05-17,0.4028697571743929,0.02296848,0.0088300220750551,0.0022075055187637,0.80252385,0.9000275666960343
2016-05-18,0.0609080841638981,0.022075446,-0.0055370985603543,-0.0287929125138427,0.89212304,0.921803178558773
2016-05-19,0.7103218645948945,0.017572168,0.0077691453940066,-0.0066592674805771,1.477781,0.9056758406837166
2016-05-20,0.8574610244988864,0.020880446,0.0155902004454342,0.0,1.1290631,0.8977596763905127
2016-05-23,0.9285714285714286,0.020953937,0.0167410714285714,0.0044642857142857,1.4016973,0.9148647185657311
2016-05-24,0.2197558268590455,0.021075936,0.004439511653718,-0.0055493895671476,1.4268705,0.9176954078553
2016-05-25,0.3632336655592469,0.019398263,0.0055370985603543,-0.0088593576965669,1.3675641,0.9184864818791992
2016-05-26,0.5725359911406424,0.018799756,0.0077519379844961,-0.0055370985603543,1.5618012,0.9185284503043768
2016-05-27,0.3708609271523179,0.020269739,0.009933774834437,-0.0077262693156732,1.6331989,0.9168668452247172
2016-05-30,0.260485651214128,0.017650887,0.0011037527593818,-0.0121412803532008,1.1006448,0.9243918509846464
2016-05-31,0.9977900552486187,0.017282838,0.0342541436464088,0.0022099447513812,0.9655984,0.9471541722315072
2016-06-01,0.5955801104972376,0.019954922,0.0165745856353591,0.0033149171270718,2.2024446,0.9322857180500832
2016-06-02,0.8004410143329658,0.022507494,0.0253583241455347,0.0044101433296582,1.7841907,0.9324557937771564
2016-06-03,0.4823399558498896,0.021625767,0.0121412803532008,0.0033112582781456,1.4090036,0.9351063740015974
2016-06-06,0.4718853362734289,0.020445418,0.0110253583241455,0.0055126791620727,1.7890878,0.9340732251943664
2016-06-07,0.4367436743674367,0.02148278,0.011001100110011,0.0044004400440044,1.8425003,0.9295145411412614
2016-06-08,0.3568281938325991,0.022922587,0.01431718061674,0.0077092511013215,1.5502177,0.9191990046656372
2016-06-13,0.0441988950276243,0.030205945,-0.1093922651933701,-0.0154696132596685,0.97261703,0.924519529839003
2016-06-14,0.5631929046563193,0.023400066,0.0144124168514412,-0.0033259423503325,1.3800471,0.9205329895085368
2016-06-15,0.9977876106194692,0.0213424,0.0564159292035398,0.0154867256637168,1.3167212,0.922779599340008
2016-06-16,0.4046563192904656,0.027118126,0.0254988913525498,0.0099778270509977,1.6215119,0.9083626870807356
2016-06-17,0.6688888888888889,0.022106284,0.0122222222222222,0.0044444444444444,1.3190414,0.9215872862955218
2016-06-20,0.4905239687848383,0.024458189,0.0111482720178372,0.0055741360089186,1.2170359,0.9218374588124756
2016-06-21,0.1796875,0.022648,0.0022321428571428,-0.0011160714285714,0.9006269,0.9268201928923636
2016-06-22,0.9254727474972192,0.023479573,0.028921023359288,0.0033370411568409,1.0145984,0.9248202386499886
2016-06-23,0.3655555555555556,0.025123822,0.0177777777777777,-0.0033333333333333,1.440045,0.9273533724294506
2016-06-24,0.2388888888888889,0.025655136,0.0155555555555555,-0.0033333333333333,1.8591547,0.9326701276600098
2016-06-27,0.965478841870824,0.021700477,0.0311804008908685,0.0077951002227171,1.1396252,0.9360030935790734
2016-06-28,0.7352614015572859,0.023599597,0.0155728587319243,0.0044493882091212,0.94962806,0.9438488321211208
2016-06-29,0.4376391982182628,0.019960864,0.010022271714922,0.0077951002227171,1.8530763,0.9411730010441638
2016-06-30,0.4311111111111111,0.022617836,0.0111111111111111,0.0077777777777777,1.1096132,0.935876639908503
2016-07-01,0.3588621444201313,0.019263266,0.0043763676148796,0.0032822757111597,1.3812404,0.943703350291626
2016-07-04,0.9473684210526316,0.020359498,0.0208333333333333,0.0120614035087719,1.722115,0.9550760104429608
2016-07-05,0.5609220636663008,0.019447217,0.0076838638858397,0.0043907793633369,1.6009865,0.9459556981424072
2016-07-06,0.4912280701754385,0.022940332,0.0175438596491228,0.0142543859649122,1.6802373,0.9451996567608284
2016-07-07,0.4238773274917853,0.023447558,0.0109529025191675,0.0230010952902519,1.365952,0.9360908324857335
2016-07-08,0.4052573932092004,0.020256547,0.0054764512595837,0.0054764512595837,1.116888,0.9343785031539076
2016-07-11,0.2857142857142857,0.023334825,0.0021978021978021,0.0076923076923076,0.37076122,0.9494692692919494
2016-07-12,0.7289617486338797,0.021581382,0.0131147540983606,0.0065573770491803,0.8378468,0.9547283396165404
2016-07-13,0.692896174863388,0.02037969,0.0153005464480874,0.0098360655737704,1.4774721,0.955291194144562
2016-07-14,0.4847161572052402,0.018540338,0.0065502183406113,0.0076419213973799,1.5345823,0.9471051851045442
2016-07-15,0.2947598253275109,0.019780083,0.0010917030567685,0.0120087336244541,0.7497108,0.9454060547800666
2016-07-18,0.3442265795206972,0.022502342,0.0054466230936819,0.0130718954248366,0.81881917,0.9443098759410268
2016-07-19,0.6728462377317339,0.017379796,0.0054525627044711,0.0076335877862595,1.185074,0.9416880072136112
2016-07-20,0.3989130434782608,0.020256115,0.0119565217391304,0.008695652173913,1.7506149,0.942056355432092
2016-07-21,0.4554347826086956,0.01987498,0.0065217391304347,0.0119565217391304,1.3571415,0.9422391423171852
2016-07-22,0.2391304347826087,0.020428278,0.0054347826086956,0.0043478260869565,1.3151859,0.9395522589535098
2016-07-25,0.545157780195865,0.022883164,-0.001088139281828,0.0021762785636561,-0.19848041,0.9380179522039126
2016-07-26,0.8752711496746204,0.015162089,0.0032537960954446,0.0075921908893709,1.3085403,0.9526259698361872
2016-07-27,0.0443722943722943,0.02941986,-0.0562770562770562,-0.001082251082251,1.2491747,0.961753367545808
2016-07-28,0.3995680345572354,0.02310061,0.0021598272138228,0.0010799136069114,0.5480679,0.9495536255169348
2016-07-29,0.2732181425485961,0.019722372,-0.0021598272138228,0.0043196544276457,-0.0012994508,0.9465869331595068
2016-08-01,0.2157497303128371,0.024659792,-0.0043149946062567,-0.0010787486515641,0.33352053,0.953366859660504
2016-08-02,0.8629989212513485,0.017294046,0.0086299892125134,0.0010787486515641,1.4670967,0.9339030888617204
2016-08-03,0.5484913793103449,0.018778032,0.0107758620689655,0.0043103448275862,1.9792652,0.932273515727412
2016-08-04,0.7190527448869752,0.01636525,0.007534983853606,0.0043057050592034,2.0812757,0.9253719989957132
2016-08-05,0.2626480086114101,0.018008221,0.0053821313240043,0.0,1.9669838,0.9341419930383348
2016-08-08,0.8385360602798708,0.0190709,0.0107642626480086,0.007534983853606,1.3565438,0.9412650621178952
2016-08-09,0.8204301075268817,0.018048687,0.0118279569892473,0.0086021505376344,2.131138,0.93776574417347
2016-08-10,0.2786709539121114,0.017024664,0.0042872454448017,0.0032154340836012,1.8106117,0.93537313822081
2016-08-11,0.0976394849785407,0.016443314,0.0010729613733905,-0.0032188841201716,1.9233861,0.9365843595869148
2016-08-12,0.8756698821007503,0.013931308,0.0064308681672025,0.0042872454448017,2.3993483,0.9352197337767568
2016-08-15,0.9903225806451612,0.015321062,0.0118279569892473,0.010752688172043,2.2536073,0.9530602579605602
2016-08-16,0.689989235737352,0.018699788,0.0118406889128094,0.0193756727664155,1.8614508,0.9388103038544476
2016-08-17,0.5494623655913978,0.019116262,0.0086021505376344,0.0161290322580645,1.7748877,0.9316480223732112
2016-08-18,0.3903225806451613,0.018565802,0.0075268817204301,0.0129032258064516,1.9848489,0.931994461199814
2016-08-19,0.4623655913978494,0.019701857,0.0096774193548387,0.0161290322580645,1.5110953,0.9281470089795244
2016-08-22,0.1956989247311828,0.021976667,0.0021505376344086,0.0053763440860215,0.8213885,0.9333827279435496
2016-08-23,0.5531686358754028,0.017527465,0.0021482277121374,0.0042964554242749,0.50492567,0.9289311622850652
2016-08-24,0.5686695278969958,0.018017331,0.0107296137339055,0.0064377682403433,1.8895454,0.9299612694920506
2016-08-25,0.2443487621097954,0.020125084,0.0043057050592034,0.007534983853606,1.384648,0.9373973979697676
2016-08-26,0.596340150699677,0.017334802,0.0064585575888051,0.0053821313240043,1.2770554,0.9348693779197071
2016-08-29,0.5842332613390929,0.018927056,0.0064794816414686,0.009719222462203,0.9473324,0.9393446129780728
2016-08-30,0.4467168998923573,0.016338382,0.0043057050592034,0.0064585575888051,1.2032576,0.9434337505479016
2016-08-31,0.4427645788336933,0.014181053,0.0032397408207343,0.0032397408207343,1.4447829,0.9335779253937272
2016-09-01,0.210752688172043,0.016510477,-0.0010752688172043,0.0032258064516129,0.4309005,0.9393173938676492
2016-09-02,0.3251072961373391,0.01704341,0.0021459227467811,0.0010729613733905,0.93402165,0.9430490696210698
2016-09-05,0.6036519871106337,0.017238839,0.0053705692803437,0.0053705692803437,1.5559398,0.9410477794387048
2016-09-06,0.9022556390977444,0.018678833,0.0107411385606874,0.0107411385606874,1.7108865,0.9494744893663338
2016-09-07,0.3512931034482758,0.018547079,0.0075431034482758,0.0086206896551724,2.0503044,0.9479412386994284
2016-09-08,0.6414686825053996,0.016608573,0.0032397408207343,0.0118790496760259,1.2468476,0.9409936440978526
2016-09-09,0.2312703583061889,0.016425256,0.001085776330076,0.01085776330076,0.7648643,0.94833353623137
2016-09-12,0.05,0.021017844,-0.0032608695652173,-0.0054347826086956,0.58277845,0.9593911341437368
2016-09-13,0.7677208287895311,0.018143954,0.0065430752453653,0.0032715376226826,1.7093604,0.9364660899479048
2016-09-14,0.3169398907103825,0.017965494,0.0043715846994535,0.0043715846994535,1.131558,0.9349482930702904
2016-09-19,0.8964013086150491,0.016230054,0.0065430752453653,0.0087241003271537,1.6204464,0.9380223399936772
2016-09-20,0.381936887921654,0.015842583,0.0032644178454842,0.0054406964091403,1.6858804,0.9293988338125124
2016-09-21,0.5801526717557252,0.0145971095,0.0021810250817884,0.0087241003271537,0.9866215,0.9385588694654812
2016-09-22,0.6013071895424836,0.014600991,0.0032679738562091,0.0130718954248366,2.129609,0.9341889471216616
2016-09-23,0.3195201744820065,0.018054863,0.0043620501635768,0.0076335877862595,1.098778,0.9272241513394532
2016-09-26,0.0880434782608695,0.021111825,0.0021739130434782,-0.008695652173913,0.8633739,0.9459785874687217
2016-09-27,0.7700650759219089,0.018793644,0.009761388286334,0.0021691973969631,0.73629916,0.9445409914550168
2016-09-28,0.3250270855904659,0.015948068,0.0021668472372697,-0.0010834236186348,1.5500329,0.921032700433424
2016-09-29,0.5776330076004343,0.013788805,0.001085776330076,0.007600434310532,1.3617008,0.9355376963271632
2016-09-30,0.6869565217391305,0.015064813,0.0043478260869565,0.0065217391304347,1.2829508,0.9356864141555156
2016-10-10,0.933695652173913,0.020417599,0.0152173913043478,0.0130434782608695,0.22921887,0.9557342086066096
2016-10-11,0.6080786026200873,0.018642947,0.0141921397379912,0.0163755458515283,2.6588306,0.9440953150799192
2016-10-12,0.4587852494577006,0.017931487,0.009761388286334,0.0032537960954446,2.327004,0.9369361649688602
2016-10-13,0.4307359307359307,0.017824085,0.0075757575757575,0.0075757575757575,2.2760892,0.9387249813134724
2016-10-14,0.3906926406926407,0.015567228,-0.001082251082251,0.0097402597402597,0.48295942,0.938389386642284
2016-10-17,0.2060409924487594,0.017481074,0.0032362459546925,0.0053937432578209,1.707196,0.95020234799551
2016-10-18,0.9534632034632036,0.014989073,0.0064935064935064,0.0108225108225108,1.3338779,0.9442683684476753
2016-10-19,0.3170995670995671,0.01608192,0.0064935064935064,0.0108225108225108,2.5047295,0.9413098144269532
2016-10-20,0.562634989200864,0.019079393,0.0107991360691144,0.0086393088552915,1.8829772,0.9308545773398832
2016-10-21,0.2567421790722761,0.016676,0.0064724919093851,0.0097087378640776,2.2115605,0.9407547382029008
2016-10-24,0.7655913978494624,0.015202022,0.0053763440860215,0.0096774193548387,1.1177319,0.9495971951753452
2016-10-25,0.5783261802575107,0.018066697,0.0107296137339055,0.0160944206008583,1.9629256,0.940934476128879
2016-10-26,0.3112299465240641,0.019954799,0.0053475935828877,0.0128342245989304,1.3448673,0.9344609831425486
2016-10-27,0.4490889603429796,0.015778638,0.0032154340836012,0.0117899249732047,0.9612919,0.9298122968531723
2016-10-28,0.2023554603854389,0.019317074,0.0021413276231263,0.0053533190578158,1.0866412,0.92765354643322
2016-10-31,0.4764453961456102,0.02170358,0.0085653104925053,0.006423982869379,0.938247,0.92947528747676
2016-11-01,0.8715203426124197,0.01672702,0.0149892933618843,0.0171306209850107,2.628907,0.9273992138145122
2016-11-02,0.2566844919786096,0.019608332,0.0074866310160427,0.0074866310160427,1.7114563,0.9247678115881948
2016-11-03,0.7054429028815368,0.017961543,0.0138740661686232,0.016008537886873,2.3938801,0.9263181808647624
2016-11-04,0.391025641025641,0.019774253,0.0074786324786324,0.0074786324786324,1.0123993,0.9318861949524349
2016-11-07,0.4568690095846645,0.019232277,0.007454739084132,0.0085197018104366,1.0598687,0.9262443321688696
2016-11-08,0.6766275346851655,0.016493496,0.0085378868729989,0.0170757737459978,2.1384723,0.9354119553487508
2016-11-09,0.2237687366167023,0.020357031,0.0117773019271948,0.0053533190578158,2.452013,0.9352832461209684
2016-11-10,0.9336188436830836,0.015794512,0.0085653104925053,0.0171306209850107,1.5945112,0.932490188727692
2016-11-11,0.6090225563909775,0.019189324,0.0096670247046186,0.0150375939849624,1.4236722,0.9423170416793372
2016-11-14,0.5853920515574651,0.020679863,0.0075187969924812,0.0139634801288936,0.8525881,0.949103901341688
2016-11-15,0.6305048335123523,0.017299032,0.0085929108485499,0.0150375939849624,1.8176862,0.9433559855203124
2016-11-16,0.4533762057877814,0.02035871,0.0117899249732047,0.0117899249732047,1.674841,0.951447483432345
2016-11-17,0.3157327586206896,0.017584503,0.0043103448275862,0.0086206896551724,1.736157,0.9496259671074796
2016-11-18,0.3078579117330463,0.016799338,0.0021528525296017,0.0043057050592034,1.660739,0.9409002881936924
2016-11-21,0.5345572354211663,0.01743702,0.0075593952483801,0.0151187904967602,1.7444866,0.9531935983700772
2016-11-22,0.790722761596548,0.015951289,0.0086299892125134,0.0183387270765911,2.0381067,0.9558279759007116
2016-11-23,0.2427184466019417,0.016696308,0.0021574973031283,0.0107874865156418,1.2265614,0.9526890790522384
2016-11-24,0.2213822894168466,0.01784939,0.0053995680345572,0.0118790496760259,1.8566816,0.9540611494328816
2016-11-25,0.512987012987013,0.018236531,0.0032467532467532,0.0151515151515151,0.6730463,0.9583659282836292
2016-11-28,0.4274891774891775,0.017566558,0.0054112554112554,0.0075757575757575,1.0353584,0.9535597182080487
2016-11-29,0.1601731601731601,0.018452128,0.0021645021645021,0.001082251082251,0.9631767,0.9587868531021738
2016-11-30,0.4552319309600863,0.017739795,0.0043149946062567,0.0032362459546925,0.75147355,0.9503447300818928
2016-12-01,0.6331168831168831,0.015612286,0.0043290043290043,0.0054112554112554,1.9080758,0.9478083824823356
2016-12-02,0.1053763440860215,0.01961515,0.0053763440860215,0.0043010752688172,1.8392341,0.95596299117363
2016-12-05,0.3737916219119226,0.021169767,-0.0032223415682062,0.0,-0.39538807,0.9352719631449296
2016-12-06,0.5524625267665952,0.016802521,0.0010706638115631,0.0053533190578158,0.49749902,0.9272238023921796
2016-12-07,0.8705882352941177,0.015532253,0.0085561497326203,0.013903743315508,2.0079892,0.9326563265795292
2016-12-08,0.1991434689507494,0.015097303,0.0042826552462526,0.0021413276231263,2.218207,0.9224439108519916
2016-12-09,0.3244111349036402,0.01695061,0.006423982869379,-0.0032119914346895,1.5817652,0.9340274090977272
2016-12-12,0.01931330472103,0.02607366,-0.0933476394849785,-0.0525751072961373,0.71783274,0.9578928589832896
2016-12-13,0.5735767991407089,0.019804684,0.0042964554242749,-0.033297529538131,0.8840997,0.9390319703078434
2016-12-14,0.2797427652733119,0.020156544,0.0085744908896034,-0.0460878885316184,1.6060965,0.9247230346924128
2016-12-15,0.8502155172413793,0.015863517,0.0096982758620689,0.0032327586206896,2.2619298,0.9265341201545448
2016-12-16,0.819848975188781,0.020447345,0.0204962243797195,0.0053937432578209,1.738869,0.9198457194321936
2016-12-19,0.4171180931744312,0.021967154,0.0130010834236186,0.0097508125677139,1.502653,0.9198295780255972
2016-12-20,0.4681081081081081,0.01745318,0.001081081081081,0.0032432432432432,0.05578402,0.9252606327847556
2016-12-21,0.8099352051835853,0.01631833,0.0064794816414686,0.0086393088552915,0.9973543,0.9319096277714264
2016-12-22,0.3634385201305767,0.020234432,0.0108813928182807,0.001088139281828,1.8160222,0.93213904746837
2016-12-23,0.177366702937976,0.020042922,0.001088139281828,-0.0228509249183895,0.67357904,0.934705040812477
2016-12-26,0.6579804560260586,0.019829765,0.002171552660152,-0.004343105320304,0.054355115,0.940273191042531
2016-12-27,0.4593716143011918,0.015731977,0.0043336944745395,-0.0021668472372697,1.3083719,0.9230212361226364
2016-12-28,0.314192849404117,0.016284285,0.0032502708559046,-0.0151679306608884,1.132329,0.9216008435104354
2016-12-29,0.3492407809110629,0.016222551,0.0,-0.0216919739696312,0.24172726,0.9269474129626386
2016-12-30,0.494054054054054,0.015316315,0.0021621621621621,-0.0205405405405405,0.84275526,0.9253513253433177
2017-01-03,0.8197424892703863,0.015985174,0.0053648068669527,0.0064377682403433,1.0601156,0.941519526912362
2017-01-04,0.8849462365591397,0.017416557,0.0150537634408602,0.0086021505376344,2.0772936,0.9400172477356468
2017-01-05,0.398488120950324,0.019087845,0.0129589632829373,0.0129589632829373,1.9245588,0.93150649714802
2017-01-06,0.2869471413160733,0.020572936,0.0032362459546925,0.0053937432578209,0.78873986,0.9306581033998644
2017-01-09,0.6734913793103449,0.017737785,0.0053879310344827,0.0129310344827586,0.9538358,0.9269691544058822
2017-01-10,0.3032258064516129,0.020727515,0.0053763440860215,-0.0053763440860215,0.9917648,0.9269573550709354
2017-01-11,0.1720430107526881,0.018914253,0.0043010752688172,-0.0139784946236559,1.1953418,0.9305463385331576
2017-01-12,0.2329059829059829,0.018675191,0.0021367521367521,-0.0299145299145299,0.7297102,0.9304011700537446
2017-01-13,0.1144385026737968,0.021862786,-0.0032085561497326,-0.0588235294117647,-0.23872179,0.9416015370337556
2017-01-16,0.0428724544480171,0.02955888,-0.0342979635584137,-0.15005359056806,0.9230659,0.9609667870201914
2017-01-17,0.8224598930481284,0.020425381,0.0128342245989304,-0.0149732620320855,0.76917905,0.939127619098665
2017-01-18,0.2719486081370449,0.020112198,0.0107066381156316,-0.0535331905781584,1.7559501,0.9160489235209632
2017-01-19,0.3315450643776824,0.018536609,0.0042918454935622,-0.0643776824034334,0.74560344,0.9171463628802288
2017-01-20,0.9603004291845494,0.017108167,0.01931330472103,0.0085836909871244,2.3407114,0.932624788328954
2017-01-23,0.832438238453276,0.017392466,0.0075187969924812,0.0096670247046186,1.2700906,0.9320296492473878
2017-01-24,0.2607296137339056,0.018287824,0.0075107296137339,-0.0010729613733905,1.388896,0.9173043942397916
2017-01-25,0.6445396145610278,0.016607422,0.0042826552462526,-0.0032119914346895,0.40781122,0.9212120569484972
2017-01-26,0.7657754010695187,0.013996299,0.0010695187165775,0.0042780748663101,-0.0025032922,0.925611759867714
2017-02-03,0.3458244111349036,0.015232786,0.0,0.0010706638115631,0.59831315,0.928435089376124
2017-02-06,0.8940042826552462,0.0150658265,0.0085653104925053,0.0117773019271948,1.8028638,0.934237888860852
2017-02-07,0.380085653104925,0.016901387,0.006423982869379,0.0085653104925053,2.2190845,0.9196598471286204
2017-02-08,0.7660256410256411,0.014561013,0.0053418803418803,0.0149572649572649,1.8204434,0.929951836242234
2017-02-09,0.7869379014989293,0.016052144,0.012847965738758,0.019271948608137,2.7397594,0.9414529733941444
2017-02-10,0.3254817987152034,0.018093359,0.0053533190578158,0.0171306209850107,1.3515977,0.9357874493826172
2017-02-13,0.723175965665236,0.015926257,0.0064377682403433,0.0182403433476394,1.3465612,0.9351442935923816
2017-02-14,0.3311897106109325,0.015960759,0.0064308681672025,0.0203644158628081,2.2181003,0.9170000274151372
2017-02-15,0.1781115879828326,0.017685762,0.0042918454935622,0.0010729613733905,1.8572309,0.9319385444727768
2017-02-16,0.6953713670613563,0.01636269,0.0096878363832077,0.007534983853606,2.2951493,0.9242314874109736
2017-02-17,0.2096774193548387,0.019835506,0.0075268817204301,0.0,1.8287851,0.9228515038547266
2017-02-20,0.7578378378378379,0.01773701,0.0064864864864864,0.0259459459459459,0.81312704,0.931281808793613
2017-02-21,0.7835497835497836,0.016991308,0.0119047619047619,0.0216450216450216,2.193062,0.9401949362496338
2017-02-22,0.5578378378378378,0.01672992,0.0108108108108108,0.0324324324324324,2.39956,0.9359735254490154
2017-02-23,0.4406047516198704,0.01958389,0.0053995680345572,0.0161987041036717,1.0987539,0.9329019224574387
2017-02-24,0.6306695464362851,0.017399417,0.0021598272138228,0.0129589632829373,0.4501673,0.9437839362673413
2017-02-27,0.2237837837837837,0.016853444,0.0,0.0021621621621621,0.7868635,0.9503035082395116
2017-02-28,0.6306695464362851,0.016330563,0.0032397408207343,0.0118790496760259,0.5802602,0.9303093213572984
2017-03-01,0.5069967707212056,0.017099494,0.0053821313240043,0.007534983853606,1.4252634,0.9379319299195223
2017-03-02,0.2137486573576799,0.016165823,0.0021482277121374,0.0064446831364124,1.1270936,0.9370562681060564
2017-03-03,0.5916398713826366,0.01815014,0.0053590568060021,0.007502679528403,1.0117315,0.9287384657447996
2017-03-06,0.9054779806659506,0.015206897,0.0085929108485499,0.0182599355531686,2.091441,0.94608395420917
2017-03-07,0.5547210300429185,0.016242297,0.0032188841201716,0.0085836909871244,1.1879941,0.9408334225366431
2017-03-08,0.2639484978540772,0.014965019,0.0021459227467811,0.0064377682403433,1.6504973,0.9481005636489668
2017-03-09,0.2489270386266094,0.015537012,0.0032188841201716,0.0042918454935622,1.4623023,0.9333945112395874
2017-03-10,0.4383708467309753,0.0154472925,0.0021436227224008,0.015005359056806,1.4662931,0.924789207791234
2017-03-13,0.7301075268817204,0.014812048,0.0032258064516129,0.0161290322580645,1.2987936,0.9429063075677232
2017-03-14,0.3229613733905579,0.015092166,0.0053648068669527,0.0118025751072961,2.3990242,0.936669372926415
2017-03-15,0.3633440514469453,0.0173164,0.0053590568060021,0.015005359056806,1.6730524,0.929107333703455
2017-03-16,0.913978494623656,0.012603375,0.0043010752688172,0.0279569892473118,2.4353855,0.9406353403662748
2017-03-17,0.2055974165769644,0.016481433,0.0043057050592034,0.0107642626480086,1.8824497,0.94308286147659
2017-03-20,0.6071428571428571,0.017519899,0.0021645021645021,0.0205627705627705,0.5887523,0.93313159713712
2017-03-21,0.4491341991341991,0.015847484,0.0054112554112554,0.0194805194805194,1.815292,0.9420700348150576
2017-03-22,0.2704741379310345,0.017582444,0.0043103448275862,0.0075431034482758,1.7268567,0.9442808518554426
2017-03-23,0.4336569579288026,0.017698973,0.0053937432578209,0.0107874865156418,1.3820262,0.9350121336424164
2017-03-24,0.5469255663430421,0.015981851,0.0043149946062567,0.0172599784250269,0.89528996,0.9323828809090248
2017-03-27,0.3786407766990291,0.018699277,0.0064724919093851,0.0043149946062567,1.1368599,0.9315854016350013
2017-03-28,0.3506493506493506,0.017496955,0.0032467532467532,0.0021645021645021,0.9847021,0.9226883602157132
2017-03-29,0.2282023681377825,0.019995078,0.0064585575888051,-0.0139935414424111,0.8936353,0.9256709070850944
2017-03-30,0.1259418729817007,0.024650581,0.0021528525296017,-0.0882669537136706,1.1149207,0.9340324492240658
2017-03-31,0.6447793326157158,0.021279167,-0.0043057050592034,-0.0312163616792249,-0.8661492,0.9140561927548536
2017-04-05,0.9546436285097192,0.021429518,0.029157667386609,0.0356371490280777,1.2726809,0.9290767538391193
2017-04-06,0.4557235421166307,0.018500023,0.009719222462203,0.029157667386609,1.9855956,0.9156147738455848
2017-04-07,0.4045307443365696,0.02111979,0.0129449838187702,0.029126213592233,1.4609128,0.9147609340698248
2017-04-10,0.238095238095238,0.030082148,-0.0032467532467532,-0.0281385281385281,0.44188744,0.9202153919926286
2017-04-11,0.6663055254604551,0.025540784,0.0151679306608884,0.0216684723726977,0.40757552,0.9145601295555816
2017-04-12,0.2553879310344827,0.028103294,0.0053879310344827,-0.0258620689655172,0.6344467,0.9008885230527972
2017-04-13,0.572354211663067,0.019709079,0.0032397408207343,0.0,0.6985557,0.9041259350124318
2017-04-14,0.1468682505399568,0.020522505,-0.0032397408207343,-0.0680345572354211,0.20312636,0.9174293153910088
2017-04-17,0.2165948275862069,0.02486563,-0.0140086206896551,-0.1314655172413793,-0.4539155,0.9136070292250016
2017-04-18,0.2195909580193756,0.022759642,-0.0053821313240043,-0.170075349838536,-0.20711546,0.9005952116288342
2017-04-19,0.271551724137931,0.023217626,-0.0064655172413793,-0.1982758620689655,-0.29538915,0.918694710830394
2017-04-20,0.3412784398699892,0.021958042,-0.008667388949079,-0.1798483206933911,-0.5142049,0.9103236050079996
2017-04-21,0.3913513513513513,0.021778159,-0.0054054054054054,-0.1502702702702702,-0.77221626,0.8960024733301996
2017-04-24,0.0727470141150923,0.026243962,-0.0347448425624321,-0.3496199782844734,-0.046689395,0.9253445481440268
2017-04-25,0.6248648648648648,0.021486364,0.0043243243243243,-0.1632432432432432,-0.12425307,0.8928402423410159
2017-04-26,0.5839653304442037,0.0200333,0.008667388949079,-0.1224268689057421,0.8945678,0.8802906610296257
2017-04-27,0.6503267973856209,0.022203598,0.0032679738562091,-0.1089324618736383,-0.018440405,0.8965975548471575
2017-04-28,0.6706521739130434,0.017645242,0.0010869565217391,-0.0347826086956521,0.40925837,0.8910448399585835
2017-05-02,0.432967032967033,0.02206745,0.0087912087912087,-0.0472527472527472,0.9246115,0.8749008072906191
2017-05-03,0.4189336235038084,0.0221219,0.0021762785636561,-0.0663764961915125,0.33515322,0.8636016294080335
2017-05-04,0.3152173913043478,0.020863496,0.0119565217391304,-0.0815217391304347,1.6418681,0.8663964197906725
2017-05-05,0.1693811074918566,0.020719968,0.003257328990228,-0.1824104234527687,0.7171247,0.8887306033803477
2017-05-08,0.1655773420479303,0.025518958,-0.0098039215686274,-0.2832244008714596,-0.019520069,0.8994210313225313
2017-05-09,0.7320261437908496,0.02010177,0.0,-0.074074074074074,-0.48966777,0.9025764389242926
2017-05-10,0.1263616557734204,0.022080325,-0.0021786492374727,-0.3039215686274509,0.53102505,0.9042007277105886
2017-05-11,0.2854030501089324,0.02404711,-0.0032679738562091,-0.349673202614379,0.006202939,0.922114244712928
2017-05-12,0.3708971553610503,0.01804586,-0.0032822757111597,-0.2899343544857768,0.27055028,0.8774673585167524
2017-05-15,0.5208791208791209,0.021346733,0.0131868131868131,-0.1604395604395604,1.2502841,0.8773660198057266
2017-05-16,0.9492273730684326,0.020191496,0.020971302428256,0.0022075055187637,0.9646497,0.8880765936474672
2017-05-17,0.5402425578831312,0.016591461,0.0033076074972436,-0.0022050716648291,1.2991784,0.8953521971410615
2017-05-18,0.2679162072767365,0.019129079,-0.0022050716648291,-0.0231532524807056,0.37013888,0.8716118048702212
2017-05-19,0.4428571428571428,0.019486947,0.0054945054945054,-0.034065934065934,1.0957078,0.8716649228034362
2017-05-22,0.1351648351648351,0.022994947,-0.0032967032967032,-0.2230769230769231,0.33885068,0.8940467429441458
2017-05-23,0.0570801317233809,0.02702325,-0.0329308452250274,-0.4489571899012075,0.050231997,0.9146400548702224
2017-05-24,0.6714129244249726,0.0233112,0.0,-0.1478641840087623,-0.39223108,0.9087070637100768
2017-05-25,0.7730263157894737,0.01911616,0.0032894736842105,-0.0328947368421052,-0.08980655,0.897164590709976
2017-05-26,0.4495614035087719,0.01761838,-0.0032894736842105,-0.0405701754385964,-0.03720006,0.8698671598545183
2017-05-31,0.3674367436743674,0.018571224,0.0,-0.0715071507150715,0.31042913,0.9022713136453407
2017-06-01,0.0695364238410596,0.025867462,-0.0231788079470198,-0.4260485651214128,-0.15370896,0.91248149534763
2017-06-02,0.8114663726571113,0.02184045,0.0077177508269018,-0.0595369349503858,0.27176756,0.918041749121448
2017-06-05,0.7922651933701658,0.018510895,0.0099447513812154,-0.0198895027624309,1.3474547,0.9054733875078848
2017-06-06,0.6942604856512141,0.017924715,0.0055187637969094,-0.0088300220750551,1.0326122,0.9068671186210372
2017-06-07,0.9889746416758544,0.015213948,0.0110253583241455,0.0055126791620727,1.6918514,0.9278269291208644
2017-06-08,0.3091309130913091,0.018116666,0.0088008800880088,0.0033003300330033,2.4340649,0.9103167281161768
2017-06-09,0.4324917672886937,0.017953316,0.0098792535675082,0.0043907793633369,1.8919978,0.9075963862423028
2017-06-12,0.137211855104281,0.020488627,0.0032930845225027,-0.0285400658616904,1.5306478,0.9090079608904422
2017-06-13,0.9176728869374314,0.017573634,0.0164654226125137,-0.0010976948408342,2.029883,0.9131227503210596
2017-06-14,0.4917853231106243,0.018923925,0.0065717415115005,-0.0054764512595837,1.8069446,0.907311752088608
2017-06-15,0.8725274725274725,0.017699568,0.0142857142857142,0.0032967032967032,1.692443,0.9296563790530724
2017-06-16,0.3395399780941949,0.015572903,0.0021905805038335,0.0021905805038335,1.5954775,0.9065711114184264
2017-06-19,0.7308533916849015,0.017136512,0.0098468271334792,0.0043763676148796,2.0962815,0.9153876953083394
2017-06-20,0.4139433551198257,0.018317666,0.0032679738562091,0.0054466230936819,1.236541,0.9120246288319964
2017-06-21,0.4084967320261438,0.017230675,0.0032679738562091,0.0021786492374727,0.9149051,0.9052313287757778
2017-06-22,0.0827886710239651,0.01954839,-0.0010893246187363,-0.0098039215686274,1.2976365,0.9122132753070692
2017-06-23,0.4612868047982552,0.017530937,-0.0010905125408942,-0.0109051254089422,0.07064649,0.9194094859851808
2017-06-26,0.8665207877461707,0.01519349,0.0054704595185995,0.0098468271334792,1.1264744,0.9276366580339196
2017-06-27,0.4857456140350877,0.016305603,0.006578947368421,0.0032894736842105,1.9300435,0.9276748256470596
2017-06-28,0.2019758507135016,0.014319912,0.0021953896816684,-0.0164654226125137,1.7789574,0.9138189862675716
2017-06-29,0.6751101321585903,0.01359353,0.0033039647577092,-0.0055066079295154,1.7853806,0.9141981697478748
2017-06-30,0.4564498346196251,0.016145257,0.0033076074972436,-0.0033076074972436,1.4721766,0.917324687859818
2017-07-03,0.8030803080308031,0.0177082,0.0055005500550055,0.0121012101210121,1.1910288,0.9257573638716096
2017-07-04,0.3311403508771929,0.015543388,0.0032894736842105,0.0021929824561403,1.7232355,0.9285897912796433
2017-07-05,0.8114035087719298,0.015545462,0.006578947368421,0.0054824561403508,1.6735475,0.9261777045603754
2017-07-06,0.4127332601536773,0.018325426,0.0032930845225027,0.0098792535675082,1.2301649,0.9205190851972628
2017-07-07,0.5415754923413567,0.016753247,0.0054704595185995,0.0065645514223194,1.5113982,0.92205120208981
2017-07-10,0.316538882803943,0.02083583,0.0,-0.0076670317634173,0.55684626,0.9325718799400068
2017-07-11,0.1787280701754386,0.02067147,-0.0010964912280701,-0.0285087719298245,0.58481073,0.9243643543362636
2017-07-12,0.3802197802197802,0.020454176,-0.0021978021978021,-0.0252747252747252,0.42992607,0.9279887126507304
2017-07-13,0.4372246696035242,0.020091403,0.0055066079295154,-0.026431718061674,0.8421248,0.9186568677596814
2017-07-14,0.2901098901098901,0.019467337,-0.0032967032967032,-0.0417582417582417,-0.3720553,0.9118281161102468
2017-07-17,0.0219298245614035,0.029814158,-0.1743421052631578,-0.3322368421052631,0.72136015,0.9471115837226912
2017-07-18,0.7461368653421634,0.023481349,0.0143487858719646,-0.0960264900662251,0.5087611,0.9244203532027518
2017-07-19,0.8252212389380531,0.020501163,0.0121681415929203,-0.0309734513274336,1.0934595,0.9020595351938904
2017-07-20,0.5281767955801105,0.021479653,0.0121546961325966,-0.0298342541436464,1.7470014,0.8979900964305039
2017-07-21,0.4273127753303964,0.019921271,0.0022026431718061,-0.052863436123348,1.0104101,0.8893514416855975
2017-07-24,0.6391639163916392,0.02006324,0.0044004400440044,-0.0319031903190319,0.88318545,0.8970997264591908
2017-07-25,0.369757174392936,0.02030624,0.0088300220750551,-0.0375275938189845,1.4944038,0.9034102967780008
2017-07-26,0.401766004415011,0.019989746,0.0033112582781456,-0.0463576158940397,1.5527867,0.8922714618703861
2017-07-27,0.7960526315789473,0.025768952,0.0164473684210526,-0.0021929824561403,0.19777957,0.9207324067231488
2017-07-28,0.3172866520787746,0.019582884,0.0065645514223194,0.0032822757111597,1.7254387,0.9042940668102388
2017-07-31,0.5954198473282443,0.022151647,0.0130861504907306,0.0196292257360959,1.5722003,0.9000705171071562
2017-08-01,0.4798694232861806,0.021038383,0.0108813928182807,0.0119695321001088,1.3443637,0.9049648019794364
2017-08-02,0.2041259500542888,0.020597413,0.004343105320304,-0.009771986970684,1.6184785,0.9039694315222168
2017-08-03,0.6305525460455038,0.019629044,0.0119176598049837,0.0032502708559046,1.8133698,0.8982111577707171
2017-08-04,0.3203040173724212,0.022077419,0.001085776330076,-0.015200868621064,0.9259107,0.8981048345763849
2017-08-07,0.6981541802388708,0.018978972,0.007600434310532,0.007600434310532,1.1287186,0.8973469067148391
2017-08-08,0.5578378378378378,0.02120646,0.0075675675675675,-0.001081081081081,1.0308917,0.8970520354802094
2017-08-09,0.459051724137931,0.019408975,0.0086206896551724,-0.0021551724137931,1.5760449,0.8959511564582138
2017-08-10,0.2370689655172413,0.019689398,0.0021551724137931,-0.0183189655172413,1.2130587,0.9046770335550212
2017-08-11,0.1819160387513455,0.0236081,-0.0043057050592034,-0.0484391819160387,-0.15424968,0.9014178368328034
2017-08-14,0.946236559139785,0.017771006,0.0139784946236559,0.0043010752688172,1.5023577,0.9015893964097154
2017-08-15,0.5451612903225806,0.01889576,0.010752688172043,0.0053763440860215,1.9711165,0.8984550528655296
2017-08-16,0.6745435016111708,0.019914383,0.0107411385606874,0.0053705692803437,0.94400364,0.9099256394912744
2017-08-17,0.751345532831001,0.01749924,0.0118406889128094,0.0107642626480086,2.1804678,0.912594166586578
2017-08-18,0.3043010752688172,0.020787979,0.0053763440860215,0.0043010752688172,1.156338,0.9099431345753112
2017-08-21,0.7135193133047211,0.01760014,0.0107296137339055,0.0085836909871244,2.32099,0.9116976285063172
2017-08-22,0.2317596566523605,0.018271955,0.0053648068669527,0.0021459227467811,1.6998314,0.9130277838994952
2017-08-23,0.3079399141630901,0.016070133,0.0010729613733905,-0.0032188841201716,0.13718954,0.910565744585
2017-08-24,0.2465166130760986,0.018444967,0.007502679528403,-0.0010718113612004,1.9338057,0.9174826238502704
2017-08-25,0.8824786324786325,0.014637675,0.0064102564102564,0.0021367521367521,1.3142563,0.9180898975550564
2017-08-28,0.880469583778015,0.014938752,0.0096051227321238,0.0085378868729989,2.7327688,0.9309430812452564
2017-08-29,0.3251599147121535,0.01778318,0.0042643923240938,0.0053304904051172,1.5871211,0.9207778372199034
2017-08-30,0.4871794871794871,0.01767647,0.0053418803418803,0.0138888888888888,1.7247529,0.9146202627164306
2017-08-31,0.5358288770053476,0.016099975,0.0042780748663101,0.0106951871657754,1.9105139,0.9116513761320554
2017-09-01,0.6117021276595744,0.018048054,0.0085106382978723,0.0212765957446808,1.934799,0.9078642870658318
2017-09-04,0.6027689030883919,0.020793399,0.0106496272630457,0.0170394036208732,1.3549571,0.9191944060284822
2017-09-05,0.4142705005324814,0.019545047,0.0053248136315228,0.0159744408945686,1.14037,0.9130013469670856
2017-09-06,0.5793397231096912,0.021046292,0.0191693290734824,0.0191693290734824,1.9777943,0.9081567737632512
2017-09-07,0.3141025641025641,0.020683471,0.0074786324786324,0.0085470085470085,1.7108076,0.9138054400717324
2017-09-08,0.5,0.019374873,0.0096359743040685,0.0139186295503211,1.5253967,0.9134151726062362
2017-09-11,0.7081545064377682,0.021057125,0.0150214592274678,0.0257510729613733,1.7022867,0.91169149136614
2017-09-12,0.2992465016146394,0.021782113,0.0043057050592034,0.015069967707212,1.1961725,0.9015995260636038
2017-09-13,0.5553168635875403,0.018016065,0.0075187969924812,0.024704618689581,1.7512648,0.904580257735442
2017-09-14,0.3965702036441586,0.019252313,0.0042872454448017,0.0107181136120042,1.1252817,0.9152185137146298
2017-09-15,0.3835470085470085,0.021247484,-0.001068376068376,-0.001068376068376,-0.0116407415,0.9132912884465556
2017-09-18,0.7036247334754797,0.018935911,0.0042643923240938,0.0181236673773987,1.1964558,0.9197432355738882
2017-09-19,0.3052294557097118,0.017797293,0.0021344717182497,0.0085378868729989,1.3574655,0.9217284717615728
2017-09-20,0.7005347593582888,0.017474119,0.0064171122994652,0.0160427807486631,1.7298003,0.9129008127358468
2017-09-21,0.2066027689030884,0.020382872,0.0031948881789137,0.0010649627263045,0.87693316,0.9183895779501426
2017-09-22,0.3276595744680851,0.019654758,0.0031914893617021,-0.0042553191489361,1.0572078,0.9236943604704786
2017-09-25,0.1527777777777778,0.020237928,-0.0042735042735042,-0.0202991452991453,0.03150844,0.9333675956292856
2017-09-26,0.5122470713525027,0.019353632,0.0042598509052183,-0.0127795527156549,0.56372666,0.9237852629801472
2017-09-27,0.7082002129925452,0.016717376,0.0021299254526091,0.0063897763578274,1.4135902,0.9058943660187556
2017-09-28,0.2372340425531915,0.017136458,0.0031914893617021,-0.0063829787234042,1.448539,0.9133774042394632
2017-09-29,0.7821466524973433,0.017842336,0.0095642933049946,0.0138150903294367,1.584114,0.9074810884196932
2017-10-09,0.8386411889596603,0.019142691,0.0116772823779193,0.0233545647558386,1.4401635,0.9258422728115352
2017-10-10,0.7123142250530785,0.021896193,0.0148619957537154,0.019108280254777,1.1869447,0.9356126224492126
2017-10-11,0.3659574468085106,0.022232387,0.0074468085106382,0.0170212765957446,0.8074857,0.9306972194049168
2017-10-12,0.3715498938428874,0.018913928,0.0063694267515923,0.0116772823779193,0.9684447,0.9306531855921842
2017-10-13,0.5858050847457628,0.018447997,0.0074152542372881,0.0137711864406779,1.5257771,0.9297579741459908
2017-10-16,0.1336161187698833,0.02387201,-0.0053022269353128,-0.0053022269353128,0.27496296,0.9445990029170044
2017-10-17,0.4553191489361702,0.017599283,0.0053191489361702,-0.001063829787234,0.79046637,0.9322759082495348
2017-10-18,0.2055378061767838,0.018581226,0.0021299254526091,-0.0159744408945686,0.96483713,0.9299476698858726
2017-10-19,0.2313432835820895,0.021840854,0.0053304904051172,-0.0319829424307036,1.0671166,0.9399866322224772
2017-10-20,0.8697972251867663,0.017704314,0.0138740661686232,0.0106723585912486,1.6348132,0.9234033675041774
2017-10-23,0.6495726495726496,0.016850438,0.0064102564102564,0.017094017094017,1.4796326,0.9171604937429744
2017-10-24,0.2336548767416934,0.01784579,0.0042872454448017,0.0096463022508038,1.1457455,0.9201583460010228
2017-10-25,0.7390374331550802,0.013266787,0.002139037433155,0.0203208556149732,1.5893694,0.9185602921168576
2017-10-26,0.5852090032154341,0.015876899,0.0032154340836012,0.0139335476956055,1.2480876,0.9262031783896486
2017-10-27,0.2374331550802139,0.016682204,0.0010695187165775,0.002139037433155,0.98379487,0.9362295312386651
2017-10-30,0.1066098081023454,0.025268171,-0.0074626865671641,-0.0788912579957356,0.47927675,0.9511562052491253
2017-10-31,0.7688229056203606,0.017415544,0.0053022269353128,-0.0042417815482502,0.99954283,0.9292625951410836
2017-11-01,0.3866525423728814,0.019124418,0.0063559322033898,-0.0264830508474576,1.4243956,0.930304690943564
2017-11-02,0.1845991561181434,0.017585253,-0.0010548523206751,-0.0981012658227848,0.2898811,0.937879467350928
2017-11-03,0.2845100105374078,0.02026412,0.0042149631190727,-0.1085353003161222,0.7503615,0.9279179788013956
2017-11-06,0.7436708860759493,0.018504426,0.0021097046413502,-0.030590717299578,0.33264887,0.918875351890661
2017-11-07,0.5907172995780591,0.018713264,0.0042194092827004,-0.0052742616033755,1.2421073,0.91717652475829
2017-11-08,0.5457413249211357,0.017296502,0.0042060988433228,0.0021030494216614,1.0667133,0.9253257275111528
2017-11-09,0.6246056782334385,0.015445255,0.0021030494216614,0.0157728706624605,1.5247386,0.9144797296143932
2017-11-10,0.3839662447257383,0.019946225,0.0116033755274261,0.0063291139240506,2.1014369,0.9223623998026224
2017-11-13,0.386892177589852,0.02215566,0.0084566596194503,-0.0190274841437632,1.2435248,0.9185860544941732
2017-11-14,0.2639915522703273,0.020078195,0.0010559662090813,-0.0696937697993664,0.75510705,0.9154692978883052
2017-11-15,0.2879746835443038,0.021786027,0.0010548523206751,-0.0928270042194092,0.21829325,0.9130521036200068
2017-11-16,0.3637327677624602,0.02013614,0.0021208907741251,-0.0827147401908801,0.672846,0.9107590000281124
2017-11-17,0.0601900739176346,0.027126543,-0.0242872228088701,-0.3041182682154171,0.4518605,0.937870621134926
2017-11-20,0.4745222929936306,0.023746556,0.0031847133757961,-0.2505307855626327,0.37360245,0.9252744275968732
2017-11-21,0.3641188959660297,0.019697506,0.0063694267515923,-0.2208067940552017,1.5088285,0.9157501558241392
2017-11-22,0.4373673036093418,0.021791212,0.0084925690021231,-0.1560509554140127,1.3220952,0.9076533306363918
2017-11-23,0.0901378579003181,0.021687705,-0.0053022269353128,-0.3499469777306468,0.10637438,0.9132920815385154
2017-11-24,0.5614406779661016,0.020204408,0.0021186440677966,-0.159957627118644,-0.09530288,0.9023278127419035
2017-11-27,0.2473572938689217,0.02211243,0.0,-0.2473572938689217,-0.18697168,0.9040838148597582
2017-11-28,0.928950159066808,0.018205892,0.0127253446447507,-0.0063626723223753,1.2762009,0.8972192254276937
2017-11-29,0.4118895966029724,0.020718565,0.0106157112526539,-0.0456475583864118,1.5371563,0.894891401114286
2017-11-30,0.3,0.017716736,0.0031914893617021,-0.0808510638297872,0.779308,0.8858313212557755
2017-12-01,0.7755319148936171,0.016308127,0.0053191489361702,-0.001063829787234,1.2144456,0.8894190161601911
2017-12-04,0.1899679829242262,0.020684164,-0.0010672358591248,-0.1611526147278548,0.34361747,0.900963945695135
2017-12-05,0.0830670926517571,0.024230117,-0.0138445154419595,-0.3748668796592119,0.08401946,0.9165774085740628
2017-12-06,0.7625133120340788,0.019474158,0.0021299254526091,-0.0851970181043663,0.17279749,0.8950044214126678
2017-12-07,0.4293304994686504,0.016890995,0.002125398512221,-0.1020191285866099,0.99702007,0.8847605527961774
2017-12-08,0.8301486199575372,0.015311159,0.0031847133757961,-0.0127388535031847,0.7738581,0.8862168430330929
2017-12-11,0.8083067092651757,0.018152667,0.0106496272630457,-0.0053248136315228,1.6773655,0.8996827066719857
2017-12-12,0.1712765957446808,0.016997581,-0.001063829787234,-0.0595744680851063,1.030831,0.8839674723789552
2017-12-13,0.7118463180362861,0.014947632,0.0010672358591248,-0.0117395944503735,0.9505525,0.8846848789282281
2017-12-14,0.4470588235294118,0.016458584,0.0053475935828877,-0.0213903743315508,2.1705809,0.8873459166287724
2017-12-15,0.4027777777777778,0.019633053,0.0032051282051282,-0.0363247863247863,0.45354608,0.884514827648647
2017-12-18,0.3294117647058823,0.02194685,-0.0010695187165775,-0.0663101604278074,-0.10626791,0.8979710072835553
2017-12-19,0.7132196162046909,0.016903967,0.0053304904051172,-0.0149253731343283,0.67122215,0.9054534840226358
2017-12-20,0.1693290734824281,0.016902212,-0.0010649627263045,-0.1384451544195953,0.5319113,0.8967176679227177
2017-12-21,0.4040296924708377,0.017580627,-0.0010604453870625,-0.1272534464475079,0.7898857,0.8974246066517396
2017-12-22,0.3453389830508475,0.01786273,0.0021186440677966,-0.1578389830508474,0.8873398,0.8910505084097875
2017-12-25,0.1851851851851851,0.022907631,0.0021164021164021,-0.2846560846560846,0.7640767,0.9101380627646128
2017-12-26,0.7101910828025477,0.017517474,0.0031847133757961,-0.054140127388535,0.38688073,0.911519482672402
2017-12-27,0.3159574468085106,0.0188543,0.0042553191489361,-0.1117021276595744,0.81531763,0.9040720904871254
2017-12-28,0.5032051282051282,0.017743852,0.0053418803418803,-0.0854700854700854,1.1808894,0.9076248872972424
2017-12-29,0.7630736392742796,0.01660971,0.0032017075773745,-0.007470651013874,0.8148555,0.914411891624314
2018-01-02,0.7951167728237792,0.016641393,0.0063694267515923,0.0106157112526539,1.6598991,0.9198164985397512
2018-01-03,0.7454931071049841,0.017004676,0.009544008483563,0.0106044538706256,2.2231221,0.9209310098994548
2018-01-04,0.4093319194061506,0.018347628,0.0074231177094379,0.0084835630965005,2.2272365,0.9089054170759092
2018-01-05,0.4809725158562368,0.019445572,0.0063424947145877,0.0042283298097251,1.2343929,0.9121665866245228
2018-01-08,0.4302325581395348,0.021069573,0.0063424947145877,0.0010570824524312,1.1720922,0.9133104125020224
2018-01-09,0.3520084566596194,0.017571734,0.0063424947145877,0.0010570824524312,1.6570045,0.9152339773195582
2018-01-10,0.2576557550158395,0.022293879,0.0095036958817317,-0.0190073917634635,1.801949,0.9157919995112278
2018-01-11,0.6638477801268499,0.020862443,0.0116279069767441,0.007399577167019,1.0083312,0.9087281501438316
2018-01-12,0.262935586061246,0.02066482,0.0063357972544878,-0.0200633579725448,1.1109914,0.903640940557535
2018-01-15,0.1001053740779768,0.02575182,-0.0084299262381454,-0.1464699683877766,0.53849727,0.9183687277357748
2018-01-16,0.6410526315789473,0.020598438,0.0052631578947368,-0.0652631578947368,0.5776257,0.9115558686966942
2018-01-17,0.4973656480505795,0.025060017,-0.0021074815595363,-0.0653319283456269,-0.3227375,0.9233728196404858
2018-01-18,0.4371700105596621,0.020195836,0.0073917634635691,-0.0454065469904963,0.99014914,0.9180381781427102
2018-01-19,0.3812038014783527,0.018561885,0.0052798310454065,-0.0591341077085533,1.0898287,0.9177661291246793
2018-01-22,0.7219873150105708,0.022024432,0.0116279069767441,-0.0169133192389006,0.67541647,0.9201846411010915
2018-01-23,0.4446786090621707,0.019312495,0.0084299262381454,-0.0158061116965226,1.4778736,0.9160335126694468
2018-01-24,0.6473684210526316,0.021132238,0.0073684210526315,0.0021052631578947,0.93667656,0.924450329090566
2018-01-25,0.3962065331928345,0.018067475,0.0031612223393045,-0.0031612223393045,1.0764816,0.9270373259567054
2018-01-26,0.3624868282402529,0.01812185,0.0052687038988408,-0.0094836670179135,1.5599138,0.9166395570763486
2018-01-29,0.2071881606765327,0.020389367,-0.0021141649048625,-0.0792811839323467,0.33243984,0.919064336130485
2018-01-30,0.4418604651162791,0.021446345,0.0010570824524312,-0.0729386892177589,-0.004982226,0.9091965502157088
2018-01-31,0.1454352441613588,0.030251296,-0.0467091295116772,-0.2484076433121019,-0.21610005,0.9289974171851404
2018-02-01,0.0662393162393162,0.032141533,-0.09508547008547,-0.4764957264957264,0.3617103,0.936483380962554
2018-02-02,0.4150326797385621,0.029690258,-0.008714596949891,-0.3867102396514161,-0.2840973,0.9180221049663264
2018-02-05,0.3314669652855543,0.026301142,0.0022396416573348,-0.3561030235162374,0.32214567,0.8862876059666408
2018-02-06,0.0303030303030303,0.031823684,-0.1919191919191919,-0.6015712682379349,0.77035993,0.9273018372453468
2018-02-07,0.7012401352874859,0.027012032,-0.0045095828635851,-0.1544532130777903,-0.73534334,0.9070937531123598
2018-02-08,0.8497175141242937,0.023214554,0.0033898305084745,-0.0259887005649717,-0.41301224,0.907674492804958
2018-02-09,0.0936794582392776,0.0274861,-0.0327313769751693,-0.3814898419864559,0.16905102,0.9156884124461506
2018-02-12,0.9440089585666294,0.023999803,0.0201567749160134,-0.0067189249720044,-0.20004106,0.909149742219033
2018-02-13,0.4938409854423292,0.020861961,0.0022396416573348,-0.0212765957446808,0.576556,0.899569048178458
2018-02-14,0.5849056603773585,0.019201545,0.002219755826859,-0.0244173140954495,-0.05198722,0.8894068997250658
2018-02-22,0.9403314917127072,0.019843174,0.011049723756906,-0.0022099447513812,0.578077,0.8977759098905554
2018-02-23,0.5247524752475248,0.019803628,0.0066006600660066,-0.0088008800880088,1.4041991,0.8911151353051029
2018-02-26,0.962719298245614,0.02111139,0.0208333333333333,0.0043859649122807,0.6819466,0.9095403439351616
2018-02-27,0.5038251366120219,0.025560118,0.0273224043715847,-0.0021857923497267,1.5609235,0.9044266688944754
2018-02-28,0.5175438596491229,0.021764608,0.0164473684210526,0.0043859649122807,1.5875858,0.9041759923616528
2018-03-01,0.814489571899012,0.023675265,0.0351262349066959,0.0109769484083424,1.6526626,0.9138885398887612
2018-03-02,0.3153846153846154,0.021348199,0.0087912087912087,0.001098901098901,1.5479264,0.9142434994894916
2018-03-05,0.6203090507726269,0.020802826,0.0110375275938189,0.0033112582781456,1.2486877,0.9018447756828046
2018-03-06,0.7348066298342542,0.019904409,0.0132596685082872,0.0088397790055248,1.6196474,0.912890699605334
2018-03-07,0.2417218543046357,0.018459888,0.0077262693156732,0.0,2.027455,0.9124445895271348
2018-03-08,0.6832229580573952,0.019047413,0.009933774834437,0.0044150110375275,1.56985,0.9101729557411372
2018-03-09,0.8541436464088398,0.022584854,0.0287292817679558,0.0121546961325966,1.391211,0.9235519782160966
2018-03-12,0.8734873487348734,0.022198305,0.0297029702970297,0.0176017601760176,1.6224453,0.9221577476808922
2018-03-13,0.3142227122381477,0.02260908,0.0077177508269018,0.0055126791620727,1.1675757,0.9201360077226926
2018-03-14,0.183920704845815,0.020211227,0.0022026431718061,0.001101321585903,1.2303572,0.9140846178287813
2018-03-15,0.3601321585903084,0.0221284,0.0066079295154185,0.0044052863436123,1.1523354,0.9207057028177532
2018-03-16,0.3634361233480176,0.022395084,0.0176211453744493,0.0022026431718061,1.7071602,0.9028686005280296
2018-03-19,0.5539647577092511,0.02170353,0.0066079295154185,0.0044052863436123,0.4602908,0.9116331705101008
2018-03-20,0.4150110375275938,0.020587688,0.0077262693156732,0.0044150110375275,1.3289979,0.923727966395854
2018-03-21,0.2915291529152915,0.02261416,0.0132013201320132,-0.0011001100110011,1.5431836,0.9262585354954094
2018-03-22,0.4713656387665198,0.023012826,0.0154185022026431,-0.001101321585903,1.241622,0.9238487527312088
2018-03-23,0.0570801317233809,0.036466677,-0.1811196487376509,-0.0911086717892425,1.5327471,0.9432893593743826
2018-03-26,0.7785087719298246,0.02786004,0.0175438596491228,-0.0372807017543859,0.1521835,0.923742110542396
2018-03-27,0.9539473684210528,0.023068795,0.0285087719298245,0.0131578947368421,0.5108742,0.923176815978145
2018-03-28,0.3197802197802197,0.025321046,0.0021978021978021,-0.0241758241758241,0.45211038,0.9177132029976248
2018-03-29,0.75,0.020260477,0.0066079295154185,-0.0044052863436123,0.34064937,0.9214171174921236
2018-03-30,0.7964796479647965,0.02357055,0.0187018701870187,0.022002200220022,1.1135921,0.9247574004892622
2018-04-02,0.5142857142857142,0.025053635,0.0164835164835164,0.0197802197802197,1.191271,0.9225734333322356
2018-04-03,0.2409638554216867,0.023292825,0.004381161007667,-0.0164293537787513,1.3812919,0.9207814372802868
2018-04-04,0.2777167947310647,0.02284279,0.0021953896816684,-0.0362239297475301,0.4707556,0.9233768713572128
2018-04-09,0.4429824561403508,0.025355704,0.0120614035087719,-0.0230263157894736,0.9430804,0.9209620926209752
2018-04-10,0.5218818380743983,0.028921211,-0.0032822757111597,-0.0131291028446389,-0.23630062,0.917911190329932
2018-04-11,0.6557377049180327,0.02037586,0.014207650273224,-0.0021857923497267,1.4038348,0.9239116870827028
2018-04-12,0.292257360959651,0.021457119,0.0087241003271537,-0.0119956379498364,1.4974833,0.9151639474989778
2018-04-13,0.4200217627856366,0.022086693,0.0021762785636561,-0.0195865070729053,0.30609587,0.9151758034359658
2018-04-16,0.3733624454148471,0.028657822,0.0109170305676855,-0.046943231441048,0.7823381,0.9158076827620242
2018-04-17,0.1073384446878422,0.025231224,-0.0065717415115005,-0.0963855421686747,0.20919204,0.8920026366869656
2018-04-18,0.7675438596491229,0.026310157,0.0098684210526315,-0.0307017543859649,0.2411707,0.9036421807867476
2018-04-19,0.5297356828193832,0.021371774,0.0066079295154185,-0.013215859030837,0.7715551,0.8985203041046388
2018-04-20,0.1058434399117971,0.023967793,-0.0022050716648291,-0.1289966923925027,0.77712774,0.9045537014567612
2018-04-23,0.3406593406593406,0.028095178,-0.0087912087912087,-0.1208791208791208,-0.15462522,0.9037238130737116
2018-04-24,0.9353778751369112,0.020701166,0.0175246440306681,-0.0054764512595837,0.66080135,0.9073144801757006
2018-04-25,0.515881708652793,0.02326331,0.0098576122672508,-0.0098576122672508,1.1482065,0.9056690939040714
2018-04-26,0.1323851203501094,0.023938984,-0.0021881838074398,-0.1236323851203501,0.80303085,0.9081429195175714
2018-04-27,0.580327868852459,0.023913873,-0.0032786885245901,-0.0601092896174863,-0.7345887,0.908070153734023
2018-05-02,0.3713033953997809,0.030268181,-0.0065717415115005,-0.0941949616648411,-0.0069744205,0.9213074684325124
2018-05-03,0.7113289760348583,0.0236652,0.0152505446623093,-0.0413943355119825,0.64915484,0.9179789797810284
2018-05-04,0.3673913043478261,0.021087771,0.0032608695652173,-0.0391304347826087,0.6373512,0.9166923693275448
2018-05-07,0.9239130434782608,0.019820573,0.0141304347826086,0.025,1.1470753,0.9298841183890684
2018-05-08,0.6332970620239391,0.01970443,0.0108813928182807,0.0043525571273122,1.4480213,0.9274733254893416
2018-05-09,0.4226579520697168,0.018896192,0.008714596949891,-0.0032679738562091,1.6664048,0.914669803285173
2018-05-10,0.5860566448801743,0.021204483,0.0141612200435729,0.0010893246187363,1.387562,0.914921075637113
2018-05-11,0.2135076252723311,0.0219261,0.0010893246187363,-0.0163398692810457,0.6096717,0.9158329251790908
2018-05-14,0.283695652173913,0.022768527,-0.0032608695652173,-0.0358695652173913,0.014264115,0.917012805357758
2018-05-15,0.7717391304347826,0.019050764,0.0119565217391304,0.0043478260869565,1.4141911,0.914922005677848
2018-05-16,0.2846320346320346,0.021369962,0.0064935064935064,-0.0292207792207792,1.2330799,0.9149720569395948
2018-05-17,0.3430735930735931,0.018987393,0.0,-0.0541125541125541,0.11569652,0.9078417525150398
2018-05-18,0.6536796536796536,0.020923758,0.0064935064935064,-0.014069264069264,0.61876506,0.9152773461411003
2018-05-21,0.8232104121475055,0.01993102,0.0140997830802603,0.0043383947939262,0.8135948,0.9239790488470572
2018-05-22,0.5211267605633803,0.019980976,0.0097508125677139,0.0130010834236186,1.5484458,0.9140537244601412
2018-05-23,0.201081081081081,0.02030426,0.001081081081081,-0.0183783783783783,0.86302865,0.9126540878757864
2018-05-24,0.3531960996749729,0.019258099,0.0043336944745395,-0.0292524377031419,1.1721126,0.9163175668499776
2018-05-25,0.2175324675324675,0.02198146,0.0,-0.0681818181818181,0.3517533,0.9154785912185796
2018-05-28,0.2510775862068966,0.026658088,0.0010775862068965,-0.0905172413793103,0.542414,0.9060355909507604
2018-05-29,0.3019480519480519,0.024050424,0.0021645021645021,-0.1028138528138528,0.14000966,0.9022339837148288
2018-05-30,0.079004329004329,0.030077025,-0.0292207792207792,-0.2683982683982684,0.88367224,0.9246733684799407
2018-05-31,0.8722943722943723,0.023438,0.0097402597402597,-0.0281385281385281,0.08609885,0.9059769885337474
2018-06-01,0.2676056338028169,0.023965942,-0.0032502708559046,-0.1202600216684723,0.06980551,0.9087592735043764
2018-06-04,0.4335135135135135,0.025574086,-0.0118918918918918,-0.1275675675675675,-0.6253345,0.8957074956089335
2018-06-05,0.8972972972972973,0.019926822,0.0032432432432432,-0.0129729729729729,-0.18114126,0.909179773948364
2018-06-06,0.4153182308522114,0.019205976,0.0032362459546925,-0.0204962243797195,0.99170727,0.9094986596654604
2018-06-07,0.2337662337662337,0.020715551,0.0064935064935064,-0.0606060606060606,1.5746386,0.9048503792068732
2018-06-08,0.2064864864864865,0.020747177,-0.001081081081081,-0.1794594594594594,0.6042488,0.910372740652097
2018-06-11,0.2789189189189189,0.022672497,-0.001081081081081,-0.1848648648648648,0.12664121,0.900671778660507
2018-06-12,0.7008639308855291,0.02020837,0.0010799136069114,-0.0615550755939524,-0.20723575,0.9052609833131394
2018-06-13,0.0950323974082073,0.021577507,-0.0043196544276457,-0.2429805615550755,0.599874,0.9022169457209526
2018-06-14,0.3556756756756756,0.023695473,-0.0032432432432432,-0.2216216216216216,-0.15282525,0.8970024652595943
2018-06-15,0.1457883369330453,0.028190883,-0.0237580993520518,-0.3444924406047516,0.11033806,0.9161333638717812
2018-06-19,0.0239130434782608,0.02951514,-0.4434782608695652,-0.6054347826086957,1.7728679,0.9376531199868302
2018-06-20,0.7402173913043478,0.03163169,-0.0076086956521739,-0.1923913043478261,-0.8186871,0.9171524808100904
2018-06-21,0.1380434782608695,0.03217557,-0.0293478260869565,-0.5021739130434782,0.30805817,0.9180759179176562
2018-06-22,0.8665943600867679,0.025292996,0.0075921908893709,-0.0629067245119305,-0.597415,0.9099893337342748
2018-06-25,0.3250539956803456,0.023971904,-0.0021598272138228,-0.1371490280777537,0.22632374,0.9019629908797488
2018-06-26,0.7427027027027027,0.026076937,0.0086486486486486,-0.0756756756756756,-0.24000053,0.902515232329692
2018-06-27,0.2707659115426106,0.02307664,0.0043149946062567,-0.1111111111111111,0.6987476,0.8976573557382542
2018-06-28,0.1821120689655172,0.024481883,-0.0053879310344827,-0.2025862068965517,0.048106715,0.9062409656382302
2018-06-29,0.9634408602150538,0.02321196,0.0290322580645161,-0.0172043010752688,-0.10923516,0.9189014315148374
2018-07-02,0.2074866310160427,0.027629277,0.0106951871657754,-0.0748663101604278,1.3498151,0.916319197115078
2018-07-03,0.8159574468085107,0.025784975,0.0053191489361702,-0.0319148936170212,-0.5573846,0.9170297372752624
2018-07-04,0.141640042598509,0.02732563,0.0063897763578274,-0.0873269435569755,1.1170347,0.9165461991064704
2018-07-05,0.0828905419766206,0.0264555,-0.0138150903294367,-0.2901168969181721,0.70431745,0.9165881478869404
2018-07-06,0.6287234042553191,0.025147485,0.0,-0.1723404255319149,-0.28659126,0.9223503331179196
2018-07-09,0.9257688229056203,0.024022557,0.0042417815482502,-0.0201484623541887,-0.78754145,0.9107817660146424
2018-07-10,0.6938559322033898,0.020745276,0.0042372881355932,-0.0233050847457627,0.2507436,0.9153001201324492
2018-07-11,0.0963983050847457,0.025873324,-0.0116525423728813,-0.2044491525423729,0.9106077,0.9218597471635812
2018-07-12,0.972457627118644,0.018975437,0.0201271186440677,0.0021186440677966,0.48549524,0.9209821741222004
2018-07-13,0.508994708994709,0.02192428,0.001058201058201,-0.0042328042328042,0.17865689,0.9119185501270544
2018-07-16,0.4526315789473684,0.026029183,0.0010526315789473,-0.0168421052631578,0.12665719,0.9161799594770648
2018-07-17,0.5336134453781513,0.02209394,0.009453781512605,-0.0178571428571428,0.96097845,0.911182012684582
2018-07-18,0.3074501573976915,0.023092845,0.0073452256033578,-0.0230849947534102,1.0610731,0.914853087698474
2018-07-19,0.2064989517819706,0.021932416,-0.0041928721174004,-0.0712788259958071,0.3203346,0.9177254303883916
2018-07-20,0.8041884816753927,0.020288741,0.0073298429319371,-0.0104712041884816,0.12499826,0.9165185998353096
2018-07-23,0.7560209424083769,0.028158141,0.0052356020942408,-0.0136125654450261,-0.49581832,0.9159648839635638
2018-07-24,0.8825995807127882,0.02203585,0.0230607966457023,0.0010482180293501,1.024565,0.9312235512834394
2018-07-25,0.4522560335781742,0.023038877,0.0199370409233997,-0.0010493179433368,1.7455055,0.9123471886126656
2018-07-26,0.4748427672955975,0.026787413,0.0220125786163522,-0.0062893081761006,0.935569,0.921793861844774
2018-07-27,0.2882599580712788,0.024167001,0.0062893081761006,-0.0062893081761006,0.68471897,0.9194159534564794
2018-07-30,0.210691823899371,0.025846241,-0.0020964360587002,-0.0314465408805031,0.50659364,0.9247658824390468
2018-07-31,0.5329842931937173,0.022113988,0.006282722513089,-0.0167539267015706,0.3608826,0.92083616598887
2018-08-01,0.1455497382198952,0.02118039,0.0041884816753926,-0.0607329842931937,1.3549975,0.9250982076718572
2018-08-02,0.1306165099268547,0.029566148,0.0031347962382445,-0.1786833855799373,1.3080634,0.931196275915662
2018-08-03,0.2204806687565308,0.026700985,-0.0031347962382445,-0.2089864158829676,0.28332445,0.900859629958368
2018-08-06,0.1670146137787056,0.027885322,-0.022964509394572,-0.3141962421711899,-0.27004057,0.91402777511256
2018-08-07,0.953125,0.02041579,0.0083333333333333,-0.0177083333333333,-0.62820876,0.9163329886024324
2018-08-08,0.1697916666666666,0.024829723,-0.0104166666666666,-0.1104166666666666,-0.076689385,0.9070604399339351
2018-08-09,0.938605619146722,0.019635055,0.0114464099895941,-0.0093652445369406,0.5854102,0.925794595178141
2018-08-10,0.6493236212278877,0.019382425,0.0135275754422476,-0.0114464099895941,1.7320602,0.9211718680424644
2018-08-13,0.4775808133472367,0.023086991,0.013555787278415,-0.0187695516162669,1.2232506,0.919017084297969
2018-08-14,0.3850156087408949,0.01988424,0.0083246618106139,-0.0197710718002081,1.4980199,0.9141391880425528
2018-08-15,0.0727650727650727,0.019433564,0.0051975051975051,-0.0738045738045738,1.9057459,0.9196248619257276
2018-08-16,0.1871101871101871,0.021919815,0.0,-0.1382536382536382,0.32458332,0.918349642800902
2018-08-17,0.12668743509865,0.022630371,-0.0124610591900311,-0.2523364485981308,-0.18813114,0.9131639606967534
2018-08-20,0.6224066390041494,0.025772117,0.0,-0.1400414937759336,-0.43132094,0.9181845575454728
2018-08-21,0.779045643153527,0.020338234,0.0114107883817427,-0.0435684647302904,0.814876,0.9143213326537192
2018-08-22,0.1701244813278008,0.0202188,-0.0031120331950207,-0.1483402489626556,0.49983203,0.9095680837043966
2018-08-23,0.6593977154724818,0.017537301,0.0020768431983385,-0.0581516095534787,0.47053802,0.9094885256801748
2018-08-24,0.3468328141225337,0.019127639,0.0010384215991692,-0.0820353063343717,0.3983063,0.909328331851224
2018-08-27,0.9730010384215992,0.016786125,0.0072689511941848,-0.004153686396677,1.1203207,0.9215764965911032
2018-08-28,0.4496365524402907,0.019763093,0.0083073727933541,-0.0134994807892004,1.0349977,0.9185925741905718
2018-08-29,0.2876427829698857,0.018594492,0.0051921079958463,-0.0353063343717549,1.542402,0.9219524801142516
2018-08-30,0.0941054808686659,0.01966289,0.0010341261633919,-0.1178903826266804,0.7249243,0.9258252368039112
2018-08-31,0.1981424148606811,0.020523632,-0.0061919504643962,-0.196078431372549,-0.2125399,0.9301124755987208
2018-09-03,0.4214876033057851,0.023621134,0.0072314049586776,-0.1880165289256198,0.4568225,0.9281705848473036
2018-09-04,0.8522727272727273,0.018240238,0.012396694214876,-0.024793388429752,1.4071593,0.9211184186850906
2018-09-05,0.1126033057851239,0.018959446,0.0051652892561983,-0.1621900826446281,1.6641878,0.914360737210526
2018-09-06,0.3367768595041322,0.019864686,0.0041322314049586,-0.1828512396694215,0.8883016,0.916329956178118
2018-09-07,0.5397316821465429,0.021282401,0.0113519091847265,-0.0990712074303405,1.2027649,0.9113279226396428
2018-09-10,0.1029866117404737,0.02230857,0.0,-0.3192584963954686,0.6737687,0.9186900133826914
2018-09-11,0.5689300411522634,0.021715013,-0.0051440329218107,-0.1584362139917695,-0.9179035,0.919260805377633
2018-09-12,0.5010288065843621,0.019271025,0.0051440329218107,-0.0987654320987654,0.6634163,0.9174635570557724
2018-09-13,0.7862281603288798,0.018840706,0.0,-0.02672147995889,-0.42224488,0.9156480407287924
2018-09-14,0.2230215827338129,0.021388961,-0.0030832476875642,-0.105858170606372,0.099737376,0.9177598678755334
2018-09-17,0.1800411522633745,0.02318536,-0.0041152263374485,-0.2746913580246913,0.24456865,0.9306557853275194
2018-09-18,0.9003083247687564,0.02182367,0.0154162384378211,-0.0205549845837615,0.16201285,0.9273353046554176
2018-09-19,0.8057553956834532,0.018438179,0.0061664953751284,-0.0071942446043165,0.9262938,0.9290050424949564
2018-09-20,0.3138461538461538,0.01787186,0.003076923076923,-0.0215384615384615,0.9764873,0.9213098604263836
2018-09-21,0.8584615384615385,0.015284799,0.003076923076923,-0.0071794871794871,0.27246037,0.929668460465494
2018-09-25,0.3012295081967213,0.016105387,0.0030737704918032,-0.0071721311475409,1.5026135,0.921311477741036
2018-09-26,0.4872057318321392,0.015785515,0.0051177072671443,-0.007164790174002,1.8025296,0.9211524766632404
2018-09-27,0.1228249744114636,0.020706287,-0.0010235414534288,-0.0941658137154554,0.74473846,0.914961719938524
2018-09-28,0.7850562947799385,0.017334405,-0.0030706243602865,-0.0245649948822927,-0.60588634,0.9122275804490556
2018-10-08,0.0378710337768679,0.02203658,-0.0153531218014329,-0.3060388945752303,0.26427224,0.9304512521672073
2018-10-09,0.5781409601634321,0.020605545,0.0,-0.1481103166496425,-0.6276852,0.9122359427912856
2018-10-10,0.5030549898167006,0.01913273,0.0,-0.1354378818737271,-0.33256146,0.9050956656235948
2018-10-11,0.0143149284253578,0.02724593,-0.4713701431492842,-0.6789366053169734,1.5734323,0.9433572977860284
2018-10-12,0.3207354443309499,0.032023504,-0.0061287027579162,-0.5709908069458631,0.29793504,0.9365939594326228
2018-10-15,0.1934493346980552,0.024297725,-0.0051177072671443,-0.5445240532241555,0.26907533,0.9187408236452846
2018-10-16,0.1421267893660531,0.02500259,-0.0122699386503067,-0.6186094069529653,-0.17756541,0.921630368359574
2018-10-17,0.7361963190184049,0.025778998,0.0030674846625766,-0.1533742331288343,-0.6728706,0.9139101255679876
2018-10-18,0.0573770491803278,0.026824206,-0.0389344262295082,-0.617827868852459,-0.12567692,0.9195094827653064
2018-10-19,0.90992835209826,0.02467976,0.007164790174002,-0.0634595701125895,-0.8474488,0.9279462332206434
2018-10-22,0.9948612538540595,0.01753502,0.0359712230215827,-0.0030832476875642,-0.07770489,0.9364774537180062
2018-10-23,0.1562178828365878,0.022628928,0.0051387461459403,-0.0164439876670092,1.1732595,0.9265684574718164
2018-10-24,0.5236139630390144,0.019933665,0.0082135523613963,-0.0215605749486652,0.8645984,0.9202718911117514
2018-10-25,0.2646153846153846,0.023522701,0.002051282051282,-0.0492307692307692,0.8577384,0.9261765881637536
2018-10-26,0.6219262295081968,0.022130476,0.0112704918032786,-0.0225409836065573,0.66528046,0.9223118471503507
2018-10-29,0.1678607983623336,0.023742117,-0.0051177072671443,-0.0859774820880245,0.33172238,0.9243694454467196
2018-10-30,0.7724489795918368,0.020160073,0.0051020408163265,-0.0397959183673469,0.063381046,0.933937448870293
2018-10-31,0.8877551020408163,0.01830127,0.0081632653061224,-0.0071428571428571,0.8480642,0.9365107229250228
2018-11-01,0.6081632653061224,0.01996414,0.0112244897959183,-0.0071428571428571,1.4336087,0.93840836455757
2018-11-02,0.9744637385086824,0.020776026,0.0194075587334014,-0.0020429009193054,0.3115532,0.9408368316392358
2018-11-05,0.6564729867482161,0.023924679,0.0234454638124362,-0.001019367991845,1.5163175,0.9358342169142604
2018-11-06,0.373469387755102,0.025163712,0.0183673469387755,-0.0061224489795918,1.3610752,0.9273883352068834
2018-11-07,0.3329938900203666,0.021330548,0.0142566191446028,-0.0020366598778004,1.7513496,0.9260809288880234
2018-11-08,0.3116089613034623,0.019870978,0.010183299389002,-0.0020366598778004,1.9680008,0.924441106976438
2018-11-09,0.3716904276985743,0.021000551,0.0122199592668024,-0.0122199592668024,1.4821862,0.925033278346696
2018-11-12,0.972560975609756,0.021306977,0.032520325203252,0.0,0.67390865,0.9393207669055772
2018-11-13,0.8824721377912867,0.023383686,0.0314083080040526,0.0,0.95300645,0.9461550002299132
2018-11-14,0.4087221095334685,0.02437635,0.0233265720081135,-0.0010141987829614,1.7144684,0.940009372683868
2018-11-15,0.8694331983805668,0.022408186,0.0283400809716599,0.0010121457489878,1.3754203,0.9409985222587745
2018-11-16,0.6491405460060667,0.02557556,0.0333670374115267,0.0030333670374115,1.4528828,0.940806148938478
2018-11-19,0.498989898989899,0.028353078,0.0363636363636363,0.001010101010101,1.2553815,0.9351804360900948
2018-11-20,0.106060606060606,0.027308267,0.002020202020202,0.002020202020202,1.5021774,0.9228411765221576
2018-11-21,0.6680121089808274,0.02344909,0.0191725529767911,0.0010090817356205,0.9886795,0.9147735997995252
2018-11-22,0.4566532258064516,0.023737961,0.0171370967741935,-0.002016129032258,1.3214463,0.9124106133620632
2018-11-23,0.0473313192346425,0.026528738,-0.0231621349446122,-0.0110775427995971,1.3031018,0.9400109006734452
2018-11-26,0.472306143001007,0.025751393,0.0,-0.0161127895266868,0.042718653,0.9165532038242205
2018-11-27,0.6965725806451613,0.021076346,0.0120967741935483,-0.003024193548387,0.9185846,0.9153430722422627
2018-11-28,0.7688442211055276,0.023722671,0.0120603015075376,-0.0010050251256281,0.27331305,0.9277628170916744
2018-11-29,0.1065326633165829,0.022613058,0.0050251256281407,-0.0231155778894472,1.3203262,0.9292344841094344
2018-11-30,0.6301507537688442,0.023184882,0.0120603015075376,-0.0110552763819095,0.5574863,0.9289662488939838
2018-12-03,0.9849699398797596,0.018363062,0.0230460921843687,0.002004008016032,1.2693632,0.9424905075933984
2018-12-04,0.6943887775551102,0.019795021,0.0170340681362725,0.0050100200400801,1.8879354,0.9310587119943706
2018-12-05,0.2615230460921843,0.024236066,-0.001002004008016,0.002004008016032,0.6822368,0.9280484404255424
2018-12-06,0.1374122367101304,0.02273602,-0.0080240722166499,-0.0050150451354062,0.47585604,0.9222418069766098
2018-12-07,0.5150300601202404,0.0221246,-0.0040080160320641,-0.0060120240480961,-0.22846696,0.925564462321656
2018-12-10,0.2234468937875751,0.022173716,0.002004008016032,-0.0220440881763527,0.65953887,0.9348587690069152
2018-12-11,0.7311935807422267,0.01977906,0.0120361083249749,-0.0060180541624874,1.5074087,0.9254553427321937
2018-12-12,0.4222668004012036,0.019121539,0.0070210631895687,-0.0080240722166499,1.0402639,0.9214773897398412
2018-12-13,0.7221664994984955,0.018100243,0.0080240722166499,-0.0050150451354062,1.4438691,0.9394162989313002
2018-12-14,0.0691382765531062,0.019633215,0.0,-0.0210420841683366,0.718026,0.9359969770200488
2018-12-17,0.4509018036072144,0.021845154,0.0040080160320641,-0.0230460921843687,0.441363,0.9283838817339506
2018-12-18,0.2464929859719438,0.017711874,0.003006012024048,-0.0300601202404809,0.76811093,0.9292069489213172
2018-12-19,0.1342685370741483,0.017772375,0.0,-0.0541082164328657,1.1181853,0.9166731961710156
2018-12-20,0.6396396396396397,0.017386323,0.001001001001001,-0.023023023023023,0.2545548,0.91602227403893
2018-12-21,0.2605210420841683,0.018548336,0.002004008016032,-0.0390781563126252,0.7128052,0.916349009892099
2018-12-24,0.7154308617234469,0.019861909,0.0040080160320641,-0.0150300601202404,-0.10263406,0.9169826749574064
2018-12-25,0.2296890672016048,0.022916226,0.0030090270812437,-0.0722166499498495,0.9910507,0.9265319770009824
2018-12-26,0.3323293172690763,0.020255713,0.0040160642570281,-0.0893574297188755,0.8711145,0.8970113266952039
2018-12-27,0.1335341365461847,0.022993028,0.001004016064257,-0.1244979919678714,0.8558607,0.9157624049941786
2018-12-28,0.5060120240480962,0.020054035,0.0040080160320641,-0.0741482965931863,0.18929124,0.9096100091970136
2019-01-02,0.401,0.023569584,0.006,-0.109,0.41191748,0.9076294909368868
2019-01-03,0.36,0.027659928,0.008,-0.102,0.27899176,0.9057224889079354
2019-01-04,0.963,0.020394737,0.023,0.0,0.95733845,0.9219248271121422
2019-01-07,0.929,0.021242911,0.028,0.002,1.5284919,0.9239923911739374
2019-01-08,0.375,0.020340944,0.009,-0.001,1.2548298,0.9069159355914416
2019-01-09,0.455,0.019770807,0.013,0.0,2.1384888,0.918864484393271
2019-01-10,0.34,0.019628366,0.009,-0.005,1.7461066,0.899945500100257
2019-01-11,0.724,0.021891026,0.02,-0.003,1.3767475,0.9107306299418332
2019-01-14,0.29,0.02084177,0.004,-0.013,0.8198708,0.9119039200846728
2019-01-15,0.775,0.020876814,0.015,0.002,0.853392,0.9205729583025068
2019-01-16,0.3737474949899799,0.020418297,0.0090180360721442,-0.001002004008016,1.6130009,0.914754593413619
2019-01-17,0.207,0.021200348,0.012,-0.012,1.9884163,0.914575904249469
2019-01-18,0.6866866866866866,0.021217415,0.006006006006006,-0.007007007007007,0.06995241,0.9143501434447784
2019-01-21,0.5975975975975976,0.020440152,0.013013013013013,-0.001001001001001,1.3298649,0.923058892305532
2019-01-22,0.1641641641641641,0.017962366,0.004004004004004,-0.016016016016016,1.6055293,0.9178433222916934
2019-01-23,0.4879759519038076,0.019421788,0.0040080160320641,-0.0190380761523046,0.7488872,0.90878321334957
2019-01-24,0.5835835835835835,0.01976322,0.008008008008008,-0.004004004004004,0.96213156,0.914107263369212
2019-01-25,0.2662662662662662,0.024202978,0.006006006006006,-0.029029029029029,0.73094285,0.9227136270247164
2019-01-28,0.2792792792792792,0.023884911,-0.011011011011011,-0.05005005005005,-0.30507058,0.9255648099015646
2019-01-29,0.1653306613226453,0.026396036,-0.0080160320641282,-0.1012024048096192,0.28210533,0.9397272252300408
2019-01-30,0.1931931931931932,0.02556359,-0.023023023023023,-0.1451451451451451,-0.84015584,0.9305314243859848
2019-01-31,0.233,0.03132624,-0.038,-0.2,-0.5277389,0.9356365209883027
2019-02-01,0.962,0.021351965,0.013,-0.003,-0.24467371,0.9335684737217655
2019-02-11,0.98,0.018578198,0.023,0.012,0.85733896,0.9304536669255452
2019-02-12,0.874,0.018893575,0.018,0.012,2.0199654,0.9351206654115868
2019-02-13,0.905,0.01868821,0.019,0.008,1.8598175,0.9405215828714868
2019-02-14,0.527,0.01929368,0.015,0.008,2.1864119,0.9336668404013884
2019-02-15,0.3557114228456914,0.021306371,0.0180360721442885,0.0060120240480961,2.2636154,0.9291017178480332
2019-02-18,0.99498997995992,0.018239422,0.034068136272545,0.0160320641282565,1.6308346,0.942486226539236
2019-02-19,0.4739478957915831,0.024263075,0.0210420841683366,0.0080160320641282,1.6417923,0.9407312705296632
2019-02-20,0.4222668004012036,0.02320501,0.0160481444332999,0.0100300902708124,1.6180521,0.9317823473379424
2019-02-21,0.2640562248995984,0.022384187,0.0160642570281124,0.0140562248995983,2.239007,0.9345907718670424
2019-02-22,0.9126506024096386,0.023718413,0.0321285140562249,0.0160642570281124,1.2634275,0.9356886287767536
2019-02-25,0.997991967871486,0.02032447,0.0843373493975903,0.0401606425702811,0.9216134,0.9573556758089264
2019-02-26,0.4447791164658634,0.031503677,0.0331325301204819,0.0261044176706827,1.0389128,0.9512158963641354
2019-02-27,0.3791374122367101,0.029185696,0.0190571715145436,0.0140421263791374,0.9659302,0.9400533017853931
2019-02-28,0.6359077231695085,0.02802731,0.0050150451354062,0.0130391173520561,-0.21678558,0.9341002532133512
2019-03-01,0.5065065065065065,0.022382673,0.013013013013013,0.022022022022022,1.6333014,0.9361780754662924
2019-03-04,0.8728728728728729,0.025463982,0.052052052052052,0.031031031031031,1.8357577,0.9485097279215418
2019-03-05,0.911911911911912,0.028884739,0.073073073073073,0.046046046046046,0.9320679,0.943584606025358
2019-03-06,0.7853560682046138,0.02882286,0.0581745235707121,0.0521564694082246,1.0062295,0.9466149698449804
2019-03-07,0.6980942828485457,0.032175645,0.0621865596790371,0.0511534603811434,0.9231218,0.9476496851271654
2019-03-08,0.1112224448897795,0.04027964,-0.0591182364729458,0.0180360721442885,1.3250178,0.9415363158599908
2019-03-11,0.9699097291875628,0.02701755,0.0752256770310932,0.0591775325977933,-0.14771178,0.9350797210667336
2019-03-12,0.7881526104417671,0.027770584,0.0562248995983935,0.0793172690763052,1.2990996,0.9453743582616616
2019-03-13,0.253012048192771,0.035101082,-0.0090361445783132,0.036144578313253,0.44038826,0.9360551106114768
2019-03-14,0.1405622489959839,0.033842113,-0.0160642570281124,0.0150602409638554,0.9457075,0.9425473508181588
2019-03-15,0.7881526104417671,0.025566313,0.0251004016064257,0.0331325301204819,0.95181286,0.9353633122593116
2019-03-18,0.8904522613065327,0.025097474,0.0261306532663316,0.0442211055276381,0.44400644,0.9383448794015512
2019-03-19,0.4693467336683417,0.024857154,0.0170854271356783,0.0331658291457286,1.3143295,0.9371010361645166
2019-03-20,0.3624497991967871,0.026038654,0.0180722891566265,0.0261044176706827,1.2275854,0.9397777399831474
2019-03-21,0.6736947791164659,0.022841845,0.0230923694779116,0.0351405622489959,1.6054404,0.935879950805058
2019-03-22,0.4688755020080321,0.028107911,0.0271084337349397,0.0471887550200803,1.2512848,0.9353410719368878
2019-03-25,0.297079556898288,0.030896172,0.0211480362537764,0.039274924471299,1.193573,0.9343673357934482
2019-03-26,0.1287726358148893,0.0287583,-0.0040241448692152,0.0050301810865191,1.0266756,0.939563806085058
2019-03-27,0.5398587285570131,0.02925806,0.0151362260343087,0.0272452068617558,0.7123601,0.934433457575508
2019-03-28,0.2320887991927346,0.028643431,-0.0040363269424823,0.0141271442986881,0.50186616,0.9356259108379792
2019-03-29,0.9303733602421796,0.023655599,0.0221997981836528,0.0312815338042381,-0.11007189,0.9419521615509951
2019-04-01,0.985929648241206,0.022920204,0.057286432160804,0.0824120603015075,0.90036154,0.950107715478541
2019-04-02,0.5125628140703518,0.027449537,0.0321608040201005,0.057286432160804,1.4613378,0.9360612534030012
2019-04-03,0.6723618090452261,0.027383985,0.0301507537688442,0.0773869346733668,0.95515925,0.9386604339892872
2019-04-04,0.458207452165156,0.026735542,0.0201409869083585,0.0694864048338368,1.4280022,0.9415600427527696
2019-04-08,0.3447236180904522,0.035254024,0.029145728643216,0.0773869346733668,1.0494397,0.9433714401670092
2019-04-09,0.5807422266800402,0.029073905,0.0200601805416248,0.0411233701103309,0.46908298,0.932747519919122
2019-04-10,0.4312938816449348,0.02927677,0.0180541624874623,0.0381143430290872,0.7910197,0.9391830166631816
2019-04-11,0.1810865191146881,0.029851101,0.0130784708249496,0.0130784708249496,1.2028418,0.9389793785126274
2019-04-12,0.4529058116232465,0.028953336,0.0060120240480961,0.0180360721442885,0.232525,0.928973010026116
2019-04-15,0.2768304914744233,0.025726726,0.0100300902708124,0.0180541624874623,0.9891572,0.9345830466817991
2019-04-16,0.8665997993981945,0.025066888,0.029087261785356,0.0361083249749247,0.696461,0.931159018222478
2019-04-17,0.5921843687374749,0.026114708,0.0310621242484969,0.0410821643286573,1.5243585,0.9260355163780498
2019-04-18,0.2995991983967936,0.028237976,0.0250501002004008,0.0310621242484969,1.4508073,0.9183272712107275
2019-04-19,0.641925777331996,0.026254123,0.0270812437311935,0.0411233701103309,1.0804826,0.9167592593201074
2019-04-22,0.2562814070351759,0.028908363,0.0170854271356783,0.0371859296482412,1.2512271,0.9190043121388588
2019-04-23,0.197592778335005,0.030796364,-0.0050150451354062,0.0140421263791374,0.5770151,0.909293121791737
2019-04-24,0.7188755020080321,0.026077582,0.0251004016064257,0.0271084337349397,0.68222827,0.9093276995346368
2019-04-25,0.0521564694082246,0.027137248,-0.029087261785356,0.0040120361083249,0.9077696,0.9098110664367606
2019-04-26,0.2998996990972918,0.032585908,-0.0090270812437311,0.0090270812437311,0.24246056,0.909978120849602
2019-04-29,0.1438631790744466,0.037661053,-0.0875251509054326,0.0100603621730382,0.4873769,0.9231272210556272
2019-04-30,0.7621457489878543,0.031963695,0.0040485829959514,0.0101214574898785,-0.62853396,0.9104784334772434
2019-05-06,0.0240722166499498,0.031075671,-0.4002006018054162,-0.0130391173520561,2.389011,0.9381809664232762
2019-05-07,0.757271815446339,0.030749304,0.0180541624874623,0.0,-0.0011614729,0.914168293027842
2019-05-08,0.4092276830491474,0.027019653,0.0050150451354062,-0.0060180541624874,0.30931085,0.9047287864019322
2019-05-09,0.2835671342685371,0.024343017,-0.003006012024048,-0.0120240480961923,0.060547248,0.904183565898292
2019-05-10,0.9829659318637276,0.021572098,0.0310621242484969,0.0050100200400801,0.30525827,0.91476377696529
2019-05-13,0.3006012024048096,0.025473027,0.0120240480961923,0.0,1.2028549,0.9015141214802052
2019-05-14,0.2364729458917835,0.022060867,0.0080160320641282,-0.0040080160320641,1.4006983,0.8955171241404422
2019-05-15,0.9438314944834504,0.020682245,0.0240722166499498,0.0090270812437311,1.2873367,0.8982756104806557
2019-05-16,0.6489468405215647,0.024077145,0.0180541624874623,0.0100300902708124,1.1748966,0.8963697123055414
2019-05-17,0.0711422845691382,0.028453333,0.0050100200400801,-0.0150300601202404,1.7372599,0.9146904466504424
2019-05-20,0.4424424424424424,0.033119414,0.008008008008008,-0.02002002002002,0.17569223,0.9048406083428376
2019-05-21,0.8848848848848849,0.023101505,0.023023023023023,-0.001001001001001,0.7729969,0.8991682746621574
2019-05-22,0.2795591182364729,0.024223616,0.0180360721442885,-0.0130260521042084,1.8745296,0.8822832809360542
2019-05-23,0.1192384769539078,0.0257306,-0.0040080160320641,-0.0350701402805611,0.6143422,0.8850091386001205
2019-05-24,0.2955911823647295,0.02661361,-0.0150300601202404,-0.033066132264529,-0.62023205,0.8835266509732111
2019-05-27,0.9569138276553106,0.021803953,0.0150300601202404,-0.0070140280561122,-0.18125243,0.9024418673467705
2019-05-28,0.3741223671013039,0.01884662,0.0070210631895687,-0.0030090270812437,1.6485957,0.89192574725124
2019-05-29,0.5305305305305306,0.020055488,0.015015015015015,-0.002002002002002,1.8401212,0.8880655208268874
2019-05-30,0.280561122244489,0.024239857,0.0080160320641282,-0.0070140280561122,1.1832882,0.8862099052434347
2019-05-31,0.4034034034034034,0.022007037,0.012012012012012,-0.007007007007007,1.2514584,0.894202281530972
2019-06-03,0.2026078234704112,0.025379859,-0.0040120361083249,-0.037111334002006,0.36957988,0.8900015483653347
2019-06-04,0.160481444332999,0.022880416,-0.0080240722166499,-0.0511534603811434,-0.01950317,0.889832007818197
2019-06-05,0.4784353059177532,0.022155128,0.0,-0.0320962888665998,0.11594311,0.8929968567771485
2019-06-06,0.0991983967935871,0.024976462,-0.0140280561122244,-0.064128256513026,0.20037872,0.9053467006945326
2019-06-10,0.7673019057171514,0.025090963,0.0160481444332999,-0.0280842527582748,0.4120967,0.8976685793566882
2019-06-11,0.9869608826479438,0.018680533,0.025075225677031,0.0090270812437311,0.6114319,0.9085573641586596
2019-06-12,0.2854271356783919,0.02023505,0.0100502512562814,0.0100502512562814,1.9585539,0.8772139149177648
2019-06-13,0.6623115577889447,0.021820772,0.0190954773869346,0.0070351758793969,1.4334282,0.8874041590092444
2019-06-14,0.100502512562814,0.022278136,0.0020100502512562,-0.0010050251256281,1.0052744,0.907117271344542
2019-06-17,0.4603015075376884,0.02331002,0.0050251256281407,-0.0030150753768844,0.35116377,0.9003333312638468
2019-06-18,0.4262788365095286,0.020738887,0.0080240722166499,-0.0040120361083249,0.8024086,0.8914606329600089
2019-06-19,0.8455366098294884,0.019731909,0.0190571715145436,0.0020060180541624,1.9940636,0.9117080559639804
2019-06-20,0.8776328986960883,0.020141685,0.0140421263791374,0.0030090270812437,0.5924257,0.9213918943437692
2019-06-21,0.8826479438314945,0.020741288,0.0200601805416248,0.0100300902708124,1.4400871,0.920569398247472
2019-06-24,0.3653653653653653,0.021460587,0.017017017017017,0.012012012012012,2.0790548,0.9077100866204888
2019-06-25,0.2042042042042042,0.021868186,0.005005005005005,0.012012012012012,1.264178,0.8983516093938578
2019-06-26,0.443,0.023177879,-0.001,0.013,0.042217746,0.8963992604986742
2019-06-27,0.608,0.02078634,0.012,0.019,1.380308,0.903947125656556
2019-06-28,0.177,0.021546662,0.005,0.012,1.1897686,0.90913805614143
2019-07-01,0.973973973973974,0.020282064,0.028028028028028,0.031031031031031,1.2158798,0.930059886320004
2019-07-02,0.445,0.020995645,0.003,0.02,0.72748816,0.92172367588097
2019-07-03,0.2044088176352705,0.020028863,0.0050100200400801,0.0040080160320641,1.3732713,0.9185262021307614
2019-07-04,0.3600802407221665,0.019742303,0.0040120361083249,0.0030090270812437,0.7389096,0.9155419512857302
2019-07-05,0.5661322645290581,0.01883916,0.0070140280561122,0.002004008016032,1.1449999,0.9083353598447664
2019-07-08,0.0531594784353059,0.022921735,0.0010030090270812,-0.0160481444332999,1.4091053,0.9254572763922017
2019-07-09,0.5546639919759278,0.021040875,0.0090270812437311,-0.0010030090270812,1.0531894,0.898258621896299
2019-07-10,0.218436873747495,0.019200303,0.0040080160320641,-0.0190380761523046,1.1904708,0.904064041628046
2019-07-11,0.4214214214214214,0.01941889,0.005005005005005,-0.012012012012012,0.89056075,0.9111753736110852
2019-07-12,0.5525525525525525,0.02092688,0.005005005005005,-0.014014014014014,0.5171499,0.9087741195154956
2019-07-15,0.7147147147147147,0.022942236,0.005005005005005,-0.002002002002002,-0.09566496,0.9214560080774388
2019-07-16,0.5105105105105106,0.018462941,0.008008008008008,0.001001001001001,1.6767379,0.915163701946904
2019-07-17,0.407,0.019122338,0.012,-0.005,1.9992607,0.9085941056604288
2019-07-18,0.127,0.019089889,0.004,-0.02,1.5126047,0.9151036328569886
2019-07-19,0.6426426426426426,0.017043257,0.002002002002002,-0.004004004004004,0.80426043,0.9082269834726115
2019-07-22,0.0890890890890891,0.02419568,-0.011011011011011,-0.061061061061061,0.30899245,0.9310064144143814
2019-07-23,0.8266533066132264,0.017043887,0.0060120240480961,-0.002004008016032,1.409451,0.9172915323004508
2019-07-24,0.8264794383149449,0.015795862,0.0080240722166499,0.0080240722166499,1.933399,0.9219653626547394
2019-07-25,0.469939879759519,0.017957246,0.0060120240480961,0.0060120240480961,1.5627847,0.9134453503817684
2019-07-26,0.4332998996990972,0.018353717,0.0060180541624874,0.0,1.5338898,0.91500598216706
2019-07-29,0.4002006018054162,0.019130936,0.0050150451354062,-0.0030090270812437,1.3106108,0.9113762951540216
2019-07-30,0.6168505516549649,0.01745806,0.0060180541624874,0.0010030090270812,1.2558688,0.919221153806833
2019-07-31,0.2372372372372372,0.018687895,0.003003003003003,-0.015015015015015,0.8930215,0.9172323249441195
2019-08-01,0.2852852852852853,0.018118447,0.003003003003003,-0.025025025025025,0.74315035,0.9211017676943426
2019-08-02,0.139,0.021119613,0.006,-0.056,1.794849,0.92082180874464
2019-08-05,0.168,0.020561045,0.006,-0.072,1.6586695,0.9088878941435684
2019-08-06,0.1201201201201201,0.026248615,0.001001001001001,-0.1391391391391391,1.3472546,0.9271880607079102
2019-08-07,0.3603603603603603,0.024266439,0.007007007007007,-0.0890890890890891,0.77597255,0.8974273119374375
2019-08-08,0.6376376376376376,0.021546176,0.007007007007007,-0.024024024024024,0.5419963,0.8908479406124155
2019-08-09,0.1733466933867735,0.020527603,0.003006012024048,-0.094188376753507,1.4981297,0.896255951229773
2019-08-12,0.8738738738738738,0.020335117,0.011011011011011,0.016016016016016,0.63321763,0.9025497480053012
2019-08-13,0.2492492492492492,0.01977807,0.004004004004004,-0.034034034034034,1.5635841,0.8845533561866863
2019-08-14,0.6506506506506506,0.019975767,0.01001001001001,0.001001001001001,1.3534338,0.8941138422538825
2019-08-15,0.4984984984984985,0.018104201,0.002002002002002,-0.011011011011011,1.2413208,0.9007714350472436
2019-08-16,0.5705705705705706,0.01910984,0.005005005005005,0.0,1.187717,0.9000373407199269
2019-08-19,0.961961961961962,0.021557515,0.032032032032032,0.042042042042042,0.67884606,0.9215034380410302
2019-08-20,0.4694694694694695,0.020801853,0.014014014014014,0.019019019019019,1.7680333,0.9130153386178864
2019-08-21,0.4444444444444444,0.022033,0.015015015015015,0.017017017017017,1.7562634,0.9076803997437142
2019-08-22,0.5785785785785785,0.020704605,0.016016016016016,0.011011011011011,1.7965523,0.9070183133523884
2019-08-23,0.3163163163163163,0.023659233,0.021021021021021,0.01001001001001,1.7417027,0.907979477767408
2019-08-26,0.2565130260521042,0.02460261,0.0170340681362725,0.002004008016032,1.8081117,0.9118950563808662
2019-08-27,0.8997995991983968,0.020623526,0.0230460921843687,0.0160320641282565,1.3681244,0.9174420596887444
2019-08-28,0.4288577154308617,0.024564188,0.0150300601202404,0.0090180360721442,0.8071397,0.9091057424462304
2019-08-29,0.4038076152304609,0.021882823,0.0130260521042084,0.0130260521042084,1.6112881,0.9075124307559213
2019-08-30,0.1743486973947896,0.025038194,-0.003006012024048,0.0040080160320641,0.71837115,0.9094023780701336
2019-09-02,0.9368104312938816,0.021804469,0.0280842527582748,0.0280842527582748,1.1146182,0.9181800160110498
2019-09-03,0.5781563126252505,0.019512156,0.0090180360721442,0.0260521042084168,1.6187265,0.9052188214637438
2019-09-04,0.6609829488465396,0.02077133,0.0160481444332999,0.0300902708124373,1.736984,0.9128165265636168
2019-09-05,0.7144288577154309,0.020098181,0.0160320641282565,0.0270541082164328,1.8365215,0.9249975678914312
2019-09-06,0.5531062124248497,0.022410529,0.0150300601202404,0.0310621242484969,1.2014971,0.9107841228257034
2019-09-09,0.931931931931932,0.022906587,0.03003003003003,0.056056056056056,1.1928889,0.9210784324284128
2019-09-10,0.4864864864864865,0.023912309,0.021021021021021,0.027027027027027,1.5405852,0.914672487695154
2019-09-11,0.2432432432432432,0.022167945,0.01001001001001,0.009009009009009,1.414822,0.9213750250391672
2019-09-12,0.6726726726726727,0.018245872,0.01001001001001,0.01001001001001,1.3448066,0.9227125914359916
2019-09-16,0.5445445445445446,0.019509528,0.009009009009009,0.024024024024024,1.7076534,0.922788189412895
2019-09-17,0.094,0.019953562,0.003,0.005,1.8850137,0.9275667256798056
2019-09-18,0.404,0.020469321,0.01,0.013,1.3096403,0.912969110423801
2019-09-19,0.7567567567567568,0.019634642,0.005005005005005,0.029029029029029,0.72993463,0.9124589513157286
2019-09-20,0.433,0.021123538,0.01,0.027,1.4215287,0.9151950275824764
2019-09-23,0.2252252252252252,0.022314705,0.006006006006006,0.021021021021021,1.4420857,0.9158263406522164
2019-09-24,0.4574574574574575,0.022287745,0.01001001001001,0.033033033033033,1.2115718,0.9011762121601052
2019-09-25,0.1361361361361361,0.024247896,0.004004004004004,0.002002002002002,1.0517823,0.9082615721360168
2019-09-26,0.0751503006012024,0.02683091,-0.0420841683366733,-0.0220440881763527,-0.26222828,0.916231695198195
2019-09-27,0.7294589178356713,0.02212727,0.0060120240480961,0.0070140280561122,0.6680879,0.9111700391436726
2019-09-30,0.1951951951951951,0.019836767,0.001001001001001,-0.012012012012012,0.30743498,0.9107150889425796
2019-10-08,0.4423269809428284,0.023575699,0.0040120361083249,-0.0050150451354062,0.72158146,0.9122585275327114
2019-10-09,0.7602808425275828,0.019366119,0.0090270812437311,0.0050150451354062,0.82420224,0.8987847845963568
2019-10-10,0.8246492985971944,0.019430026,0.0110220440881763,0.0270541082164328,1.7945362,0.8997286456974095
2019-10-11,0.4434434434434434,0.020624565,0.01001001001001,0.022022022022022,1.5322577,0.9094961319743576
2019-10-14,0.859,0.01991513,0.019,0.021,1.5393033,0.9215932106006284
2019-10-15,0.22,0.026961466,-0.005,0.003,0.30466205,0.9161221594238884
2019-10-16,0.304,0.022131896,0.007,0.002,0.9644284,0.9163936514596472
2019-10-17,0.399,0.019556692,0.007,-0.001,1.1157693,0.911627734059992
2019-10-18,0.1691691691691691,0.022591334,0.008008008008008,-0.014014014014014,1.7185155,0.916365882377786
2019-10-21,0.3473473473473473,0.025831949,-0.002002002002002,-0.025025025025025,0.035744186,0.9170433645214856
2019-10-22,0.7885771543086172,0.020459257,0.0160320641282565,0.0080160320641282,1.4872031,0.9047726941904572
2019-10-23,0.2332332332332332,0.018221619,0.002002002002002,-0.006006006006006,0.9293329,0.8993646222843609
2019-10-24,0.4164164164164164,0.01966012,0.001001001001001,-0.014014014014014,0.50003,0.8973517139605343
2019-10-25,0.681,0.019507673,0.009,0.001,0.82936084,0.893653000862107
2019-10-28,0.8697394789579158,0.028898964,0.065130260521042,0.0220440881763527,0.91369236,0.9109690367458182
2019-10-29,0.1853707414829659,0.024917072,0.0130260521042084,-0.002004008016032,1.435543,0.8893562038558127
2019-10-30,0.2437311935807422,0.027428787,-0.0010030090270812,-0.0361083249749247,0.6044795,0.8832452021785046
2019-10-31,0.2326980942828485,0.024766773,-0.0090270812437311,-0.0571715145436308,-0.09589216,0.8848943379282593
2019-11-01,0.7562688064192578,0.019586742,0.0090270812437311,-0.0020060180541624,0.8954069,0.8971821948053682
2019-11-04,0.4914744232698094,0.021440389,0.0120361083249749,-0.0130391173520561,1.5000447,0.8896132970594252
2019-11-05,0.4593781344032096,0.020455241,0.0040120361083249,-0.0130391173520561,0.7996236,0.8916706422487444
2019-11-06,0.2507522567703109,0.020806259,0.0020060180541624,-0.0421263791374122,0.6772888,0.8966206046915908
2019-11-07,0.6168505516549649,0.018677821,0.0070210631895687,-0.0130391173520561,1.4320005,0.8904857920787888
2019-11-08,0.3470411233701103,0.020080801,0.0030090270812437,-0.0300902708124373,0.97680026,0.8964137721300114
2019-11-11,0.08008008008008,0.021612799,-0.001001001001001,-0.1311311311311311,1.3213247,0.9182864852266174
2019-11-12,0.566,0.019317228,0.003,-0.047,0.82538146,0.9070080896386672
2019-11-13,0.2935871743486974,0.020427575,0.0,-0.0781563126252505,0.70915204,0.8951692539651106
2019-11-14,0.593186372745491,0.019746069,0.0070140280561122,-0.0390781563126252,1.2711096,0.8934079454235546
2019-11-15,0.1721721721721721,0.022210127,0.0,-0.1221221221221221,0.611827,0.8966059520002526
2019-11-18,0.674,0.018956736,0.012,-0.032,1.5737381,0.8977559613557297
2019-11-19,0.9209209209209208,0.018121192,0.014014014014014,0.021021021021021,1.7265962,0.9040610861901306
2019-11-20,0.2625250501002004,0.019098198,0.0070140280561122,-0.0050100200400801,1.854709,0.8975882567146922
2019-11-21,0.4192577733199599,0.01895182,0.0090270812437311,-0.0140421263791374,1.5462353,0.896627924975907
2019-11-22,0.2535070140280561,0.02398639,0.0080160320641282,-0.0260521042084168,0.7357064,0.9055696607572848
2019-11-25,0.4704704704704704,0.028781166,0.001001001001001,-0.016016016016016,-0.015724253,0.9149917251793552
2019-11-26,0.3503503503503503,0.019861523,0.004004004004004,-0.019019019019019,0.94591767,0.9001828064161234
2019-11-27,0.397,0.019373612,0.0,-0.028,0.2220882,0.8912263466477522
2019-11-28,0.3056112224448897,0.017307546,0.001002004008016,-0.0410821643286573,0.9140494,0.8895790258200436
2019-11-29,0.4894894894894895,0.017090831,0.004004004004004,-0.028028028028028,0.78574854,0.899242629932591
2019-12-02,0.468937875751503,0.018628567,0.0070140280561122,-0.0230460921843687,1.6642667,0.8985336791919929
2019-12-03,0.6653306613226453,0.018588351,0.0110220440881763,-0.0070140280561122,1.6929328,0.8954291553823294
2019-12-04,0.4592964824120603,0.016690925,0.0050251256281407,-0.0080402010050251,1.2790806,0.8951598386664901
2019-12-05,0.8214643931795386,0.0152852805,0.0090270812437311,0.0120361083249749,2.2622683,0.8985873440976738
2019-12-06,0.6325301204819277,0.018392513,0.0120481927710843,0.0160642570281124,1.8108085,0.8952269897712984
2019-12-09,0.5165829145728643,0.017628236,0.0060301507537688,0.0150753768844221,1.6457185,0.8971817229108958
2019-12-10,0.528643216080402,0.01979002,0.0150753768844221,0.0201005025125628,2.1189885,0.898757768865186
2019-12-11,0.3185929648241206,0.018547356,0.0060301507537688,0.0090452261306532,1.346446,0.8875249097577913
2019-12-12,0.3202811244979919,0.019768441,0.0050200803212851,0.003012048192771,1.4105923,0.8891731325659337
2019-12-13,0.8283132530120482,0.017578254,0.0080321285140562,0.0261044176706827,1.3131914,0.8991760283880166
2019-12-16,0.8965863453815262,0.018700073,0.0150602409638554,0.0441767068273092,1.6156486,0.9072205325889638
2019-12-17,0.8132530120481928,0.019963609,0.0230923694779116,0.036144578313253,1.962095,0.9183410391475072
2019-12-18,0.3755020080321285,0.019874737,0.0110441767068273,0.0271084337349397,2.0039542,0.9054071865488532
2019-12-19,0.7035175879396985,0.022183228,0.0170854271356783,0.0211055276381909,0.82269216,0.907511369182334
2019-12-20,0.1869346733668341,0.022146162,0.0070351758793969,0.0190954773869346,1.1649096,0.915118528182042
2019-12-23,0.0942828485456369,0.022793096,-0.0080240722166499,0.0120361083249749,0.3855403,0.9209890024692272
2019-12-24,0.9138276553106212,0.021503618,0.0210420841683366,0.0230460921843687,1.165376,0.9045756966497226
2019-12-25,0.4582914572864321,0.020373974,0.0140703517587939,0.0211055276381909,2.0712352,0.893854031229543
2019-12-26,0.7141424272818455,0.018116526,0.0090270812437311,0.0240722166499498,1.9091322,0.899228835805357
2019-12-27,0.2617853560682046,0.02298179,0.0140421263791374,0.0110330992978936,1.45656,0.9087072918685724
2019-12-30,0.6322645290581163,0.022393879,0.003006012024048,0.0190380761523046,-0.073619574,0.916537376275248
2019-12-31,0.6128385155466399,0.020432014,0.0080240722166499,0.0170511534603811,1.1520398,0.9177735330536354
2020-01-02,0.908908908908909,0.020302845,0.016016016016016,0.04004004004004,1.3191439,0.9302371791096732
2020-01-03,0.555,0.0222278,0.015,0.027,1.3917006,0.9223684090653036
2020-01-06,0.586,0.02515306,0.029,0.047,1.6280193,0.9306860193772014
2020-01-07,0.801,0.023871042,0.031,0.06,1.5071404,0.9292094837441284
2020-01-08,0.193,0.027500488,0.021,0.035,1.9067199,0.9277825801409844
2020-01-09,0.855,0.023208609,0.018,0.044,0.41686425,0.9257741741454604
2020-01-10,0.3373373373373373,0.023663089,0.015015015015015,0.034034034034034,1.4748974,0.9225482089857574
2020-01-13,0.7237237237237237,0.020923935,0.012012012012012,0.073073073073073,1.1868197,0.9218838442992372
2020-01-14,0.3863863863863864,0.023063608,0.013013013013013,0.045045045045045,1.5188396,0.9276632578540516
2020-01-15,0.3587174348697395,0.023479348,0.0130260521042084,0.0501002004008016,1.4746101,0.920516961365574
2020-01-16,0.3016032064128257,0.021906221,0.0100200400801603,0.0450901803607214,1.5572029,0.9100718797017364
2020-01-17,0.3113113113113113,0.02199475,0.003003003003003,0.03003003003003,0.66754264,0.913389669422242
2020-01-20,0.6706706706706707,0.026893143,0.018018018018018,0.062062062062062,0.57551295,0.9198534000063392
2020-01-21,0.2244488977955911,0.028676977,0.0140280561122244,0.0290581162324649,1.426855,0.9191035229993496
2020-01-22,0.4464464464464464,0.027661387,0.008008008008008,0.048048048048048,0.41831282,0.9087824042252932
2020-01-23,0.063063063063063,0.028504292,-0.026026026026026,-0.031031031031031,1.1710823,0.9157512949892996
2020-02-03,0.046046046046046,0.03773958,-0.8638638638638638,-0.2572572572572572,3.9770029,0.8528258173102604
2020-02-04,0.3943943943943944,0.04981258,0.035035035035035,-0.2652652652652653,0.5208439,0.9294247252355206
2020-02-05,0.8998998998998999,0.027881078,0.048048048048048,0.017017017017017,0.8302297,0.9165571210956142
2020-02-06,0.931931931931932,0.028467946,0.067067067067067,0.042042042042042,1.1271085,0.9182017740689368
2020-02-07,0.6026026026026026,0.034516856,0.055055055055055,0.03003003003003,0.66604173,0.906576600241679
2020-02-10,0.7337337337337337,0.034318537,0.031031031031031,0.032032032032032,-0.08727936,0.9095994146898344
2020-02-11,0.3313313313313313,0.028481944,0.006006006006006,0.01001001001001,0.644998,0.9154521479263577
2020-02-12,0.8648648648648649,0.025829725,0.045045045045045,0.049049049049049,1.4938928,0.9021202548415432
2020-02-13,0.2362362362362362,0.027490057,0.015015015015015,0.025025025025025,1.3231001,0.8987750271037641
2020-02-14,0.448,0.024145365,0.015,0.023,1.3885622,0.8951347136888442
2020-02-17,0.983,0.023724193,0.051,0.08,0.9942734,0.9208010309407336
2020-02-18,0.7985971943887775,0.027660508,0.0410821643286573,0.1072144288577154,0.9098725,0.9154243712422646
2020-02-19,0.296,0.031447653,0.018,0.044,0.8367313,0.908701998376394
2020-02-20,0.852,0.023160195,0.026,0.073,1.1231668,0.9167692396026836
2020-02-21,0.653,0.028377654,0.046,0.09,1.4281312,0.9129851942387848
2020-02-24,0.645,0.03247214,0.055,0.149,0.8820576,0.9125188326335002
2020-02-25,0.322,0.036433894,0.046,0.107,1.3153412,0.9125360899457148
2020-02-26,0.337,0.041277256,-0.027,0.018,0.19454557,0.915755337995457
2020-02-27,0.4854854854854855,0.03220349,0.005005005005005,0.035035035035035,0.16416244,0.9136195701191258
2020-02-28,0.053053053053053,0.034187566,-0.1231231231231231,-0.008008008008008,1.4408703,0.9249529150437628
2020-03-02,0.961961961961962,0.027114313,0.079079079079079,0.036036036036036,0.18081285,0.9176986850664768
2020-03-03,0.7247247247247247,0.025212795,0.021021021021021,0.035035035035035,1.1728208,0.9228588165639195
2020-03-04,0.6286286286286287,0.02934597,0.022022022022022,0.047047047047047,0.4806958,0.9231918618977836
2020-03-05,0.7547547547547547,0.028218519,0.043043043043043,0.042042042042042,0.97494173,0.9312718012848982
2020-03-06,0.3837675350701403,0.028726898,0.0280561122244488,0.0370741482965931,1.354233,0.927215015849073
2020-03-09,0.1402805611222445,0.039010994,-0.0110220440881763,0.0180360721442885,1.3043948,0.9337001224126192
2020-03-10,0.8296593186372746,0.032352973,0.0310621242484969,0.0370741482965931,-0.12975498,0.9214777127787468
2020-03-11,0.2424849699398797,0.027226215,0.0100200400801603,0.0190380761523046,1.1934248,0.91972641637999
2020-03-12,0.158316633266533,0.026960379,0.0040080160320641,0.0040080160320641,1.2871869,0.9212473644451012
2020-03-13,0.2424849699398797,0.029229056,0.0070140280561122,0.002004008016032,1.0091645,0.9199293521571436
2020-03-16,0.0682730923694779,0.033021517,-0.0682730923694779,-0.036144578313253,0.7035765,0.9223072760259754
2020-03-17,0.3875502008032128,0.028623154,0.0040160642570281,-0.0421686746987951,0.4609939,0.9213561223610724
2020-03-18,0.1817269076305221,0.026137477,0.0080321285140562,-0.0803212851405622,1.1479362,0.9089528603116732
2020-03-19,0.6255020080321285,0.026464755,0.0090361445783132,-0.0652610441767068,0.2647187,0.9098041397336418
2020-03-20,0.7675350701402806,0.025325295,0.0220440881763527,0.003006012024048,0.4749455,0.9030981805695824
2020-03-23,0.074074074074074,0.03296217,-0.045045045045045,-0.1281281281281281,1.0593525,0.9180195104533894
2020-03-24,0.8658658658658659,0.026573911,0.013013013013013,0.001001001001001,-0.4736297,0.913528438311352
2020-03-25,0.9188376753507014,0.021868821,0.0200400801603206,0.0070140280561122,0.8922973,0.927407801384906
2020-03-26,0.2762762762762762,0.026490593,0.009009009009009,0.004004004004004,1.0332394,0.9201415698287994
2020-03-27,0.3293293293293293,0.025045777,0.01001001001001,0.0,1.0328907,0.92080427757336
2020-03-30,0.171,0.032617804,0.002,-0.048,1.0249792,0.9220210538850502
2020-03-31,0.405,0.02813603,0.02,-0.037,1.0664619,0.9125886902333444
2020-04-01,0.337,0.023237754,-0.001,-0.058,0.260425,0.902194058852558
2020-04-02,0.883,0.024623403,0.023,0.006,0.49739164,0.90234868437
2020-04-03,0.2882882882882883,0.025136037,0.012012012012012,-0.011011011011011,1.4826711,0.9005478169219565
2020-04-07,0.9819639278557114,0.022478906,0.0440881763527054,0.0200400801603206,1.0857589,0.9213619862178384
2020-04-08,0.5865865865865866,0.024408787,0.021021021021021,0.011011011011011,1.0505706,0.9055487439127884
2020-04-09,0.6122244488977956,0.027119113,0.0350701402805611,0.0210420841683366,1.225696,0.9167872655496674
2020-04-10,0.1282565130260521,0.0274786,-0.0040080160320641,-0.003006012024048,0.8000304,0.914593846734744
2020-04-13,0.2925851703406814,0.02716881,-0.0060120240480961,-0.0140280561122244,0.114723176,0.9096424623495356
2020-04-14,0.8847695390781564,0.02079605,0.0170340681362725,0.0150300601202404,0.9067401,0.9103508387149044
2020-04-15,0.2703517587939698,0.02361961,0.0090452261306532,-0.0040201005025125,1.3882928,0.906029547496361
2020-04-16,0.5410821643286573,0.02462664,0.0180360721442885,0.001002004008016,1.1950004,0.9028221216253632
2020-04-17,0.4154154154154154,0.025378574,0.017017017017017,-0.003003003003003,1.197181,0.9021788001241132
2020-04-20,0.7384769539078156,0.02444447,0.0260521042084168,0.0170340681362725,1.3869537,0.905585196840939
2020-04-21,0.3159478435305918,0.02415881,0.0150451354062186,-0.0030090270812437,1.4840627,0.9069178276496594
2020-04-22,0.6449348044132397,0.02441008,0.0240722166499498,0.0190571715145436,1.2443718,0.91037210407625
2020-04-23,0.3236472945891783,0.026496572,0.0190380761523046,-0.0050100200400801,1.3668709,0.9063870659052752
2020-04-24,0.1715145436308927,0.028113114,-0.0060180541624874,-0.0571715145436308,0.6792282,0.9127431856018814
2020-04-27,0.3480441323971915,0.028654497,-0.0040120361083249,-0.0651955867602808,0.20500113,0.918671787186678
2020-04-28,0.2144288577154308,0.033264197,-0.0170340681362725,-0.1382765531062124,0.46286812,0.9231355164785356
2020-04-29,0.4487951807228915,0.030227674,0.0110441767068273,-0.0963855421686747,0.35035905,0.9182733512096954
2020-04-30,0.8508064516129032,0.02888476,0.0272177419354838,-0.0070564516129032,0.004034381,0.9158495074485716
2020-05-06,0.8607214428857716,0.023329942,0.0150300601202404,0.001002004008016,0.43672743,0.912574017761183
2020-05-07,0.342685370741483,0.02246117,0.0070140280561122,0.0060120240480961,1.0390128,0.9059396957452964
2020-05-08,0.7454909819639278,0.022445722,0.0210420841683366,0.0180360721442885,1.2180421,0.9143797249773596
2020-05-11,0.3941825476429287,0.022158468,0.0110330992978936,0.0110330992978936,1.2149141,0.9163642402041696
2020-05-12,0.3570712136409227,0.022437124,0.0060180541624874,0.0140421263791374,1.2550584,0.9066476677228152
2020-05-13,0.5095285857572718,0.023851307,0.0210631895687061,0.0230692076228686,1.5536903,0.9005477991087307
2020-05-14,0.2224448897795591,0.022966795,0.0110220440881763,-0.0160320641282565,1.6611584,0.8954175551065343
2020-05-15,0.469939879759519,0.023319427,0.0190380761523046,-0.0040080160320641,1.5417418,0.8934473035021452
2020-05-18,0.4028056112224449,0.031074893,0.0070140280561122,-0.0120240480961923,0.3543967,0.8940686777990505
2020-05-19,0.6673346693386774,0.024709571,0.0170340681362725,0.0230460921843687,1.0626074,0.8912058264017849
2020-05-20,0.2444889779559118,0.026517658,0.0120240480961923,-0.0410821643286573,1.19994,0.8941455986754537
2020-05-21,0.2494989979959919,0.027147694,0.0150300601202404,-0.065130260521042,1.0753814,0.9033713394448528
2020-05-22,0.1633266533066132,0.024999224,0.003006012024048,-0.0931863727454909,1.0721811,0.9094323454492708
2020-05-25,0.4248496993987976,0.026666973,-0.002004008016032,-0.0721442885771543,0.081717774,0.9021216859249735
2020-05-26,0.9137412236710132,0.022198291,0.0270812437311935,0.0270812437311935,1.4359324,0.9048842388547252
2020-05-27,0.364824120603015,0.026470492,0.0160804020100502,0.0050251256281407,1.1485866,0.8972403713007794
2020-05-28,0.3630892678034102,0.025832405,0.0210631895687061,-0.0050150451354062,1.3464723,0.9006915114829033
2020-05-29,0.5773092369477911,0.025335718,0.0251004016064257,0.036144578313253,1.4200588,0.8953779062448888
2020-06-01,0.9618090452261306,0.022393433,0.036180904522613,0.0582914572864321,1.1434296,0.9204468967394916
2020-06-02,0.6038114343029087,0.025739837,0.0190571715145436,0.0260782347041123,0.65611833,0.901190672002134
2020-06-03,0.3319959879638917,0.023578666,0.0160481444332999,0.0310932798395185,1.690505,0.9016690456762776
2020-06-04,0.4674022066198596,0.024384184,0.0140421263791374,0.0351053159478435,1.1291791,0.9021247679046122
2020-06-05,0.4548192771084337,0.023498626,0.003012048192771,0.0351405622489959,0.3345593,0.9051041794231596
2020-06-08,0.399197592778335,0.025339538,0.0080240722166499,0.025075225677031,0.71432406,0.9105102917075424
2020-06-09,0.5697091273821464,0.022412866,0.0200601805416248,0.037111334002006,1.6569539,0.9020128918612872
2020-06-10,0.3805220883534136,0.023335611,0.0070281124497991,0.0401606425702811,1.0602131,0.9060072608383514
2020-06-11,0.3142570281124498,0.023747995,0.0090361445783132,0.0150602409638554,1.4040462,0.9127067780872504
2020-06-12,0.3658291457286432,0.023900902,0.0140703517587939,0.0261306532663316,1.5986762,0.9040930453601956
2020-06-15,0.3762575452716298,0.028019592,0.0100603621730382,0.0362173038229376,0.7565982,0.9046868349996912
2020-06-16,0.8683417085427135,0.022811688,0.0170854271356783,0.0552763819095477,0.85327554,0.9065048826798572
2020-06-17,0.4974874371859296,0.025202855,0.0120603015075376,0.0522613065326633,0.84998816,0.9082862325384276
2020-06-18,0.4321608040201005,0.02466877,0.0010050251256281,0.0170854271356783,0.07923935,0.906667011974388
2020-06-19,0.5376884422110553,0.02116479,0.0120603015075376,0.0341708542713567,1.2877064,0.911773152180536
2020-06-22,0.4834170854271357,0.023754848,0.0130653266331658,0.0301507537688442,1.0729783,0.9095873425778338
2020-06-23,0.3551307847082495,0.025656955,0.0150905432595573,0.0523138832997987,1.400969,0.908944955361914
2020-06-24,0.3668341708542713,0.023638224,0.0080402010050251,0.0341708542713567,1.1278149,0.9061154131602304
2020-06-29,0.3407035175879397,0.028396137,0.0070351758793969,0.0241206030150753,0.88153714,0.9049428598388138
2020-06-30,0.8435923309788093,0.022866096,0.0161453077699293,0.0716448032290615,0.9830704,0.9065680532510506
2020-07-01,0.5465465465465466,0.02608201,0.017017017017017,0.052052052052052,0.9034951,0.9093835979996066
2020-07-02,0.7787787787787788,0.02586066,0.022022022022022,0.038038038038038,0.60374916,0.9198598206564322
2020-07-03,0.7397397397397397,0.024342248,0.018018018018018,0.036036036036036,0.75729823,0.9267034051847498
2020-07-06,0.93993993993994,0.026306756,0.057057057057057,0.086086086086086,0.021879192,0.9453765197153332
2020-07-07,0.5795795795795796,0.028691081,0.04004004004004,0.0990990990990991,1.2360852,0.9422464182752984
2020-07-08,0.8617234468937875,0.028175982,0.0440881763527054,0.1472945891783567,0.8870669,0.932832035107286
2020-07-09,0.8987975951903807,0.028426751,0.0541082164328657,0.1853707414829659,0.88209933,0.940776014450587
2020-07-10,0.3176352705410821,0.034392655,0.0310621242484969,0.1553106212424849,1.1639163,0.939200862715838
2020-07-13,0.938877755511022,0.02903692,0.0841683366733467,0.25250501002004,0.5600209,0.944356080518589
2020-07-14,0.3517034068136273,0.036533616,0.0310621242484969,0.1322645290581162,0.7372242,0.9419705666604395
2020-07-15,0.1653306613226453,0.037638497,-0.0250501002004008,0.0470941883767535,0.9349953,0.9403884409503614
2020-07-16,0.0450901803607214,0.029974803,-0.0791583166332665,0.0,0.81601703,0.9406861813624356
2020-07-17,0.4539078156312625,0.030189285,0.0040080160320641,0.0140280561122244,0.23630539,0.9369287277437336
2020-07-20,0.9209209209209208,0.02873896,0.056056056056056,0.069069069069069,0.027983498,0.9432739984471956
2020-07-21,0.498,0.030494463,0.035,0.065,1.0732169,0.9376583186581052
2020-07-22,0.5005005005005005,0.026096135,0.027027027027027,0.072072072072072,1.6535981,0.9380401330325542
2020-07-23,0.336,0.02802641,0.019,0.075,1.3838269,0.9353965753192724
2020-07-24,0.067,0.032187954,-0.018,0.012,1.4257478,0.9337293809008536
2020-07-27,0.437875751503006,0.030813351,0.0180360721442885,0.0130260521042084,0.680884,0.9243087324668364
2020-07-28,0.7074148296593187,0.025967967,0.0160320641282565,0.0310621242484969,0.5464987,0.9202649315640732
2020-07-29,0.934869739478958,0.022992589,0.0370741482965931,0.0621242484969939,1.3206269,0.931273524244362
2020-07-30,0.3533533533533533,0.029352821,0.026026026026026,0.07007007007007,1.3380148,0.9233023937343334
2020-07-31,0.6986986986986987,0.025680175,0.03003003003003,0.074074074074074,1.3977535,0.925180537445452
2020-08-03,0.9268537074148296,0.028369423,0.0701402805611222,0.1352705410821643,0.8354148,0.9378240204577768
2020-08-04,0.3196392785571142,0.03162802,0.0180360721442885,0.0881763527054108,0.86118764,0.9298355043413338
2020-08-05,0.6118355065195586,0.028134078,0.0361083249749247,0.1233701103309929,1.3084275,0.9275464579123684
2020-08-06,0.39518555667001,0.029809456,0.0270812437311935,0.0912738214643931,1.1102086,0.9289284032845768
2020-08-07,0.2289156626506024,0.029718056,0.0120481927710843,0.0692771084337349,1.3208,0.9249562227514389
2020-08-10,0.6452905811623246,0.032724686,0.0240480961923847,0.0571142284569138,0.13210751,0.9189686007439708
2020-08-11,0.1634904714142427,0.029763792,0.0130391173520561,0.0260782347041123,1.4867259,0.9282378794838316
2020-08-12,0.3276553106212425,0.031454466,-0.001002004008016,0.0140280561122244,0.23735602,0.9352041534088624
2020-08-13,0.5405405405405406,0.02676247,0.018018018018018,0.033033033033033,0.80578583,0.9273363570132874
2020-08-14,0.7047047047047047,0.024041805,0.011011011011011,0.032032032032032,0.48959377,0.9308603273649502
2020-08-17,0.8967935871743486,0.024396801,0.0380761523046092,0.06312625250501,1.2426751,0.9412387825956988
2020-08-18,0.5751503006012024,0.025651425,0.0250501002004008,0.0771543086172344,1.395573,0.9332865173411152
2020-08-19,0.1875626880641925,0.027860906,0.0030090270812437,0.0401203610832497,0.9158571,0.9360292862492768
2020-08-20,0.2672672672672673,0.024796532,-0.001001001001001,0.015015015015015,0.2773969,0.93224925896252
2020-08-21,0.5635635635635635,0.025131334,0.012012012012012,0.03003003003003,0.77849954,0.9365887899545092
2020-08-24,0.606,0.026837612,0.006,0.041,0.8477468,0.939511684960694
2020-08-25,0.3693693693693693,0.030816594,0.004004004004004,0.027027027027027,1.3500721,0.9360569115855024
2020-08-26,0.1753507014028056,0.029612588,-0.001002004008016,0.0070140280561122,0.99828464,0.9439503470628032
2020-08-27,0.6973947895791583,0.026843874,0.0080160320641282,0.0200400801603206,1.0472063,0.9366010199525222
2020-08-28,0.7051153460381143,0.025130572,0.0090270812437311,0.0320962888665998,0.41731092,0.9362809382874722
2020-08-31,0.4603811434302908,0.025246454,0.0080240722166499,0.0431293881644934,1.4680704,0.9362421960280244
2020-09-01,0.5,0.022628762,0.0050100200400801,0.0480961923847695,1.7467321,0.9290022869126464
2020-09-02,0.4824824824824825,0.02701001,0.005005005005005,0.047047047047047,1.6397951,0.931213394080825
2020-09-03,0.2382382382382382,0.025638828,0.007007007007007,0.019019019019019,1.7759516,0.933132132869952
2020-09-04,0.4579158316633266,0.023953333,0.003006012024048,0.0170340681362725,1.3612373,0.9290543500552032
2020-09-07,0.2364729458917835,0.029824892,0.0050100200400801,0.0180360721442885,1.5696727,0.9275301566748398
2020-09-08,0.6633266533066132,0.03215404,0.0070140280561122,0.0430861723446893,1.4793303,0.9214081801732368
2020-09-09,0.1623246492985972,0.034263898,-0.0060120240480961,-0.002004008016032,-0.0107945595,0.9172648102365656
2020-09-10,0.1033099297893681,0.040859688,-0.0170511534603811,-0.0170511534603811,-1.1546518,0.9356440044926652
2020-09-11,0.7632898696088265,0.024842883,0.0030090270812437,-0.0050150451354062,0.4800831,0.9231961372498872
2020-09-14,0.6890672016048145,0.03225487,0.0120361083249749,0.0160481444332999,2.056369,0.913641923149926
2020-09-15,0.4663991975927783,0.024729082,0.0040120361083249,0.0070210631895687,1.2739474,0.906267081997652
2020-09-16,0.226680040120361,0.018003654,0.0,0.0060180541624874,0.79506236,0.9162116882413888
2020-09-17,0.4854854854854855,0.021719916,0.007007007007007,0.004004004004004,1.065174,0.9160599694685092
2020-09-18,0.832,0.023139574,0.013,0.02,1.6760198,0.9223156016899272
2020-09-21,0.4108216432865731,0.022018963,0.0050100200400801,0.0170340681362725,1.3551264,0.9150945919732324
2020-09-22,0.1371371371371371,0.019107344,0.0,-0.005005005005005,1.0656899,0.918743456011204
2020-09-23,0.5857572718154463,0.022432689,0.0050150451354062,0.0070210631895687,2.7760434,0.9086120591131742
2020-09-24,0.0672016048144433,0.018554881,-0.0010030090270812,-0.0180541624874623,0.27727696,0.9232421997936512
2020-09-25,0.3246492985971944,0.01929508,-0.001002004008016,-0.0210420841683366,0.0666993,0.9176423025447312
2020-09-28,0.1969849246231155,0.024267098,-0.0030150753768844,-0.0281407035175879,0.37734967,0.9201314112311312
2020-09-29,0.6980942828485457,0.022864297,0.0020060180541624,-0.0020060180541624,0.90084505,0.915956099823891
2020-09-30,0.3570712136409227,0.020471796,0.0,-0.0130391173520561,1.7130407,0.9146886547478756
2020-10-09,0.9498997995991983,0.024733106,0.0230460921843687,0.0290581162324649,1.3602388,0.9192846392101268
2020-10-12,0.9529058116232464,0.024511917,0.0160320641282565,0.0380761523046092,1.2212667,0.9210163946681094
2020-10-13,0.4298597194388777,0.020772172,0.0040080160320641,0.033066132264529,1.4194959,0.9104276214927862
2020-10-14,0.220440881763527,0.021966275,0.001002004008016,0.0280561122244488,0.43011865,0.9106132949547684
2020-10-15,0.2665330661322645,0.022889359,0.0,0.0160320641282565,0.21753053,0.9099961326627648
2020-10-16,0.4232698094282848,0.020289203,0.0010030090270812,0.0030090270812437,0.32503688,0.915203422665743
2020-10-19,0.3139418254764293,0.022003228,0.0020060180541624,0.0100300902708124,1.6794956,0.9130694216689602
2020-10-20,0.7151454363089268,0.020611532,0.0060180541624874,0.0180541624874623,1.9405358,0.9126203291320818
2020-10-21,0.1643286573146292,0.022697875,0.0,0.0040080160320641,1.1178979,0.9114886324324736
2020-10-22,0.3106212424849699,0.02171637,0.003006012024048,-0.0090180360721442,1.6127014,0.9121048970840884
2020-10-23,0.1381381381381381,0.021605704,0.0,-0.019019019019019,-0.11397122,0.9148323135549996
2020-10-26,0.41,0.023055395,-0.001,-0.018,0.8551891,0.921004114990874
2020-10-27,0.473,0.022755813,0.003,-0.015,0.6246324,0.9173289977816732
2020-10-28,0.413,0.025266415,0.005,-0.017,1.3972995,0.9239553224673006
2020-10-29,0.348,0.024348717,0.003,-0.029,0.7788155,0.9227841032019268
2020-10-30,0.127,0.027016904,-0.006,-0.072,0.29050374,0.9302668047488868
2020-11-02,0.425,0.02979514,0.006,-0.065,0.55654496,0.930997893523542
2020-11-03,0.88,0.02343323,0.011,0.016,1.3424925,0.918576149220791
2020-11-04,0.31,0.021155654,0.003,0.009,1.2471443,0.9156512418881791
2020-11-05,0.863,0.02359428,0.017,0.032,1.7990414,0.9205804134613834
2020-11-06,0.255,0.023509527,0.006,0.017,0.5715899,0.9117742141260688
2020-11-09,0.902,0.024532845,0.014,0.034,1.4542664,0.92339563331756
2020-11-10,0.255,0.022673853,0.003,0.026,0.79815686,0.913284159915589
2020-11-11,0.253,0.025201099,0.002,0.018,0.38292983,0.9128683967497172
2020-11-12,0.448,0.021996817,0.009,0.018,1.3110743,0.9076535821447383
2020-11-13,0.489,0.021699449,-0.001,0.015,0.35857445,0.9041446873667878
2020-11-16,0.6646646646646647,0.026557434,0.013013013013013,0.035035035035035,0.8784584,0.9134527022559522
2020-11-17,0.279,0.022588333,0.002,0.013,0.8325819,0.9125506551172236
2020-11-18,0.543,0.022112193,0.004,0.021,0.32832938,0.9139177103616078
2020-11-19,0.522,0.024045099,0.004,0.014,0.69780713,0.9177105914693604
2020-11-20,0.545,0.022287652,0.011,0.018,1.6875709,0.9187810970606504
2020-11-23,0.552,0.023820743,0.011,0.035,1.6907603,0.9209517217909908
2020-11-24,0.4014014014014014,0.021363167,0.004004004004004,0.027027027027027,0.9756148,0.9114749349095173
2020-11-25,0.1773547094188376,0.021721262,-0.001002004008016,0.0,0.3591234,0.9240650576258786
2020-11-26,0.305,0.022556072,-0.002,-0.011,1.0999409,0.920543137667
2020-11-27,0.492,0.020477457,-0.003,-0.01,-0.027954202,0.9206898938500724
2020-11-30,0.3703703703703703,0.020557128,0.002002002002002,-0.004004004004004,0.64367056,0.9273873770177912
2020-12-01,0.8218218218218218,0.02014384,0.006006006006006,0.016016016016016,1.0573802,0.9304117103294094
2020-12-02,0.5165165165165165,0.022868741,0.007007007007007,0.011011011011011,0.8162227,0.9221761564765965
2020-12-03,0.3823823823823823,0.021486493,0.001001001001001,0.004004004004004,0.27403003,0.9286456863575516
2020-12-04,0.4744744744744745,0.02214247,0.009009009009009,0.009009009009009,1.3183801,0.9207349621680534
2020-12-07,0.3336673346693387,0.022785923,0.0050100200400801,0.001002004008016,1.0245317,0.9173128685220026
2020-12-08,0.3476953907815631,0.022536345,0.0080160320641282,0.0050100200400801,1.4476913,0.905347253088618
2020-12-09,0.1362725450901803,0.025584994,-0.001002004008016,-0.0180360721442885,1.5220422,0.9181360047586298
2020-12-10,0.4158316633266533,0.023110535,0.0,-0.003006012024048,1.2357961,0.9091193451505852
2020-12-11,0.1653306613226453,0.024559578,-0.0040080160320641,-0.0611222444889779,0.7488907,0.9215908845170095
2020-12-14,0.625250501002004,0.026769247,0.0050100200400801,-0.0230460921843687,0.30156165,0.9066836324799178
2020-12-15,0.4739478957915831,0.023788912,0.0040080160320641,-0.0220440881763527,0.13028686,0.8914058621099897
2020-12-16,0.2567703109327984,0.025710722,0.0010030090270812,-0.0822467402206619,0.5315278,0.8945823889244944
2020-12-17,0.6629889669007021,0.024578009,0.0120361083249749,-0.025075225677031,0.7908725,0.8990821538818863
2020-12-18,0.3306613226452906,0.024794634,0.0080160320641282,-0.0360721442885771,1.045068,0.8861048813179326
2020-12-21,0.6716716716716716,0.025770407,0.021021021021021,0.003003003003003,1.407074,0.8894105434625297
2020-12-22,0.1414242728184553,0.027679684,0.0060180541624874,-0.0942828485456369,1.3139057,0.8974102285677505
2020-12-23,0.5205616850551655,0.028485205,0.0130391173520561,-0.070210631895687,1.2884448,0.8814089157636813
2020-12-24,0.215863453815261,0.0317016,-0.0050200803212851,-0.1415662650602409,0.5349797,0.8993820621823965
2020-12-25,0.6261306532663317,0.028838737,0.0170854271356783,-0.0331658291457286,0.5029512,0.8894265268092794
2020-12-28,0.2751004016064257,0.030003302,0.0100401606425702,-0.1154618473895582,0.840716,0.8914973843978738
2020-12-29,0.5285285285285285,0.03737259,-0.002002002002002,-0.019019019019019,0.18819238,0.8913102274191222
2020-12-30,0.4994994994994995,0.024672631,0.019019019019019,-0.025025025025025,1.2372309,0.888650697495592
2020-12-31,0.7877877877877878,0.024009112,0.021021021021021,0.019019019019019,0.84667116,0.8976611478714751
2021-01-04,0.7317317317317318,0.033226997,0.041041041041041,0.04004004004004,0.74875355,0.9076446374130878
2021-01-05,0.4134134134134134,0.028817093,0.008008008008008,0.001001001001001,0.9307594,0.8958311935556792
2021-01-06,0.254,0.029697899,0.003,-0.034,0.88416,0.894272883516852
2021-01-07,0.178,0.031807084,-0.001,-0.133,1.099644,0.907653789232485
2021-01-08,0.503,0.032901313,0.014,-0.036,0.34601846,0.8989003972725467
2021-01-11,0.2282282282282282,0.035601337,-0.007007007007007,-0.1421421421421421,0.756233,0.8993789134087617
2021-01-12,0.6452905811623246,0.028260713,0.0210420841683366,-0.0541082164328657,1.1403737,0.8950361960397704
2021-01-13,0.281563126252505,0.030787952,0.002004008016032,-0.1613226452905811,0.82201105,0.8960639942850683
2021-01-14,0.6182364729458918,0.03533461,0.0120240480961923,-0.0160320641282565,0.022877734,0.9019345624285168
2021-01-15,0.6703406813627254,0.027766012,0.0110220440881763,0.0060120240480961,-0.21018939,0.8962718325597305
2021-01-18,0.7404809619238477,0.026529854,0.0150300601202404,0.0200400801603206,0.9559402,0.9032538176031668
2021-01-19,0.4874874874874875,0.029911838,0.012012012012012,0.012012012012012,0.9528869,0.9025679053276076
2021-01-20,0.4138276553106212,0.027146183,0.0140280561122244,0.0250501002004008,1.3970767,0.8989958258937584
2021-01-21,0.5851703406813628,0.02698941,0.0200400801603206,0.0310621242484969,1.5362082,0.9010279456357212
2021-01-22,0.2765531062124248,0.031226119,0.0150300601202404,0.0040080160320641,1.3220483,0.8973797279474232
2021-01-25,0.2284569138276553,0.03351634,0.0080160320641282,-0.0781563126252505,1.044556,0.8918011000781513
2021-01-26,0.2932932932932933,0.033594918,0.001001001001001,-0.1001001001001001,0.17193674,0.8903998758908612
2021-01-27,0.4814814814814814,0.030082978,0.012012012012012,-0.05005005005005,0.9551381,0.8888864665285824
2021-01-28,0.2242242242242242,0.02809898,0.001001001001001,-0.1031031031031031,0.49803224,0.8981349642326503
2021-01-29,0.2482482482482482,0.03192046,-0.005005005005005,-0.1821821821821821,0.25052384,0.902460066021742
2021-02-01,0.5855855855855856,0.036291674,-0.001001001001001,-0.1211211211211211,-0.24550883,0.9082807650470478
2021-02-02,0.5521042084168337,0.03094415,0.0160320641282565,-0.0701402805611222,0.9155831,0.8942554560492038
2021-02-03,0.2104208416833667,0.029979866,0.003006012024048,-0.2024048096192384,0.72966444,0.8963698825099033
2021-02-04,0.1773547094188376,0.0299339,-0.002004008016032,-0.2765531062124248,1.0753989,0.905328609788233
2021-02-05,0.2755511022044088,0.032239653,-0.0070140280561122,-0.2364729458917835,0.07188683,0.8966538821191012
2021-02-08,0.526579739217653,0.027971942,0.0100300902708124,-0.1735205616850551,0.6276022,0.898765171759132
2021-02-09,0.8647294589178357,0.025612986,0.0250501002004008,0.0090180360721442,1.285398,0.8976100072318081
2021-02-10,0.618,0.024840495,0.008,0.009,0.8059889,0.8977910282141495
2021-02-18,0.8558558558558559,0.032157745,0.027027027027027,0.025025025025025,-0.37177238,0.9055098057767398
2021-02-19,0.8748748748748749,0.029259589,0.033033033033033,0.027027027027027,0.23097524,0.9183431664494828
2021-02-22,0.6106106106106106,0.033193458,0.02002002002002,0.027027027027027,0.4490402,0.9216471777560188
2021-02-23,0.2872872872872873,0.027545081,0.014014014014014,0.019019019019019,1.2299523,0.9132789304679472
2021-02-24,0.4844844844844845,0.026302297,0.004004004004004,0.012012012012012,0.35537204,0.9109364287726724
2021-02-25,0.2822822822822823,0.024518857,0.012012012012012,0.012012012012012,1.4756303,0.9130628376207264
2021-02-26,0.3610832497492477,0.02552357,0.0030090270812437,0.0030090270812437,0.44818032,0.9164588514259938
2021-03-01,0.9157472417251756,0.025275469,0.0210631895687061,0.0200601805416248,0.7233115,0.9203514471408464
2021-03-02,0.3299899699097292,0.025033437,0.0050150451354062,0.0110330992978936,1.0709851,0.9097915226588216
2021-03-03,0.7775551102204409,0.022448415,0.0180360721442885,0.0220440881763527,1.742987,0.9097949921663891
2021-03-04,0.2447342026078234,0.02623818,0.0070210631895687,0.0070210631895687,0.49126515,0.9092430538093847
2021-03-05,0.6763527054108216,0.025384061,0.0140280561122244,0.0080160320641282,0.29498634,0.9183549599642624
2021-03-08,0.2026078234704112,0.028258929,-0.0010030090270812,0.0020060180541624,0.6328364,0.9220551397265434
2021-03-09,0.1054216867469879,0.030038515,-0.0070281124497991,-0.0120481927710843,1.0378004,0.9292871456621988
2021-03-10,0.2259036144578313,0.02449822,-0.003012048192771,-0.0291164658634538,0.64306146,0.9204779059026278
2021-03-11,0.8965863453815262,0.023076555,0.0150602409638554,0.0060240963855421,1.4670813,0.911781732626932
2021-03-12,0.431726907630522,0.024248231,0.0090361445783132,-0.0050200803212851,0.9647747,0.9036332100235924
2021-03-15,0.4016064257028112,0.026201352,0.0090361445783132,-0.0180722891566265,1.2010399,0.9094063694950116
2021-03-16,0.7271815446339017,0.025391636,0.0130391173520561,0.0030090270812437,0.8658692,0.9067656900425946
2021-03-17,0.5426278836509528,0.025161304,0.0110330992978936,0.0030090270812437,1.5743122,0.9126415303328848
2021-03-18,0.4048096192384769,0.024122298,0.0050100200400801,0.0130260521042084,0.9599691,0.9168328380617196
2021-03-19,0.3466933867735471,0.023694085,0.0100200400801603,-0.001002004008016,1.0309923,0.9191642863487526
2021-03-22,0.8348348348348348,0.024739254,0.018018018018018,0.021021021021021,0.8380093,0.9199994870557704
2021-03-23,0.2875751503006012,0.029965876,-0.001002004008016,0.0060120240480961,0.46499768,0.9184004634270538
2021-03-24,0.2782782782782783,0.02783108,0.002002002002002,-0.006006006006006,0.3921249,0.9156864671351334
2021-03-25,0.4234234234234234,0.02767416,0.003003003003003,-0.006006006006006,0.31009004,0.920604685106486
2021-03-26,0.7807807807807807,0.023438929,0.02002002002002,0.005005005005005,1.8824842,0.917904905301189
2021-03-29,0.4338677354709419,0.02484368,0.0130260521042084,0.0080160320641282,1.2919418,0.9126888466817024
2021-03-30,0.3113113113113113,0.025693674,0.005005005005005,-0.009009009009009,1.0005167,0.9204670208453488
2021-03-31,0.5155155155155156,0.025684755,0.016016016016016,-0.004004004004004,1.369737,0.9189231651745638
2021-04-01,0.5135135135135135,0.023073483,0.014014014014014,0.005005005005005,1.3481681,0.9180742585773018
2021-04-02,0.4834834834834834,0.023151325,0.011011011011011,0.001001001001001,1.169286,0.9141555908430312
2021-04-06,0.6936936936936937,0.022888923,0.02002002002002,0.011011011011011,1.6826613,0.9106445308308032
2021-04-07,0.5685685685685685,0.021325184,0.016016016016016,0.012012012012012,1.5161101,0.917591259996101
2021-04-08,0.3046092184368738,0.025213586,0.0100200400801603,0.0110220440881763,1.2616897,0.90967816081731
2021-04-09,0.4519038076152304,0.022447105,0.0090180360721442,0.0060120240480961,0.80587745,0.9040322789681308
2021-04-12,0.2192192192192192,0.028898258,0.007007007007007,-0.016016016016016,0.4799736,0.9164345764298578
2021-04-13,0.31,0.026170019,0.0,-0.024,0.53905475,0.9170095304179584
2021-04-14,0.7627627627627628,0.023984373,0.017017017017017,-0.005005005005005,1.0660406,0.9107211643964312
2021-04-15,0.4184184184184184,0.024535012,-0.005005005005005,-0.023023023023023,-0.32572442,0.9167723854718556
2021-04-16,0.7787787787787788,0.024166971,0.018018018018018,0.001001001001001,1.0857943,0.9167225391345732
2021-04-19,0.7587587587587588,0.024037529,0.015015015015015,0.009009009009009,0.8729457,0.926260242249826
2021-04-20,0.312625250501002,0.023263073,0.0060120240480961,0.0080160320641282,1.0769141,0.908361115219002
2021-04-21,0.3577154308617234,0.02418915,0.002004008016032,0.0040080160320641,0.5871526,0.9088444600437978
2021-04-22,0.5130260521042084,0.02318149,0.0090180360721442,0.0050100200400801,1.3030597,0.9127458123217675
2021-04-23,0.2565130260521042,0.023569971,0.0050100200400801,-0.0050100200400801,0.8113495,0.907755691301315
2021-04-26,0.3867735470941884,0.027772438,0.002004008016032,-0.0080160320641282,0.38015956,0.9156603816152864
2021-04-27,0.3627254509018036,0.026698213,0.0040080160320641,-0.0260521042084168,0.34968254,0.9220483358690484
2021-04-28,0.5250501002004008,0.029588468,0.0080160320641282,-0.0110220440881763,0.06424728,0.9071917659892996
2021-04-29,0.39656912209889,0.027417032,0.0060544904137235,-0.0131180625630676,0.47841254,0.9064817227314108
2021-04-30,0.3400200601805416,0.031026691,0.0010030090270812,-0.0511534603811434,0.08149935,0.9094819989389556
2021-05-06,0.571715145436309,0.028390126,0.0060180541624874,-0.0240722166499498,-0.0077837347,0.8988954175725339
2021-05-07,0.3963963963963964,0.029765172,0.009009009009009,-0.046046046046046,0.57600904,0.8978989880819149
2021-05-10,0.4934934934934935,0.03155592,0.02002002002002,-0.039039039039039,1.2650303,0.9021601595270684
2021-05-11,0.5655655655655656,0.028626274,0.007007007007007,-0.016016016016016,0.4041213,0.8984070479102535
2021-05-12,0.6916916916916916,0.025487663,0.012012012012012,0.012012012012012,2.1413128,0.9056912409213076
2021-05-13,0.3303303303303303,0.028024672,0.011011011011011,-0.005005005005005,1.7081766,0.9035471580256854
2021-05-14,0.7567567567567568,0.024882944,0.014014014014014,0.002002002002002,1.5765746,0.9133113789146544
2021-05-17,0.3403403403403403,0.027788594,0.0,-0.011011011011011,-0.6062699,0.9162717818823348
2021-05-18,0.5605605605605606,0.02426616,0.014014014014014,-0.001001001001001,1.3501258,0.9032066564530036
2021-05-19,0.3523523523523523,0.025309918,0.005005005005005,-0.002002002002002,2.2665803,0.8930106641050821
2021-05-20,0.3493493493493493,0.026959911,0.006006006006006,0.001001001001001,1.154963,0.8946448921519095
2021-05-21,0.4674674674674675,0.022493629,0.008008008008008,-0.002002002002002,1.2916592,0.8936889747197616
2021-05-24,0.6526526526526526,0.02674482,0.013013013013013,0.01001001001001,1.2957727,0.9057265199771956
2021-05-25,0.6663326653306614,0.023956606,0.0140280561122244,0.0190380761523046,1.9476898,0.8998572844700659
2021-05-26,0.6072144288577155,0.022906998,0.0130260521042084,0.0200400801603206,1.6808313,0.9053589914629344
2021-05-27,0.624248496993988,0.025617056,0.0150300601202404,0.0240480961923847,2.0837348,0.902042003078143
2021-05-28,0.2955911823647295,0.026424402,0.0080160320641282,0.0190380761523046,2.1047025,0.8956842233513002
2021-05-31,0.6703406813627254,0.02683524,0.0170340681362725,0.0300601202404809,1.7186544,0.8941574060990309
2021-06-01,0.6399197592778335,0.02519594,0.0140421263791374,0.0260782347041123,1.2768644,0.8997508549482546
2021-06-02,0.2617853560682046,0.027691163,0.0040120361083249,0.0110330992978936,0.9242223,0.8970102371832204
2021-06-03,0.4178356713426853,0.026818331,0.0180360721442885,0.0160320641282565,1.7189484,0.8928625253134029
2021-06-04,0.4268537074148296,0.026246253,0.0090180360721442,0.0190380761523046,1.2558749,0.889790109409958
2021-06-07,0.6302605210420842,0.029729418,0.0170340681362725,0.033066132264529,1.3075552,0.8927804257424483
2021-06-08,0.4098196392785571,0.027390262,0.0,0.0100200400801603,1.1085955,0.8851192031216526
2021-06-09,0.4594594594594595,0.024854304,0.016016016016016,0.017017017017017,1.6532984,0.8893550359068857
2021-06-10,0.5445445445445446,0.03158576,0.019019019019019,0.012012012012012,2.0151386,0.8957468966334885
2021-06-11,0.3203203203203203,0.030305773,0.013013013013013,0.014014014014014,1.7191498,0.889329560424258
2021-06-15,0.3376753507014028,0.03192808,0.0080160320641282,-0.003006012024048,1.4215858,0.8876890094565706
2021-06-16,0.2555110220440881,0.031958636,0.002004008016032,-0.0180360721442885,1.0502968,0.8841489229105054
2021-06-17,0.5741482965931863,0.028813161,0.0110220440881763,-0.0130260521042084,1.8028996,0.8696378755312247
2021-06-18,0.6218655967903711,0.026909947,0.0170511534603811,0.0100300902708124,0.9919496,0.8901605919009999
2021-06-21,0.6315261044176707,0.031069346,0.0240963855421686,0.0180722891566265,1.7624137,0.8934919683449414
2021-06-22,0.5230923694779116,0.02698941,0.0150602409638554,0.0251004016064257,1.4529427,0.8947966188115998
2021-06-23,0.4839357429718876,0.02637002,0.0120481927710843,0.0251004016064257,2.0562804,0.8976795724077836
2021-06-24,0.32429718875502,0.029867247,0.0130522088353413,0.0080321285140562,1.2971947,0.9027305430243464
2021-06-25,0.4989979959919839,0.02597364,0.0130260521042084,0.0140280561122244,1.0113388,0.8842843285107089
2021-06-28,0.5430861723446894,0.031070512,0.0200400801603206,0.0270541082164328,1.5800742,0.8969939497279754
2021-06-29,0.2492492492492492,0.02895632,0.011011011011011,0.017017017017017,1.8502903,0.8864624294810494
2021-06-30,0.6036036036036037,0.026810016,0.009009009009009,0.026026026026026,1.4072447,0.8844034029393495
2021-07-01,0.2482482482482482,0.032734554,0.009009009009009,0.009009009009009,0.72689486,0.8970711384553886
2021-07-02,0.320962888665998,0.028174443,0.0070210631895687,-0.0060180541624874,1.3047153,0.8854738834563975
2021-07-05,0.6700100300902708,0.032560673,0.0200601805416248,0.0280842527582748,1.5632645,0.8819517217516659
2021-07-06,0.4959919839679358,0.028153317,0.0070140280561122,0.0200400801603206,0.6215757,0.8747124437974954
2021-07-07,0.5260521042084169,0.028706184,0.0140280561122244,0.0360721442885771,1.9821543,0.8816292463388448
2021-07-08,0.3597194388777555,0.031362068,0.0100200400801603,0.0060120240480961,1.39179,0.8886664017415684
2021-07-09,0.5741482965931863,0.028708732,0.0150300601202404,0.0180360721442885,1.1197512,0.8827811951548545
2021-07-12,0.6963927855711423,0.031863756,0.0160320641282565,0.0551102204408817,1.8286176,0.8866159839455239
2021-07-13,0.6022044088176353,0.029470958,0.0160320641282565,0.0410821643286573,1.0952067,0.883415274515726
2021-07-14,0.2835671342685371,0.02981161,0.0040080160320641,0.0050100200400801,0.72107977,0.8835711186970923
2021-07-15,0.3356713426853707,0.031093834,0.002004008016032,-0.0070140280561122,0.3683883,0.8867130672060471
2021-07-16,0.4224224224224224,0.029776366,0.009009009009009,-0.013013013013013,1.1566024,0.879726822337094
2021-07-19,0.4128256513026052,0.03278703,0.0090180360721442,-0.0370741482965931,0.9042452,0.8841297272160349
2021-07-20,0.5165496489468405,0.027026024,0.0130391173520561,-0.0040120361083249,1.7047021,0.888021618635625
2021-07-21,0.6589769307923772,0.030807085,0.0230692076228686,0.0381143430290872,2.0125473,0.8878274239233842
2021-07-22,0.5195586760280843,0.033158995,0.0140421263791374,0.0310932798395185,1.9398776,0.8889236019701119
2021-07-23,0.2988966900702106,0.033171028,0.0100300902708124,-0.0210631895687061,1.3002101,0.8963904991506283
2021-07-26,0.2585170340681362,0.034309812,0.0040080160320641,-0.0741482965931863,0.88083243,0.8987739706191771
2021-07-27,0.2202202202202202,0.034185965,-0.016016016016016,-0.1171171171171171,0.28864232,0.8895640867507788
2021-07-28,0.2202202202202202,0.036959235,-0.003003003003003,-0.1491491491491491,0.83055997,0.8971372780552728
2021-07-29,0.8678678678678678,0.033014722,0.032032032032032,-0.002002002002002,1.33803,0.8844784486022662
2021-07-30,0.6066066066066066,0.035260506,0.026026026026026,0.0,0.9125529,0.8800127829036082
2021-08-02,0.8006012024048096,0.035441194,0.0270541082164328,0.0380761523046092,0.6894002,0.8880853522129032
2021-08-03,0.4204204204204204,0.039746974,0.008008008008008,0.021021021021021,0.5432218,0.8976699848952593
2021-08-04,0.613,0.03371984,0.03,0.048,1.9085125,0.8886056512148577
2021-08-05,0.3,0.030298093,0.005,0.023,1.2604959,0.8904449355506795
2021-08-06,0.432,0.031367775,0.013,0.007,1.6435583,0.8811027931272313
2021-08-09,0.667,0.032539766,0.027,0.031,0.5527702,0.8880669469567698
2021-08-10,0.664,0.027038176,0.012,0.048,0.7000607,0.8931679323303817
2021-08-11,0.487,0.031659834,0.03,0.046,1.6452434,0.897319213298205
2021-08-12,0.497,0.03106043,0.021,0.057,1.8436161,0.8951478982753761
2021-08-13,0.399,0.02808151,0.012,0.056,0.8984313,0.891225035092024
2021-08-16,0.469,0.032933164,0.006,0.029,0.2744896,0.8980254515432713
2021-08-17,0.12,0.027940376,-0.006,-0.019,0.85330105,0.913502430400478
2021-08-18,0.6466466466466466,0.02979056,0.013013013013013,-0.003003003003003,0.74627703,0.9044943765125456
2021-08-19,0.43,0.030502006,0.007,0.01,1.0750831,0.8911907965845904
2021-08-20,0.38,0.028791975,0.011,-0.015,1.138231,0.8923963924158956
2021-08-23,0.8168168168168168,0.03317143,0.034034034034034,0.035035035035035,1.1560421,0.8943068069529185
2021-08-24,0.5035035035035035,0.028571075,0.014014014014014,0.04004004004004,0.8809352,0.8868080399581064
2021-08-25,0.5745745745745746,0.030834878,0.018018018018018,0.049049049049049,1.1862694,0.8903842730207424
2021-08-26,0.3253253253253253,0.03071095,0.002002002002002,0.009009009009009,0.8069444,0.8940801511007055
2021-08-27,0.4014014014014014,0.031597283,0.012012012012012,0.008008008008008,0.77214587,0.8923757101383435
2021-08-30,0.476,0.034870945,0.022,0.014,0.87176096,0.8909204780460624
2021-08-31,0.4614614614614614,0.035682373,0.019019019019019,0.029029029029029,0.59830666,0.8922984552194807
2021-09-01,0.5105105105105106,0.04018615,-0.001001001001001,0.014014014014014,-0.15167136,0.8901932414206591
2021-09-02,0.5785785785785785,0.033248454,0.032032032032032,0.051051051051051,0.9872372,0.8988642258125851
2021-09-03,0.5245245245245245,0.033465076,0.001001001001001,0.03003003003003,-0.06115905,0.8933666995086345
2021-09-06,0.6983967935871743,0.030853761,0.0110220440881763,0.0300601202404809,0.8836992,0.8966464247989473
2021-09-07,0.6626626626626627,0.02945242,0.037037037037037,0.054054054054054,1.7309296,0.8952069406724291
2021-09-08,0.5895895895895896,0.030854098,0.018018018018018,0.058058058058058,1.1396159,0.8969289176038628
2021-09-09,0.4384384384384384,0.028722873,0.017017017017017,0.058058058058058,0.63888997,0.901052562866376
2021-09-10,0.3493493493493493,0.030113291,0.015015015015015,0.036036036036036,1.8190953,0.8939263316554632
2021-09-13,0.526,0.03329103,0.015,0.06,0.4571086,0.8871264234410793
2021-09-14,0.283,0.032289598,0.008,0.031,1.470015,0.8829026617619551
2021-09-15,0.547,0.028815018,0.015,0.035,1.1632673,0.8733387283619259
2021-09-16,0.1953907815631262,0.029807525,-0.0080160320641282,-0.0090180360721442,0.025913881,0.8852430084460611
2021-09-17,0.3847695390781563,0.02858415,0.003006012024048,0.0110220440881763,0.4432954,0.8792397276235757
2021-09-22,0.4989979959919839,0.03171744,0.0160320641282565,0.0220440881763527,0.8051244,0.8823983170043557
2021-09-23,0.6700100300902708,0.03152377,0.0140421263791374,0.0351053159478435,0.60528314,0.886518888572197
2021-09-24,0.2196589769307923,0.032181244,-0.0130391173520561,0.0030090270812437,0.6435241,0.8846850192323839
2021-09-27,0.2118473895582329,0.03795438,-0.0481927710843373,-0.0271084337349397,0.36538196,0.8993102300851269
2021-09-28,0.518555667001003,0.028258726,0.0080240722166499,-0.0120361083249749,0.5412201,0.885351786638744
2021-09-29,0.0651955867602808,0.025559021,-0.0160481444332999,-0.070210631895687,0.1275083,0.8845690686911846
2021-09-30,0.8857715430861723,0.026367856,0.0170340681362725,-0.001002004008016,1.3401655,0.8756499256098171
2021-10-08,0.7384769539078156,0.033310007,0.0090180360721442,0.0090180360721442,0.09758061,0.8914416986762853
2021-10-11,0.45,0.028950075,-0.004,0.006,-0.21785639,0.8975960205861256
2021-10-12,0.139,0.02571703,-0.004,-0.01,0.89703083,0.8945437542893707
2021-10-13,0.62,0.028208653,0.002,-0.002,-0.055663172,0.8903199235809977
2021-10-14,0.547,0.024914255,0.015,0.001,1.0693666,0.8889611518464765
2021-10-15,0.33,0.029276893,0.002,-0.016,1.1152308,0.8898346479615258
2021-10-18,0.614,0.030427128,0.015,-0.014,0.45629007,0.880481046682767
2021-10-19,0.57,0.024777245,0.015,0.005,1.5292512,0.877957889578509
2021-10-20,0.412,0.02513491,0.003,-0.008,0.6061557,0.8740393752378348
2021-10-21,0.327,0.02550637,0.01,-0.031,1.6220373,0.8742419070539843
2021-10-22,0.3483483483483483,0.02830082,0.007007007007007,-0.014014014014014,0.8151268,0.8753754856336431
2021-10-25,0.5875875875875876,0.029679107,0.016016016016016,-0.024024024024024,1.2320896,0.87780918817594
2021-10-26,0.3783783783783784,0.02459583,0.004004004004004,-0.034034034034034,0.4518018,0.8727291422065407
2021-10-27,0.218436873747495,0.028739389,0.001002004008016,-0.1062124248496994,0.69738346,0.882777604593299
2021-10-28,0.213,0.035257332,-0.007,-0.14,0.6138588,0.8815203510535734
2021-10-29,0.782,0.029149128,0.011,-0.001,-0.121338956,0.8791093664787095
2021-11-01,0.706,0.032445073,0.021,-0.001,0.7570311,0.8857139469509466
2021-11-02,0.268,0.030846879,0.003,-0.057,0.8125196,0.8948331249005835
2021-11-03,0.659,0.025278933,0.01,0.004,0.9655191,0.8899566226442579
2021-11-04,0.746,0.026912723,0.017,0.019,0.631755,0.8853453997912937
2021-11-05,0.359,0.030656138,-0.006,-0.002,0.5906456,0.8931456358830006
2021-11-08,0.482,0.029246967,0.011,0.001,1.5317755,0.8897895028327727
2021-11-09,0.7167167167167167,0.025003675,0.016016016016016,0.027027027027027,1.87818,0.8880258232591072
2021-11-10,0.6296296296296297,0.026447197,0.011011011011011,0.029029029029029,1.679292,0.8937254964821194
2021-11-11,0.625250501002004,0.027603947,0.0170340681362725,0.0300601202404809,1.7827215,0.899724157495465
2021-11-12,0.6212424849699398,0.030047324,0.033066132264529,0.0551102204408817,1.8693874,0.9032558890809872
2021-11-15,0.6352705410821643,0.032122638,0.0050100200400801,0.0250501002004008,0.15166508,0.9075162975145196
2021-11-16,0.2925851703406814,0.028256722,0.0130260521042084,0.0150300601202404,1.2687583,0.9127089400165618
2021-11-17,0.718436873747495,0.0277531,0.0290581162324649,0.0310621242484969,1.7324371,0.9002224169605687
2021-11-18,0.314629258517034,0.030773388,0.0150300601202404,0.0210420841683366,1.40683,0.8955314863866647
2021-11-19,0.6913827655310621,0.02581031,0.0160320641282565,0.032064128256513,1.3935952,0.8934671206399618
2021-11-22,0.5861723446893787,0.028935473,0.0260521042084168,0.0460921843687374,2.0218778,0.8943677991963385
2021-11-23,0.4724724724724725,0.025817472,0.011011011011011,0.035035035035035,1.760052,0.8914541052126074
2021-11-24,0.4739478957915831,0.027077662,0.0140280561122244,0.0280561122244488,2.0200267,0.8953538226389219
2021-11-25,0.404,0.028320532,0.011,0.023,0.5966828,0.9008559958926944
2021-11-26,0.38,0.027411738,0.013,0.019,1.9275622,0.8997558077243952
2021-11-29,0.375,0.031868935,0.022,0.039,1.3563255,0.9034646112070386
2021-11-30,0.665,0.028905194,0.018,0.04,1.3111091,0.9091110657051266
2021-12-01,0.633,0.028285742,0.014,0.027,0.7866808,0.9067887146857964
2021-12-02,0.217,0.027891066,0.013,0.017,2.0519023,0.9130772102275126
2021-12-03,0.628,0.026319949,0.007,0.023,0.5783229,0.9051209680333868
2021-12-06,0.211,0.027341623,0.006,0.008,1.3487979,0.9146525957449504
2021-12-07,0.343,0.029010713,0.003,0.008,0.24353147,0.9107426410311346
2021-12-08,0.753,0.023103235,0.017,0.017,1.544244,0.9117853278351348
2021-12-09,0.574,0.025130505,0.01,0.01,1.434375,0.920098313187359
2021-12-10,0.401,0.023809249,0.01,0.011,1.5880615,0.911796441544201
2021-12-13,0.572,0.027052552,0.023,0.017,2.4325504,0.9193494838957472
2021-12-14,0.526,0.029224664,0.023,0.022,1.7331105,0.91838459305521
2021-12-15,0.429,0.024911273,0.012,0.026,1.1610241,0.91677973204851
2021-12-16,0.651,0.024440443,0.018,0.032,2.0304728,0.9185295544778118
2021-12-17,0.271,0.02517757,0.013,0.026,1.0560627,0.9191134038646528
2021-12-20,0.295,0.029752307,0.009,0.016,0.74794656,0.9235377645409584
2021-12-21,0.804,0.02621316,0.021,0.022,0.82272553,0.9278496765708744
2021-12-22,0.589,0.028149996,0.018,0.031,1.3585554,0.9223307881246762
2021-12-23,0.365,0.028570978,0.016,0.033,1.0732652,0.912573365740098
2021-12-24,0.253,0.030179884,0.0,0.014,0.61608446,0.9160098488359966
2021-12-27,0.554,0.029101482,0.017,0.016,0.20473878,0.922943974942282
2021-12-28,0.592,0.028261462,0.018,0.018,1.4803932,0.921811619144015
2021-12-29,0.3983983983983984,0.026041212,0.016016016016016,0.022022022022022,1.0263807,0.919333534466539
2021-12-30,0.6536536536536537,0.027658425,0.024024024024024,0.04004004004004,1.552928,0.924510442501322
2021-12-31,0.6346346346346347,0.02620248,0.011011011011011,0.048048048048048,1.2422018,0.9243576586448042
2022-01-04,0.656312625250501,0.03417063,0.0080160320641282,0.0400801603206412,-0.14984311,0.92974139019902
2022-01-05,0.1953907815631262,0.029543588,-0.001002004008016,0.0160320641282565,0.56566346,0.9359386994440304
2022-01-06,0.6392785571142284,0.025359454,0.0150300601202404,0.0220440881763527,0.81469715,0.9287637907662402
2022-01-07,0.1903807615230461,0.027255878,0.0,0.0110220440881763,0.80334103,0.933645090151853
2022-01-10,0.6429287863590772,0.02912412,0.0120361083249749,0.0180541624874623,1.2565508,0.9341041205333674
2022-01-11,0.2998996990972918,0.02548131,0.0060180541624874,0.0090270812437311,0.49668154,0.9296669923483803
2022-01-12,0.7362086258776329,0.026560107,0.0170511534603811,0.0110330992978936,1.7146449,0.9228904117907512
2022-01-13,0.2324649298597194,0.02762247,0.0040080160320641,0.0110220440881763,0.84168893,0.9287126943133333
2022-01-14,0.4302908726178535,0.033968013,0.0170511534603811,0.0220661985957873,1.7100229,0.931004394481117
2022-01-17,0.7274549098196392,0.03559151,0.0270541082164328,0.0420841683366733,0.7010215,0.9281672051539208
2022-01-18,0.3493493493493493,0.031981166,0.002002002002002,0.017017017017017,0.26440108,0.9210029034907578
2022-01-19,0.3743743743743744,0.029460778,0.008008008008008,0.017017017017017,0.8616904,0.9235685400365816
2022-01-20,0.1211211211211211,0.027833434,0.008008008008008,0.003003003003003,1.79632,0.9227328199357476
2022-01-21,0.2482482482482482,0.029939774,-0.008008008008008,-0.009009009009009,-0.07692127,0.9191619028952316
2022-01-24,0.434,0.029385755,0.006,-0.009,0.17066814,0.9155505972433442
2022-01-25,0.044,0.025255356,-0.017,-0.055,0.30553907,0.9345968714712524
2022-01-26,0.6366366366366366,0.026052125,0.005005005005005,-0.03003003003003,0.046860527,0.9259159435184868
2022-01-27,0.059,0.025890598,-0.012,-0.094,0.024140563,0.9321138203605804
2022-01-28,0.645,0.027729414,0.002,-0.025,0.27062893,0.928897609597788
2022-02-07,0.733,0.0329265,0.011,-0.016,-0.6909595,0.9340191656875596
2022-02-08,0.7257257257257257,0.02680093,0.012012012012012,0.002002002002002,-0.1890895,0.9288258787956498
2022-02-09,0.8088088088088088,0.0261567,0.015015015015015,0.002002002002002,1.724111,0.9201393605728534
2022-02-10,0.3703703703703703,0.025573047,0.015015015015015,0.001001001001001,0.8196565,0.915355354900222
2022-02-11,0.1231231231231231,0.026003288,0.007007007007007,-0.021021021021021,1.2569705,0.915826271612968
2022-02-14,0.3863863863863864,0.025614915,0.012012012012012,-0.026026026026026,0.42231,0.917979812885609
2022-02-15,0.6322645290581163,0.026089853,0.0050100200400801,-0.003006012024048,0.8142705,0.9120567697493908
2022-02-16,0.718436873747495,0.020649986,0.0070140280561122,0.001002004008016,0.5378838,0.9095236285718966
2022-02-17,0.3797595190380761,0.023708334,0.003006012024048,-0.0050100200400801,0.978112,0.8986360792455889
2022-02-18,0.6506506506506506,0.023262931,0.01001001001001,0.001001001001001,1.9463266,0.9047795086080802
2022-02-21,0.7307307307307307,0.02643842,0.023023023023023,0.023023023023023,1.908399,0.912302853575292
2022-02-22,0.196,0.025642328,0.011,0.002,2.0177631,0.9046334144487024
2022-02-23,0.806,0.02762551,0.013,0.02,1.0684651,0.9001311887796851
2022-02-24,0.139,0.029345302,0.0,-0.025,1.793893,0.916058721544188
2022-02-25,0.708,0.022854885,0.003,0.003,0.609007,0.9086122603528786
2022-02-28,0.529,0.025795719,0.004,-0.007,1.6232595,0.9049085650346506
2022-03-01,0.598,0.021224415,0.006,0.003,0.66109955,0.897999841691945
2022-03-02,0.457,0.018164981,0.002,0.0,0.6723306,0.901473531552978
2022-03-03,0.348,0.024334319,0.005,-0.014,0.7383049,0.9108330693471386
2022-03-04,0.213,0.023095028,0.006,-0.025,0.8984087,0.9140849682315908
2022-03-07,0.146,0.024632592,0.003,-0.075,0.9639184,0.9215747797911832
2022-03-08,0.094,0.028648803,-0.006,-0.137,1.107633,0.9115549082024468
2022-03-09,0.248,0.02847605,0.004,-0.18,0.7548525,0.9207525724080352
2022-03-10,0.786,0.027913922,0.016,-0.03,1.1414658,0.9048675616608288
2022-03-11,0.658,0.025900094,0.011,-0.01,0.995435,0.9052024225470392
2022-03-14,0.089,0.025534729,0.003,-0.111,2.1903198,0.9066936614101188
2022-03-15,0.04,0.025771925,-0.035,-0.287,1.307134,0.9234275248305324
2022-03-16,0.903,0.02655655,0.022,-0.009,0.39040744,0.9123180265485722
2022-03-17,0.845,0.026497534,0.021,0.007,0.88976324,0.9032025761783736
2022-03-18,0.692,0.026314314,0.019,0.007,1.3654535,0.901870311675414
2022-03-21,0.659,0.024884786,0.02,0.013,1.4596822,0.9040702738365188
2022-03-22,0.385,0.02590247,0.016,0.008,1.0111248,0.8962112938540339
2022-03-23,0.557,0.025693016,0.018,0.004,1.5576848,0.9052887091081117
2022-03-24,0.211,0.024911763,0.011,-0.011,1.5953896,0.8990235454525094
2022-03-25,0.298,0.02456963,0.004,-0.021,0.549764,0.9000166002265808
2022-03-28,0.374,0.026092589,0.008,-0.024,0.9103609,0.905980865386411
2022-03-29,0.272,0.025072755,0.006,-0.054,1.1486826,0.9006276471374719
2022-03-30,0.855,0.024579177,0.017,0.0,0.6585911,0.9113397440337564
2022-03-31,0.3493493493493493,0.027121875,0.003003003003003,-0.01001001001001,0.82330406,0.9027364991719892
2022-04-01,0.4374374374374374,0.026054114,0.011011011011011,-0.016016016016016,0.63673395,0.912117414154322
2022-04-06,0.6128385155466399,0.027957395,0.0140421263791374,-0.0180541624874623,0.40212208,0.923214645138536
2022-04-07,0.1163490471414242,0.026355188,0.0030090270812437,-0.0722166499498495,1.319446,0.9155230290413654
2022-04-08,0.3076152304609218,0.02922085,0.0170340681362725,-0.1052104208416833,1.1469266,0.9070745893939168
2022-04-11,0.1072144288577154,0.031554155,-0.0080160320641282,-0.2104208416833667,1.1841886,0.9147729605169612
2022-04-12,0.7935871743486974,0.027103141,0.0130260521042084,-0.0130260521042084,0.38456568,0.9088188427680836
2022-04-13,0.1643286573146292,0.030686356,-0.002004008016032,-0.1382765531062124,1.0195906,0.904626033560762
2022-04-14,0.7247247247247247,0.026675181,0.017017017017017,-0.04004004004004,0.6928061,0.9048914902688446
2022-04-15,0.2344689378757515,0.029547375,0.001002004008016,-0.1422845691382765,0.7300964,0.906345014905518
2022-04-18,0.5827482447342026,0.02910972,0.0140421263791374,-0.0441323971915747,0.5927435,0.9133898567560148
2022-04-19,0.5687061183550652,0.023580475,0.0060180541624874,-0.0491474423269809,0.42104846,0.9092073501585212
2022-04-20,0.2334669338677354,0.026166283,0.0050100200400801,-0.096192384769539,0.41809285,0.9146405930842278
2022-04-21,0.0380761523046092,0.023834528,-0.0080160320641282,-0.2855711422845691,1.5995909,0.9268190183390438
2022-04-22,0.2738214643931795,0.030430542,-0.0100300902708124,-0.2928786359077232,-0.45777002,0.9265087730808852
2022-04-25,0.0210631895687061,0.030673744,-0.2296890672016048,-0.5255767301905717,1.7674516,0.9453040174187832
2022-04-26,0.179718875502008,0.0390653,-0.0331325301204819,-0.5220883534136547,0.8610774,0.934525708563554
2022-04-27,0.9096385542168676,0.03804641,0.0562248995983935,-0.0431726907630522,-0.06707893,0.9307195743788076
2022-04-28,0.257286432160804,0.0353485,-0.0070351758793969,-0.1839195979899497,0.19299866,0.9098027320709514
2022-04-29,0.9578313253012049,0.029438205,0.0441767068273092,-0.003012048192771,0.1307975,0.9213992906887584
2022-05-05,0.7774420946626385,0.029581884,0.0352467270896273,-0.0050352467270896,0.640083,0.9244217040631612
2022-05-06,0.253012048192771,0.027950082,0.0060240963855421,-0.0190763052208835,1.102203,0.9191126816385604
2022-05-09,0.7683049147442327,0.026990367,0.0310932798395185,-0.0030090270812437,1.0123011,0.9213333320692388
2022-05-10,0.8044132397191575,0.026144907,0.0210631895687061,0.0030090270812437,0.9217273,0.9180251160325448
2022-05-11,0.4914744232698094,0.027061658,0.0130391173520561,0.0,1.1578413,0.916815818875344
2022-05-12,0.6683366733466933,0.021754935,0.0090180360721442,-0.003006012024048,0.7690459,0.9086333074046228
2022-05-13,0.564128256513026,0.024651686,0.0200400801603206,0.003006012024048,1.3884274,0.9076573651540992
2022-05-16,0.4258517034068136,0.025296416,0.0170340681362725,0.003006012024048,1.2704328,0.913258848328658
2022-05-17,0.4594594594594595,0.026045011,0.01001001001001,-0.002002002002002,0.8444178,0.8988163125742555
2022-05-18,0.5495495495495496,0.023573572,0.01001001001001,0.001001001001001,1.238717,0.915633306913932
2022-05-19,0.5435435435435435,0.023214351,0.01001001001001,-0.001001001001001,1.5281602,0.905164057221186
2022-05-20,0.7937937937937938,0.022551354,0.018018018018018,0.0,1.255266,0.9074035523579772
2022-05-23,0.7527527527527528,0.022664465,0.016016016016016,0.002002002002002,1.0757444,0.9078527217075044
2022-05-24,0.043043043043043,0.024598068,-0.002002002002002,-0.006006006006006,1.9483919,0.912885682909554
2022-05-25,0.8698698698698699,0.023367276,0.023023023023023,0.002002002002002,0.7422725,0.9040213886223504
2022-05-26,0.6196196196196196,0.022608837,0.014014014014014,0.003003003003003,0.9880574,0.9152483440653364
2022-05-27,0.3453453453453453,0.022235684,0.011011011011011,0.002002002002002,1.5921444,0.9117675232438696
2022-05-30,0.6796796796796797,0.025606256,0.018018018018018,0.003003003003003,0.950459,0.9196854965544408
2022-05-31,0.742,0.024437536,0.011,0.004,0.91119194,0.9234095772258292
2022-06-01,0.591,0.023549762,0.011,0.0,1.1942604,0.9296280080799546
2022-06-02,0.623,0.0280893,0.012,0.001,1.0849664,0.9266204037072108
2022-06-06,0.811,0.026682867,0.015,0.006,0.99476975,0.916555110872726
2022-06-07,0.3703703703703703,0.02430541,0.009009009009009,0.008008008008008,1.1125656,0.9144442439402296
2022-06-08,0.3533533533533533,0.02266229,0.012012012012012,0.007007007007007,1.7350326,0.9061282593631316
2022-06-09,0.1372745490981964,0.023745246,0.0050100200400801,0.0040080160320641,1.293103,0.9054983328709972
2022-06-10,0.8648648648648649,0.022695133,0.02002002002002,0.015015015015015,1.7429817,0.9050531801883946
2022-06-13,0.5575575575575575,0.02704842,0.014014014014014,0.018018018018018,1.2666684,0.9007020506026887
2022-06-14,0.4084084084084084,0.024001135,0.006006006006006,0.013013013013013,0.9543905,0.9064147722436322
2022-06-15,0.4884884884884884,0.025341826,0.007007007007007,0.006006006006006,1.072714,0.9105214338510604
2022-06-16,0.6396396396396397,0.025415162,0.01001001001001,0.006006006006006,0.6375912,0.9143644345691794
2022-06-17,0.5375375375375375,0.025644725,0.012012012012012,0.011011011011011,1.4908665,0.9011302320207286
2022-06-20,0.7027027027027027,0.029010518,0.015015015015015,0.014014014014014,0.31209013,0.9091883550053762
2022-06-21,0.3263263263263263,0.025164016,0.005005005005005,0.006006006006006,0.60292256,0.9210985918889202
2022-06-22,0.1963927855711423,0.025177075,0.0080160320641282,0.0080160320641282,1.4851547,0.9205617743357586
2022-06-23,0.8588588588588588,0.026679931,0.022022022022022,0.012012012012012,1.3823718,0.9141358456180136
2022-06-24,0.6526526526526526,0.026730394,0.019019019019019,0.016016016016016,0.69414425,0.917682667960868
2022-06-27,0.573,0.029742261,0.02,0.013,1.7551305,0.9128799246342764
2022-06-28,0.7177177177177178,0.026480477,0.02002002002002,0.013013013013013,0.75927293,0.9155193231149664
2022-06-29,0.156469408224674,0.031749636,-0.0010030090270812,0.0010030090270812,0.66143036,0.91650954094192
2022-06-30,0.6536536536536537,0.024876904,0.007007007007007,0.013013013013013,0.9665461,0.9138724608856978
2022-07-01,0.4074074074074074,0.025629487,0.008008008008008,0.01001001001001,0.887865,0.9171182030666574
2022-07-04,0.5875875875875876,0.03037924,0.017017017017017,0.016016016016016,0.7901241,0.918077365343476
2022-07-05,0.2702702702702703,0.026950162,0.002002002002002,0.009009009009009,0.96471,0.9190067026650232
2022-07-06,0.2402402402402402,0.025985882,0.006006006006006,0.007007007007007,0.7300656,0.9157272693308868
2022-07-07,0.6006006006006006,0.02729488,0.021021021021021,0.018018018018018,1.260994,0.9120761977230788
2022-07-08,0.4544544544544545,0.028169652,0.014014014014014,0.006006006006006,0.757251,0.9144010944100338
2022-07-11,0.2572572572572572,0.026907692,0.0,0.004004004004004,1.0120267,0.9133528715028908
2022-07-12,0.18937875751503,0.026160691,0.0040080160320641,0.001002004008016,0.97034734,0.9101178665093528
2022-07-13,0.6643286573146293,0.02513973,0.0100200400801603,0.001002004008016,0.797881,0.8998336696229116
2022-07-14,0.5871743486973948,0.032652207,0.0080160320641282,0.0070140280561122,0.8882249,0.9045370290637388
2022-07-15,0.2382382382382382,0.032204103,0.003003003003003,-0.008008008008008,1.1927632,0.9119791285399502
2022-07-18,0.8028028028028028,0.027098702,0.009009009009009,0.012012012012012,0.707899,0.912577353626586
2022-07-19,0.6856856856856857,0.02742525,0.013013013013013,0.004004004004004,1.2103106,0.9171657020694972
2022-07-20,0.7077077077077077,0.025334623,0.018018018018018,0.018018018018018,1.6398021,0.9135858099267004
2022-07-21,0.3423423423423423,0.02732413,0.014014014014014,0.011011011011011,1.3398294,0.9098029423938624
2022-07-22,0.3113113113113113,0.021963129,0.009009009009009,0.008008008008008,1.3628693,0.9200212344189892
2022-07-25,0.3073073073073073,0.0283056,0.004004004004004,0.006006006006006,0.79814494,0.9132662272462576
2022-07-26,0.75,0.022315882,0.01,0.012,1.0420223,0.9096577083268332
2022-07-27,0.5965965965965966,0.02665648,0.017017017017017,0.019019019019019,1.3996029,0.9148960367811928
2022-07-28,0.6416416416416416,0.025204733,0.014014014014014,0.026026026026026,1.3151805,0.919564608830644
2022-07-29,0.2982982982982983,0.024781605,0.008008008008008,0.019019019019019,1.2179011,0.9220554758705444
2022-08-01,0.5465465465465466,0.02633485,0.011011011011011,0.024024024024024,1.7122641,0.9213674997611012
2022-08-02,0.0980980980980981,0.030027673,0.006006006006006,-0.016016016016016,2.0835695,0.9366113657887076
2022-08-03,0.371,0.027936798,0.002,-0.023,0.60215837,0.921995927238466
2022-08-04,0.725,0.023667939,0.008,0.005,0.10190305,0.920073048482277
2022-08-05,0.782,0.031106759,0.016,0.013,1.2472923,0.9147221772277992
2022-08-08,0.661,0.025484713,0.017,0.021,1.4695367,0.9110216572550188
2022-08-09,0.426,0.023387576,0.005,0.02,1.472292,0.9106536623293566
2022-08-10,0.416,0.02316676,0.012,0.017,1.579073,0.9055642738695528
2022-08-11,0.79,0.02501617,0.012,0.015,0.7197179,0.9213476045331914
2022-08-12,0.399,0.024918925,0.005,0.008,0.32561967,0.9255427190740396
2022-08-15,0.48,0.02534516,0.011,0.01,1.1917979,0.920881519044902
2022-08-16,0.559,0.02338615,0.01,0.013,1.2043515,0.9176389391090456
2022-08-17,0.524,0.024059137,0.011,0.017,1.5699399,0.9145683800613434
2022-08-18,0.39,0.026592065,0.011,0.025,1.4803095,0.9183367557857514
2022-08-19,0.237,0.025916623,0.002,0.009,0.42653257,0.9200976228948704
2022-08-22,0.62,0.024668846,0.006,0.015,0.2353101,0.9204805281382858
2022-08-23,0.422,0.02489756,0.009,0.014,1.7001772,0.9163529932320698
2022-08-24,0.058058058058058,0.026064655,-0.008008008008008,-0.013013013013013,0.39124197,0.927712275720354
2022-08-25,0.4674674674674675,0.026208734,0.009009009009009,0.001001001001001,0.5796165,0.925191997960672
2022-08-26,0.368,0.026909016,0.003,-0.003,0.64897263,0.9178028835750836
2022-08-29,0.579,0.02466187,0.006,0.002,0.6314743,0.921871398473526
2022-08-30,0.454,0.027995354,0.001,-0.003,0.58383375,0.919346791755042
2022-08-31,0.118,0.02886224,-0.009,-0.014,0.44036096,0.9279616420125222
2022-09-01,0.349,0.022551658,0.003,-0.015,0.7991347,0.9330519968818098
2022-09-02,0.697,0.024374729,0.005,0.004,0.97776794,0.9282692363454336
2022-09-05,0.492,0.023360083,0.005,0.001,0.5681366,0.9317639110981192
2022-09-06,0.801,0.02254415,0.008,0.004,1.295611,0.9217747575251248
2022-09-07,0.481,0.023383327,0.009,0.006,1.2940624,0.9209590388913697
2022-09-08,0.228,0.020449616,0.004,-0.012,1.060659,0.92355460767768
2022-09-09,0.585,0.02036435,0.007,0.008,1.0245633,0.919557745139552
2022-09-13,0.436,0.020827005,0.005,0.004,0.9829228,0.9273577051142634
2022-09-14,0.19,0.01804813,0.003,-0.003,1.2022791,0.9244469487776674
2022-09-15,0.1221221221221221,0.025806993,-0.007007007007007,-0.024024024024024,-0.033293504,0.9285607680821262
2022-09-16,0.1291291291291291,0.023041334,0.0,-0.056056056056056,0.82078964,0.9348770308318258
2022-09-19,0.2024048096192384,0.01979501,-0.001002004008016,-0.0871743486973948,0.05907691,0.9395528758468108
2022-09-20,0.7525050100200401,0.019224038,0.0050100200400801,-0.0170340681362725,0.7067371,0.9187840320701596
2022-09-21,0.5735735735735735,0.019393548,0.003003003003003,-0.015015015015015,0.35488796,0.927822600439159
2022-09-22,0.3723723723723723,0.020311948,0.001001001001001,-0.036036036036036,1.0889505,0.9208182235015192
2022-09-23,0.1151151151151151,0.019985477,0.0,-0.091091091091091,0.7028884,0.928220404587941
2022-09-26,0.1961961961961962,0.026013587,0.004004004004004,-0.1461461461461461,1.0881865,0.9298043720619962
2022-09-27,0.8988988988988988,0.02236361,0.007007007007007,-0.001001001001001,0.6358663,0.9274927309107174
2022-09-28,0.06006006006006,0.021269083,-0.003003003003003,-0.08008008008008,0.74931365,0.9292185740400566
2022-09-29,0.4054054054054054,0.02259637,0.002002002002002,-0.1131131131131131,1.1047655,0.9240032111439632
2022-09-30,0.2372372372372372,0.022041628,0.0,-0.1151151151151151,-0.24002977,0.9221402560674732
2022-10-10,0.154,0.028846022,-0.005,-0.184,-0.46330473,0.926172058735878
2022-10-11,0.5775775775775776,0.024447376,0.004004004004004,-0.1141141141141141,0.25153372,0.9195982309445726
2022-10-12,0.914914914914915,0.02638166,0.012012012012012,-0.004004004004004,0.50536597,0.9232014583532993
2022-10-13,0.6666666666666666,0.025703548,0.013013013013013,0.0,0.9559111,0.9303664205825158
2022-10-14,0.92992992992993,0.027212584,0.019019019019019,0.01001001001001,2.0713282,0.92670257671377
2022-10-17,0.7723169508525577,0.025155816,0.0120361083249749,0.0130391173520561,1.3776468,0.9271059977862404
2022-10-18,0.432296890672016,0.02182462,0.0090270812437311,0.0160481444332999,1.9266446,0.9180367179925932
2022-10-19,0.2102102102102102,0.02203883,0.009009009009009,0.006006006006006,1.6792992,0.9141561431570178
2022-10-20,0.3483483483483483,0.02390402,0.005005005005005,-0.013013013013013,1.2291535,0.9214717490260544
2022-10-21,0.4204204204204204,0.02287009,0.005005005005005,-0.014014014014014,0.97382176,0.9198794278029532
2022-10-24,0.2252252252252252,0.02561186,0.004004004004004,-0.048048048048048,1.5986272,0.9318466220663558
2022-10-25,0.3613613613613614,0.028435757,0.003003003003003,-0.064064064064064,0.101976074,0.9324881347616844
2022-10-26,0.8496993987975952,0.030960806,0.0120240480961923,0.0070140280561122,0.74240434,0.9344868696888652
2022-10-27,0.4754754754754755,0.02752928,0.003003003003003,-0.014014014014014,0.68347216,0.9298036126302648
2022-10-28,0.076076076076076,0.027652139,-0.019019019019019,-0.1101101101101101,1.0113358,0.9393689314448428
2022-10-31,0.6513026052104208,0.035419684,0.002004008016032,-0.064128256513026,0.39032888,0.9387810432108726
2022-11-01,0.8768768768768769,0.026081046,0.017017017017017,0.001001001001001,0.34250382,0.9372870529119512
2022-11-02,0.7477477477477478,0.027111866,0.016016016016016,0.008008008008008,1.9515729,0.9368840708195456
2022-11-03,0.5435435435435435,0.023647737,0.006006006006006,0.004004004004004,1.1417272,0.9204715083964892
2022-11-04,0.8458458458458459,0.023223266,0.013013013013013,0.009009009009009,1.1583947,0.9259632354035816
2022-11-07,0.542,0.023571094,0.008,0.004,0.84536266,0.9239104534555428
2022-11-08,0.368,0.018208012,0.002,0.004,0.999978,0.9243495485075288
2022-11-09,0.3873873873873873,0.020982277,0.008008008008008,0.006006006006006,1.981189,0.9284389828481012
2022-11-10,0.313627254509018,0.024065578,0.003006012024048,0.001002004008016,0.70815986,0.9307896270254808
2022-11-11,0.6146146146146146,0.02495035,0.01001001001001,0.005005005005005,0.9288401,0.9401684749795608
2022-11-14,0.3613613613613614,0.029405272,0.012012012012012,0.011011011011011,1.3831093,0.9377177887821788
2022-11-15,0.8788788788788788,0.025172275,0.02002002002002,0.01001001001001,1.3083373,0.9338604969396588
2022-11-16,0.3213213213213213,0.022569973,0.009009009009009,0.007007007007007,1.2296523,0.93699605248031
2022-11-17,0.5350701402805611,0.02297743,0.0050100200400801,0.0130260521042084,0.9559145,0.9259094324280388
2022-11-18,0.251,0.023673521,0.003,0.005,1.3304828,0.929702766756468
2022-11-21,0.514,0.023040948,0.006,0.009,1.0597035,0.9302222808833732
2022-11-22,0.17,0.022882808,0.002,0.003,0.76731795,0.9294259594685472
2022-11-23,0.374,0.024068205,0.001,0.002,0.26945904,0.9290496810330222
2022-11-24,0.485,0.020763531,0.006,0.006,1.4642587,0.9160745982714252
2022-11-25,0.291,0.021323439,0.004,0.003,0.8778042,0.9256070543339752
2022-11-28,0.31,0.020443212,0.005,0.0,1.3392593,0.9318328713177284
2022-11-29,0.849,0.024308288,0.018,0.005,1.0287144,0.9341247114090634
2022-11-30,0.351,0.021116395,0.006,0.005,1.5379194,0.929627800992208
2022-12-01,0.695,0.024368811,0.012,0.004,0.8897059,0.9379237361199644
2022-12-02,0.568,0.021789812,0.002,0.007,1.2569387,0.9289789260529429
2022-12-05,0.6906906906906907,0.024683382,0.005005005005005,0.015015015015015,0.27263448,0.939127363114994
2022-12-06,0.3653653653653653,0.022213403,0.002002002002002,0.01001001001001,0.88781816,0.9363945135097552
2022-12-07,0.4094094094094094,0.02351291,0.008008008008008,0.005005005005005,1.8266433,0.9328388541431164
2022-12-08,0.2975951903807615,0.019215386,0.001002004008016,0.0040080160320641,0.6782056,0.9304129633084436
2022-12-09,0.4394394394394394,0.023778884,0.006006006006006,0.003003003003003,1.2116945,0.9269583671287712
2022-12-12,0.4004004004004004,0.02741068,0.007007007007007,0.005005005005005,1.2428501,0.929503429978598
2022-12-13,0.3423423423423423,0.026873775,0.01001001001001,0.003003003003003,1.6572939,0.9233521710323674
2022-12-14,0.3797595190380761,0.02460042,0.0070140280561122,0.002004008016032,0.44854122,0.9205333260403564
2022-12-15,0.5511022044088176,0.022688322,0.002004008016032,0.0,0.1592647,0.917125745025546
2022-12-16,0.2605210420841683,0.02350976,0.002004008016032,-0.0040080160320641,1.4174013,0.9202196352490638
2022-12-19,0.1122244488977955,0.02288476,0.0040080160320641,-0.0110220440881763,0.75754035,0.9268173611567874
2022-12-20,0.3727454909819639,0.022174682,-0.003006012024048,-0.0070140280561122,-0.34087926,0.9059925874789811
2022-12-21,0.2655310621242485,0.019480929,0.001002004008016,-0.0190380761523046,1.5154737,0.914468867572904
2022-12-22,0.166,0.019892333,-0.004,-0.04,-0.00025573748,0.9217213288865088
2022-12-23,0.413,0.021928476,0.003,-0.031,0.51605004,0.9151598916948078
2022-12-26,0.7427427427427428,0.026700387,0.01001001001001,-0.002002002002002,0.976087,0.9166875362356782
2022-12-27,0.621,0.025184345,0.004,-0.003,0.5412343,0.9137288463367323
2022-12-28,0.2092092092092092,0.018014701,0.001001001001001,-0.008008008008008,1.5305653,0.9134093456080112
2022-12-29,0.372,0.022186484,0.003,-0.016,1.1301168,0.9211184274269828
2022-12-30,0.6296296296296297,0.017282221,0.002002002002002,-0.008008008008008,0.546939,0.920690155695898
2023-01-03,0.853,0.02730677,0.015,0.005,0.8697703,0.9328768696774572
2023-01-04,0.52,0.022815414,0.005,-0.002,1.1567911,0.9282244363629246
2023-01-05,0.656,0.020312708,0.008,0.005,1.6056024,0.9330658717608304
2023-01-06,0.413,0.021975975,0.003,0.004,1.7547084,0.9266915728627836
2023-01-09,0.5285285285285285,0.022437112,0.01001001001001,0.004004004004004,1.7827156,0.9243195489797352
2023-01-10,0.4074074074074074,0.019664215,0.005005005005005,0.005005005005005,0.620642,0.9222867573523944
2023-01-11,0.2192192192192192,0.01832989,0.003003003003003,0.001001001001001,1.3823658,0.9229070059592424
2023-01-12,0.4458917835671342,0.018270295,0.0040080160320641,-0.001002004008016,1.4921991,0.9166350119298567
2023-01-13,0.6122244488977956,0.020228615,0.0060120240480961,0.0070140280561122,0.90684056,0.9164444359703658
2023-01-16,0.7847847847847848,0.0210588,0.004004004004004,0.006006006006006,0.46942833,0.933229478210074
2023-01-17,0.4274274274274274,0.020320712,0.0,0.0,0.69193614,0.9248240187671616
2023-01-18,0.5415415415415415,0.01681053,0.002002002002002,0.001001001001001,0.65044564,0.9309910877012558
2023-01-19,0.7565130260521042,0.019899437,0.003006012024048,0.0040080160320641,0.57238954,0.9370229109353082
2023-01-20,0.7575150300601202,0.017395442,0.003006012024048,0.0130260521042084,0.5684928,0.9345360327624732
2023-01-30,0.6783567134268537,0.023942731,0.0100200400801603,0.0120240480961923,1.2415967,0.9456568995406358
2023-01-31,0.5861723446893787,0.022821987,0.0070140280561122,0.0100200400801603,0.054130264,0.9381792098547412
2023-02-01,0.8607214428857716,0.020081602,0.0080160320641282,0.0170340681362725,1.4927322,0.9409611355184838
2023-02-02,0.476,0.021463472,0.006,0.023,1.6582971,0.9388047564231392
2023-02-03,0.366,0.020055315,0.003,0.027,2.0228589,0.9379304319571036
2023-02-06,0.314,0.022045452,0.003,0.02,2.1390564,0.9279198793169632
2023-02-07,0.625,0.022219831,0.008,0.011,2.521047,0.9264286404538832
2023-02-08,0.241,0.019105854,0.001,0.003,1.7080368,0.9260362782033744
2023-02-09,0.893,0.0204756,0.006,0.015,2.4819381,0.9361237984559916
2023-02-10,0.395,0.018630821,0.004,0.021,2.3178542,0.9335737889739276
2023-02-13,0.663,0.023083096,0.011,0.037,2.2308693,0.9391669528918972
2023-02-14,0.495,0.018897343,0.006,0.033,1.4120862,0.9269277909523757
2023-02-15,0.401,0.021117011,0.006,0.025,1.4043579,0.9261334713857664
2023-02-16,0.109,0.021701852,0.006,0.01,2.0121596,0.9347072492401762
2023-02-17,0.354,0.023552306,0.003,0.009,0.60208625,0.9222764621058248
2023-02-20,0.79,0.020672873,0.006,0.029,0.85147226,0.9313297861520512
2023-02-21,0.619,0.018682012,0.005,0.024,1.4161814,0.9258271886085836
2023-02-22,0.449,0.018097095,0.005,0.027,2.208396,0.9224364719046778
2023-02-23,0.338,0.017701607,0.002,0.017,0.4102179,0.9287500250637296
2023-02-24,0.331,0.016007857,0.002,0.014,1.3659112,0.9216509190526736
2023-02-27,0.241,0.018784527,0.002,0.013,1.3678782,0.9304162530726644
2023-02-28,0.744,0.01691212,0.001,0.019,1.7372246,0.9222452608853412
2023-03-01,0.626,0.020247426,0.003,0.023,1.702826,0.9147993519280224
2023-03-02,0.335,0.021405509,0.002,0.022,1.3203962,0.9204618902410944
2023-03-03,0.428,0.017097257,0.001,0.014,0.554437,0.9179164366894548
2023-03-06,0.509,0.022232965,0.005,0.022,1.217363,0.9323104156613282
2023-03-07,0.08,0.015532557,0.0,0.005,0.39137828,0.9334952336887272
2023-03-08,0.646,0.018192623,0.0,0.01,1.3595388,0.915822434425347
2023-03-09,0.42,0.017500946,0.001,0.012,1.549542,0.920407495192994
2023-03-10,0.148,0.018211968,0.002,0.003,1.1841432,0.9182427379488068
2023-03-13,0.508,0.023216423,0.005,0.023,1.7375655,0.921493670423775
2023-03-14,0.233,0.020918226,0.003,-0.002,1.3789785,0.9249895877029404
2023-03-15,0.669,0.021135217,0.006,0.013,0.5306074,0.9274109956943818
2023-03-16,0.134,0.019875793,0.002,-0.002,0.9288779,0.9259711145924524
2023-03-17,0.6236236236236237,0.026368778,0.009009009009009,0.014014014014014,1.4069057,0.916037255555814
2023-03-20,0.4144144144144144,0.025001356,0.002002002002002,0.003003003003003,0.52683574,0.9120658418358318
2023-03-21,0.8008008008008008,0.021839812,0.008008008008008,0.027027027027027,0.67705905,0.9153568047244368
2023-03-22,0.5515515515515516,0.023011496,0.004004004004004,0.038038038038038,0.19078939,0.9060911162475388
2023-03-23,0.4484484484484484,0.020923954,0.003003003003003,0.035035035035035,1.6931266,0.8980749691258658
2023-03-24,0.407,0.02326751,0.003,0.043,1.3312024,0.901098702731679
2023-03-27,0.42,0.026360666,0.006,0.043,1.7623166,0.8911562819601614
2023-03-28,0.309,0.025193816,0.004,0.009,0.50291604,0.8951134526801959
2023-03-29,0.339,0.021658905,0.001,0.001,1.1247486,0.8989170333215214
2023-03-30,0.462,0.02097621,0.002,0.005,0.47273228,0.9079835419542798
2023-03-31,0.67,0.021701312,0.001,0.03,0.71142876,0.903159570956335
2023-04-03,0.661,0.028586013,0.011,0.046,1.9422727,0.8939287727112947
2023-04-04,0.35,0.028977627,0.006,0.034,1.6970428,0.8926186665972184
2023-04-06,0.45,0.03098938,0.01,0.029,1.5011176,0.8874407136111299
2023-04-07,0.677,0.023711476,0.013,0.049,1.2080208,0.8984604048403256
2023-04-10,0.328,0.028969504,0.002,0.016,-0.03376274,0.9008947903305524
2023-04-11,0.459,0.023151822,0.006,0.016,1.9125316,0.9010387163144216
2023-04-12,0.531,0.02652892,0.016,0.035,1.8828882,0.8979781665078036
2023-04-13,0.384,0.024739284,0.007,0.011,1.2008141,0.9002025650230042
2023-04-14,0.551,0.024771187,0.009,0.041,1.9724506,0.9027875033049904
2023-04-17,0.56,0.025640715,0.008,0.034,0.33281812,0.9175399511661834
2023-04-18,0.348,0.022304373,0.004,0.014,1.2840658,0.9082015363221734
2023-04-19,0.307,0.022317396,0.005,0.011,0.95224935,0.9004523818746214
2023-04-20,0.35,0.027950956,0.008,-0.012,1.5928143,0.8970552454505719
2023-04-21,0.131,0.030505389,-0.01,-0.052,-0.1773524,0.9076524086475078
2023-04-24,0.361,0.029274289,0.005,-0.046,0.48216212,0.907018444025996
2023-04-25,0.199,0.033973243,-0.013,-0.086,-0.26243627,0.91167985114288
2023-04-26,0.675,0.03510182,-0.004,-0.003,-0.17949994,0.8979756814548447
2023-04-27,0.568,0.03299368,-0.006,0.001,-0.36472833,0.9071071466107784
2023-04-28,0.6966966966966966,0.034955986,0.019019019019019,0.016016016016016,0.74640983,0.910537865192159
2023-05-04,0.5140562248995983,0.031487603,0.0190763052208835,0.038152610441767,0.45019814,0.9069348618636688
2023-05-05,0.2392392392392392,0.02617458,0.006006006006006,-0.028028028028028,0.952886,0.9019896325837344
2023-05-08,0.5895895895895896,0.027259018,0.014014014014014,0.011011011011011,1.6780444,0.8989424472809242
2023-05-09,0.2052052052052052,0.025310462,0.004004004004004,-0.056056056056056,1.199797,0.8990772809328803
2023-05-10,0.564128256513026,0.024040025,0.0070140280561122,-0.0100200400801603,1.4372839,0.894077999449243
2023-05-11,0.4849699398797595,0.023549,0.0050100200400801,0.0,1.2782714,0.8946185170618861
2023-05-12,0.2224448897795591,0.022276988,-0.001002004008016,-0.0521042084168336,0.29613465,0.8965208932430218
2023-05-15,0.6733466933867736,0.022975313,0.003006012024048,-0.003006012024048,0.06175567,0.9040955280909184
2023-05-16,0.2414829659318637,0.02292785,-0.003006012024048,-0.0230460921843687,0.17148027,0.9026141452521798
2023-05-17,0.6452905811623246,0.019018512,0.0070140280561122,-0.0070140280561122,1.6317179,0.90432145727188
2023-05-18,0.4264264264264264,0.02411595,0.007007007007007,-0.034034034034034,3.011936,0.8854849718034278
2023-05-19,0.5255255255255256,0.02245989,0.004004004004004,-0.019019019019019,1.086888,0.8959449702368998
2023-05-22,0.5355355355355356,0.021045038,0.0,-0.005005005005005,0.09363894,0.9100659819299366
2023-05-23,0.2102102102102102,0.019384911,0.0,-0.012012012012012,0.9979167,0.9089656343903172
2023-05-24,0.35,0.018584905,-0.001,-0.037,1.1117262,0.8966815210972546
2023-05-25,0.3613613613613614,0.02071542,0.003003003003003,-0.049049049049049,2.434351,0.8967205571524529
2023-05-26,0.6026026026026026,0.02346147,0.006006006006006,-0.043043043043043,1.3033962,0.889325349030111
2023-05-29,0.3863863863863864,0.025559971,0.007007007007007,-0.053053053053053,0.9004055,0.8824531822529915
2023-05-30,0.5545545545545546,0.018977646,0.005005005005005,-0.039039039039039,0.8535591,0.8857767316668004
2023-05-31,0.3753753753753753,0.022048198,0.006006006006006,-0.077077077077077,2.109142,0.8789418460837702
2023-06-01,0.5235235235235235,0.021668306,0.009009009009009,-0.037037037037037,1.0986761,0.8830139190277932
2023-06-02,0.6586586586586587,0.0231636,0.008008008008008,0.001001001001001,0.47540846,0.8963021793076734
2023-06-05,0.4184184184184184,0.02082243,0.006006006006006,-0.01001001001001,1.3315835,0.8913865157885086
2023-06-06,0.0890890890890891,0.022055252,0.001001001001001,-0.079079079079079,0.5567392,0.8993182969487425
2023-06-07,0.4744744744744745,0.020800805,0.006006006006006,-0.088088088088088,1.1828499,0.885289866887694
2023-06-08,0.3573573573573573,0.020853667,0.002002002002002,-0.1071071071071071,0.29884997,0.8979415852981243
2023-06-09,0.5685685685685685,0.02258557,0.011011011011011,-0.06006006006006,1.904629,0.8912963505302112
2023-06-12,0.5681362725450901,0.02464595,0.0090180360721442,-0.0220440881763527,0.80373377,0.9009024140797958
2023-06-13,0.4488977955911823,0.019289233,0.003006012024048,-0.0310621242484969,1.5025368,0.8671695716095139
2023-06-14,0.4498997995991984,0.021304166,0.0070140280561122,-0.0370741482965931,1.7008146,0.8688111487330419
2023-06-15,0.6318956870611836,0.02397527,0.0060180541624874,0.0030090270812437,0.9776565,0.8836644611038296
2023-06-16,0.6032064128256514,0.020407436,0.0100200400801603,0.0080160320641282,1.6030421,0.8863886737793485
2023-06-19,0.4032096288866599,0.024207233,0.0080240722166499,-0.0070210631895687,1.7552232,0.8756186399287489
2023-06-20,0.3400200601805416,0.02331855,0.0080240722166499,-0.0441323971915747,2.1120474,0.871737784292517
2023-06-21,0.1323971915747241,0.024432372,-0.0010030090270812,-0.0982948846539618,0.47626096,0.8772405663198184
2023-06-26,0.1877510040160642,0.027682463,-0.001004016064257,-0.1305220883534136,-0.030279208,0.893396031053492
2023-06-27,0.8182730923694779,0.021622779,0.0140562248995983,-0.0060240963855421,1.1222053,0.8959786021583054
2023-06-28,0.4028056112224449,0.022276986,0.001002004008016,-0.0170340681362725,-0.36398235,0.884625293759972
2023-06-29,0.5761523046092184,0.022964332,0.0150300601202404,-0.0040080160320641,1.5191588,0.8879011287853953
2023-06-30,0.7885771543086172,0.021956407,0.0100200400801603,0.0160320641282565,1.1072936,0.898743519895215
2023-07-03,0.6466466466466466,0.025665345,0.003003003003003,0.013013013013013,0.03970057,0.9031847019720398
2023-07-04,0.4749498997995992,0.022470305,0.0050100200400801,0.0110220440881763,1.8480861,0.8958150026510378
2023-07-05,0.2595190380761523,0.019556792,0.002004008016032,0.002004008016032,1.2427796,0.9029151309795064
2023-07-06,0.3293293293293293,0.016278973,0.002002002002002,-0.005005005005005,1.117267,0.8997566271362846
2023-07-07,0.375,0.018333592,0.003,-0.014,0.67279583,0.895358437484393
2023-07-10,0.519,0.019890247,0.005,-0.003,1.2910824,0.9059685091508654
2023-07-11,0.697,0.020105852,0.005,0.005,1.6412629,0.9029985257187492
2023-07-12,0.17,0.019911813,0.001,-0.013,0.4343463,0.903040495502055
2023-07-13,0.765,0.01931749,0.004,0.003,1.2344702,0.9071093555467418
2023-07-14,0.358,0.021883214,0.005,-0.005,1.1549765,0.8944397272113417
2023-07-17,0.37,0.021792997,0.0,-0.02,0.46579388,0.8980016364524153
2023-07-18,0.511,0.019381939,0.003,-0.007,0.9999524,0.9092301411594066
2023-07-19,0.401,0.016996792,0.003,-0.02,1.4340686,0.9076647648830534
2023-07-20,0.199,0.018782536,0.0,-0.025,0.03716094,0.9074764530921688
2023-07-21,0.481,0.018594034,0.002,-0.017,0.21281092,0.9119760556497296
2023-07-24,0.417,0.017427947,0.002,-0.026,0.7985989,0.9154035649432766
2023-07-25,0.851,0.023069857,0.011,0.01,0.92684376,0.923769426700126
2023-07-26,0.417,0.020262742,0.004,0.008,0.33921048,0.9086610640318212
2023-07-27,0.226,0.016957818,0.0,-0.009,1.8810657,0.910515879948636
2023-07-28,0.774,0.022053594,0.013,0.008,2.2400062,0.918577115630275
2023-07-31,0.719,0.0223517,0.005,0.019,0.23746708,0.9269112929618986
2023-08-01,0.412,0.019930327,0.006,0.014,1.7165751,0.903033661606418
2023-08-02,0.378,0.017241152,0.002,0.016,1.2494761,0.8952078156633849
2023-08-03,0.454,0.01842714,-0.002,0.017,0.6115944,0.8960158030212679
2023-08-04,0.464,0.020462686,0.002,0.018,1.6365108,0.8823170176146438
2023-08-07,0.289,0.020072412,0.003,-0.01,0.2271139,0.8898115921924072
2023-08-08,0.325,0.01752758,0.002,-0.027,0.82400084,0.8945039244127797
2023-08-09,0.263,0.018434508,0.001,-0.02,0.8016113,0.897300713459511
2023-08-10,0.505,0.016692815,0.003,-0.005,1.0456219,0.8766992792840808
2023-08-11,0.09,0.017074283,-0.001,-0.047,-0.58920175,0.8956797686378272
2023-08-14,0.48,0.018736487,0.002,-0.061,1.0217139,0.8948960795755421
2023-08-15,0.244,0.01598943,-0.001,-0.083,-0.6885472,0.8944397272113417
2023-08-16,0.172,0.018891452,0.003,-0.104,3.4479334,0.878672549391936
2023-08-17,0.74,0.018533776,0.004,-0.021,1.842474,0.8941759664514553
2023-08-18,0.089,0.018704398,-0.001,-0.103,0.592273,0.9040461135994186
2023-08-21,0.1801801801801801,0.016042834,0.0,-0.1431431431431431,-0.22530757,0.9122955354149708
2023-08-22,0.5215215215215215,0.023378637,0.008008008008008,-0.1251251251251251,1.7705613,0.9002316862039292
2023-08-23,0.09009009009009,0.01871895,0.001001001001001,-0.2152152152152152,0.8282817,0.8899500161488509
2023-08-24,0.4944944944944945,0.021539409,0.0,-0.1111111111111111,0.1711729,0.8956820687793222
2023-08-25,0.1911911911911911,0.02476071,-0.002002002002002,-0.2192192192192192,0.32122084,0.9085527796854028
2023-08-28,0.659,0.02376266,0.006,-0.095,0.40021753,0.9155289910884516
2023-08-29,0.901,0.026695114,0.013,0.002,0.7384725,0.9151420131193536
2023-08-30,0.552,0.026448548,0.003,-0.006,0.16717899,0.9118914257906297
2023-08-31,0.321,0.020844793,-0.003,-0.031,0.71074057,0.9065855616064072
2023-09-01,0.506,0.018031748,0.002,-0.008,0.5105323,0.913722219528842
2023-09-04,0.829,0.021558179,0.009,0.002,1.0435569,0.9231234509893128
2023-09-05,0.312,0.016750459,0.001,0.003,0.45565367,0.8998144825859246
2023-09-06,0.507,0.022383409,0.006,-0.005,2.5078144,0.9023396415383996
2023-09-07,0.064,0.013706758,0.001,-0.032,0.94178647,0.9072879342135376
2023-09-08,0.513,0.018789047,0.005,-0.028,1.0293077,0.8890996245196857
2023-09-11,0.7817817817817818,0.020614713,0.003003003003003,0.001001001001001,0.34213886,0.912317627974431
2023-09-12,0.4644644644644645,0.016354319,0.005005005005005,-0.003003003003003,1.500776,0.8971019299601363
2023-09-13,0.1401401401401401,0.016413119,0.003003003003003,-0.013013013013013,1.32629,0.9139689087155918
2023-09-14,0.2582582582582582,0.016720856,0.004004004004004,-0.039039039039039,2.1195905,0.9079732642350598
2023-09-15,0.5655655655655656,0.018207785,0.003003003003003,-0.022022022022022,0.880896,0.9201852026337336
2023-09-18,0.56,0.018272761,0.002,-0.008,0.060681034,0.918397708612493
2023-09-19,0.234,0.016708994,0.001,-0.025,0.7961732,0.9208561162813224
2023-09-20,0.179,0.015431457,0.0,-0.069,0.6643489,0.904849061822135
2023-09-21,0.162,0.013779963,0.002,-0.102,4.258461,0.91178139316795
2023-09-22,0.88,0.020606194,0.005,0.0,1.7052191,0.8943512317143057
2023-09-25,0.304,0.019732622,0.002,-0.029,1.9605668,0.892993219301522
2023-09-26,0.24,0.016827112,0.002,-0.063,1.0152478,0.8905032652659646
2023-09-27,0.61,0.020901948,0.008,-0.01,2.3127933,0.9045166169596348
2023-09-28,0.642,0.01816957,0.003,0.001,1.0260408,0.9008586190041508
2023-10-09,0.324,0.024207434,0.006,-0.051,1.4325166,0.9083659639929532
2023-10-10,0.337,0.024612797,0.005,-0.066,1.7538537,0.8835027330222779
2023-10-11,0.4924924924924925,0.020348469,0.006006006006006,-0.057057057057057,1.4278703,0.8951943755292361
2023-10-12,0.724,0.019626627,0.002,0.0,0.5752253,0.8787013345887097
2023-10-13,0.287,0.023995193,0.011,-0.048,2.811637,0.8772684254409151
2023-10-16,0.222,0.022372741,0.004,-0.085,0.92194635,0.8704308022245333
2023-10-17,0.41,0.019751932,-0.002,-0.063,1.8526014,0.8696672697029147
2023-10-18,0.08,0.020496154,0.002,-0.188,3.2411242,0.8587402847549352
2023-10-19,0.17,0.020003133,-0.003,-0.219,-0.048709903,0.8614667329970803
2023-10-20,0.255,0.02154715,0.0,-0.183,0.06732959,0.8744151704686178
2023-10-23,0.088,0.022452606,0.003,-0.355,1.3195614,0.8732534082103375
2023-10-24,0.844,0.021785052,0.006,-0.039,-0.21413463,0.8789045566973477
2023-10-25,0.712,0.024522593,0.01,-0.035,1.0255462,0.8820865289527068
2023-10-26,0.606,0.023405027,0.007,-0.036,0.9452623,0.8745113282122771
2023-10-27,0.797,0.029479247,0.018,0.0,0.84620345,0.9062018280120054
2023-10-30,0.694,0.030149115,0.009,0.0,1.0850508,0.9076568955486836
2023-10-31,0.371,0.02130568,-0.003,-0.007,-0.112798326,0.8974547867429621
2023-11-01,0.458,0.018554902,0.003,-0.004,1.9590887,0.8985138334789418
2023-11-02,0.13,0.0193449,0.007,-0.037,0.68680847,0.8958951398942642
2023-11-03,0.782,0.019863302,0.002,0.003,1.0747728,0.8949505436528911
2023-11-06,0.887,0.020796143,0.01,0.008,1.0151706,0.9012010040784866
2023-11-07,0.439,0.01848026,0.009,0.009,3.201646,0.8763571012974916
2023-11-08,0.425,0.019173566,0.005,0.009,2.2535949,0.8746404129076416
2023-11-09,0.272,0.019182501,0.002,0.003,0.4627078,0.8780100756906456
2023-11-10,0.358,0.015595091,0.004,0.001,1.7489947,0.8813019425101866
2023-11-13,0.712,0.018762732,0.005,0.006,2.0511448,0.8885801103927803
2023-11-14,0.602,0.01727222,0.006,0.011,2.016234,0.8802348883813395
2023-11-15,0.626,0.02060061,0.01,0.011,3.2925727,0.8880327084493362
2023-11-16,0.1291291291291291,0.0162966,0.003003003003003,0.003003003003003,2.0653484,0.8809381849880015
2023-11-17,0.7007007007007007,0.01961491,0.007007007007007,0.013013013013013,2.5410862,0.8836254686893537
2023-11-20,0.7257257257257257,0.019239902,0.006006006006006,0.01001001001001,1.6327678,0.9012435944664592
2023-11-21,0.287,0.021081178,0.011,0.008,3.0331755,0.8969996769052412
2023-11-22,0.152,0.018624485,0.002,-0.002,0.9421637,0.8887588961473225
2023-11-23,0.853,0.01795345,0.004,0.006,-0.2866178,0.9009952969168896
2023-11-24,0.198,0.019004272,0.003,-0.003,1.0321124,0.9130915683112752
2023-11-27,0.431,0.02168017,0.002,-0.005,0.97900593,0.9133413161336434
2023-11-28,0.6886886886886887,0.016731732,0.001001001001001,0.006006006006006,1.2283913,0.9170221694722536
2023-11-29,0.248,0.017298663,0.004,-0.015,2.184101,0.9129256219970204
2023-11-30,0.2762762762762762,0.017420987,0.002002002002002,-0.028028028028028,1.4346949,0.9115750418195716
2023-12-01,0.6066066066066066,0.021356564,0.004004004004004,-0.016016016016016,1.7778143,0.8989863562428515
2023-12-04,0.3523523523523523,0.020632224,0.006006006006006,-0.034034034034034,1.7698311,0.9012195688080462
2023-12-05,0.073073073073073,0.017821027,-0.001001001001001,-0.083083083083083,1.2207228,0.9057626275040636
2023-12-06,0.6216216216216216,0.017292425,0.0,-0.024024024024024,1.6544594,0.9012962714129223
2023-12-07,0.3713713713713714,0.0203476,0.001001001001001,-0.057057057057057,-0.08456269,0.8934184099056213
2023-12-08,0.289,0.020300463,0.003,-0.087,2.0991304,0.8951278797932073
2023-12-11,0.804,0.017116752,0.002,-0.029,0.25466022,0.911211625747876
2023-12-12,0.483,0.014495646,0.002,-0.026,1.3303171,0.8892943560307142
2023-12-13,0.191,0.017648255,0.002,-0.088,2.9221065,0.902123096784732
2023-12-14,0.3533533533533533,0.014741541,0.001001001001001,-0.064064064064064,0.4924895,0.899337558899022
2023-12-15,0.2002002002002002,0.014622683,0.003003003003003,-0.079079079079079,1.1823171,0.9029509350772504
2023-12-18,0.1051051051051051,0.016385032,0.001001001001001,-0.1821821821821821,0.85333604,0.9097389430106758
2023-12-19,0.4754754754754755,0.014700839,0.001001001001001,-0.1171171171171171,1.261002,0.8996271095064485
2023-12-20,0.078078078078078,0.016393129,0.002002002002002,-0.2202202202202202,0.7420794,0.9000988546901743
2023-12-21,0.7027027027027027,0.014819264,0.002002002002002,-0.045045045045045,0.4497833,0.9061271547351584
2023-12-22,0.2402402402402402,0.023407774,-0.009009009009009,-0.1101101101101101,-0.77169704,0.8996432646905539
2023-12-25,0.4128256513026052,0.01948721,0.001002004008016,-0.1212424849699398,0.45819297,0.9009699442567458
2023-12-26,0.1093279839518555,0.016246073,0.0,-0.2076228686058174,0.9982877,0.905781733335622
2023-12-27,0.7131394182547643,0.01732441,0.0010030090270812,-0.074222668004012,0.47896913,0.9070131294643438
2023-12-28,0.8525576730190572,0.023578323,0.0100300902708124,0.0020060180541624,0.9490303,0.9260222504109932
2023-12-29,0.7903711133400201,0.0193582,0.0080240722166499,0.0030090270812437,1.64498,0.909534691174176
2024-01-02,0.4252758274824473,0.019760929,0.0040120361083249,-0.0030090270812437,0.569085,0.9205584178209976
2024-01-03,0.3821464393179538,0.01770056,0.0,-0.0080240722166499,-0.4231042,0.9310802906364344
2024-01-04,0.234704112337011,0.014899542,0.0010030090270812,-0.025075225677031,0.99832743,0.9261683108008898
2024-01-05,0.0751503006012024,0.017083492,0.002004008016032,-0.0821643286573146,0.8738759,0.937563497597212
2024-01-08,0.0450901803607214,0.016763793,0.001002004008016,-0.2224448897795591,1.0743064,0.9475057625447404
2024-01-09,0.5635635635635635,0.017181287,0.002002002002002,-0.1051051051051051,-0.5292113,0.932536945510242
2024-01-10,0.254,0.01932818,0.007,-0.148,1.8901933,0.928615694145452
2024-01-11,0.8708708708708709,0.01929041,0.011011011011011,-0.007007007007007,1.2307526,0.925790223047308
2024-01-12,0.3243243243243243,0.017303081,0.003003003003003,-0.04004004004004,0.9251986,0.9241236155930216
2024-01-15,0.3703703703703703,0.018198559,0.0,-0.08008008008008,1.2216991,0.9353169489220792
2024-01-16,0.2842842842842842,0.015728919,0.003003003003003,-0.1381381381381381,2.3565025,0.939640324729963
2024-01-17,0.037037037037037,0.01595817,-0.001001001001001,-0.3393393393393393,0.8700556,0.937514122999654
2024-01-18,0.3033033033033033,0.018963452,0.001001001001001,-0.3283283283283283,1.9860387,0.9514870455050586
2024-01-19,0.1641641641641641,0.018888205,0.001001001001001,-0.4134134134134134,-0.3380437,0.9242488527894624
2024-01-22,0.01001001001001,0.01800684,-0.01001001001001,-0.6536536536536537,1.9641994,0.9484401363592416
2024-01-23,0.8138138138138138,0.018940812,0.009009009009009,-0.1261261261261261,1.5696855,0.9393966852226648
2024-01-24,0.7577577577577578,0.021620948,0.012012012012012,-0.052052052052052,0.91352844,0.9315939384175288
2024-01-25,0.958,0.022244053,0.025,-0.001,0.24720511,0.9343614127033976
2024-01-26,0.315,0.024953006,0.009,-0.034,1.0666841,0.9227495885774976
2024-01-29,0.075,0.02496469,-0.011,-0.184,-0.48416933,0.930043011924089
2024-01-30,0.037,0.020012012,-0.005,-0.385,0.26785886,0.9370858590973256
2024-01-31,0.05,0.02666853,-0.018,-0.609,0.5029308,0.9500129665309662
2024-02-01,0.291,0.024811845,-0.006,-0.476,0.34425318,0.9482585191419908
2024-02-02,0.055055055055055,0.025016092,0.0,-0.7117117117117117,1.6374547,0.9531417091693868
2024-02-05,0.059059059059059,0.03968215,-0.1621621621621621,-0.7967967967967968,0.6793782,0.9635160298957016
2024-02-06,0.965,0.035551045,0.065,-0.021,-0.5039478,0.9637251436118688
2024-02-07,0.956,0.028296482,0.031,0.001,0.056869645,0.9645542539199023
2024-02-08,0.927,0.038450785,0.079,0.004,0.8974724,0.9694913638567254
2024-02-19,0.521,0.03164796,0.01,0.007,1.7931541,0.9554067739782338
2024-02-20,0.47,0.020791903,0.011,0.009,1.9976829,0.9249184875766164
2024-02-21,0.697,0.017787559,0.007,0.003,1.0684934,0.943209581822018
2024-02-22,0.828,0.019361595,0.006,0.009,2.1920135,0.9319757618628646
2024-02-23,0.818,0.020034473,0.012,0.004,1.424297,0.928747816127766
2024-02-26,0.603,0.021239001,0.009,0.005,1.474562,0.9381620250870222
2024-02-27,0.964,0.019956293,0.008,0.006,0.8276466,0.9260614738792076
2024-02-28,0.035,0.029766832,-0.016,0.002,0.41553152,0.942361143324304
2024-02-29,0.99,0.02183663,0.012,0.014,1.8842982,0.9380037410193908
2024-03-01,0.653,0.020381358,0.001,0.012,1.3041556,0.9206128572083468
2024-03-04,0.409,0.023876425,0.007,0.019,2.3531165,0.917649983788863
2024-03-05,0.179,0.019937627,0.002,0.011,1.8319544,0.9031067635809586
2024-03-06,0.4559118236472946,0.017733382,0.0040080160320641,0.0190380761523046,1.7704041,0.9151191044607756
2024-03-07,0.1913827655310621,0.02176001,0.003006012024048,0.0090180360721442,1.6736902,0.9244109253726503
2024-03-08,0.720440881763527,0.020637933,0.003006012024048,0.0150300601202404,2.2219052,0.9195725055779228
2024-03-11,0.8575727181544633,0.023380224,0.0110330992978936,0.0100300902708124,1.4323711,0.9283469240964306
2024-03-12,0.6326326326326326,0.023197716,0.014014014014014,0.004004004004004,0.8397943,0.9257966436974012
2024-03-13,0.4884884884884884,0.021489296,0.009009009009009,0.006006006006006,1.4624956,0.9125188083440164
2024-03-14,0.2622622622622622,0.019197185,0.004004004004004,0.008008008008008,1.5506818,0.921716631239822
2024-03-15,0.8318318318318318,0.019902986,0.012012012012012,0.013013013013013,0.9201511,0.9179063551254036
2024-03-18,0.8708708708708709,0.02070647,0.009009009009009,0.02002002002002,2.0158067,0.9263433655047952
2024-03-19,0.22,0.01839655,0.005,0.008,2.0797894,0.9111619246886982
2024-03-20,0.717,0.022331536,0.011,0.012,2.847806,0.906359559845646
2024-03-21,0.352,0.022319803,0.011,0.014,2.2578106,0.9048772257556692
2024-03-22,0.171,0.025640545,0.011,0.008,2.7371855,0.9048701847722856
2024-03-25,0.118,0.025046213,-0.001,0.002,0.39880347,0.8988398586212982
2024-03-26,0.439,0.024312312,0.006,0.005,1.2232127,0.8993478448636443
2024-03-27,0.072,0.028195905,0.001,-0.005,0.857685,0.9104304217385498
2024-03-28,0.852,0.025277922,0.011,0.008,1.9519098,0.9061423938287388
2024-03-29,0.697,0.024550663,0.012,0.019,1.1544688,0.8956906752591467
2024-04-01,0.871,0.024791153,0.014,0.017,0.8879509,0.9208895264377696
2024-04-02,0.406,0.025340358,0.004,0.015,1.0971705,0.9131710900059596
2024-04-03,0.358,0.025717,0.008,0.022,1.062375,0.9161507375329158
2024-04-08,0.148,0.02504966,0.001,0.005,1.0231326,0.9215285992236972
2024-04-09,0.801,0.023850087,0.007,0.013,1.6306309,0.9190868966330914
2024-04-10,0.121,0.021048818,0.001,0.009,1.2729238,0.9176905039579426
2024-04-11,0.519,0.024003487,0.003,0.022,1.1983078,0.9187960073784036
2024-04-12,0.238,0.023787143,0.003,0.01,0.69080853,0.9207263412934692
2024-04-15,0.288,0.031164985,-0.005,0.002,0.06492197,0.947728512569259
2024-04-16,0.061,0.033094805,-0.031,-0.073,1.1394442,0.9484030663890995
2024-04-17,0.962,0.028857527,0.033,0.017,0.43603244,0.9407769220630128
2024-04-18,0.397,0.024166556,0.009,0.015,2.2503393,0.922008007357016
2024-04-19,0.345,0.025370805,0.003,0.019,0.9176266,0.9135464710612494
2024-04-22,0.454,0.028634265,0.002,-0.003,0.6289778,0.9285764855321004
2024-04-23,0.47,0.02585404,-0.003,-0.012,-0.3172899,0.9275743188971798
2024-04-24,0.762,0.025650894,0.005,-0.006,0.46670064,0.9173711056234766
2024-04-25,0.5035035035035035,0.024179023,0.003003003003003,-0.001001001001001,0.57090986,0.915843876621288
2024-04-26,0.797,0.029145062,0.015,0.016,0.73473036,0.91748272591888
2024-04-29,0.8306613226452906,0.030904813,0.0210420841683366,0.0120240480961923,0.49359843,0.9306598834646534
2024-04-30,0.3155241935483871,0.027561799,-0.0040322580645161,0.0080645161290322,-0.1991026,0.9334074944183934
2024-05-06,0.8558558558558559,0.024297493,0.009009009009009,0.026026026026026,0.8188665,0.9442750675477404
2024-05-07,0.5425425425425425,0.022880344,0.008008008008008,0.021021021021021,2.158138,0.929868233366686
2024-05-08,0.1491491491491491,0.023992375,0.006006006006006,0.002002002002002,2.50121,0.9276192108136276
2024-05-09,0.8688688688688688,0.022297535,0.009009009009009,0.014014014014014,1.6951267,0.930971756711728
2024-05-10,0.2462462462462462,0.022672905,0.005005005005005,0.019019019019019,0.89381784,0.9296089219500208
2024-05-13,0.2352352352352352,0.026107626,0.003003003003003,0.017017017017017,0.86223394,0.9382624394121234
2024-05-14,0.6086086086086087,0.02110248,0.008008008008008,0.017017017017017,1.6841148,0.9235650190349176
2024-05-15,0.2112112112112112,0.018511146,0.001001001001001,-0.005005005005005,0.7775081,0.9143069939145826
2024-05-16,0.4044044044044044,0.018724363,0.002002002002002,-0.009009009009009,1.17738,0.9199437723823812
2024-05-17,0.8128128128128128,0.022532227,0.014014014014014,0.008008008008008,1.4025592,0.916516595056854
2024-05-20,0.5741482965931863,0.023655849,0.0090180360721442,0.0160320641282565,0.7335915,0.9257525525077622
2024-05-21,0.1793587174348697,0.018235236,0.001002004008016,-0.0070140280561122,2.0288558,0.9183820963237116
2024-05-22,0.5085085085085085,0.02219629,0.009009009009009,0.0,2.3327217,0.9205145198481886
2024-05-23,0.064064064064064,0.018389909,0.003003003003003,-0.01001001001001,2.21807,0.9294562071327516
2024-05-24,0.2332332332332332,0.021290978,0.002002002002002,-0.024024024024024,0.5065359,0.9246050262715112
2024-05-27,0.6916916916916916,0.022092687,-0.001001001001001,-0.008008008008008,0.49990726,0.9327156190848772
2024-05-28,0.1901901901901901,0.019824598,0.002002002002002,-0.018018018018018,1.49273,0.920553596062734
2024-05-29,0.4879759519038076,0.016881421,0.0,-0.0090180360721442,0.42681527,0.9213028110014312
2024-05-30,0.4138276553106212,0.021847961,0.0050100200400801,-0.0150300601202404,1.1906964,0.9251549311565326
2024-05-31,0.625250501002004,0.02057094,0.002004008016032,-0.0070140280561122,1.163295,0.9254600598395
2024-06-03,0.1723446893787575,0.023145419,-0.0050100200400801,-0.0430861723446893,0.20815054,0.936954966462794
2024-06-04,0.56312625250501,0.02157575,0.002004008016032,-0.034068136272545,-0.073016636,0.9304800791898292
2024-06-05,0.1482965931863727,0.016983274,-0.001002004008016,-0.064128256513026,0.43275684,0.9286788601755974
2024-06-06,0.0981963927855711,0.024114069,-0.001002004008016,-0.1212424849699398,0.54964775,0.9442364871990824
2024-06-07,0.7064128256513026,0.019353526,0.002004008016032,-0.0110220440881763,0.095748216,0.9273663718284948
2024-06-11,0.6392785571142284,0.02542723,0.0,-0.0120240480961923,1.026027,0.9208108350190498
2024-06-12,0.5901803607214429,0.017446006,0.0040080160320641,-0.0070140280561122,0.8564393,0.9243654909591196
2024-06-13,0.2942942942942942,0.01926904,0.001001001001001,-0.037037037037037,0.6031961,0.9241350070689934
2024-06-14,0.4954954954954955,0.017589357,0.002002002002002,-0.025025025025025,0.13640966,0.9224164130607272
2024-06-17,0.3783783783783784,0.021383354,0.003003003003003,-0.038038038038038,1.7468474,0.9223911446958444
2024-06-18,0.7187187187187187,0.018413087,0.001001001001001,-0.015015015015015,0.30885196,0.9227791452713658
2024-06-19,0.1312625250501002,0.018725714,0.0050100200400801,-0.06312625250501,2.700711,0.9165295737087906
2024-06-20,0.0981963927855711,0.01976368,0.0,-0.127254509018036,1.0199293,0.927467183749095
2024-06-21,0.4468937875751503,0.016419264,0.001002004008016,-0.0831663326653306,0.54588336,0.920413663671589
2024-06-24,0.038152610441767,0.019313728,-0.0050200803212851,-0.2178714859437751,1.0877578,0.9370774747497308
2024-06-25,0.4337349397590361,0.022375492,0.001004016064257,-0.1285140562248996,0.35179412,0.927693716350652
2024-06-26,0.928714859437751,0.02241868,0.0060240963855421,-0.002008032128514,0.709482,0.9305986339919624
2024-06-27,0.0451807228915662,0.017047111,0.0,-0.0572289156626506,3.1133184,0.926035500012914
2024-06-28,0.5491967871485943,0.020211417,0.003012048192771,-0.0612449799196787,0.65388185,0.9244865513462148
2024-07-01,0.7078313253012049,0.022370957,0.0090361445783132,-0.0301204819277108,0.09497665,0.9303299543204446
2024-07-02,0.3313313313313313,0.021568814,0.004004004004004,-0.047047047047047,1.9172453,0.9296324643336956
2024-07-03,0.2712712712712712,0.018082377,0.002002002002002,-0.05005005005005,1.1757033,0.9260997259974972
2024-07-04,0.052052052052052,0.016897274,0.003003003003003,-0.1611611611611611,1.4501476,0.9380922576650308
2024-07-05,0.7577577577577578,0.019283727,0.005005005005005,-0.032032032032032,1.2346264,0.9336763002251586
2024-07-08,0.069069069069069,0.021042908,0.001001001001001,-0.2452452452452452,2.2811759,0.9372613703115786
2024-07-09,0.8398398398398398,0.024945823,0.009009009009009,-0.057057057057057,0.7977824,0.9224255262415044
2024-07-10,0.3453453453453453,0.025582077,0.005005005005005,-0.1091091091091091,1.2771074,0.907551710584858
2024-07-11,0.9169169169169168,0.022080407,0.014014014014014,0.004004004004004,0.73327553,0.9220652794438048
2024-07-12,0.3633633633633634,0.019605504,0.007007007007007,-0.008008008008008,1.2006578,0.913172057711558
2024-07-15,0.1721721721721721,0.019087082,0.001001001001001,-0.05005005005005,1.0618163,0.913897591172084
2024-07-16,0.4324324324324324,0.018584479,0.0,-0.042042042042042,1.7322427,0.9004838865780183
2024-07-17,0.3463463463463463,0.021266585,0.0,-0.034034034034034,0.20046999,0.9126212625885136
2024-07-18,0.5070140280561122,0.019669773,0.001002004008016,-0.0390781563126252,1.3286905,0.9167094470328752
2024-07-19,0.5440881763527055,0.021705976,0.0050100200400801,-0.0090180360721442,1.6656306,0.9155625388128956
2024-07-22,0.4488977955911823,0.019699095,0.003006012024048,-0.0230460921843687,2.3447866,0.917637330997962
2024-07-23,0.0531062124248497,0.021407595,0.0040080160320641,-0.1112224448897795,1.490085,0.9192967228307466
2024-07-24,0.1472945891783567,0.020478152,0.001002004008016,-0.2004008016032064,1.8709341,0.91414999808706
2024-07-25,0.6332665330661322,0.020453019,0.0060120240480961,-0.0350701402805611,1.1586311,0.9094627271239724
2024-07-26,0.8527054108216433,0.019915702,0.0070140280561122,-0.0040080160320641,1.2351905,0.9150195354268678
2024-07-29,0.3266533066132264,0.0215019,0.0050100200400801,-0.034068136272545,0.6483718,0.9001876161331834
2024-07-30,0.6062124248496994,0.018170185,0.003006012024048,-0.0180360721442885,1.6738101,0.8938281101748236
2024-07-31,0.9799398194583752,0.02149033,0.0180541624874623,0.0050150451354062,0.61858386,0.9256047870271042
2024-08-01,0.3319959879638917,0.018342024,0.0050150451354062,0.0090270812437311,2.020472,0.9113142108559048
2024-08-02,0.19358074222668,0.020084418,0.0020060180541624,0.0040120361083249,0.6632213,0.8941933089071528
2024-08-05,0.0621865596790371,0.022486687,0.0,-0.037111334002006,0.17367242,0.9151691002005994
2024-08-06,0.9207622868605816,0.017783193,0.0020060180541624,0.0,-0.60358936,0.909601885859457
2024-08-07,0.3149448345035105,0.018173413,0.0050150451354062,-0.0030090270812437,1.7384397,0.9065607220817372
2024-08-08,0.5165496489468405,0.020965492,0.0040120361083249,-0.0120361083249749,0.5925795,0.9073086341491512
2024-08-09,0.1745235707121364,0.017709568,0.0010030090270812,-0.0320962888665998,-0.46914798,0.9186310422079362
2024-08-12,0.279839518555667,0.020974485,-0.0040120361083249,-0.0541624874623871,-0.85701,0.9209620002884
2024-08-13,0.6960882647943831,0.014881034,0.0010030090270812,-0.0160481444332999,0.092449255,0.9086384397604274
2024-08-14,0.1464393179538616,0.015933143,0.0010030090270812,-0.0641925777331996,1.9993984,0.907281977264754
2024-08-15,0.781563126252505,0.018324519,0.0080160320641282,-0.0210420841683366,3.4196386,0.9216791294721652
2024-08-16,0.250501002004008,0.020119365,0.003006012024048,-0.0661322645290581,1.0707276,0.9154506790105856
2024-08-19,0.4669338677354709,0.02481941,0.0100200400801603,-0.0691382765531062,1.6395667,0.9196339594199328
2024-08-20,0.06312625250501,0.01829921,0.003006012024048,-0.1513026052104208,2.3520887,0.9217444500727732
2024-08-21,0.2615230460921843,0.018976672,0.0040080160320641,-0.1292585170340681,1.7405477,0.911758753140274
2024-08-22,0.1372745490981964,0.021013496,0.0,-0.2104208416833667,1.7260803,0.9124861180523308
2024-08-23,0.438877755511022,0.02162399,0.0090180360721442,-0.1503006012024048,0.7254463,0.9092557174404384
2024-08-26,0.6462925851703407,0.02313423,0.0100200400801603,-0.0571142284569138,-0.39277446,0.9182592576889528
2024-08-27,0.2114228456913827,0.021062844,0.0040080160320641,-0.1392785571142284,1.6037765,0.9044638368474128
2024-08-28,0.594188376753507,0.019947853,0.0080160320641282,-0.0801603206412825,0.61809236,0.9164837249996955
2024-08-29,0.8386773547094188,0.024060395,0.0130260521042084,-0.0110220440881763,0.35905164,0.91480810659065
2024-08-30,0.8637274549098196,0.021054454,0.0130260521042084,0.002004008016032,1.1571206,0.9271387854652766
2024-09-02,0.127254509018036,0.0256324,0.003006012024048,-0.0741482965931863,1.6298196,0.917727440283156
2024-09-03,0.742,0.020608328,0.008,-0.014,2.2579937,0.909542567539738
2024-09-04,0.306,0.02040811,0.01,-0.038,3.1606252,0.888470353887096
2024-09-05,0.759,0.017219584,0.006,-0.002,1.0313332,0.8980777757139057
2024-09-06,0.079,0.018787842,0.004,-0.098,1.9527959,0.87825098776916
2024-09-09,0.227,0.019980049,0.01,-0.125,3.4555001,0.8919544671647066
2024-09-10,0.536,0.021002356,0.0,-0.08,0.819019,0.8918334588914585
2024-09-11,0.401,0.021524597,0.0,-0.079,2.4009538,0.8857280979469625
2024-09-12,0.362,0.019194782,0.006,-0.087,1.2081504,0.8914336414820729
2024-09-13,0.162,0.020911008,0.009,-0.179,1.1435863,0.8924119239968887
2024-09-18,0.322,0.0213838,0.003,-0.19,-0.039723143,0.905624536403806
2024-09-19,0.877,0.021205302,0.012,-0.003,1.2373224,0.9237644565942082
2024-09-20,0.273,0.019882612,0.009,-0.056,2.4494328,0.9093744813187687
2024-09-23,0.473,0.020407824,0.01,-0.064,1.4965636,0.8864274332671431
2024-09-24,0.972,0.023980035,0.021,0.003,0.7951968,0.9301885946099304
2024-09-25,0.687,0.022651717,0.011,0.003,2.0465791,0.9216510571111712
2024-09-26,0.971,0.023392865,0.029,0.011,1.1845187,0.924074259863083
2024-09-27,0.993,0.02785217,0.026,0.028,1.1783268,0.9249198681615936
2024-09-30,1.0,0.03982765,0.328,0.122,0.8879033,0.960093790946444
2024-10-08,0.957,0.062396172,0.227,0.231,0.52547055,0.9632001071450548
2024-10-09,0.056,0.048383627,-0.205,0.03,1.8608696,0.935958749521972
2024-10-10,0.442,0.03752049,-0.002,0.008,-0.5094567,0.9137465868536888
2024-10-11,0.063,0.031163596,-0.001,0.004,1.4208542,0.9131166949578594
2024-10-14,0.958,0.030370336,0.022,0.02,2.1471093,0.9044529719921875
2024-10-15,0.101,0.026388671,0.009,0.013,3.5875132,0.8658516089430391
2024-10-16,0.506,0.028068826,0.021,0.011,2.0658972,0.8680691735626028
2024-10-17,0.274,0.024221642,0.005,0.014,1.3326681,0.8552936543594546
2024-10-18,0.972,0.031492062,0.026,0.037,1.7428957,0.8887724949093475
2024-10-21,0.6316316316316316,0.035422537,0.03003003003003,0.046046046046046,1.9274415,0.8872893125580994
2024-10-22,0.6763527054108216,0.031701107,0.0150300601202404,0.033066132264529,-0.032923453,0.8761594401044126
2024-10-23,0.5571142284569138,0.030484544,0.0180360721442885,0.034068136272545,1.6573701,0.890445110696817
2024-10-24,0.280561122244489,0.025097078,0.0070140280561122,0.0150300601202404,1.2323259,0.874757463915462
2024-10-25,0.8316633266533067,0.0296566,0.0260521042084168,0.0290581162324649,1.5417607,0.9021739562153122
2024-10-28,0.7545090180360722,0.030984337,0.032064128256513,0.0501002004008016,1.6200248,0.9064782109293796
2024-10-29,0.1613226452905811,0.0326697,0.0220440881763527,0.0310621242484969,1.9076284,0.897462448961724
2024-10-30,0.3997995991983968,0.032397408,0.0290581162324649,0.0400801603206412,1.3666002,0.8849647399255001
2024-10-31,0.6753507014028056,0.032953702,0.0390781563126252,0.0621242484969939,1.533766,0.8752968076906735
2024-11-01,0.1981981981981982,0.04213784,-0.004004004004004,0.031031031031031,0.36357147,0.8775023777564351
2024-11-04,0.8588588588588588,0.029836655,0.017017017017017,0.036036036036036,0.04966473,0.8774412780216777
2024-11-05,0.960960960960961,0.028215857,0.031031031031031,0.09009009009009,1.4316112,0.8951557135501805
2024-11-06,0.4839679358717434,0.028694227,0.0260521042084168,0.0751503006012024,1.3350956,0.901616590583062
2024-11-07,0.8346693386773547,0.030027885,0.0250501002004008,0.1012024048096192,0.2088657,0.9115549197227314
2024-11-08,0.3977955911823647,0.03141283,0.0170340681362725,0.0571142284569138,2.018197,0.9087361908030436
2024-11-11,0.749498997995992,0.038309813,0.032064128256513,0.1032064128256513,1.4769592,0.9125858942340208
2024-11-12,0.2565130260521042,0.02945455,0.0060120240480961,0.0300601202404809,1.0357457,0.9140029922110616
2024-11-13,0.3937875751503006,0.024830671,0.0070140280561122,0.0280561122244488,0.9589031,0.904732852767042
2024-11-14,0.0470941883767535,0.021381786,0.001002004008016,0.0110220440881763,1.1747175,0.90286410357586
2024-11-15,0.1392785571142284,0.027967194,0.0040080160320641,0.0110220440881763,0.9222934,0.8991489771539579
2024-11-18,0.2402402402402402,0.036210977,0.0,0.011011011011011,0.18201303,0.9101335713540356
2024-11-19,0.9029029029029028,0.025663253,0.012012012012012,0.016016016016016,0.31519374,0.8955134749349408
2024-11-20,0.804,0.027128922,0.027,0.034,1.8682019,0.9008038097805576
2024-11-21,0.359,0.023365093,0.013,0.025,2.3401084,0.8727724814335437
2024-11-22,0.068,0.028849177,0.009,0.009,2.643644,0.8901996056002381
2024-11-25,0.661,0.027909169,0.014,0.014,1.224576,0.8851553622691876
2024-11-26,0.262,0.027890911,-0.001,0.005,0.5007175,0.8841660350745545
2024-11-27,0.901,0.025515025,0.017,0.017,1.3529034,0.8911119651823945
2024-11-28,0.3313313313313313,0.023957757,0.01001001001001,0.016016016016016,1.2267841,0.8796712457422017
2024-11-29,0.851,0.024900353,0.018,0.023,1.6659055,0.8953495327112904
2024-12-02,0.881,0.025646763,0.023,0.042,1.2542975,0.9036075017521747
2024-12-03,0.379,0.022992508,0.015,0.034,1.5097963,0.9000480085348112
2024-12-04,0.1461461461461461,0.02390942,0.009009009009009,0.017017017017017,2.0968654,0.9004468815409222
2024-12-05,0.697,0.025393045,0.019,0.027,1.8977054,0.8927304249511195
2024-12-06,0.73,0.024131915,0.011,0.04,1.3284607,0.9018999942524228
2024-12-09,0.301,0.022927174,0.008,0.034,1.2263529,0.9138116124061132
2024-12-10,0.62,0.023701992,0.016,0.034,1.9892131,0.9215234220300328
2024-12-11,0.768,0.026599314,0.02,0.07,1.1685086,0.9082382598825658
2024-12-12,0.624,0.023645915,0.014,0.062,1.594143,0.9103661555078628
2024-12-13,0.1091091091091091,0.025621563,0.013013013013013,0.021021021021021,2.7228446,0.9161102300412812
2024-12-16,0.2572572572572572,0.026449647,0.005005005005005,0.023023023023023,1.1754292,0.8950292336472704
2024-12-17,0.1263791374122367,0.025241159,-0.0110330992978936,0.0140421263791374,0.20687166,0.8984327894155989
2024-12-18,0.522567703109328,0.025052575,0.0090270812437311,0.0170511534603811,2.0903382,0.8835688139927153
2024-12-19,0.4503510531594784,0.023650939,0.0040120361083249,0.0170511534603811,1.3084735,0.8894869185660395
2024-12-20,0.6112224448897795,0.02508115,0.0100200400801603,0.0310621242484969,1.9671042,0.8924047977643212
2024-12-23,0.1053159478435305,0.028917596,-0.0060180541624874,0.0120361083249749,0.76960933,0.9074460621282974
2024-12-24,0.7903711133400201,0.019642625,0.0080240722166499,0.0190571715145436,0.60050964,0.9034327507815114
2024-12-25,0.230692076228686,0.02271883,0.0020060180541624,0.0120361083249749,0.48777056,0.8987577133562435
2024-12-26,0.5742971887550201,0.024600452,0.0120481927710843,0.0291164658634538,2.1713421,0.8915331623078601
2024-12-27,0.6325301204819277,0.022737918,0.0040160642570281,0.0200803212851405,0.26160574,0.9000506532415977
2024-12-30,0.2964824120603015,0.022584293,0.0060301507537688,0.0251256281407035,1.3467021,0.904228164618867
2024-12-31,0.0872617853560682,0.025082672,0.0010030090270812,0.0060180541624874,0.7472278,0.907526309018633
2025-01-02,0.1022044088176352,0.025163265,0.002004008016032,0.0060120240480961,1.4653748,0.9222959465178652
2025-01-03,0.1142284569138276,0.028689787,-0.0060120240480961,0.0,0.2150865,0.9242727578020196
2025-01-06,0.5115346038114343,0.029393489,0.0070210631895687,0.0030090270812437,-0.28951403,0.9208432873757604
2025-01-07,0.6613226452905812,0.027263679,0.0120240480961923,0.0050100200400801,1.2385644,0.9038979781560982
2025-01-08,0.2437311935807422,0.02398577,0.0050150451354062,0.0090270812437311,2.1125746,0.9107232014862898
2025-01-09,0.4182547642928786,0.021072447,0.0100300902708124,0.0060180541624874,1.407626,0.8885140113448273
2025-01-10,0.0882647943831494,0.024326926,0.0030090270812437,-0.0010030090270812,1.7120472,0.8938318526042124
2025-01-13,0.5947843530591775,0.022963472,0.0040120361083249,0.0,1.1397338,0.9069390288504624
2025-01-14,0.9949849548645938,0.02268215,0.0180541624874623,0.0120361083249749,1.1304427,0.9104222411178884
2025-01-15,0.2407221664994984,0.018988164,0.0060180541624874,0.0090270812437311,1.7713208,0.8906339933065515
2025-01-16,0.6052104208416834,0.019861206,0.0080160320641282,0.0090180360721442,2.327024,0.8960120001917724
2025-01-17,0.6392785571142284,0.01996898,0.0040080160320641,0.0180360721442885,1.441698,0.8887167386526078
2025-01-20,0.6399197592778335,0.021025691,0.0020060180541624,0.0150451354062186,0.9405208,0.9008554582278748
2025-01-21,0.3971915747241725,0.025819916,0.0020060180541624,0.025075225677031,1.9834214,0.8746625141140356
2025-01-22,0.2092092092092092,0.020942008,0.002002002002002,0.013013013013013,0.27675444,0.8807309291645646
2025-01-23,0.398,0.019736167,0.001,0.005,0.66159743,0.8921339432117374
2025-01-24,0.844,0.025769668,0.006,0.022,1.4598958,0.8914323989555935
2025-01-27,0.339,0.029100884,-0.006,0.009,-0.14346692,0.8869239606541788
2025-02-05,0.579,0.035550095,0.005,0.013,0.30862394,0.8934070496484259
2025-02-06,0.883,0.027959434,0.025,0.047,1.6558254,0.8839632961706585
2025-02-07,0.824,0.021777052,0.014,0.037,2.4019403,0.8930753641076631
2025-02-10,0.612,0.028387187,0.024,0.037,2.1975086,0.8915494725616566
2025-02-11,0.3343343343343343,0.02312417,0.013013013013013,0.03003003003003,1.7353097,0.881875737980098
2025-02-12,0.6866866866866866,0.023033576,0.016016016016016,0.049049049049049,1.9481941,0.8815679610111167
2025-02-13,0.235,0.027280131,0.011,0.02,1.7949238,0.8759848955876491
2025-02-14,0.488,0.02891404,0.013,0.034,1.9300095,0.8806700487661403
2025-02-17,0.4734734734734734,0.028110733,0.01001001001001,0.036036036036036,1.5816138,0.8856271236157052
2025-02-18,0.1441441441441441,0.026584674,-0.001001001001001,0.011011011011011,0.5180554,0.8922241689882955
2025-02-19,0.8198198198198198,0.028015316,0.017017017017017,0.053053053053053,2.0020406,0.8817243349085466
2025-02-20,0.5370741482965932,0.025165288,0.0140280561122244,0.0511022044088176,2.304986,0.8859202435948607
2025-02-21,0.6056056056056056,0.032091666,0.029029029029029,0.075075075075075,2.4433403,0.8891201643841234
2025-02-24,0.4854854854854855,0.029001996,0.015015015015015,0.053053053053053,0.91145086,0.894672784008228
2025-02-25,0.2755511022044088,0.027395641,0.0120240480961923,0.0310621242484969,2.5200844,0.8874667398864252
2025-02-26,0.812625250501002,0.024524145,0.0210420841683366,0.0541082164328657,2.0207396,0.894826424385809
2025-02-27,0.3937875751503006,0.027732756,0.0110220440881763,0.0430861723446893,1.519025,0.893651482165991
2025-02-28,0.1081081081081081,0.03242386,-0.011011011011011,0.009009009009009,0.06478451,0.9024299649094774
2025-03-03,0.5105105105105106,0.027424656,0.009009009009009,0.008008008008008,0.6328586,0.9023526409513664
2025-03-04,0.7014028056112225,0.026465174,0.0110220440881763,0.0200400801603206,1.939273,0.8957840685822509
2025-03-05,0.4328657314629258,0.024789236,0.0130260521042084,0.0300601202404809,2.0637634,0.891383421100267
2025-03-06,0.8204613841524574,0.027691465,0.0260782347041123,0.0391173520561685,2.119117,0.8939167264667102
2025-03-07,0.3350050150451354,0.02544184,0.0070210631895687,0.0310932798395185,1.4817548,0.8847039414767487
2025-03-10,0.5807422266800402,0.026020372,0.0080240722166499,0.037111334002006,1.1831067,0.8995744084725166
2025-03-11,0.5415415415415415,0.021788139,0.008008008008008,0.039039039039039,1.3010205,0.8945512058919481
2025-03-12,0.4404404404404404,0.022350768,0.013013013013013,0.03003003003003,1.4958994,0.8958082725252391
2025-03-13,0.2952952952952953,0.025931204,0.002002002002002,0.018018018018018,0.14930157,0.904865807668472
2025-03-14,0.8468468468468469,0.0229556,0.012012012012012,0.023023023023023,1.7318798,0.9162539007170216
2025-03-17,0.5360721442885772,0.021621637,0.0070140280561122,0.0210420841683366,1.2046298,0.9177985610216616
2025-03-18,0.4974974974974975,0.020468049,0.006006006006006,0.028028028028028,2.346157,0.9137631717556176
2025-03-19,0.2795591182364729,0.020803861,0.0050100200400801,0.0270541082164328,1.459554,0.908704980537214
2025-03-20,0.3206412825651302,0.020971801,0.0080160320641282,0.0230460921843687,1.2980229,0.9075450910562252
2025-03-21,0.18937875751503,0.024383178,0.0040080160320641,0.0130260521042084,0.2960238,0.9237655219330266
2025-03-24,0.3323323323323323,0.02671328,0.005005005005005,0.015015015015015,0.5333482,0.92913165362643
2025-03-25,0.4594594594594595,0.023574887,0.001001001001001,0.014014014014014,-0.06073044,0.916401575669164
2025-03-26,0.5645645645645646,0.018366775,0.005005005005005,0.014014014014014,2.1275287,0.9183740269934788
2025-03-27,0.4232698094282848,0.023361035,0.0030090270812437,0.0120361083249749,1.2432157,0.926919261476888
2025-03-28,0.216867469879518,0.021743217,0.001004016064257,0.0130522088353413,0.9108939,0.9258947367299952
2025-03-31,0.2730923694779116,0.02531514,0.0050200803212851,0.0070281124497991,0.8697178,0.926112305101533
2025-04-01,0.6542713567839196,0.023548758,0.0050251256281407,0.022110552763819,1.0354332,0.9319430864266696
2025-04-02,0.5391566265060241,0.016479308,0.002008032128514,0.0130522088353413,1.1153587,0.9230511526486612
2025-04-03,0.3323293172690763,0.024681455,0.002008032128514,0.0150602409638554,-0.45892674,0.9293922691737796
2025-04-07,0.0160804020100502,0.046442144,-0.6010050251256281,-0.0653266331658291,0.06307255,0.9521990244954236
2025-04-08,0.6516064257028112,0.045747,-0.0050200803212851,-0.0120481927710843,-0.4639007,0.951742342753932
2025-04-09,0.7953861584754263,0.028659064,0.0140421263791374,-0.0030090270812437,1.1449661,0.9428712659507508
2025-04-10,0.9037111334002006,0.022694055,0.0210631895687061,0.0120361083249749,1.5219305,0.9342762853333731
2025-04-11,0.6349047141424273,0.028499622,0.0160481444332999,0.0100300902708124,1.5222977,0.924627529070874
2025-04-14,0.8046092184368737,0.022010965,0.0140280561122244,0.0140280561122244,2.421827,0.928757438234257
2025-04-15,0.3550651955867603,0.021384798,0.0050150451354062,0.0120361083249749,0.811391,0.9250372578147306
2025-04-16,0.1781781781781782,0.020101203,0.002002002002002,0.005005005005005,0.08063279,0.9240114268145124
2025-04-17,0.4764764764764764,0.01926268,0.009009009009009,0.004004004004004,1.0793133,0.9159660760908028
2025-04-18,0.4054054054054054,0.021822639,0.008008008008008,0.003003003003003,0.6135554,0.917700065851443
2025-04-21,0.8248248248248248,0.02603779,0.017017017017017,0.008008008008008,0.97743016,0.9200427056252144
2025-04-22,0.4724724724724725,0.023249405,0.006006006006006,0.015015015015015,1.228746,0.9163640183180816
2025-04-23,0.5460921843687375,0.026235245,0.0040080160320641,0.0040080160320641,0.0059624445,0.9130712414873764
2025-04-24,0.2982982982982983,0.022551453,0.003003003003003,0.007007007007007,0.31606296,0.9211770204750044
2025-04-25,0.5705705705705706,0.020575052,0.004004004004004,0.005005005005005,0.34578615,0.9228222948015616
2025-04-28,0.2094188376753507,0.025406254,-0.0040080160320641,-0.0080160320641282,-0.07418515,0.929644030741454
2025-04-29,0.6056056056056056,0.025759155,-0.005005005005005,0.0,-0.45314118,0.9230534382049153
2025-04-30,0.5632530120481928,0.025014998,0.0070281124497991,0.0,1.0069935,0.9265908864495912
2025-05-06,0.9166666666666666,0.022557754,0.0080321285140562,0.0140562248995983,0.8862981,0.9291159918765892
2025-05-07,0.5480961923847696,0.019107295,0.0090180360721442,0.0080160320641282,1.7434741,0.9263924320065312
2025-05-08,0.6422845691382766,0.021176167,0.0110220440881763,0.0070140280561122,2.806027,0.9194193543177234
2025-05-09,0.219438877755511,0.020737886,0.0060120240480961,0.0100200400801603,1.5089409,0.9207466192066128
2025-05-12,0.7695390781563126,0.021372711,0.0040080160320641,0.0080160320641282,0.84871453,0.921162986248544
2025-05-13,0.4108216432865731,0.019295983,0.0080160320641282,0.0090180360721442,1.3720529,0.9248144492520942
2025-05-14,0.4659318637274549,0.018684639,0.0080160320641282,0.0110220440881763,3.0815523,0.9212285830461948
2025-05-15,0.1593186372745491,0.021430587,0.0100200400801603,0.0150300601202404,1.5160743,0.9209869106337968
2025-05-16,0.4579158316633266,0.01850708,0.0080160320641282,0.0160320641282565,1.9458773,0.9230489977548972
2025-05-19,0.6372745490981964,0.021561125,0.0120240480961923,0.0240480961923847,1.9561436,0.9279517024113224
2025-05-20,0.6566566566566566,0.023353394,0.012012012012012,0.025025025025025,2.4134085,0.9185812828169158
2025-05-21,0.3687374749498998,0.02164521,0.0060120240480961,0.0210420841683366,2.5188193,0.9127578959423874
2025-05-22,0.1534603811434303,0.020785768,0.0050150451354062,0.0170511534603811,3.4752903,0.9234439910273524
2025-05-23,0.1855566700100301,0.019065307,0.0030090270812437,0.0030090270812437,1.2871039,0.9241149019908728
2025-05-26,0.6489468405215647,0.021198478,0.0060180541624874,0.0060180541624874,2.101259,0.9211314717762517
2025-05-27,0.4343029087261785,0.019745812,0.0040120361083249,0.0130391173520561,1.5074482,0.9174620066144752
2025-05-28,0.3309929789368104,0.019470835,0.0020060180541624,0.0100300902708124,1.3573365,0.9141515806806292
2025-05-29,0.8425275827482447,0.023949198,0.0150451354062186,0.0160481444332999,2.797811,0.9242788487358442
2025-05-30,0.2527582748244734,0.02201707,0.0040120361083249,0.0150451354062186,1.1969675,0.9166885426112402
2025-06-03,0.5827482447342026,0.022651903,0.0120361083249749,0.0300902708124373,2.1532154,0.921848859639252
2025-06-04,0.724172517552658,0.020807471,0.0090270812437311,0.0441323971915747,2.1029806,0.9206456396992196
2025-06-05,0.5150300601202404,0.024928836,0.0110220440881763,0.0180360721442885,1.2620803,0.912692022947694
2025-06-06,0.4024024024024024,0.02060984,0.005005005005005,0.009009009009009,1.4723777,0.913427779087311
2025-06-09,0.7364729458917836,0.019459734,0.0090180360721442,0.0190380761523046,2.090615,0.9255691576713826
2025-06-10,0.2312312312312312,0.02017121,0.004004004004004,0.019019019019019,1.5634394,0.9339337475821192
2025-06-11,0.6096096096096096,0.016998546,0.006006006006006,0.018018018018018,1.748447,0.920735583521288
2025-06-12,0.3803803803803803,0.019150594,0.006006006006006,0.024024024024024,1.6099762,0.9192684994946276
2025-06-13,0.1531531531531531,0.022307128,0.009009009009009,0.014014014014014,1.6861738,0.9245019506737794
2025-06-16,0.5985985985985987,0.022768155,0.009009009009009,0.014014014014014,2.6220343,0.904648195957788
2025-06-17,0.4934934934934935,0.021741292,0.007007007007007,0.018018018018018,1.3476187,0.9002307196544529
2025-06-18,0.3493493493493493,0.021886852,0.005005005005005,0.012012012012012,2.2492418,0.8952751514497628
2025-06-19,0.1581581581581581,0.020254912,0.005005005005005,-0.002002002002002,1.2064166,0.9083267451864244
2025-06-20,0.3173173173173173,0.021307578,0.005005005005005,-0.002002002002002,0.759217,0.90700063930482
2025-06-23,0.7767767767767768,0.02102674,0.01001001001001,0.012012012012012,2.0045526,0.903204102000816
2025-06-24,0.8908908908908909,0.023004062,0.003003003003003,0.015015015015015,0.48438334,0.9111193137414548
2025-06-25,0.8068068068068068,0.020994749,0.017017017017017,0.017017017017017,2.4963617,0.9047075006720892
2025-06-26,0.2492492492492492,0.020023603,0.009009009009009,0.021021021021021,3.274166,0.8921041787747267
2025-06-27,0.5875875875875876,0.021771135,0.014014014014014,0.022022022022022,2.5402741,0.8907200108852906
2025-06-30,0.7007007007007007,0.02089391,0.012012012012012,0.027027027027027,1.5964462,0.9046814728754752
2025-07-01,0.5105105105105106,0.02407051,0.006006006006006,0.025025025025025,1.7096145,0.9017959084529668
2025-07-02,0.318,0.02290986,0.002,0.018,1.2570773,0.9161998173288538
2025-07-03,0.581,0.020449556,0.006,0.025,2.1625972,0.9185079483229192
2025-07-04,0.279,0.020828309,0.008,0.024,1.7825305,0.9107213800224864
2025-07-07,0.5255255255255256,0.01983666,0.007007007007007,0.03003003003003,1.6668508,0.8980342359693609
2025-07-08,0.827,0.020191763,0.005,0.035,1.9383088,0.91563729797991
2025-07-09,0.327,0.019100985,0.007,0.024,3.1675932,0.9191020830678402
2025-07-10,0.61,0.019443251,0.009,0.029,1.4536018,0.9059777590702124
2025-07-11,0.654,0.021813542,0.01,0.035,2.119588,0.9146003406035648
2025-07-14,0.4904904904904905,0.021240314,0.007007007007007,0.039039039039039,0.8009094,0.9203792029214942
2025-07-15,0.2872872872872873,0.024079608,0.004004004004004,0.033033033033033,1.3900236,0.9231763971061614
2025-07-16,0.5855855855855856,0.02013714,0.007007007007007,0.026026026026026,1.7582271,0.9175356143619604
2025-07-17,0.6916916916916916,0.020602532,0.011011011011011,0.046046046046046,2.580546,0.9186842893753994
2025-07-18,0.5305305305305306,0.01838479,0.005005005005005,0.035035035035035,1.5225425,0.9196066537328668
2025-07-21,0.7217217217217218,0.025067538,0.019019019019019,0.051051051051051,2.0998979,0.9301157390718896
2025-07-22,0.5445445445445446,0.023612747,0.014014014014014,0.062062062062062,1.3385096,0.9299233266868402
2025-07-23,0.2482482482482482,0.020696886,0.004004004004004,0.032032032032032,1.0196298,0.932089847338164
2025-07-24,0.8408408408408409,0.022307122,0.014014014014014,0.045045045045045,1.5391433,0.9329170756114556
2025-07-25,0.4054054054054054,0.021819899,0.005005005005005,0.037037037037037,1.3896315,0.9296052628698602
2025-07-28,0.4074074074074074,0.02350822,0.007007007007007,0.051051051051051,2.5266244,0.9269480112415244
2025-07-29,0.4894894894894895,0.024671605,0.009009009009009,0.066066066066066,2.6186352,0.9247372364320317
2025-07-30,0.3233233233233233,0.022952594,0.004004004004004,0.038038038038038,1.305671,0.9257206314850082
2025-07-31,0.1843687374749499,0.02539481,0.0120240480961923,0.0260521042084168,3.6043866,0.9273412378976054
2025-08-01,0.5595595595595596,0.020496616,0.001001001001001,0.026026026026026,-0.31060487,0.9130047065736464
2025-08-04,0.6806806806806807,0.022340897,0.013013013013013,0.041041041041041,1.8726509,0.9193304277003648
2025-08-05,0.6966966966966966,0.019782431,0.009009009009009,0.04004004004004,1.8261102,0.915315035979207
2025-08-06,0.6416416416416416,0.023531877,0.01001001001001,0.052052052052052,2.13527,0.91673903951492
2025-08-07,0.3713713713713714,0.02278758,0.009009009009009,0.046046046046046,2.3807843,0.9161914201972978
2025-08-08,0.4234234234234234,0.02406694,0.01001001001001,0.044044044044044,0.85473156,0.915336161989191
2025-08-11,0.7787787787787788,0.023376424,0.01001001001001,0.064064064064064,2.063893,0.9261518506299738
2025-08-12,0.45,0.022750111,0.008,0.048,2.4232109,0.9130635424362388
2025-08-13,0.65,0.027477967,0.025,0.09,2.729158,0.9208131800885326
2025-08-14,0.145,0.024408892,0.003,0.033,1.8814081,0.9101326985882252
2025-08-15,0.906,0.025775855,0.015,0.079,2.2230706,0.9106241868400944
2025-08-18,0.6936936936936937,0.028773762,0.018018018018018,0.0980980980980981,2.037254,0.9253444366209482
2025-08-19,0.4524524524524524,0.02540369,0.011011011011011,0.072072072072072,1.7503046,0.9177155996823136
2025-08-20,0.7277277277277278,0.02433259,0.012012012012012,0.084084084084084,1.3492504,0.9262214421922738
2025-08-21,0.3653653653653653,0.024381645,0.006006006006006,0.043043043043043,1.402363,0.926710930462816
2025-08-22,0.6376376376376376,0.027838685,0.022022022022022,0.064064064064064,2.4683058,0.928692909203398
2025-08-25,0.6836836836836837,0.02731746,0.017017017017017,0.1061061061061061,1.395064,0.9328032298909869
2025-08-26,0.4874874874874875,0.024384895,0.012012012012012,0.084084084084084,0.8135591,0.9260045899133212
2025-08-27,0.1201201201201201,0.026920566,0.006006006006006,0.039039039039039,1.9933766,0.9309189416867684
2025-08-28,0.5985985985985987,0.030284502,0.011011011011011,0.083083083083083,1.892627,0.9278366844458148
2025-08-29,0.3887775551102204,0.029126467,0.0090180360721442,0.0681362725450901,1.6564444,0.92094893354042
2025-09-01,0.5120240480961924,0.03048095,0.0150300601202404,0.0881763527054108,1.7920511,0.9241321735072646
2025-09-02,0.1763527054108216,0.030785391,-0.001002004008016,0.0260521042084168,0.35301158,0.9219847414999576
2025-09-03,0.1771771771771771,0.027988913,-0.003003003003003,0.028028028028028,1.5720918,0.9172767171807852
2025-09-04,0.3413413413413413,0.031015428,-0.013013013013013,0.007007007007007,-0.97820926,0.9262482294206194
2025-09-05,0.9109109109109108,0.028207328,0.016016016016016,0.041041041041041,1.4538951,0.9205745839942212
2025-09-08,0.685,0.028843362,0.012,0.053,0.9743572,0.9258242893801314
2025-09-09,0.232,0.025128162,0.008,0.039,1.3299927,0.9252353318288749
2025-09-10,0.394,0.021249171,0.01,0.025,1.5619267,0.9155139427122004
2025-09-11,0.8278278278278278,0.027829032,0.02002002002002,0.045045045045045,1.9319255,0.9228695866866564
2025-09-12,0.422,0.02578476,0.016,0.04,1.7809994,0.9214571539511291
2025-09-15,0.334,0.023062706,0.007,0.039,1.9526312,0.9130890142290674
2025-09-16,0.593,0.024651837,0.014,0.04,1.9410083,0.9176346592956164
2025-09-17,0.5235235235235235,0.024260942,0.014014014014014,0.054054054054054,2.0571098,0.9121319123964678
2025-09-18,0.2022022022022022,0.028073244,0.007007007007007,0.042042042042042,2.4493442,0.920329356584212
2025-09-19,0.4284284284284284,0.026359977,0.009009009009009,0.025025025025025,0.49059448,0.9089862080863144
2025-09-22,0.4444444444444444,0.028191434,0.015015015015015,0.036036036036036,1.5999621,0.908688096612097
2025-09-23,0.2242242242242242,0.026538454,0.009009009009009,0.035035035035035,1.7712382,0.9189093573249012
2025-09-24,0.8348348348348348,0.024473963,0.005005005005005,0.055055055055055,1.4017395,0.9024046965445948
2025-09-25,0.2982982982982983,0.021634037,0.003003003003003,0.03003003003003,1.0964644,0.9104276785518508
2025-09-26,0.3093093093093093,0.027257483,0.003003003003003,0.026026026026026,0.71480054,0.911386978907166
2025-09-29,0.6736736736736737,0.024277978,0.013013013013013,0.044044044044044,1.7831568,0.914736348999844
2025-09-30,0.561,0.027620122,0.017,0.066,2.087761,0.9113748799214252
2025-10-09,0.691,0.03113934,0.013,0.085,0.75644463,0.9191222396085068
2025-10-10,0.485,0.03357178,0.012,0.041,0.024592597,0.926721531556788
2025-10-13,0.291,0.02990588,0.015,0.046,2.0068944,0.9237452664630256
2025-10-14,0.295,0.029477846,0.005,0.025,0.37457106,0.9188638631300312
2025-10-15,0.8,0.023284571,0.009,0.036,0.56675595,0.9175661822807494
2025-10-16,0.202,0.02380353,0.009,0.022,1.9546477,0.9179727645565232
2025-10-17,0.096,0.02551299,-0.001,0.002,0.4422335,0.9250552345186044
2025-10-20,0.666,0.02262268,0.009,0.015,1.3285464,0.9188200295570064
2025-10-21,0.826,0.020074124,0.01,0.024,1.979567,0.9127200528939212
2025-10-22,0.368,0.022040848,0.003,0.016,0.784272,0.9101119207843188
2025-10-23,0.557,0.023836063,0.013,0.02,1.3862079,0.9213908168429764
2025-10-24,0.556,0.029103307,0.009,0.02,1.4949574,0.908347049978766
2025-10-27,0.6396396396396397,0.025148064,0.007007007007007,0.031031031031031,1.6404052,0.910466271491658
2025-10-28,0.3763763763763764,0.024660436,0.01001001001001,0.022022022022022,1.1310424,0.9085334486958748
2025-10-29,0.6176176176176176,0.025633877,0.013013013013013,0.043043043043043,1.1684033,0.9066269988929476
2025-10-30,0.2312312312312312,0.026721204,0.009009009009009,0.028028028028028,1.3807701,0.9139622809477536
2025-10-31,0.6206206206206206,0.02942354,0.0,0.026026026026026,0.35412994,0.9145854982422792
2025-11-03,0.5955955955955956,0.025647106,0.014014014014014,0.031031031031031,1.4645725,0.9214085781138476
2025-11-04,0.237,0.020622974,0.002,0.01,0.82760054,0.9182301055962656
2025-11-05,0.545,0.021928074,0.011,0.028,1.7327727,0.9155138736829516
2025-11-06,0.644,0.024694543,0.009,0.042,1.7887771,0.91221600131876
2025-11-07,0.415,0.025710633,0.011,0.05,1.9404817,0.9099205026772356
2025-11-10,0.6326326326326326,0.024508039,0.003003003003003,0.048048048048048,0.88682586,0.9131712292405784
2025-11-11,0.4614614614614614,0.024205068,0.013013013013013,0.049049049049049,2.1994069,0.912567619092574
2025-11-12,0.2972972972972973,0.023975452,0.006006006006006,0.024024024024024,1.2722065,0.9116420098904358
2025-11-13,0.7407407407407407,0.024430672,0.015015015015015,0.067067067067067,2.5402193,0.9061593270248726
2025-11-14,0.2582582582582582,0.024726814,0.006006006006006,0.038038038038038,0.9459502,0.9115047598647886
2025-11-17,0.447,0.024602951,0.013,0.046,1.7128521,0.9111732454855108
2025-11-18,0.253,0.024164947,-0.003,0.008,0.05666766,0.8983832301401025
2025-11-19,0.246,0.0234056,0.004,0.008,1.412217,0.8997843168041736
2025-11-20,0.296,0.020887041,0.002,0.003,0.60971206,0.894158087876001
2025-11-21,0.065,0.028821636,-0.014,-0.019,1.0483446,0.9150451650832058
2025-11-24,0.76,0.026518462,0.003,-0.001,0.19695456,0.8974778425120807
2025-11-25,0.7287287287287287,0.023600737,0.008008008008008,0.008008008008008,2.4789615,0.8894910432260632
2025-11-26,0.3617234468937875,0.023288237,0.0100200400801603,0.001002004008016,2.674852,0.8847872142762786
2025-11-27,0.4408817635270541,0.022152947,0.0060120240480961,0.0050100200400801,1.7515532,0.8769675236022105
2025-11-28,0.749498997995992,0.021239812,0.0050100200400801,0.0060120240480961,2.599691,0.8804161198778679
2025-12-01,0.6643286573146293,0.023176786,0.0060120240480961,0.0130260521042084,1.4927725,0.8967220337393975
2025-12-02,0.2545090180360721,0.018501058,0.0040080160320641,0.001002004008016,1.8617437,0.8898848449956179
2025-12-03,0.3066132264529058,0.022078924,0.0040080160320641,0.0050100200400801,0.13334589,0.8954374412936116
2025-12-04,0.3547094188376753,0.021548556,0.0050100200400801,-0.0100200400801603,1.765394,0.895412997855329
2025-12-05,0.779559118236473,0.023381615,0.0090180360721442,0.0200400801603206,1.6947075,0.8934010404974861
2025-12-08,0.531062124248497,0.024183992,0.0120240480961923,0.0140280561122244,2.3457847,0.8853471347311742
2025-12-09,0.2252252252252252,0.020501882,0.006006006006006,-0.003003003003003,2.1011138,0.8774547406750988
2025-12-10,0.542,0.019717842,0.009,0.012,1.6676039,0.8879928095434962
2025-12-11,0.154,0.021965137,0.003,-0.023,1.8962704,0.8881303848364703
2025-12-12,0.5515515515515516,0.023330754,0.01001001001001,-0.003003003003003,1.3672247,0.8923682538995256
2025-12-15,0.3593593593593593,0.026581103,0.008008008008008,-0.008008008008008,0.51857376,0.8939074839406737
2025-12-16,0.1841841841841842,0.022542326,-0.003003003003003,-0.025025025025025,0.19787967,0.8993019346468922
2025-12-17,0.7647647647647647,0.023552455,0.003003003003003,0.002002002002002,0.90668803,0.8938308503750457
2025-12-18,0.4468937875751503,0.022251708,0.0050100200400801,0.0050100200400801,1.3250276,0.8839180221827744
2025-12-19,0.7965931863727455,0.020119578,0.0060120240480961,0.0120240480961923,0.9563883,0.8967786541331593
2025-12-22,0.5731462925851704,0.0245477,0.0150300601202404,0.0170340681362725,1.8561423,0.8955974974798797
2025-12-23,0.3053053053053053,0.0239754,0.007007007007007,0.011011011011011,2.3973458,0.8851798183258823
2025-12-24,0.7987987987987988,0.022416055,0.014014014014014,0.021021021021021,2.1855736,0.8813352987443004
2025-12-25,0.672,0.023030438,0.011,0.032,1.9299518,0.8859532713567374
2025-12-26,0.42,0.021500483,0.014,0.038,1.6944175,0.8862231757197722
2025-12-29,0.3443443443443443,0.02531308,0.013013013013013,0.029029029029029,1.7816412,0.8904611827433636
2025-12-30,0.4088176352705411,0.022827031,0.0050100200400801,0.0170340681362725,1.0741884,0.8880830045380399
2025-12-31,0.4268537074148296,0.022997465,0.0090180360721442,0.0140280561122244,2.176695,0.8896375105438439
2026-01-05,0.7975951903807615,0.031417064,0.0190380761523046,0.0380761523046092,1.699979,0.903767544102664
2026-01-06,0.7873620862587764,0.026471535,0.0220661985957873,0.0611835506519558,2.0999753,0.909136771568226
2026-01-07,0.407815631262525,0.028665397,0.0140280561122244,0.0551102204408817,2.2268574,0.9026108308876668
2026-01-08,0.62625250501002,0.028296806,0.0140280561122244,0.0701402805611222,1.9953848,0.9048255168748812
2026-01-09,0.7967967967967968,0.030415602,0.024024024024024,0.0960960960960961,2.0195575,0.9064379003918172
2026-01-12,0.7645290581162325,0.039811444,0.0480961923847695,0.1382765531062124,1.520942,0.9148937276738996
2026-01-13,0.2545090180360721,0.035325766,-0.002004008016032,0.0490981963927855,0.48676246,0.9129223712813396
2026-01-14,0.469939879759519,0.031065078,0.0130260521042084,0.0621242484969939,1.6438488,0.9148939348216816
2026-01-15,0.4509018036072144,0.030159216,0.003006012024048,0.0511022044088176,0.40640086,0.9049925470364786
2026-01-16,0.4018036072144288,0.033928897,0.001002004008016,0.0511022044088176,0.56222737,0.917568212688016
2026-01-19,0.5995995995995996,0.029893702,0.008008008008008,0.063063063063063,0.36218113,0.921750322392999
2026-01-20,0.417,0.029755073,0.005,0.064,0.50414103,0.9261994633476748
2026-01-21,0.4804804804804805,0.027919186,0.015015015015015,0.074074074074074,1.7023169,0.9227262612071576
2026-01-22,0.6156156156156156,0.027393341,0.018018018018018,0.081081081081081,1.6338012,0.916782672319854
2026-01-23,0.7887887887887888,0.030410908,0.021021021021021,0.0990990990990991,1.9151624,0.9234323946389076
2026-01-26,0.2982982982982983,0.036794767,0.011011011011011,0.081081081081081,1.1327991,0.9298542874385268
2026-01-27,0.3617234468937875,0.028987052,0.0060120240480961,0.0470941883767535,1.7486396,0.918672586563414
2026-01-28,0.4018036072144288,0.032519605,0.0230460921843687,0.0821643286573146,1.6588482,0.910654379264876
2026-01-29,0.3791374122367101,0.032288488,0.0220661985957873,0.0461384152457372,0.96129364,0.9143189803899008
2026-01-30,0.3293172690763052,0.030639522,-0.0040160642570281,0.0321285140562249,0.054827787,0.9182633361576722
2026-02-02,0.0873493975903614,0.03033911,-0.0331325301204819,-0.0130522088353413,-0.30874547,0.9262212964952746
2026-02-03,0.9006024096385542,0.026805181,0.0090361445783132,0.0341365461847389,1.0064894,0.9030137272539668
2026-02-04,0.5682730923694779,0.026653964,0.0130522088353413,0.0411646586345381,0.37310255,0.9009268666896376
2026-02-05,0.2479919678714859,0.02541751,0.0,0.0190763052208835,0.14225769,0.9129081842369025
2026-02-06,0.3660982948846539,0.023469845,0.0120361083249749,0.0120361083249749,1.7570391,0.9110025462981726
2026-02-09,0.8534136546184738,0.026371906,0.0180722891566265,0.0341365461847389,2.2520227,0.9044152819826148
2026-02-10,0.4308617234468938,0.025126824,0.0090180360721442,0.033066132264529,1.9925971,0.8914527465579949
2026-02-11,0.4318637274549098,0.023197578,0.0060120240480961,0.0290581162324649,1.0108799,0.8938787232829057
2026-02-12,0.4929859719438877,0.02678359,0.0130260521042084,0.0511022044088176,1.7833782,0.8990378078442549
2026-02-13,0.1603206412825651,0.02205617,0.003006012024048,0.0070140280561122,1.2553811,0.9039284288800604
2026-02-24,0.6676676676676677,0.032907527,0.016016016016016,0.044044044044044,0.4554243,0.9142414066286848
2026-02-25,0.7607607607607607,0.02715652,0.02002002002002,0.082082082082082,1.7649305,0.9135342376082104
2026-02-26,0.4604604604604604,0.028517582,0.014014014014014,0.081081081081081,1.8056924,0.9094809433397284
2026-02-27,0.6326326326326326,0.02569608,0.018018018018018,0.08008008008008,1.4223905,0.9065955860349652
2026-03-02,0.249,0.03421938,0.014,0.046,1.3916497,0.9203844394238756
2026-03-03,0.1251251251251251,0.036284026,-0.002002002002002,-0.021021021021021,0.9480503,0.9258935748020332
2026-03-04,0.2472472472472472,0.023808703,0.004004004004004,-0.044044044044044,1.183107,0.9162041234189876
2026-03-05,0.6916916916916916,0.025323821,0.009009009009009,0.006006006006006,1.5787798,0.9043317200435192
2026-03-06,0.7397397397397397,0.02649175,0.012012012012012,0.039039039039039,0.92689687,0.9049036411765478
2026-03-09,0.2952952952952953,0.029139977,0.007007007007007,0.033033033033033,2.3219392,0.9114111426440756
2026-03-10,0.7977977977977978,0.027660754,0.008008008008008,0.043043043043043,1.4761542,0.8975435740315973
2026-03-11,0.4534534534534534,0.024233514,0.008008008008008,0.048048048048048,1.7452831,0.895613305688002
2026-03-12,0.3563563563563564,0.028459512,0.013013013013013,0.047047047047047,1.6280397,0.9051560486683816
2026-03-13,0.2562562562562562,0.02701899,0.005005005005005,0.01001001001001,0.9535938,0.9090920452539788
2026-03-16,0.5055055055055055,0.02495348,0.004004004004004,0.009009009009009,0.4362501,0.9088040825492636
2026-03-17,0.163,0.0243337,0.001,-0.011,-0.012216332,0.9117224421894252
2026-03-18,0.562,0.024426032,0.006,0.0,1.3295894,0.9026945209067786
2026-03-19,0.11,0.023416512,0.003,-0.047,1.1659139,0.9079755345614122
2026-03-20,0.146,0.02821199,0.006,-0.082,2.3948278,0.8987660663542689
2026-03-23,0.06,0.027471116,-0.016,-0.173,1.6083069,0.9254687887485128
2026-03-24,0.914,0.022721125,0.017,0.001,0.75078434,0.907825879149888
2026-03-25,0.885,0.022612853,0.012,0.018,0.6178039,0.8936307734439747
2026-03-26,0.192,0.023626387,0.009,-0.014,1.2829723,0.897771354878225
2026-03-27,0.7847847847847848,0.02347142,0.012012012012012,0.016016016016016,1.157772,0.8997510349571711
2026-03-30,0.5295295295295295,0.025203211,0.007007007007007,0.002002002002002,0.33411136,0.9061888758231508
2026-03-31,0.1801801801801801,0.024822872,0.009009009009009,-0.016016016016016,0.74211854,0.9029951201961712
2026-04-01,0.8378378378378378,0.025604142,0.005005005005005,0.008008008008008,0.9299695,0.9001290248416872
2026-04-02,0.1861861861861861,0.024678554,0.002002002002002,-0.021021021021021,0.7261368,0.9024962425878584
2026-04-03,0.158316633266533,0.027116513,0.0060120240480961,-0.0691382765531062,2.1558623,0.8951545464725846
2026-04-07,0.6763527054108216,0.02522081,0.0170340681362725,-0.0060120240480961,1.4060838,0.8906566085822955
2026-04-08,0.9468937875751504,0.031560715,0.033066132264529,0.0280561122244488,0.40420094,0.904217054789724
2026-04-09,0.220440881763527,0.0243449,0.0110220440881763,0.0240480961923847,1.8479586,0.8893630397326205
2026-04-10,0.7164328657314629,0.022324396,0.0080160320641282,0.0240480961923847,1.890022,0.8861910547952677
2026-04-13,0.4164164164164164,0.024691988,0.011011011011011,0.019019019019019,1.4762084,0.8865593605856814
2026-04-14,0.7317317317317318,0.024847135,0.013013013013013,0.029029029029029,1.9678934,0.8873356378937177
2026-04-15,0.3623623623623623,0.024113597,0.012012012012012,0.023023023023023,1.3463312,0.8882082249531512
2026-04-16,0.7707707707707707,0.023037512,0.013013013013013,0.041041041041041,1.7355611,0.8896514904391436
2026-04-17,0.456,0.026220178,0.013,0.038,1.9426653,0.8885921905113304
2026-04-20,0.5675675675675675,0.024817878,0.014014014014014,0.033033033033033,1.0350528,0.8895244582222469
2026-04-21,0.389,0.023466362,0.003,0.037,1.0457796,0.8884923051882329
2026-04-22,0.6036036036036037,0.02562956,0.014014014014014,0.057057057057057,1.4766132,0.8873857603879932
2026-04-23,0.282565130260521,0.02785782,0.0050100200400801,0.0180360721442885,0.27613482,0.8838943382863593
2026-04-24,0.3043043043043043,0.029364116,0.002002002002002,0.001001001001001,0.4196072,0.8836158722338381
2026-04-27,0.4984984984984985,0.031447466,0.001001001001001,0.005005005005005,0.7842365,0.8939483551756752
2026-04-28,0.3206412825651302,0.030790241,-0.001002004008016,-0.0200400801603206,0.3102741,0.8957737111931481
2026-04-29,0.7221664994984955,0.032628823,0.0260782347041123,0.0341023069207622,0.6041615,0.8977022112289718
2026-04-30,0.432296890672016,0.033298545,0.0140421263791374,0.0110330992978936,0.97735626,0.8932197110930806
2026-05-06,0.7457457457457457,0.032872587,0.018018018018018,0.046046046046046,0.75812846,0.8969629539532814
2026-05-07,0.6426426426426426,0.031692497,0.011011011011011,0.062062062062062,0.3838949,0.8869984502049549
2026-05-08,0.565,0.02518119,0.01,0.035,0.75488,0.8946409474717628
2026-05-11,0.576,0.029782008,0.016,0.073,1.6342373,0.8997377220611944
2026-05-12,0.245,0.027005192,0.01,0.028,1.8269016,0.893014618368668
2026-05-13,0.614,0.029513352,0.021,0.053,1.7032627,0.8894750746042245
2026-05-14,0.174,0.032008994,0.01,-0.033,1.5063447,0.8877568675708996
2026-05-15,0.307,0.031308085,0.005,-0.058,1.3556378,0.8895643294229979
2026-05-18,0.406,0.032003883,0.016,-0.05,1.2483429,0.8929722344098692
2026-05-19,0.697,0.029347409,0.022,0.032,1.4120439,0.8941881846285031
2026-05-20,0.32,0.031195475,0.004,-0.035,1.2184215,0.89201169241201
2026-05-21,0.15,0.03312866,0.001,-0.111,0.073757134,0.8979905227433491
2026-05-22,0.613,0.031606503,0.02,-0.049,1.4321171,0.8943250696289886
2026-05-25,0.463,0.03645648,0.022,-0.043,1.5116179,0.8901512160967887
2026-05-26,0.313,0.029640904,0.006,-0.08,0.7019488,0.887386180504532
2026-05-27,0.179,0.030601986,0.006,-0.133,1.1930833,0.886371519575568
2026-05-28,0.43,0.033925317,0.025,-0.12,1.7293298,0.8842391370490952
2026-05-29,0.356,0.040341087,-0.001,-0.074,0.09540229,0.8827309169907964
2026-06-01,0.6346346346346347,0.034047827,0.014014014014014,0.008008008008008,-0.19498955,0.8847382432936697
2026-06-02,0.2632632632632632,0.03138556,0.012012012012012,-0.045045045045045,1.7203559,0.8766299287754982
2026-06-03,0.3443443443443443,0.031782858,0.008008008008008,-0.0990990990990991,1.4779172,0.8663333462427841
2026-06-04,0.2622622622622622,0.03171395,0.012012012012012,-0.2052052052052052,1.7430152,0.8750634282312664
2026-06-05,0.52,0.03194474,0.017,-0.053,0.38672784,0.8719995609340805
2026-06-08,0.123,0.03355852,0.006,-0.241,1.5129235,0.886189282358583
2026-06-09,0.5815815815815816,0.038551036,0.03003003003003,-0.1411411411411411,1.542384,0.87278975866656
2026-06-10,0.3733733733733734,0.033241194,0.01001001001001,-0.1241241241241241,0.3469181,0.8763657155722027
2026-06-11,0.2542542542542542,0.036059327,0.008008008008008,-0.2502502502502503,1.3688358,0.8705756699731481
2026-06-12,0.7247247247247247,0.0347923,0.013013013013013,-0.023023023023023,-0.3256522,0.8694699373721602
2026-06-15,0.7817817817817818,0.038206972,0.033033033033033,0.017017017017017,1.2213953,0.8770993266247813
2026-06-16,0.4854854854854855,0.034852628,0.022022022022022,0.026026026026026,1.2617851,0.8837333079952193
2026-06-17,0.3433433433433433,0.032491334,0.016016016016016,-0.033033033033033,1.7860191,0.8800791986604858
2026-06-18,0.4034034034034034,0.036288634,0.026026026026026,-0.068068068068068,1.6012316,0.8851657343192264
2026-06-22,0.4994994994994995,0.03897174,0.029029029029029,-0.039039039039039,0.83748233,0.8910952391998741
2026-06-23,0.3533533533533533,0.03451408,-0.012012012012012,-0.041041041041041,0.12313298,0.8834090996851394
2026-06-24,0.3293293293293293,0.040388558,0.03003003003003,-0.1371371371371371,1.6596608,0.8823684020560626
2026-06-25,0.2762762762762762,0.03775966,0.024024024024024,-0.1891891891891892,1.3899282,0.8790256597312227
2026-06-26,0.143,0.038162827,0.0,-0.309,1.6508139,0.8730946409379641
2026-06-29,0.4914914914914915,0.041786976,0.013013013013013,-0.1201201201201201,0.80529934,0.8743414157724044
2026-06-30,0.5955955955955956,0.042567577,0.036036036036036,-0.077077077077077,1.0705314,0.8782959148765497
2026-07-01,0.7447447447447447,0.038770847,0.03003003003003,0.038038038038038,0.2184525,0.8851417086608133
2026-07-02,0.3763763763763764,0.037326045,0.003003003003003,-0.011011011011011,-0.09291584,0.8917341284037666
2026-07-03,0.6296296296296297,0.04007289,0.017017017017017,0.003003003003003,0.30809474,0.8893577974768182
2026-07-06,0.3923923923923924,0.038735945,-0.002002002002002,-0.035035035035035,0.23727079,0.8926189354101517
2026-07-07,0.1361361361361361,0.030082775,0.001001001001001,-0.1201201201201201,1.8486569,0.887686564392895
2026-07-08,0.3363363363363363,0.035556804,-0.012012012012012,-0.0890890890890891,0.18857825,0.8902894130935597
2026-07-09,0.4524524524524524,0.036431286,0.009009009009009,-0.0890890890890891,1.5055768,0.8822300474024425
2026-07-10,0.6436436436436437,0.04138269,0.021021021021021,-0.01001001001001,-0.37663335,0.8871604162814982
2026-07-13,0.216,0.042565614,-0.042,-0.157,0.15932712,0.9003722389166973
2026-07-14,0.699,0.033807904,0.013,-0.065,0.079724915,0.8940776688010814
2026-07-15,0.601,0.039273124,0.002,-0.03,-0.43908352,0.900995158858392
2026-07-16,0.412,0.035925567,0.0,-0.036,-0.17930496,0.9051225557061104
2026-07-17,0.079,0.04148476,-0.046,-0.167,-0.17239302,0.9164099423623776
2026-07-20,0.553,0.050950683653354645,-0.034,-0.106,-0.7342754602432251,0.9188270705403899
2026-07-21,0.693,0.044738780707120895,0.042,-0.001,1.2913084030151367,0.9076624178885923
2026-07-22,0.27,0.028997018933296204,0.011,-0.066,1.0873667001724243,0.899469543429381
2026-07-23,0.6776776776776777,0.02893153578042984,0.01701701701701702,-0.01701701701701702,0.21151398122310638,0.9016254505488809
2026-07-24,0.08408408408408409,0.026685405522584915,-0.006006006006006006,-0.11611611611611612,0.9506998062133789,0.9012731432647374
2026-07-27,0.94994994994995,0.024961840361356735,0.01701701701701702,0.0,-0.04567829146981239,0.8985547919016442
2026-07-28,0.3993993993993994,0.037787359207868576,-0.005005005005005005,-0.012012012012012012,-0.5048789978027344,0.8923706702732166
2026-07-29,0.7997997997997998,0.030648143962025642,0.007007007007007007,-0.009009009009009009,-1.0114880800247192,0.9092924661918329
2026-07-30,0.44844844844844844,0.0423576682806015,-0.01701701701701702,-0.03003003003003003,-0.6962506175041199,0.9083244668912301
2026-07-31,0.767,0.03206847235560417,0.021,0.0,1.4307873249053955,0.9061341103188758
2026-08-03,0.717,0.03128404915332794,0.007,0.002,-0.46037814021110535,0.9086546443116773
