,h1_固定40,h1_修正版,h5_固定40,h5_修正版
2018-01-02,0.005696021662064986,0.0029435117510164554,-0.007546963952654254,-0.0014137513175361033
2018-01-03,0.00769752229399841,0.006763216641215277,-0.008462578402668026,-0.0027174922906550774
2018-01-04,0.007880278699640135,0.007132656381119023,0.0005443123050430582,-0.0010235681910231004
2018-01-05,-0.0026361922220716244,-0.002276966245745566,-0.0018831682448463766,-0.0010994705563271367
2018-01-08,0.0019609572515760817,0.0016533140974509272,0.001792928814660814,0.00030425673994391575
2018-01-09,-0.0015309405925092773,-0.001627904980395714,0.0005215977874378048,-0.0009417165316892503
2018-01-10,0.0012423184889624247,0.0012426753794290983,-0.0012735508219060884,-0.0007971322868495113
2018-01-11,0.006407477855867907,0.006825780508729899,0.004970555114500961,0.005369639400908128
2018-01-12,-0.0054446176294981235,-0.005040478356818782,-0.0038947339261512855,-0.005440074643723281
2018-01-15,0.007383898798841215,0.007429949436898138,0.009109697582079067,0.009641477647297315
2018-01-16,0.012933169888902942,0.011327193987919934,0.015074881427324837,0.015074881427324837
2018-01-17,0.0010833963730132413,0.0010589936222150426,-0.0005849773236618958,-0.0009507508361671303
2018-01-18,-0.006382307682777035,-0.0064732733217065545,0.002073240041255852,-0.0033679816198894956
2018-01-19,0.0010545468329791361,0.0005196646848563075,-0.00019571417139351813,0.002432762421526578
2018-01-22,0.0018071400890087162,0.0018363300558169409,-0.0024852378401900885,-0.0033243678973883146
2018-01-23,-0.00766427177406243,-0.008916045803243159,0.008012991982988792,0.012512192962043686
2018-01-24,-0.005430209063399728,-0.005404472549183746,0.0014169589962589526,0.0005069459890507164
2018-01-25,0.004770941397394131,0.005204334594301573,-0.0022372631303994167,-0.0037557879907155656
2018-01-26,-5.438343171892553e-06,-0.00012792365858251562,0.0003187433458841792,0.0003382484011508748
2018-01-29,-0.00015248848269036646,-5.773962188758804e-05,2.5711826814088805e-05,5.401551588796148e-05
2018-01-30,0.0005514044551857838,0.001573771666432336,0.013485405977539092,0.008227256865219443
2018-01-31,-0.0016926234823419815,-0.0008393588365263767,0.0058465391865437375,0.003916463758405953
2018-02-01,0.002749607371690419,0.0027660594725816023,0.007239192186480909,-0.0029685198705236247
2018-02-02,-0.037823723718056874,-0.03654775353511404,0.03187867191212335,0.013666460518901597
2018-02-05,-0.01271319594087273,-0.01271319594087273,0.009757759040807688,-0.0004692026206870093
2018-02-06,-0.01244766522683438,-0.01244766522683438,0.008467565126093975,-0.00230635373833651
2018-02-07,-0.027974491888451077,-0.027958039787559893,0.004693824473568731,-0.020430397115776284
2018-02-08,-0.004080928130670323,-0.0039410793464891855,0.0016315044018538672,-0.0018490661730581467
2018-02-09,0.0012261551082037147,0.0011832737579711996,-0.0001587108486253047,0.0005853034988867124
2018-02-12,-0.01381175947779366,-0.013241915215995645,0.00624567047661497,-0.0042569276922612975
2018-02-13,0.022102529559168124,0.022102529559168124,-0.02121223618072578,-0.006583050346373279
2018-02-14,0.0012830059492841682,0.0012830059492841682,0.001347257772450781,0.0013388740830739504
2018-02-22,0.005832186631116246,0.005857923145332228,-0.0037951335126739723,0.003494280865302956
2018-02-23,0.004657979784034876,0.005083184260780129,0.006479490163181685,0.007934650307436111
2018-02-26,0.003472491218785949,0.0034148473669803328,0.00487476342594895,0.00522718748659611
2018-02-27,0.009596994156608828,0.007086741998152321,0.020141398622410215,0.0201578507233014
2018-02-28,0.0035078891616456913,0.0035078891616456913,0.005057265179029705,0.004867430719563287
2018-03-01,0.0006816475690842335,0.0006508684161078191,0.0011341797300386126,0.001040502241869257
2018-03-02,0.0024674596374495684,0.0018473451461578573,0.008629636150919212,0.007699766116190526
2018-03-05,7.990464249186719e-05,9.013775646040543e-05,-0.00010239211176720361,-0.00019654090531571073
2018-03-06,6.264229484088555e-05,-0.0003341515279709137,0.0011276384924064989,-0.0015745583681884374
2018-03-07,-0.0033899374982060988,-0.005744968657496594,-0.004634792005052523,-0.00802311023244712
2018-03-08,0.002511085656321942,0.0030272719704397292,0.00597940265914167,0.007303194785291186
2018-03-09,-0.004851001674834998,-0.005733138515133137,-0.0035018152171499054,-0.006591568284173661
2018-03-12,-0.012132350587520775,-0.013803036661370319,-0.012581763462865714,-0.01662198400561134
2018-03-13,0.005039441988635501,0.005039441988635501,-0.014300430573590331,-0.014318357790311898
2018-03-14,-0.005702459141880757,-0.005702459141880757,-0.0038767957861089203,0.004388547908848393
2018-03-15,-0.006622485466396619,-0.006652312848094025,-0.007587107351216329,0.0012045126762814827
2018-03-16,-0.00033640398504912656,-0.0003474525093959315,0.0006623030574591273,-0.000174706645622897
2018-03-19,0.00016654512890419207,0.00014126483627604363,-0.00025274443609785927,0.00023653053074609008
2018-03-20,0.0015925173949628123,0.0015925173949628123,0.0005202642524468234,0.0013713399893671501
2018-03-21,-0.0024049746085212697,-0.0024049746085212697,-0.0003278169549990028,-0.002050120438945488
2018-03-22,0.006474638953016966,0.006492435067966702,-0.00311925082002481,0.004150862684644841
2018-03-23,0.010798755826906753,0.011236433904458866,-0.004322164699754964,0.008277581027333565
2018-03-26,0.03873683396995793,0.0386930903245302,-0.004215164522110541,0.03103793863884301
2018-03-27,0.010335989976136642,0.011608663130861546,0.009627201154788436,0.005647481448226082
2018-03-28,0.015762522916013,0.01746704733120556,0.015743586275119282,0.014806238548524864
2018-03-29,-0.0003393268864880948,-0.00033051651303108343,-2.010484040075783e-05,-4.374364542773429e-05
2018-03-30,0.00048133556294537066,0.0008314192439827367,0.005143130154835061,0.004660613676175879
2018-04-02,-0.01040764360872652,-0.00968037793431103,0.009457329638211416,0.00854334424118015
2018-04-03,0.0008694501718639349,0.0008402602050557102,-0.00028916759399674226,9.7423379623922e-05
2018-04-04,0.0019561467903628747,0.0017711165451664182,0.002669436126889017,0.002669436126889017
2018-04-09,0.004907183965675334,0.0032851483712835598,0.004981207111093894,0.004980298221477156
2018-04-10,-0.000560679715791905,-0.0004970764674352695,-0.0005346533715440253,-0.00046160919470818564
2018-04-11,0.0,-3.903303504387995e-05,-1.6452100891183043e-05,-1.680899135785674e-05
2018-04-12,-0.004452016099863537,-0.004472120940264295,-0.004783519361499837,-0.00463011071885408
2018-04-13,0.004614015781720316,0.004422026857643358,0.005203699813262671,0.005203699813262671
2018-04-16,0.0008606353322357493,0.0008606353322357493,0.0011474404864644126,0.0009753284638719072
2018-04-17,-0.0011374342288195474,-0.0011552303437692834,-0.0010298673679076658,-0.0007792890057062628
2018-04-18,0.019323281953435262,0.01860419225802683,0.0210017711630665,0.020815758934096113
2018-04-19,-0.0023763147812492966,-0.0032207363328187835,-0.010203802425066587,-0.004946946123469311
2018-04-20,0.00020674164155886967,0.0001432652377344824,-0.0006861563304422183,-0.0005346052508677719
2018-04-23,0.004516606570459209,0.004547689293122999,0.01610027992823062,0.0158705240538325
2018-04-24,0.0010153540139929175,0.0017444272018094533,0.009223379045402835,0.003776815645293123
2018-04-25,-0.006578373709583218,-0.007679195765816196,-0.009531876250885682,0.002149218799337667
2018-04-26,0.0014663999828570399,0.0011875656532751044,-0.00043324601928673343,-5.6230178811418955e-05
2018-04-27,-0.0015570682595318847,0.0012342466888504945,0.01122148340917521,0.009913506382172973
2018-05-02,-0.0005775348728774615,0.00048943602378744,0.0010116941785858159,0.001408000266234377
2018-05-03,0.0012534246593014914,0.0014002240350774167,-0.002108509220181459,-0.002176305429657424
2018-05-04,-0.003140225823019693,-0.0035832619314582845,0.006868356017211292,0.006581386287211148
2018-05-07,-0.0003392009900270706,-0.00036591916109180713,0.0010409569083976817,0.0010128915838201907
2018-05-08,-0.00778066722118631,-0.008485984932792685,0.010695931571009185,0.010661326464701592
2018-05-09,0.0019275972297459424,0.0013165872318226276,0.003225927308066673,0.003479824483946846
2018-05-10,-0.00017284292133162624,-0.0003454352688036241,0.0006166708618897641,0.0006543220336216894
2018-05-11,-0.0022545267732398027,-0.0029399916826745873,0.0015907288582451642,0.0015615388914369396
2018-05-14,0.005169607926660617,0.005517650776040642,-0.0028105087920669205,-0.003251447391076963
2018-05-15,0.00200755535983788,0.00243482368450656,0.0011694957335889793,0.00069809114259529
2018-05-16,-0.0004039913432804589,-0.0010531782765802987,-0.002191183423813912,-0.002443053553299961
2018-05-17,-0.0001597161114769601,-0.0001241890599597498,-0.0007193132962035994,-0.0003976432568900595
2018-05-18,0.002456927806715799,0.00472134456817033,-0.0027312283142210646,-0.001988122795369204
2018-05-21,-0.003611068523120993,-0.00453509863848751,0.002446516221574084,0.002009146351349707
2018-05-22,-0.004631647556361686,-0.0053639939910834255,-0.003646398337885214,-0.005179351606204108
2018-05-23,0.0005386100881055874,0.0002653641405995781,-0.0009424505248180389,-0.001625261328158161
2018-05-24,0.0020495734169401897,0.0020184906942764006,0.005010966287098926,0.008999307432317088
2018-05-25,0.00029588805019987866,0.00010337008788119202,0.0006043561218858659,0.0022526444317109494
2018-05-28,0.0039878820897995505,0.0039878820897995505,0.0016209595729167426,0.006291363573020225
2018-05-29,0.0009713875209356598,0.0009095256452954564,-0.00637303072992244,-0.004795534292967295
2018-05-30,0.0010120180696383042,0.002470436141248248,-0.007864892115825813,-0.007821148470398078
2018-05-31,0.005919128343963508,0.008541014319178478,-0.017908001035646843,-0.015899628372608582
2018-06-01,0.011914764998571198,0.011914764998571198,0.009263799094577215,0.008732437609173424
2018-06-04,-0.009194033897867937,-0.009233066932911817,-0.00742734204356566,-0.007019549469432541
2018-06-05,0.001011485903939378,0.0008385014339433579,0.0010780197021188042,0.0008556351236228247
2018-06-06,0.0039955234419378725,0.0020617060216559764,0.007891262360215588,0.00787445336885773
2018-06-07,0.0020090462586808645,0.0018661896617517665,0.002497961458224628,0.0023460670352965177
2018-06-08,-0.003533353898875646,-0.0021596456063567586,-0.009343095836336393,-0.007602528833271723
2018-06-11,-0.0011436433122286782,-0.0011436433122286782,-0.007664291363667604,-0.007408732658210155
2018-06-12,-0.0009404537763162496,-0.0009100946720605507,-0.008320990885408485,-0.007631513452129594
2018-06-13,0.001030178574137392,0.0008060312447317557,0.0035639910854542564,0.0036489214069676196
2018-06-14,-0.005542875385484245,-0.0043758264687285145,-0.008751383966468532,-0.007822671152274165
2018-06-15,-0.003940911969212316,-0.00414525050347724,-0.005298248979368948,-0.005276961256408602
2018-06-19,0.0020280185215738288,-0.002841066011349821,-0.019908776629861,-0.021091212383033426
2018-06-20,-0.06109203300864491,-0.06109203300864491,-0.0506097762020432,-0.06109203300864491
2018-06-21,0.008971669853021294,0.008971669853021294,0.008335287662226062,0.008971669853021294
2018-06-22,-0.017807606930406495,-0.017807606930406495,-0.017774345838157454,-0.017790797939048638
2018-06-25,0.015480602656748,0.015462806541798263,0.01636482854328006,0.015712784154782892
2018-06-26,-0.011150843544345935,-0.01069678566988439,-0.006215909717387712,-0.0034858432803045306
2018-06-27,0.010883557907606383,0.010862270184646037,0.010777645452908999,0.009802811580911161
2018-06-28,-0.006946656144200013,-0.007306960198504002,-0.0042006966630685465,0.0006794479346995377
2018-06-29,-0.005348612847184049,-0.006571581788569707,-0.008251707334717156,-0.005566196917674863
2018-07-02,0.00708773693791211,0.00708773693791211,0.0053136845543904675,-0.006600505137763415
2018-07-03,-0.014928959986210317,-0.014928959986210317,0.0027677353199435876,0.00863780302411021
2018-07-04,0.009630066268160275,0.009678352899362853,0.00856212003984773,0.007587714414114582
2018-07-05,-0.009000787848988908,-0.010517758734860433,-0.008294374131970511,-0.0030035937966998052
2018-07-06,-0.010009106759148694,-0.012082885563203782,-0.017324751425990284,-0.015781593168558292
2018-07-09,-0.002682209177431629,-0.00265112645476784,-0.0029386679899760355,-0.0029386679899760355
2018-07-10,0.0007421313663896817,0.0014070980092669354,0.0047852523868728205,0.004711614245521347
2018-07-11,0.009057255782490203,0.010454784149351411,0.010892508467586957,0.0129760714043767
2018-07-12,-0.007420966007471841,-0.014191003333517605,-0.008458411073458292,-0.01322875506584254
2018-07-13,0.02244658400290593,0.022351658138594112,0.011960985762883673,0.010100801428678082
2018-07-16,0.003064189860037898,0.004020619121912039,0.0018843042756413347,0.0029198468283227735
2018-07-17,-7.846320278359517e-06,0.0005442363412831287,0.00017465830404757288,0.00022427544304766303
2018-07-18,-0.0007692624946302798,-0.00014778511289091135,-5.8212850458646294e-05,0.0001275923820122035
2018-07-19,0.003870790685785438,0.0019345383983264276,0.0005123451166941151,-0.00013496210727845234
2018-07-20,0.014093553115752446,0.009480656273782796,0.004675081868398214,0.004736943744038417
2018-07-23,-0.00845346744037745,-0.006565731226139628,-0.001108127762488775,-0.0024149525106662542
2018-07-24,-0.007063874661129888,-0.0035898320133219554,-0.0055020949911394985,-0.006568171931909706
2018-07-25,-0.009467094572049688,-0.0045917090875127195,-0.009467094572049688,-0.006736103813141228
2018-07-26,-0.0005076928805300874,5.3581735576360484e-05,-0.0005266210751732096,-0.0003297724630318302
2018-07-27,0.0015255659554393463,0.0010094227364428547,0.001573889962222914,0.001131855607035784
2018-07-30,0.00572065231496967,0.004704166139850577,0.006160463254485769,0.005942560472988599
2018-07-31,0.01628455356894613,0.015734521313019337,0.01621721520792886,0.015043482584608053
2018-08-01,-0.00226097703150654,-0.0021590676358458636,-0.0019053511805262172,-0.001325657856573812
2018-08-02,0.01809139583568199,0.01809139583568199,0.01687122407833972,0.013930006989062663
2018-08-03,0.022019023361694666,0.022078040710200298,0.020375742387588467,0.013206866779053444
2018-08-06,0.003002691165490865,0.004395112189449935,0.0017340043777385222,0.001547923078632212
2018-08-07,0.010455697593982856,0.00936818001413628,0.001828697886272579,-0.005992288536825032
2018-08-08,-0.007462603326548147,-0.008798430522148156,0.003146816586029083,0.01564570998566915
2018-08-09,-0.006603969818659287,-0.008480480424790724,0.003402891060372617,-0.0013762206784365997
2018-08-10,0.0036071143036941937,0.008998134368347703,-0.01035199772226143,-0.005209879066381839
2018-08-13,0.00019726915688511238,0.0013875612271917787,-0.005094974443545646,-0.003598253828046527
2018-08-14,-0.001191868388500089,-6.570856067635136e-05,-0.0013093174656238643,0.0029138726658653573
2018-08-15,-0.0027367557425662455,-0.0020906487094979197,-0.0014420547127972033,0.0026031166913317127
2018-08-16,0.021754331984917222,0.021921884964382438,0.012421613346773738,0.0019231906868453419
2018-08-17,0.0024916933468406314,0.00519298888782674,-0.002684437989384466,-0.007575212453915316
2018-08-20,0.005827577930976985,0.010773877359425013,-0.011855327824559824,-0.02053003565100541
2018-08-21,-0.0018097697013419642,-0.001947891224875706,0.002408685261930809,0.003229179258681997
2018-08-22,-0.008396628775312536,-0.008427895071236936,0.009651557417073511,0.009651557417073511
2018-08-23,-6.214158710793571e-05,-0.0003681281248153983,-0.003192048811639569,-0.003175596710748386
2018-08-24,-0.0010894632177655787,-0.0011894197732309542,0.0014928585684412742,0.0015474973504864366
2018-08-27,-0.002786578886578094,-0.002786578886578094,0.0026630601837854813,0.002805500252119452
2018-08-28,-0.014211925407991273,-0.014182735441183047,0.014310328310871189,0.014310328310871189
2018-08-29,-0.0002493530402973905,-0.00020594833435685656,-2.781898747148926e-05,-1.1009996113632523e-05
2018-08-30,0.0019241964268983253,0.0019241964268983253,-0.004380785778142637,-0.0045318211941604665
2018-08-31,0.015955400152815824,0.015977856075283212,-0.01671901506471866,-0.01671901506471866
2018-09-03,0.006737225878563045,0.007274356145671848,-0.009309383488697644,-0.00936621263869126
2018-09-04,0.0003997006288522676,0.0013093332298402605,-0.0030907688172744064,-0.002652056270880099
2018-09-05,-0.01171768833181005,-0.011602590037625553,0.008699712723238785,0.008717508838188521
2018-09-06,0.003255585855331106,0.005979331605271184,-0.0104947434582573,-0.010125800197102798
2018-09-07,-0.0004784862253129524,0.0011710488228980438,-0.0043666942981831925,-0.0036949360512209435
2018-09-10,0.0004970702791039282,0.0005651587873971699,0.00018440937731413687,0.00020582868126964936
2018-09-11,0.005663125484053596,0.005983748347687135,-0.0028034798649232465,-0.0024428205254446653
2018-09-12,0.007855105868017485,0.011038006554801614,-0.01103649604885831,-0.01103649604885831
2018-09-13,-0.011301802812962046,-0.011678404316979677,-0.0004055497265617194,-0.0004055497265617194
2018-09-14,0.00019616497997817755,0.00029264404786412553,0.0001042172519429204,1.3251613013401202e-05
2018-09-17,0.004954422388820527,0.006615678674267506,0.00121848675967213,0.0029724965499611463
2018-09-18,0.008062294453014053,0.011672594402093235,0.012030771666439604,0.008621221750214283
2018-09-19,0.009067221256654809,0.0009685882511268121,-0.011155397118780783,-0.007919466423736135
2018-09-20,0.011966008720586336,0.010331930912371053,-0.007712243085007475,-0.0039009006398097955
2018-09-21,0.004123276947653592,0.0033263539450100383,-0.00493762260443719,-0.003853985216252837
2018-09-25,0.0006085561494763368,-8.12772543080637e-05,-0.001079885341672041,-0.0009548870416529611
2018-09-26,-0.000203119798086736,-0.0007997013744139034,-0.0015579600581748566,-0.0015744121590660397
2018-09-27,-0.0024597323498037524,-0.002688380637823653,-0.002879761567065729,-0.0027927473773914696
2018-09-28,0.011987003328795567,0.013188635512361244,0.014727139951303803,0.014727139951303803
2018-10-08,0.001754992799972562,0.0028631477177439033,0.003944906586417846,0.003962702701367582
2018-10-09,0.001816495119679261,0.012748143052655328,0.020865070538389388,0.021693516230274656
2018-10-10,-0.0017236227528888179,-0.0016645755743038945,0.001449223018025783,0.001449223018025783
2018-10-11,-0.007073819936734295,-0.004764446085454257,0.008706889221969168,0.008689093107019432
2018-10-12,0.04859549083910583,0.056414355241395694,0.057025878917844906,0.0595200283445472
2018-10-15,-0.07154937916617593,-0.06913859923411554,0.02033247856735837,0.04865087780578768
2018-10-16,0.053531494792233236,0.05164283107905672,-0.03484816000935097,-0.04029015304711026
2018-10-17,-0.012248004827837822,-0.012248004827837822,0.006062436155441969,0.008280281150938212
2018-10-18,-0.0016564695209272421,-0.0016729216218184253,0.0014991034417966584,0.001650473102771586
2018-10-19,-0.03493625520695083,-0.03613770232099862,0.016582387408755967,0.02264434719477916
2018-10-22,0.039500980835498176,0.039500980835498176,0.0011422794862649193,-0.01625871384007555
2018-10-23,0.039871382127891944,0.039871382127891944,0.011211085204226227,0.003742961801602173
2018-10-24,-0.029196110292045042,-0.029196110292045042,-0.028191698373908464,-0.02249133583798301
2018-10-25,-0.01821688508320123,-0.018197956888558107,-0.018163351782250516,-0.014537179079418464
2018-10-26,0.01792816975907686,0.018797024989370397,0.020311789362301207,0.017980624444357583
2018-10-29,0.0009574498893089543,0.0012131518955210171,0.0014661111415846307,0.0011213065560924254
2018-10-30,-0.004557544813419167,-0.006179861162441894,-0.008389162913823077,-0.005559807430049379
2018-10-31,0.0052685770545358775,0.008250376474332627,0.01139182195158944,0.010994571654104213
2018-11-01,0.00851079688670731,0.012225097327634042,0.015011889069920578,0.015011889069920578
2018-11-02,0.028443943683551104,0.030024475373229345,0.034980439927270554,0.034980439927270554
2018-11-05,0.0014331670582952694,0.0026172844712732306,0.0025472990694313325,0.0025472990694313325
2018-11-06,0.001379501445692527,0.0014989615877934387,0.0017099411727446003,0.0017099411727446003
2018-11-07,0.0008021329774607275,0.0011085124417109387,0.0014611574511756561,0.0014611574511756561
2018-11-08,-0.0001734549022320489,0.0010950272635469262,0.003697872742010221,0.003668045360312815
2018-11-09,0.0044187730813380465,0.0019997846809893197,-0.006761024754649306,-0.005569136078054777
2018-11-12,-0.001746422723933719,-0.0009453988340681885,-0.00029768009256714176,-0.0004671230645727478
2018-11-13,-0.015187109585937044,-0.012709587716454892,-0.009746862936906703,-0.008328805550186823
2018-11-14,0.01641917330593177,0.020261278217900622,0.007481842037933889,0.007452014656236483
2018-11-15,0.0007820880302311663,0.0008929236657377587,0.0005523548684320963,0.0005565042053486698
2018-11-16,-0.004120812403464847,-0.002260198662094945,0.0035188586681506842,0.0016045925378069216
2018-11-19,-0.0032548293557225845,-0.0024559955298105777,0.0018612468253599362,0.0004506618737115155
2018-11-20,0.002937444289046246,0.0017856864057463626,0.0006976208946273085,0.0006729289790142663
2018-11-21,0.020507658673582105,0.013720147195004825,0.016545726911679316,0.0179959634348541
2018-11-22,0.001540817774085401,0.006158728343849855,0.006158728343849855,0.0024151712239944023
2018-11-23,0.0004503841447838234,-0.00022762256191485736,-9.439501534223019e-05,0.0013047778764708042
2018-11-26,0.041115819600427886,0.03408946602463079,0.020282847327081,0.028897304149819454
2018-11-27,0.000176625133008985,0.002404735330028705,0.004985000446312318,0.00267003907109824
2018-11-28,0.0008166572000148683,0.0009581506412279748,-0.0004851715418183193,2.51186282448931e-05
2018-11-29,-0.01140294015711163,-0.01140294015711163,0.0007493278092329939,0.0007493278092329939
2018-11-30,0.0057123833227603164,0.005536146771343707,0.007386811035196667,0.007418077331121067
2018-12-03,0.004891791396561073,0.01640604280532412,-0.001335441198943696,-0.0033856444439304225
2018-12-04,-0.001705345654374515,0.0014159314421643495,-0.004572732656105459,-0.005456426658520377
2018-12-05,-0.005168372018177001,-0.00568034199057596,3.9189645984243196e-05,-0.003059418631281389
2018-12-06,0.0006806296446910877,0.0017705491606148295,-0.0016674718493238263,-0.0010109631918885438
2018-12-07,0.0027811404024188457,-0.002601640025949826,0.0011834615762947925,-0.0030501776195371024
2018-12-10,0.0048660358330183265,0.0048660358330183265,0.002171511020372253,0.0029807193508724593
2018-12-11,0.0017334207015577393,0.0017334207015577393,0.0013160074556754562,0.001533438580677826
2018-12-12,-0.005187721794186679,-0.005187721794186679,-0.0037726061377239975,-0.004469519996746711
2018-12-13,-0.003338321815887701,-0.0033547739167788843,-0.0027788456163428616,-0.0027788456163428616
2018-12-14,0.007013192573658468,0.007235457984492585,0.0073054433863344835,0.0073054433863344835
2018-12-17,0.011992744254133365,0.012018480768349347,0.01395283594157552,0.01395283594157552
2018-12-18,0.00526913825515396,0.0057174336517358815,0.005583599764065491,0.005583599764065491
2018-12-19,-0.0012253987067454245,-0.0014223665561599707,-0.0017743181046797171,-0.0017743181046797171
2018-12-20,0.015155229797185862,0.01769458550198159,0.017711037602872775,0.017711037602872775
2018-12-21,-0.0010197585847192337,-0.0012712941618963135,-0.0013069273615126799,-0.0013069273615126799
2018-12-24,0.0030783035679803994,0.003559652617593413,0.003830177586099865,0.003830177586099865
2018-12-25,0.0036506800020878268,0.004794770894201064,0.005370288129281289,0.005351359934638166
2018-12-26,0.0010316283800676036,0.0012799502429685623,0.001588355182950551,0.0015369183417456372
2018-12-27,-0.00861596148433797,-0.011143191199520947,-0.01749528275269037,-0.01749528275269037
2018-12-28,0.01978063890228548,0.027277943428030135,0.034854641720526325,0.034854641720526325
2019-01-02,-0.0008025036289989004,-0.001082878910184485,-0.0015100694515325303,-0.0015100694515325303
2019-01-03,0.004263913554741435,0.0049337180018836305,0.0047888455741111665,0.0047888455741111665
2019-01-04,0.012311128939396778,0.01272842565914942,0.012310772048930104,0.012327581040287961
2019-01-07,-0.0333110674526335,-0.03300988785934269,-0.030487203318852418,-0.03164380542195837
2019-01-08,0.007505689492966031,-0.0013905232475616002,-0.008442732857523033,-0.008481765892566913
2019-01-09,0.002207714325100111,-0.0007478713094356917,-0.004455795303519684,-0.0048276791644154245
2019-01-10,0.0003889878591530168,0.0030091099159097155,0.005322954314039477,0.00512735047930601
2019-01-11,-0.0005848361128065477,-0.0010349488515251268,-0.0014287793697354346,-0.0014287793697354346
2019-01-14,-0.001499366594993945,-0.0016435187500852594,-0.0015999071618686901,-0.0015999071618686901
2019-01-15,0.0002571454507956668,0.000950683187283829,0.0017594735265389337,0.0017759256274301168
2019-01-16,-0.004682745086253869,-0.013123689282140838,-0.01589972143846401,-0.015367243739819928
2019-01-17,-0.0013795858641321636,0.001600564342413248,0.004434536369112802,0.0042616537314465385
2019-01-18,0.0022136307015295227,0.008523076181216454,0.0072374571131549196,0.0077549732080812615
2019-01-21,0.0034343856968998407,-0.0036368153094818423,-0.006534440029816423,-0.007165933396837555
2019-01-22,-1.389619226028891e-05,-2.4488651547783526e-05,0.0002477898786746866,0.00020857001159621072
2019-01-23,-0.0023047640270733778,0.0025236658417075136,0.010055724854705832,0.010429854985205007
2019-01-24,0.00031387844632956035,-0.0006088589910449665,-0.0013035753842207752,-0.0013614339692941658
2019-01-25,-0.003925103843854376,-0.007628702627662639,-0.007323301934135404,-0.007323301934135404
2019-01-28,0.0015094997835263407,0.004335355102773353,0.005317775917093517,0.005200394130314309
2019-01-29,0.0038604149060121732,0.013743908283270396,0.01742235015414536,0.01320787901992597
2019-01-30,-0.007269836820854553,0.0003725902262326224,0.007799121211634331,0.0072441003066385685
2019-01-31,-0.009082143292068108,0.0015769467853564093,0.005842562674703189,0.008448817332639328
2019-02-01,-0.004273379509166057,0.002238208873871042,-0.0014698253356143687,0.0016744516908859023
2019-02-11,0.01620664919688476,-0.008047080749027439,0.010409877663058724,0.0021996578616227877
2019-02-12,0.027258992007552975,0.026326774416275338,0.02105941314543731,0.019809459781642377
2019-02-13,0.01764730684411067,0.01761058253451781,0.01364549874700393,0.012858935288944605
2019-02-14,0.012938679081771858,0.011900737996743477,0.010019730868432011,0.01005645517802487
2019-02-15,-0.0015775518313687741,-0.0014624419743045267,-0.0016019657311074935,-0.0014460343109984086
2019-02-18,0.005287237782727775,0.004243774334007518,0.0061156925881090205,0.005832989261120017
2019-02-19,0.01971431379976828,0.012480618715976607,0.026328902787378042,0.026328902787378042
2019-02-20,0.006596648628539639,0.006613457619897496,0.0066299097207886785,0.006613457619897496
2019-02-21,-0.0031630357256904294,-0.003212266641802499,-0.003323675322736142,-0.003194470526852763
2019-02-22,-0.0012389242460545031,-0.0016062927330184593,-0.0015542097789241179,-0.0015542097789241179
2019-02-25,0.028949507289253246,0.028912782979660386,0.04144589593577154,0.04142944383488036
2019-02-26,0.035134596722620814,0.03824763123997565,0.03967249043757655,0.04106709685836593
2019-02-27,-0.015180386260221161,-0.015163577268863304,-0.015147125167972121,-0.015147125167972121
2019-02-28,3.091132799077577e-05,2.9669139384343548e-05,1.2001224180224388e-05,1.2001224180224388e-05
2019-03-01,0.0042988651704796,0.004395344238365548,0.004596438538868162,0.004596438538868162
2019-03-04,0.006995781093690499,0.009424354712784085,0.011424791111981242,0.011407982120623385
2019-03-05,0.009146502034539448,0.01163371879869354,0.012660459992308944,0.013145630971966213
2019-03-06,0.03449769880678746,0.0375525854091093,0.04030293454196936,0.04030293454196936
2019-03-07,0.015231448527891477,0.015231448527891477,0.01577275717519569,0.01577275717519569
2019-03-08,0.007879580990713054,0.007879580990713054,0.008466716774323497,0.008466716774323497
2019-03-11,-0.03134102159256866,-0.031357473693459835,-0.03496466458800438,-0.03496466458800438
2019-03-12,0.05184750594604156,0.05366961799299446,0.053653165892103276,0.05366961799299446
2019-03-13,0.011009599176246335,0.010993147075355153,0.01065309861926805,0.011009599176246335
2019-03-14,-0.035404160361083396,-0.03418005227550462,-0.03418005227550462,-0.035386364246133666
2019-03-15,-0.011404671602420525,-0.011866013435597924,-0.011847085240954802,-0.011847085240954802
2019-03-18,0.009259782003816176,0.009685273912147584,0.01020114078110839,0.01020114078110839
2019-03-19,0.019179280388179162,0.01773074291765892,0.022972219211471304,0.022972219211471304
2019-03-20,-0.002954772752366628,-0.002839674458182131,-0.00427473992566558,-0.004228689287608657
2019-03-21,-0.0008252211995204053,-0.0014124120740764928,-0.0018407759652122931,-0.0021365721239733617
2019-03-22,-0.0003959030957997988,0.006202957929561958,0.009571972804918671,0.010305333900165381
2019-03-25,0.003384402421435388,-0.0022765255441200213,-0.005679470744327592,-0.005619284258374486
2019-03-26,-0.0033447857150204923,0.0008122445020332584,0.001815482187703641,0.0027617824710624767
2019-03-27,0.0042333185373991606,-0.006195597669904392,-0.0009063424792095733,-0.0009985634591054755
2019-03-28,0.00011399136609882874,0.0011538179403230338,0.0002384472650250408,0.0006762319167147679
2019-03-29,0.002865485711233609,-0.0019630839071699087,-0.00033364325753525777,-0.00024051508597065492
2019-04-01,-0.01864816288509371,-0.0013145240096163603,0.00793401462101761,0.0010997267584517867
2019-04-02,0.0054945904925435655,0.017840381157878834,0.005365282899070316,0.00963683738541352
2019-04-03,0.0019616041442571627,0.0027222982903432934,-0.001692544664486245,-0.0010858127309694697
2019-04-04,-0.003036677029509166,0.0026090958812242755,-0.00621330044243751,-0.005234327897526004
2019-04-08,-0.004328865481903042,-0.001228081083499238,-0.004501474218444178,-0.004501474218444178
2019-04-09,0.018095334748148496,0.016174762762438708,0.013998022296445135,0.013998022296445135
2019-04-10,-0.008640399605425127,-0.007209363049617946,-0.00719156693466821,-0.0071726387400250875
2019-04-11,0.0014246392828385457,0.0012984883535436702,0.0012474442813705895,0.0012102595220229713
2019-04-12,0.019796252819668084,0.019774965096707738,0.01920456723117625,0.017822694782403597
2019-04-15,-0.008540750696972004,-0.008084422269738295,-0.009744706212398934,-0.009378101881202196
2019-04-16,0.020914489049275224,0.020079033598797077,0.02245951038721058,0.02245951038721058
2019-04-17,-0.02198436264296263,-0.021961906720495243,-0.022651243948649,-0.022651243948649
2019-04-18,-0.0027525993216292836,-0.002886480260475198,-0.003653788497857344,-0.003653788497857344
2019-04-19,0.0034313522809263663,0.0032326742357975556,0.004202177953490745,0.0041857258525995625
2019-04-22,-0.008708984510840009,-0.008708984510840009,-0.010138141670315223,-0.009806044325131517
2019-04-23,0.007716926709661075,0.007697998515017954,0.007967345275477593,0.007967345275477593
2019-04-24,0.010611219816203795,0.01016947375447223,0.010675068302032287,0.010633675738671184
2019-04-25,-0.0019596496478093196,-0.0019371937253419313,-0.002339149868467237,-0.0021546621406354073
2019-04-26,0.02772282389113936,0.026026923071110698,0.034828159143091786,0.0348024226288758
2019-04-29,0.0005544577809701073,0.00014309378306886367,0.0017070551183621257,0.0015330423657133503
2019-04-30,0.01552513828620989,0.015432917306313987,0.025397487574136783,0.020621181553973137
2019-05-06,0.012710602933441678,0.004341843974884373,0.015348040473471885,0.015348040473471885
2019-05-07,0.006216463550845195,0.007581630025299883,0.006513095019276339,0.006513095019276339
2019-05-08,-0.004550121620780329,-0.004550121620780329,0.0002996517098405374,0.0002996517098405374
2019-05-09,0.005766550767615988,0.005705412510383874,-0.0004806014389675406,-0.0004806628704047503
2019-05-10,-0.000986463956417189,-0.0017793225766593705,-0.0005988061357892277,0.00024494205934276107
2019-05-13,-0.00048483182772955397,-0.0010367480857887232,0.0003261287248040707,0.0003261287248040707
2019-05-14,-0.004761018741468342,-0.005321538893897103,-0.0010028476030932347,-0.0010028476030932347
2019-05-15,0.006645134015292838,0.006614774911037139,-0.00043311608713528986,-0.00043311608713528986
2019-05-16,-0.0039054496720300398,-0.0049341518014686045,-0.003687865601539225,-0.003687865601539225
2019-05-17,0.001662905078981225,0.0012152372718108948,-0.0012871347190920401,-0.0012871347190920401
2019-05-20,0.008633803275738882,0.011160000319331509,0.008854474023729537,0.008854474023729537
2019-05-21,0.003562797470272953,0.003378155085393636,0.0017303323246578531,0.0017616600520194623
2019-05-22,0.0003412422481288953,-0.006705843406399053,-0.0006295990826793654,0.0005134178176338275
2019-05-23,-0.0063790363547743785,-0.005330782292619169,-0.0011057741826146867,-0.0024685448602477355
2019-05-24,0.0034380484671538277,0.011543827140972648,0.0036667397038511566,0.0022727507967089376
2019-05-27,-0.002388623912948408,-0.002332628147064743,-0.0004510294326665815,-0.00030959116312455034
2019-05-28,-0.009614397155131819,-0.017158143266466128,0.005952439469918531,0.007619243989210891
2019-05-29,-0.00031641240608914334,-0.00042210356695970917,-0.00024794317474651374,-0.00024794317474651374
2019-05-30,-0.0011422554796109326,-0.00026636450921445034,0.0008368159859122202,0.0008069886042148143
2019-05-31,-0.0005899232950849665,-0.0007312917048358372,-0.00027714367956551854,-0.0003300729026268165
2019-06-03,-0.0018417225621308187,-0.0022205092552348023,-0.0012428465311103386,-0.0012428465311103386
2019-06-04,0.012218121611159509,0.0168652285399226,0.010611570085927075,0.010524126884509048
2019-06-05,0.0070990573507386905,0.011925313699090771,0.00833206293709759,0.010588947879838695
2019-06-06,7.827082646868168e-05,0.0003379080411929269,0.0003159460563095543,0.0003379080411929269
2019-06-10,0.027990622314963805,0.0281911882225537,0.026106930661782386,0.02804670326064267
2019-06-11,-0.004584787392250491,-0.009284074735596571,-0.00467575303118001,-0.005930085479972265
2019-06-12,-0.014712658072144603,-0.024232808081663264,-0.006510897064609296,-0.014135739502002982
2019-06-13,-0.013758848835935712,-0.013375958936256548,0.0004762876495828431,0.004376857934909349
2019-06-14,0.006493311191751866,0.0016644137051099988,-0.0024142026023418963,-0.004343984401721993
2019-06-17,0.0029361614064037705,0.006396642559283265,0.01412948505096271,0.017074667696028136
2019-06-18,-0.00010086285626511086,0.0023537437232115034,0.0027486149332524843,0.0038266950843234685
2019-06-19,-0.020710393807311888,-0.024879024962575453,-0.024895477063466637,-0.026677428068275954
2019-06-20,0.012128754320723934,0.011754866908710172,0.012240132285926936,0.012240132285926936
2019-06-21,-0.04274113835857861,-0.04517626566903975,-0.055195207905586366,-0.055195207905586366
2019-06-24,0.006229483628190279,0.006169297142237175,0.016593808444209983,0.016576012329260245
2019-06-25,0.000954945523905964,0.0005087694482628561,0.0030427410213146214,0.002946406613461001
2019-06-26,0.013966586737969987,0.013920536099913063,0.012863756194666471,0.012880565186024328
2019-06-27,-0.00480015650726861,-0.004274149529711588,-0.005884433926333404,-0.005692435571630933
2019-06-28,-0.010182969466593984,-0.010182969466593984,-0.010131912259395208,-0.010148364360286391
2019-07-01,-0.0013556226393470411,-0.001336694444703919,-0.0015090464149043483,-0.001442358891444665
2019-07-02,-0.011282944040855588,-0.011781336739832832,-0.012517289026735422,-0.012517289026735422
2019-07-03,0.0016337520224220994,0.0019968547963291556,0.005066154001260523,0.0050414620856474805
2019-07-04,0.0026644971268351258,0.0029047458269073297,0.0021560470470989735,0.001998548347148871
2019-07-05,0.003187652200928079,0.003653774581175273,0.0037048317883740488,0.0034884395707399686
2019-07-08,0.011655421562573131,0.012042509805828267,0.010755563548659768,0.010272360898682645
2019-07-09,0.01849651040181102,0.01855885942039921,0.019322678084459904,0.019405477201203506
2019-07-10,-0.00017761377637049304,-0.00013461081735657282,2.3533685163604116e-05,-4.9475312444718775e-05
2019-07-11,6.996474574432282e-06,3.582061508119437e-05,2.0019821957617153e-05,2.0019821957617153e-05
2019-07-12,0.0029766062095207733,0.0029576780148776512,0.0011411293298796595,0.0011411293298796595
2019-07-15,3.420489367693576e-05,3.6500326244456464e-05,3.416454663631638e-05,3.385393659901994e-06
2019-07-16,-0.009021021776776796,-0.00938900173581921,-0.0016640054229332764,-0.0023673898748758928
2019-07-17,-0.0004185722992760646,-0.0008900602180889339,-0.0007451455474372948,-0.0011923315009959034
2019-07-18,-0.0039129489936294195,-0.003964006200828195,-0.0012917073619531348,-0.001121020511796037
2019-07-19,0.013457147120469148,0.015094750395052632,0.007773031211867918,0.010078892535919001
2019-07-22,-0.0016414380498960585,-0.003414913061590139,0.000897190479035064,0.0014538121499795135
2019-07-23,0.010893798352837233,0.017295715624838285,-0.0022498752052563468,-0.0022711629282166934
2019-07-24,0.008887538815025778,0.0007075006459095357,0.01679732534516365,0.017769102946088806
2019-07-25,0.0029408760826383816,0.0005616473381480412,0.007366544672286498,0.007366544672286498
2019-07-26,0.005381134033191861,0.003448137990637966,0.007582857098880474,0.007582857098880474
2019-07-29,0.0007143966709217732,0.00201738126606909,-0.003040532759945171,-0.003040532759945171
2019-07-30,0.0009144949220553083,0.0012769883128928889,-0.0016047503410478105,-0.0015522956557670914
2019-07-31,-0.005807623399418286,-0.005807623399418286,0.0031789908688584,0.0037617032823460935
2019-08-01,0.0073929800860802,0.007449809236073816,-0.003421958150057668,-0.003450412035055059
2019-08-02,0.013783053455511191,0.01576001583490415,-0.007729943715984319,-0.006724632845699177
2019-08-05,0.0032729883013178154,0.004127199875402554,-0.0014255654619218833,-0.0013998289477059008
2019-08-06,0.0038158234345521463,0.007828533340218406,-0.008757274154674569,-0.007994484772086344
2019-08-07,-0.0033763530432230366,-0.0007190657480566487,-0.007398284787900377,-0.007324261642481816
2019-08-08,-0.0015501279000750484,-0.001343022098498747,-0.0012087600700264928,-0.001015736113684447
2019-08-09,0.007290282938883963,0.008208413517000274,0.013697157414835513,0.01304911775181244
2019-08-12,-0.008421102288521722,-0.008440030483164844,-0.008053163982053652,-0.007682458126118215
2019-08-13,0.00705138170062184,0.006727908962396751,0.006797894364238649,0.006777789523837892
2019-08-14,0.009414907556162705,0.009380302449855112,0.00802143901891419,0.007654855134554067
2019-08-15,-0.013656178774276044,-0.012629027117525969,-0.010328865033767037,-0.010328865033767037
2019-08-16,0.011464297292985464,0.011438560778769482,0.006462692685692011,0.006463428767502844
2019-08-19,0.010618794444174049,0.009685349360676752,0.005850032061530606,0.00789792482102932
2019-08-20,0.010308256645760959,0.0071278667698450185,0.005525104044326485,0.010324708746652141
2019-08-21,-0.0015009876549418584,-0.0015009876549418584,-0.0013896311926292195,-0.0014457303189212521
2019-08-22,0.0012285534937543099,0.0012009264330728351,0.0013517507327049942,0.0014229695218088755
2019-08-23,0.0022502826629720732,0.0019382734897886735,0.0034686787894771375,0.0038192667163775913
2019-08-26,-0.0059630477073951945,-0.0019421109301671641,-0.01603726448427381,-0.016941838047218268
2019-08-27,0.000591385684162007,0.0006714674301242007,0.018337975966261726,0.019737329040616328
2019-08-28,0.00267454321217737,0.001884993433824849,0.0017879761062431993,0.002805606523851562
2019-08-29,0.0011499145500847795,0.0010938336044059136,0.0008444513604119518,0.0009842161501238428
2019-08-30,-0.0010114176287718203,-0.0008888565468360542,-0.0008553918642338341,-0.0009338047125512026
2019-09-02,0.0019377744393085441,0.005106546407434044,-0.002223512951417408,-0.00613250489215577
2019-09-03,0.007469612963825629,0.0061023571553705,0.011578077110330294,0.012817769361721097
2019-09-04,0.0040247634668432305,0.003883901796208398,0.002566807665108225,0.0022106302015924744
2019-09-05,0.01728771001144782,0.017186968694964524,0.00571881248534699,0.008191563466292016
2019-09-06,0.0020981115257122825,0.0015029376742216986,0.0011459791092397254,0.0013270897847798935
2019-09-09,0.010640208733600102,0.009385675179469855,0.009444692527975486,0.009444692527975486
2019-09-10,0.0037425639942283923,0.004891373654055823,0.007178164546852101,0.007124631245901386
2019-09-11,0.0052203271448087035,0.0052203271448087035,0.004641821420878772,0.005277513185268994
2019-09-12,-0.013306828958101896,-0.013306828958101896,-0.01631023600082327,-0.01631023600082327
2019-09-16,0.010087817932888791,0.010059364047891399,0.01103100276605684,0.011047811757414696
2019-09-17,-0.0018306308890683222,-0.0015768946008092883,-0.003880101701051424,-0.003985560108472029
2019-09-18,-0.007388670420615279,-0.010896275034269653,-0.01592610785938963,-0.018464185103653556
2019-09-19,-0.0017408451674064697,-0.0017095788714820703,-0.0010926479665631973,-0.0012219390900346158
2019-09-20,-0.001391387150369973,-0.0005600974567269747,0.007252540584495655,0.0103399103821393
2019-09-23,-0.00049899684946514,-0.00047054296446774873,-1.7905680022364786e-05,-6.336548600513903e-05
2019-09-24,0.004018461906698817,0.0035015618137355015,-0.006603813773367837,-0.006557763135310914
2019-09-25,0.0016807625708743302,0.0014549631827222428,0.001628267751351929,0.0017327337391661625
2019-09-26,0.0009593885044759242,0.004356466127059526,0.005379404613375872,-0.0031954861096036022
2019-09-27,-0.02520960003075531,-0.023723104510470126,-0.009435354148679246,-0.015225612684924759
2019-09-30,0.010244453782840125,0.010261262774197982,0.010261262774197982,0.010261262774197982
2019-10-08,-0.013536002215550576,-0.01405159433325433,-0.01405159433325433,-0.01405159433325433
2019-10-09,0.0008964730313551077,0.0009588220499432962,0.0009277393272795071,0.0009896012029197104
2019-10-10,-5.40879180611478e-05,0.0011058762224110084,0.0006749653780678485,0.0018446468370460355
2019-10-11,0.01619242457291157,0.016900624082454872,0.010372254557570291,0.010725888836141817
2019-10-14,0.0034740738324164997,0.003498765748029542,-0.003651908766998339,0.00012985256842838977
2019-10-15,-0.00201993980026836,-0.0018929724646971889,-0.0020265253431803213,-0.0019218336724454897
2019-10-16,-0.002998883576059805,-0.003427573277627069,0.00668047515351323,0.006224930158920155
2019-10-17,-0.004497473159737545,-0.003678966100284881,0.005809345387620191,0.006400108635095216
2019-10-18,-0.00018783352578516951,-0.00022133284885405294,-0.0005299507126795748,-0.0005508367606380428
2019-10-21,0.011211100034621274,0.01118191006781305,0.011501756184453827,0.011501756184453827
2019-10-22,0.003299124057486513,0.002730888568438827,0.00872901138998728,0.00872901138998728
2019-10-23,-0.012100341088915416,-0.012752427941105458,-0.013211476698359256,-0.013211476698359256
2019-10-24,0.002971109432471399,9.39259201397274e-05,0.008845081086669159,0.008845081086669159
2019-10-25,0.0008453236204298056,0.0007555723357273673,0.0015968556860412732,0.0015968556860412732
2019-10-28,-0.017499046325924382,-0.016971227825525455,-0.01746578523367534,-0.01746578523367534
2019-10-29,-0.02045287013753093,-0.017086112023758666,-0.02132610826588773,-0.02132610826588773
2019-10-30,-0.007965994635993973,-0.013413086174236769,0.017087756316581364,0.017087756316581364
2019-10-31,-0.0017118130715575372,-0.0026908590981173817,0.004877550901958049,0.004877550901958049
2019-11-01,0.00011411208700804891,-0.004113800683503928,0.01072207366038771,0.010703145465744588
2019-11-04,-0.008368979072518472,-0.006924980281169392,-0.00871160379862647,-0.009083616261894554
2019-11-05,-0.00350458236751058,-0.0031578115833700102,-0.004584820011262678,-0.005034005976625767
2019-11-06,-0.0037410641954127464,-0.003314621057264339,-0.00399065379086715,-0.00399065379086715
2019-11-07,0.010172801762190094,0.010172801762190094,0.010172801762190094,0.010172801762190094
2019-11-08,-0.012099566444589056,-0.012099566444589056,-0.012099566444589056,-0.012099566444589056
2019-11-11,0.00896256473881697,0.00896256473881697,0.00896256473881697,0.00896256473881697
2019-11-12,0.0198346291602711,0.0196478242427567,0.02011160702817101,0.02015535067359874
2019-11-13,-0.0010646902315250809,0.00047553412860442377,-0.0032313424580796297,-0.003624309369917924
2019-11-14,0.009208915010486535,0.00834830866588692,0.006979906738738345,0.007951423626209736
2019-11-15,-0.005668583750755388,-0.005714634388812311,-0.003700000449158269,-0.004243228892302698
2019-11-18,0.010286984214948735,0.008956041865735913,0.0054464284526918655,0.0076579647848351515
2019-11-19,-0.004866844819920141,-0.0024408404212448633,-0.0022784229078640114,-0.0029208103390663967
2019-11-20,-0.015267255680830403,-0.013474924178969888,-0.006646118981175951,-0.007753118528493859
2019-11-21,-0.005105635400453492,-0.006040189394229088,0.00012515403014104123,0.0012106591333654977
2019-11-22,0.0012158212491356819,0.0009767924155269182,0.0007404770298603425,0.0010253911247085352
2019-11-25,0.008154563568972813,0.008527002540771739,0.003298688623355981,0.005070000985209728
2019-11-26,0.0013763648018943915,0.0008769337118812723,-0.0025404586612354893,-0.0015237203928740515
2019-11-27,-0.0007445055083489966,-0.0007445055083489966,-0.0004923062727107811,-0.0004359356587378388
2019-11-28,-0.0015045027488038384,-0.0015045027488038384,-0.0009096499646239881,-0.0008300518244782943
2019-11-29,0.0032737855069045548,0.003291581621854291,0.001675614864995574,0.0013358096624258794
2019-12-02,3.4216454261006915e-05,3.791524327052616e-05,-3.4842158303770276e-05,-0.000114536237430999
2019-12-03,8.774732194894713e-05,7.078204973543371e-05,2.865984365970549e-05,-2.3786115237778473e-05
2019-12-04,-0.005091578562421897,-0.005601289131005585,-0.0009034557394982402,0.0024579436245666317
2019-12-05,-0.0008533162944311814,-0.0008769110100207166,-0.0006908987810503295,0.0022508039504680216
2019-12-06,-0.005095607664002766,-0.005437289270186473,-0.002770655035224565,0.0005620057563154939
2019-12-09,-0.00016210850762700022,-0.0008008411160690079,0.00401021716815767,0.00549860169057486
2019-12-10,0.00018008252490134426,0.0005114170236689771,-0.0012391656258684725,-0.0011620190249747111
2019-12-11,-0.0004909725701947357,-0.002208261925967697,0.004339772349569551,0.005803727610522338
2019-12-12,-0.001998558527636479,-0.0017427592506407618,-0.0040433988767177576,-0.003900349601203195
2019-12-13,0.0016141116430160272,0.0012382926596988812,0.005760346142584937,0.00574353715122708
2019-12-16,-0.005700490752354074,-0.006991413546476166,0.01109211903387366,0.010686617916838819
2019-12-17,0.014519480003001952,0.013799061418598019,0.017027273306448428,0.017027273306448428
2019-12-18,0.006958539710013526,0.006958539710013526,0.006974991810904709,0.006974991810904709
2019-12-19,0.0025439798060669853,0.0025439798060669853,0.0027730333796441766,0.0027730333796441766
2019-12-20,0.002847339678160364,0.0028248837556929763,0.0041467238486463005,0.0041467238486463005
2019-12-23,-0.008020407054556776,-0.008511172151158427,-0.01099634970819044,-0.01099634970819044
2019-12-24,-0.019954823616423378,-0.019954823616423378,-0.022263219546764093,-0.022263219546764093
2019-12-25,0.014232010042973128,0.014232010042973128,0.013738527674880327,0.01375497977577151
2019-12-26,0.011170168338609874,0.011170168338609874,0.011151240143966751,0.010769920812980952
2019-12-27,0.0061801413156647375,0.0061801413156647375,0.005953641804972554,0.005671602785727247
2019-12-30,-0.00561597740276948,-0.00561597740276948,-0.005935868478570195,-0.005636082243170238
2019-12-31,0.004616724362855114,0.004570673724798191,0.0051186890585713995,0.004802252262403743
2020-01-02,0.012682942079096617,0.011095925975124401,0.012003092609458184,0.012735396764377335
2020-01-03,0.00635466140587685,0.004200196635853218,0.007626454270247696,0.007626454270247696
2020-01-06,-0.002352374732256229,-0.002352374732256229,-0.0026025878383133766,-0.0026025878383133766
2020-01-07,0.007736171114655381,0.0077193621232975245,0.010746076650164246,0.010746076650164246
2020-01-08,0.011152147043790068,0.011542399962249102,0.011941175976545882,0.011941175976545882
2020-01-09,0.0011941641302512815,0.0011941641302512815,0.0012544199846726083,0.0012544199846726083
2020-01-10,0.00781653576490256,0.00781653576490256,0.007851140871210152,0.007851140871210152
2020-01-13,-0.0025874018351727834,-0.0025582118683645585,-0.0025617416514150297,-0.0025617416514150297
2020-01-14,0.00534399449102054,0.006274929953997514,0.013363304513623478,0.013363304513623478
2020-01-15,-0.0037993670165494572,-0.004043114271321955,-0.003832155761998631,-0.0038606096469960224
2020-01-16,-8.309966250629605e-05,-1.9359645702544536e-06,0.0003978994987647893,0.0003524126910399446
2020-01-17,0.0005413328856613531,0.0004352256195687002,0.0002849692918706775,0.0002849692918706775
2020-01-20,0.0016924488328225764,0.0014382545052546473,0.00013405152656430157,0.00010296880390051246
2020-01-21,-0.00238486600061357,-0.0032765154030234716,-0.0012383921628194826,-0.002137874597146065
2020-01-22,-0.004846081287151272,-0.004002974129705373,0.0015846724520920976,0.0025282364393504975
2020-01-23,0.0005248698464591609,-0.00012904409695552708,-0.0007702596250492836,-0.0007702596250492836
2020-02-03,0.046864930439691685,0.04684812144833383,0.0469217595896853,0.04694304731264565
2020-02-04,-0.013648465678649134,-0.014137934877178982,-0.012010082108064634,-0.011390194544671021
2020-02-05,0.01722965169722802,0.017246460688585877,0.01781992170530053,0.01781992170530053
2020-02-06,0.033971985679910485,0.03524018323709552,0.03524018323709552,0.03524018323709552
2020-02-07,0.01829208495266483,0.01829208495266483,0.01829208495266483,0.01829208495266483
2020-02-10,0.008234106146009498,0.008234106146009498,0.008251902260959234,0.008251902260959234
2020-02-11,0.019351039914782635,0.01940868376658825,0.02036058465797268,0.02036058465797268
2020-02-12,-0.0016270747343413252,-0.002103530811086539,-0.0033571970282442643,-0.0033829335424602463
2020-02-13,-0.004279866356340253,-0.0018452856980904376,0.0117908828130044,0.010829492602606898
2020-02-14,-0.0003062785284242853,-0.00021531288949476615,-0.0006834075278113988,-0.0006834075278113988
2020-02-17,-0.0024459110430904906,-0.001145193777699702,0.00191634652050439,0.0019455364873126146
2020-02-18,-0.025955941633319313,-0.013269408487701978,-0.015530871715439355,-0.013297862372699368
2020-02-19,0.006579912499320669,0.009217903638646245,0.00787305380388785,0.010594591871183305
2020-02-20,-0.0026458236640248644,-0.002016219703680397,-0.0045714547721039285,-0.004546762856490886
2020-02-21,-0.001450869644400868,0.00048218686298204033,0.010141823622159674,0.009367135211703808
2020-02-24,0.0032607771551992236,0.004485240195068566,0.014285466687216121,0.014264178964255775
2020-02-25,0.0004336222953227211,0.0007161835338716602,0.0046311089451504415,0.004912543615791633
2020-02-26,-0.0013130199548056407,-0.0019746964627669443,-0.001993464616491814,-0.002019201130707796
2020-02-27,0.0006116337097789488,-0.0008146464002426909,-0.003095962960654785,-0.0028462034930125868
2020-02-28,-0.02410753587085707,-0.026200831035295264,-0.02401367555164666,-0.022864693436601788
2020-03-02,0.0028801675391675326,-0.0010549893025428515,-0.003304544371409029,-0.0013319671704427579
2020-03-03,0.006150348490568991,0.010328746146644878,0.05030536515324643,0.04727722021990543
2020-03-04,-0.008955282084346443,-0.009048410255911047,-0.012498606324634367,-0.01002789405740366
2020-03-05,-0.0012591016272079853,-0.006798291176378349,0.02246339089151963,0.011627904500992913
2020-03-06,0.005156723473267073,0.005557265809121447,-0.0017181659425378163,0.0016459897326860566
2020-03-09,0.010904166901260996,0.0103031623729647,0.005359082161774214,0.009097965999933453
2020-03-10,0.02780698583476005,0.027897951473689567,0.02116988290643429,0.022511673787161693
2020-03-11,-0.005604600821302207,-0.012232528952175206,-0.024275043657361297,-0.025994199165266824
2020-03-12,0.00867590701874523,0.008655802178344472,0.01970960377625367,0.01974863681129755
2020-03-13,0.030388198344934118,0.03194426102197687,0.03337249876080387,0.030411837149961093
2020-03-16,-0.016654575432365322,-0.01873348561759591,-0.022086699727052975,-0.01961690664143395
2020-03-17,0.021947080523270414,0.024417131307385563,0.04143067356615931,0.04138238693495673
2020-03-18,-0.0035122129053874788,-0.0009298730599910208,0.0057777497440867085,0.004960241328982804
2020-03-19,0.007042987788558928,0.008665614924692273,0.01589938274217467,0.01172990870832241
2020-03-20,-0.017354442272601363,-0.0146227874917823,-0.016062488045033182,-0.010372316525567553
2020-03-23,0.00982964928388853,0.011104620522880538,0.018394155286629854,0.014535785162380487
2020-03-24,0.0018854818154502573,0.0017384438087823298,0.002506910085154708,0.00210621389643929
2020-03-25,0.0036119012807040033,0.002557180309856665,-0.012860290020786789,-0.007244947865898076
2020-03-26,0.0034868688638331285,0.0029901892937206622,0.00617065437195399,0.00452558760948912
2020-03-27,-0.0145190251068725,-0.0145190251068725,-0.013036987476084186,-0.01188752340777979
2020-03-30,0.021253245123447354,0.021253245123447354,0.021253245123447354,0.020521484288156904
2020-03-31,0.009701317610314054,0.009701317610314054,0.009701317610314054,0.009701317610314054
2020-04-01,0.011165791433340651,0.011165791433340651,0.011165791433340651,0.011165791433340651
2020-04-02,0.008340054877273689,0.008340054877273689,0.008340054877273689,0.008340054877273689
2020-04-03,-0.03037093712539057,-0.03037093712539057,-0.03027601126107875,-0.03027601126107875
2020-04-07,-0.007389759316836774,-0.007406568308194631,-0.009169430733097235,-0.009169430733097235
2020-04-08,-0.014944937246781304,-0.015513219286407743,-0.01597450963111976,-0.01597450963111976
2020-04-09,-0.005020100041669915,-0.005039028236313038,-0.006248299261325132,-0.006248299261325132
2020-04-10,-0.009774950670576169,-0.010204657242741569,-0.011027016270831781,-0.011043468371722964
2020-04-13,0.022155361256273823,0.02432117338867623,0.026392203307832315,0.02729381369062948
2020-04-14,0.0034460943803717656,0.003838377323743174,0.00623617065647144,0.006219718555580257
2020-04-15,-0.010978410450124501,-0.011024461088181425,-0.016887256739504454,-0.01752800818181646
2020-04-16,0.005275301122017627,0.006070766364794213,0.00742013436339742,0.0067857693886933705
2020-04-17,-0.014631485758455024,-0.014647937859346207,-0.014631485758455024,-0.014631485758455024
2020-04-20,0.0015067347009216775,0.0014429104937245785,0.0015067347009216775,0.0015067347009216775
2020-04-21,-0.0076547054406534585,-0.0076547054406534585,-0.0076547054406534585,-0.0076547054406534585
2020-04-22,0.0026152571834839526,0.0026152571834839526,0.002614900293017279,0.002614900293017279
2020-04-23,-0.014352029457522451,-0.014335220466164594,-0.01336092279502873,-0.01336092279502873
2020-04-24,0.006222884449725411,0.0064493772616964415,0.006001931845803389,0.006001931845803389
2020-04-27,0.014910236645940452,0.0155627797331441,0.01511080255353035,0.01511080255353035
2020-04-28,0.002569301394118718,0.0033418957790461224,0.005388251013598945,0.005388251013598945
2020-04-29,0.010380899200344159,0.011672763397143215,0.013474744297653322,0.013498339013242858
2020-04-30,-0.0007560710750291469,-0.0008811155978749887,-0.0015867060472095822,-0.0017328109642502014
2020-05-06,-0.008578812409000028,-0.008608002375808253,-0.0077311253179679655,-0.0077311253179679655
2020-05-07,0.007303708496730785,0.008620077197291817,-0.001969380696494777,-0.0019386015435183626
2020-05-08,0.004809844045886578,0.004291675877846713,-0.001987078142169192,-0.0014814749477095096
2020-05-11,-0.004658265331536064,-0.006063351742062685,-0.005887115190646075,-0.006515146613373814
2020-05-12,0.0008335496769608583,0.0005289524293712144,0.002178119474246113,0.002367732814138949
2020-05-13,1.0080153600693578e-05,-7.161290525780638e-05,3.36207738703237e-05,9.59400742074093e-05
2020-05-14,-0.004325446197674385,-0.0030672962700089667,-0.004220149476946428,-0.0063743742312061995
2020-05-15,-0.00020005760967946117,-0.0005478014004381709,0.004096736449045581,0.004096736449045581
2020-05-18,-0.0008506112526137055,-0.00019055466909929038,-0.0022024643753763753,-0.0022024643753763753
2020-05-19,0.0016790637130927161,0.0015249664016319245,0.0014882420920390663,0.0014549809997900266
2020-05-20,-0.009837875115258164,-0.009812138601042181,-0.010572651108654367,-0.011399076732141312
2020-05-21,0.004248213899686899,0.004708443256746727,0.006735084015198996,0.006504678711850029
2020-05-22,0.004571746340877479,0.007538580602211817,0.011998173174007665,0.013489635217992096
2020-05-25,-0.004516570680874052,-0.0009225158357591319,0.008727364851958424,0.010855769364418877
2020-05-26,0.0019558167624979844,0.0019033620772172652,5.910656448212566e-05,-0.0001388632597322055
2020-05-27,0.012971794577359952,0.01067644202653586,0.018706963993796975,0.018706963993796975
2020-05-28,-0.007721197729302116,-0.007721197729302116,-0.007704388737944259,-0.007704388737944259
2020-05-29,-0.006127213935095348,-0.0061776423649243725,-0.00624756407629214,-0.00624756407629214
2020-06-01,0.012315619337897403,0.010435823237126423,0.01690564329219649,0.01690564329219649
2020-06-02,0.023057993158014052,0.019864533099676937,0.0259842617142436,0.0259842617142436
2020-06-03,0.004912374593588151,0.004912374593588151,0.0045977018169361256,0.0045977018169361256
2020-06-04,-0.006928859550063624,-0.006928859550063624,-0.007127415594046514,-0.007127415594046514
2020-06-05,0.004037295869479836,0.004037295869479836,0.0047653729494435615,0.004726339914399681
2020-06-08,0.0016452847410704213,0.0016737386260678127,0.002130310928371038,0.0019519528755894378
2020-06-09,-0.0016038141778185486,-0.0018173619978344776,-0.002721719675289706,-0.0025191172735742674
2020-06-10,0.0004423971931208895,0.0007063517474337831,0.002323516052775233,0.002323516052775233
2020-06-11,0.0002834226401956087,0.0002232361542425039,0.0007802928995447136,0.0007802928995447136
2020-06-12,0.0033557826629762814,0.005280261637511253,-0.008436408746674734,-0.008410672232458751
2020-06-15,-0.0007205353816384808,-0.00485917196311525,0.008564676813280441,0.007844856216062889
2020-06-16,-0.0020274985184151064,-0.002127472065544865,0.0011117844697403608,0.000997074153493016
2020-06-17,-0.013093666418535082,-0.013748245783948712,0.006186012223817771,0.006202464324708955
2020-06-18,0.00425193937501303,0.003678959438995072,0.004829888616437634,0.004653877672078424
2020-06-19,-0.0018727946679209294,-0.0016156811787055494,-0.0024353477646778376,-0.0024531438796275735
2020-06-22,0.00504507103319016,0.0044204702715722995,0.010093218896275073,0.009661131352133616
2020-06-23,0.002654336050165348,0.002414907504684083,0.004209074415721342,0.00368519873391235
2020-06-24,-0.00020968134366170356,-0.00012990532640152043,-6.726621180357074e-06,-6.107185292656835e-05
2020-06-29,-0.0005342700422058335,-0.0006252356811353528,-0.0014166124062933209,-0.001127229026835596
2020-06-30,0.0004363545214384481,0.0008874723713450514,-0.0012230056547399971,-0.0011157919523728738
2020-07-01,-0.0029590749077197005,-0.006057879875214166,0.002699108594897871,0.0005629931683788993
2020-07-02,0.003062857551675873,0.002689735737194629,0.001367884237603114,0.0011850269519835123
2020-07-03,0.009327465591476231,0.009327465591476231,0.0066851801393561635,0.005176779503159273
2020-07-06,0.017789940028654246,0.017789940028654246,0.014675373886746912,0.014691825987638097
2020-07-07,0.03884818898518572,0.03884818898518572,0.04168482491492069,0.040281725456907495
2020-07-08,-0.007556623705846978,-0.007556623705846978,-0.007556623705846978,-0.007556623705846978
2020-07-09,0.032645762625289405,0.032645762625289405,0.032645762625289405,0.032645762625289405
2020-07-10,0.021406787172682826,0.021406787172682826,0.02138997818132497,0.02138997818132497
2020-07-13,-0.004035598944348823,-0.004035598944348823,-0.0038571760774716106,-0.0038571760774716106
2020-07-14,0.044397003225073194,0.044397003225073194,0.04997757013439333,0.049995366249343066
2020-07-15,-0.018497190575318685,-0.01847590285235834,-0.019325950683258705,-0.020109532382780147
2020-07-16,-0.020283245362003596,-0.02139963656395384,-0.024363473298339374,-0.02437992539923056
2020-07-17,-0.04439167777632394,-0.04439167777632394,-0.043014993378687374,-0.044461663178165835
2020-07-20,0.011714054295800105,0.011714054295800105,0.008538582629043088,0.010156265946980913
2020-07-21,0.017472200697455906,0.017472200697455906,0.02572501438530611,0.02575075089952209
2020-07-22,0.0032068877054346806,0.0032068877054346806,0.002959122474528642,0.0032068877054346806
2020-07-23,5.4940622376021934e-05,5.4940622376021934e-05,5.4940622376021934e-05,5.4940622376021934e-05
2020-07-24,0.001974446801090074,0.0019452568342818491,0.001974446801090074,0.001974446801090074
2020-07-27,-0.01840081420579212,-0.015724938034630816,-0.01837318714511065,-0.01837318714511065
2020-07-28,0.004966042339544725,0.004966042339544725,0.004502431251737621,0.004502431251737621
2020-07-29,0.0017557941555897425,0.0017557941555897425,0.002419103394141144,0.002419103394141144
2020-07-30,0.005524276600505902,0.005524276600505902,0.011788341332614392,0.011788341332614392
2020-07-31,-0.0015281263035831693,-0.0015281263035831693,-0.0007838501894007427,-0.0007838501894007427
2020-08-03,0.0006825096922515006,0.0005590224164311988,0.002036686457960628,0.0020054201620362286
2020-08-04,-0.0009561492400911372,-0.009157618659676915,-0.0008326619642708354,-0.0029169154625816765
2020-08-05,-0.0034318483279224573,-0.0027041370174543835,-0.0003759327283393107,-0.0003759327283393107
2020-08-06,0.0017550802916235062,0.0006588217300523562,0.0006899044527161453,0.0006588217300523562
2020-08-07,0.000833243191240219,0.000777162245561353,0.0004891821941776326,0.0008922605397458495
2020-08-10,0.006731069440707421,0.00858838498190222,0.0046917655184487775,0.004719392579130252
2020-08-11,-0.0023639497645997595,-0.0023875444801892947,-0.005267090112772757,-0.004735893306143314
2020-08-12,0.015274532745179495,0.016370664173583824,0.02024465149939595,0.02024465149939595
2020-08-13,0.008510233099796581,0.009342079482104368,0.015797355435361055,0.015797355435361055
2020-08-14,-0.0023346328773606435,-0.0020578483493237437,-0.005123947985736821,-0.005140400086628004
2020-08-17,-0.012312306035200699,-0.012293377840557576,-0.013244700995968216,-0.012764577605144465
2020-08-18,-0.02058946169325403,-0.021644152338121773,-0.020522123332236762,-0.021472040315529267
2020-08-19,-0.00391235275519732,-0.0027521199005101846,-0.004683389399793465,-0.004701185514743201
2020-08-20,0.015414976502855143,0.0144925933823826,0.016796853801021912,0.0174339162358027
2020-08-21,0.008015996285311688,0.005035809362116527,0.0063847672158777145,0.0058093019594157806
2020-08-24,-0.006964458422375059,-0.006291230825814633,-0.004285917179620774,-0.004262322464031239
2020-08-25,-0.012812712391379478,-0.011952335129211166,-0.009416979491482307,-0.008748331423661323
2020-08-26,0.0042113256197096535,0.0040577840304232785,0.0042113256197096535,0.003591437919793832
2020-08-27,0.020688998207106696,0.02064760564374559,0.02064760564374559,0.019171884256117107
2020-08-28,-0.005211150128495112,-0.004700378706054845,-0.004720483546455602,-0.003483069480376129
2020-08-31,-0.019532991056810632,-0.01774663941867355,-0.01870244907106404,-0.01246143504761272
2020-09-01,0.003114189145326909,0.002593417716100032,0.003097737044435726,0.001790514127160266
2020-09-02,-0.0044282181690510165,-0.004281720659660402,-0.004588057327112341,-0.003735373237980135
2020-09-03,-0.0029388254779916688,-0.0029388254779916688,-0.0028563671526833563,-0.0026829255276827795
2020-09-04,0.018657348024743427,0.018657348024743427,0.01867380012563461,0.01867380012563461
2020-09-07,-0.005350461324416913,-0.005350461324416913,-0.005544366770869822,-0.005544366770869822
2020-09-08,0.017138316646231357,0.017138316646231357,0.01776036684362554,0.017700046085621313
2020-09-09,-0.004022052261900246,-0.004022052261900246,-0.00450338286465239,-0.004042985617773796
2020-09-10,0.017810148166261638,0.017599189656938314,0.015806257476748395,0.00610615959024985
2020-09-11,-0.0014793999844481018,-0.0195524223738173,-0.006772305762327315,-0.017147190234787366
2020-09-14,0.013465078575048722,0.01709434244015097,0.012175224317675766,0.01814179542541656
2020-09-15,0.008908071265058182,0.008971919750886674,0.008542201816462864,0.010099323747489782
2020-09-16,0.004417569361458842,0.005215291890126924,0.00502890590767711,0.005756089435953537
2020-09-17,-0.004352835358851518,-0.0052918390309365515,-0.005993811872186273,-0.0070682636438634885
2020-09-18,0.001925174009129598,0.0018342083702000789,0.003978191674314551,0.005340735939921413
2020-09-21,-0.002625301380508076,-0.005513975803100547,0.0024832050734816947,0.006259112201371948
2020-09-22,-0.003049658983318467,-0.0024117299263051633,0.00024843832557565164,-0.0012170843038444086
2020-09-23,0.003144798776218227,0.00691804058089492,0.005081946892410798,-0.0010693074996508238
2020-09-24,-2.5107926320688383e-05,-0.0004773465026496822,5.671226655726001e-06,0.0006900129085332231
2020-09-25,0.00413441685877076,0.008767265053752828,0.0029242434346577967,-0.004517023413540793
2020-09-28,-0.004936837553529801,-0.0049671966577855,-0.0048454495181095925,-0.006493267601634161
2020-09-29,-0.0029637632620857332,-0.00226740887722462,-0.00720283909649187,-0.008637528388214865
2020-09-30,0.004605790302926467,0.0020774308968276854,0.008847712275831119,0.009284165429514329
2020-10-09,0.0023815796028626214,0.0017715371489515448,0.0035515286885064484,0.0035515286885064484
2020-10-12,0.00020289386006741252,0.00020289386006741252,0.013574713391099424,0.013574713391099424
2020-10-13,0.03181713651741435,0.03179934040246461,0.021349862580485917,0.02132857485752557
2020-10-14,0.002734243589497971,0.002649866395344022,0.0022931234239417855,0.002394055472222765
2020-10-15,-0.007738780136040081,-0.007715185420450546,-0.0062748200243528465,-0.006301538195417583
2020-10-16,-0.004737897499866242,-0.005066566116316541,-0.004111138309710851,-0.0036855243804175732
2020-10-19,-0.0001843581934665526,-0.0001843581934665526,-0.0002584519316596628,-0.0002008080798540468
2020-10-20,-0.0037509912227767666,-0.003720212069800352,0.0045109740226310455,0.0032517300457974426
2020-10-21,-0.0025330924285422527,-0.0018850860506061937,-0.01121433463549918,-0.01121433463549918
2020-10-22,0.004381305294806556,0.005107888612587695,0.013156593394997314,0.013119869085404455
2020-10-23,-0.00034528025450709194,-0.000897146493831764,0.00668153491770274,0.006090030305915994
2020-10-26,0.003662617399103221,0.005804611229710438,0.014823948698600714,0.011753247755651368
2020-10-27,-0.0031091597927367658,-0.002678143690006227,0.0004554883443305742,0.000515674830283679
2020-10-28,0.0004336214684083435,0.0012750715572708118,0.004437633721866035,0.0028477001930924772
2020-10-29,-0.0020980990381276937,-0.0021216937537172293,-0.006843594651175339,-0.0057383197802953366
2020-10-30,-0.0133954564781339,-0.014362466775496628,-0.009244853298775769,-0.01248975517384906
2020-11-02,0.011569459339119202,0.012217722715381567,0.01292292769752415,0.014282032072934495
2020-11-03,0.0007669604464828918,-0.00043092279702891057,0.0002751391707410881,0.0025677072914049508
2020-11-04,-0.009262666266635999,-0.005000608630223981,0.0010012926072930101,0.0009081644357284073
2020-11-05,0.00045342852138137196,-0.00019030801296523206,-0.00016457149874924966,0.0005017151525839494
2020-11-06,-0.007960785099126344,-0.006843192083066866,-0.006273257542393392,-0.006867883998679909
2020-11-09,0.001434970479103862,0.0012512822710054545,0.001255450325083596,0.0013413589166845986
2020-11-10,-0.013552675956180182,-0.012354660586238242,-0.017014149933702816,-0.01911194990286687
2020-11-11,0.0031296004303579435,-0.0002548171007989761,0.01100286348961944,0.011534426301398816
2020-11-12,0.0017660626757016018,-0.0018176023786125614,0.009854251486519265,0.009854251486519265
2020-11-13,0.0003801871900179617,0.0009529194078790083,-0.0016716544432698614,-0.0016894505582195976
2020-11-16,-0.0033443259106956847,-0.0026144318061110234,-0.0037886470019860147,-0.003919839331996669
2020-11-17,-0.008046829525959307,-0.008046829525959307,-0.006610289786293623,-0.0072420175173730965
2020-11-18,0.008270614230572222,0.008270614230572222,0.007992031499016616,0.008287066331463405
2020-11-19,0.0040123115404571644,0.0040123115404571644,0.004169080066859499,0.004169080066859499
2020-11-20,-0.010250754364932333,-0.010250754364932333,-0.01023430226404115,-0.01023430226404115
2020-11-23,-0.006850486032687373,-0.006850486032687373,-0.007074762475234424,-0.007074762475234424
2020-11-24,-0.00751351503535119,-0.00751351503535119,-0.008100496164534236,-0.008100496164534236
2020-11-25,0.003015070810179935,0.003015070810179935,0.003015070810179935,0.003015070810179935
2020-11-26,0.01448819383327483,0.01448819383327483,0.01463267879518586,0.01463267879518586
2020-11-27,0.003395782904546118,0.003338139052740502,0.0051841672181292915,0.005157449047064555
2020-11-30,-0.00032289982694694324,-0.00027634353521670556,-0.00045304454408470654,-0.0005000775238482994
2020-12-01,0.002575919734284666,0.002575919734284666,0.001360534616484135,0.0002503031441563612
2020-12-02,-0.010912836148655715,-0.010912836148655715,-0.007555810770716171,-0.0058787972194276426
2020-12-03,-0.0001850331683587584,-0.00021266022904023303,0.001039837328381258,0.001039837328381258
2020-12-04,0.00023411098278065172,0.000276373748060227,0.0004168454349725234,0.00044044015056205865
2020-12-07,-0.008723773027703793,-0.00874387786810455,-0.008203691990236376,-0.007657147760515191
2020-12-08,0.003375281293402806,0.0035462412574592777,0.0032168029797332094,0.003003577264700886
2020-12-09,0.0023061579248306475,0.0024458598567213834,0.00237979606618212,0.0020419960648309114
2020-12-10,0.0152924952295832,0.015860569848239862,0.013080819268315683,0.013049736545651894
2020-12-11,-0.0006522867506065493,-0.000678874653871201,-0.0003050463747396276,-0.0003713346901825368
2020-12-14,-0.0017416262231921711,0.0019539311055961385,-0.013220169028976596,-0.013741310598885326
2020-12-15,0.008944897134979889,0.008194436783221095,0.009608134625692365,0.009608134625692365
2020-12-16,0.0010070604874184465,0.0010070604874184465,0.0010413424136832673,0.0010413424136832673
2020-12-17,-0.00638571774075332,-0.006404645935396442,-0.006424852377928114,-0.006287126780160305
2020-12-18,0.008357145523326604,0.007864151760546487,0.003227882692591807,0.005870594185886858
2020-12-21,-0.00044422352207883393,-0.00016380045131583968,4.43181671707383e-05,-0.00038622088477122785
2020-12-22,0.004729726463742004,-0.002899941867452901,-0.009300914379925366,-0.006463860853449452
2020-12-23,-0.003451333644603021,-0.003749973849883449,0.0020797823802357327,0.0011855320803137925
2020-12-24,-0.008450311289835479,-0.008406567644407744,-0.0060349892445994095,-0.007119478263748615
2020-12-25,-0.007689239242049164,-0.008622233826565311,-0.008587628720257718,-0.009389273568168236
2020-12-28,0.0007770594779349196,0.0008114177403418264,0.0009416492802467081,0.0009416492802467081
2020-12-29,-0.0011197088105160393,-0.0010905188437078147,-0.0018117896929791663,-0.0018117896929791663
2020-12-30,-0.0018639187528941348,-0.0021808565032548815,-0.0048134959006808165,-0.0048134959006808165
2020-12-31,0.0036857263006147075,0.003173518365515728,0.006623825672817902,0.00656948044107169
2021-01-04,0.0034744315288889587,0.001281287159120523,0.009657863412671304,0.007839891650123724
2021-01-05,0.014063047288204166,0.014063047288204166,0.005001451719189986,0.005027188233405968
2021-01-06,-0.001032092539720033,-0.001032092539720033,-0.0005968712680137365,-0.0005061900331507444
2021-01-07,-0.004961010191455249,-0.004961010191455249,-0.004378244350131624,-0.003929256289671272
2021-01-08,-0.016500409716094063,-0.016500409716094063,-0.014815992719111772,-0.01200640484787299
2021-01-11,-0.010540856302462492,-0.010540856302462492,-0.008623870455365628,-0.007244730434541813
2021-01-12,-0.009474925188265485,-0.009474925188265485,-0.007255597020306501,-0.004329486593940446
2021-01-13,0.017261365120114103,0.017241260279713344,0.017949510444208287,0.012993979216188533
2021-01-14,-0.009971873423401204,-0.009524456839131333,-0.011580045684186214,-0.009949417500933816
2021-01-15,-0.0009637688860269955,-0.0008539483194700496,-0.001291741735170241,-0.0011054724800678242
2021-01-18,0.0005291301850020566,0.00024134331161945776,0.0007472265046040111,0.00017899429303126925
2021-01-19,0.00437606228026388,-0.0011893139916744958,0.0007055683426205508,-0.004807708239442555
2021-01-20,-0.005413117414630976,-0.004873758551300314,0.0036782081791828574,0.005683469949718959
2021-01-21,-0.0011372144144542492,-0.0011896690997349683,-8.84615391496814e-05,7.708493154435047e-05
2021-01-22,-0.007858997930799657,-0.009568622585754987,-0.0003889109046520566,-0.0004479282531576873
2021-01-25,0.00047246176035286956,0.00041638081467400354,0.0003132775340346022,0.00038308530759154004
2021-01-26,0.006023546943203601,0.007772881647844214,0.0032997904590874633,0.003274053944871481
2021-01-27,-0.0018464299385604218,-0.0012107817579735973,0.005760099856230715,0.006317744683062333
2021-01-28,-0.005975067691815136,-0.005975067691815136,-0.0005958505755606343,3.489702290870801e-05
2021-01-29,0.0018323993604466705,0.001880685991649248,-0.002745099647374189,-0.0023080483122544697
2021-02-01,-0.014893627337238457,-0.012824732574398204,-0.020365687794732978,-0.020365687794732978
2021-02-02,0.004051197206683878,0.004002910575481301,0.008761232675446248,0.008761232675446248
2021-02-03,0.004057487394162177,0.0047277043418263364,0.006464271954384411,0.006464271954384411
2021-02-04,-0.01763043058844926,-0.01763043058844926,-0.018493941442625235,-0.01860593052617706
2021-02-05,-0.011189168146175711,-0.01122589245576857,-0.009420349339827288,-0.005732480168344977
2021-02-08,-0.01249412561466447,-0.013624586521524587,-0.009894447813738477,-0.011241252564196462
2021-02-09,0.0018989681016270896,0.0018788632612263317,0.001329141019733992,0.0016979088901464669
2021-02-10,0.025914631564799846,0.02722082638594095,0.03175126784994075,0.03175126784994075
2021-02-18,0.01973942088776712,0.01973942088776712,0.019072598635413527,0.019072598635413527
2021-02-19,0.003853336459470269,0.0038790729736862513,0.0038164872053781406,0.0038377749283384868
2021-02-22,0.014535546567367727,0.015894092624064864,0.019664465654785874,0.020640264639615977
2021-02-23,-0.0005624441686174631,-0.0018516872928424836,-0.007175136944442023,-0.002048867228917593
2021-02-24,-6.942332839318172e-05,-0.0002881674069248467,-0.0006638948157467826,-0.0006696596483980675
2021-02-25,0.002719004976993165,0.004251682269940096,0.004542723343489211,0.004139693186388268
2021-02-26,0.008438430213265149,0.008465148384329884,0.011244467559601715,0.014000985672156034
2021-03-01,0.0014108860263659085,0.0012837358867341195,0.0020640613595092642,0.0021539322213081067
2021-03-02,-0.019166647186068836,-0.01426665906218703,-0.027318870686021512,-0.028384728837121835
2021-03-03,0.00043063571274984684,-0.0017425867160111679,0.0020405176416864266,0.0028377062672603486
2021-03-04,-0.001754236170366348,-0.0015833966746401523,0.0004884972633377541,0.00012239150497197357
2021-03-05,0.016217699835489506,0.015666032227271715,0.002649618305719752,0.004794736976756451
2021-03-08,-0.013226255232083125,-0.012272758426175971,0.002933050076215721,-0.0043395790053402565
2021-03-09,0.03588239789842452,0.035903685621384865,0.010165801917097867,0.014514915996272198
2021-03-10,0.013778624673171553,0.014593738213591775,0.008086565026308066,0.010152400349713394
2021-03-11,-0.013185882946171321,-0.01274240975185668,-0.014556795361679092,-0.013561570973605965
2021-03-12,0.016226683146160988,0.007893309241413453,0.02842425973663197,0.026469782041080695
2021-03-15,-0.005594717772843538,-0.005653735121349169,-0.0055676111523953135,-0.0056066441874391935
2021-03-16,-0.0013803387486723436,-0.0010409787492216295,-0.0030450986941895544,-0.002890755628933196
2021-03-17,0.0024197200898264837,0.0005630888656289788,0.005421305432019747,0.003036075841545055
2021-03-18,-0.0002226039993339567,-0.00021583961066779308,-0.00015082429963215918,-0.00010057279542135029
2021-03-19,0.0017131827198115423,0.0018124822557406153,0.0018930810321325401,0.0023510695097254575
2021-03-22,-0.0025550008577454875,-0.0027907600942953417,-0.0031091281029990907,-0.0031091281029990907
2021-03-23,-0.017697413856585454,-0.018416185255231005,-0.019778223120705818,-0.019760427005756084
2021-03-24,0.014147199916945536,0.014882166005144266,0.015468375219753437,0.016157372900739084
2021-03-25,0.013214615119073516,0.013214615119073516,0.007582891483259313,0.009595399383356065
2021-03-26,-0.0039044181097007084,-0.0039044181097007084,-0.0029224250274897633,-0.003594723100855484
2021-03-29,-0.00996261102188384,-0.010006354667311574,-0.006280557437637798,-0.006280557437637798
2021-03-30,-0.005461940784549258,-0.004914554086358957,-0.0056789178702835825,-0.0056789178702835825
2021-03-31,0.0036175211343069183,0.0036175211343069183,0.0033506172245376825,0.0033674262158955395
2021-04-01,-0.0020373586897263177,-0.0020373586897263177,-0.0019825662570413156,-0.0018933241363771306
2021-04-02,-0.010610834860115485,-0.010610834860115485,-0.010594382759224303,-0.009894606512611006
2021-04-06,0.0011270770224841133,0.001105789299523767,0.0012397677557239328,0.0012397677557239328
2021-04-07,-0.008724238927713028,-0.008258338874327167,-0.010795794556074573,-0.010819389271664108
2021-04-08,0.0006446545995421306,0.0005693170866071219,0.0007302018560099433,0.0006763172600380226
2021-04-09,0.00575848573436991,0.00575848573436991,0.0036612978208174457,0.0033675872681987093
2021-04-12,-0.003001686288250879,-0.003001686288250879,-0.0018492623739893973,-0.0016876078421102446
2021-04-13,0.022501975892398624,0.022501975892398624,0.020549264462911835,0.019713204218162438
2021-04-14,0.0018926115208042146,0.0018926115208042146,-0.001096643298492269,-0.0012713124612012375
2021-04-15,-0.0010674440466153204,-0.0010674440466153204,0.008278250462877728,0.008253558547264686
2021-04-16,-7.427200837976963e-05,-0.00010272589337716099,-6.376254545203838e-05,-6.473760632729766e-05
2021-04-19,-0.00466850239776228,-0.005300821348384181,0.005467891299258904,0.004753899856426127
2021-04-20,0.001276837267162708,0.0004260113549710868,0.0013379755243948213,-0.0019996553533133117
2021-04-21,-0.002729641162447712,-0.002729641162447712,-0.001772353358339201,-0.0004533360655249312
2021-04-22,0.0026246937162209393,0.0026531476012183306,-0.003511301960519544,-0.002972371360463744
2021-04-23,-0.0024806649233239716,-0.0021878007375129424,-0.00089314700233995,-0.0010499468282301242
2021-04-26,0.003710647109115194,0.0035649638603697507,0.0022619840166734715,0.003765961297977568
2021-04-27,0.005085585786520377,0.005128232231924604,0.007101548744795559,0.007521476296353193
2021-04-28,0.004356164931233369,0.00343068164740131,0.0027356290649414475,0.004696237822452878
2021-04-29,-0.006519345918121054,-0.006519345918121054,-0.002947075338724049,-0.0053830423126748315
2021-04-30,0.004378787269237084,0.004378787269237084,0.003189656016536517,0.003835446415947889
2021-05-06,0.008233704189366966,0.008252632384010089,0.006735757017529646,0.00738151407097489
2021-05-07,-0.007068844622760212,-0.007415279582552336,-0.0024252513186266496,-0.0024016566030371144
2021-05-10,0.008878582345905344,0.008878582345905344,0.007552443575054886,0.007053933280322127
2021-05-11,0.004601063587892494,0.004601063587892494,-0.000785341566383377,-0.0008100334819964193
2021-05-12,-0.0003335016542964887,-0.0003335016542964887,0.0020166906970719165,0.0022078437120783816
2021-05-13,0.0002492023438791249,0.0002492023438791249,0.006024320418567555,0.007253438613935596
2021-05-14,0.0006851188787372924,0.0006207143689496001,-0.00012423009718403357,-0.00012423009718403357
2021-05-17,0.005990059728515141,0.0014235793846753802,0.009905699029838991,0.00994242333943185
2021-05-18,-0.001938032312152786,-0.0007996845865726526,-0.005900559961809797,-0.005447246254389646
2021-05-19,0.004359562274089996,0.004359562274089996,0.004951812805607652,0.004912779770563772
2021-05-20,0.0004183319683010777,0.00023863975490215328,0.0005888205992784723,0.0006044132674073879
2021-05-21,-0.0001910120761248214,-0.0003361861538544519,0.00016331307322441378,0.000181927769540537
2021-05-24,0.00013027587688925783,0.00011017103648850005,-0.00016204610690602727,-0.0001239510676301072
2021-05-25,-0.008688622590133763,-0.009119831966853264,-0.008221329896086201,-0.008255935002393794
2021-05-26,-0.00751365002668127,-0.008030727323641745,-0.009216799358287127,-0.009860070655914793
2021-05-27,0.004138197992290194,0.004138197992290194,-0.0013640803636659155,-0.002359695432265352
2021-05-28,0.013396882330791908,0.013396882330791908,0.0013713559537812386,-0.0011309836404818127
2021-05-31,-0.004098330845590324,-0.004098330845590324,0.00026532855567427656,0.0008428535941760746
2021-06-01,0.018046787844847915,0.018046787844847915,0.003037759743111069,-0.0019875027615713406
2021-06-02,0.002003541691732718,0.002003541691732718,0.0009543275848979163,0.0008710932068181897
2021-06-03,-0.012980957750482549,-0.012980957750482549,-0.006946081090329083,-0.005472624243497336
2021-06-04,-0.003064793258630343,-0.003064793258630343,-0.003039887690313331,-0.0027759583511250546
2021-06-07,0.011303815209144533,0.011303815209144533,0.00871325895155685,0.008741712836554241
2021-06-08,0.009815757324428938,0.009815757324428938,0.004729866993410115,0.0053024941249329785
2021-06-09,-0.009248777146649602,-0.009248777146649602,0.00031829019995543897,0.002489676838472366
2021-06-10,0.0031008789450875478,0.0031008789450875478,5.3602234843460304e-05,0.00014563251147377206
2021-06-11,0.007325087555506693,0.007325087555506693,-0.01119004948346274,-0.008501363856664008
2021-06-15,-0.0073099853365713435,-0.0073099853365713435,0.007346991314886519,0.007346991314886519
2021-06-16,-0.001870963028128663,-0.001870963028128663,0.00041824570856516133,0.00041824570856516133
2021-06-17,-0.010030753730552299,-0.010030753730552299,0.0026751472615874133,0.0026919562529452703
2021-06-18,0.014256242109718867,0.014256242109718867,0.013719353476476022,0.013224766108307568
2021-06-21,0.01357664530930699,0.01357664530930699,0.011214787840210405,0.01049999194316783
2021-06-22,0.021200434765305434,0.021200434765305434,0.0064383949412713404,0.000564542302488897
2021-06-23,-0.0019346131532144996,-0.0019346131532144996,-0.00028967041002905515,0.0007187717685769746
2021-06-24,0.008574013654509985,0.008549321738896942,0.0016647691078680257,-0.0026255015455480903
2021-06-25,-0.007946302110103028,-0.007363367094684918,0.006137315162501553,0.010030422885614716
2021-06-28,0.0018643393269421609,0.0015380188674765074,-0.003546242003843646,-0.005656721198779078
2021-06-29,0.00027193013849555967,0.00027193013849555967,-0.00426618417214755,-0.004438211042564949
2021-06-30,0.0013261595951210524,0.0013261595951210524,0.007381842572670447,0.007420875607714327
2021-07-01,-0.00031992851784028945,-0.00031992851784028945,-0.010551284566470654,-0.011586033214247612
2021-07-02,0.00969909236363633,0.00969909236363633,0.014621664237940719,0.017415209872752496
2021-07-05,0.0029627153639184465,0.003056392109868244,-0.005582150446589578,-0.003739993506703375
2021-07-06,0.0005491029350385303,-0.003538216913223367,0.017644310674978018,0.01851526378895463
2021-07-07,0.0035742044054034045,0.004211188602201635,-0.007214082578612254,-0.007215179778635761
2021-07-08,-0.002088315633070776,-0.0035397959259619222,0.016045785666023247,0.013885906242091071
2021-07-09,-0.00024968193258421994,-0.0005337080347674217,0.00020985326922997027,0.00026419850097618154
2021-07-12,0.0002727320628736114,0.00021013803958760285,0.004000513750628343,0.0031220389476301377
2021-07-13,0.0004805030514762209,-0.00199005704164752,-0.004431719571377141,-0.007930917143582962
2021-07-14,0.0029755727094133893,0.0029755727094133893,0.0029968604323737354,0.0026761724688192413
2021-07-15,-0.01584279502935401,-0.015808189923046417,-0.014927269539288275,-0.012177828059249269
2021-07-16,0.0016860986121144045,0.0016263641335497968,0.0013527431999969418,0.0012111980414909846
2021-07-19,-0.002809689476719751,-0.0029855064744407603,-0.0021068483128242436,-0.0013974655952773798
2021-07-20,-0.0011259090468969542,-0.001539705100446361,0.001970261549750982,0.002805765225837873
2021-07-21,-0.017577571252396413,-0.01617877079932659,-0.01884601192902554,-0.01884601192902554
2021-07-22,-0.018977779115680677,-0.018461039677002692,-0.018107405398431167,-0.0180366628447612
2021-07-23,-0.0008888986308413309,5.881324758190865e-05,-0.002225590739596809,-0.002757348684897798
2021-07-26,-0.005547634196187769,-0.007096310484932592,0.003596283351265416,0.0047438480748524465
2021-07-27,-0.00584136177155864,-0.006319012580085069,-0.0034318270151600144,0.0020614886166831167
2021-07-28,-0.012063847698464643,-0.017144220318477975,-0.010470714846695539,-0.010470714846695539
2021-07-29,-0.00259826342716764,-0.003242037532500242,-0.009454988753221748,-0.009454988753221748
2021-07-30,0.023093513857148314,0.024386127439092253,0.02992613022369472,0.02992613022369472
2021-08-02,0.007222973752719704,0.007491565330870399,0.0074751132299792165,0.0074751132299792165
2021-08-03,0.017661793759653613,0.017661793759653613,0.017057523587088574,0.017057523587088574
2021-08-04,-0.01553469457197968,-0.015569299678287274,-0.014499059090235652,-0.014499059090235652
2021-08-05,0.02276269621942689,0.021131350559344717,0.02068780998984651,0.02068780998984651
2021-08-06,-3.1153571591231206e-05,0.00011465848295000731,0.0007115153241224732,0.0006590606388417542
2021-08-09,-0.0018144706524594195,-0.0011463692866747193,0.0014736442987310213,0.0011412768988534933
2021-08-10,-0.0016155176379947058,-0.001504170115152467,-0.0001888768635888862,-0.0003971271214726161
2021-08-11,-0.00887787001927366,-0.00887787001927366,-0.007257318406015498,-0.006486424063787279
2021-08-12,-0.006745165894383289,-0.006727369779433553,-0.007295096480450157,-0.0070441308287553794
2021-08-13,-0.005770806051235661,-0.005546817784989546,-0.0061902139043446425,-0.0061902139043446425
2021-08-16,0.0015143822299112804,0.0014427674709966477,0.0016991817875831058,0.0016991817875831058
2021-08-17,0.010945372476990435,0.010295781231787779,0.013713785974338288,0.013679180868030695
2021-08-18,0.016767154736436182,0.017813401471154355,0.02208486613884545,0.020472575237348346
2021-08-19,-0.002090407091443025,-0.0020280580728548364,-0.0006806321408968806,-0.0005320226501617452
2021-08-20,0.0012110483700712076,6.849346466976272e-05,0.004277510611544155,0.0015294916479900455
2021-08-23,-0.005595410535147166,-0.006717254711992913,0.004057458046271587,0.002358561151588796
2021-08-24,-0.021845893715738793,-0.025378628273420554,-0.01715414314783707,-0.0145196290732215
2021-08-25,-4.8157913084884266e-05,-0.0005433739826713556,-0.0003252581896222479,-0.0003829020414278639
2021-08-26,0.000508917046313809,0.0004341015809829947,-0.0007093401426816707,-0.0008503851822151386
2021-08-27,-0.00458649580439348,-0.0029116073542415056,0.009569170158608262,0.009569170158608262
2021-08-30,0.00024239718830365662,0.00016837404288509678,-0.003471229735634685,-0.003471229735634685
2021-08-31,-0.0018108651905783778,-0.002316817916693175,-0.0021556397042927556,-0.0021556397042927556
2021-09-01,-0.0032487103768449486,-0.003917092646334911,-0.0036349415868569394,-0.0036148367464561818
2021-09-02,0.02095958058262632,0.020976389573984178,0.01783255955966489,0.016964459072266923
2021-09-03,-0.01769588315339528,-0.018341554323027906,-0.00985993045294379,-0.008743458784141175
2021-09-06,0.012602582724080404,0.012602582724080404,0.0036869464923900345,0.003625084616749831
2021-09-07,-0.013079566920773143,-0.013079566920773143,-0.002939113762096268,-0.0013357594354320194
2021-09-08,-0.018256811137199062,-0.018256811137199062,-0.007521467570634933,-0.0076464106125091295
2021-09-09,-0.003587646495852622,-0.003587646495852622,-0.00037485725950818196,0.00032751853328674127
2021-09-10,-0.00025750342837859504,-0.00028876972430299445,0.0006479916530475249,0.0007863591358342404
2021-09-13,-0.0005314499102812056,-0.0007184474602513898,-0.0020791462306392213,-0.002099251071039979
2021-09-14,-0.003530262032078457,-0.003530262032078457,-0.003274299405989202,-0.0034226874677742367
2021-09-15,0.007268689208510251,0.007201350847492981,0.008503417186249923,0.008503417186249923
2021-09-16,-0.013861725855498944,-0.011570425256804653,-0.016937613236382983,-0.016937613236382983
2021-09-17,0.035709966980909114,0.03438580389070443,0.035647617962320924,0.035556652323391405
2021-09-22,-0.0004065821413761891,-0.0011772458480530607,-0.0011229006163068493,-0.0022480728741096005
2021-09-23,0.008471608575794274,0.010522410475497066,0.008548755176688036,0.011561476938730485
2021-09-24,-0.0008120349137439064,-0.0009546334502700506,-0.0006670062001505005,-0.0008120349137439064
2021-09-27,-0.0017528768349373814,-0.0017230494532399754,0.0014295666087595661,-0.0017166603675325895
2021-09-28,0.010022156319249312,0.00819989336603519,-0.0086039788642166,-0.01390559069362629
2021-09-29,-0.004222298283915008,-0.004445275967526873,-0.00446208495888473,-0.004689124671720028
2021-09-30,-0.02031354462949086,-0.02031354462949086,-0.021070411091717825,-0.02181120767686751
2021-10-08,0.029750224228047416,0.029750224228047416,0.0297666763289386,0.0297666763289386
2021-10-11,-0.006992277759601026,-0.006992277759601026,-0.00722046828894932,-0.00722046828894932
2021-10-12,-0.005940238369282744,-0.005940238369282744,-0.006414510307349668,-0.006396714192399932
2021-10-13,-0.022118412516104167,-0.022118412516104167,-0.0221362086310539,-0.02305948596914597
2021-10-14,0.007559774922678842,0.0075798797630796,0.007841301845133038,0.007260338983961706
2021-10-15,0.01060110729453527,0.011114762260906205,0.010623563217002658,0.01060110729453527
2021-10-18,-0.001382838323566831,-0.0014352930088475501,-0.0015697967531520052,-0.0014629200695290246
2021-10-19,0.008583876416928144,0.00712610644656971,0.006314290715766054,0.006373308064271685
2021-10-20,0.003714134472996967,0.003335999513208277,0.0019790299889566472,0.0030576972342060645
2021-10-21,0.0006412507119891626,0.0011094118609693857,-0.0028845039204705054,-0.0013980269273890789
2021-10-22,-4.603106190671075e-05,0.00028225876751837803,0.0039111012402757005,0.00280936584732068
2021-10-25,0.003647878099127323,0.003647878099127323,0.00319049311097344,0.0023130355806633396
2021-10-26,-0.010425068033388503,-0.010425068033388503,-0.0031334388561372476,-0.002261808368538241
2021-10-27,0.004533512177480362,0.004517060076589179,0.00453162761599693,0.0038039016391577057
2021-10-28,0.008666509702541127,0.008952485926855514,0.0021921518459709745,0.0022206057309683658
2021-10-29,0.018374968960692822,0.018436107217924935,-0.009247310067799962,-0.008078515033912546
2021-11-01,0.0036881219288872895,0.0020106944174559252,0.008800255744508382,0.008147484800785892
2021-11-02,0.0034964824306757715,0.003435344173443658,0.006763081955417714,0.006283967352444748
2021-11-03,-0.0033043372787123497,-0.0018574305574619349,-0.006138669157814998,-0.0060862144725342794
2021-11-04,0.001582715671125243,0.00124535328029674,0.0033641359511206222,0.002745042708350367
2021-11-05,0.002477539475398044,0.0017376730627696865,0.004507446502545624,0.0023053639058931118
2021-11-08,0.0029259446899075696,0.003702468859949009,0.00375468309397788,0.007674052699838109
2021-11-09,-0.0025641929266199924,-0.0034436985290291974,0.00037096697163131715,-0.0007344617836525771
2021-11-10,-0.011753906297936859,-0.01474360128984489,-0.0035452358054972617,-0.006271199446151584
2021-11-11,-0.0005679971599917287,-0.0007773459825922794,-0.0007490525471586642,-0.000765702442408281
2021-11-12,-0.00466449450472846,-0.004645566310085338,-0.008288841746414796,-0.008307769941057919
2021-11-15,-0.01657765693895145,-0.015845135371930053,-0.015671846703579913,-0.016417569088513842
2021-11-16,0.004939427560110141,0.004997071411915757,0.009524279108072298,0.010572527774895321
2021-11-17,0.0038023980448528023,0.005192012851967978,0.00987270228290149,0.009851414559941143
2021-11-18,-0.01574811790957193,-0.01653028950334131,-0.015691288759578315,-0.014846752735573805
2021-11-19,0.007370455128594825,0.006090889840615445,0.006434634424607915,0.00606729512502591
2021-11-22,-0.016282659717948223,-0.012768648409643948,-0.013496051126805486,-0.011853183408374287
2021-11-23,-0.02007509416548653,-0.01942457559633628,-0.0169082750217889,-0.015264910707440757
2021-11-24,0.0005302436982606859,0.00039852795857062227,0.0019467763442539419,0.001519365848565457
2021-11-25,-0.0002869759002712587,-0.00020419921979964448,0.001788436278924055,0.0017275868757889558
2021-11-26,0.0032942520478254807,0.0026662123241471365,0.0035470091321544704,0.0034086293249103346
2021-11-29,0.002862666775619444,0.0019865913581720352,0.003403478766505042,0.003403478766505042
2021-11-30,-0.01871054373008641,-0.018039861245322357,-0.01936698620604319,-0.01936698620604319
2021-12-01,-0.0007115380238567116,-0.0008204864958558769,-0.000521415782627009,-0.000521415782627009
2021-12-02,0.00023822306959715993,-6.123903905075058e-05,0.0008177910267184782,0.0008177910267184782
2021-12-03,0.008785638080125545,0.006309725633236833,0.009109377705441664,0.009058949275612639
2021-12-06,-0.006140084305116456,-0.006603946226623427,-0.004442353471736501,-0.003763912524984546
2021-12-07,0.00843734104958747,0.008958411915690866,0.008680641359246948,0.007733580795464244
2021-12-08,0.003417741684688714,0.0054768064454502685,-0.00392624055205992,-0.003952958723124657
2021-12-09,0.007459701052833298,0.0066204804686958,0.007566072448894448,0.008395989396441095
2021-12-10,0.002205995821841447,0.002082984235682894,0.0017520472402739972,0.001730759517313651
2021-12-13,0.00406060385517888,0.003456115716741161,0.004566564544210249,0.004775761917245323
2021-12-14,-0.0022969369684435257,-0.0019120040711368754,-0.002408926051995353,-0.0022675505722733994
2021-12-15,0.0023100687912994255,0.001921271946842582,0.0012124443980851655,0.0006956122722357463
2021-12-16,0.00014490050036722899,-0.00016019162127462987,-0.00022942455141278405,-0.00023919307438580395
2021-12-17,-0.00013499888296304586,-0.0003229965059028092,-0.00017413060419028785,-8.842130174912273e-05
2021-12-20,0.009314946364427668,0.013034240677344388,0.008629822448933011,0.0065206137098365955
2021-12-21,-0.0061586831687920965,-0.0018354538027554326,-0.007714354645377756,-0.009256230644837892
2021-12-22,0.01423038132311563,0.014737576571022586,0.012613285659922775,0.013712183641542757
2021-12-23,0.005072870780688471,0.005090666895638207,0.004741220107956136,0.005107475886996064
2021-12-24,-1.7106647530630768e-05,-4.11728637574684e-05,-1.2797209180675832e-05,-6.390416335380134e-05
2021-12-27,-0.015951660068693533,-0.015975298873720508,-0.01519133085457098,-0.01602164547053543
2021-12-28,0.004418086451133187,0.0036874939324660645,0.005185997027307324,0.005185997027307324
2021-12-29,0.00831643878767135,0.00831643878767135,0.00831643878767135,0.00831643878767135
2021-12-30,-0.002485544568739594,-0.002485544568739594,-0.0024027678882679797,-0.0024216960829111017
2021-12-31,0.006942954905886719,0.006964242628847065,0.008418905380910268,0.00806781396594421
2022-01-04,0.010265941427816158,0.009732861365350816,0.009058538556678139,0.00846768755379019
2022-01-05,-0.003001116124686453,-0.003001116124686453,-0.0017667583081811184,-0.0017667583081811184
2022-01-06,-0.010991029254395459,-0.010974577153504276,-0.012831101248431325,-0.012831101248431325
2022-01-07,0.013921180187591841,0.013442913431649032,0.013904728086700659,0.013904728086700659
2022-01-10,-0.02490172425638916,-0.024919520371338894,-0.024045578616805854,-0.024045578616805854
2022-01-11,0.008155670595351841,0.007857724526402972,0.008751567401647896,0.008751567401647896
2022-01-12,-0.005883602375429956,-0.005855148490432565,-0.006262199490416883,-0.006303592053777987
2022-01-13,0.005519892552009389,0.006368705168809721,0.011964377990960137,0.010820646547935629
2022-01-14,0.0007716650235991875,-0.0018612561114938655,-0.013494599237679313,-0.013472143315211925
2022-01-17,-0.0005358204743420387,-0.0005661795785977376,0.004733973493763538,0.004477108068837653
2022-01-18,-0.004340250827543132,-0.005690035765749333,0.01212614091638508,0.012071795684638868
2022-01-19,-0.0005413189601145486,-0.0025938189234184957,-0.0050053162405627434,-0.004141955270543543
2022-01-20,-0.006259279309076805,-0.006290607036438414,-0.004888955855834302,-0.0016642748217385254
2022-01-21,-0.000860724736725515,0.0006447750618593477,-0.013670605146269041,-0.003878285819799149
2022-01-24,-0.01468986538106138,-0.014706317481952563,-0.016947918436871615,-0.015439934150288008
2022-01-25,0.0052347486803789684,0.005477521251187939,0.004628234854406265,0.004188233836750311
2022-01-26,-0.023330492193779844,-0.02809833880039915,-0.019044086690184675,-0.017478684394646296
2022-01-27,0.0009047306863793394,0.000946317777900267,0.000929865677009084,0.000929865677009084
2022-01-28,-0.019762403625448913,-0.019762403625448913,-0.019076677939993167,-0.019076677939993167
2022-02-07,0.005528477081030173,0.005547405275673295,0.005697760378017416,0.005697760378017416
2022-02-08,-0.0009794002386192824,-0.00100933384185005,-0.0009526820675545458,-0.0009269455533385633
2022-02-09,0.005366988440196444,0.005945835012766635,0.005870138511147651,0.0063670962679548875
2022-02-10,0.010922325600636567,0.0116208141785154,0.0033050096213163393,0.002351976158015097
2022-02-11,-0.007318804196176273,-0.007641534836872866,-0.0010383334141137344,-0.000484695585080766
2022-02-14,-0.013355171560864937,-0.014768911806045917,0.016970331410380346,0.018374565353286933
2022-02-15,0.0003863034019231132,0.0003559442976674143,-0.00018875562386568983,-0.0009317365268258016
2022-02-16,0.005137180562544111,0.006568624418365894,-0.005335768219892087,-0.015029400528413062
2022-02-17,-0.0009186291776325564,-0.0010326034426899442,-0.0009433210932455985,-0.0017741860863853928
2022-02-18,-1.9713026016947473e-05,-9.432034988969686e-05,9.12071865867766e-05,0.00013237833719634382
2022-02-21,-0.0014835169089333234,-7.265862048544186e-05,-0.0069960387702298725,-0.007236503931311382
2022-02-22,-0.0050645025442012945,-0.00418299014864227,-0.006426464339466812,-0.006426464339466812
2022-02-23,-0.0027695446903077464,-0.0026927837549882553,-0.0027695446903077464,-0.0027695446903077464
2022-02-24,-0.010038689434671988,-0.01010253792050048,-0.010019761240028865,-0.010019761240028865
2022-02-25,0.002778171943310713,0.0022638869679679954,0.003267179613578841,0.0033196342988595605
2022-02-28,-0.00021348597003116593,-4.5588272098233645e-05,-0.0004862709219543836,-0.0005256847356010213
2022-03-01,-0.007211893048874196,-0.005265397248749214,-0.007094511262094989,-0.007116967184562378
2022-03-02,0.008023078685854317,0.008023078685854317,0.00600044549786805,0.006400845733724493
2022-03-03,-0.008289734157448601,-0.008333477802876335,-0.007594713169213059,-0.007594713169213059
2022-03-04,0.02077692070027607,0.018459599461195925,0.02377063803774546,0.02376965091415358
2022-03-07,0.006146498722064881,0.006125210999104535,0.0063343486264198145,0.0059037915708484694
2022-03-08,0.01522299112309665,0.014345652405389793,0.014428451522133396,0.014428451522133396
2022-03-09,0.016789585210580802,0.011857318158904194,0.016789585210580802,0.016758502487917014
2022-03-10,0.0006285781553209937,0.0005977990023445793,0.0005977990023445793,0.001096566618238837
2022-03-11,-0.001788110797967966,-0.0024416374809805783,-0.002358838364236976,-0.0015851560754866197
2022-03-14,0.004459665611395426,0.004459665611395426,0.003078545834348244,0.0013302966928025704
2022-03-15,-0.005905486116278584,-0.005967835134866773,0.0003879689772273833,-0.0008111969321115012
2022-03-16,-0.0046024936908020475,-0.0012257752898170234,-0.01418856265116016,-0.009570432874880248
2022-03-17,0.019787949042640057,0.019770152927690323,0.02199390639248916,0.02192656803147189
2022-03-18,0.0044704717099323535,0.004651275465777327,0.004027979416564435,0.00339076982443205
2022-03-21,0.022192198787056312,0.02320175893992021,0.017602039728191868,0.016307729597961965
2022-03-22,-0.0021242042536694927,-0.002009105959484996,-0.0015350695567527893,-0.0014023268973359236
2022-03-23,0.000963559829819153,0.0017500178261732246,-0.0011720961777523704,-0.001145378006687634
2022-03-24,0.00042247596180019934,0.00042247596180019934,0.002974796803710643,0.0026942002470140085
2022-03-25,0.002355569754451956,0.002355569754451956,0.003237507968398145,0.003063206188833864
2022-03-28,0.0185057222512357,0.018523518366185435,0.013402149188665469,0.012503322244276846
2022-03-29,-0.004271921066109314,-0.0044649234832477925,-0.0025971321853628963,-0.0023617135213611765
2022-03-30,0.0030366953284609506,0.0030366953284609506,0.0027923376937891388,0.0022676187898164678
2022-03-31,-0.010788892039235993,-0.01080570103059385,-0.0062440892893696545,-0.0054014229115306464
2022-04-01,0.02097539343877587,0.021778870740667408,0.010350720669916604,0.008970983765481189
2022-04-06,-0.0049814358610282775,-0.005553407840263766,-0.0011776789248417277,4.7195528700610674e-05
2022-04-07,0.005218758752001941,0.005218758752001941,0.003248101776823243,0.003248101776823243
2022-04-08,0.013062502800496558,0.013227092602808346,0.009999620745814616,0.009968538023150826
2022-04-11,0.007351958317051558,0.012218446327398064,0.0022237403066386998,0.0014406048656642185
2022-04-12,0.005683436854263312,0.017780360632081882,-0.002805553039950824,0.0022703360015148776
2022-04-13,0.000213024825857321,-0.00011307176543595292,0.0004927027375744149,0.00047459326139647607
2022-04-14,-0.0015906116550580276,-0.0014683927162511723,-0.0018018689718083982,-0.0015390444321068558
2022-04-15,-0.004360166519104425,-0.0021073677242779165,-0.006495380670856736,-0.0059257634743102175
2022-04-18,-0.0024710961550707786,-0.0004360562799564559,-0.005702822069163763,-0.003133775941668722
2022-04-19,0.00032753585554627694,-0.001874721770115529,0.00221195352917117,0.0008625753002357863
2022-04-20,-0.0013068143295118088,-0.00390213625218214,-0.0019587488780710887,-0.002581520907521996
2022-04-21,0.009853231376783312,0.016383957070032096,0.012195229885866334,0.014369802198083504
2022-04-22,0.01338569194206697,0.02251514441881807,0.015897916025502723,0.01818665804638448
2022-04-25,-0.022318703063411292,-0.021265573860413493,-0.015115656935605105,-0.016463783762973378
2022-04-26,-0.05191015388637143,-0.05189370178548025,-0.05423847544477303,-0.05423847544477303
2022-04-27,-0.03228917112107688,-0.031167951544753422,-0.032272362129719026,-0.032272362129719026
2022-04-28,0.040641879368177466,0.042167145275168016,0.04215069317427683,0.04215069317427683
2022-04-29,0.010948878962634556,0.0106027698159452,0.011043804826946375,0.011043804826946375
2022-05-05,0.024335597780684608,0.024335597780684608,0.0304599721913493,0.0304599721913493
2022-05-06,0.0008565504494956143,0.0008565504494956143,0.0010282025289823076,0.0010282025289823076
2022-05-09,-0.0001407047312116346,-0.00011087734951422868,-7.79647721196552e-05,-7.79647721196552e-05
2022-05-10,0.0016303860776643443,0.0019549182290253065,0.003687457453324228,0.003687457453324228
2022-05-11,0.0032703088281160553,0.003332902851402064,0.01993809221302693,0.02011432876444354
2022-05-12,0.0002298814382647649,-3.626835243071359e-05,-0.0005184792137679832,-0.0015019192452479014
2022-05-13,0.0006228549974902777,0.0018354763918368919,-0.0052077134369822335,-0.004028791894115859
2022-05-16,-0.0028704793396827095,-0.002506000656358509,-0.002331404715518599,-0.0019322488202350163
2022-05-17,0.004087367095040747,0.004087367095040747,0.0024808112526064404,0.0022380807533282933
2022-05-18,-0.007381751264375947,-0.007381751264375947,-0.005216754410795047,-0.004809592620561169
2022-05-19,0.014381907769396235,0.014381907769396235,0.01165026129205215,0.010386593157719377
2022-05-20,-0.024477297064939445,-0.024477297064939445,-0.015434221886368202,-0.01417688263419455
2022-05-23,-0.012929505518960091,-0.012929505518960091,-0.0061076780774137075,-0.004584603967447568
2022-05-24,-0.007457317993633462,-0.007457317993633462,-0.0007134295228566927,0.00030598153404781225
2022-05-25,0.030268574793345708,0.03029431130756169,0.0053560863465984595,0.0054043729778010365
2022-05-26,0.009698648119015213,0.008863650164103773,0.011218074817952032,0.009670885349347536
2022-05-27,0.009384484866489672,0.00935370571351326,0.009384484866489672,0.007248246157767235
2022-05-30,-0.0019684035666878794,-0.0014294970101587203,-0.0019684035666878794,-0.0019684035666878794
2022-05-31,0.0010104634912152784,0.0002908922149938728,0.0009481144726270899,0.0009481144726270899
2022-06-01,-0.0002616946138836719,-0.0008980858084278906,-0.0010489101080600497,-0.0010264541855926617
2022-06-02,-0.0035549441180332507,-0.0040213404069035326,-0.00667566792409492,-0.006307586064520778
2022-06-06,-0.005048454196510982,-0.005048454196510982,-0.008091647456645425,-0.008091647456645425
2022-06-07,-0.019675191345667416,-0.019764567798428747,-0.026203067920055157,-0.02625741315180137
2022-06-08,0.001201942664099113,0.0007267931099217979,0.0017875827078727149,0.0014434145399338692
2022-06-09,0.0002092429728877999,0.0002092429728877999,0.001020614279008458,0.0011126445556387697
2022-06-10,0.014531620015115942,0.014531620015115942,0.013103055681602208,0.010087966150025204
2022-06-13,-0.014960188668132151,-0.014985925182348134,-0.007480314176138313,-0.006168113099284951
2022-06-14,-0.003041396633522503,-0.0027577111455641427,-0.001322862188018087,-0.00041917712046948797
2022-06-15,-0.002933807852635601,-0.0025347447848456956,-0.0016049848555577438,-0.0009884841820622385
2022-06-16,0.0012958358043672433,0.0010190552929901283,0.0015640285064483263,0.0008285432076064966
2022-06-17,-0.00020666450912879385,-1.3068602791343835e-05,-0.0007001076971367362,-0.0005011582813845562
2022-06-20,-0.00821830915959092,-0.004641785870383118,-0.018596447901087016,-0.017131541736974985
2022-06-21,-0.0061753093875936615,-0.006232953239399278,-0.007316242265653111,-0.00612096415584745
2022-06-22,0.005119052905354429,0.003797918649981642,0.00945523307499006,0.006216504413722958
2022-06-23,0.0036007338349022737,0.001172410176850941,0.009932807174639175,0.0020221914330497246
2022-06-24,-0.00396842734582156,0.0008156510723550664,-0.019403398695308285,-0.005694407174101685
2022-06-27,0.00047189660840735084,0.0028458687524193253,-0.0036774538622967464,0.0036303632538116468
2022-06-28,0.000971607023332632,0.0033546594507064685,0.0010031183239548516,0.003984218146292535
2022-06-29,-0.00020485487617116668,0.001991674812843709,0.00136252258539769,0.0033640829930862066
2022-06-30,-0.0009879916206449024,-0.004912874909972753,0.00034119390139669226,-0.0009879916206449024
2022-07-01,0.00636438890641148,0.007148251323839039,0.005951460811111492,0.006363250113289334
2022-07-04,0.0035978691320457494,0.0038596869955952085,0.0026211351261507714,0.0027175074648428097
2022-07-05,0.00406264299905318,0.005234543030259721,-0.0014107433061633652,-0.0032243353189255262
2022-07-06,-0.0021433768239679137,-0.0027772020549628822,0.0008503271917950626,0.0016182362393737065
2022-07-07,-0.006067270625236009,-0.0066161615114082774,0.0041848789143875175,0.004721526764946957
2022-07-08,0.005563403531227879,0.006175838636884488,-0.0065038088026168955,-0.009022934946389278
2022-07-11,0.0008387373848897679,0.0023506072853983527,0.008821451626077746,0.01027920536616148
2022-07-12,0.007479781587701114,0.007479781587701114,0.00904335279934592,0.009410769197865836
2022-07-13,0.011696916483035228,0.011696916483035228,0.00415570448775705,0.006108639395139789
2022-07-14,-0.0011476112181704494,-0.0010356221346186222,0.004789234116479355,0.004549206799376057
2022-07-15,-0.0072989360530658865,-0.004371151638915021,0.011421794216900334,0.010379518107113985
2022-07-18,0.00020666088790895768,-0.0008228446422713411,-0.00821513307995097,-0.008192677157483582
2022-07-19,-0.00527828036999987,0.0006111945217558152,0.013426662034821252,0.014280441953014065
2022-07-20,-0.004176312777415616,-0.0007103099542931453,0.008100398922133439,0.008523354352594053
2022-07-21,-0.010777198941987642,-0.009406709713606447,0.006446655117586048,0.007984006143836944
2022-07-22,0.00013110758708518062,-0.001765497370708269,-0.004204498105682997,-0.004563544955846476
2022-07-25,0.0039322648878207436,0.0015820315862774307,-0.008066444694533704,-0.00847537747867604
2022-07-26,0.0028915266507321307,0.0027358044558815193,-0.008999886471390377,-0.008588893369474687
2022-07-27,-0.0012007982895139927,0.0026855361775776783,0.011157117005900337,0.01108637445223037
2022-07-28,-0.002236678835428608,-0.0006609314037992217,0.009379151682846986,0.00763848795028721
2022-07-29,-0.004607229405866304,-0.003874512533826378,0.0023387018607970607,0.0019792996059056684
2022-08-01,0.0028327544101558,0.0007514855315117514,-0.0039009074183965053,-0.0025170021408544704
2022-08-02,0.0018750988098323097,0.002152106326277116,0.0007790427446141379,0.0002705242151201606
2022-08-03,0.0002709554132977935,0.002862542853887288,-0.002330815845932851,-0.006164055545111581
2022-08-04,-0.003859471928795499,-0.003859471928795499,-0.003843019827904316,-0.003843019827904316
2022-08-05,0.0008812713007205699,0.0008812713007205699,0.0009327251159774637,0.0009327251159774637
2022-08-08,0.01818250170857511,0.01818250170857511,0.01977243339803888,0.01977243339803888
2022-08-09,0.008840042243540307,0.008883785888968041,0.009661600970928332,0.009661600970928332
2022-08-10,-0.0007673921869628834,-0.0007974113565173512,-0.0008703470272270602,-0.0008703470272270602
2022-08-11,0.006081190028298851,0.008577663143959207,0.009681424130871842,0.009793413214423669
2022-08-12,-0.00017978446852229984,0.0005966825851231255,0.0015716908625400337,0.0026352510127331196
2022-08-15,0.009533880795380405,0.009162323186908626,-0.0010326555533684177,-0.004114750533496847
2022-08-16,-0.009129602527911698,-0.008716335091932427,-0.0017158034567466918,0.0027425425622661747
2022-08-17,-0.006086096191064258,-0.006086096191064258,-0.00303605820893809,-0.000797937665688448
2022-08-18,0.004699725585047073,0.004716177685938256,0.0023263206067568303,0.0012572288910047223
2022-08-19,-0.007697540443552361,-0.007986661088600584,-0.006857346913456821,-0.004535204050974193
2022-08-22,0.018189092888695566,0.018126498865409558,0.014114429468879782,0.009811171522596125
2022-08-23,-0.0002202713664000788,0.0006330745991208717,0.0006323424514750666,0.004351334221223819
2022-08-24,0.00032089859039578973,0.0005155106185301764,-0.00021706037584192847,0.001607391786798331
2022-08-25,0.01822520075461646,0.01822520075461646,0.01462195425089027,0.0067905989146285215
2022-08-26,-0.003849677850154231,-0.003849677850154231,-0.0036845664681072155,-0.003534777058165997
2022-08-29,-0.013770799654179766,-0.013770799654179766,-0.015330410861911422,-0.014277546152124386
2022-08-30,0.01045592688368333,0.01045592688368333,0.013299329484382208,0.012621938820375772
2022-08-31,-0.008161257425389272,-0.008161257425389272,-0.008273392542420342,-0.006954896825912473
2022-09-01,-0.026473144593396166,-0.026473144593396166,-0.019472575845926904,-0.019454779730977166
2022-09-02,-1.4907963682581496e-05,-1.4907963682581496e-05,-2.712115855510939e-05,-4.2458324714885865e-05
2022-09-05,-0.005955891290184149,-0.005955891290184149,-0.0061653892941412386,-0.0061653892941412386
2022-09-06,-0.00041803091314886073,-0.0003789978781049806,-0.0002345129161939499,-0.0002345129161939499
2022-09-07,0.010886299886121822,0.009930780189277648,0.006296968503425668,0.0062486818722230905
2022-09-08,0.007642033556238824,0.007191128205197395,0.0057932908652483265,0.006746458439807836
2022-09-09,-0.0042313288682810065,-0.003151106152101295,-0.0014452307859410432,-0.002622753124661198
2022-09-13,0.001769173317899953,0.0011577689228242144,0.0010635541849986462,0.0007787686311093016
2022-09-14,-0.0013928805750650906,0.0024684995158175023,-0.002608144437130041,-0.0014554745983510991
2022-09-15,0.0001684730073907564,-5.5243363598406916e-05,4.50091775247082e-05,0.00010981437162130979
2022-09-16,-0.003741207910070438,-0.003716515994457396,0.015019878565511619,-0.0013577692463018589
2022-09-19,-0.012441228178769236,-0.01146785057680814,-0.00971809210437386,-0.0125215101811354
2022-09-20,-0.0017191863315922055,-0.0019123184798261748,-0.003034779263802122,-0.003034779263802122
2022-09-21,0.0012558097364232747,0.001280501652036317,0.006400574759524575,0.006437299069117434
2022-09-22,-0.004991728067679188,-0.004654379910279232,-0.005918151823191447,-0.006378676220361982
2022-09-23,-0.0008981402182132612,-0.001590968528492025,0.0071563565640929,0.009080600653597818
2022-09-26,0.0024986614455960103,0.00414319719537367,0.0024986614455960103,-0.0008756794323559079
2022-09-27,-1.694544462585166e-05,-1.694544462585166e-05,-4.613541143407636e-05,-0.0005946541171967534
2022-09-28,-0.004749413558648956,-0.004777867443646347,-0.005283280149110979,-0.003801521152904903
2022-09-29,-0.007251576987233071,-0.008209581751899758,0.002566590927273597,-0.0030067789970983686
2022-09-30,-0.0040314168459535445,-0.003929989552206012,-0.00033819875490147494,-0.0027215821345906908
2022-10-10,-0.015455271074313414,-0.011174589336411765,-0.005021169817634142,-0.011174589336411765
2022-10-11,-0.016891579016457887,-0.01613971948881961,-0.016156338958011707,-0.01618960005026075
2022-10-12,0.001410661080743497,0.001349522823511384,0.0016480902854819732,0.0017525115764769946
2022-10-13,0.0064406912615766546,0.0034639064443605086,0.00933116285542229,0.00933116285542229
2022-10-14,0.02150735790560474,0.01994563367420416,0.02210977698307963,0.022201807259709938
2022-10-17,0.01288312398974879,0.012344813891507283,0.0090020220804056,0.01169730893365778
2022-10-18,0.014644561494002794,0.013485033829918704,0.011253855466929905,0.014403975427777138
2022-10-19,-0.0007267139659477809,-0.0008462620919666684,-0.0002642343503421996,-0.00022456198879355473
2022-10-20,-0.0026931074213026023,0.001898285025168918,-0.0004515394285693731,-0.0023944911301631952
2022-10-21,-0.002224965944945548,-0.002336815276602019,-0.0010542659576182373,-0.0008850618079829247
2022-10-24,7.62333733996207e-05,5.9781272508437645e-05,3.861587890819992e-05,-7.669036910693778e-06
2022-10-25,0.012866178049169957,0.013314289746595168,0.013297837645703985,0.013202911781392166
2022-10-26,-0.0014497081152026092,-0.001484203560831587,-0.0014332560143114261,-0.001199617969122031
2022-10-27,-0.027365044525712392,-0.02734035261009935,-0.02640636785382574,-0.02463408299101511
2022-10-28,0.010622217351382498,0.01149271820067532,0.011450071755271093,0.004840970197786376
2022-10-31,0.01809773147653356,0.021963588899222643,0.029158999260218758,0.018231565364203953
2022-11-01,0.018879785625477662,0.017620831073895126,-0.0007022283094290525,0.013743341056460084
2022-11-02,0.018220191124953752,0.018245927639169733,0.003754365372139959,0.014745702679482593
2022-11-03,0.0030203977080189293,0.003299316569129415,0.002457929718150589,0.005034317914482862
2022-11-04,0.007149498028170427,0.007637028094650985,0.004224399700372147,0.007954435339618345
2022-11-07,0.015024414746428955,0.01967934966148049,0.0053320986819123855,0.00834820761288935
2022-11-08,-0.005411904151122021,-0.0055028697900515395,-0.0005733942209689695,-0.0014854120028245485
2022-11-09,-2.2875674398655844e-05,-0.000193414798189675,-0.0004258631801015571,-5.112166645780241e-05
2022-11-10,0.007007292676276176,0.007055579307478753,0.004886429282648302,0.0034408146464680596
2022-11-11,-0.012678712704807218,-0.014602564921635204,-0.01794526169493563,-0.014546483975956337
2022-11-14,0.004209580515382045,0.008016759724068625,0.012519287757877983,0.010314172067115917
2022-11-15,0.008380697792034326,0.007909895557090804,0.009974684038119857,0.00960293405278011
2022-11-16,-0.023886459588762503,-0.02385726962195428,-0.0255966696121434,-0.025693148680029348
2022-11-17,0.0032015857855544213,0.003822240866598794,0.007238736137338823,0.005301489680599439
2022-11-18,-0.0022927317891565085,-0.0020497071412047922,-0.00395126511670268,-0.003762740672043191
2022-11-21,0.013906083031591477,0.013906083031591477,0.014536382938759569,0.01399811330822179
2022-11-22,-0.004774422752834351,-0.004801140923899087,-0.006811571952886501,-0.0062362401489225545
2022-11-23,0.008018602313565703,0.007256085978259676,0.012474622210418278,0.012410773724589786
2022-11-24,-0.0005850053602667651,-0.00050986061446847,-0.0007765299099925563,-0.0007070036418465554
2022-11-25,0.0014962572640364517,0.0013245559652309818,0.0016684105043785224,0.0016684105043785224
2022-11-28,0.020477471748119636,0.017864089148165407,0.02180846555243323,0.021856752183635808
2022-11-29,-0.012912738211019025,-0.012912738211019025,-0.008444099935745925,-0.009755483630845345
2022-11-30,-0.012905608381295662,-0.012972946742312932,-0.010034451418609296,-0.011147574175849174
2022-12-01,-0.009121821089637158,-0.007655256010625465,-0.004693366749703411,-0.005391182015504907
2022-12-02,0.006446904313414002,0.006282314511102214,0.005382691695135849,0.006437297543746883
2022-12-05,-0.010976138390122857,-0.006762888964335115,-0.004450703289769392,-0.004478330350450866
2022-12-06,0.002922237245315791,0.002630111899356409,0.0016231046514319026,0.0016966927272430911
2022-12-07,-0.0009819362808070491,-0.0009422095187116772,-0.0007315303275991424,-0.0008973994816245118
2022-12-08,1.9448589537069587e-05,1.9448589537069587e-05,1.9448589537069587e-05,1.9448589537069587e-05
2022-12-09,0.005642779121297765,0.005642779121297765,0.005642779121297765,0.005642779121297765
2022-12-12,-0.0038677494441737748,-0.0038677494441737748,-0.0038677494441737748,-0.003850940452815918
2022-12-13,0.005138479398372093,0.005156275513321829,0.005123014421072789,0.005329349610972035
2022-12-14,0.00864725612825122,0.008979759003930677,0.009601209744852617,0.009601209744852617
2022-12-15,0.003936539392371802,0.003936539392371802,0.003936539392371802,0.003936539392371802
2022-12-16,-0.0010623829291509248,-0.0010455739377930682,-0.0010100325107597983,-0.0010100325107597983
2022-12-19,0.003423251833299191,0.0033379031239700067,0.0027051026442015415,0.0028675201575823935
2022-12-20,0.01066025106928619,0.011672847108336737,0.006890500329150158,0.013849921710746341
2022-12-21,-0.0036965135690776017,-0.00560587176104828,-0.005580041052313091,-0.0052117909516656135
2022-12-22,-0.0009065248944331091,-0.0029245998617564617,-0.003617101184302465,-0.003381603388018001
2022-12-23,-0.011491026359686693,-0.014962134157598025,-0.014937442241984983,-0.014962134157598025
2022-12-26,-0.0008567147134287652,-0.0013173529590179767,-0.0010986832300400016,-0.0010657275300408157
2022-12-27,-0.0009898595955510222,-0.001043392896501737,0.015508780522754357,0.0165283633353154
2022-12-28,0.00098627388793013,0.0011286564936523655,0.0009893200858240654,0.0009424814437222515
2022-12-29,-0.010792540338733878,-0.011643286677258224,-0.008785653249095426,-0.008207059689821435
2022-12-30,0.009222793941853578,0.009242898782254335,0.006624749766966506,0.005963040731601371
2023-01-03,-0.0025386988975511886,-0.0026868090886929433,-0.0016851664468186581,-0.00019131012440892672
2023-01-04,0.01873193806484413,0.018749734179793864,-0.0011949898310894074,-0.015161458903825004
2023-01-05,0.0017199397485642605,0.0016683282389050437,0.0017686884458095876,0.0014603564924687332
2023-01-06,0.006465227211119948,0.006412772525839229,0.006513513842322525,0.00235290642717885
2023-01-09,0.0023591235617044116,0.0019304963175727629,0.0025960049619052376,0.0011872272383652393
2023-01-10,0.0010488703352887984,0.0009530234375382046,0.0006471906036381002,-0.00039141390110175096
2023-01-11,0.0009180452378981041,0.0006752007204019193,8.851931718962635e-05,-0.0010771216301760226
2023-01-12,-0.0008632284590860726,0.0005896759264767394,0.004269223416746831,0.005096405565358868
2023-01-13,0.0002660189907210039,-6.5777611536911e-05,-0.00022726012241673082,-0.0004829512352375932
2023-01-16,-0.0014568647727261099,-0.003333775836988168,-0.003333775836988168,-0.004345339442999671
2023-01-17,-0.0029054452276674092,-0.005031812472163164,-0.005063078768087563,-0.0064140087856755686
2023-01-18,0.0002583944231142642,-5.2033472947349654e-05,8.798227057678804e-05,-0.00021725507519663274
2023-01-19,-6.406011327715672e-05,-6.296810586057935e-05,5.103818090733994e-05,6.022913309010516e-05
2023-01-20,-0.005871293615552523,-0.00890254312001635,-0.0032030435209581087,-0.005989123953311244
2023-01-30,-0.008986895450219835,-0.014990412263449996,0.003032526359495635,-0.004345016240897551
2023-01-31,0.002733758825484365,0.004365799695833643,-0.0018894694012060842,0.0009794357712991772
2023-02-01,0.0004708595988358979,-9.818490816167614e-05,0.001775573382305264,-0.00012854401241737498
2023-02-02,-0.0004535986292462305,-0.0033243472128891716,0.004430321070641398,-0.004514230362460082
2023-02-03,-0.0010276124251839733,-0.00018919534852584628,-0.001956644291566544,-0.0011619341726315051
2023-02-06,-0.0016299788527938707,-0.0010655669020361237,-0.0026459939088415403,-0.001946837208421423
2023-02-07,0.002197312408173569,0.0020072772984199754,0.002517940730062142,0.0010209881361128875
2023-02-08,0.0011934955005958143,0.0010137373894190918,0.0007186533259139166,0.00018389346296526744
2023-02-09,-0.007689967156642974,-0.006784884784734437,-0.0037902864972902367,-0.0005707403558052016
2023-02-10,0.004585725931970821,-0.002291377968329098,-0.003487462502608039,-0.009998204166020992
2023-02-13,-0.007803334709315258,-0.007238640403461188,-0.004296533385188247,-0.002808880644168411
2023-02-14,0.012632317919408763,0.011511305862450402,0.003968714637881754,0.003997168522879146
2023-02-15,0.001433300000943005,0.0013133347103012154,0.0007560264628005934,0.000690272978590629
2023-02-16,-0.0005399657967416914,-0.0005890981321917807,-0.00043604338735253394,-0.0005126450287503219
2023-02-17,0.00042335004626695,0.0038297631709201135,0.006935326406831267,0.0025875635590451836
2023-02-20,-0.006747746575925613,-0.006280578031465576,-0.008896919172945121,-0.008581271887486799
2023-02-21,0.007038670676805049,0.007020874561855313,0.012489111816400108,0.012070114587003796
2023-02-22,0.0021083879221604563,0.0022246508533634093,0.0023972707978660007,0.0023512893347606527
2023-02-23,0.002801720972720417,0.0032568885043215865,0.003540396065018131,0.003681363502034201
2023-02-24,-0.004337711320413118,-0.004032968837078693,-0.0036177280459359414,-0.0034038956942483998
2023-02-27,-0.003743536145373554,-0.004930705780709951,-6.566092174875606e-05,-0.003127526521451872
2023-02-28,-0.0010362218073745794,-0.0010058627031188806,0.0012575430619887057,0.0001744693719219416
2023-03-01,-0.002100689970303605,-0.0016544129971137345,-0.006199294574245597,-0.003909329999279656
2023-03-02,-0.0017430877482177212,-0.0007894269292825109,-0.004754334505530013,-0.0029718656819650714
2023-03-03,-0.0026706839457997533,-0.0019785624034991643,0.002803957425442913,0.0021087773182719154
2023-03-06,0.0017036005680661735,0.0008980573340505632,0.0020132466440315093,0.001412204856277945
2023-03-07,-0.003422654280243157,-0.0028436800931426515,-0.004819389385292267,-0.004819389385292267
2023-03-08,0.020628906857404712,0.018592717313368246,0.023197314451647435,0.0231535708062197
2023-03-09,0.004510833379059136,0.0039837967727533305,0.006544035825204411,0.0073371331375301834
2023-03-10,-0.0031077450312609603,-0.0031361989162583515,-0.002320788548552867,-0.0025331717081359967
2023-03-13,-0.005186042502110086,-0.004487379932950324,-0.005260065647528646,-0.007015832172337759
2023-03-14,0.003899501772040083,0.0027011721467479805,0.00518016322380438,0.005513922234215308
2023-03-15,-0.0003728729824656827,0.0002874417946058598,-0.0028854357908734344,-0.003178502132315135
2023-03-16,0.0008067146089096167,0.001038026614769323,-0.0012645209464933432,-0.0011708442005435456
2023-03-17,0.0018969386984415072,0.0034323372906365224,0.0011525911929346692,-0.00036178002476514894
2023-03-20,-0.0015059497997525345,-0.0012592896711365268,0.0014474052263740442,0.0013969767965450195
2023-03-21,-0.0025139920834418342,-0.002459646851695623,-0.003380836639624732,-0.0038390572437570214
2023-03-22,-0.008331219871993697,-0.0068008060020400595,-0.005735981149559433,-0.0022761048657859236
2023-03-23,0.00010133028492368806,0.0006776339480001389,-0.00016187895707085671,0.00044839018318385676
2023-03-24,-0.0028551103047543213,-0.00100444809186045,-0.0010251595545048165,-0.00019162980734497298
2023-03-27,-0.00044198946548216605,-0.00036890280629299114,-0.0003706356324901678,-0.00034808875232853094
2023-03-28,-0.004789891186006456,-0.003721085922755399,-0.00513224631534649,-0.004965951654690242
2023-03-29,0.006744857021747676,0.006517849093692135,0.006711595929498636,0.0066748716199057775
2023-03-30,0.007864089237633855,0.007582959828072818,0.00732899305519958,0.006701457183600963
2023-03-31,-0.001801786353996647,-0.001801786353996647,-0.0017124485068832102,-0.0017124485068832102
2023-04-03,-0.009034300380022578,-0.009078044025450312,-0.009078044025450312,-0.009078044025450312
2023-04-04,-0.011063392119323232,-0.010159717700470439,-0.010488693095865545,-0.01040591641539393
2023-04-06,0.002880318892754079,-0.001532008522550378,-0.004877320426085079,-0.004016727971134535
2023-04-07,-0.004108921462733943,-0.004108921462733943,0.0027620511099417967,0.0012490380443123314
2023-04-10,-0.008134626565437402,-0.008155914288397749,0.004162336955392597,0.00153270262713113
2023-04-11,0.00968122793913214,0.010181616796364356,-0.008060756118102903,-0.00595638728543816
2023-04-12,-0.0023253122491212774,-0.0021854065687917637,0.0004283953742650217,0.00024188115390987
2023-04-13,-0.0019544804118131623,-0.001547525061901636,-0.0012323878030548064,-0.0011392596314902035
2023-04-14,0.0036388192525225777,0.003845088985273362,0.0001170341964949777,0.0012264794894766163
2023-04-17,-0.0026124717593967698,-0.0023425625259316718,-0.0016216845269687787,-0.0016501384119661702
2023-04-18,0.0004659966205552504,0.0002220499296141317,0.0013084416789686884,0.0015317564498339574
2023-04-19,0.0005034833059374362,0.00048219558297708993,0.0005940115069102834,0.0006721283798642456
2023-04-20,0.0033976021013501427,0.003558841569872034,0.0037125957647132727,0.004575243642943771
2023-04-21,4.27518839071183e-05,-6.501576278104945e-05,-0.00011482979267318646,-0.00011482979267318646
2023-04-24,0.003200271029097126,0.007501880387124546,0.022626855758723013,0.022626855758723013
2023-04-25,-0.00938592209434186,-0.00938592209434186,-0.00938592209434186,-0.00938592209434186
2023-04-26,-0.01716515117272109,-0.01716515117272109,-0.01713189008047205,-0.01713189008047205
2023-04-27,0.0010217348720988819,0.0010217348720988819,0.0011010623106904654,0.0011010623106904654
2023-04-28,0.00515983564212701,0.00515983564212701,0.00499073118390686,0.00499073118390686
2023-05-04,0.010655686341220773,0.010655686341220773,0.010265284302432768,0.010265284302432768
2023-05-05,-0.0011375784265600577,-0.0011375784265600577,-0.0009871187294606995,-0.0009871187294606995
2023-05-08,-0.008214672657797484,-0.008191077942207949,-0.00867307011729519,-0.00867307011729519
2023-05-09,0.006979099896395813,0.0074534539582090135,0.007478145873822056,0.007478145873822056
2023-05-10,-0.010005562610253923,-0.010058017295534643,-0.010849063430924913,-0.010825468715335377
2023-05-11,0.0029086196041897454,0.0024353730807513364,0.0032713801417419367,0.003068384798374212
2023-05-12,-0.002511936108290309,-0.0023769195837843172,-0.002332243894891385,-0.0020757399904935106
2023-05-15,-0.0009610271591509392,0.0009297608632265384,-0.0048518762454342525,-0.0053509580066674264
2023-05-16,0.0005612259928119957,-0.0004126986377033024,0.006313304668946108,0.005737990003991487
2023-05-17,-0.0033983837541929802,-0.0033983837541929802,-0.007249264285056192,-0.006379847905179889
2023-05-18,-0.00028715179311189693,-0.00028715179311189693,0.00251112048800815,0.002062765777636952
2023-05-19,0.0012825400818339409,0.0012825400818339409,0.002100275066965172,0.001580152757417224
2023-05-22,0.0012309611849498766,0.0012309611849498766,0.0012365451187105062,0.0008970360034359589
2023-05-23,0.0001981948143728325,0.0001981948143728325,-1.7996459853998686e-05,-8.034547844218721e-05
2023-05-24,-0.005823363008275959,-0.005823363008275959,0.0002270031376433581,0.0015069993257215502
2023-05-25,-0.0014452691766507117,-0.0014452691766507117,-0.0008982818064469868,-0.0004946144275776864
2023-05-26,-0.0024016907236314505,-0.002430880690439675,0.000703871267934795,0.001495797061691179
2023-05-29,0.005753301053521077,0.004929177435552715,-0.004947816184758342,-0.005771939802726703
2023-05-30,-0.001270927211403934,-0.0013001171782121585,0.002041196428135294,0.002041196428135294
2023-05-31,-0.0012878226716682734,-0.0015274197301508613,-0.0020401979817397152,-0.0020648898973527575
2023-06-01,0.0001283455936193631,0.00014511793777874854,0.0004506976569313716,0.0005159110360858548
2023-06-02,-0.004062946853997881,-0.00462834220820278,-0.004192550788043775,-0.004192550788043775
2023-06-05,-0.0008757689805289097,-0.002047864271136041,-0.004056994125628703,-0.004056994125628703
2023-06-06,-8.351182386374392e-05,4.522038798447852e-05,6.011928530153253e-05,0.00011054771513055716
2023-06-07,0.01683074069049425,0.017398564914757234,0.009807445319726079,0.011670551504177127
2023-06-08,-0.0015155830121215714,-0.0016822392602300579,-0.0022257246656267817,-0.0020225453699267387
2023-06-09,-0.002556948233824228,-0.002405709905422695,-0.0028590773045972673,-0.002148660577182986
2023-06-12,0.0005072073925318928,0.0026468425342765865,0.0046249308466622275,0.003908265978801291
2023-06-13,0.004074619635780295,0.00479368406268619,0.0029815777862803703,0.002144652607816736
2023-06-14,0.0023078392827569323,0.002850036225165806,-5.813040453981025e-05,0.00018149237441171992
2023-06-15,0.0008536575232982538,0.0019400164841417446,-0.0026733352473391637,-0.0019427828691463331
2023-06-16,-0.00024715789841609485,-0.00024715789841609485,-0.0008068456486802152,-0.0006900903130534498
2023-06-19,-0.004077491841787989,-0.004135135693593605,-0.007006727477140647,-0.005734940378990709
2023-06-20,-0.002353348949864558,-0.0018537240690240683,-0.002480669845375835,-0.0013155087999057354
2023-06-21,0.0003470664392807089,0.0003470664392807089,0.0002395754410740544,0.00016356174820564853
2023-06-26,0.022037357026959838,0.021861120475543228,0.01925856685492682,0.011483890268309604
2023-06-27,-0.002185024083602405,-0.0066780528396903445,-0.009284061516679666,-0.011394429593768862
2023-06-28,0.005320400935795078,0.006630749796778959,0.008040513623248646,0.008655275747243528
2023-06-29,-0.0028394037670039407,-0.002892229911255824,-0.0027029958679476826,-0.0029158246268453586
2023-06-30,0.0017584213237468872,0.0022302461455848835,0.0009480874945725537,0.002004878704332536
2023-07-03,0.015676241764602458,0.015676241764602458,-0.001650726894959963,0.006418067300375465
2023-07-04,-0.004866083676827342,-0.004887371399787688,-0.0002777423392254395,-0.0019659899201595293
2023-07-05,0.0035135468425857635,0.0033451937671915653,0.0019494513175047933,0.0024702039709744677
2023-07-06,-0.004532534747116098,-0.004563617469779887,-0.001328001160776532,-0.0028431898200163177
2023-07-07,-0.0001932239811658831,-0.0002333440405983596,0.0004337459103906528,0.00034109597659008075
2023-07-10,-0.0005471883396393116,-0.0006560826927774687,0.0008132958868564737,0.0006774553753780115
2023-07-11,-0.001695954041890737,-0.0016651748889143225,0.0007796094878300196,0.0007974056027797556
2023-07-12,-0.0016389699250847136,-0.0011667245978881804,-0.006588697924415321,-0.006334287371083426
2023-07-13,0.004489878288475084,0.0030908626348173027,0.009012249222470993,0.008574870142360167
2023-07-14,-0.002330900560951482,-0.004094074924184711,0.0024100982225861217,0.0023482363469459182
2023-07-17,0.003465935981800515,0.0031429332314624123,-0.0012293913775668962,-0.0004842683068050032
2023-07-18,0.0009738360388130868,0.0009738360388130868,-4.119655348249073e-05,-1.4264227808408555e-05
2023-07-19,0.0011434069424994626,0.0011780120488070554,-0.0009389960470581695,-0.0009389960470581695
2023-07-20,0.0008002509731325639,0.0007533445159942592,0.00039973974577108554,0.00039973974577108554
2023-07-21,0.010395604543550737,0.009717180104430654,0.010215912330151813,0.010244366215149204
2023-07-24,-0.00017363024639414007,-0.0004984818185039639,-0.0010278320200519154,-0.0008925709613088352
2023-07-25,0.0003752844886932294,0.0007842830899795008,0.0029083144127412144,0.002560628293885075
2023-07-26,-0.00329197095066117,-0.002863951361066527,0.0018858377913936724,0.0019362662212226971
2023-07-27,-0.0008116997429099351,-0.0008685457427901307,-0.0010034573157955847,-0.0008882236564624792
2023-07-28,-0.004597291939986483,-0.006222577407454776,-0.009398480132727611,-0.009398480132727611
2023-07-31,-0.00037304708036879863,-0.0022051686189894066,0.005810902893267849,0.005810902893267849
2023-08-01,0.0007062451034215171,0.0031880382375292352,0.002438134960369357,0.002467962342066763
2023-08-02,-0.000939845411327196,-0.001444455859310094,-0.0007307103827054407,-0.0008196898055894521
2023-08-03,0.000984583485313534,0.0006752471464292983,0.0007492702918478582,0.0004378468902859126
2023-08-04,-0.003202309807386741,-0.0028561797482306714,-0.0023600029116593087,-0.001954855804979237
2023-08-07,-0.0015084769397750442,-0.001408299115606837,-0.0015252859311329007,-0.0014764136891328983
2023-08-08,0.005118303878042009,0.004711157045468346,0.004917074252201192,0.004723181217623241
2023-08-09,0.0048512003632304,0.0048512003632304,0.0041707468923524,0.003950440653859072
2023-08-10,0.004677026385308811,0.004677026385308811,0.0040799293551134885,0.004020912006607858
2023-08-11,0.0006613293634646063,0.0005462310692801095,0.0004242791880957001,0.00021875249320387123
2023-08-14,0.011058665631072504,0.005904917397202966,0.004478435426078113,-0.002408879083674005
2023-08-15,0.0028005320988537937,0.00366882002687572,0.00462707663598879,0.0048514128756668926
2023-08-16,-0.007749584650137244,-0.008741598550649396,-0.010395314492445185,-0.010412123483803042
2023-08-17,-0.0021406716221202184,-0.004333814304461333,-0.008729768301536014,-0.0090869523342211
2023-08-18,0.004252951528878236,0.005753934878529876,0.011251832303191534,0.010809933751489205
2023-08-21,-0.017677936646327462,-0.018679819626359,-0.018749805028200898,-0.01967702927115998
2023-08-22,-0.004584029565194296,-0.004810607125348581,-0.005566120316998938,-0.005566120316998938
2023-08-23,-0.0011414681150937066,-0.001218049340012219,-0.0016143326866054828,-0.0016311416779633393
2023-08-24,-0.009290228768481894,-0.009927707853402062,-0.012398200620818573,-0.01195585400326627
2023-08-25,-0.0033449827055403677,-0.0031339609335497903,-0.00449630915478112,-0.004364708759250436
2023-08-28,0.04294404944594897,0.04139882731894855,0.041416623433898285,0.03805939594571205
2023-08-29,-0.0452370506837428,-0.04195815786646768,-0.04368922587739738,-0.038287387801319836
2023-08-30,0.02785290880073827,0.02785290880073827,0.02141554127743935,0.015839292715570195
2023-08-31,0.003968033399518988,0.003968033399518988,0.003968033399518988,0.003951224408161131
2023-09-01,-0.0015269464848902874,-0.0015269464848902874,-0.0015101374935324306,-0.0014416416767720863
2023-09-04,0.0002696535723887784,0.00022136694118620102,8.04926457280363e-05,8.36413434183913e-05
2023-09-05,0.007763693756298105,0.0067023683704070455,0.003706271382908083,0.003646084896954978
2023-09-06,-0.005936983151858718,-0.005186050789293494,-0.0027513950376394144,-0.0018012204242023214
2023-09-07,0.003007046100264813,0.0029139179287002103,-0.0003704879969851242,-0.0008696481207861853
2023-09-08,-0.003933894567312957,-0.0005524867012763591,0.008098269015408107,0.010048848315904187
2023-09-11,0.00019539738707916173,-0.00022930081059578295,-4.6369251904428716e-05,-0.00022911723733517263
2023-09-12,0.0027083637508225223,-0.0005308472168011301,-0.0004072985095436186,-0.0020125207061021475
2023-09-13,-0.00012523345420656243,-0.000138784876528987,-0.00024906338293445975,-0.0003392486111454998
2023-09-14,0.006586435646032747,0.0066172147990091615,0.007243742686253452,0.008421286884085973
2023-09-15,0.0004221393656787997,0.0006352674873339177,0.0007171186334324136,0.0010820365467457233
2023-09-18,0.0016674258741274587,0.0017250697259330748,0.002657405287121835,0.0029851173423576195
2023-09-19,-0.0014848905759050528,-0.0018711693779760587,-0.0031060012848288243,-0.0034529160648814135
2023-09-20,0.005235884851407953,0.004746273469699349,0.007548782904903348,0.008434924972093867
2023-09-21,0.008502912814186804,0.008957488016921696,0.008525368736654193,0.009686641729969737
2023-09-22,0.003585988574591352,0.003983997863979715,0.0037903077541295675,0.00381499966974261
2023-09-25,-0.010869767414753696,-0.010869767414753696,-0.010714045219903084,-0.011565981388411648
2023-09-26,-0.0007469457265863741,-0.0006879283780807434,0.00011169833793755633,0.00021228942207954503
2023-09-27,0.0017298997561478575,0.001231305481225276,0.00117366162941966,0.0016498180101856637
2023-09-28,-0.0020413720922434963,-0.001328402169755934,-0.0022594951955059997,-0.003147978416543128
2023-10-09,-0.0017538030742270338,-0.0012430007212288078,-0.0031114933540650827,-0.0032100471469338147
2023-10-10,-2.5422351181435608e-05,-2.5422351181435608e-05,-3.0355175779537468e-05,-3.0355175779537468e-05
2023-10-11,0.00035645077561490847,0.00035645077561490847,0.00040051178847955795,0.00040051178847955795
2023-10-12,-0.00309481159635882,-0.00309481159635882,-0.0031859178554809113,-0.0031859178554809113
2023-10-13,0.0035292896190437344,0.0035292896190437344,0.0035124806276858778,0.0035124806276858778
2023-10-16,-0.003888358141449594,-0.003888358141449594,-0.003750936414228911,-0.0037341274228710544
2023-10-17,0.011238993114800921,0.011238993114800921,0.010838418911825801,0.010469034940291656
2023-10-18,0.005068527611408584,0.005068527611408584,0.004632181996071583,0.004608543191044606
2023-10-19,0.013943680717727721,0.013887599772048854,0.013970398888792456,0.01154109864333097
2023-10-20,0.00493688220748749,0.003818741839147874,0.005372882528894118,-0.001634968853679373
2023-10-23,0.006215268086717171,0.004156993514209443,0.004881549308539541,-0.004881468494997984
2023-10-24,0.005490505287324816,0.004135889915316276,0.0052519197173200175,-0.008196458806242184
2023-10-25,0.00039624943379873537,0.006710743102788627,0.010227235733500708,0.014343546669787556
2023-10-26,0.0,-2.5736514215982443e-05,-7.71466008937613e-05,-9.203027663031166e-05
2023-10-27,0.00352827343260579,0.0038920933051328384,0.0033108148205201015,0.0042385679461890225
2023-10-30,0.009913829185785197,0.01073934073025027,-0.0005228999734558183,0.008298011514868765
2023-10-31,0.013028219955968664,0.013071963601396399,0.002510652416425009,0.008784938640696552
2023-11-01,-2.934125058715334e-05,-6.790534520862145e-05,0.00011410246846867001,-2.445403728013279e-05
2023-11-02,-0.002391617520022383,-0.002521183588928148,3.0884355135261027e-05,-0.0009749521897885287
2023-11-03,0.0010156320417547507,-0.0008560717642744193,0.00332350833670299,0.0005251412224739609
2023-11-06,0.0022999073599883546,0.005941452108749485,-0.009334798764967627,-0.006886311741764794
2023-11-07,0.0029087283981995005,0.005578987122585004,-0.006056691645818637,-0.005982668500400077
2023-11-08,0.004703280201475793,0.004506565107868542,0.0037214516231790264,0.0028622179590592624
2023-11-09,0.001969627116328653,0.0018022858555290632,0.0025731052205232767,0.002427647822083081
2023-11-10,-0.0049428299745068495,-0.004606183041183013,-0.003716421920778673,-0.0016410509789956907
2023-11-13,-0.0003784646390424995,-0.00035272812482651703,-0.0018751179397576648,-0.0018493814255416826
2023-11-14,-0.003745512818933066,-0.003458525888680174,-0.003745512818933066,-0.0035022695341079086
2023-11-15,-0.009477908378295733,-0.009500364300763122,-0.009477908378295733,-0.010665926082058314
2023-11-16,0.005414632914503899,0.005769787170224987,0.005414632914503899,0.0063809443957989894
2023-11-17,0.004877503824730276,0.0055052983141364075,0.004877503824730276,0.006143613818509338
2023-11-20,-0.005201071229325798,-0.00522680774354178,-0.005201071229325798,-0.0066153990370872275
2023-11-21,-0.005709153605714146,-0.0062220485898978085,-0.005660866974511569,-0.00714220622669718
2023-11-22,0.007110710456658257,0.007539890695707695,0.006117132729369572,0.007535232621011876
2023-11-23,0.006657718237488747,0.00744675294253158,0.004650418141077883,0.006091814447052927
2023-11-24,0.00042725468524284257,-0.000678377618295223,-0.002381940487805665,-0.004026050569936986
2023-11-27,-0.0028232553159308216,-0.00043338714452909055,0.0011109251660415193,0.0019403884323606919
2023-11-28,-0.0008645915282868208,-0.00038455678049158454,-0.00029142860892698163,1.4029024552668815e-05
2023-11-29,-0.0006117169480108147,-0.0014180631885348648,-0.0002973007327807955,-0.001078006783752609
2023-11-30,0.000296573413171433,0.0008182015259166017,0.0008922246713351616,0.0011719198659377096
2023-12-01,0.0032238219982948274,0.004444267771852436,0.003584770739067046,0.00385477982963504
2023-12-04,-0.002495254746210797,-0.0045290900416757015,-0.006399186798582203,-0.007480114072734814
2023-12-05,0.002254438398616257,0.003535027617749771,0.006126958129867843,0.006093697037618803
2023-12-06,0.012482997589714682,0.01418426979567158,0.013586198370165378,0.014525177377984253
2023-12-07,0.0005279574664319546,0.00012889689043926085,0.0005279574664319546,0.0007656540183889189
2023-12-08,8.707038562179878e-05,-0.00015946729634063296,0.0002325277840619943,0.0006081593970594027
2023-12-11,0.0037802999661443806,0.004516719882709184,0.001521897633582857,-0.0011887957009215392
2023-12-12,-0.004010070290130877,-0.004866234320319332,-0.01082633492037972,-0.005672106125735248
2023-12-13,-4.0530253436461534e-05,-0.00021413244386005853,-0.0016973006205096629,-0.00026832971504525536
2023-12-14,0.004225868262736791,0.004009896844586656,0.004124995138771153,0.0009536605331018425
2023-12-15,0.0024461577430271177,0.001770540527376528,0.0030500990868225107,-0.0002506583019869897
2023-12-18,0.002735032919134783,0.002641172599924375,0.011013549396495731,0.002641172599924375
2023-12-19,0.0010375389039983976,-0.0011646724210153405,0.004817265753436374,-0.0013805120316831335
2023-12-20,-5.3725241678395386e-05,-9.809336833307729e-05,-4.035847994276168e-05,-2.094972082658348e-05
2023-12-21,0.003565548575984432,0.0006535618055873856,-0.017345979882390054,-0.018314091395199177
2023-12-22,-0.001614579306255335,-0.001670660251934201,0.00940448806319191,0.009742557906421501
2023-12-25,-0.0038662867642708884,-0.004983998979352591,-0.009656156204814068,-0.009656156204814068
2023-12-26,-0.001170497591784875,-0.0014098040482040624,-0.0013011111693673276,-0.0012620781343234474
2023-12-27,0.007446136543975632,0.008391384065968243,-0.009024474568604222,-0.009867931470522272
2023-12-28,0.0009919318561616406,0.0010143877786290287,0.0018809995554847437,0.0019011043958855015
2023-12-29,0.017537857694004462,0.01649927592735021,0.018522410475227805,0.019452255182878752
2024-01-02,0.01380540874308869,0.01380540874308869,0.013788956642197507,0.013788956642197507
2024-01-03,-0.009104212323263064,-0.009104212323263064,-0.008799587958397637,-0.008838620993441517
2024-01-04,-0.003890369139164352,-0.003890369139164352,-0.003778884363923688,-0.0034985344767921355
2024-01-05,-0.005985673930085287,-0.005985673930085287,-0.005190546917043152,-0.0037918957552861153
2024-01-08,-0.013739600734819593,-0.013721804619869857,-0.010183088028191055,-0.00841884590542251
2024-01-09,-0.01877408163820863,-0.01804287462976226,-0.018770618420864815,-0.014725807347280568
2024-01-10,-0.0052685944271416985,-0.005016198206175659,-0.006130435058950403,-0.006130435058950403
2024-01-11,-0.0030548741490348075,-0.002895582497575487,-0.003839968013420002,-0.003839968013420002
2024-01-12,0.012281598132800315,0.012281598132800315,0.014794648185488975,0.014811100286380158
2024-01-15,-0.006771309743707304,-0.006771309743707304,-0.007885696913866229,-0.007584243592455387
2024-01-16,0.00019204320773009423,0.00016358932273270293,0.0003337433399057461,0.0002085710587016611
2024-01-17,-0.002826630157224982,-0.002496076402209159,-0.004651711788449269,-0.003177995943445736
2024-01-18,-0.0009998822273966975,0.0004695737222084334,-0.005450921699543217,-0.001082658907868312
2024-01-19,-0.005946043993323866,-0.005946043993323866,-0.007299139348198395,-0.007299139348198395
2024-01-22,-0.006399339636237338,-0.006399339636237338,-0.006833692307964359,-0.006833692307964359
2024-01-23,-0.047527343863575114,-0.047527343863575114,-0.05621440263242226,-0.05621440263242226
2024-01-24,0.01947508517288004,0.01947508517288004,0.01947508517288004,0.01947508517288004
2024-01-25,0.010468830736329444,0.010468830736329444,0.010468830736329444,0.0104856397276873
2024-01-26,0.03171621059032175,0.03171621059032175,0.031659381440328135,0.03280249980899246
2024-01-29,-0.009812975120605734,-0.009833079961006491,-0.008568046418534758,-0.008546758695574412
2024-01-30,-0.027255878886121798,-0.025961440118338206,-0.024620192116898254,-0.026085820239848477
2024-01-31,-0.020032948822746095,-0.020032948822746095,-0.014747351896794696,-0.012210218730837545
2024-02-01,-0.03228647261414444,-0.03228647261414444,-0.016152280172225825,-0.013813606147269047
2024-02-02,-0.002961176671484399,-0.002991535775740098,-0.002553765020676157,-0.002553765020676157
2024-02-05,-0.013621031963912192,-0.010668634494459036,-0.03451777823943289,-0.034539065962393235
2024-02-06,-0.03687978917552222,-0.03341259266889063,-0.04939980360041407,-0.052181223228449806
2024-02-07,0.06793540877113374,0.0679522177624916,0.0679522177624916,0.07101878323313836
2024-02-08,0.06221392840392305,0.06001734718510508,0.05995603930350898,0.06211900253961123
2024-02-19,0.032129188699899086,0.032129188699899086,0.02562574943438204,0.02565420331937943
2024-02-20,-0.007647036658046164,-0.007676226624854389,-0.005028615129481235,-0.00576291067773505
2024-02-21,0.0016423855473846989,0.0014411057114028024,3.2026255727185706e-05,1.6671514714868387e-06
2024-02-22,-0.003008346607263517,-0.0018226309535749306,-0.0025245489386163697,-0.0031651464331536915
2024-02-23,-0.01030485973399595,-0.011233029185905566,-0.014709465588830949,-0.016100712698447005
2024-02-26,-0.009911482646818561,-0.009946087753126154,-0.01449612832616053,-0.014022344951358836
2024-02-27,0.0008358144237226008,0.0009376503214019118,0.0009696134586571467,0.0009696134586571467
2024-02-28,-0.03284113828305883,-0.03284113828305883,-0.03400140311257512,-0.03400140311257512
2024-02-29,0.05012938489449472,0.04997607023697701,0.050337853045932496,0.05039817380393672
2024-03-01,-0.014606901421155939,-0.0011913454625160067,-0.03294771835932812,-0.038209754174011665
2024-03-04,-0.004865063611023308,-0.0027902435497714627,-0.009957090263755736,-0.010392238990683983
2024-03-05,0.003228316087805675,0.0030755697485201103,0.0033899432844755363,0.0033721471695258003
2024-03-06,0.0041338765752389145,0.003975390384611013,0.004121852403084019,0.00430645189540536
2024-03-07,-0.002255697427690708,-0.002255697427690708,-0.0026616547808029174,-0.0026616547808029174
2024-03-08,0.01285842199109051,0.01285842199109051,0.01285842199109051,0.01285842199109051
2024-03-11,-0.007290699987287132,-0.007290699987287132,-0.007290699987287132,-0.007290699987287132
2024-03-12,-0.022688641507785125,-0.022688641507785125,-0.022654036401477534,-0.02267084539283539
2024-03-13,-0.0031414627715442957,-0.0031414627715442957,-0.0033550861232651383,-0.0032513212903819582
2024-03-14,-0.00247947162106788,-0.00247947162106788,-0.00247947162106788,-0.00247947162106788
2024-03-15,0.008243648338770799,0.008243648338770799,0.008243648338770799,0.008243648338770799
2024-03-18,-0.01949018909786456,-0.01949018909786456,-0.019506641198755746,-0.019523450190113603
2024-03-19,-0.011321931604903765,-0.011321931604903765,-0.010981367264470528,-0.01061909688224096
2024-03-20,0.005726509374204719,0.005726509374204719,0.004995285134569555,0.004488572664300098
2024-03-21,-0.01079124533086303,-0.010808054322220886,-0.010014121539467773,-0.008118442638401202
2024-03-22,0.0036109705683892257,0.003470747957149287,0.0035040090493983268,0.002567664454611347
2024-03-25,0.011912598611414684,0.011912598611414684,0.01107886542474533,0.007532518826402606
2024-03-26,0.018187572920304908,0.018161836406088924,0.015381704523661057,0.01105245427553791
2024-03-27,0.0038894900948959954,0.0035353021686255494,0.002834528638675448,0.0023778034510827484
2024-03-28,0.02075567708871749,0.020724897935741074,0.010605839831434994,0.002784726969479988
2024-03-29,-0.0042399719998180395,-0.0029661830144278724,-0.0029661830144278724,0.006532104217075723
2024-04-01,-0.0015100665059123036,0.0014477174873241173,0.001447533914063507,0.006215229488455092
2024-04-02,-0.00037847047912567045,0.0028400607882790255,0.0006868942845504908,0.0058469281074365375
2024-04-03,0.0017337950413246301,0.0006128208024651404,0.0015044344139476485,0.0006424477590750341
2024-04-08,0.003213223268025159,0.002228399416982221,0.0023616269635548482,-0.00028355778022632217
2024-04-09,0.011896833271896135,0.010425286447619189,0.006268320586392297,0.004391679547525185
2024-04-10,-0.0065173164444534614,-0.005291022045615895,-0.005075113364812179,-0.0038014083575069056
2024-04-11,-0.0007486026516424169,-0.002117929480448236,0.007238101663196355,0.004704428196327531
2024-04-12,-0.0005854047030968704,-0.00022227526110163025,-0.0035125407508287583,-0.001736402344005042
2024-04-15,0.004573714550068516,0.0035918301816026117,0.006657902709405829,0.0037564199839144
2024-04-16,0.007975863130691558,0.008374010239654778,0.007775297223101661,0.004969091306130885
2024-04-17,0.024209056897574396,0.02544253681527473,0.011803118710284069,0.006219087334796718
2024-04-18,0.015741832874583566,0.015722904679940444,0.022076953855158135,0.02842133126869263
2024-04-19,-0.0017027772649674687,-0.001797815704455122,-0.0018131468279277238,-0.0018147680701387473
2024-04-22,-0.0016340978412317246,-0.0017215690747347464,-0.002192434086367191,-0.00264034628805366
2024-04-23,-0.0001783644038870826,-8.046420207833094e-05,-0.00011384782513541085,-0.0003017830999509554
2024-04-24,-0.000272267115707191,-0.0003030462686836054,-0.00033340537293930427,0.0004130223417439377
2024-04-25,-0.0029640407150431677,-0.004017774223068656,-0.005251710010908645,-0.006377007330057691
2024-04-26,-0.0006173995515563172,-0.0005668935875915565,-0.0007064931784026987,-0.000766596716938925
2024-04-29,-0.02017776192810146,-0.02017776192810146,-0.02097749535507589,-0.021813912699258076
2024-04-30,-0.002958181479725851,-0.002958181479725851,-0.007554886541007624,-0.008586470165840826
2024-05-06,0.0032550065695416447,0.0032550065695416447,0.0037115265969373153,0.003232550647074257
2024-05-07,0.0028587537815835283,0.0028587537815835283,0.003169683532781994,0.003059026142402935
2024-05-08,0.0008847521624550619,0.0008221581391690534,0.001549843881172447,0.0012625456257488012
2024-05-09,-0.0008286204321698272,0.0008892377624572991,-0.01085945814949399,-0.008103956507561499
2024-05-10,0.01748777673224582,0.017339167241510686,0.011308596514223553,0.007450861699298335
2024-05-13,-0.008208219135847458,-0.0029090167577093254,-0.00814587011725927,-0.0007374033440607744
2024-05-14,-0.00014406858313995198,0.0003448498580899278,-0.0006353420915460254,0.001016699459152159
2024-05-15,-0.0007667946511246151,-0.0019012560850448846,-0.0007555620700337459,-0.0017365693239118542
2024-05-16,0.00493119087787746,0.005860349571187227,0.002685948397713478,0.003043098305578016
2024-05-17,0.001963069114805799,0.0025855050461935348,0.0031923710617899202,0.003293570705307667
2024-05-20,-0.015475426926643472,-0.015452971004176084,-0.013219780054363209,-0.01251896732088514
2024-05-21,-0.0012169151345599383,-0.0013182336803324983,-0.0012582207114760443,-0.0013560985158693364
2024-05-22,0.006846578248993984,0.00687640563069139,0.008845095860529461,0.008564284014540869
2024-05-23,6.252795169224117e-05,0.00013104174305738524,0.00036363418371600454,0.0005042279560621374
2024-05-24,0.021278006807149447,0.02124674051122505,0.019425741877603393,0.018555832619167163
2024-05-27,-0.00023756213819258734,-0.0004945973261261875,-0.001744135983682381,-0.0012718084893540856
2024-05-28,0.0008899698961033392,0.0009184237811007305,0.003224625346213247,0.0034752076233693827
2024-05-29,-0.004118941521236266,-0.003591987115307165,-0.00758775419930834,-0.007245248093657637
2024-05-30,-0.0005608316144419337,-0.0005300524614655193,-0.0010250664522668922,-0.0008219043537096473
2024-05-31,-0.0015042821894924222,-0.001150186447125374,0.0012645763357879009,0.0009269507073549202
2024-06-03,0.0005889494681510761,0.0005162629006677707,2.5953773824148043e-05,7.33099100285566e-05
2024-06-04,0.013941864988534886,0.013273396561762655,0.014518050982494216,0.015082116368454669
2024-06-05,-0.0003803443637680463,0.001651133755635272,-0.0013356657713704829,-0.002217718075322596
2024-06-06,0.003266510195889908,0.0006338039527933444,0.0036569616025504473,0.00339096609481612
2024-06-07,-0.0007705049115692593,-0.0034273564571520427,-0.0005523818083067558,0.0029982177778734827
2024-06-11,-0.009135548581022036,-0.00911426085806169,-0.004918472554861662,-0.0048927360406456795
2024-06-12,0.00756827270709399,0.008020641003730617,0.0062049114421625735,0.005683741971227622
2024-06-13,0.00892001298495304,0.008963756630380775,0.005149447639412985,0.005583753478052397
2024-06-14,-0.00843748527218667,-0.0094542715564021,-0.0011605041630742548,-0.00041666426192109204
2024-06-17,0.00044085073988537346,0.0004984821908575135,-0.0003956922507642243,-0.0004976750272205568
2024-06-18,-0.002279177726920423,-0.0021403481569974656,-0.0028940567667387488,-0.003197576514707479
2024-06-19,-0.009134514468296594,-0.00915810918388613,-0.009385905918785329,-0.009697136126491375
2024-06-20,0.010878135381580854,0.010141507353212495,0.014411422922999618,0.015479663025198516
2024-06-21,-0.010178268591531465,-0.010161459600173608,0.005238786837046388,0.006417519455271073
2024-06-24,-0.00391554394884837,-0.0037923237857708995,-0.0018425339370500974,-0.001644090897134055
2024-06-25,-0.013734545134362655,-0.01229524861903663,-0.017753678226942935,-0.017753678226942935
2024-06-26,-0.009874580753621203,-0.009874580753621203,-0.009874580753621203,-0.009874580753621203
2024-06-27,0.025440826500178718,0.025440826500178718,0.025424374399287533,0.025424374399287533
2024-06-28,-0.02140531600019049,-0.02140531600019049,-0.020666322880337203,-0.020666322880337203
2024-07-01,0.005754424528915862,0.005754424528915862,0.005717700219323004,0.005717700219323004
2024-07-02,0.00870129226303052,0.008680004540070174,0.007949551319708396,0.007974243235321438
2024-07-03,-0.006216758811284599,-0.00587583560843917,-0.004989883952681658,-0.005476290990903537
2024-07-04,-0.0014421220060122316,-0.0014421220060122316,0.0006701635282308586,0.0013606470739309514
2024-07-05,-0.014622875498185719,-0.014599280782596183,0.00043615543292842784,0.001997463997934957
2024-07-08,0.00516408438182427,0.0048228246337821065,0.005120340736396536,0.003562537725311859
2024-07-09,-0.015398647360251398,-0.014401667354151463,-0.017267112682891612,-0.017267112682891612
2024-07-10,0.01672721400469538,0.01672721400469538,0.017603589703878698,0.017603589703878698
2024-07-11,0.010192564052384537,0.010192564052384537,0.008103210796248388,0.00812790271186143
2024-07-12,0.010264757894854952,0.010264757894854952,0.007214694244685991,0.007591166490207653
2024-07-15,-0.005091922558170602,-0.0051143784806379905,-0.003409768137680678,-0.0012689141254842112
2024-07-16,-0.007835397305040986,-0.007301365052160699,-0.004745412188587591,-0.0029147593064903243
2024-07-17,0.0009659761614949043,0.0012812955754221954,0.00023683239768962312,-3.5041881260436457e-06
2024-07-18,0.0017240750796444209,0.000962139240327574,0.004536241451638245,0.006519859037730377
2024-07-19,-0.0006001196640299841,-0.0005800148236292262,-0.0008718762215292109,-0.00096992505598619
2024-07-22,-0.0069347463328869,-0.006640678819287834,-0.007539014078503314,-0.007816205032954809
2024-07-23,-0.0017319460826075131,-0.0017848960953210852,-0.0018349090508799077,-0.0018838601255281434
2024-07-24,0.027670425967536456,0.027640066863280754,0.02786267086261471,0.02786267086261471
2024-07-25,0.004823536736603188,0.0037992232672580148,0.011123057429454727,0.011154140152118517
2024-07-26,-0.0012295091528863934,-0.0012295091528863934,0.0006733217960474238,0.00031639455433920356
2024-07-29,-0.010424966309715586,-0.010424966309715586,0.010818294695514397,0.010818294695514397
2024-07-30,-0.0012855984853825332,-0.0013168647813069326,-0.003271200694840643,-0.003302528422202252
2024-07-31,-0.0005377082734745388,-0.0008788320124543199,-1.54509647010967e-05,-0.00046368512805597894
2024-08-01,-0.031421102893631384,-0.02938737201231447,-0.017349776583082854,-0.024787640963881186
2024-08-02,-0.010938946875684039,-0.011926825867598367,-0.0029168369643384224,-0.007346530198600829
2024-08-05,-0.010593912735345793,-0.011110093716836298,-0.008106917289819873,-0.009370245332816322
2024-08-06,-0.00802560399734096,-0.00802560399734096,-0.005813965518936086,-0.006227907897699851
2024-08-07,-0.00013272828095082392,-0.00011027235848343582,-0.0003303794833945176,-0.00038757477953626986
2024-08-08,-0.0012095099271097686,-0.001302104076960984,-1.3424925883956519e-05,0.00014658040480543006
2024-08-09,0.004580035283145074,0.004548768987220675,-0.0014298866473638166,-0.0008297570452849146
2024-08-12,0.0003447876040360601,0.001378782045466993,0.00739832455777437,0.00547658790708144
2024-08-13,-0.0014251958406966566,-0.00124154231843296,0.001995816597965233,0.001749825008775927
2024-08-14,-0.0013814491768965793,-0.0013814491768965793,-0.002527834391264375,-0.0022576869278057273
2024-08-15,0.009345626386830383,0.009345626386830383,0.009319795678095193,0.008045396385245502
2024-08-16,-0.009376581841400016,-0.00942263247945694,-0.0077035147087272954,-0.0063201299814335315
2024-08-19,0.006339708224684819,0.005518786480486897,0.007038559760734559,0.005039582987704939
2024-08-20,-0.002448935073336197,-0.002448935073336197,-0.0026715175652522495,-0.0026525893706091275
2024-08-21,0.01882190887022774,0.01884660078584078,0.017912812542287188,0.018593217633530407
2024-08-22,0.0010883761126453386,0.0012194734569898277,0.0005760702518279542,0.0002144087371035618
2024-08-23,0.011392657954088581,0.010847693630915657,-0.0015170115220872107,-0.003238356795315252
2024-08-26,-0.0008816659406533558,-0.0008774286697774956,0.000682586921312986,0.0009016306481836279
2024-08-27,-0.0014406956517261534,-0.0014945517920966175,0.0008280528881587233,0.0012032046875676031
2024-08-28,0.005471231864893497,0.006049039620215325,-0.003388952628130898,-0.006610704950460957
2024-08-29,0.0008411753437565518,0.0006830712446865205,-0.00035901878565785655,-0.0008356845473314488
2024-08-30,-0.01629915243089697,-0.016994135399179655,-0.003960080511085213,-0.003901063162579582
2024-09-02,0.0017158137598317132,0.0028752999905586095,-0.007048833464039696,-0.00490988923385703
2024-09-03,-0.013912362062938983,-0.013877756956631392,0.0018563540916611413,-0.0007132714304703171
2024-09-04,0.0029457966484161655,0.002707462356967357,0.0002573166932923587,0.0003950132753852952
2024-09-05,0.002848352888348355,0.0023854024878333345,-0.0005388503985438143,-0.0007998835574797266
2024-09-06,0.0050981110089123,0.0036506498845965372,-0.004633247163430601,-0.005129731706800461
2024-09-09,-0.008093910651523302,-0.006719345529544031,0.018734978100592083,0.02061184264117979
2024-09-10,-0.0017814659169466834,-0.001840483265452314,0.0023530152394904886,0.0024168637253189807
2024-09-11,-0.001220322314053186,-0.0010608065447124473,0.0015874948365521761,0.0018541351196849616
2024-09-12,-0.0023184672278859105,-0.004425733914436145,-0.004425733914436145,-0.005009569740179959
2024-09-13,0.002849473886783252,0.004128872646879734,0.00415016036984008,0.004349006512840834
2024-09-18,0.007388471857425673,0.010500565486846272,0.009863631040163325,0.009937654185581886
2024-09-19,0.0005505432526820578,0.0007470660718699822,0.00037623885328397146,0.0005309814154591313
2024-09-20,-0.01328556632460762,-0.014326554264354365,-0.0002519642454388357,-0.0021523709173843137
2024-09-23,-0.0010736674690243239,-0.0016644456924270758,-0.0005595721350405683,-0.0011971547448446256
2024-09-24,-0.0006963009185271681,-0.0005915272569519322,-0.0028153834937445794,-0.003573056677545829
2024-09-25,-0.028605546845438413,-0.019645368853057208,-0.02423951880268102,-0.028584259122478067
2024-09-26,-0.005932352448786718,-0.006206824024514279,-0.005335163560474758,-0.005641732143024044
2024-09-27,0.06598207843045217,0.06598207843045217,0.06598207843045217,0.06598207843045217
2024-09-30,0.11828349261296378,0.11828349261296378,0.11828349261296378,0.11828349261296378
2024-10-08,0.15418565901905593,0.15418565901905593,0.15418565901905593,0.15418565901905593
2024-10-09,-0.07365453557080723,-0.07367098767169841,-0.07367098767169841,-0.07367098767169841
2024-10-10,-0.03783855675969355,-0.03652978152405036,-0.03652978152405036,-0.03652978152405036
2024-10-11,-0.021406369836201387,-0.021406369836201387,-0.021387441641558265,-0.02136964552660853
2024-10-14,-0.026089963375413715,-0.026089963375413715,-0.027251812590586587,-0.028383089471812863
2024-10-15,0.018764482534542496,0.018764482534542496,0.02082709695132472,0.020805809228364374
2024-10-16,-0.020109574057966102,-0.020109574057966102,-0.02257707814272107,-0.02137637032787815
2024-10-17,0.01643635778908566,0.016409639618020923,0.01899778527818527,0.017733012080620444
2024-10-18,-0.007293472159008909,-0.006581066411946511,-0.007951249400850055,-0.007293472159008909
2024-10-21,0.0210359811395417,0.0210359811395417,0.024044097019447184,0.02109032637128791
2024-10-22,0.005930583724500789,0.005901393757692564,0.0054481176907112,0.0048359964826921245
2024-10-23,0.0037943401229906873,0.00325884201446684,0.004938259057245237,0.004938259057245237
2024-10-24,-0.0015195489351901297,-0.0015195489351901297,-0.0027666507347159216,-0.0027964781164133276
2024-10-25,-0.00012445589892621202,-9.367674594979763e-05,-0.00012204836159330824,-9.222097989590232e-05
2024-10-28,-0.004341018526567394,-0.003105132992906105,0.0019129643673395085,0.0018816366399778993
2024-10-29,-0.005596938931638507,-0.004404041671832191,0.0005786575536827117,-0.0006212784261244169
2024-10-30,0.006747636252319073,0.006685287233730884,-0.0037559499581722978,0.0007566178194993883
2024-10-31,-0.0020078192263228924,-0.0004793133737851841,0.0010882739793844673,-0.0019225483138358018
2024-11-01,-0.004028067936407747,-0.0031044379946972905,-0.0016144205099085655,-0.002576892991034681
2024-11-04,0.007801437710377898,0.006077913922045297,0.007895097604500793,0.011245075778404834
2024-11-05,-0.0008977550815644285,0.000772812039690235,-0.009069831649059584,-0.012114153620901626
2024-11-06,-0.005422447823835671,-0.0032606817705366628,-0.015720587723107162,-0.01763981631228192
2024-11-07,-0.0007619454213243216,-0.0012562216581935802,0.002012486566705878,0.0024882839145940723
2024-11-08,-0.0008989592567120398,-0.0008676929607876404,-0.005255067142301,-0.009526109277936448
2024-11-11,0.0006939294471753138,6.412858504190337e-05,0.001994366083723527,0.0032351637920410743
2024-11-12,-0.016168140927452224,-0.016191735643041757,-0.012984942016783567,-0.011400778029819418
2024-11-13,0.011395294865422201,0.012209435094588255,0.007657886680285328,0.00863745740489776
2024-11-14,0.0008555502313604845,0.0009098073799767352,0.0008908707390830193,0.0008908707390830193
2024-11-15,0.019567410141623148,0.020950016322350575,0.025001465312904744,0.024981360472503985
2024-11-18,0.004081118474610017,0.004018524451324008,0.015865812849659006,0.015038313855442013
2024-11-19,0.0024585018787330677,-0.0010570364655165011,0.023820438694460738,0.018870202282785537
2024-11-20,-0.013170891621894363,-0.007910802627709355,-0.022001965089997664,-0.016515306502723637
2024-11-21,-0.005985865676227331,-0.0020645807032063208,-0.020393380530587847,-0.015846929199325586
2024-11-22,-0.0011982557819524744,-0.0007813293838010414,-0.0015400250650596432,-0.0015400250650596432
2024-11-25,0.029590768824813162,0.028444355498001624,0.029644302125763876,0.029609697019456285
2024-11-26,0.00344082394996444,0.0019224304672871427,0.003934685745337325,0.0036154425896449227
2024-11-27,0.01077622928184817,0.010792681382739353,0.010775872391381495,0.010775872391381495
2024-11-28,-0.024410431213946603,-0.023608850706548275,-0.02272643393011022,-0.022709981829219034
2024-11-29,0.005254468142848436,0.004759704580249252,0.005923164390136021,0.005707691223280263
2024-12-02,-0.017584818107952087,-0.017005448452443638,-0.017584818107952087,-0.017584818107952087
2024-12-03,-0.019752019165073673,-0.019752019165073673,-0.01976882815643153,-0.01976882815643153
2024-12-04,0.004633299049626824,0.004633299049626824,0.004451775697965569,0.004451775697965569
2024-12-05,0.014518510343624736,0.014535319334982593,0.012431658743991762,0.012431658743991762
2024-12-06,-0.01303996266222544,-0.013504034215271243,-0.013056414763116623,-0.013056414763116623
2024-12-09,-0.00949483018026605,-0.009511282281157232,-0.009878980976079655,-0.009844375869772062
2024-12-10,-0.02494569735698077,-0.025797497379178802,-0.023102976549130856,-0.02494569735698077
2024-12-11,0.02435858957670154,0.02442243806253003,0.02183298865191665,0.02442243806253003
2024-12-12,-0.010315186168152086,-0.012161690740028415,-0.009669408667943658,-0.012161690740028415
2024-12-13,-0.0006837821530971979,-0.0007242460385864611,-0.0006510589666755105,-0.0007074370472286044
2024-12-16,0.012364014579054549,0.012423031927560179,0.011221347457848018,0.012229020595652448
2024-12-17,0.004504498073175522,0.006344730448713919,0.012241077984780184,0.014225995230957153
2024-12-18,0.005636778413734099,0.010190193064141213,0.013841708771472857,0.015108800525187926
2024-12-19,0.00041717154539508297,0.0006212236223583864,0.00041717154539508297,0.0007306941750647329
2024-12-20,-0.0007893228317863367,-0.002005343420399688,-0.0008504610890184499,-0.0014166130289391943
2024-12-23,-0.0017717561542958467,-0.004915382012695116,-0.003311054810942462,-0.003920227174376897
2024-12-24,0.009481488665393807,0.014720825023915635,0.02384014213895176,0.023870501243207463
2024-12-25,0.002525817876901799,0.0029490280889017512,-0.002177467654846302,-0.0027912380781659626
2024-12-26,0.001787608389859049,0.0046039101618319585,-0.0012001687851562585,-0.0011703414034588526
2024-12-27,-0.002441960782432612,-0.004372421993326601,0.003589668458259593,0.0029248194470271765
2024-12-30,0.00027584171703347375,0.0002708863727394475,0.0001174579809597932,0.00022672089994613348
2024-12-31,0.0014409467102872169,0.0016704052789383108,0.00122011239815007,0.0010768187200912896
2025-01-02,0.031873327657176286,0.031966455828740886,0.028360654114799377,0.024340050635467653
2025-01-03,-0.005278740118980658,-0.0008279487823265868,-0.013572912925277425,-0.017103849534209584
2025-01-06,-0.014100905255240034,-0.010534663107130506,-0.0247233748183045,-0.027209076964778502
2025-01-07,-0.0024771779190061395,-0.0020642932271991545,-0.0034896042262623148,-0.0027077722821113653
2025-01-08,0.009086610305853038,0.00807229634509869,0.011159142548651926,0.010419811828716534
2025-01-09,-0.007695578042218125,-0.007714506236861247,-0.007552901836805393,-0.007085657805821703
2025-01-10,0.006828424915123206,0.006504126987188767,0.004577930308140953,0.0028708057602714596
2025-01-13,-0.02007085688846394,-0.01737284367990358,-0.0009777077886387105,0.006112993471655626
2025-01-14,0.0076530109077331526,0.0059101343547836764,0.0023063123318064417,-0.002060433458893324
2025-01-15,0.023189200444502057,0.020955626610489487,0.027421346092812292,0.013878243833077402
2025-01-16,-0.0008760621919718186,-0.0008760621919718186,-0.0008308875094222714,-0.0007893765384462895
2025-01-17,-0.003155222095839971,-0.003155222095839971,-0.0033887790355330927,-0.003290741803971664
2025-01-20,0.014319961297311366,0.014319961297311366,0.015423879169089058,0.014191592920146594
2025-01-21,0.0035378192847266075,0.0035093653997292163,0.0035921645164728186,0.00211386234929613
2025-01-22,-0.0014078034120752654,-0.0014582444319752546,-0.0014720693776045391,0.00018571903520313567
2025-01-23,-0.0005576446099115574,-0.001991621656410339,0.0011785721461743926,-0.0011785721461743924
2025-01-24,-0.0004365194779694053,0.0037363883028401273,-0.0054158070288965994,0.005248438615257816
2025-01-27,0.0025707562661428252,-0.0032663766469589015,0.012300704663821565,-0.0015690107058596958
2025-02-05,-0.007139598013291223,-0.006495295636391122,-0.0070543271008041315,-0.00029754122850768593
2025-02-06,-0.0012208786454507715,-0.000864605520548462,-0.0018132832770624446,-0.00041552605041741714
2025-02-07,-0.0031815197943264786,-0.006875825553771616,-0.0030940765929084514,-0.01855699017364651
2025-02-10,0.013470214407453456,0.013470214407453456,0.010678814963705962,0.009049609602473791
2025-02-11,0.00960913304832592,0.00960913304832592,0.007232410068785441,0.006228790246467199
2025-02-12,-0.0028294793251281963,-0.0028294793251281963,-0.0020040116127464486,-0.0015503773553128932
2025-02-13,0.013134353386178514,0.01315794810176805,0.006203155073787096,0.004284517335347786
2025-02-14,-0.0068466021830487014,-0.0073675697426210315,-0.0021655788026466332,0.0003963063101298216
2025-02-17,0.004671204030675677,0.004733798053961686,0.0006689577748108592,-0.0025538821067325763
2025-02-18,5.041123346316883e-05,-0.00013115010403785146,0.0002509401778854806,0.000625206280443188
2025-02-19,0.004126955595741725,0.0028798776989987407,0.00035368462849646884,0.007802563531284797
2025-02-20,0.013284792145700582,0.013312419206382056,0.013265114232028233,0.010727872477589795
2025-02-21,0.004327322224736657,0.004932958931218258,0.007351461174345809,0.005792788156041806
2025-02-24,-0.004916966639527534,-0.0027992042399354747,0.012027456243896853,0.010398603767136227
2025-02-25,-0.0048645975117142075,-0.0048645975117142075,-0.008355606658164153,-0.007415573472477537
2025-02-26,0.0013432884997720668,0.0013745547956964662,0.007459209699435982,0.006372635017183519
2025-02-27,0.00020621498195105842,0.001031408027208992,0.008130487639506804,0.008071470291001174
2025-02-28,0.004301702597702509,0.002762502729675493,-0.003471648148628565,-0.002500020297950252
2025-03-03,0.02046658928129296,0.020517017711121986,-0.0012584461301657912,0.0039711228008064885
2025-03-04,-0.005860422317205785,-0.004922367107117448,-0.008554288906809983,-0.007058636504957772
2025-03-05,0.009660015111326909,0.009642218996377173,0.01880009341248185,0.018816902403839708
2025-03-06,0.010991327422040028,0.011421937353067893,0.011131994992716667,0.011628096094633068
2025-03-07,0.011158971441861279,0.011180259164821625,0.0029978892861942208,0.005545580837409416
2025-03-10,-0.0018856167214957214,-0.0019291517642306417,-0.0008307889998411813,-0.000993032232151197
2025-03-11,0.001138597041555541,-3.428158760555958e-05,-0.004146384830234944,-0.005501604350758699
2025-03-12,-0.014473772147223101,-0.014473772147223101,0.001312583226765091,0.006841810046189509
2025-03-13,0.0017309055229608977,0.0017309055229608977,0.0016753255993469938,0.000843853195960325
2025-03-14,0.01357457580591938,0.013597031728386768,0.012052824508651156,0.00955525373189157
2025-03-17,-0.012738730185728998,-0.013514893087560187,-0.011811828255903701,-0.00997234902902946
2025-03-18,-0.003345567863538816,-0.003345567863538816,-0.0026614020849133075,-0.0019487087140281647
2025-03-19,0.001777590506972728,0.001777590506972728,0.0016668132382516446,0.0011002889892207485
2025-03-20,0.005517835348955066,0.005517835348955066,0.005169594139498536,0.004231803418405148
2025-03-21,0.004922940837776262,0.004922940837776262,0.005479784103108354,0.005479784103108354
2025-03-24,0.01712203291151992,0.0171703195427225,0.018343915526997892,0.018414658080667855
2025-03-25,0.0056301620361756555,0.0065388402873047605,0.005337475311570652,0.006556708193122037
2025-03-26,0.0053067751078133395,0.005596424338445084,-0.0012327189542438305,-0.001076996759393219
2025-03-27,-0.003606787254830534,-0.003606787254830534,-0.001192747013064136,7.142985176839895e-05
2025-03-28,-0.0004101026979042646,-0.0004101026979042646,-0.0003808031534727231,-0.0004023812797065313
2025-03-31,0.0035956999680363607,0.003533105944750352,0.01245840161619033,0.012000752450748579
2025-04-01,8.346039609087859e-05,-0.000146850380278231,0.001866765876065834,0.0018466610356650762
2025-04-02,-0.0007988519008153747,-0.0005829635878714734,-0.001216535395983602,-0.001175328347788259
2025-04-03,0.001972158978140144,0.0015989965686718643,0.0018119724853521452,0.0018119724853521452
2025-04-07,0.05272796581374686,0.04065680944752197,0.05112647672151668,0.05110637188111592
2025-04-08,0.03346403007085012,0.01812970280186193,0.05539201702903558,0.05271348730294063
2025-04-09,-0.009779825587362715,-0.009779825587362715,-0.009779825587362715,-0.009779825587362715
2025-04-10,0.05299222247331044,0.05299222247331044,0.052975770372419254,0.0529589613810614
2025-04-11,0.0008370879854176178,0.0008370879854176178,0.0007925541606862168,0.0007824100615657316
2025-04-14,0.02834861542309425,0.02834861542309425,0.02622625025595302,0.02622625025595302
2025-04-15,0.002192412700666964,0.002192412700666964,0.0016106118630469896,0.0016696292115526202
2025-04-16,-0.006377736352656516,-0.006377736352656516,-0.0022855261321866605,-0.0031738432074323096
2025-04-17,-0.0102112165463195,-0.0102112165463195,-0.001290549471914308,-0.004493486954327198
2025-04-18,0.0020312640608517022,0.0020856092925979133,-0.00020659492151310985,-5.378727888814669e-05
2025-04-21,-0.00044669513593295314,-0.0005651469360575873,8.056679760551655e-05,8.056679760551655e-05
2025-04-22,0.0070861279706910495,0.008282819028133647,-0.0020149886762979327,-0.0020460713989617217
2025-04-23,0.0012799307503379115,0.0012799307503379115,0.00044106490599314245,0.0008359872564545281
2025-04-24,9.985847218471248e-06,4.1313574580080376e-05,-0.0004405541372960629,-0.0004894729822645111
2025-04-25,0.0002175225463887134,-0.00025378351138570244,-0.0007859059405399671,-0.0013149041285113311
2025-04-28,-0.0005649876982140746,-0.00039238467283034923,-0.000338039441084138,-0.000338039441084138
2025-04-29,0.007709694040357326,0.0070787977441608375,0.0057256761553247555,0.005754130040322147
2025-04-30,-0.005508587304713089,-0.004806950368849456,-0.0027232031434458103,-0.0031174057408850666
2025-05-06,-0.006165516130619792,-0.005423318877304424,-0.0061663429549357095,-0.006165516130619792
2025-05-07,-0.01569419358763331,-0.01569419358763331,-0.012240389897232034,-0.015574037981895565
2025-05-08,-0.004601542459904208,-0.0045768505442911655,-0.003940534005629331,-0.001849024537080985
2025-05-09,0.007028555150943145,0.006532707324962344,0.006505080264280869,0.004267890787252938
2025-05-12,-0.002704475048081343,-0.002704475048081343,-0.0024723683938639085,-0.0018667075075858883
2025-05-13,0.006599660458146646,0.006599660458146646,0.0040368682613652375,0.002185112729039732
2025-05-14,-0.0030174299768707304,-0.002986163680946331,-0.0011185466049373483,0.0014772612003762762
2025-05-15,8.312790376168984e-07,-3.8522924618631695e-05,-4.0430883489995346e-05,0.00011796125074299504
2025-05-16,0.0034020226762743193,0.0034332889721987187,0.009643339181743133,0.010514879804824165
2025-05-19,5.080657749286723e-05,5.5966483066766146e-05,-4.684027884536026e-05,-1.7517944677824588e-05
2025-05-20,-0.0006816576277518579,-0.001030298073713495,-0.00041782753028318716,-0.0019528351757509177
2025-05-21,-0.0020343547857104233,-0.0015868145786685755,-0.0036066747407444543,-0.004031977081843353
2025-05-22,0.0032131411584360265,0.0032131411584360265,0.002243440003734488,0.0024030884930885447
2025-05-23,0.008919796845060416,0.008919796845060416,0.006872216741783173,0.0072602215018313454
2025-05-26,0.010489005257076222,0.010489005257076222,0.00729327591446283,0.007821158283379098
2025-05-27,-0.00275692000002931,-0.0028309431454478697,-0.001510131047186498,-0.0017502841549824335
2025-05-28,6.14375323859424e-05,5.0952179187388624e-05,4.4638439025523863e-05,-1.8738324276536486e-05
2025-05-29,0.00026226785691286673,0.00014043306603745494,5.765638556584071e-05,3.986027061610468e-05
2025-05-30,-0.00936911379082004,-0.008828492791780553,-0.010874207480381407,-0.011390065683536706
2025-06-03,0.00023331685310528727,-0.00035825989497948564,0.0008232440324543927,-0.0003269321676178765
2025-06-04,-0.0014635868889847782,-0.0008725259718686228,0.00025515156533897356,0.0008810309908833767
2025-06-05,-0.0016625114616011089,-0.0009476200201774486,-0.0011773758945755701,-4.498676249594172e-05
2025-06-06,-0.005594132891003964,-0.002618932400757692,-0.0063284973294940065,-0.005238409014418541
2025-06-09,0.00039374884588363877,-5.516023929398283e-05,0.000718267322624099,0.0006090305326927685
2025-06-10,-0.008692146538491093,-0.007756842716943215,-0.00867569443759991,-0.0069435648137912195
2025-06-11,0.009251599158844126,0.00922800444325459,0.00905274371804594,0.007635595555054739
2025-06-12,-0.00035313163056748605,-0.00037552700616216904,-0.0003277983414833364,-0.0003202398392605782
2025-06-13,-0.0024156577590780126,-0.0024876137467694146,-0.0024156577590780126,-0.0023421408518300743
2025-06-16,0.012577282486536485,0.012697438092274228,0.01278023720901783,0.012753519037953095
2025-06-17,-0.0016555988446160237,-0.003788117112337076,-0.005340432594320351,-0.004812802913263297
2025-06-18,0.0012151485188694835,0.0012151485188694835,0.0008620729924868267,0.0008620729924868267
2025-06-19,0.0025588254322527616,0.0025588254322527616,0.001936506336560576,0.001936506336560576
2025-06-20,0.010636763546888424,0.010661455462501464,0.010766816187859752,0.010704467169271564
2025-06-23,0.007170753818849655,0.007819718643807707,0.0014259721981297563,2.600970984591351e-06
2025-06-24,-0.006729423058894707,-0.009934793887749357,0.01288869373882528,0.01288869373882528
2025-06-25,0.014392614857538415,0.014392614857538415,0.01745264061680923,0.01745264061680923
2025-06-26,0.01210005668916659,0.01210005668916659,0.012535741830568574,0.012535741830568574
2025-06-27,-0.0003827309655164284,-0.0003827309655164284,-0.0003827309655164284,-0.0003827309655164284
2025-06-30,0.0022989070856666116,0.0022989070856666116,0.0022989070856666116,0.0022989070856666116
2025-07-01,0.010374550891156907,0.010374550891156907,0.010431380041150523,0.010413583926200787
2025-07-02,0.0001667831064705052,0.0001667831064705052,0.00023146367211977791,0.00025896214126190534
2025-07-03,-0.003609285865500325,-0.003609285865500325,-0.004628004796369193,-0.004986761855428935
2025-07-04,0.0013511397560327983,0.0013511397560327983,0.0013254032418168159,0.0013254032418168159
2025-07-07,-0.0017321523823901944,-0.0017085576668006593,-0.001654556325318367,-0.0016843837070157728
2025-07-08,0.0015183208766606899,0.0013411995456727717,0.0004892522718139537,0.00034850174866458386
2025-07-09,0.005987198942181827,0.003276646483524141,-0.004665480060261983,-0.0055807216709429595
2025-07-10,-0.002534512013959759,-0.001612903976328818,-0.002389054615519564,-0.0021596540041125037
2025-07-11,0.0006211892536206812,-0.00023706034153000028,0.0016029828785139183,0.0013798513583567083
2025-07-14,8.177406285231635e-05,-0.0011524235372094742,0.005091327219131965,0.0056523255149831305
2025-07-15,-0.001487417387510838,-0.0011467164425854254,-0.0014046182707672355,-0.0014046182707672355
2025-07-16,-0.0009060934506248552,-0.00037143542714111445,-0.0014403612745305051,-0.0014100021702748062
2025-07-17,0.0004917915723209913,-0.0001687368624843318,0.0004011602242055234,0.0004778990647201866
2025-07-18,-0.0039940255926877,-0.0072208928441284325,-0.0005570316992401787,-0.0015924258701902135
2025-07-21,0.0001776984460628866,-5.9310350930730696e-05,0.0003346431757324926,0.0009898451042988409
2025-07-22,0.0006440214897328407,-0.0004979840737883089,0.0059881247325623025,0.006417285577195298
2025-07-23,0.0028335597819749685,0.0021540374570591667,0.0038775684547053815,0.004132377881033822
2025-07-24,-0.003035110678994757,-0.0030138229560344103,-0.002367442579202397,-0.002483929536252306
2025-07-25,0.011942177611301636,0.011308709630535999,0.0003190690420684512,0.005848278446171617
2025-07-28,-0.0010339369596439549,-0.001020609699106596,-0.0007653648106619941,-0.0008595182311453317
2025-07-29,0.0004195264148721351,0.00035580239521217273,0.0009305515289439427,0.0009305515289439427
2025-07-30,0.000698508397833963,0.000668681016136557,0.006868742282184558,0.006868742282184558
2025-07-31,0.003090457541447133,0.0036997148435462686,-0.004225196341963096,-0.004225196341963096
2025-08-01,-0.0015383714152454682,-0.0018534317198154854,-0.0017448960888559004,-0.0017733499738532919
2025-08-04,-0.002189258166104478,-0.0021600681992962533,-0.0014767800541991478,-0.001664478206481862
2025-08-05,0.005294550122437873,0.006281501863714313,0.001255375305211493,0.0022827289328724043
2025-08-06,0.004590888660787198,0.0045471450153594635,0.003626810037668533,0.003909599498399693
2025-08-07,0.0096171261129283,0.008527033471899845,0.008548321194860192,0.008548321194860192
2025-08-08,-0.0017811640556063288,-0.0017811640556063288,-0.0013969803842039622,-0.001350929746147039
2025-08-11,-0.0002868256439817375,-0.0002868256439817375,-0.0013045060075539902,-0.0013287879062265256
2025-08-12,0.005516961570219159,0.005449623209201889,-0.0007539315153722349,0.00368062399577033
2025-08-13,0.002741749199378058,0.0032743916034058606,0.0033798435302730113,0.0038850964749199447
2025-08-14,0.006408121826342435,0.007236392470748023,0.012705076422540243,0.01374255174543383
2025-08-15,-0.015015879084507066,-0.015015879084507066,-0.01608158251562209,-0.01608158251562209
2025-08-18,0.02644175976924253,0.02644175976924253,0.026425307668351345,0.026425307668351345
2025-08-19,0.011518584559172916,0.011518584559172916,0.011115793378778377,0.011115793378778377
2025-08-20,-0.002357471202816553,-0.002357471202816553,-0.00234101910192537,-0.00234101910192537
2025-08-21,0.016196756582674006,0.016196756582674006,0.016753744124164808,0.016753744124164808
2025-08-22,-0.010656543789012908,-0.010656543789012908,-0.011106780091738887,-0.011126884932139645
2025-08-25,0.019440823104814604,0.019419535381854258,0.019419535381854258,0.018483033874607216
2025-08-26,0.004192655290979675,0.003961995221307016,0.003961995221307016,0.003718741995379374
2025-08-27,0.0027741836964137755,0.0026928410739862824,0.0027117692686294045,0.002565328967327536
2025-08-28,-0.019173582529763405,-0.01915713042887222,-0.020011392258329073,-0.017272204188645418
2025-08-29,0.016868284780401775,0.016287509026131606,0.01630643722077473,0.015711550797017956
2025-09-01,0.0038608711565237524,0.0035690403483610235,0.0037308874920240704,0.003371765214245535
2025-09-02,0.0029961454257287907,0.0028265588263886327,0.0029961454257287907,0.0024356514974276655
2025-09-03,-0.01010894501629023,-0.010083208502074248,-0.010157231647492809,-0.00887821112399223
2025-09-04,-0.010406412904972323,-0.009562966230536415,-0.012032624096927211,-0.010406412904972323
2025-09-05,-0.016097141539778235,-0.016097141539778235,-0.018198474526591856,-0.01619788285626153
2025-09-08,0.020602163933687117,0.020602163933687117,0.016310873517257067,0.014847209564027
2025-09-09,0.005291953352766093,0.005291953352766093,0.0042460101757981076,0.0029418973679914222
2025-09-10,-0.008830703365490362,-0.008859157250487755,-0.005720949614590474,-0.002836295632356652
2025-09-11,-0.0009721324046714697,-0.0008131077432984408,-0.00036746761151765564,-0.00026721180717195634
2025-09-12,0.0010240593507535032,0.002983744050795253,-0.002867161957841552,-0.013942562594361687
2025-09-15,-2.6644493859205075e-05,-2.6644493859205075e-05,-5.4609094406510514e-05,-0.00019940309260215068
2025-09-16,6.324351484349384e-05,6.324351484349384e-05,0.00022912959140144472,0.0009238706357967812
2025-09-17,-0.001793890679214147,-0.0017395454474679359,-0.004536550977233575,-0.005982606246223737
2025-09-18,-0.0067990835429545165,-0.005491899124157702,-0.01147531226493142,-0.01182386182817883
2025-09-19,0.011512622587595936,0.010905908507205556,0.011712474705704506,0.01395848636254485
2025-09-22,0.0004159614680865801,0.00044515143489480476,0.002270585577222821,0.002270585577222821
2025-09-23,-0.0028530494538083146,-0.0023578636675969347,-0.006897967403671911,-0.006897967403671911
2025-09-24,0.011573625378636966,0.007930660791824773,0.017089989500615552,0.017089989500615552
2025-09-25,-0.016777363713209755,-0.010646247146251519,-0.022180817382812093,-0.022180817382812093
2025-09-26,0.0029298183021707115,0.002519249485069491,0.006229809302873666,0.006248737497516788
2025-09-29,0.010992551825480644,0.010953518790436764,0.00946674273510386,0.009875424591576172
2025-09-30,-0.013975375031900175,-0.01268723321272299,-0.013368528186027314,-0.014562735860327308
2025-10-09,-0.009298747810482066,-0.00853369458818199,-0.009298747810482066,-0.009640867904631593
2025-10-10,-0.0013981011136189492,-0.0012348495932752444,-0.0013981011136189492,-0.0014545024722603763
2025-10-13,0.041153039514737165,0.03835609014401545,0.04123115638769113,0.03985879477698893
2025-10-14,-0.0261885633159438,-0.02465117843134628,-0.03160402757161049,-0.031620836562968345
2025-10-15,0.017417811286813103,0.015068987174893087,0.02228217592339224,0.023134969962879257
2025-10-16,-0.007391961482450665,-0.0068117657506230065,-0.007881855978935521,-0.008802125629223227
2025-10-17,0.00359867527899829,0.0035694853121900653,0.006454975041748745,0.006195080272036404
2025-10-20,0.008873803848516477,0.0076027808671368,0.015936375923714517,0.016859832198617787
2025-10-21,-0.00035309969607201226,-0.00038418241873580135,-0.002188006491693502,-0.0018098667553136745
2025-10-22,-0.0005616837592446967,-0.0009379048016603065,-0.004336458413619424,-0.004026727178995464
2025-10-23,7.212552385036278e-05,0.00011739240120514866,0.00045421432157774174,0.00047066642246892476
2025-10-24,-0.004659057302070136,-0.005557687224249696,-0.0067856744983195,-0.006570745869868537
2025-10-27,-0.01642868956874336,-0.017149044397198613,-0.019108592838048593,-0.019108592838048593
2025-10-28,0.000633840734433732,0.000633840734433732,0.0006625131279583321,0.0006625131279583321
2025-10-29,-0.0014087789387892643,-0.001425587930147121,-0.0015197385999475687,-0.0015197385999475687
2025-10-30,-0.008502670862804436,-0.008792499727507636,-0.009108729800778615,-0.009108729800778615
2025-10-31,0.009262276705220118,0.00895054137307748,0.009172186462977462,0.009172186462977462
2025-11-03,-0.0009281797842734086,-0.0009127263579444902,-0.0008271060942818697,-0.0008271060942818697
2025-11-04,-0.0013169959499733036,-0.0013169959499733036,-0.0012841255484554784,-0.0012676734475642953
2025-11-05,0.020003500374659314,0.020003500374659314,0.019902927579237967,0.019246678916103786
2025-11-06,-0.01363436237200669,-0.01363436237200669,-0.010641304310331128,-0.010749839941290713
2025-11-07,-0.0069316653738273025,-0.0069316653738273025,-0.004837998801507846,-0.0032274728049002162
2025-11-10,-0.006611796046621172,-0.006611796046621172,-0.004499682899754236,-0.004454676860300253
2025-11-11,0.0004359799567022703,0.0004359799567022703,0.0002387931979484202,0.00011904108348875024
2025-11-12,0.007348752414296153,0.007348752414296153,0.007348752414296153,0.006531159482644603
2025-11-13,0.00622080730614704,0.00622080730614704,0.00622080730614704,0.00622080730614704
2025-11-14,-0.008291072868143,-0.008291072868143,-0.00833010590318688,-0.00833010590318688
2025-11-17,0.005143085399545739,0.005143085399545739,0.00465800487782117,0.004609718246618593
2025-11-18,6.769652811637727e-05,8.898425107672349e-05,5.3222055522507266e-05,4.3321176242708416e-05
2025-11-19,0.005786292719098897,0.006112229159725951,0.004680085101973398,0.003900525423401758
2025-11-20,0.0013226603401790668,0.001388602343592896,0.001065356376440804,0.0007097556967641584
2025-11-21,0.013051239104949888,0.014101958918270834,0.005862307736647837,0.0019970280683065536
2025-11-24,0.014734398667302171,0.01604749135990464,0.00927528140710135,0.0018235059435779888
2025-11-25,0.009668504289911048,0.007095863372919584,0.012588715214106,0.012588715214106
2025-11-26,0.00876074689402175,0.00876074689402175,0.009084899200365761,0.009084899200365761
2025-11-27,-0.0006793932810042394,-0.0007029879965937746,-0.0007172577357706656,-0.0007172577357706656
2025-11-28,0.00040633967299805374,0.0002863916836386435,0.0005879435251870362,0.0005879435251870362
2025-12-01,0.0069106546428664975,0.003816889352579921,0.011686522859433661,0.011686522859433661
2025-12-02,0.00044542794538307226,0.0003828339220970637,0.0026956147032917038,0.0027157195436924614
2025-12-03,-0.00027877032073905783,0.0005946017726307816,-0.0062179705895210255,-0.00589723881370343
2025-12-04,-0.0032224040305221164,-0.0032224040305221164,-0.00670697773598443,-0.00670697773598443
2025-12-05,-0.00023644507540744548,-0.00023644507540744548,-0.0006062715566145715,-0.0005261898106523777
2025-12-08,0.002650966034327968,0.0026813251385836667,0.007686270542058219,0.010591772829617286
2025-12-09,0.0014280610286525608,0.0010415035987621508,0.004496488982761144,0.004014631353853376
2025-12-10,-0.0006715013314606339,0.000523385710347696,-0.0053144325068571335,-0.0053144325068571335
2025-12-11,0.002443265609005585,0.0011492077033222914,0.006289363633634238,0.006261736572952764
2025-12-12,-0.0012732711655841073,0.00018036109636446478,-0.00604778457516648,-0.005431638584015987
2025-12-15,0.001283129214320179,0.0009038696226163843,0.0022779866273260957,0.002203963481907536
2025-12-16,-0.0009954007095529427,-9.58953651778532e-05,-0.0036027075707297782,-0.0028918989386351257
2025-12-17,-0.004294395512338806,0.0012448135397204233,-0.015336484722705544,-0.014623777290652073
2025-12-18,0.00781861498886309,0.007464702847521273,0.008740002021876081,0.008740002021876081
2025-12-19,0.007747583071494612,0.007764392062852469,0.008295129239635924,0.008277333124686188
2025-12-22,0.007965215062452239,0.007563243686567983,0.007563243686567983,0.007268405349698032
2025-12-23,0.001037267888231524,-1.999418741290796e-05,0.00016251043691302446,0.00013124414098862505
2025-12-24,0.00020342586438718073,0.0007782854489710947,1.0520731106793339e-05,0.00016751197058568335
2025-12-25,-0.006798703143652261,-0.00773727193347315,-0.0026472157177065297,-0.0026472157177065297
2025-12-26,-0.00226417585860785,-0.003251015586927966,-0.0012409385852189035,-0.0012096722892945041
2025-12-29,-0.0004049616648498298,-0.0006005962462141632,-0.0001756188951351001,-0.0003736953689254304
2025-12-30,-0.0004576272527529886,0.00039527823416479947,-0.0011751816166939615,-0.0002971213571931142
2025-12-31,0.0003196844313409124,-0.0007300886627204931,-0.0006180995791686659,-0.0012682986667190538
2026-01-05,-0.0004948163163022543,-0.0006201215025619705,-0.00032843249989986264,-0.0003045801351124868
2026-01-06,-0.01279671931458703,-0.016056115750245924,-0.007969222203972,-0.0011673107479518194
2026-01-07,0.007944342474431817,0.007333127659387978,0.011364038803695657,0.011364038803695657
2026-01-08,0.00026867289363497057,0.00026867289363497057,0.00030688697067496063,0.00030688697067496063
2026-01-09,0.007785353977627219,0.007808948693216754,0.009088183015820601,0.009108287856221359
2026-01-12,0.019882911143839197,0.021265086162915465,0.023978447844310972,0.02518748040405897
2026-01-13,0.019227653860422567,0.022359433078228762,0.020332886131491788,0.021376704601743644
2026-01-14,-0.025530440505240764,-0.025530440505240764,-0.025530440505240764,-0.025530440505240764
2026-01-15,-0.0003067705937349809,-0.0003067705937349809,-0.0003067705937349809,-0.0003067705937349809
2026-01-16,0.013946713611653989,0.013946713611653989,0.013928917496704253,0.013928917496704253
2026-01-19,-0.013630951261627501,-0.013630951261627501,-0.013169554045203301,-0.013123503407146377
2026-01-20,0.00811860301106783,0.00811860301106783,0.006251555406367739,0.007194527385798338
2026-01-21,-0.010779566866054295,-0.010754874950441253,-0.003406585937680306,-0.006046664017224647
2026-01-22,0.010530161262537134,0.011396785007361104,0.007910284400739254,0.0088156590350028
2026-01-23,0.0013373627472083515,0.0018228437938792033,0.0028365726147791684,0.0023640929902593753
2026-01-26,0.001710135816402859,0.0016809458495946343,0.008579782184891494,0.006357561848684508
2026-01-27,-0.007677530914665866,-0.008897747288466578,-0.010103954550262471,-0.010103954550262471
2026-01-28,0.006247946029970777,0.0057020537093121285,0.005439039413552045,0.005439039413552045
2026-01-29,0.00024154278464111329,0.00020739824348277243,0.00018135629868800844,0.00011949442304780506
2026-01-30,-0.0036622746451424964,-0.0030190343873131983,-0.0024884126759340624,-0.0010590902386765943
2026-02-02,-0.0020622239858752427,-0.0011695826814475002,0.0033038925930334497,0.0024505666504310722
2026-02-03,-0.002082272467557613,-0.0009866533269887027,0.0023148522518439065,0.0023148522518439065
2026-02-04,0.017676664587666122,0.01769347357902398,0.016948923585730604,0.016948923585730604
2026-02-05,-0.006039845446779144,-0.005819237702194264,-0.0053786461334777175,-0.005424696771534641
2026-02-06,-0.02005525541784036,-0.01934645106161053,-0.0160027155956547,-0.014106505823534544
2026-02-09,0.01884300103881863,0.017907265323970065,0.015838648593700922,0.011144828107470733
2026-02-10,0.008187415875054688,0.007116477231493886,0.003638663334627839,-0.0018969488908867796
2026-02-11,-0.0008066550825489355,-0.0008976207214784547,0.0005879862444853995,0.0007517363534520645
2026-02-12,0.0002381504267689434,1.7807256065786685e-05,-0.0008769008486510051,-0.0011219375191768763
2026-02-13,-0.002816406936894074,-0.0027939510144266862,-0.004472717127117233,-0.004975778430107256
2026-02-24,-0.0003238565815225032,-0.0002878729949181202,-0.0003109247742886529,-0.0003109247742886529
2026-02-25,-0.0013412462174903683,-0.001322318022847246,-0.0019913325857490623,-0.0019913325857490623
2026-02-26,-0.013266416136738,-0.012704846389543716,-0.014174479048891396,-0.014174479048891396
2026-02-27,-0.0008360342388185077,-0.000788664109036092,-0.0012987458151834132,-0.0012819368238255564
2026-03-02,-0.0023985766616102682,-0.0023985766616102682,-0.003286572478419628,-0.0033945877538977816
2026-03-03,0.00020504480923633082,0.00017832663817159426,0.0003551706322868798,0.0003551706322868798
2026-03-04,0.026308724402817743,0.023792499164735744,0.04641354769981718,0.046469628645496044
2026-03-05,0.010244081439856924,0.010220486724267388,-0.006463084326325193,-0.008004790742663024
2026-03-06,-0.00809521939395387,-0.008668727139794243,-0.0036367076070414023,0.0024772499463650076
2026-03-09,0.000900417479461433,0.0008947515256519014,-0.0005088799426819189,-0.0008851132321081892
2026-03-10,0.009247116998160925,0.007263994854539077,-0.011356651757935416,-0.01226562463298285
2026-03-11,0.001874548522004505,0.002583105560714866,-0.007602448207078571,-0.00816589616139351
2026-03-12,0.0036848447250976144,0.002939027197103167,0.0029212310821534306,0.0038526273763260315
2026-03-13,0.0035799690663371204,0.0032892041433387705,0.0034551857947834348,0.0035964211672283035
2026-03-16,0.010584564141406553,0.010601016242297735,0.01022741470149254,0.01022741470149254
2026-03-17,0.00012257982159275373,0.0001362321645545685,0.00012508342336048294,0.00012508342336048294
2026-03-18,0.020518646840302805,0.020518646840302805,0.019749034591955757,0.019749034591955757
2026-03-19,0.006328133266584344,0.006328133266584344,0.0050932978164350134,0.005116892532024548
2026-03-20,0.004732396657477246,0.004732396657477246,0.003895549987963271,0.004167350772712198
2026-03-23,0.009173870034123824,0.009173870034123824,0.0051291280207207786,0.005159907173697193
2026-03-24,0.007171915819148159,0.007201105785956384,0.004381780874839578,0.003197422394930826
2026-03-25,0.007732931829887213,0.006499052339926871,0.01509269666574789,0.008964986267530999
2026-03-26,0.006233082431909037,0.0068596611139968835,0.005797813899377829,0.005105458666137627
2026-03-27,-0.016187347329741076,-0.0190200600934229,-0.010385762715553764,-0.009018599160740418
2026-03-30,0.015325404589440692,0.015366797152801795,0.011513980565301432,0.007907200822742558
2026-03-31,0.008594721437958168,0.009541988029089406,0.004656038668154016,0.0039166050801668845
2026-04-01,-0.0002317785275824715,-0.00028030154008472407,-0.0004524771095896562,-0.00019367243833780723
2026-04-02,-0.0008724102456805755,-0.0008416310927041612,-0.0022867957850686285,-0.001377588678991496
2026-04-03,0.002175419582095617,0.0016419745978835322,0.0016727537508599466,0.0021446404291192026
2026-04-07,0.002808311091319209,0.002808311091319209,0.00203556118118705,0.002004478458523261
2026-04-08,-0.008883508430097558,-0.008883508430097558,-0.004877580827322346,-0.003037735739576917
2026-04-09,-0.008986641527800267,-0.008986641527800267,-0.0027804448139922204,-0.004189415729091271
2026-04-10,0.0020334983537534084,0.0020334983537534084,0.00574571220205046,0.005215351160967752
2026-04-13,-0.00014438488619555884,-0.00014438488619555884,-0.0002733237556076983,-0.0003063976527008562
2026-04-14,0.008607950958255568,0.008607950958255568,0.013640689405335272,0.013613062344653797
2026-04-15,0.001192112215351738,0.001098984043787135,0.006753493606463458,0.005992279427184242
2026-04-16,-2.9459913558244966e-05,0.0017196250198507634,-0.004761752580244768,-0.0037110972204750007
2026-04-17,-0.007385887519419032,-0.008436714760329613,0.003065661971783771,0.002381583094249578
2026-04-20,-0.008931098266926072,-0.010359993213490138,-0.0011643249073783953,-0.0019317038373383355
2026-04-21,-0.0018397633736545462,-0.0020825620177110293,7.291146085238647e-05,-2.0216710712216425e-05
2026-04-22,0.0027351995436764986,0.0028534215668549277,-0.00012415452393269477,0.000530840212091673
2026-04-23,-0.021705722094856227,-0.021705722094856227,-0.011380846424624298,-0.011424590070052032
2026-04-24,0.02075638247897217,0.020705954049143147,0.015061062069057725,0.016907487637350886
2026-04-27,0.001144150246936463,0.0009860818460587307,0.0006858813075771976,0.0007892754554042861
2026-04-28,-0.000489585311972615,-0.0004532797359583337,-0.00041524016629430096,-0.00040953609053059946
2026-04-29,0.01079588329906263,0.010281734468971286,0.009699554770662379,0.009123074295312238
2026-04-30,-0.01259379639582145,-0.011922096960271737,-0.013846517380425813,-0.0132292890522826
2026-05-06,-0.01185535829608107,-0.011308959839817787,-0.011274354733510194,-0.011274354733510194
2026-05-07,-0.018418798669690987,-0.018418798669690987,-0.0169123973726729,-0.016968478318351764
2026-05-08,-0.001586576878432264,-0.0015247150027920605,-0.0034444254710517515,-0.0027120054123564562
2026-05-11,0.0032359163241238043,0.0013840318828775085,-0.005121479702448936,-0.002385309566027321
2026-05-12,-0.00022554124898495478,-0.0007863255741829823,-0.0034002637649411397,-0.0024327136427930007
2026-05-13,0.00039655351090644585,0.001943926955032248,0.007113103917730151,0.0063806135780073185
2026-05-14,-0.0010962174792882176,-0.0028427706527111335,-0.01596666462851944,-0.011264312008504583
2026-05-15,0.012820208746422689,0.012820208746422689,0.01543584297055621,0.011650037061232691
2026-05-18,-0.007699427505711096,-0.007670973620713705,0.0013797502093134,-0.006016436443433001
2026-05-19,0.0030151568089709104,0.0034851581446616892,-0.0013123631331780241,0.002073440690025391
2026-05-20,0.0008614791697256932,0.0014368705870907435,-0.002672036731834078,-0.0003709752891915531
2026-05-21,0.0022108406738933716,0.0035064043759193727,-0.010107971234424232,-0.008582681464451281
2026-05-22,0.0044249318433999376,0.0006639092579866876,0.029471255816051,0.02821352710293934
2026-05-25,0.010572756181095464,0.010599474352160201,0.0005909176664261732,0.010516675235416599
2026-05-26,0.0005891045856058386,0.0006489196620506369,2.3645458535583914e-05,0.0004343638823811794
2026-05-27,-0.0034719695069442254,-0.0038635446370722222,6.058732162272416e-05,-0.0023677167896596755
2026-05-28,-0.007892355191415736,-0.007892355191415736,0.005227636863202368,-0.003458794114418827
2026-05-29,0.006631235467148638,0.006693829490434647,-0.004105802932427561,0.00022117045389577955
2026-06-01,0.0007029022300852768,-0.0032287185122205474,0.020460471414912362,0.01727053319446614
2026-06-02,-0.0016733739255831886,-0.0017294548712620545,-0.0021160457820504214,-0.0022516292884606384
2026-06-03,0.0018035872720544614,0.0014116282273016927,0.0026833118942934968,0.0025006545941438692
2026-06-04,-0.004119180125801224,-0.0035522838874994826,-0.0046468113970440225,-0.003986786987177679
2026-06-05,0.0008470642846714772,0.0001311802403624973,-0.0038532707809966365,-0.0038697228818878196
2026-06-08,0.007444628062822142,0.004666572930145371,0.0213311424884467,0.02207407752571937
2026-06-09,0.0009866296655216423,0.0011086780271149506,0.001138988969362256,0.001364657831026065
2026-06-10,0.0015009768212355145,0.00016126757230364896,0.004096457292166135,0.0021175563343533415
2026-06-11,-0.005615213190258686,-0.005119541178013252,-0.005564155983059911,-0.006025524854323625
2026-06-12,0.012787391196308394,0.011891467562651196,0.011421228200545643,0.011719355540058691
2026-06-15,0.005998998252618215,0.005217941701946708,0.004642387787767373,0.0025877088348474652
2026-06-16,0.026237562318567935,0.02066398924866775,0.0005726860925343569,-0.012978732750405586
2026-06-17,0.0073539204460641985,0.0073539204460641985,0.006870224119789975,0.00567428973007346
2026-06-18,0.007056734265947272,0.007056734265947272,0.006825022873761119,0.00596351804007615
2026-06-22,0.013744033889145597,0.013651812909249694,0.013803051237651227,0.011301320919923903
2026-06-23,0.00040301356749428,6.794323550162379e-05,0.000775665165305417,0.00015566959982944362
2026-06-24,-0.011697522262965753,-0.008773187805263113,-0.00879447552822346,-0.001541495981741062
2026-06-25,0.009869102139373498,0.008834608518990674,0.009434772008584287,0.003216652078630721
2026-06-26,1.9062488998291188e-05,-8.745444900286993e-06,2.94488349197469e-05,4.815297575449715e-05
2026-06-29,-0.0022691779762599954,0.0017082244236080676,-0.003681096242428948,0.0043803672906833875
2026-06-30,-0.0016361160100152234,-0.0014574755041550386,-0.0019611266688585164,-0.0008705458642650375
2026-07-01,-0.005419926295931323,-0.009936341135382547,0.0069256985128420875,-0.0023847716303022374
2026-07-02,-0.000525296544921779,-0.0006967761254765768,-0.00018678501436002822,-0.000592002463901341
2026-07-03,0.012173313167068307,0.015864819812835957,0.002252973590248285,0.010934142463662162
2026-07-06,0.0032588976109521025,0.0032902253383137116,0.003321491634238111,0.0023565021007893945
2026-07-07,0.0006993763069766062,-0.0007967812864628908,-0.0023475358379828975,-0.0024051796897885135
2026-07-08,-0.00571418512337612,-0.004285124688488686,-0.004530874852432663,-0.005948760327529807
2026-07-09,-0.010367345527065815,-0.009255795849390373,-0.019090877583356248,-0.01973876209802352
2026-07-10,0.012608777512768614,0.011749466293814927,0.017466508392169896,0.017466508392169896
2026-07-13,-0.017188618598371598,-0.017188618598371598,-0.01661066447358457,-0.01661066447358457
2026-07-14,-0.039810259758943776,-0.039810259758943776,-0.0411797725210068,-0.0411797725210068
2026-07-15,0.013901586374715587,0.013901586374715587,0.01391803847560677,0.01391803847560677
2026-07-16,-0.02123288523347544,-0.02123288523347544,-0.02197217126599848,-0.02197217126599848
