,hs300,zz500,zz1000,cyb,kc50,hongli
2013-01-04,1.4027555632109174,1.5340247126612219,1.7808442614245683,1.6761453392831513,,1.5996443610886484
2013-01-07,1.3932747242516275,1.5208582618479427,1.782772722673962,1.691539523560884,,1.5990066570208465
2013-01-08,1.3834436742962193,1.513998771976135,1.7831791832627362,1.704446128563717,,1.5983693796189908
2013-01-09,1.373160721967255,1.4888447099564581,1.7795207757932068,1.676532588324109,,1.5977325286663453
2013-01-10,1.3634125431115083,1.4723274258064354,1.7777656017100623,1.6595279931597022,,1.5970961039462925
2013-01-11,1.372253723306939,1.5485071808104487,1.7839475386247035,1.6535685815820966,,1.5964601052425593
2013-01-14,1.4414487742102138,1.7073816374185617,1.8113041332751796,1.805912967844743,,1.5958245323393687
2013-01-15,1.4328926200571026,1.7031073487281156,1.8082381881356266,1.812604886982553,,1.5951893850180705
2013-01-16,1.4235955982006723,1.658815686321451,1.8002572183108454,1.7843060502937287,,1.5945546630637488
2013-01-17,1.4166173337043864,1.6385768720948946,1.7963602043658384,1.7570741746623104,,1.5939203662600163
2013-01-18,1.4209411629827515,1.6440489078996168,1.7966259599655008,1.795275337841242,,1.5932864943909975
2013-01-21,1.4119287731750645,1.6117890184874861,1.7915957350991372,1.7645898357590581,,1.5926530472403695
2013-01-22,1.4020923474737805,1.6130446716164701,1.7952821250607993,1.7836135122536474,,1.5920200245922362
2013-01-23,1.3923213327332138,1.5788150476273308,1.7901673068240358,1.7565628951226644,,1.591387426230842
2013-01-24,1.3861977442734241,1.6078595131929283,1.7985072777336557,1.7965885408781825,,1.5907552519404047
2013-01-25,1.3766904968960418,1.5726612901194073,1.7921731224048725,1.7734295518722496,,1.5901235015052348
2013-01-28,1.4208334527578876,1.6359247303701248,1.8018725315659057,1.8228911817924611,,1.5894921747109312
2013-01-29,1.4147468422872844,1.607083785989251,1.7959407480737632,1.7926467138316113,,1.5888612713397707
2013-01-30,1.405102859308243,1.5753172527162127,1.7900426897369004,1.771271407638508,,1.5882307911772673
2013-01-31,1.3941828756037873,1.548652317620109,1.78584536766866,1.746807790512683,,1.587600734008217
2013-02-01,1.408546557805762,1.5307514277327818,1.782585896583848,1.7262974999948206,,1.586971099618047
2013-02-04,1.3978482016892337,1.510429829721929,1.7811023648841378,1.7169515836544171,,1.586341887790294
2013-02-05,1.3916145220334082,1.5038715147583204,1.7800519292392505,1.707777282004623,,1.5857130983105439
2013-02-06,1.3813043324668433,1.4853230470151906,1.7776882450254954,1.6958801961970615,,1.585084730963831
2013-02-07,1.3726162350854512,1.4646004333489366,1.7755148022725413,1.6996314830359713,,1.5844567855354743
2013-02-08,1.3638182204063136,1.4758461559192266,1.7778116780630173,1.7149346452478846,,1.5838292618102878
2013-02-18,1.361956861557764,1.4574790700815676,1.7772620874579166,1.7044196737091402,,1.5832021595737933
2013-02-19,1.3717430183609274,1.489526233060344,1.7806876425338523,1.717302625201035,,1.5825754786113908
2013-02-20,1.3641300261502145,1.5409225111299099,1.7892666465089928,1.852690190090895,,1.5819492187083775
2013-02-21,1.4161388682809422,1.5812232933443278,1.79293432932085,1.8453839270538865,,1.5813233796516102
2013-02-22,1.4064711196045099,1.5490764649896558,1.787532122230216,1.8102259027497718,,1.5806979612244287
2013-02-25,1.3962051749885183,1.5395110112488115,1.7866695293660961,1.8191608361708147,,1.5800729632136268
2013-02-26,1.3960473473876849,1.5469968313032694,1.786281459026737,1.7899040439011351,,1.5794483854051153
2013-02-27,1.3917376500497445,1.5185615157346595,1.7821428783060156,1.7600086125835912,,1.5788242275847932
2013-02-28,1.4326922473483135,1.5555938604597601,1.786399567994914,1.7651936673500974,,1.5782004895393444
2013-03-01,1.4210368127241981,1.540485532195002,1.7865720249957369,1.8033143410775543,,1.5775771710532018
2013-03-04,1.518187655289029,1.6938342490434783,1.80326545138005,1.8398587343438746,,1.5769542719151974
2013-03-05,1.5491952135161648,1.7347741697541563,1.8110645023587777,1.8998889135408217,,1.576331791909474
2013-03-06,1.5406437123997287,1.714532934723354,1.8072871417694325,1.880873242219094,,1.5757097308213524
2013-03-07,1.5320635819165254,1.6911798328905037,1.803240907440782,1.9263806424157668,,1.5750880884386722
2013-03-08,1.5186970055097033,1.660795095285127,1.7975478007517147,1.8983418096407882,,1.5744668645477284
2013-03-11,1.506038746060601,1.6206293409368795,1.791403256493181,1.8651699947740474,,1.5738460589353576
2013-03-12,1.5020462127437484,1.6697863353682112,1.8024313803437706,1.9367939220369421,,1.5732256713882966
2013-03-13,1.494370182743671,1.6355426151904144,1.7958703182814837,1.89767261164401,,1.5726057016930048
2013-03-14,1.4814389960881982,1.6017433944368729,1.7903956161884755,1.8707360576311425,,1.5719861496364516
2013-03-15,1.4687774309571233,1.567634234063535,1.7854816926185009,1.851874465908326,,1.5713670150056396
2013-03-18,1.4666624864243807,1.5592301837592522,1.7842998559619863,1.8171774023998828,,1.5707482975876967
2013-03-19,1.4585058533042614,1.5316944870481073,1.7805679136732935,1.7940566963376015,,1.570129997169622
2013-03-20,1.5064412251164079,1.6033168874941242,1.7914410176380038,1.8477296253728044,,1.5695121135395784
2013-03-21,1.4931144732203394,1.5803753502296922,1.7887346877033672,1.838992261442589,,1.5688946464828264
2013-03-22,1.4799193249685836,1.5499755225492555,1.7841159300668963,1.8045560075478133,,1.5682775957878108
2013-03-25,1.4670531572429608,1.5220657890103113,1.7803638901049255,1.7713584038827985,,1.567660961241995
2013-03-26,1.4648501509376852,1.5016885965254871,1.7777952151274163,1.743123830232141,,1.5670447426331973
2013-03-27,1.452919481037459,1.4787870668986764,1.77541088114815,1.7204325275589518,,1.566428939748492
2013-03-28,1.4941147517529323,1.5806730832041704,1.7928690262697844,1.7237945305210631,,1.5658135523772425
2013-03-29,1.4808896856441405,1.54864506021431,1.787778834461018,1.6949546143742518,,1.5651985803044914
2013-04-01,1.480580738369313,1.5221893753275826,1.774073027507937,1.6882694478226887,,1.6041289566458787
2013-04-02,1.4670214831233963,1.517678521501628,1.7765179194115357,1.797516334423932,,1.585403605194921
2013-04-03,1.453613472417264,1.5017707172054142,1.7738355871771705,1.7733556707478293,,1.5673681552629966
2013-04-08,1.441619202977099,1.4810358988627934,1.7715169822797654,1.7946378579142641,,1.552111535736805
2013-04-09,1.4319841486453755,1.4730599723804143,1.7698154645403275,1.7701661093572396,,1.5371712540798323
2013-04-10,1.4197489478505094,1.4525688304407214,1.7673634388433528,1.7595814001259753,,1.5207829316429042
2013-04-11,1.4082630009730301,1.4354266459059744,1.76485945861825,1.731024476149701,,1.504233041106657
2013-04-12,1.3989349489691751,1.427393697357585,1.7639355416034053,1.7037283981382207,,1.490582938130726
2013-04-15,1.3937831804899288,1.4376180012058486,1.7651727754664472,1.691788667218154,,1.4793551521366715
2013-04-16,1.3881074417975492,1.4407802063134036,1.7654785096978132,1.6830514817420767,,1.4641993486810607
2013-04-17,1.3772478045747687,1.4333580579813399,1.7653841338919383,1.717637521085803,,1.4528691073331055
2013-04-18,1.3672748674955473,1.4173969447690027,1.7632211456726652,1.6931965848631076,,1.4398447902201879
2013-04-19,1.4056675691600167,1.4690261093301864,1.7688579207434898,1.7114401137387922,,1.5086286424362834
2013-04-22,1.3942261012021882,1.450418781432001,1.767743564171674,1.745644675558914,,1.4929079048392788
2013-04-23,1.4426076270957848,1.5373425100381741,1.7824277755488314,1.7847995425424952,,1.5310315391006049
2013-04-24,1.4496076693182973,1.574459103724407,1.7907722602712768,1.8708646830135247,,1.5346933775140337
2013-04-25,1.4428869816585765,1.5785020889234496,1.7926972288724545,1.889099561678791,,1.5226381418514316
2013-04-26,1.4341637730093983,1.5890066392164515,1.7923080501807556,1.8703670617820247,,1.5103470695134957
2013-05-02,1.4218514963623126,1.5612250574104511,1.7887803062598193,1.910222751203608,,1.4945478811839994
2013-05-03,1.4289359693142516,1.582808465018639,1.7914757532113454,1.9315284088921743,,1.4978048410437266
2013-05-06,1.4282092331194103,1.5970277806600048,1.79074627107981,1.9211733481923952,,1.4895015646801801
2013-05-07,1.4163073584521686,1.5640457220763995,1.7842083020472792,1.8844288708860373,,1.4737840178700885
2013-05-08,1.406277654262137,1.5461433370827526,1.7819078982253802,1.8999149068799337,,1.4589782551553045
2013-05-09,1.396576153214516,1.5177636526982963,1.7769903196121888,1.8733587598469397,,1.445765172437471
2013-05-10,1.3871649406710835,1.4978089550660827,1.7731852367033147,1.8407132332834037,,1.4336549043149749
2013-05-13,1.3770767268583883,1.4761130425386706,1.770321046036642,1.8126426346394948,,1.419878983971556
2013-05-14,1.3793910105759304,1.4738199035186659,1.7703116132377636,1.8158030414438067,,1.4121081636551371
2013-05-15,1.3706346677554528,1.4824399432342212,1.773613483876708,1.9218565271994228,,1.4008585146557566
2013-05-16,1.3816620427114108,1.4758632042612405,1.7704022899945853,1.888147890737397,,1.4035315101313601
2013-05-17,1.386798749471899,1.487308528604344,1.7707926775410996,1.87068656437921,,1.401449427106768
2013-05-20,1.3793521963170134,1.4857856074150146,1.7737155125339445,1.8990629209904537,,1.3944874707328567
2013-05-21,1.3691686842661286,1.487213131920016,1.774044455524997,1.8935219839249824,,1.3817977574613842
2013-05-22,1.35910432464516,1.4754166017938832,1.7748189236879535,1.9545094082716141,,1.3693512484113202
2013-05-23,1.3597131288701167,1.4627512339245858,1.771248360429985,1.9187513321729912,,1.3773931495026908
2013-05-24,1.351749208745177,1.48112619245771,1.7747441835636801,1.957586015484059,,1.3660259791825757
2013-05-27,1.3422370678860054,1.4726502446901308,1.773197088444263,1.9317798705795168,,1.3540713581223902
2013-05-28,1.3521106252020785,1.4518499938122615,1.7709607813296482,1.9689179811025255,,1.3665715248336576
2013-05-29,1.342468233414601,1.441396602094976,1.7693513702576997,1.9367873202063608,,1.3547151440216072
2013-05-30,1.3336408688521324,1.4240292086471777,1.7666443246449073,1.903094612532052,,1.3429763723761143
2013-05-31,1.3313003263561671,1.4132508823987466,1.7646314814886048,1.8669539639041668,,1.334930677026571
2013-06-03,1.3224883318322536,1.4042692222809015,1.763953957790471,1.8660309854154697,,1.324540488130842
2013-06-04,1.3260261411341085,1.4445974056822606,1.7711710785456882,1.8937908333653692,,1.3227520678024023
2013-06-05,1.3175278057661988,1.4305250857854872,1.7692591623666092,1.8725981033325487,,1.3144909842705725
2013-06-06,1.318924251663363,1.4599364461917894,1.7721869437227515,1.8489363850922242,,1.3165670657436739
2013-06-07,1.3291359153264262,1.490182062255934,1.771264631261652,1.8227067493690268,,1.3182248241026842
2013-06-13,1.3910392966708864,1.5682076439970318,1.7790476979462415,1.7906913465636902,,1.385194278483796
2013-06-14,1.3826988548381514,1.6012423801725835,1.7870339740962917,1.8925234343051465,,1.3731547980414887
2013-06-17,1.373443929136044,1.5679865295311424,1.7813112381581646,1.8570975265714889,,1.3626355697777055
2013-06-18,1.3655951181421158,1.5393114206085161,1.7763856384215317,1.8232307640335654,,1.351318717017787
2013-06-19,1.358453722969169,1.5169035108898843,1.7726265393827796,1.7930974564906126,,1.348214146191764
2013-06-20,1.4136332606357194,1.6357218644603129,1.788896800628114,1.8757950132821601,,1.408562379575565
2013-06-21,1.4021998315418465,1.6004896828926813,1.7829571020382027,1.840906310934704,,1.3956800725202372
2013-06-24,1.609481069858038,2.018468162761363,1.84735539491278,2.0446707451732964,,1.6332024013467297
2013-06-25,1.5923228639624496,1.9488905429395906,1.8317720156318247,2.030124472507529,,1.613847384432747
2013-06-26,1.5750884849789197,1.935366076996429,1.8325185437914284,2.2196030354768626,,1.5980905978328013
2013-06-27,1.5587607227778657,1.9044627429375462,1.8282679168641476,2.2008654165594077,,1.5795591599589198
2013-06-28,1.561241183922419,1.8445780961215799,1.8158304793003976,2.156539622820043,,1.5987565469571763
2013-07-01,1.419617428804025,1.780228047625944,1.7878752009709715,2.2981800867809206,,1.5056777494807505
2013-07-02,1.4150772497023423,1.7554433712265576,1.7836050460322574,2.282156126198259,,1.4944808745742082
2013-07-03,1.4114635468218226,1.7087024437820153,1.773702490762898,2.2521654683056056,,1.487114248295799
2013-07-04,1.4080974753719553,1.6733170424340407,1.765795227922409,2.2215992977758687,,1.4774039521391344
2013-07-05,1.4035559837563525,1.6386311504708544,1.7611893532604317,2.2281913844781154,,1.4670247708139863
2013-07-08,1.4143578274888204,1.7619765239685086,1.778695157664043,2.218644058615981,,1.4815390436163678
2013-07-09,1.4095707202525989,1.7222363965583147,1.7721508985031604,2.204606867819497,,1.4717008289390463
2013-07-10,1.4208206190048038,1.7789047769065973,1.7778211430375612,2.1739375483379373,,1.4831734391128577
2013-07-11,1.457815305991413,1.8010519347890492,1.775878134296336,2.132656306939708,,1.5950018085789643
2013-07-12,1.460565568385468,1.761078472194814,1.7674493532888098,2.100611818942032,,1.6042582419580997
2013-07-15,1.4585688111966133,1.7582008847043213,1.7719482172530585,2.176274273524606,,1.5960099373846124
2013-07-16,1.4534158117208265,1.7243821728421895,1.765581259121818,2.12710062112442,,1.5832947886947262
2013-07-17,1.4519992229704355,1.7049980497499377,1.7634284822208388,2.0929143725194606,,1.577708331492387
2013-07-18,1.4515690679320867,1.6632380328616705,1.7571472106852755,2.0477100774162733,,1.5784717376691328
2013-07-19,1.457318891099003,1.6924464744802563,1.7597236870499997,2.01432513289144,,1.5831606381565535
2013-07-22,1.452227148060288,1.7015162733086615,1.7655119167354942,2.0768545969492904,,1.5705725774906873
2013-07-23,1.4628617570900015,1.717457063095362,1.7683981525403676,2.062433770170955,,1.580264094768169
2013-07-24,1.4579778196047792,1.6768207785466531,1.7625329678429298,2.050415032747413,,1.5699278629153837
2013-07-25,1.4528121290221183,1.6785180619674547,1.7674850015105052,2.1818931050077057,,1.557747713544001
2013-07-26,1.4479465563925302,1.639442213848866,1.7606468457320823,2.141416522914366,,1.5462505384703993
2013-07-29,1.4512088111677832,1.6450401045244218,1.7604202507456406,2.1239853721085105,,1.552486388311568
2013-07-30,1.446420686692184,1.6104998921655636,1.754807758205013,2.085470056588495,,1.54508361106334
2013-07-31,1.4410918676919988,1.582796807098432,1.750496134161104,2.048675088835757,,1.5330711594709572
2013-08-01,1.4469067977693977,1.6314889854479546,1.7658817397384086,2.2031248307089477,,1.5381511108542953
2013-08-02,1.4415322569026319,1.5977392352833277,1.7590948809056974,2.1548057122625868,,1.5263801808919404
2013-08-05,1.4400181789707436,1.5986339702712837,1.7580661594893583,2.1182168931166214,,1.518647307786096
2013-08-06,1.4357253643025696,1.5790580222370385,1.7543927892865916,2.07531159849355,,1.5074056687240778
2013-08-07,1.4310597860511187,1.5621524348476723,1.7531645510479263,2.1091417456914936,,1.4975734900160518
2013-08-08,1.4259879638432564,1.536596845937558,1.7492697910156956,2.0735807143911913,,1.4872121738327253
2013-08-09,1.421327932194488,1.5139673914209093,1.7454448616996419,2.0418155052708733,,1.4765649140346844
2013-08-12,1.43321844927075,1.5223483311012553,1.7435513170007622,2.0049344221658347,,1.5150854578093351
2013-08-13,1.4282825728535018,1.502134577068905,1.7416959941225103,1.972363930099205,,1.5056371070461034
2013-08-14,1.4235167792629038,1.4837848129585467,1.739262639951464,1.9366624054771755,,1.495056199962611
2013-08-15,1.421100807882307,1.486542501552167,1.7393549238465027,1.9125305648458761,,1.4868358129053678
2013-08-16,1.4172404035982826,1.5174016021809538,1.747442040241836,1.9535793308241347,,1.4760506758833194
2013-08-19,1.4151879125746911,1.5293205042510645,1.757095595969834,2.0372914087584726,,1.4699512073159349
2013-08-20,1.4115247697277886,1.5073306446134398,1.7518843116859022,1.9948306343492495,,1.4601138993312754
2013-08-21,1.4068307961389956,1.4942736300709025,1.7481336656233821,1.95610567620394,,1.4501538240972351
2013-08-22,1.4022435030044456,1.475339921086498,1.7447564266404518,1.9328374319001331,,1.4403515670411415
2013-08-23,1.3986831071702241,1.4586203172590764,1.7417432319494848,1.9246440253143806,,1.4344514078130841
2013-08-26,1.403222529287057,1.4981780016769453,1.7467130642629574,1.90445313700883,,1.444044143450878
2013-08-27,1.398803823747454,1.4835320122433722,1.7444036488666241,1.87593468745946,,1.434290975532181
2013-08-28,1.3948370350232515,1.4728374384752616,1.7442260619918972,1.8756165817293733,,1.4252964836090822
2013-08-29,1.3907365503948053,1.4557294605829065,1.7413579424009458,1.841139448611549,,1.416023197624641
2013-08-30,1.3864578718605154,1.4524934560732836,1.745589077060012,1.913857063460449,,1.4066746517861974
2013-09-02,1.3823888048478932,1.445361622972004,1.7445146840384238,1.9296091702275082,,1.398066374784299
2013-09-03,1.3827135423484311,1.45811419623734,1.7467285841664653,1.9235462222613267,,1.3983966140966435
2013-09-04,1.3785608080598575,1.4431766553803744,1.743359736750755,1.8866448254896362,,1.3894629967083452
2013-09-05,1.3747182518878045,1.4299071599692854,1.741258155528017,1.9091255491907717,,1.3807579397751517
2013-09-06,1.3716988829228391,1.4260044320088243,1.7395408951183107,1.8825813174352988,,1.3773796804337584
2013-09-09,1.3928053930584896,1.4269155407845855,1.7376927597894791,1.8515611890868242,,1.4767502978532052
2013-09-10,1.392784702191507,1.427032648110128,1.736215037284036,1.8265509903673245,,1.4746255094424305
2013-09-11,1.3886830900446734,1.4277034050526547,1.7397090073701238,1.8990057781658154,,1.4640865590485075
2013-09-12,1.3864567785582145,1.4173544320271243,1.7376414007159127,1.8640022804055778,,1.4651315351198853
2013-09-13,1.383170728589381,1.40677260896319,1.7370921123438376,1.897878408155762,,1.463382412745072
2013-09-16,1.3793120665133445,1.3974242740654883,1.7363165146917843,1.89254442523505,,1.4537893528393795
2013-09-17,1.3834747861791796,1.4284643263554613,1.7387531311933906,1.864908442217936,,1.4625545302321246
2013-09-18,1.3793701540163277,1.4309845546187538,1.7390359434340044,1.8569730580684123,,1.4522730100841257
2013-09-23,1.3807860442605595,1.4681086375316712,1.7445337922998259,1.891853615551615,,1.4463622500311473
2013-09-24,1.3790408166733874,1.4515314301682432,1.7415763239695168,1.8565801984073822,,1.4497931965477553
2013-09-25,1.3756481535495495,1.4384280643095806,1.739606844699755,1.824779416103047,,1.4415300101062323
2013-09-26,1.378200117231017,1.4773344318324588,1.7418727316882583,1.8076878481080625,,1.444189682651082
2013-09-27,1.3745003968323326,1.4631459687548423,1.7398446820381213,1.7968227053315813,,1.4353686974764166
2013-09-30,1.3712581901710021,1.4682515696958836,1.7433848773767817,1.8666420994110335,,1.4262365230298955
2013-10-08,1.354519942193953,1.4578934314486647,1.715846666301061,1.8588645399438948,,1.4296201689306252
2013-10-09,1.3475987621822128,1.4480170354810664,1.7166750209885269,1.859063083003415,,1.420572826348801
2013-10-10,1.3441870517851446,1.4289754151367176,1.7157655609568414,1.8979085582620057,,1.4234799093897146
2013-10-11,1.349159840080034,1.458201135957964,1.7149425149999324,1.867715133885413,,1.4326153587540102
2013-10-14,1.3413796261961852,1.446173451932245,1.714129624003779,1.8454923391426301,,1.4224249844432215
2013-10-15,1.3338798137362888,1.421233304704821,1.7112363768005165,1.817836052978094,,1.4134518510253242
2013-10-16,1.3430366150083086,1.5247360668129981,1.72864312395177,1.920045062911337,,1.41389496041203
2013-10-17,1.3358069098787237,1.4891394704211858,1.7231774675350238,1.891197611375475,,1.4041515527595936
2013-10-18,1.3298060058281456,1.4604494878859309,1.7196361041516102,1.8962598618037212,,1.3951474741761256
2013-10-21,1.3398526865613396,1.5339402631677441,1.7303131327365753,1.969028449024208,,1.3965892916458051
2013-10-22,1.3370828278812292,1.5204677139515692,1.7281910846825532,2.056836478549894,,1.3908134407438717
2013-10-23,1.3354825684184846,1.5833771506965773,1.735162068459623,2.072450427147264,,1.3826596120495245
2013-10-24,1.330615112230735,1.5441524690773216,1.7290848262821472,2.0416871139679356,,1.3774502254811016
2013-10-25,1.3317435888956517,1.5647086287890708,1.7298275854088643,2.035851705887938,,1.3700743789584156
2013-10-28,1.3244956357758686,1.5246384067342864,1.724051821817107,2.006073682581809,,1.3612132954443945
2013-10-29,1.317858864971389,1.6072971702918408,1.7334546035572167,1.9874708003537833,,1.3585902105946603
2013-10-30,1.3223277362572785,1.6120597091504703,1.7333298469810703,1.960940034341225,,1.3577205372605492
2013-10-31,1.324626034981756,1.597609974120623,1.732344289513812,2.0020995162461075,,1.3577973183269294
2013-11-01,1.3187708499207096,1.5533252548576613,1.726873896435337,1.9731946430791307,,1.3526404706824107
2013-11-04,1.3121133253999784,1.5223688027928812,1.7226174465151212,1.9393199464422564,,1.344614909035167
2013-11-05,1.305701916593299,1.513997464197189,1.723804195921547,1.9804614465505523,,1.3365038117350931
2013-11-06,1.3070886969079947,1.5014697063441922,1.721119389805552,1.9701481902994253,,1.3351638972180728
2013-11-07,1.302181071918542,1.4979506238186697,1.7203056635292109,1.9506400842031608,,1.327089066247939
2013-11-08,1.3053973951659767,1.4986085623734025,1.7198191165514984,1.925146525938027,,1.3262034412726724
2013-11-11,1.2997598949771358,1.4712918890372775,1.7170155622375283,1.893333983371656,,1.3186591250427588
2013-11-12,1.2993208447240907,1.4574657326220024,1.714804585498137,1.875435742201434,,1.3160191975467475
2013-11-13,1.3170085446941298,1.493215141834872,1.7187485903956872,1.8632419905460746,,1.342197900559311
2013-11-14,1.3128788630457955,1.4969253855359064,1.7216833832709586,1.9173638229959427,,1.3339747423040722
2013-11-15,1.326478629385772,1.5316981707404735,1.7239272540057005,1.8985991925415189,,1.3411528454700554
2013-11-18,1.3732403167773206,1.581339414280517,1.7281808921052484,1.8881848019427556,,1.4058968480890845
2013-11-19,1.3663995446739667,1.5388858314571827,1.7230032079949829,1.8586490641412174,,1.399042861296063
2013-11-20,1.359195329483505,1.5170634060786503,1.719951653248636,1.8291609886330822,,1.390125196812259
2013-11-21,1.3525209961493845,1.4850961569704497,1.7160927387662521,1.8008819275169834,,1.3813834088676773
2013-11-22,1.345547992106415,1.4600645593515875,1.7128954836252446,1.7746538147263726,,1.3727029834936255
2013-11-25,1.338392101158508,1.4331423752593124,1.7102099840862375,1.7486417901198896,,1.3656910031475191
2013-11-26,1.3308509366315324,1.410371102554987,1.708244516340238,1.7238700146736772,,1.3569719929323354
2013-11-27,1.3300586830237853,1.4131180878657796,1.7110513498438116,1.7747163269737223,,1.35292202824408
2013-11-28,1.3283218170790598,1.403315728379593,1.7091595159699364,1.7492270848998273,,1.3476199172150487
2013-11-29,1.3211608124690193,1.389683233560172,1.7099013070559383,1.766483568128431,,1.3392963613960702
2013-12-02,1.3174565176233162,1.694844152414682,1.7893140675012165,2.2945983536504313,,1.336268455698193
2013-12-03,1.3157082392930124,1.7397964737712122,1.7824786160358268,2.2528917070791254,,1.3286138332963096
2013-12-04,1.3179614478067514,1.721473623036621,1.7683944030254892,2.2193417417126216,,1.3246252530116307
2013-12-05,1.311516371434597,1.6618061353362552,1.7568003490957806,2.240095495113442,,1.317176921125305
2013-12-06,1.3069328322270488,1.6096025188500407,1.746231705609816,2.198937117466823,,1.3110444896540885
2013-12-09,1.3006058789989572,1.5720792471210205,1.7418953394901613,2.2135141033198447,,1.3037533707477713
2013-12-10,1.2945894221239866,1.5303270283208257,1.7340210811296068,2.1786791622205377,,1.2966085192797083
2013-12-11,1.3019894934252998,1.5140308548195556,1.7282353724877415,2.145131037279648,,1.305205693061449
2013-12-12,1.295897480611874,1.4817031366656426,1.7247858180625064,2.157095118160258,,1.2983426194776297
2013-12-13,1.2900653281129413,1.452534520344556,1.720005145824577,2.1171852896988588,,1.292120697044594
2013-12-16,1.2969920440188554,1.47759515143922,1.7199040884420735,2.077910109634626,,1.2889712120081995
2013-12-17,1.2921665703208622,1.4525370647968394,1.7164123573934729,2.0476434010212565,,1.2834649838162955
2013-12-18,1.286423515833691,1.4266440401818772,1.71305748677554,2.016725981844513,,1.276601626965902
2013-12-19,1.2862390603919167,1.4221660750526806,1.711644645579369,1.9811305322398338,,1.2732261341262765
2013-12-20,1.307308011078846,1.4253879011888084,1.7110662961328973,1.9472593244626986,,1.28284946928571
2013-12-23,1.3013870505519969,1.4032110128192925,1.7088131006224843,1.9206606410961355,,1.2760315636996757
2013-12-24,1.2954316922604903,1.3929294554744318,1.709180198297575,1.9032310936044268,,1.2701836319694293
2013-12-25,1.29241373433921,1.393621398761249,1.712626413180504,1.9119242799763947,,1.2657032801457178
2013-12-26,1.3010695087354478,1.4312583013980007,1.7176335663238458,1.9037310568208523,,1.2793103106704555
2013-12-27,1.3092093908336657,1.455196684204382,1.7221093169866526,1.9067355119319331,,1.2860390799190795
2013-12-30,1.3028924988175363,1.4298163212836363,1.7183876747481803,1.8815039093626094,,1.2798068920535304
2013-12-31,1.3057266744681053,1.4099006000367562,1.7147264805578546,1.8523955236885792,,1.2768685423937878
2014-01-02,1.2770322786542203,1.3873017369859482,1.6882147894268,1.8954929310413622,,1.2442702371833427
2014-01-03,1.2798202662530858,1.3823694951082033,1.685794384994806,1.8833599376004049,,1.245495946085361
2014-01-06,1.2996829256260518,1.4710680614565343,1.695121015678611,1.8931104846658093,,1.2655135739108527
2014-01-07,1.292329771267572,1.4539976873912186,1.6942034775692993,1.9040754610068915,,1.2586738107360105
2014-01-08,1.2855848075912109,1.4301755599297126,1.6922350899505463,1.9616804009125441,,1.2523735351007756
2014-01-09,1.282638235877587,1.4269959902460987,1.6937162392654868,1.9626324305482907,,1.2514524630546966
2014-01-10,1.2791567239490054,1.4489802320917724,1.694495009641661,1.9572212473813233,,1.2492837447185654
2014-01-13,1.27409569067918,1.4271013260012877,1.690931082797653,1.9375756287942991,,1.2429894179686174
2014-01-14,1.2723246931946597,1.465098525993,1.6971058932090302,1.957319502066275,,1.2458889245167684
2014-01-15,1.2665169280473738,1.4442128179322005,1.694390393588803,1.9370056736031152,,1.2396672406022786
2014-01-16,1.2610680335564068,1.4218511260275688,1.6909535254200647,1.926911323175569,,1.2341421335522542
2014-01-17,1.2671335583565229,1.4203785115984393,1.68920650448969,1.9039443027098852,,1.232534498049078
2014-01-20,1.2631363813080552,1.4071968965863693,1.6871001955978293,1.897283392490795,,1.22755715705824
2014-01-21,1.2631358228327476,1.4267692211773104,1.689511546115445,1.9160483948089029,,1.2269592310658086
2014-01-22,1.2933292865762183,1.5009567720600654,1.6937794252174474,1.9070965121633814,,1.2485280141440247
2014-01-23,1.2874336062773812,1.4750372800747904,1.6913740771524761,1.9065094067841692,,1.2424958101214578
2014-01-24,1.282871303894331,1.4784752418486637,1.6916239090841776,1.8954094033716347,,1.239835331766842
2014-01-27,1.2849168945614173,1.4513454909078838,1.6887701345796242,1.8752665955489636,,1.2369062031476148
2014-01-28,1.2785422108144076,1.4281811218637546,1.6862721972541757,1.8545564470194644,,1.2316059969148427
2014-01-29,1.2731082554446704,1.4201270660746215,1.6872816409630544,1.8519379993093759,,1.2310639505384775
2014-01-30,1.2734504575558045,1.406220964397115,1.6852175586943707,1.8311679218001369,,1.2282933447297189
2014-02-07,1.2686702604407223,1.4415647398833582,1.6914958592522145,1.8475037357525557,,1.2282737738066833
2014-02-10,1.2959164732824204,1.5319969208483744,1.6982993832779942,1.834640997258789,,1.2625404216171152
2014-02-11,1.2925141848402844,1.4978231701769962,1.694179980859483,1.834082882216711,,1.2586897079013823
2014-02-12,1.2859728459104884,1.48528941036575,1.6934478213089104,1.8194969118775324,,1.2539523530217438
2014-02-13,1.2805026101167394,1.488993470514286,1.6976659283940616,1.8794024677742893,,1.249628833394517
2014-02-14,1.2769269079402419,1.5063001625331196,1.701486827619638,1.890760891071457,,1.249351072330067
2014-02-17,1.2736339046829863,1.5202560432861252,1.7047056284235547,1.9101370056423193,,1.253052301540781
2014-02-18,1.2754180639625088,1.488199446974973,1.6994726013647294,1.8945217665407992,,1.2465856872460124
2014-02-19,1.2764245962874121,1.459713901777182,1.6950836471004385,1.872344408969517,,1.24259089864889
2014-02-20,1.2742573149710177,1.4614111799328025,1.695881581063273,1.8721745355861195,,1.236713795852476
2014-02-21,1.2733320616927302,1.440566822006364,1.6920908785472655,1.8518657594894299,,1.2379522938598744
2014-02-24,1.2918264275458342,1.4198781641662528,1.6897162160289845,1.8413588433036776,,1.239635048367083
2014-02-25,1.31780920840456,1.5646434976469377,1.7170880659214316,1.939957639745445,,1.2718216339173531
2014-02-26,1.3098428478522748,1.5370654383727873,1.711462218634484,1.9165582451915673,,1.2661998690307807
2014-02-27,1.3027384551586487,1.5261956131313243,1.7104095337961656,1.963135795352741,,1.2595203149360326
2014-02-28,1.30233469851508,1.5107611363518356,1.706314032663149,1.95600107169078,,1.256092937619283
2014-03-03,1.2964933471706277,1.5355356523323642,1.7090762282588146,1.9547264034348288,,1.2586297064324865
2014-03-04,1.2895987675502767,1.5010021826202837,1.7031053956643536,1.9323005867603142,,1.2533520880935907
2014-03-05,1.2869294633907395,1.4744340956599182,1.6981195145845078,1.909616615847655,,1.2489770771049826
2014-03-06,1.281384284363419,1.4477937026250358,1.6939541264277636,1.887176714978685,,1.2425628191772993
2014-03-07,1.2752152624131707,1.4277702103673897,1.6905690434668588,1.8652937913152676,,1.237026131097544
2014-03-10,1.32212716584292,1.5957072653932847,1.7112514665737102,1.9230319872340131,,1.2970841949652219
2014-03-11,1.3149298145979955,1.5552315673754997,1.7049237141091362,1.9014945566760708,,1.2895628822718948
2014-03-12,1.3072260256843677,1.5181359856481982,1.699874250740188,1.8796992653517552,,1.2838819114511222
2014-03-13,1.3077160188567896,1.5020566559958293,1.6989705031801852,1.900016454532077,,1.2910851716151874
2014-03-14,1.302946650962815,1.4752617928202962,1.6947934706868217,1.8787505149570116,,1.2841052170686933
2014-03-17,1.3002643065142436,1.5069088203872887,1.7014648851508178,1.9116849980982775,,1.287871120388607
2014-03-18,1.293052477290603,1.4788255361454428,1.697103771848309,1.889561908513481,,1.2820229825103309
2014-03-19,1.2891395847729132,1.4522389286868533,1.6931078675116151,1.878460460667201,,1.2755022557377311
2014-03-20,1.295039444617284,1.5196909649088477,1.7028021731643614,1.9173654362966244,,1.2882162176773448
2014-03-21,1.34781478401291,1.5484461864343828,1.702751141022427,1.8956291277006225,,1.3091696847384482
2014-03-24,1.3419072619739187,1.5197125140533425,1.6978231624390578,1.8886361140727739,,1.3051582533328672
2014-03-25,1.3323708344895624,1.4872649870687364,1.6937064799847321,1.866636691479439,,1.2975565188064178
2014-03-26,1.3233869103255602,1.459945543709871,1.690831979939482,1.8615496991484979,,1.2901144227863324
2014-03-27,1.3170771142707365,1.4636053858537572,1.6948958387341593,1.9188902492461546,,1.2904369024309963
2014-03-28,1.3089208051021077,1.487388463120817,1.70228121040618,1.9309133757997785,,1.287211685913901
2014-03-31,1.3013520348820609,1.4623259498496959,1.6980184824845985,1.9077202352041882,,1.2798146897003833
2014-04-01,1.285541052949697,1.4750652908468316,1.87984040378916,1.933648916686888,,1.2815299488979413
2014-04-02,1.2834027977155706,1.4633680894312862,1.8798737823072778,1.9376423164533547,,1.2783580184053749
2014-04-03,1.2803910516329,1.4523335700952629,1.879906929634426,1.9193098091896503,,1.277963345874536
2014-04-04,1.2791164992637223,1.4493517175001107,1.8799398473839521,1.9129153744427505,,1.2736710041358337
2014-04-08,1.2933567356872262,1.4451705924183507,1.87997253713998,1.8953899186719374,,1.2779232419431565
2014-04-09,1.2887117595480517,1.4395408251471267,1.8800050004936197,1.8874689041706396,,1.2724836014717575
2014-04-10,1.292377224240447,1.430881551071262,1.880037239008734,1.8724984270838718,,1.273306134829361
2014-04-11,1.2877369583988132,1.4225380850421794,1.8800692542517552,1.8643344740856238,,1.266966214182258
2014-04-14,1.2831909947886349,1.4172786542158977,1.880101047772839,1.8505043441029256,,1.261395169844491
2014-04-15,1.2877140229714907,1.411834378710323,1.8801326211086065,1.834729020639495,,1.2687067202875149
2014-04-16,1.2832584824704902,1.403239977170859,1.8801639757885407,1.821946735026978,,1.262472684526678
2014-04-17,1.2790995545654942,1.3951311368704808,1.8801951133309485,1.8087416980039264,,1.2565697117968828
2014-04-18,1.274755055176409,1.388297488376328,1.8802260352441633,1.7959022587583662,,1.2505887360964472
2014-04-21,1.2789855095723917,1.3963791807235515,1.8802567430328636,1.7868306274799766,,1.257715547671916
2014-04-22,1.275358062680828,1.3892422280172256,1.8802872381675475,1.7920220894483085,,1.251732113408695
2014-04-23,1.2711083456980872,1.3827896953143717,1.8803175221289312,1.7791391512659473,,1.2469611542389878
2014-04-24,1.2670215702305636,1.3828435097965013,1.8803475963883853,1.766030969580386,,1.24139728761135
2014-04-25,1.2661187463768027,1.40208594866053,1.8803774624101768,1.774053078678709,,1.2450459256366915
2014-04-28,1.2690853744560604,1.444371317160969,1.8804071216515765,1.7926894067979533,,1.2538625569839008
2014-04-29,1.2691452766248539,1.4511687941100548,1.8804365754928334,1.7825457551907458,,1.254276826656768
2014-04-30,1.2650475472758487,1.4431859404190202,1.880465825383721,1.7761777912473704,,1.2495466034522293
2014-05-05,1.2610476816386151,1.4371302780800452,1.8804948727469148,1.7715462464503309,,1.2439516503262167
2014-05-06,1.2571569655577308,1.428695985758816,1.8805237189841257,1.7626843781365709,,1.2385019685814083
2014-05-07,1.2558650831700007,1.4384690354588443,1.880552365504116,1.7724502708335992,,1.2391980826267344
2014-05-08,1.2520832500214505,1.4289118700340484,1.8805808136702267,1.7604764986161945,,1.2335853120548903
2014-05-09,1.2483896804800954,1.425429116171034,1.880609064875374,1.7601461501124727,,1.2289118934331975
2014-05-12,1.2606113922659161,1.4592217282106272,1.8806371204957528,1.7610995830115255,,1.2557943654356751
2014-05-13,1.25681801854117,1.448816258182448,1.880664981855676,1.7477425514318483,,1.249916114684068
2014-05-14,1.2530226962027127,1.4384062850880976,1.8806926503213524,1.7344876077728302,,1.2441592932862804
2014-05-15,1.2544484338589634,1.4488421938016895,1.880720127244663,1.7416717330478644,,1.2478748884022708
2014-05-16,1.2507463479938248,1.4384174540525596,1.8807474139278901,1.7502827019045535,,1.2422290054250114
2014-05-19,1.2533777371977315,1.4302404593826636,1.8807745117040358,1.7372877330500545,,1.2408435358839025
2014-05-20,1.2496649560744955,1.4214204658013543,1.8808014218843616,1.7330562345867395,,1.235198304786308
2014-05-21,1.2492683061883814,1.4167732696007236,1.880828145771012,1.724698068389263,,1.233659743275722
2014-05-22,1.2457542557113794,1.4079549046703561,1.880854684652251,1.7156042787333823,,1.2287158301745629
2014-05-23,1.2446743604389907,1.4069754577477867,1.8808810398193292,1.724339543694434,,1.2253467394780062
2014-05-26,1.2416845473180005,1.4051468316009057,1.8809072125417083,1.7275016536976506,,1.2238964471760831
2014-05-27,1.238660482894647,1.3973861422107308,1.880933204079618,1.722950822350362,,1.2189975353195017
2014-05-28,1.2390660635772883,1.3979317586670543,1.88095901570164,1.7451828158325173,,1.215983272542646
2014-05-29,1.236890979121672,1.3971686303849176,1.8809846486468185,1.7538723651782369,,1.2142919906632805
2014-05-30,1.2336002441363072,1.389796298611131,1.8810101041501714,1.741237272577107,,1.2092258695021278
2014-06-03,1.2305768721786556,1.3824656681215632,1.8810353834478726,1.7279973392154877,,1.2045453378895123
2014-06-04,1.2304806293757597,1.379735168497837,1.8810604877637518,1.7151812662330543,,1.2045152262436847
2014-06-05,1.2312441424350513,1.3818074749000158,1.8810854183158685,1.7365513655006937,,1.2036068691616852
2014-06-06,1.2296311440226169,1.37575759274815,1.8811101762965894,1.725188871090924,,1.200194385076116
2014-06-09,1.226486176534104,1.3705522688001852,1.8811347629111732,1.728407230870257,,1.1957824142120486
2014-06-10,1.2291081003952908,1.3727359998973796,1.8811591793512448,1.7404518854190731,,1.1988906305120062
2014-06-11,1.2259770348628138,1.3672204037327786,1.8811834267863314,1.7308087277031725,,1.1948339301473765
2014-06-12,1.2232119143281086,1.3611678873032997,1.8812075063929568,1.7184837479588564,,1.1911241293000305
2014-06-13,1.2242811495179848,1.3629288353716191,1.881231419341052,1.7162988600292493,,1.194555181758581
2014-06-16,1.2232267516638313,1.3587541390702267,1.8812551667772919,1.707216188881819,,1.195102494791655
2014-06-17,1.223334634917039,1.358261777654594,1.8812787498552268,1.7051479016790916,,1.193436133843056
2014-06-18,1.2208631298388257,1.3537579828739346,1.881302169710496,1.6970499626414366,,1.1927555011330229
2014-06-19,1.22543229500332,1.3902038544820408,1.8813254275066253,1.7365085314915718,,1.2071870217742966
2014-06-20,1.2232211872481078,1.3900133713667286,1.8813485243135806,1.7315545716547316,,1.205546056968513
2014-06-23,1.2202524465192064,1.3852508214929455,1.8813714612690347,1.7387225964404076,,1.2006663438354948
2014-06-24,1.2183356856060055,1.3801428391962356,1.8813942394791274,1.7264864484770557,,1.1970890100757434
2014-06-25,1.216262498800867,1.3759531681583692,1.881416860047793,1.7173624672938368,,1.1928373502213483
2014-06-26,1.215480054794121,1.3800273214599155,1.8814393240787826,1.7276749938026588,,1.1927950924281008
2014-06-27,1.212720504891779,1.3756691303756199,1.8814616326378162,1.7147658299202042,,1.189384906550867
2014-06-30,1.2118162883188885,1.373859753239746,1.8814837868150731,1.7088969811729953,,1.1887159846013218
2014-07-01,1.1188622880552332,1.3417097659669726,1.8114495464219031,1.658727331336368,,1.1500513816850895
2014-07-02,1.1146163304785572,1.3349762041555997,1.8114495918113354,1.645862083601693,,1.1497735897316042
2014-07-03,1.1113569733182878,1.335913078463717,1.8114496364541315,1.6319539578702429,,1.1480207611186208
2014-07-04,1.1065912955419996,1.3265931434063607,1.8114496803421336,1.6234194088248304,,1.1428984266250473
2014-07-07,1.1020334592528995,1.3167978534632945,1.8114497235034122,1.6210624487911955,,1.137209501656326
2014-07-08,1.0979793939119649,1.3122573498221288,1.8114497659798294,1.6185741559599143,,1.1334284323352493
2014-07-09,1.1092811490825363,1.3317460819019384,1.8114498078235919,1.6333439584905185,,1.1429271544137156
2014-07-10,1.1050382572222868,1.320437719178796,1.8114498488737314,1.6332577731984859,,1.1374254207598269
2014-07-11,1.1010596910289978,1.3298041462080004,1.811449889258243,1.620247499473087,,1.133088655386383
2014-07-14,1.1066204834995548,1.346446780058855,1.8114499290080637,1.6090880979131656,,1.147054788587568
2014-07-15,1.1022724245274136,1.3333919756730233,1.8114499680729474,1.6238144281488731,,1.141524206855931
2014-07-16,1.0980105509050886,1.329455171716736,1.8114500065326593,1.6280290356203546,,1.137105874841697
2014-07-17,1.0965357371711815,1.3248694857897974,1.8114500442940829,1.6155954696612882,,1.1336068217337345
2014-07-18,1.0932884557662033,1.315705436618246,1.8114500814284453,1.6047752199099714,,1.129115019241224
2014-07-21,1.089297980144734,1.3074437244014756,1.8114501179502358,1.5922297180721765,,1.1243280597621454
2014-07-22,1.09746954648525,1.3233560881792705,1.811450153941442,1.5987763084152165,,1.1410718626701493
2014-07-23,1.0937547504174099,1.3199753339997706,1.811450189348499,1.645279661991518,,1.1354350353912055
2014-07-24,1.1149469151035156,1.3098706772889988,1.8114502240966333,1.6461244823326426,,1.1397863755687083
2014-07-25,1.1189866626059637,1.3117152890501236,1.8114502582838725,1.641281257061311,,1.1434041564532402
2014-07-28,1.1737482708435534,1.3496098743872413,1.8114502919777562,1.6565925615437262,,1.1703065465047833
2014-07-29,1.1677463008737634,1.345244932780123,1.8114503250552467,1.649830856920583,,1.171043188281133
2014-07-30,1.1619929844097099,1.3324604692374735,1.8114503575599588,1.6385996031557384,,1.165559937115368
2014-07-31,1.1667995048078144,1.3343158882896056,1.8114503895144358,1.6248961351782536,,1.1677819931005669
2014-08-01,1.1653750215183751,1.3406941535148407,1.8114504209883169,1.626205893865133,,1.1648412671566464
2014-08-04,1.1880013707015544,1.3670795316325735,1.8114504519599048,1.6137151125253104,,1.1769070852243153
2014-08-05,1.180938229885328,1.3537740496761275,1.8114504823693323,1.6348261897806957,,1.1702449770214078
2014-08-06,1.174118846683658,1.3452588931537266,1.8114505122538098,1.621335120250789,,1.1644656503348578
2014-08-07,1.18299087588428,1.333292322123301,1.8114505416573696,1.6091404244410885,,1.1683310414673003
2014-08-08,1.1759789499783855,1.3285065001795293,1.8114505705925055,1.6045998171798945,,1.162340868092507
2014-08-11,1.185157873311298,1.3504022138749006,1.8114505990905134,1.6040210423229322,,1.1773611420456611
2014-08-12,1.1785352595930412,1.3393001119020596,1.8114506270493618,1.5920396523994644,,1.1707865669563782
2014-08-13,1.1715115398521676,1.3270238965133527,1.8114506545341076,1.5858908874437905,,1.1646628183326968
2014-08-14,1.1710606966122188,1.3216694455096358,1.811450681567694,1.5745269264140969,,1.1621494982195582
2014-08-15,1.1727655151192589,1.3307255725447893,1.8114507081953097,1.5679445728396117,,1.159803274732355
2014-08-18,1.1686854419263446,1.3415410318916603,1.8114507344297646,1.5992315176858947,,1.1578401197575334
2014-08-19,1.1619232717218504,1.3296260515691107,1.811450760139201,1.5873002217289658,,1.1517202570634457
2014-08-20,1.1561833398342871,1.31842871633935,1.8114507854223774,1.5791206065302348,,1.1478535101763423
2014-08-21,1.151474294347486,1.3085120156152181,1.8114508102879057,1.5815774484442435,,1.1464397249054352
2014-08-22,1.1471625251191555,1.3045539079670687,1.8114508347643161,1.573976115990186,,1.1420766076509827
2014-08-25,1.1473663369122358,1.3049610737589357,1.8114508588331917,1.5756799206085004,,1.1393423217456717
2014-08-26,1.1457350364902616,1.3365098318812274,1.8114508826183617,1.5987050049048206,,1.1396657837931297
2014-08-27,1.1399935022556928,1.3270912818570235,1.811450905891338,1.590646928456771,,1.1341405131322917
2014-08-28,1.1375416299846142,1.3274534249031584,1.8114509287909188,1.5903317159753232,,1.1346957002731615
2014-08-29,1.142551901780786,1.3335940640568567,1.8114509513364616,1.594011669135778,,1.14115523809129
2014-09-01,1.1410152160264229,1.3619197107769476,1.8114509735694029,1.6043658725848822,,1.1437601850166457
2014-09-02,1.148842736829982,1.3732307841487057,1.8114509953809013,1.5943747656640777,,1.1504176431485365
2014-09-03,1.1497528954834324,1.3621377292293462,1.8114510167821374,1.585847341823691,,1.14860449145751
2014-09-04,1.147859649410584,1.3560488266747572,1.811451037844488,1.581933073140333,,1.145731956655736
2014-09-05,1.1489561000693922,1.3435293383134632,1.8114510585287213,1.572233157493522,,1.144205463001821
2014-09-09,1.1429852306377533,1.3380018839086427,1.8114510788812093,1.5612028988214994,,1.1391867683712023
2014-09-10,1.1388936837458887,1.326094851564931,1.811451098898909,1.5530407216809352,,1.1340967489525204
2014-09-11,1.1340028068900192,1.3154614466830548,1.811451118571537,1.5434582029708757,,1.1292004681468217
2014-09-12,1.1315585156576407,1.3228892183601633,1.8114511379768534,1.5357931061537546,,1.1271377043320199
2014-09-15,1.1260704137485016,1.3258877081771019,1.8114511570323342,1.5255969937198113,,1.1238665978077238
2014-09-16,1.1492981429454832,1.46682960733133,1.811451176220407,1.6049413663152825,,1.149907959263278
2014-09-17,1.1454529029123488,1.4559139101997725,1.8114511946508502,1.5951030000859168,,1.1448822389574584
2014-09-18,1.1403329831352917,1.436342057944414,1.8114512127566396,1.5861742090298319,,1.1411550249091265
2014-09-19,1.1384007022852958,1.421623737710583,1.8114512305859032,1.5755220290381597,,1.140130283272289
2014-09-22,1.1586640620665418,1.42539294136565,1.8114512481109133,1.573490477522729,,1.1498706134914016
2014-09-23,1.158051533074542,1.427834573674822,1.8114512654001227,1.572308909685542,,1.1491907792191165
2014-09-24,1.1752766713480205,1.4243664248854906,1.8114512823691595,1.5669576302341128,,1.158912972664559
2014-09-25,1.168471289415512,1.4029603828944563,1.8114512990023863,1.559667310076312,,1.1527699306486485
2014-09-26,1.1617157997436733,1.3850620608355237,1.8114513153667295,1.5488674946413554,,1.1469500736199145
2014-09-29,1.1567780957041176,1.3799547603646602,1.8114513314941179,1.5439986997579838,,1.1458086852408043
2014-09-30,1.1506085594908726,1.3702274695324261,1.8114513473310352,1.5383033033364353,,1.140149833675164
2014-10-08,1.0056378493367317,1.2217162586388108,1.774643261421851,1.357651055176618,,1.0111134535004156
2014-10-09,0.9986366064533132,1.20787189859016,1.7735133272081005,1.3433309484898666,,1.0054916252757682
2014-10-10,0.9947793595875869,1.1972269406265421,1.7727068426267194,1.3320170753181233,,1.0015256209523002
2014-10-13,0.9897772431640405,1.184116463171375,1.7718868354756099,1.3198909825742464,,0.9967286494523873
2014-10-14,0.9838826428213169,1.1730877554703771,1.7712772223810072,1.3103739177293028,,0.9905769571853466
2014-10-15,0.9813989304036933,1.1629320193338994,1.7708060192502721,1.2988241763735504,,0.9877219448066259
2014-10-16,0.9800683445402388,1.1855931505281134,1.7725236328249656,1.303847677276302,,0.9893500632047686
2014-10-17,0.9734293280984736,1.18196880353806,1.7731014235039477,1.300556991207993,,0.9870242832398523
2014-10-20,0.969265424800248,1.1936265415677665,1.7749195755935128,1.3083526595613901,,0.9871972589415812
2014-10-21,0.9693457925830371,1.1932364478172366,1.774677468511727,1.3084437393498707,,0.9874969683021388
2014-10-22,0.9660382822928585,1.1967822644192514,1.7749503524195243,1.3023726805005764,,0.9872826058106359
2014-10-23,0.9673278767601217,1.2076962613504754,1.776116170412346,1.321022966619223,,0.9930893233212307
2014-10-24,0.9612280016083464,1.1966829949601472,1.7747385031288316,1.3075576504916158,,0.9861293600213522
2014-10-27,0.9622432294631623,1.1889658604950704,1.7746297330511382,1.302915679686053,,0.9798687967902551
2014-10-28,0.991296171689178,1.2392718636624178,1.7796727224975262,1.3253755063044799,,1.0194650322156513
2014-10-29,1.002042077600774,1.2408885393111049,1.7787843457565469,1.3127215394265757,,1.0389518406481189
2014-10-30,0.9992891841034756,1.2264212620648354,1.7768766421501148,1.300926357805587,,1.037663480806741
2014-10-31,1.0137748145056766,1.212631752658959,1.7755872411920308,1.295449327145824,,1.0359829815820234
2014-11-03,1.0067011037265856,1.2068928802331638,1.7754237299144988,1.2950077468830796,,1.0341482622851832
2014-11-04,0.9995103542430813,1.1974830304581967,1.7747743406411243,1.2930195105012334,,1.026437720371204
2014-11-05,0.993722717262131,1.1846963317097343,1.7735700799093228,1.2808475546099254,,1.019444194170823
2014-11-06,0.9868371379389063,1.1758173360740802,1.7735251768839524,1.2853673156193108,,1.014459362659281
2014-11-07,0.9801902483454962,1.1758628817605146,1.7737277036345358,1.279548471599971,,1.0091099573600018
2014-11-10,1.028187797229498,1.1780113930617258,1.7728303018436837,1.2699181247902152,,1.045341008504837
2014-11-11,1.021269167301506,1.274389834051342,1.7852331568095148,1.3830245770752125,,1.0587223457398047
2014-11-12,1.0299887558714818,1.2965503654298467,1.785506351085195,1.3816247213206148,,1.0715667152274762
2014-11-13,1.0250201100861933,1.2914014846721862,1.7852935508355576,1.419758128077469,,1.0658900412699426
2014-11-14,1.017540390334486,1.2757771358364183,1.7821460114374397,1.4038931455765662,,1.0592391149532245
2014-11-17,1.0126407647887812,1.2706500785251138,1.7818259405388006,1.428264350135014,,1.0516245645047735
2014-11-18,1.0137941571607552,1.2552091233524023,1.7795339790175384,1.4142107991314146,,1.0452043895118475
2014-11-19,1.0067149542384264,1.2412365751602064,1.7780727998736188,1.419093333524561,,1.0388011760793798
2014-11-20,0.999519411170532,1.2274631706924768,1.7763004211183342,1.4111006753390118,,1.0309730958091163
2014-11-21,1.020586259436319,1.2269685695458865,1.7755527833565323,1.3998221734275489,,1.0385012870838002
2014-11-24,1.066187838323696,1.2401584485823065,1.7747405282809945,1.3844919548378054,,1.0558900693412019
2014-11-25,1.0730066941656324,1.2472688014088462,1.7757386594173965,1.4147604874341844,,1.0733704198703453
2014-11-26,1.0801314816354948,1.2340303063371103,1.7746130967129952,1.4019534460065177,,1.0687770525419007
2014-11-27,1.082268139818314,1.2245829459352107,1.773682665668532,1.3885848625442192,,1.0612715488832127
2014-11-28,1.1041751731246972,1.2109823421136758,1.7726798373507695,1.3747583953753428,,1.0645776172016483
2014-12-01,1.096578467513096,1.2037789070775133,1.7737317320717136,1.3757581135275954,,1.057491405162421
2014-12-02,1.1895912156569004,1.2115345826894153,1.7739042413437016,1.368359701455629,,1.0894177287557512
2014-12-03,1.195423785012965,1.2109297199691338,1.7734397918622549,1.407237539494762,,1.090081663645129
2014-12-04,1.328831749621396,1.244327531862951,1.7741802456728528,1.3981428163651366,,1.1708595674843185
2014-12-05,1.319455767916912,1.2898915326134848,1.778443870483637,1.4463310232368911,,1.1658580574681188
2014-12-08,1.4121565536661234,1.3005297112299647,1.7765547852765375,1.4357423881593732,,1.2049840367666855
2014-12-09,1.515956982171038,1.4596354757414223,1.796257333497762,1.5598284568640692,,1.2962384581784998
2014-12-10,1.576002840517335,1.56211735121368,1.8042857610725795,1.7251802571828039,,1.4053427695419394
2014-12-11,1.5679906436719286,1.5523217219380745,1.7990751584486373,1.7047015128452163,,1.395159804603474
2014-12-12,1.5529046661842678,1.5313683448632596,1.7945803721061517,1.7175222555838852,,1.38287762801883
2014-12-15,1.5405850011625355,1.530721226255103,1.7922079341281003,1.7214606031571082,,1.3735369166185938
2014-12-16,1.5647586830303684,1.5079369393817201,1.7880136936988538,1.7026759843896628,,1.3754177108678027
2014-12-17,1.56553749145772,1.4934154082879079,1.7859616092157198,1.6814166730004152,,1.3662870731597814
2014-12-18,1.5509714130620351,1.4709728207881065,1.7826755876960143,1.6630555828808329,,1.352905634219875
2014-12-19,1.5423869318871077,1.4532502507631049,1.7825357428767379,1.68341603665194,,1.3732143099815113
2014-12-22,1.527724449076708,1.579251114032225,1.8032013305016201,1.8371456142615996,,1.360904125882469
2014-12-23,1.536061008456454,1.587206711838344,1.7982359247387327,1.8205841288426736,,1.4130039006378066
2014-12-24,1.565455621402909,1.5797296205647593,1.797782867526218,1.8146668838125468,,1.4167738198892834
2014-12-25,1.6066255373316558,1.5849567020166764,1.7930895256360901,1.7915692834366792,,1.4596224167934324
2014-12-26,1.6480022279130635,1.5678136180358693,1.7884744736211287,1.7682187581007607,,1.4635283977227835
2014-12-29,1.6316625818096506,1.554442289617008,1.789595800757589,1.7906639544754848,,1.4497542459549841
2014-12-30,1.6151561160662862,1.556686665072037,1.7887628236188502,1.812468235824156,,1.4422029469470552
2014-12-31,1.6244029074005981,1.5409193511137929,1.785690821223428,1.794458795250949,,1.4511810378822718
2015-01-05,1.932584059542465,1.5148433628678037,1.4184525882994876,1.7835575393880319,,1.675868270783693
2015-01-06,1.869439946536377,1.4999255711395014,1.4184525865534088,1.9401991743358973,,1.649380077737162
2015-01-07,1.8091872843257273,1.4762284202657028,1.418452584846031,1.9274511113883463,,1.6214044509924062
2015-01-08,1.8279647638165726,1.4604648945819425,1.4184525831764963,1.909342161881351,,1.6378138091872727
2015-01-09,1.771564384193285,1.4425381834286004,1.4184525815439661,1.8836915960306657,,1.6121034527968456
2015-01-12,1.7293543598979364,1.4409454512107895,1.4184525799476204,1.8838603947726116,,1.6286056637426136
2015-01-13,1.6757729485217165,1.4372292185663034,1.4184525783866568,1.8601977830062975,,1.6057105739429733
2015-01-14,1.626860853603348,1.4193942360995446,1.418452576860291,1.8402043163887798,,1.5789242314137495
2015-01-15,1.7009350632948657,1.4139192606921622,1.4184525753677568,1.8143190292243405,,1.612080141707696
2015-01-16,1.6580772310090688,1.407387864402891,1.4184525739083038,1.8657722747441061,,1.588883443348168
2015-01-19,2.3506336018685348,1.5653381795461287,1.418452572481199,1.844927200770264,,2.015177197683737
2015-01-20,2.2852867485777604,1.6556046937356808,1.4184525710857248,1.9467753522973223,,2.0158314263699384
2015-01-21,2.4151698357329736,1.669708268254668,1.418452569721181,1.9228705555099856,,2.066436640682622
2015-01-22,2.332197559257186,1.6514735693594402,1.4184525683868818,1.9024779526299116,,2.0293160517580517
2015-01-23,2.250854891737651,1.6319000006743867,1.4184525670821566,1.9297300892016,,1.992054716352802
2015-01-26,2.1837461316290345,1.6432408142946653,1.41845256580635,1.9483478370917524,,1.9699154684731643
2015-01-27,2.119785442272214,1.6138128490283812,1.4184525645588213,1.9193913740163147,,1.9327531450045796
2015-01-28,2.0718793329243717,1.5890991381564556,1.4184525633389433,1.895450783358907,,1.902840256861827
2015-01-29,2.021600057607826,1.5660314368831445,1.4184525621461033,1.8773480683967054,,1.8707067567361229
2015-01-30,1.97831551863629,1.5527184839281372,1.418452560979702,1.8721579582231962,,1.8497818334723521
2015-02-02,1.9835070045362517,1.5283921773843068,1.4184525598391535,1.8528840635758537,,1.859177329027221
2015-02-03,1.9942438413607442,1.5292037626541086,1.4184525587238848,1.8908155906927664,,1.8463492478100814
2015-02-04,1.9434549183205387,1.5069929902856554,1.4184525576333356,1.8634669920245197,,1.8166365919643648
2015-02-05,1.8941395119494082,1.4857765664753608,1.418452556566958,1.8418504527813,,1.8008056953131242
2015-02-06,1.8687263998555672,1.5042962430361566,1.4184525555242158,1.8627094239063988,,1.8123850228210854
2015-02-09,1.8215938005568917,1.4827286925769316,1.4184525545045856,1.8453884100727427,,1.7791338527107572
2015-02-10,1.8067645685306661,1.476077759812917,1.4184525535075552,1.8566254044232187,,1.7733556123384082
2015-02-11,1.757137673626038,1.462119169181245,1.4184525525326233,1.8401862388911054,,1.7425582233499126
2015-02-12,1.7028313544073042,1.443280174110152,1.4184525515793003,1.8178882184792018,,1.7114071031372151
2015-02-13,1.6586425168399865,1.4418287512884624,1.4184525506471075,1.8186574718350652,,1.694161185720097
2015-02-16,1.6183933125134642,1.4449436036923098,1.418452549735576,1.8875267500558972,,1.6686124376331835
2015-02-17,1.5759294246140112,1.4266138801887023,1.4184525488442485,1.86196832701708,,1.642881212194454
2015-02-25,1.5560177900061811,1.4062565324532161,1.4184525479726768,1.8421895453517867,,1.615087448982902
2015-02-26,1.6081291939055822,1.3963425107089895,1.418452547120423,1.816453234932967,,1.6212101581948806
2015-02-27,1.5607110192130689,1.3819870707584314,1.4184525462870592,1.8339360005163399,,1.5931494540754727
2015-03-02,1.5245814108687044,1.3990768747860005,1.4184525454721664,1.8627774853798533,,1.579801499462604
2015-03-03,1.592109564132477,1.3819594735101197,1.4184525446753353,1.8536538694462836,,1.5744914373960721
2015-03-04,1.5516630365007984,1.3838972260192033,1.4184525438961657,1.8703960127720116,,1.5536944918423476
2015-03-05,1.523722614612859,1.365336471364452,1.4184525431342658,1.843584589662891,,1.5327365711699081
2015-03-06,1.4851466025039448,1.3635835391363227,1.4184525423892531,1.8902474686877202,,1.5075942049118536
2015-03-09,1.4900829299988734,1.3620044415698178,1.4184525416607534,1.9019090816522461,,1.5166796740116575
2015-03-10,1.4533047745217702,1.3526022598845844,1.4184525409484003,1.910628695082472,,1.491525378360488
2015-03-11,1.4136176818706394,1.3362354157480327,1.4184525402518362,1.88639187055203,,1.4677938969328337
2015-03-12,1.4382608315410568,1.3196669378974815,1.4184525395707115,1.8647381544329071,,1.4598236038069745
2015-03-13,1.4062443893104346,1.3150604505226327,1.4184525389046834,1.8823346854253542,,1.4418151585909367
2015-03-16,1.4672154167696663,1.380498442143326,1.4184525382534174,1.9289379980361687,,1.460700811345901
2015-03-17,1.456577269498111,1.3801825546755069,1.4184525376165869,1.9028917453846488,,1.459570097458542
2015-03-18,1.5063239999346398,1.3845973975549553,1.4184525369938712,1.904671977516454,,1.5018392236950235
2015-03-19,1.4646502158243198,1.3703049516729553,1.4184525363849574,1.8771606698346772,,1.4796311529658066
2015-03-20,1.4546776704043383,1.3604013413737606,1.41845253578954,1.8618665864327186,,1.4613625874371063
2015-03-23,1.4817077176437075,1.395469104720573,1.4184525352073198,1.916305333111731,,1.477506665545298
2015-03-24,1.4404646500450886,1.376807212267419,1.4184525346380044,1.928780145424336,,1.4554595670548292
2015-03-25,1.4142440531555385,1.3689794579688455,1.4184525340813074,1.905321543192273,,1.4328648672004312
2015-03-26,1.3772758724615852,1.3574135442554778,1.4184525335369496,1.987945087637714,,1.4102601539035682
2015-03-27,1.3461570755237877,1.3523448994703573,1.418452533004657,1.975571417841288,,1.3963148846449949
2015-03-30,1.4593105860621634,1.34800520862929,1.4184525324841624,1.9630355172884901,,1.4361597483556514
2015-03-31,1.4353603088388034,1.3308220842945546,1.4184525319752044,1.9601252061773624,,1.419641424790383
2015-04-01,1.4976898962650433,1.3512197201756933,1.4575665618627363,2.006012113535691,,1.4456219674396793
2015-04-02,1.4616266741535735,1.3602271616594754,1.4698642973164828,2.020425376082139,,1.4532595518038842
2015-04-03,1.44464183641302,1.3612627793942695,1.4714512222243354,2.0001890602756673,,1.4760933192309829
2015-04-07,1.4773729163635212,1.3949930360915976,1.4730332121420335,1.9898817976837049,,1.549308553288154
2015-04-08,1.4506887908197057,1.381880608744392,1.4754258495305095,2.016547736606688,,1.5244236819983643
2015-04-09,1.4276488268082166,1.368387612561464,1.4681641080536236,1.9903102549574623,,1.5046345001518935
2015-04-10,1.4513360192634683,1.4206717979428924,1.4827027940690298,1.9915327012710815,,1.5553702602264978
2015-04-13,1.4607086076899598,1.4353067756447055,1.487683915936552,1.9678082159626142,,1.5727457854542293
2015-04-14,1.4275216324607376,1.4111401523937341,1.476261226853979,1.9469765599078703,,1.5453781961731208
2015-04-15,1.4230817937704223,1.5486984673690487,1.535297951828041,2.054852449998155,,1.5853459873305338
2015-04-16,1.5297587477065997,1.5388787464343001,1.5278115543234774,2.0500782936695803,,1.610585168854802
2015-04-17,1.53580386517457,1.5124847790497284,1.5145215560073937,2.0289264169007053,,1.588778245278132
2015-04-20,1.5405175193711733,1.5184419106340663,1.5251437053425239,2.017964446802906,,1.6117040866413614
2015-04-21,1.5695516957158422,1.6040778554240724,1.5748354311284478,2.1910100222551403,,1.6219488049534563
2015-04-22,1.6204690875772425,1.6191444390321197,1.5845526485508907,2.185912298357123,,1.6697370542460845
2015-04-23,1.5795975573590484,1.5893740941748822,1.5712272152058973,2.1874455099426635,,1.6381879169192088
2015-04-24,1.550631363528836,1.5550703017625327,1.5559222638195622,2.1595799991505737,,1.6208515822754113
2015-04-27,1.582691662542165,1.5328679030260435,1.5419117141742336,2.1296020089395347,,1.6159604679413393
2015-04-28,1.5737276338509032,1.5905739480762662,1.5738232352713524,2.1311684134376527,,1.6343957556334339
2015-04-29,1.5411920217912438,1.594214515158109,1.5885898939578451,2.1987731758098317,,1.6095241260100734
2015-04-30,1.5081410886277065,1.5604530953568045,1.573278094777449,2.184746961890046,,1.5791208248308546
2015-05-04,1.4804915334895719,1.5291681882729964,1.5600047416345948,2.156746828399624,,1.5773767660908955
2015-05-05,1.6788908806756753,1.632824982211871,1.5753164522351348,2.155751923358868,,1.7393672183115252
2015-05-06,1.6465711509005965,1.6120569851110258,1.5601218353021589,2.1562241944566973,,1.745894879177122
2015-05-07,1.651356053175523,1.6227388280512478,1.5580090883482487,2.142725792006935,,1.7857114762677397
2015-05-08,1.662437955553537,1.7150411300220751,1.633996186805559,2.3109203135960237,,1.8160442417064253
2015-05-11,1.72518580012284,1.8136295552064694,1.6903218608572554,2.423243573661887,,1.8941430912457309
2015-05-12,1.6962907622302452,1.795566733441424,1.6874464783822154,2.4259112678647377,,1.874229342500159
2015-05-13,1.6586395125666404,1.7534559119614743,1.6679645343868557,2.4136026175916796,,1.8380578372519478
2015-05-14,1.6184258953400628,1.7101765604367698,1.6493590649918568,2.3905933952054625,,1.8014344965402467
2015-05-15,1.6229455553466854,1.6756693306926542,1.6306253784472278,2.3553953750001337,,1.79093063315408
2015-05-18,1.5937028591829892,1.6648538367619217,1.6426604688260684,2.4089650939905565,,1.7551999345907865
2015-05-19,1.710851730832676,1.673426026458221,1.6429589819020478,2.3777455378812005,,1.805727370328023
2015-05-20,1.6683413068684032,1.6531087848624686,1.6443670946691267,2.370400052536266,,1.7838290758339848
2015-05-21,1.667310735240267,1.723970477278375,1.6717286590643032,2.3909029240357396,,1.8357779815775477
2015-05-22,1.6894245789117337,1.6982294802714435,1.6527544604675148,2.358070386507745,,1.8452177011252713
2015-05-25,1.755870401823783,1.7124343917332185,1.640771446565827,2.3350678765406143,,1.8921875882491552
2015-05-26,1.753241966082687,1.7534746821124065,1.6792928938789524,2.3990003615052053,,1.8925047008489042
2015-05-27,1.709525902331195,1.7170625181237684,1.66282914270767,2.3636652134227396,,1.8541333635601362
2015-05-28,2.190368356525033,1.980442121328037,1.7689405249181125,2.485812098804149,,2.1260358337891936
2015-05-29,2.1289368496390013,1.935296387340995,1.758007868218739,2.508905643719411,,2.081941258277162
2015-06-01,2.305523738137029,2.074877859335119,1.8192987719498297,2.5753531774844856,,2.281996675769448
2015-06-02,2.2626025597439723,2.098402209896909,1.8442119450048409,2.630262109242849,,2.2918589554298956
2015-06-03,2.1998293842469407,2.0381759665155488,1.8173839100428293,2.6021240309859195,,2.242439731479091
2015-06-04,2.1425112293053052,1.9792523880752677,1.792358167736763,2.569939543461996,,2.1976497424023136
2015-06-05,2.0905727347133922,1.9412697169490447,1.7712029228052795,2.5420277071085358,,2.1759854937033833
2015-06-08,2.0888781473832094,1.8981180372330027,1.7736623284222057,2.609151317337576,,2.150828696839206
2015-06-09,2.036988975942385,1.8464735159547627,1.7496625430138204,2.569708147086454,,2.109384914762206
2015-06-10,1.9807892613227478,1.8204430960829052,1.747736281725163,2.585488433459432,,2.0647456084927973
2015-06-11,1.9263496618376321,1.7853455077886065,1.7372211957892016,2.5467882822257626,,2.0222626566701263
2015-06-12,1.8767633119780316,1.7566051730150263,1.7214786503817308,2.511483366522576,,2.0069090995538996
2015-06-15,1.8837202635124326,1.7472835388495338,1.7176069959818892,2.615758508928714,,1.980255056108855
2015-06-16,1.9382425070599854,1.8369724188498728,1.7572115014582776,2.6076575275763068,,2.098881714688233
2015-06-17,1.9113230218134905,1.825886137716728,1.7535349331394288,2.6549439983261003,,2.108507274805801
2015-06-18,2.0535996472643365,1.8781396754806818,1.7754213124877898,2.821490944788987,,2.115373106904797
2015-06-19,2.353288444094243,2.174339721958929,1.894013774944568,2.8890772637152287,,2.423650497362243
2015-06-23,2.3899077036776712,2.1129472432655247,1.8659362051521564,2.87435369386327,,2.3770381118752804
2015-06-24,2.3533066160091827,2.080396663929933,1.8508299629458551,2.830870071080686,,2.374727315935692
2015-06-25,2.411510942749176,2.117860226992604,1.889556097388625,2.9096159267346953,,2.410209601136632
2015-06-26,2.8661393569314813,2.4983657085961144,2.061888775959392,3.169481263176093,,2.7476980545690406
2015-06-29,2.8610880009413537,2.6404382914536577,2.157984084257153,3.3266455791204006,,2.7680597156343483
2015-06-30,3.120166857593632,2.70341956647001,2.184413560717016,3.4399604194562503,,2.8716834098142114
2015-07-01,3.7089496097007455,3.845511929242684,3.564402238745344,4.128282756122285,,3.508795923349848
2015-07-02,3.6779149657345567,4.043199380610162,3.7228116576321253,4.118391467383774,,3.590684309841875
2015-07-03,3.7975839661579487,4.144539330241935,3.8351105808391046,4.04610305999131,,3.7785966320519533
2015-07-06,3.7503450397148046,4.008092705799719,3.8769529217252154,4.057258692452508,,3.7014984487106766
2015-07-07,3.657686344856619,4.18286941701542,3.939867516688267,4.125741438489511,,3.696748813831658
2015-07-08,3.9173364954526306,4.0627122988941045,3.8809622953179295,4.046172288544886,,3.761380591362989
2015-07-09,4.1338851863357435,4.072279303267451,3.8396320482737347,4.006531800264235,,3.9607574508129186
2015-07-10,4.191785121391509,4.088355965577086,3.795475239061994,3.9975023604729762,,4.046395113224993
2015-07-13,4.092451304041438,4.188711092754829,3.813761988209336,4.062518901123614,,4.043044802473712
2015-07-14,4.005820062225676,4.056831298208571,3.7695871377917047,3.98566982260063,,3.9534190576902843
2015-07-15,3.9698910923029658,4.182477717390261,3.8015364388515547,4.046837689805713,,3.9987473699365212
2015-07-16,3.843516811217337,4.085063090891956,3.72209967638207,3.9803358107011095,,3.9046789687121155
2015-07-17,3.833928642241429,4.142705030492438,3.7949371860075027,4.066567727234972,,3.9078074360567845
2015-07-20,3.7062576949175523,4.002013558802252,3.741822427347745,3.9995983992515987,,3.810942013011058
2015-07-21,3.5830747035702295,3.867699321079205,3.6739391743164593,3.9231674807421686,,3.721492765559202
2015-07-22,3.464804759805014,3.737998672475576,3.5979336691845245,3.84459725783389,,3.629699188977576
2015-07-23,3.3954295428486416,3.661113021318429,3.56392373717506,3.794976939310234,,3.5723842832446278
2015-07-24,3.317172575654889,3.557910318121407,3.491421679876315,3.758291273633145,,3.5148524205815077
2015-07-27,3.856247705454011,3.8932800936824776,3.7008561036477556,3.9694064028490845,,3.885074266433039
2015-07-28,3.7278595083762127,3.770020269230128,3.7049508616338427,3.9461697021792714,,3.792367906976332
2015-07-29,3.6858891743752658,3.8310945691476936,3.7626256684932744,3.9729070251917,,3.8177043296424653
2015-07-30,3.647045609886554,3.7780967177454268,3.734301690049628,4.043458696169827,,3.780539042016456
2015-07-31,3.525970187712561,3.64915813929016,3.6788046986176868,3.9635488709269584,,3.6867629226829672
2015-08-03,3.409736787183687,3.570399316228219,3.7541227508364043,4.04480514932676,,3.597485477423934
2015-08-04,3.3837552434547367,3.6915696939048046,3.9051505624177953,4.171916652817085,,3.5954501968176715
2015-08-05,3.319254765650612,3.58677609319913,3.8172931621779735,4.115586359231634,,3.5189677099128414
2015-08-06,3.2170722275874697,3.4625784649562883,3.727352934869093,4.0360495666039355,,3.435060820481821
2015-08-07,3.1488460627979635,3.409589401469785,3.7200494837812155,4.028992339236056,,3.38555924484859
2015-08-10,3.2395671142803555,3.466373069631146,3.7580034304223275,4.054971287790985,,3.4437870395513213
2015-08-11,3.137082965300559,3.3436385687893346,3.669530351045325,3.9767903324846863,,3.35869186714396
2015-08-12,3.050624820135902,3.2415634161778026,3.5986929259212346,3.9419283890159273,,3.294197800810359
2015-08-13,2.9734177321148776,3.1811392455043546,3.568994283734779,3.8947247610445124,,3.2585215312930473
2015-08-14,2.8761604458553656,3.075696153970728,3.485640603745479,3.819022281018192,,3.180201630132646
2015-08-17,2.7821082085325677,3.0123191825529845,3.4199541134786706,3.7430712926681373,,3.1178759330491177
2015-08-18,3.1133463813328017,3.474011347837876,3.671044812554721,3.874844410854607,,3.4524674142853935
2015-08-19,3.043720419773766,3.4135217460013947,3.639361146896631,3.8458832241650773,,3.3943948801374395
2015-08-20,3.0591584341141056,3.4194885961811656,3.6252466437332864,3.8094212841898236,,3.409338346824093
2015-08-21,3.1657677209464503,3.543856958617338,3.7031140163763836,3.9624934308417297,,3.522231877851151
2015-08-24,3.7464512485771237,3.9045550248051195,3.9105054634931626,4.179955820945965,,3.9041399609313623
2015-08-25,4.00339856155359,4.140995917386925,4.0647143353549815,4.331644785542236,,4.179040980530669
2015-08-26,3.870758755052273,4.074129261811968,4.0429847208794,4.343089675891194,,4.079556142940909
2015-08-27,4.02483764335012,4.029891794651155,4.01443630118094,4.329934537552463,,4.126407055916611
2015-08-28,4.016066002351479,4.125967459198688,4.091710882771487,4.402570579038139,,4.182843384679344
2015-08-31,3.884125705083905,4.119296353925156,4.100580592231016,4.418518957458725,,4.105415002374692
2015-09-01,3.7550834544842737,4.243794652244737,4.199317096535268,4.453206649601646,,4.0472787866406
2015-09-02,3.630193059533495,4.0923861272681945,4.170816262106134,4.373722053391094,,3.946814299628641
2015-09-07,3.6164888326084106,3.946268702581595,4.104231224724324,4.306143726673403,,3.877590443999116
2015-09-08,3.559029816061784,3.909156828818358,4.117889221801,4.357009638616624,,3.8558475387043374
2015-09-09,3.470532350468623,3.815112390813949,4.081998275563957,4.309672836986261,,3.7883495287628746
2015-09-10,3.372717727547159,3.7111774093016128,4.003830664300911,4.24173150362748,,3.7151606553877126
2015-09-11,3.262087566284467,3.585061030604973,3.919498777825792,4.161462633541933,,3.623494596083675
2015-09-14,3.1944639414505662,3.861052304455343,4.088824863338593,4.36428958011106,,3.6667937270385225
2015-09-15,3.240185593578173,3.9408106075445772,4.102671802880917,4.403672615284311,,3.71571383750271
2015-09-16,3.382290645955974,4.16279378833697,4.251348446542693,4.572850876808365,,3.879382181183039
2015-09-17,3.326633072086901,4.061436118704158,4.163841357181813,4.48079713855808,,3.830513905748663
2015-09-18,3.218882614427597,3.9277311486797255,4.079618302386422,4.417387179698514,,3.7412544102836325
2015-09-21,3.141147710652319,3.8760546966832976,4.050716121516849,4.421845137595249,,3.6775713142688478
2015-09-22,3.0444742128977973,3.7386673502429266,3.9546171691290266,4.333782709115711,,3.5884977486500476
2015-09-23,3.0034475662661064,3.6191590954210917,3.8650504407847786,4.246302365978709,,3.5271342807559525
2015-09-24,2.910321610482368,3.5084131239198455,3.78290352081149,4.168190678148481,,3.4480059662280573
2015-09-25,2.8468072470715087,3.490259219876372,3.7778640757993385,4.175698754998953,,3.3914278457570153
2015-09-28,2.7551233346038053,3.4009964176568914,3.7335362285359737,4.224992684878933,,3.3186882201353725
2015-09-29,2.7136728926113416,3.320943832206004,3.6652543949573895,4.153214501083206,,3.262106161565661
2015-09-30,2.6326848643178233,3.2050990204097616,3.5789820388213314,4.072564482340217,,3.183303186244074
2015-10-08,2.589566430990827,3.271487639529474,3.6224898511177708,4.118317190398093,,3.110566480868342
2015-10-09,2.5143415366354924,3.1584393669537856,3.531553478272541,4.035736992410164,,3.0248553275299384
2015-10-12,2.5539537250679585,3.1804207246862832,3.545291413744305,4.047634384800304,,3.056658175612525
2015-10-13,2.4660143224138205,3.0659095097024553,3.456366968638487,3.966267399702249,,2.9695043158085874
2015-10-14,2.4004332599565577,2.97076570876071,3.383259218601817,3.9025699482268776,,2.918104939111267
2015-10-15,2.3963833921278046,2.9659761344677866,3.370376663748695,3.9226868176394096,,2.915769798527324
2015-10-16,2.3319313434022004,2.8745999932230295,3.28872568255959,3.8519271276727074,,2.8533813061089504
2015-10-19,2.2514034673866936,2.7668444188813757,3.20188074302472,3.777914581243107,,2.7761238416411285
2015-10-20,2.194218507622036,2.692047294819508,3.145563552708813,3.7543985298701004,,2.7065768140437707
2015-10-21,2.2639788660081677,3.10510227092755,3.403539595818377,3.9476122627491392,,2.88350562075842
2015-10-22,2.2232388698201495,3.1804139717731426,3.47251597284952,4.013960564627316,,2.8525959637417158
2015-10-23,2.1677728205472953,3.1059931294913694,3.431905622541028,3.969886970821308,,2.8012308812556617
2015-10-26,2.0953162632026445,2.988964723906573,3.3410765775791877,3.892498616741603,,2.7235709816994804
2015-10-27,2.023749378984286,2.8778600917032042,3.2551556809656836,3.8226858965164445,,2.6469228610824542
2015-10-28,2.021421749892505,2.8576553879794973,3.2176527473604484,3.805587411707375,,2.6071028522993385
2015-10-29,1.9540183492022214,2.7610528180920038,3.1400235559691154,3.7279189410051816,,2.5354240245278867
2015-10-30,1.8881679322887333,2.66083950019995,3.058544566209315,3.652799607358619,,2.4684091080918664
2015-11-02,1.8791639089326928,2.624448152939174,3.04019303759715,3.6008579309073383,,2.442086882107319
2015-11-03,1.8177586918522621,2.5268740600138804,2.959576832860977,3.5275183186403907,,2.375855191403825
2015-11-04,2.131924761733681,2.754711765136037,3.106243134230512,3.6829344212102,,2.5403721512813666
2015-11-05,2.1106646583339157,2.6536087360266882,3.0281177136778603,3.620056876405142,,2.4825589481343724
2015-11-06,2.114269683278352,2.619458433553461,2.996688279996026,3.6254253922287805,,2.4454947822039967
2015-11-09,2.0592665044249627,2.5348163370941883,2.9377673666855886,3.572582854416082,,2.3928875601820896
2015-11-10,1.9910353478593446,2.441173903604994,2.8636853332254977,3.501059609942435,,2.3261362556154355
2015-11-11,1.9236742083602154,2.3754515492265718,2.8134278670120665,3.4517058443958963,,2.263363032835655
2015-11-12,1.8800126330865072,2.2893243320380092,2.739432929767001,3.388762270032304,,2.2116519287718033
2015-11-13,1.8489491349902514,2.2461012033698933,2.7102392730211067,3.3650008483767575,,2.163613365827147
2015-11-16,1.791439893022475,2.2281543462604287,2.7072254746719886,3.364774460760048,,2.1249251477411586
2015-11-17,1.7333616654188686,2.1693909217421483,2.650871175623942,3.3636588514324566,,2.0673225785731106
2015-11-18,1.7055792677519577,2.1356021034123898,2.613906043967304,3.318915205027882,,2.032093139233179
2015-11-19,1.7003281775416,2.166099519192973,2.6413129158031317,3.3603316540860995,,2.01646736026421
2015-11-20,1.6453720564637289,2.098510109644354,2.5957796563879896,3.294091337500731,,1.963950632624143
2015-11-23,1.6005324310865603,2.040681358272033,2.5445034979556636,3.2379328100455007,,1.9114229364544495
2015-11-24,1.5490119227421633,1.9756223777731907,2.4909681485525805,3.1890351466663205,,1.8604968101973827
2015-11-25,1.5093545037019436,1.9415796692768472,2.4681061950303635,3.169475964703313,,1.8351850565948564
2015-11-26,1.4731610662859624,1.8871582223317915,2.4162536555051175,3.150711668821343,,1.7941566014595272
2015-11-27,2.007375617089158,2.4736542492590132,2.769973960299352,3.3522989674759778,,2.1387491984861717
2015-11-30,1.9435236253293626,2.3929592908515556,2.711163174299851,3.295087132350355,,2.1085101147891074
2015-12-01,1.8847911292286794,2.3065477391961378,2.6443041366836813,3.233021506257291,,2.050585298668634
2015-12-02,2.037083546120715,2.2292442262428143,2.5947777590737395,3.185620044623467,,2.0326759399816656
2015-12-03,1.9712863639513525,2.221049068299702,2.6075211045145874,3.2077081654995103,,1.9937881115277718
2015-12-04,1.9766707567818975,2.1593913657649875,2.543621437507731,3.150049253311084,,1.9802136682116254
2015-12-07,1.911438589158024,2.103537312832777,2.498647556839106,3.1040632829287635,,1.9290538614941888
2015-12-08,1.9085436273417107,2.1591910983159317,2.4768476553044474,3.0681618537704662,,1.951602536028366
2015-12-09,1.84703190620459,2.08288174014381,2.4132020633793783,3.011461651187605,,1.9033016756712402
2015-12-10,1.7892747949787686,2.0113645397723006,2.3512254084640385,2.9575076741364086,,1.8534714688507947
2015-12-11,1.7343565997672665,1.9544132573463937,2.3023560727294927,2.907094930401538,,1.8204803675897203
2015-12-14,1.8291244700068614,1.958285413951713,2.2756856043794293,2.862248599675159,,1.8477204000913827
2015-12-15,1.7775111815164677,1.8935635762572252,2.2358440932387555,2.8134893005961183,,1.8002293728864447
2015-12-16,1.7204075102881236,1.8287266406884695,2.183840586401072,2.7582336184496983,,1.7532742766536569
2015-12-17,1.731761827219142,1.8682402405269847,2.2140829919522274,2.7481606319869725,,1.7770227719155949
2015-12-18,1.67516154846333,1.8092725304868342,2.16747998550044,2.695686921521276,,1.731422918352427
2015-12-21,1.74648836381387,1.7692112962504096,2.1167949836580857,2.6420693242294684,,1.7966051596359334
2015-12-22,1.6889864931686525,1.7176862675016478,2.0720469872537866,2.5898673551775113,,1.7491274964817574
2015-12-23,1.636496422526287,1.6920432234920202,2.0608751697967445,2.5754153642253312,,1.703840969951464
2015-12-24,1.605529641813049,1.6371740533257484,2.0095565461985965,2.526077079423283,,1.689245028391963
2015-12-25,1.5546927752238429,1.5868035500137048,1.9671614921628529,2.476431200209896,,1.6482138438239151
2015-12-28,1.6919323247888542,1.677684637223029,1.9804517665577694,2.4704388393535743,,1.7206602932616073
2015-12-29,1.6572780714316746,1.643910547163528,1.9565782961756066,2.4244930003861613,,1.6937873035029767
2015-12-30,1.6034249391618287,1.5992813691976422,1.9263891610632051,2.3837232051486077,,1.648983238786428
2015-12-31,1.5730338239103385,1.616223618448828,1.934770574112458,2.395481640920819,,1.6261389707564555
2016-01-04,2.338743218933528,2.6507902301396276,2.6930576723741835,2.743123745009648,,2.303403881581007
2016-01-05,2.265240862256131,2.5619117764621127,2.6484785417965178,2.740769582959189,,2.237159014738251
2016-01-06,2.228646175183481,2.548155341600062,2.644042133235101,2.709326447125576,,2.2409301797472754
2016-01-07,2.807754317163789,3.3524958908195512,3.370438245435653,3.2995579664111414,,2.8093509533111733
2016-01-08,2.776515056545876,3.2666152980981944,3.25958140973153,3.2101607472836755,,2.8037187229768756
2016-01-11,2.990451321529918,3.620038537450933,3.65520618201801,3.4450441948065067,,3.080256620023123
2016-01-12,2.896954409113451,3.479619997700011,3.5292250485526933,3.383342085685794,,2.979103846405728
2016-01-13,2.8420243780123307,3.471598386125592,3.570906735618217,3.433430282140611,,2.92323810230151
2016-01-14,2.795411925492451,3.4540133086294165,3.595546137863846,3.566249025795546,,2.874677927354332
2016-01-15,2.833150051946011,3.487071450743172,3.603626372333201,3.5479475646685588,,2.9403230049366598
2016-01-18,2.7384886143961693,3.3743203367295784,3.5323590901635717,3.5103637015051277,,2.8454150973956414
2016-01-19,2.740391448660285,3.359845891887965,3.524212702927657,3.467689499814382,,2.851146327131354
2016-01-20,2.6842024303125123,3.2470499041682066,3.4167397761820335,3.4027492082080784,,2.783792547098435
2016-01-21,2.695834546246732,3.3024171475202513,3.4818230656706484,3.4457027096790145,,2.786513974582904
2016-01-22,2.6191766924158255,3.204560741347436,3.389814428283289,3.3752077102995424,,2.7115771720127055
2016-01-25,2.531260789692044,3.086452377579406,3.282729432089723,3.2835774420336463,,2.6257782822085405
2016-01-26,2.8957084950598824,3.570888734724033,3.7092498608197486,3.6424939296912253,,2.984535976519373
2016-01-27,2.7959759925502015,3.440471664931202,3.584055936211696,3.543519649300935,,2.8865036147393885
2016-01-28,2.7835932171284927,3.5010933936423854,3.661401367438677,3.606287851284712,,2.868636829383724
2016-01-29,2.814853988136718,3.5112845743570165,3.6760096834248364,3.656438682588122,,2.8755711113579587
2016-02-01,2.7562852213296756,3.4011007687538934,3.573330608046602,3.557859675465018,,2.8071738731898708
2016-02-02,2.7132854837678413,3.3843203225548666,3.568804009652299,3.5706662890443503,,2.7637364337313532
2016-02-03,2.625303274425057,3.2522262657261694,3.4463250265804426,3.4736179761298094,,2.677968941149134
2016-02-04,2.5526580725881898,3.1604946167195975,3.365485053437766,3.395117688069191,,2.603810834271428
2016-02-05,2.4753543027296208,3.05585651328424,3.2697049698528704,3.32395982511187,,2.522450265487219
2016-02-15,2.3964956762374867,2.9378487262879376,3.1581695936113965,3.2389433240647936,,2.4474429885161197
2016-02-16,2.4375449795877295,3.0065538711996327,3.2171669048939817,3.2614920932548723,,2.4741407420983643
2016-02-17,2.3597775672787495,2.8971149445339535,3.119438724438405,3.1735310586737957,,2.40008178953915
2016-02-18,2.283025484364443,2.788536344638889,3.017307060355021,3.1022305434896,,2.323232035641641
2016-02-19,2.2066026777593897,2.6828694366637995,2.919342363015142,3.023853212852255,,2.2489160841330373
2016-02-22,2.199270211484963,2.6275605153894266,2.854647924450363,2.957538323769893,,2.2395292662130672
2016-02-23,2.1460661119759155,2.537212500000687,2.7681932680463155,2.8981157643041233,,2.1812337927837557
2016-02-24,2.080594700294101,2.446063698183663,2.6761724698068825,2.8265254849046153,,2.1179859362048203
2016-02-25,2.5596851282928674,3.1538897661741307,3.2337363781657884,3.245657420687798,,2.581966263786586
2016-02-26,2.493702514928585,3.0383860764211654,3.1235960801408886,3.1641076501246,,2.5209936597825076
2016-02-29,2.493114639370475,3.2432044999237006,3.3891498443393893,3.4343814222045896,,2.5298586117904778
2016-03-01,2.4561786163688075,3.1834680508041946,3.3296851436625285,3.409981255533092,,2.4990054988842885
2016-03-02,2.571392677070373,3.302179600746021,3.403235378220785,3.430303294107925,,2.6355521518042573
2016-03-03,2.4838921338352775,3.173628133202156,3.2876754672982678,3.3434712254625465,,2.5510481627762855
2016-03-04,2.4144547897490356,3.138887132460928,3.3295177288647984,3.4495071569995797,,2.4683330337707665
2016-03-07,2.3332949983703655,3.0782371656906866,3.2744771252993194,3.4010704155052194,,2.3992781473874563
2016-03-08,2.254687436103488,2.9593641490603866,3.1656452619444986,3.34381614085441,,2.3230421719793166
2016-03-09,2.2016103270772494,2.9306030204481934,3.11469255536196,3.2803534900402447,,2.282417765516382
2016-03-10,2.1832698217106348,2.8508509894191842,3.0350005207701605,3.2175244056912438,,2.236496416169682
2016-03-11,2.110990247627772,2.7426095809907336,2.9342277956530456,3.13098086209412,,2.1652919014884473
2016-03-14,2.0746203425747427,2.7618835625673466,2.9787969756536525,3.1984938897543493,,2.1356164684778123
2016-03-15,2.0061445814100916,2.6763590491043754,2.897128969093699,3.1360543645635426,,2.068254537748005
2016-03-16,1.942633912252932,2.6020378039903598,2.81631370438945,3.061500962071499,,2.0035987935011246
2016-03-17,1.8956475024215578,2.639514481041031,2.8755087030484248,3.2134653802103847,,1.9594859285087258
2016-03-18,1.8666112381144213,2.6685925088024747,2.910302285899803,3.242166490240409,,1.927687907757816
2016-03-21,1.8945596613313371,2.626493156887661,2.868063988824242,3.180757693165489,,1.8975569093799898
2016-03-22,1.8488903203683125,2.533745087414771,2.7754205047521094,3.097464593563089,,1.845851168054401
2016-03-23,1.7903668609666539,2.4433484688218767,2.694033399099771,3.0326984665925933,,1.7895885113283831
2016-03-24,1.7903735656081268,2.399456634148754,2.6402385224602187,2.985914473442014,,1.7740525904570095
2016-03-25,1.73769061667711,2.3229558244838384,2.558934264104139,2.9068332208261625,,1.7297166827940136
2016-03-28,1.7009068432399668,2.2481902667505023,2.4819538874106537,2.8371631047821344,,1.6827172759443707
2016-03-29,1.670908758696847,2.227813146631863,2.4636353162203823,2.8093376268603,,1.6570936057548424
2016-03-30,1.7424413779773205,2.3410279409657675,2.5627801461374267,2.9044724117138894,,1.7066133119612101
2016-03-31,1.687414443414964,2.2544835466842743,2.480480578396792,2.8344157276806006,,1.6560520767056741
2016-04-01,1.6512082103337498,2.3909831726083826,2.679903386100948,2.973396550773214,,1.599678021844142
2016-04-05,1.6307604575640937,2.4027657406540293,2.689344876719445,2.9893924814438564,,1.5967500979566664
2016-04-06,1.5808857468915936,2.329804835592718,2.6198481003983836,2.928342577502018,,1.5486825593357831
2016-04-07,1.5816157628699514,2.2952807052318716,2.585052694419247,2.9056634937501378,,1.5524113749077584
2016-04-08,1.542857066196562,2.2380117084977282,2.523783588941609,2.8505359053313404,,1.5151893094886153
2016-04-11,1.5354849144413072,2.2343069025667828,2.509061061753384,2.8307641446040646,,1.5165742672236047
2016-04-12,1.4924854799848983,2.183537532138551,2.4579791729749276,2.7817377997899926,,1.478431235074933
2016-04-13,1.4839078452215346,2.1458243534083232,2.414164613026728,2.7359712184261586,,1.472353933439315
2016-04-14,1.4398673765307233,2.087764374309282,2.362323119389689,2.688990920577186,,1.4291806436280585
2016-04-15,1.3962693243390594,2.0282788570392887,2.3024712242843353,2.639498735012569,,1.390463913669313
2016-04-18,1.4012887030194947,2.0126288614891457,2.271399360722448,2.6178651313625587,,1.3799270836757178
2016-04-19,1.3606798010904937,1.9556428470082572,2.2160533618995264,2.5648528805546933,,1.341082788267383
2016-04-20,1.40403822555412,2.2226482082307863,2.4626402135170515,2.775407187156371,,1.4345249023277864
2016-04-21,1.3705338754366065,2.1605789780299043,2.4107116248554243,2.733699029771492,,1.3965093751192312
2016-04-22,1.3333554431996166,2.101051013580132,2.3601338045657716,2.6891194060742345,,1.3608063713887069
2016-04-25,1.2995890461359645,2.045700328298077,2.3076005375577644,2.6375993791151817,,1.3216754529425272
2016-04-26,1.2675633265408017,2.002194710988876,2.267141686059666,2.5960124409229683,,1.2888540803508866
2016-04-27,1.2373594761095257,1.9503524104730678,2.2125858953489885,2.5463073613486906,,1.2589299838078376
2016-04-28,1.2027071541236574,1.8969170173443006,2.158264518917488,2.4950041408058548,,1.226025059195735
2016-04-29,1.1692093023513026,1.8415595878573159,2.1049191163219714,2.4516437067855725,,1.1943943078924404
2016-05-03,1.2229076049179433,1.9284242020590172,2.168560195292842,2.5109579355395217,,1.2391801761186028
2016-05-04,1.1898070507102079,1.8731119594195889,2.11565094679392,2.4634005308356137,,1.2123020738567942
2016-05-05,1.1561560845887109,1.8213048773470055,2.067268656641688,2.4152560172053,,1.1796346721257278
2016-05-06,1.3207019281416497,2.0335944770147028,2.2374102013450305,2.535244728594272,,1.357224352155015
2016-05-09,1.3831922142237103,2.150705902942856,2.3680872393831507,2.580568081167038,,1.4448925131964236
2016-05-10,1.3415944084006166,2.085867391838949,2.307607398358035,2.527873832291157,,1.405305028364453
2016-05-11,1.3048610423555163,2.0254286625276876,2.2616394020304313,2.4862086768765685,,1.3693695869389553
2016-05-12,1.2666396814583842,1.9650064773452471,2.204424545036592,2.435715631611327,,1.3298349896268913
2016-05-13,1.238259746029222,1.9085177817975219,2.1501295148237705,2.3894785459570627,,1.2944632188345326
2016-05-16,1.2130982023447974,1.8949257756295286,2.137893166040381,2.361195106127678,,1.2660028912971766
2016-05-17,1.1827199147709808,1.8458408145517133,2.085582500084603,2.320958609932063,,1.2395940746289713
2016-05-18,1.1608867807813934,1.9239632857566027,2.1639690770203504,2.3634653090682542,,1.2580764047586173
2016-05-19,1.1297300143507596,1.8758154765802282,2.118868828724516,2.322773340486465,,1.223603852202835
2016-05-20,1.1049711516377188,1.8375044830793215,2.078090358249732,2.288747215313614,,1.192782939753604
2016-05-23,1.076218040540485,1.8054839245758798,2.0537368116969943,2.2602477503489276,,1.1649327500333702
2016-05-24,1.0702242578664867,1.7850505977007214,2.0249089017114423,2.2315430865513144,,1.1589507194988131
2016-05-25,1.0426805005632152,1.738038663235318,1.976375101610982,2.1891351442929627,,1.128653738490091
2016-05-26,1.0158545633711602,1.691450501658951,1.929896942385412,2.151712669965974,,1.1001581333819195
2016-05-27,0.9904708746212361,1.6443107696583505,1.8848640229097595,2.118436572917041,,1.0732746183461188
2016-05-30,0.9659269555899914,1.6048006647178772,1.8457277087740724,2.0807761535156146,,1.0471460845878597
2016-05-31,1.270813748241527,1.8534461051014823,2.0270531401797847,2.265310960379417,,1.235325278069402
2016-06-01,1.2405419197827958,1.7992414754399768,1.9786560146491419,2.219977788393117,,1.2041878821050231
2016-06-02,1.205167192882322,1.7517324773049474,1.9426542843310932,2.1810236086052996,,1.1723176854893358
2016-06-03,1.1819360217222434,1.7016330400875195,1.895147548382744,2.1406828505568987,,1.1453965516640947
2016-06-06,1.153824331023068,1.6536199832187044,1.8497002909723785,2.1003102149349844,,1.116161664345339
2016-06-07,1.1218977450988223,1.6080055380553082,1.8051012318235267,2.059530220970896,,1.0904543760533072
2016-06-08,1.0979791767514695,1.5671291302431098,1.7623792324918561,2.0228417414093958,,1.0805663585508407
2016-06-13,1.3424962320461136,1.914721505410527,2.089759150384193,2.3482004716238074,,1.2794653901509867
2016-06-14,1.3061692626478312,1.8627998729105042,2.0459380083655807,2.30242206743251,,1.2466186784477609
2016-06-15,1.307136969107066,1.9693941806991542,2.152965161597318,2.353505748171594,,1.2572749258226734
2016-06-16,1.2861233154127587,1.9198961017775655,2.099899275974589,2.330415293133836,,1.2364568753064256
2016-06-17,1.2541966127584485,1.8670404851916926,2.0509206332530754,2.291976281095691,,1.2169076498194373
2016-06-20,1.2175480780852448,1.8129801994904007,2.001352847429801,2.2471977050545333,,1.1843472108058841
2016-06-21,1.1846005859716624,1.7890406270004866,1.979392317906522,2.2217940065203714,,1.156889569449029
2016-06-22,1.1712603454366408,1.7777406484398377,1.9795189727326383,2.235177417120302,,1.1439822664305253
2016-06-23,1.150250411399737,1.7362211945367347,1.9345100168421059,2.194480879408119,,1.1333081284409485
2016-06-24,1.1700835827213785,1.7177842766646463,1.898299981804051,2.154261543383572,,1.1624640057968416
2016-06-27,1.194443970684768,1.7675681455367007,1.9375946768580994,2.1943935431607398,,1.181839620418641
2016-06-28,1.1644971426064241,1.7263399662352594,1.8950584383140507,2.1570609875315245,,1.1547598641471264
2016-06-29,1.1362778088095253,1.6768261634072308,1.8490597936213793,2.1170387083879554,,1.1256390552453912
2016-06-30,1.104818032985011,1.6292775261561172,1.805074057543112,2.080097458846235,,1.0971672830321988
2016-07-01,1.0593332367038188,1.5703019546273511,1.727536780088922,1.997882983063988,,1.0441532514336458
2016-07-04,1.103073182596203,1.5914539802587442,1.7324772636542645,1.9856586707837174,,1.0761124510165623
2016-07-05,1.07342891893175,1.5510898151271344,1.690914084343199,1.9470903005780833,,1.0485214147695667
2016-07-06,1.0466430836889913,1.511623937945408,1.6509619994101796,1.9092836050833322,,1.0240181207717258
2016-07-07,1.0220850051790078,1.4729404552980236,1.611996163438411,1.8736739287439192,,1.0099620390279302
2016-07-08,1.0075161517676419,1.4390123279678668,1.5757996388439741,1.8369519566268906,,1.005580766454932
2016-07-11,0.985474163950956,1.4024795678672926,1.5508241991505451,1.8137552642794146,,0.9835490249843777
2016-07-12,1.099002775492211,1.395312117718417,1.5233518271666384,1.7963087566927856,,1.1062933044988728
2016-07-13,1.0698232333727573,1.3673406757987803,1.4966880966636,1.7874823564054023,,1.077362715536242
2016-07-14,1.0436827923258059,1.3333333273721093,1.4629678807515492,1.7530424109686054,,1.0579551850079987
2016-07-15,1.0167757861628115,1.3032930819534831,1.4422601165202482,1.7438191784364863,,1.0316594194335216
2016-07-18,0.9988573216622874,1.2783728847136688,1.4163774849614845,1.7156429553280363,,1.0061362323542724
2016-07-19,0.9808088295582535,1.2489609284534389,1.391489730381055,1.694904418620109,,0.9940699532147109
2016-07-20,0.9611496393876936,1.222493984954956,1.362200528076164,1.665091157370683,,0.9740647021684876
2016-07-21,0.9440490300904121,1.1960659681545804,1.3333467554852063,1.6347431744409002,,0.9595722771074054
2016-07-22,0.9511586449619442,1.1902467782867252,1.3242291662510306,1.6123074561538486,,0.9855136780088611
2016-07-25,0.9294664468066012,1.1644018914183427,1.2970914692600182,1.5834938989808318,,0.9671266275824668
2016-07-26,0.9519214429535171,1.173378700849087,1.294763456065033,1.5803525135976122,,0.9943584731761506
2016-07-27,1.023848616153651,1.5346389142194732,1.701602865827024,1.9366835303057823,,1.0524208956848227
2016-07-28,0.9981908858419389,1.4975665301744472,1.6608049505275082,1.9007290579895015,,1.0773951856523818
2016-07-29,0.985031883797543,1.4702868561949993,1.6346211852037527,1.8718473175149468,,1.051790737853378
2016-08-01,0.9860730402728075,1.4803017635886357,1.6399326304715607,1.8503472515850725,,1.0535903802108728
2016-08-02,0.96640143525386,1.4601011469664396,1.61698006688373,1.818476554921907,,1.03120384677488
2016-08-03,0.9431472032594169,1.424252333294426,1.5797012228605924,1.7849135448674585,,1.0061681407569607
2016-08-04,0.9219929290227267,1.3928900492416112,1.5501369927712039,1.7601856849651139,,0.9821242105473946
2016-08-05,0.9008644884622413,1.3687134296922183,1.5244836850230317,1.7424574572276965,,0.9588393488881755
2016-08-08,0.9061619374557615,1.3716898588504916,1.5108199688316137,1.7204330692405176,,0.9671458433006442
2016-08-09,0.898508446542388,1.3446397417503029,1.488014202179919,1.6984711291870387,,0.9523198351597988
2016-08-10,0.8881871662467791,1.317817571409049,1.4599640840338834,1.6790494622197356,,0.9417047879689509
2016-08-11,0.8730178616238382,1.336782076592275,1.479117832956634,1.6813095481005433,,0.9271153573762733
2016-08-12,0.9733651770177623,1.3327352867028959,1.4632664520447705,1.661152543006354,,1.0181729274470526
2016-08-15,1.1927582285879716,1.3897508393060372,1.5003479612939594,1.7476220250572645,,1.1416411586680086
2016-08-16,1.1714792720524245,1.355156546866588,1.4697687016292489,1.7141501716814793,,1.124120792242762
2016-08-17,1.1396323030917284,1.3220904513367502,1.4375713012248321,1.6819850857614156,,1.0943839529342925
2016-08-18,1.1108931242320526,1.2900557109341182,1.4067685279244917,1.6527934564266704,,1.0685017235895335
2016-08-19,1.0807955602792418,1.2590311430037286,1.3762951537999424,1.6219577884858618,,1.0412953536041976
2016-08-22,1.0764195023441405,1.2699339602199031,1.3839128380754369,1.6347282253143616,,1.030215741438616
2016-08-23,1.048458771326711,1.2399443100705627,1.3544016871867746,1.605563429398291,,1.0047155171381854
2016-08-24,1.0268803610142345,1.2109083879019455,1.3265607488446034,1.5822807800785441,,0.9849828352391472
2016-08-25,1.0147892601664381,1.2038020853670224,1.3151723006024831,1.5600235390546153,,0.971282239684687
2016-08-26,0.9893215759551447,1.1797635624644056,1.2895322487763214,1.5332774272561174,,0.9502036234688052
2016-08-29,0.9648890603754394,1.1534414851956045,1.2635151787025924,1.5058159699863085,,0.9286691453699899
2016-08-30,0.9417413359392645,1.1285582355821513,1.238753457877827,1.4791543713252322,,0.9084102798182664
2016-08-31,0.9254517588613691,1.104042583937923,1.2149139389721608,1.4545564982185117,,0.8928287112825257
2016-09-01,0.9307772397187402,1.1035668422759644,1.2087123022259678,1.4344011393128615,,0.9081081264439148
2016-09-02,0.9138196989455875,1.0850809145218594,1.1929137737695203,1.4146345656858998,,0.8899709727101067
2016-09-05,0.8932952673583434,1.0679803538483275,1.1729192800147552,1.3937442765546746,,0.8745164288753893
2016-09-06,0.8876692222772572,1.0992091716542645,1.198231111270136,1.4128717133298268,,0.8752047258316387
2016-09-07,0.8690239792824233,1.0771249911186973,1.1789332852891388,1.3968704211080496,,0.8572394760646717
2016-09-08,0.8508050955803066,1.056379423543573,1.1593999638948456,1.376160441485733,,0.8401605718757583
2016-09-09,0.8519399979437291,1.0549748169268882,1.1568932599928383,1.37113704076674,,0.855352413323348
2016-09-12,0.9382719968425233,1.232782125487788,1.354020645595681,1.4545899000919793,,0.9574138499556537
2016-09-13,0.9163098091337724,1.2109206426742698,1.3435947956013483,1.4294693244104548,,0.9368847468587314
2016-09-14,0.9136765187937869,1.1986298292052373,1.3237217169084452,1.4055314168701603,,0.9539028921499085
2016-09-19,0.91190204992694,1.194302370266616,1.3175204232450126,1.3925793021319188,,0.9650819074439416
2016-09-20,0.8939399298917174,1.1683544277521536,1.2919919869689644,1.373018666577378,,0.9426926101860545
2016-09-21,0.8761431155038588,1.1423759126437627,1.265910812207127,1.350335773245599,,0.92127625075166
2016-09-22,0.8741267576687841,1.1246369541721477,1.2422163679371578,1.3286536396221769,,0.9249824874483796
2016-09-23,0.8674419144109377,1.1043974773678613,1.226309452217728,1.314835958143616,,0.9173414285986768
2016-09-26,0.9547801797078854,1.1924615501977027,1.3017743224290586,1.3368325724645747,,0.9803911143607268
2016-09-27,0.9473419204026803,1.1793155357179508,1.2868174053981456,1.3259181058929073,,0.9710633643121744
2016-09-28,0.9303966408212146,1.1543632653179396,1.263101307283595,1.3054470430887661,,0.9509757840470905
2016-09-29,0.9137500715365275,1.1294853043235749,1.238635129816697,1.2853181955874198,,0.931712536390951
2016-09-30,0.8942772074955349,1.1076491576097893,1.216619595727616,1.2652496835782794,,0.9116669626425632
2016-10-10,0.8895025602201934,1.147587201665849,1.2648113057768307,1.2796018492121048,,0.9038549335292576
2016-10-11,0.8696287639880236,1.1263768100449882,1.242945643813477,1.2543614090824107,,0.8796038611553019
2016-10-12,0.851166550371725,1.1033728681821071,1.2188844970334858,1.2299126021714382,,0.8601437587408056
2016-10-13,0.8306137176434158,1.080428475305269,1.1957222847624172,1.2061693001880087,,0.8394799927603075
2016-10-14,0.81102020563567,1.061167104825409,1.1753183138632382,1.193026461600556,,0.8184465768790554
2016-10-17,0.8255914882998402,1.0629720975147179,1.1754405048496714,1.2001692810118352,,0.8249636850817031
2016-10-18,0.8725663207929113,1.0934616061609292,1.2008184385645164,1.2153800431457658,,0.8743667890940503
2016-10-19,0.8540980703232464,1.074880780442466,1.1814025179716043,1.2030561697215418,,0.8561351190920936
2016-10-20,0.8333886993117695,1.0529599052230267,1.162427828474951,1.1822781801624225,,0.8340088342471312
2016-10-21,0.8153966959677972,1.0372386775970117,1.1529764388094388,1.168337114036072,,0.8187225806503998
2016-10-24,0.8461240889238167,1.038030854011623,1.1397807362136936,1.1616554138577977,,0.8292464524404697
2016-10-25,0.8264215289373412,1.018560506570368,1.1211460195961829,1.1402758557564239,,0.8107664882332517
2016-10-26,0.8145764137998976,1.00915995309415,1.1091416819699262,1.1318573038133686,,0.8176471904639949
2016-10-27,0.7996295769864972,0.991741963846652,1.090466021432378,1.1112489760046904,,0.7986526999753161
2016-10-28,0.7833155456604355,1.0018072223319647,1.096076804866154,1.1062573421809547,,0.7983180103229909
2016-10-31,0.7670912857564389,0.9829738357684251,1.077753772146367,1.0879267946272928,,0.7790288533629628
2016-11-01,0.7673460322900035,0.9805074203708001,1.0819546674790965,1.0796630114749166,,0.7755321577535991
2016-11-02,0.7821707819923633,0.9876051921984668,1.0816037704167054,1.1089088028714182,,0.8067272168100353
2016-11-03,0.8008751345108375,0.9731497340406966,1.0720144797798463,1.0910750475596283,,0.8064731272320506
2016-11-04,0.7904807597738628,0.9609126931673729,1.0591431708584835,1.0760956112167301,,0.7964885757127416
2016-11-07,0.7727774440800629,0.9434320120423072,1.0425977042095609,1.0691914322831295,,0.778022805289025
2016-11-08,0.7616884858621955,0.931743014540159,1.032513855538155,1.0686318911616295,,0.7670989770348284
2016-11-09,0.7618487468516025,0.9384856148480112,1.0346084981108241,1.090159939158222,,0.7690242130589374
2016-11-10,0.7953540228336614,0.9647016293613785,1.0557627643061287,1.0889989132140516,,0.8183980206096596
2016-11-11,0.7955222509743693,0.9551337097620275,1.0397847465819214,1.069535323346124,,0.8021898567680801
2016-11-14,0.7807611056871226,0.9408997729209511,1.024464392460234,1.0585694420080627,,0.7828534574786016
2016-11-15,0.7638477355858496,0.9260722987240538,1.0120698928153764,1.051091658467495,,0.7643589386972973
2016-11-16,0.7475931924299265,0.9101561097282967,0.9970280861865893,1.0328396538244105,,0.7478768250710691
2016-11-17,0.7328346228565225,0.8962284748949622,0.9896832209441786,1.0366395769101044,,0.7381111141183869
2016-11-18,0.735411549517007,0.8925704528409468,0.9792687729784872,1.0203074294925338,,0.7292840888292256
2016-11-21,0.7398090396758937,0.8780459816728103,0.9661793640882871,1.0052396489386766,,0.7378627234739132
2016-11-22,0.7457647389324558,0.8764902275352772,0.9659257909545226,1.0171517165776074,,0.7324536287450968
2016-11-23,0.7304822550313027,0.873479939471781,0.9726609710065136,1.0111219307098023,,0.7192180930394824
2016-11-24,0.72067385942862,0.8608561173182803,0.9732922056832313,1.0138559975419523,,0.7144931956602938
2016-11-25,0.7388275369436521,0.8514491052514161,0.9604715057541775,1.0180917301395263,,0.7272052278985711
2016-11-28,0.7271144553322558,0.8391767151250868,0.9481079809188768,1.0018576934554737,,0.7204140768378012
2016-11-29,0.736798677572187,0.8506815900023542,0.975120368974329,0.9878316863594879,,0.7095648678991487
2016-11-30,0.7523593966522883,0.8487967871759967,0.9625842604236574,0.9953054460876313,,0.7629868347447265
2016-12-01,0.7603985145152478,0.8445004244575207,0.9530302239113675,0.9797532635215732,,0.7888633920817851
2016-12-02,0.7963109366550701,0.9194394127547646,1.0281857934205239,1.0421299559082955,,0.8313521871095998
2016-12-05,0.8896134673212441,0.9123941902719417,1.0187557509247465,1.0242370496979625,,0.9090893902990008
2016-12-06,0.8698722432013548,0.896903944606375,1.004120827271089,1.0336450694275543,,0.8848715862607617
2016-12-07,0.855635372713616,0.907493995207142,1.0125401239101879,1.0239588886264186,,0.8682594639165668
2016-12-08,0.837217345998775,0.9039563235582185,1.0138597582792923,1.0322610325862849,,0.8466512749448122
2016-12-09,0.8327275624409283,0.8912018837384466,1.0032789940338689,1.026306173268452,,0.8504633373196643
2016-12-12,1.0350398722006517,1.2978768154337836,1.5771115212629896,1.5645206135416043,,1.0702435923815603
2016-12-13,1.006402712495137,1.275264593949986,1.5514776832304114,1.5318471440445156,,1.0381539279934717
2016-12-14,1.00091515907829,1.2577055925263922,1.5270259469160306,1.5203212147437766,,1.0299287186570063
2016-12-15,1.0173345324343492,1.2364103765909995,1.5099071272452977,1.4941515188433863,,1.0417731779932693
2016-12-16,0.9903095746981178,1.2131676312492992,1.4893684314670494,1.478587055016213,,1.012819297007861
2016-12-19,0.9747180495021399,1.1862778776888723,1.458079300019147,1.4639787132122295,,0.9844183682266309
2016-12-20,0.9621011584991824,1.1642162679848862,1.4267191111924018,1.4329836149691064,,0.9743404574418547
2016-12-21,0.9619437769941975,1.149002035933193,1.403123763387981,1.4054348038952185,,0.9779457106353722
2016-12-22,0.9376906198514181,1.1255783419633383,1.373905616448245,1.3784281807015448,,0.9499073206316344
2016-12-23,0.9413271936868839,1.1274438939641624,1.373661226076828,1.3725457091390016,,0.9718447156010579
2016-12-26,0.9232731518297758,1.10405994690198,1.3482868822691207,1.3481406011762156,,0.9470020277168599
2016-12-27,0.9019588131818753,1.0820475727562886,1.3203915762206606,1.3229701113339063,,0.9204728746765518
2016-12-28,0.8877772153883116,1.0636754097634273,1.2987009511322678,1.303387881080453,,0.9041903630560302
2016-12-29,0.8664913899707487,1.045555851302778,1.276712598014544,1.2771992584457117,,0.8811470717006527
2016-12-30,0.849113155627386,1.0249228794284322,1.2514179816133726,1.2518027662377944,,0.8644543977483238
2017-01-03,0.8330223294197151,1.0084012953486505,1.2419126462516532,1.2586294135568128,,0.8480992833092212
2017-01-04,0.8301364482432737,1.0171649348943892,1.2399940400129104,1.2721441557754494,,0.8442545179897034
2017-01-05,0.8086909470839823,0.996596474259641,1.2157328925152744,1.2528709776667477,,0.8203577501964798
2017-01-06,0.8054189471481035,0.9840923268246045,1.2057121229304322,1.2482401894997681,,0.8089663404252063
2017-01-09,0.7930632656316187,0.9758546021898,1.187053468110931,1.2250879761015558,,0.7982061940133292
2017-01-10,0.7752831259563082,0.9626302256905751,1.1738936211364266,1.2083738874668621,,0.7829403659404542
2017-01-11,0.7804846862200395,0.9741565296328506,1.1785308039893305,1.1976288294014912,,0.7941041041904379
2017-01-12,0.7731896071694162,0.9809660923576988,1.1742752819666895,1.1789805816276533,,0.7911860930874806
2017-01-13,0.7538457388683989,1.0064648070214648,1.2296270465669494,1.2106570166905097,,0.769670696909013
2017-01-16,0.7355555611558776,1.1631366457257184,1.5432262907170249,1.4311477599861089,,0.7491211869643869
2017-01-17,0.7189035328228445,1.1563440805397398,1.546052869872963,1.4823773486835656,,0.7302903774359707
2017-01-18,0.7069469856068972,1.1331269020623367,1.5174550769977522,1.4812352441722219,,0.725207818910277
2017-01-19,0.6971040533878922,1.113462686917037,1.485286152364557,1.449376467062966,,0.7121772220770589
2017-01-20,0.705961376863932,1.126521782943726,1.4964073194335343,1.4821252465483392,,0.7265356796754728
2017-01-23,0.6913178892568175,1.1124028722996664,1.4711588038689167,1.4506844702017336,,0.7079798460926023
2017-01-24,0.6757699927952595,1.0893574410611402,1.4470506959704144,1.456108693781859,,0.694643297760845
2017-01-25,0.6647884272277285,1.0664268341166692,1.4151020797125022,1.4300217135566977,,0.6776931735650472
2017-01-26,0.6545340430549763,1.053725838261728,1.3885892122562922,1.4095834696461147,,0.6620046922527836
2017-02-03,0.6697429204359037,1.0354904381542205,1.3613330226892433,1.3866083512752423,,0.6735053273317251
2017-02-06,0.6576334807044381,1.0299748404523075,1.3559476889337445,1.3854295211102199,,0.660721766723578
2017-02-07,0.6477647799849988,1.0096212209549094,1.3267212527225987,1.3662548012831381,,0.6453530527830914
2017-02-08,0.6456935662315444,0.9958444980093737,1.3058766018645755,1.3485652526394611,,0.6348924904086347
2017-02-09,0.6371096186909999,0.9833804182784678,1.2865826758680068,1.3249878944965663,,0.6270472163973835
2017-02-10,0.6339337048489545,0.964043941799159,1.2652641677094814,1.3047740991660997,,0.629223862868693
2017-02-13,0.6393381928695482,0.9507257364366766,1.245621507819075,1.2828484367847335,,0.6377407961870126
2017-02-14,0.6265572905603515,0.9327402802235792,1.2217419438964352,1.2596788334190046,,0.6293483928105122
2017-02-15,0.6254844286034921,0.9491616851510659,1.2207148452576984,1.2527059388626869,,0.6166367044321198
2017-02-16,0.6272506616807508,0.9466152057885483,1.2050936033329025,1.230360090895727,,0.6154968846187121
2017-02-17,0.6363513839158551,0.9543891134267214,1.2048284888372323,1.2218353976886136,,0.6387006562724058
2017-02-20,0.722412911636956,0.9771017362699578,1.1974392562483707,1.2073211086410887,,0.7716337559293781
2017-02-21,0.7075741200745057,0.9689565551516188,1.1883322340479738,1.2189515706602716,,0.7509921344437134
2017-02-22,0.691945722690863,0.9571544763795775,1.1659991958019886,1.197063015762673,,0.7422929332363416
2017-02-23,0.689995015960946,0.9392873530994704,1.1442116923090955,1.176652234839809,,0.7407990843377642
2017-02-24,0.6743894589021637,0.9218207756920344,1.1246933818304188,1.1626339057045068,,0.7234588748546348
2017-02-27,0.6948238430044912,0.9281263027682641,1.1241043386678262,1.1524187505628192,,0.7522070929229866
2017-02-28,0.6802464029518359,0.9153638436917453,1.1066726348298146,1.1322641063989567,,0.7400539677646805
2017-03-01,0.6655556406538404,0.899562415365714,1.0873846809282806,1.1137205402644828,,0.720882393587565
2017-03-02,0.6780002548132976,0.8948781950204824,1.0831088916616278,1.1049916370795339,,0.7192068752301357
2017-03-03,0.6658579363031416,0.8808779261452381,1.06796492722359,1.0901521425407785,,0.7010069690846032
2017-03-06,0.6635774087615391,0.8910091100395352,1.0786386739478488,1.1374879932825455,,0.6929651783965575
2017-03-07,0.6501861717477401,0.8755918557755179,1.0604479586462079,1.1260184585589528,,0.6760040896948426
2017-03-08,0.63882140056234,0.8681651778025024,1.0498192372592083,1.1198950345203798,,0.6662678557661157
2017-03-09,0.6496950927021432,0.8816369757684358,1.045121620101579,1.1079059577085586,,0.6882395374676366
2017-03-10,0.6359565355995357,0.8668836604618841,1.0284434955721888,1.0905805820990417,,0.6716122177253671
2017-03-13,0.6577653062859217,0.8747325453455013,1.0221709853464225,1.0968119027976198,,0.6951764861581999
2017-03-14,0.6444818552816359,0.8638931197682782,1.0099561523718388,1.0922134444629434,,0.6795499419697634
2017-03-15,0.6321011684446195,0.8506450186220508,0.9956684919148739,1.0744009335015439,,0.6667293896183487
2017-03-16,0.6299819966544434,0.8578759268132102,1.006256299861595,1.061031639799247,,0.6552554029005716
2017-03-17,0.6787193423302845,0.8784296966038758,1.0128589488548725,1.0653918290224662,,0.7085604241649617
2017-03-20,0.6640107560500713,0.8647962360950131,1.0004968546317963,1.0496731205124366,,0.7010646260715606
2017-03-21,0.6586674549388024,0.8514548197747766,0.9860503607508695,1.0357445797222224,,0.7216670395968681
2017-03-22,0.6594398888307069,0.8415034446644286,0.9834687288974491,1.0323163778300204,,0.7257810485842532
2017-03-23,0.6499886822505335,0.8286920751184192,0.9697845172153893,1.0168964057162717,,0.7083684835867593
2017-03-24,0.6631789121613295,0.8222896197480716,0.9566716965089808,1.0179737489791063,,0.7217472688721019
2017-03-27,0.6575243038215904,0.8209088222761691,0.9465055602457821,1.0273717203998813,,0.7121237111930758
2017-03-28,0.6474549063618716,0.8119471041896299,0.939403506149305,1.012777444992671,,0.702539434735152
2017-03-29,0.6355263287344339,0.8039755302641456,0.9496580589954892,1.0147137915873379,,0.687528941433108
2017-03-30,0.661516667308489,0.8838531573456554,1.0502822770475404,1.080594668642352,,0.698465878131651
2017-03-31,0.6615410272971145,0.8740821483743892,1.0370882862608393,1.0770778772416287,,0.7075198632554137
2017-04-05,0.6723298621886334,0.9261761807000712,1.076760708425117,1.066168448541193,,0.7206234210907687
2017-04-06,0.6552920258572031,0.9063532035852226,1.055419836735782,1.045947379056538,,0.7022803235233918
2017-04-07,0.6370018849478841,0.8879790480054481,1.0351189374644876,1.0264024587468032,,0.6812618668431888
2017-04-10,0.6292879364172101,0.8714901061823469,1.052564938170134,1.0794054300486169,,0.6621925037694156
2017-04-11,0.6160976694728313,0.8774962738841402,1.0490156572842706,1.0614307962828402,,0.6462635196814791
2017-04-12,0.60457607473148,0.8850714357490856,1.0534639021376597,1.0685980364160048,,0.6277832370883847
2017-04-13,0.5886024167859358,0.875757599477038,1.0355696348295127,1.0602912138374427,,0.6250572778062752
2017-04-14,0.6162539074977899,0.9194708625470254,1.079699858417648,1.077158411669539,,0.7007489727667167
2017-04-17,0.6031789380784022,0.93609115228654,1.1081695634724167,1.0777822793631509,,0.6968040343551559
2017-04-18,0.6051594808150155,0.9268977508840889,1.1073759939957184,1.0815324876860224,,0.6817012492713259
2017-04-19,0.606333620974591,0.9422978959682902,1.1217698982123603,1.060917699815255,,0.6754658782855661
2017-04-20,0.5982144188824753,0.9216160338995835,1.1050285154904553,1.0423062284752778,,0.6616502575509774
2017-04-21,0.5824820020143979,0.9213799419610883,1.089854408120413,1.0329102191981465,,0.6422834652148418
2017-04-24,0.6348373638568121,1.0877502267361678,1.290418887088864,1.0712484710522678,,0.720193935027937
2017-04-25,0.6198958507296868,1.0657579764289529,1.2675927972408687,1.0581555433748413,,0.7060031733478299
2017-04-26,0.6031078950089627,1.0412598237224757,1.2399210251178356,1.0381049921132834,,0.6846500731008547
2017-04-27,0.5869810574845538,1.0176512839766056,1.2173243111865684,1.0529903862168706,,0.6701703127397783
2017-04-28,0.5760291724539635,0.9954980707212611,1.1940244947356276,1.0356412451186259,,0.6781524372818248
2017-05-02,0.5733223961714871,0.9727713886200418,1.1680770866922854,1.0163880417035867,,0.6769939268599307
2017-05-03,0.5711781651069665,0.9549785433452732,1.1446898813364896,1.0060835010994742,,0.6845158438141024
2017-05-04,0.5627732780551998,0.9384659773001286,1.1241620023307433,0.9881738954473939,,0.6652470251155879
2017-05-05,0.5786233326470663,0.9790063918132267,1.1461377573175704,1.0004145342154172,,0.6678885123493878
2017-05-08,0.597683099855743,1.052904073558646,1.1984219577287307,1.0425027664729556,,0.6930697707442088
2017-05-09,0.5854759774499514,1.0380514524887614,1.184781682282715,1.0398679255173582,,0.6730773395126194
2017-05-10,0.5855053416380713,1.136046756822623,1.2594649529007653,1.0949519667151943,,0.7245652573120089
2017-05-11,0.5841734226699835,1.1095352458142773,1.2425913465837237,1.0740549869244016,,0.7133644778965054
2017-05-12,0.6026059123505062,1.0840660643522189,1.2154578451669151,1.0536472347191392,,0.7126844219426269
2017-05-15,0.5922152577790935,1.0630473682389807,1.1895543545283374,1.034634606736874,,0.7047326555920922
2017-05-16,0.6109428062297354,1.1329607190042688,1.2548968106758152,1.1079185451471825,,0.7382154780399063
2017-05-17,0.6165129494306242,1.1055306122902406,1.2263943426647155,1.087890706394446,,0.7244219578445666
2017-05-18,0.6094620453538425,1.100941819340976,1.2125920265071257,1.0736250080013119,,0.7186795185526305
2017-05-19,0.5935113405753308,1.0746546058075188,1.1860955796046981,1.0635889804282683,,0.7008618083397065
2017-05-22,0.578790655037825,1.1070952605706654,1.2401509882718436,1.0548178389634806,,0.6887815177224973
2017-05-23,0.5688629641694603,1.1874378873185707,1.4047103792772997,1.0970441324016038,,0.6695723728205158
2017-05-24,0.5545009744561559,1.166827351395393,1.3807714974187484,1.1029047978159408,,0.6499897675221213
2017-05-25,0.6990560519815336,1.1526388133974776,1.3576046629920395,1.0812723127149508,,0.7148815601571357
2017-05-26,0.6820697153362136,1.127558938380184,1.3256716617177047,1.0851216505282264,,0.693130619924083
2017-05-31,0.6666757711583498,1.1023139792893129,1.2971941657379498,1.065790092997511,,0.6724643497385355
2017-06-01,0.6480849912605072,1.1746692064509792,1.4198434135433748,1.1379367598367296,,0.6567952765241502
2017-06-02,0.6385161005251958,1.174150516163287,1.4181733092026279,1.1415614139647245,,0.637850005968141
2017-06-05,0.6389066278928566,1.154337853163287,1.3939771414835898,1.132348970873988,,0.6409217274239623
2017-06-06,0.6417830491552947,1.1287309269056134,1.3625076088714427,1.1107609153654932,,0.6326767472727285
2017-06-07,0.6842563195005545,1.181749101637024,1.4043497752977772,1.163466209109644,,0.6975585323257603
2017-06-08,0.687274825607069,1.1528782410470941,1.3727632574999176,1.1435093292708756,,0.7081947196868743
2017-06-09,0.6734323823165931,1.1249290374152903,1.3397754207355832,1.1206073779777168,,0.6882655190462098
2017-06-12,0.6553097141903954,1.1326102734846122,1.3515777663554813,1.1285074260981893,,0.6687474257569095
2017-06-13,0.638073483025571,1.1443821379067072,1.3660536057881667,1.1361803261731809,,0.6516403961393418
2017-06-14,0.717043276299746,1.1197721444259907,1.333498269954461,1.1163642156953766,,0.7547299567517513
2017-06-15,0.6992150550445417,1.1103671916321731,1.329517334190211,1.1387180274896316,,0.7461252604493216
2017-06-16,0.6855166866020784,1.0853016031819234,1.301046774974583,1.1202546267923614,,0.7509126968804211
2017-06-19,0.7068745350060275,1.070656689113152,1.2775200722678384,1.1007358866116266,,0.7457158755072854
2017-06-20,0.6906574599111839,1.0453522348253916,1.2481734680903356,1.0801692418052533,,0.7256280605441465
2017-06-21,0.7279348170449366,1.0211304582722713,1.2201037285851513,1.0599645740138692,,0.7588852783482691
2017-06-22,0.7068096773243226,1.0566984747299633,1.2665796190798493,1.089755390497438,,0.7364281632422275
2017-06-23,0.71895737824825,1.0339348628518248,1.238220514041452,1.075893035480913,,0.7399701114195495
2017-06-26,0.7595877690357469,1.0755267903063526,1.235510122958625,1.066942202888696,,0.7663848414266835
2017-06-27,0.7375592055197242,1.0504478634420698,1.2077764227974095,1.0470162832578345,,0.7427215225718103
2017-06-28,0.7494613071793332,1.0329327874580214,1.1944818139747808,1.0376903007434521,,0.741078674847657
2017-06-29,0.741337710327903,1.014188886846653,1.1727200438148364,1.0206642065372373,,0.7212923470605221
2017-06-30,0.7205821764678321,0.9924015010594036,1.1474216313036472,1.0029711998350739,,0.699524916387068
2017-07-03,0.719588511275365,0.9974929307894608,1.1580109011494877,0.9843657378485213,,0.6810180352254607
2017-07-04,0.737691428886363,0.9859455538882101,1.1374383753181134,0.9700989833328935,,0.7005345650313369
2017-07-05,0.766279340629601,0.9790421241555413,1.1304164113153978,0.956183472324581,,0.698431470905763
2017-07-06,0.7447517370394952,0.9581545100575675,1.1081821094870596,0.9390481660189635,,0.6780862461637659
2017-07-07,0.7252487435238735,0.9407955112601727,1.0878361587947407,0.9233232289846793,,0.658312497448508
2017-07-10,0.7056584017030235,0.9262092716492859,1.079078194257433,0.9841779871675477,,0.6459930329414065
2017-07-11,0.6933234846552799,0.9566214501300302,1.0960027036341589,0.9900275154269488,,0.634763182527155
2017-07-12,0.6830313022843527,0.9366617779003978,1.0752473176709467,0.9725017708092439,,0.6359087401994967
2017-07-13,0.6884221215434861,0.9184909676782038,1.0553508466892745,0.9597316498660687,,0.6193148588033908
2017-07-14,0.6747290523575348,0.9055104775972719,1.0457054581882292,1.02561718269082,,0.6157659848556105
2017-07-17,0.7220906877252083,1.3126184738623925,1.5693643745376156,1.4872696422789713,,0.698009740360355
2017-07-18,0.7019040921711864,1.3101085771067222,1.5631242812864519,1.466793565450416,,0.677242431492555
2017-07-19,0.8006751272808953,1.3516196817300157,1.547080547784656,1.4501317652821397,,0.7353371804433894
2017-07-20,0.7821226886205025,1.32228176973988,1.5113666424278527,1.4180612069177603,,0.7355634423753908
2017-07-21,0.7758349688930962,1.2916311862138568,1.4745111905919726,1.3865219091847594,,0.7150656595015206
2017-07-24,0.7584229494963677,1.2666752107628048,1.443137100254419,1.3567528114305878,,0.7085713092711022
2017-07-25,0.7607324324628995,1.238042461718296,1.4106084701430712,1.3271025023017993,,0.7072776094921729
2017-07-26,0.747401169999227,1.20868098698881,1.3776887341780557,1.3012848618923112,,0.7040329611082349
2017-07-27,0.7266813099717563,1.186200681016768,1.3736041782358528,1.4991503677536644,,0.6846450953335608
2017-07-28,0.7075539895164497,1.1616303972802826,1.3423643347169072,1.4718759118893585,,0.6683907068682602
2017-07-31,0.6933013640972011,1.1691822432963863,1.322373660104976,1.4390191549750562,,0.6532643943783687
2017-08-01,0.7029695866426193,1.1440634377616778,1.2925871385083714,1.4079303557469893,,0.6475742953725885
2017-08-02,0.6899555644470386,1.1263776237473637,1.2815847677152328,1.3921965333093902,,0.648214296926717
2017-08-03,0.7142653201273302,1.10051867838315,1.2586014965675152,1.3659723606140863,,0.6725731847622938
2017-08-04,0.7106972400594309,1.0864947337176778,1.2385407471263654,1.3474748337779787,,0.6677509942969966
2017-08-07,0.7008980278747332,1.0983914629074318,1.2240792981253654,1.3286734403840232,,0.6648300311374669
2017-08-08,0.6814762138013419,1.0736772421397247,1.1989024979675762,1.350745376911559,,0.6488150225930082
2017-08-09,0.6634389588724764,1.0557349908806428,1.1750713880064874,1.3211422727448285,,0.6317245336902547
2017-08-10,0.6574785972125057,1.053310531411214,1.1663369115437596,1.2977420013042233,,0.6223448838443743
2017-08-11,0.8079198190663687,1.1357540332243834,1.1930845837024588,1.2773062313178574,,0.7778884931180358
2017-08-14,0.8521221851771705,1.2178503340594917,1.264039329823483,1.4075328634828852,,0.7822272683013954
2017-08-15,0.8279574536734164,1.1890662113814277,1.2369381759620417,1.3765368457012215,,0.7686470873657147
2017-08-16,0.8054467177605289,1.160719604523186,1.21359883059587,1.3831602969311316,,0.7554527717515784
2017-08-17,0.7908354351547973,1.1438725354388346,1.2023547925795781,1.3549874848535073,,0.7399171338377177
2017-08-18,0.7677862002831768,1.1209813973874012,1.187114047081585,1.3330247228369645,,0.7179321969641181
2017-08-21,0.7512087628693179,1.1114598943282494,1.174546709294834,1.307239146722924,,0.7004082133181316
2017-08-22,0.7315996478560781,1.0934693754544056,1.1634976684418719,1.2909642275442748,,0.6799621164271543
2017-08-23,0.710865239441149,1.0880087519636679,1.1499388459148303,1.2658978225068855,,0.6610671313093631
2017-08-24,0.7114126279029568,1.0765151256919736,1.13609696659065,1.2463933823419495,,0.6434539532044172
2017-08-25,0.8027414576495431,1.0795913264329793,1.1364670583017922,1.2382911828087275,,0.6981855807782535
2017-08-28,0.8286658986430696,1.0851598352321554,1.1342103263148793,1.2611295412646615,,0.6933764095950619
2017-08-29,0.8090129292148548,1.064441738771371,1.1163790282896562,1.243410201033838,,0.6749102600829084
2017-08-30,0.7855183896078575,1.0511452538086898,1.0980776400073506,1.220157445359941,,0.6550425894815747
2017-08-31,0.769602097008294,1.0282053638268287,1.0784036536659214,1.2006002453359972,,0.6627701899160829
2017-09-01,0.7484157341537048,1.0215051452695825,1.0698131537815818,1.1890533155949392,,0.6444929692491109
2017-09-04,0.7312479808462936,1.0047812624947616,1.0591454173710741,1.1820118283330618,,0.6259502171022748
2017-09-05,0.7124159412585569,0.9829458156440206,1.0402168413686523,1.1574431632367692,,0.608336796108868
2017-09-06,0.6964684239623615,0.9676740540699906,1.0334032820295005,1.1514753956978154,,0.5958703090218304
2017-09-07,0.6935969486212579,0.9669749156487637,1.0241896535085004,1.1383220654882336,,0.585598066523206
2017-09-08,0.6756689740903145,0.9476922995696998,1.007306492821762,1.116386603388424,,0.5720046776070468
2017-09-11,0.6575406675937864,0.9598824849604952,1.0144649524782456,1.1014614488224397,,0.5570749413179388
2017-09-12,0.6427944931955528,0.9411222600834709,1.002398501439954,1.0889907352937582,,0.5485075322649436
2017-09-13,0.6256769628784218,0.93000043940187,0.9886423204199297,1.068484872667009,,0.5346849355375776
2017-09-14,0.6185801613647618,0.913442439756791,0.9741979701921816,1.0531784943904925,,0.5298432631285842
2017-09-15,0.6024825291758822,0.9148341037235376,0.9654767574258523,1.033344642421272,,0.5214481350203434
2017-09-18,0.5899240875616107,0.9101607142304216,0.9663380353721638,1.0376679665577533,,0.5094021011993015
2017-09-19,0.5832931439987159,0.9032152250890487,0.9610937833102616,1.0332339618861235,,0.5085908835490078
2017-09-20,0.5709659722938866,0.9045077521298373,0.9669277632287238,1.0242902344696756,,0.5072667332336284
2017-09-21,0.5595046676688084,0.9380236902327572,0.9956265843654071,1.0323704926437443,,0.4969576636607851
2017-09-22,0.5462346344144186,0.9296743649444072,0.9834503487599301,1.0145492395063198,,0.48516816738201485
2017-09-25,0.555263535375186,0.9586581233658091,1.0277038959692115,1.0297852794357274,,0.4969564243064841
2017-09-26,0.5418241130164977,0.9447843315761738,1.01202551220645,1.0107083569528452,,0.48643076396181284
2017-09-27,0.5292882169120734,0.9461909746357402,1.0092661235711535,1.00846558618708,,0.4752392179714844
2017-09-28,0.5171097331887018,0.9302971659436781,1.0047194996879314,0.9894291382090055,,0.4724141687407784
2017-09-29,0.5106053807457515,0.9179164327895053,1.0117085063222924,0.9813074081450245,,0.46249224292551383
2017-10-09,0.540504396048177,0.9267815841315068,1.0219995071059746,1.023686821239066,,0.4634391153635897
2017-10-10,0.5260025127118506,0.9111435470839081,1.0116261859752473,1.0528006057422878,,0.44956803079329966
2017-10-11,0.5156729087279494,0.9051967907845295,1.0014928546282036,1.0519300888147283,,0.43965606110683886
2017-10-12,0.50381939233441,0.8881739803512557,0.9869039002434956,1.0324131210656395,,0.4271210300425909
2017-10-13,0.49133402466937215,0.8861108950335899,0.9753937181232741,1.0585082896645561,,0.41492442162656973
2017-10-16,0.4831021194136922,0.9270626409144217,1.05751866382776,1.158427159920683,,0.4507650270428564
2017-10-17,0.4706943653444154,0.9089392261386711,1.0390197691932925,1.1360998202829364,,0.43761520848408897
2017-10-18,0.4945375817634484,0.9090086844798395,1.043975982776408,1.1182322550534836,,0.4539464825209954
2017-10-19,0.49318367487672765,0.917369639795157,1.0454567415482918,1.098065864681795,,0.44129341801331484
2017-10-20,0.4819751967361757,0.9309373009352847,1.067894781928621,1.0975415319068804,,0.4283971231212801
2017-10-23,0.46933964721888966,0.9204217999489276,1.052634831655164,1.096674236029588,,0.41595424118292157
2017-10-24,0.48683937181923465,0.9037057163685146,1.0430172983643893,1.0757976413984982,,0.42726220716529595
2017-10-25,0.4823633916121906,0.8977558390093417,1.0344373478000026,1.0637588200583374,,0.4168685477683004
2017-10-26,0.4773769736118818,0.8828166540439027,1.019067787301598,1.0443551534395419,,0.4049284619182757
2017-10-27,0.4918271996535397,0.879528202899818,1.0189069271095277,1.038678259859799,,0.39816043690056
2017-10-30,0.48925384482139556,0.9552839637811014,1.1447100203712572,1.120543031940247,,0.41003234693832574
2017-10-31,0.47746583461453607,0.9518048250082153,1.1429078550580383,1.1137862846249393,,0.41553566996383495
2017-11-01,0.47196815963181776,0.9335553640464478,1.1210516436490892,1.092377743265324,,0.4288952025797684
2017-11-02,0.4598072988202986,0.9469199731793928,1.1350254443079228,1.1126788742399323,,0.4167085184620985
2017-11-03,0.4503265141212398,0.9497625260369438,1.1270038150715609,1.1031855170014957,,0.425642894749404
2017-11-06,0.4684246314366144,0.9753632892142482,1.13004863021874,1.1032755115482082,,0.4458856002895534
2017-11-07,0.49371213557727334,0.9625959476215382,1.1135533659291614,1.0861572693296635,,0.4543225954907142
2017-11-08,0.48470368417155435,0.9431335482552758,1.0936473927910277,1.068349136414924,,0.44096465321580364
2017-11-09,0.4981726041066135,0.9376475640277397,1.0784874449922301,1.0690198316934996,,0.4447554282487128
2017-11-10,0.5254275554686207,0.9227402280409871,1.0593241537710787,1.0651440169433581,,0.4490248992230998
2017-11-13,0.5165775162011541,0.9086891561387468,1.0409855750429702,1.0467920998237508,,0.45190818481159345
2017-11-14,0.5402309653772697,0.9146505335117945,1.0367102440713396,1.0339600032583713,,0.48061168025503653
2017-11-15,0.552634816047484,0.9350821432487741,1.0384328847593634,1.067690588233326,,0.48392560353503017
2017-11-16,0.5678145404352775,0.9191864935794737,1.0218416414956908,1.0560951518352721,,0.4722292202068805
2017-11-17,0.556803293821694,1.1340171332336515,1.2715272255781045,1.1639272684494766,,0.45845331541626266
2017-11-20,0.5547040262568439,1.1406316159330725,1.2512494890626524,1.1882555547961648,,0.45562403364412524
2017-11-21,0.6916522976855792,1.1165212631639536,1.2254186245354892,1.1648351643238888,,0.5482838458011149
2017-11-22,0.671567818356959,1.0940684458067078,1.2004999981773259,1.1420644422024462,,0.5310065033066967
2017-11-23,1.0129833544690456,1.2196913661760973,1.2876733212536735,1.3205897783066523,,0.8823839950700891
2017-11-24,0.9811050051195452,1.1916321167956998,1.2625000852611636,1.2975954894989543,,0.8523569344011797
2017-11-27,1.0144940168057173,1.2050663261166124,1.259176992641214,1.2970351200635208,,0.8609151248419665
2017-11-28,0.9828691499873605,1.2377141102736395,1.2858983600053497,1.3387264661653866,,0.8317621384983369
2017-11-29,0.9524059386679243,1.2095181314287808,1.25862484895917,1.3129916328496107,,0.8050058865455363
2017-11-30,0.9755249729741539,1.1999895585822251,1.239607340146514,1.3014341886823821,,0.7999274708422301
2017-12-01,0.9466148259183328,1.187221270930708,1.2301582798542636,1.346747289258259,,0.7750817101599731
2017-12-04,0.9242541780283907,1.1696160690560626,1.232685557691101,1.3210830675467389,,0.7491979602242027
2017-12-05,0.9025048059766931,1.2606742376550868,1.3429732390316385,1.3788939426735873,,0.7254809110188456
2017-12-06,0.8918020659246159,1.240989280713004,1.3421788081784745,1.3914063884351526,,0.7220930120694782
2017-12-07,0.9137208359709864,1.2216182892938157,1.3134504475633835,1.3643617937790389,,0.7534916224805607
2017-12-08,0.9073233294506254,1.2177318253015144,1.3009059639936793,1.3480330767265838,,0.7320136491745562
2017-12-11,0.9647659503685362,1.222071887438368,1.294227596268025,1.352000206890617,,0.7526558197268377
2017-12-12,1.0037122646214178,1.2125372086769401,1.2879207369072783,1.3431732027468175,,0.7848852512384776
2017-12-13,0.9943857454736349,1.194753964948856,1.2695340027509125,1.3174725130829517,,0.7820460057906478
2017-12-14,0.9788250552589679,1.1672626538696804,1.2428228124579452,1.2973416165192926,,0.7607929213167146
2017-12-15,0.9943274074482753,1.1555970105448743,1.219918856967189,1.275286649560341,,0.7700794486183473
2017-12-18,0.9631462390949612,1.1372054383952643,1.204025656807962,1.2485601917760132,,0.7444368733869569
2017-12-19,0.9805884974287989,1.1261623813663697,1.187247441074948,1.2425393590518288,,0.7479579173902092
2017-12-20,0.951463375256654,1.1199530115031944,1.1905620084268573,1.23402303780654,,0.7298737223114239
2017-12-21,0.9475067782051674,1.1036945750222464,1.1677355195176788,1.212170293616296,,0.7170218753757991
2017-12-22,0.9241022740013611,1.079213988242935,1.1461307259243143,1.1944539804209515,,0.6935034763343639
2017-12-25,0.9004145223310949,1.0779177875782078,1.1659852866122624,1.205048758733494,,0.6727316534323458
2017-12-26,0.8744656622870829,1.0614933975713197,1.1493914518895116,1.1811768850112943,,0.6572413845354804
2017-12-27,0.9426355261250289,1.0550294896559385,1.1322267170540483,1.170004766837312,,0.6706524153841198
2017-12-28,0.9291303101832237,1.0379930292742972,1.1117013698490672,1.1462940582565702,,0.6577496776651144
2017-12-29,0.9015651388721817,1.0272668195151253,1.1064264605224297,1.1275628859832068,,0.6552373136507053
2018-01-02,0.9277460905122814,1.0285718671249953,1.083750883624685,1.0995271137456448,,0.7799257621686778
2018-01-03,0.9090621597045688,1.0225845348036835,1.0803175245263281,1.1190706677685442,,0.7623890762733294
2018-01-04,0.8872735245559932,1.0051280628774681,1.0611520621886381,1.0994651552809622,,0.743630842523168
2018-01-05,0.8632681888689481,0.9844516570921897,1.042358328547186,1.0833986005862006,,0.7395713762549125
2018-01-08,0.8460621711345446,0.9690412765138836,1.0249157142492906,1.0662086116691039,,0.7412580503632892
2018-01-09,0.8361964700748926,0.949605207125026,1.00813318331938,1.04841851962113,,0.7208029684772688
2018-01-10,0.8176774142254544,0.9411841377654231,0.9972809279411804,1.0395761011970535,,0.7026783066654619
2018-01-11,0.795819486381937,0.9252840931859345,0.9887739509447514,1.0341006717067942,,0.687763826092346
2018-01-12,0.7800408973796273,0.9125631804505248,0.9844714107872158,1.0377103023108376,,0.6771628510617733
2018-01-15,0.7591021026541925,1.0252659451283546,1.131451027637028,1.1780210413471728,,0.6672599449312819
2018-01-16,0.7589600136205618,1.020508004417866,1.121205836042053,1.1567228694568208,,0.7342946751473207
2018-01-17,0.7428363717232082,1.0074657629828694,1.1019041176244988,1.145819664349766,,0.715470661265952
2018-01-18,0.7326124676424262,0.9890091356469136,1.0825514755653247,1.1263120258969626,,0.7196036463188283
2018-01-19,0.7156971040388779,0.9705331997342278,1.064296564281443,1.1117460663895742,,0.6996158353313235
2018-01-22,0.7476850202527622,0.9860025122215935,1.0736065751023829,1.190842306379475,,0.7182736502578345
2018-01-23,0.7642348708222976,0.9659854364734904,1.054338145580724,1.169154713609812,,0.7492344810953917
2018-01-24,0.7438799306505494,0.9554863067897239,1.0483874942537577,1.2611459850444968,,0.7274750604616312
2018-01-25,0.7401423605896741,0.9377807441282869,1.0309657359691005,1.2379414781872653,,0.716184963287878
2018-01-26,0.7245672221335784,0.9193772736287009,1.0134323315495979,1.2169388281748994,,0.7123925603886185
2018-01-29,0.8397284515209364,0.9376417386198856,1.0276074410427183,1.2088626901932016,,0.741023926578417
2018-01-30,0.8578535298681773,0.9194289661109878,1.0104363579132816,1.2009013736981742,,0.782038196410848
2018-01-31,0.8402713012802804,1.001201888788193,1.1131631009631084,1.290535071798343,,0.7596166798259114
2018-02-01,0.838416128318296,1.2107756999813954,1.385731575406162,1.333237551409092,,0.7845378008388991
2018-02-02,0.825891438925259,1.1874546346995314,1.3556139580563986,1.3096799148253786,,0.7872018810995336
2018-02-05,0.8031300621340851,1.161155515245611,1.328542623196609,1.2950830594308687,,0.7810263812025057
2018-02-06,1.0655673222875015,1.5643440961415787,1.6742137061049889,1.6585681313762155,,1.0570068649591557
2018-02-07,1.1820382994237104,1.527438501044393,1.6421119544498037,1.645393857473017,,1.1374393331610446
2018-02-08,1.1702015149868397,1.5043214280628825,1.6270544223696717,1.640763157196087,,1.125013970062445
2018-02-09,1.541865260858121,1.6795180691080678,1.7222801334618927,1.7165958946257778,,1.4638529932833475
2018-02-12,1.5290639316813581,1.743208517288366,1.7852119487888758,1.8295793199121153,,1.4483196002482894
2018-02-13,1.5052042989531877,1.703548014667306,1.7417859060385767,1.7906708480468008,,1.423253109053112
2018-02-14,1.46943148205741,1.6620127774338216,1.7003859440121307,1.7528355065195105,,1.3775492838745849
2018-02-22,1.5108271076803204,1.68274618084305,1.707376246600598,1.7583016959102558,,1.4323880500083581
2018-02-23,1.4672819427024792,1.6418576226988473,1.666643083878565,1.7249274361930873,,1.3862861949271432
2018-02-26,1.4469215462965328,1.6721997211292023,1.6948803010223619,1.841716483074194,,1.3588782552614358
2018-02-27,1.4516312510973317,1.6333008950590773,1.6545914247553435,1.8088755358362874,,1.3785348740945311
2018-02-28,1.4245546100626751,1.593520291300973,1.619000947109735,1.7742905562553068,,1.344508774920025
2018-03-01,1.3888909719307538,1.5720000989223033,1.609658298478328,1.7861521061811738,,1.3012103125223364
2018-03-02,1.3640777157128305,1.539419136160778,1.575857285996127,1.7606388953067809,,1.2617757673052294
2018-03-05,1.3231172113207146,1.5020566505383668,1.546135421478561,1.745916278107987,,1.2220276189330972
2018-03-06,1.3127061264718989,1.4937008392897133,1.5220898050048342,1.709246480013172,,1.2254824185193398
2018-03-07,1.2891842405358909,1.4750253029805849,1.4966207560467057,1.678822960740299,,1.1927006728370204
2018-03-08,1.2723149959741478,1.4489171890608024,1.468740146287928,1.646704827164439,,1.1758838201750985
2018-03-09,1.2451428409859393,1.4374341973537235,1.477649039208447,1.762666959772813,,1.1401310030590146
2018-03-12,1.211463284334325,1.4341277829160308,1.47833683572603,1.745915410076645,,1.1043399009699626
2018-03-13,1.1982013270168566,1.4090441278882808,1.4518098493940865,1.7125184520414882,,1.082686276294586
2018-03-14,1.1685528951683206,1.393699235647947,1.4371708839176185,1.7088430728600796,,1.053980980544322
2018-03-15,1.1406135592548794,1.3607770134868757,1.405056570327334,1.675713555025527,,1.0209945989856477
2018-03-16,1.1357760954353886,1.3342516074908688,1.3749652507803996,1.667285188880766,,1.0115712040888056
2018-03-19,1.10655860454326,1.3031791854057093,1.3460171590022214,1.6517784499360588,,0.9871371750522492
2018-03-20,1.0741520151289725,1.2744562782170634,1.316971954627856,1.6344311073344084,,0.9565373584980268
2018-03-21,1.0491766126468665,1.2558599306910403,1.2988165669110716,1.6443495305498177,,0.9288582959504569
2018-03-22,1.0503253648595086,1.230841298542179,1.2713981653410986,1.6150732507804875,,0.9244390222917314
2018-03-23,1.2391459508051637,1.6483592931482047,1.6945304932323728,1.8726047500072092,,1.1536567415220023
2018-03-26,1.2121286506445133,1.6777344795556606,1.7256727804409806,1.950759389920224,,1.1345945131985713
2018-03-27,1.1923683843188364,1.7011287730622622,1.7609289536481483,2.037058626567418,,1.1024432914123834
2018-03-28,1.244001913592862,1.677021846590106,1.7293628917549324,1.9964252848248223,,1.131412329092747
2018-03-29,1.2480907516885642,1.6514111560946683,1.6966275173051062,1.9550584170897973,,1.1767522546800409
2018-03-30,1.2109645004718106,1.6339104425706839,1.6939575356408374,2.0169393441102463,,1.1392759704410085
2018-04-02,1.2023593156280286,1.6233138390330373,1.672874677558876,2.0434619087310337,,1.1356364645055397
2018-04-03,1.1758461956632575,1.5996166022209592,1.648337450035516,2.01797723815113,,1.129167002771499
2018-04-04,1.1385103963865462,1.5671200465928008,1.6195349367056513,2.009285471639923,,1.0901313232932128
2018-04-09,1.1013685391261891,1.5292344301207308,1.584334768331723,1.9621223549144067,,1.0545290028342011
2018-04-10,1.1720102967510835,1.4986130949134724,1.5492904120773072,1.9161522791115038,,1.1089232930554678
2018-04-11,1.133703142347584,1.4645257877493065,1.5210388128491878,1.8703623639823084,,1.0757352942939353
2018-04-12,1.1326610753834612,1.435559072035521,1.4916606315592127,1.827884077991088,,1.0719746491849957
2018-04-13,1.1111766011207358,1.4038661416326237,1.4595657432317362,1.7847991714968812,,1.0422816924715612
2018-04-16,1.1565637551303407,1.3716138082912346,1.4285235250882606,1.7516514885554473,,1.103815998818129
2018-04-17,1.1902218045449988,1.4125500416926604,1.4778344583430028,1.828493613906872,,1.1060539331759236
2018-04-18,1.1580661986970078,1.4155999839078028,1.492033528715348,1.851173225199393,,1.0739212371393256
2018-04-19,1.1576912642001764,1.386790863175802,1.460239288529533,1.8075109954384836,,1.0618643960167267
2018-04-20,1.1834097012615379,1.4317725552845073,1.49763472146711,1.8188037019587986,,1.1006493230660388
2018-04-23,1.144989478956257,1.4115899057937122,1.4760366506293912,1.8091799002192863,,1.0627547316504014
2018-04-24,1.2223288178621268,1.4723801677660469,1.5257954509062324,1.8930399966096025,,1.153447001549324
2018-04-25,1.1907407877330844,1.4370693321989818,1.4933696582212048,1.8533876445830473,,1.1203673862204118
2018-04-26,1.2597047100222811,1.4635749800975444,1.5124552079317148,1.8648924933610505,,1.1573437414413266
2018-04-27,1.2178871352086607,1.4300057525464207,1.4811275021647363,1.847290749367647,,1.1170648513065013
2018-05-02,1.177841911573731,1.3961707606542848,1.4523392759323952,1.804183922553101,,1.08396328171352
2018-05-03,1.1538598538095663,1.3794374449753917,1.4369317977312897,1.788982009392265,,1.0613114933981922
2018-05-04,1.126452867211914,1.3470630507850663,1.4077054479476176,1.7527198262050918,,1.029656043914722
2018-05-07,1.1618283286371545,1.379320830207327,1.4323279933947841,1.771882319917159,,1.0669051434392518
2018-05-08,1.154269253781038,1.348561466444963,1.4042031659691971,1.731076734357335,,1.0460174730637386
2018-05-09,1.119113762647657,1.318047663220337,1.3750405766197165,1.6908000675407926,,1.0117766788722447
2018-05-10,1.0902986376618038,1.2882964038472438,1.3505006862449116,1.6559599314918099,,0.9881900446753628
2018-05-11,1.066738379096675,1.2720750153015103,1.339913200516892,1.6556772039661767,,0.9650268212022659
2018-05-14,1.058932351969652,1.2457390288197252,1.3180943433516228,1.6179480398506478,,0.9388411511656632
2018-05-15,1.0268156057480529,1.234111489706696,1.3150737723742392,1.614682559190809,,0.9116894413926969
2018-05-16,1.019883223135549,1.2083220516541735,1.2959894483759178,1.5835113548494437,,0.8981075855381431
2018-05-17,1.0066799781545586,1.186529591332945,1.2730664057778098,1.5572469788516068,,0.8743514262413399
2018-05-18,1.0078978810126464,1.1633565879943546,1.2534376798768645,1.5241551191216702,,0.8804754380678829
2018-05-21,0.9796299522317503,1.172589349236632,1.2537195596792026,1.5218335587698397,,0.8564408393181258
2018-05-22,0.956179236265198,1.1486516976915415,1.2317918909121026,1.496196213233519,,0.8338034755195001
2018-05-23,0.9920015002994518,1.1611325225848752,1.2299156814937355,1.5030078929060042,,0.8521521640581705
2018-05-24,0.9774275373120274,1.1377687946046857,1.2075959133030596,1.47157769817127,,0.8418703123168486
2018-05-25,0.9494122439643075,1.1467424510449342,1.2144431860080558,1.491358248800153,,0.8169646256407458
2018-05-28,0.9248467133241469,1.1253943342844774,1.1991151040509416,1.4603903690127082,,0.7931699478609819
2018-05-29,0.922698013023129,1.120592965184872,1.1868589655629866,1.4541095506277362,,0.7737097888415073
2018-05-30,1.054537133618755,1.238494129319683,1.3358985517011748,1.531187555084653,,0.905594747390016
2018-05-31,1.1682421331502317,1.2483770685855067,1.3559516921069403,1.5160594730869916,,1.0464190411448744
2018-06-01,1.160406286529524,1.2518656047885586,1.3534047563658904,1.5416951301137893,,1.0383479447645114
2018-06-04,1.1501305791589722,1.2235189131045765,1.3275346270567887,1.5086989073433015,,1.0204021709378748
2018-06-05,1.1355661101523191,1.2538788373831828,1.350719714872805,1.5773263956587733,,0.9896417994128397
2018-06-06,1.1014717561674798,1.2259283307948716,1.3233435370631068,1.5422612030325151,,0.9563723491271999
2018-06-07,1.0669050969217628,1.2065017902613926,1.3051636654911851,1.5154439263461361,,0.9427860063088856
2018-06-08,1.094796569176154,1.2082879321686124,1.2967820120789753,1.4988939380399686,,0.9835932570421818
2018-06-11,1.0589922523893538,1.1890390283423293,1.2807638847547416,1.4919031513624637,,0.9506581910644153
2018-06-12,1.0680491105825158,1.1886655965137016,1.2699163620547782,1.4942985400647513,,0.9702174203255928
2018-06-13,1.0734234797217437,1.2132900272662028,1.3003887055459353,1.5004433807538748,,0.9663905734960555
2018-06-14,1.0437850415056176,1.1880728646248553,1.2766710852708323,1.4746042631746958,,0.9417074841541944
2018-06-15,1.0208219664811424,1.2313344198267646,1.329102892007168,1.4966441608949324,,0.9190480166316259
2018-06-19,1.3575893405318085,1.8272209608678434,1.9194523445210296,1.9135682108577126,,1.352284894150566
2018-06-20,1.3191565793962494,1.806240229478748,1.9152797198598097,1.886970877291009,,1.3180594295576027
2018-06-21,1.3164108769893914,1.8243926591509956,1.9399778133801118,1.9320301512555316,,1.2986615518229427
2018-06-22,1.2776318774334736,1.8084185531351762,1.9324820202901762,1.9316442160230771,,1.2563964292681553
2018-06-25,1.2903067811477786,1.770424173131719,1.8912537212307603,1.8919817872628693,,1.240926424103975
2018-06-26,1.2652434149754426,1.7332631613091773,1.8571327351223543,1.8858817181277123,,1.2374870695946876
2018-06-27,1.335753624497385,1.704906454734718,1.8244213217705765,1.8593599489421504,,1.2363503113499572
2018-06-28,1.3164078943918163,1.6780736554120328,1.796120045966811,1.8153987008748806,,1.2418807643646699
2018-06-29,1.4364957441652206,1.7903204766856353,1.8805699670873384,1.98487019049772,,1.3373128567319301
2018-07-02,1.4598218262949434,1.5758856474637857,1.6481623806018046,1.7864800933345866,,1.336985693344105
2018-07-03,1.420032903567275,1.5624283943255404,1.6370252048211693,1.7689313507906923,,1.3011617359927212
2018-07-04,1.4152335896556574,1.5557934826717457,1.638350428356283,1.7929936636896808,,1.2861145549417896
2018-07-05,1.3834589389336476,1.5972262423598012,1.6644226746511306,1.798661206196139,,1.2695061683846471
2018-07-06,1.3539267118851195,1.5709996298733606,1.6425749722017284,1.7707626942348207,,1.2366429966671373
2018-07-09,1.451126659904348,1.5925436290059356,1.6555553067777486,1.803714951231056,,1.3060587786341968
2018-07-10,1.4114377769276512,1.5686697543607453,1.6339143449187188,1.7778895549691662,,1.271065011770426
2018-07-11,1.429584196479188,1.5775261874877824,1.6516213844052878,1.7757134109866397,,1.2936645663971584
2018-07-12,1.4742550941671295,1.6219836660227667,1.693672212163644,1.8411186682983223,,1.325906654043886
2018-07-13,1.4344320152164554,1.5978529468769345,1.6685402239850224,1.8099804051789254,,1.2895915540078258
2018-07-16,1.4026310548173724,1.5707853305724842,1.643468150535519,1.7786126261626853,,1.263238725010902
2018-07-17,1.3725524010432626,1.5441697297643122,1.6191934834769346,1.749090293833165,,1.2385848329314475
2018-07-18,1.3405827577722607,1.5233521962236487,1.5969629037818074,1.7245370733311651,,1.2057288980176617
2018-07-19,1.3044299199689335,1.5048372405547887,1.5823118887102432,1.7051169884749966,,1.1739068422441905
2018-07-20,1.3345253869753224,1.496377763180191,1.5721630435707288,1.6911403624909966,,1.2068945114948562
2018-07-23,1.3111158298755459,1.4775125949349868,1.5540094860526827,1.6682836768140794,,1.1907332693621742
2018-07-24,1.3192460699505817,1.4847215743424251,1.554659016144696,1.6436787455101187,,1.1909904158599027
2018-07-25,1.2844999118677651,1.4601716078552354,1.5324180960885276,1.6167674016300184,,1.1602169896356103
2018-07-26,1.2782527871472806,1.4402242597534356,1.5111757131929728,1.6125930418570302,,1.1396061927151926
2018-07-27,1.2473102643841034,1.4184950617917575,1.4915216277285592,1.590206765222444,,1.112339373771942
2018-07-30,1.2146677885338744,1.4103737372588485,1.486048516051531,1.6079495293780963,,1.0829569154476704
2018-07-31,1.1822750809350382,1.387606563586282,1.4649744607720094,1.5815716369114798,,1.0544522852867284
2018-08-01,1.2382492755785572,1.3920649136397192,1.463988069687152,1.5691655773219013,,1.111033690376725
2018-08-02,1.2993089216787685,1.416796848316916,1.4878446515296597,1.583006031707198,,1.16649391285725
2018-08-03,1.3137141544881117,1.4111788199834925,1.4775872931757357,1.5900135212100308,,1.16849591301176
2018-08-06,1.3077956627758993,1.4339504379899688,1.490972580889406,1.6341141232532492,,1.1729327567261947
2018-08-07,1.431607479105273,1.4896679073945482,1.5398024471572933,1.6760502446378165,,1.2753472486025736
2018-08-08,1.448400199846925,1.488375145002409,1.5433035474188233,1.6864191658677077,,1.2842697475763487
2018-08-09,1.5183093803913126,1.5303626801628454,1.57064255093103,1.7668908253180104,,1.310497743729648
2018-08-10,1.4765304063917162,1.507444376320519,1.5506365404606628,1.7460890236335393,,1.2770581555430809
2018-08-13,1.4400091203735432,1.4850035889540072,1.530689611814469,1.7330055487483096,,1.2495208172255015
2018-08-14,1.4057096365507862,1.461360747784779,1.5092710858647962,1.7086224608539884,,1.2157855989423858
2018-08-15,1.4704820374519232,1.4802814617284525,1.5205159772712327,1.7391108313367973,,1.2676831130843216
2018-08-16,1.4328992511892087,1.4632093647445805,1.5077898195968262,1.7174668700801898,,1.23921626157321
2018-08-17,1.4313891069582474,1.4689819026101003,1.5106408712700712,1.7229086792841464,,1.2312718420280102
2018-08-20,1.4172262554168615,1.4492027888339563,1.4918154409597042,1.693761250871709,,1.2159697610857783
2018-08-21,1.431436502286941,1.4418175635433983,1.4835539791902954,1.6870858653163925,,1.2122518364783177
2018-08-22,1.400616171540521,1.430821520446585,1.474184011863943,1.6700449638600423,,1.1909811676862903
2018-08-23,1.364593605402132,1.4111359809077664,1.4585229285459824,1.6545366240299237,,1.1603086909268399
2018-08-24,1.327672760324696,1.3886731338133156,1.4388341769222255,1.6276444725626935,,1.1302648050221265
2018-08-27,1.398241711091376,1.4207526313333916,1.4678304291465003,1.687417204007339,,1.191045191641897
2018-08-28,1.362165939552675,1.3985947710096311,1.4471759417191008,1.6589766915288662,,1.1600670158315123
2018-08-29,1.3286745033502092,1.380107173230956,1.429235361412652,1.6361877827443214,,1.1379828743579607
2018-08-30,1.3147369398911344,1.381712480452404,1.4334193366418808,1.6305848492114168,,1.1136101062303523
2018-08-31,1.283890037193993,1.371142937707394,1.4214837314187505,1.6250313662184415,,1.0900984669437683
2018-09-03,1.252503271715693,1.3523920620136047,1.4019551471579903,1.6019810910879861,,1.0630648415922528
2018-09-04,1.2500788862405174,1.3441804237691746,1.3977921190562177,1.5832346359046718,,1.056663832789802
2018-09-05,1.3002340046948488,1.348433738848821,1.4019479869061813,1.5841749496239048,,1.0953578301131532
2018-09-06,1.28576683359889,1.3288895853675295,1.3833339092938446,1.5602958535794844,,1.0867923083109967
2018-09-07,1.2552720789338798,1.3079474134628288,1.3655411404541968,1.5353734571942055,,1.0607314490238826
2018-09-10,1.2675926465543172,1.3237466767162855,1.3820091585117542,1.565410089554191,,1.0549515074615308
2018-09-11,1.2340242666815888,1.3029290736674017,1.3638779518846786,1.5411001427907443,,1.0286276492142588
2018-09-12,1.2118095459137028,1.2829040181514932,1.3456996143954638,1.5197926716022676,,1.0030451795380075
2018-09-13,1.203347771365318,1.267529427911057,1.3354185169360617,1.4974692861381758,,0.9965704772288144
2018-09-14,1.1714222872780806,1.2612980952643098,1.32742348325423,1.5035480556069063,,0.9715865863179134
2018-09-17,1.1713189303615088,1.2656604009654955,1.3302194986183489,1.4938568973043072,,0.9709730821139974
2018-09-18,1.2265323728473856,1.284647473275513,1.350370936816834,1.5150628401351462,,1.0040487922376489
2018-09-19,1.222879256076513,1.2805936712980406,1.3434436578432662,1.5050571751343615,,1.0199954904652984
2018-09-20,1.190808965821635,1.2608541344137776,1.326968731202664,1.481705349087398,,0.994101835418976
2018-09-21,1.3384803190231693,1.2700660622898958,1.3270408222909718,1.49028173182826,,1.1277148967432267
2018-09-25,1.3241446926024045,1.2512497818248869,1.3106940747161402,1.4674596490286196,,1.117901952849295
2018-09-26,1.3117578478960854,1.2354260967636128,1.2966403028962359,1.4576903618387984,,1.0983511734223104
2018-09-27,1.2809832502683018,1.2349380942592223,1.2991808349984562,1.4543556314700288,,1.0720748190361378
2018-09-28,1.2668345468851656,1.2283665497159353,1.2928874651980253,1.4389943889801464,,1.0695700369244896
2018-10-08,1.5712509598236397,1.296806691101317,1.3428834567620855,1.5387229256852766,,1.2810383842091515
2018-10-09,1.5302976787456943,1.2796492841501181,1.3281714612742275,1.5197415334610997,,1.2504446886795528
2018-10-10,1.4914733700087106,1.2618822844498034,1.3136550901138389,1.4971820206009097,,1.2195530469921607
2018-10-11,1.8045714731505227,1.6663521674202657,1.6665368720028055,1.7930895595405807,,1.5706581452520356
2018-10-12,1.7858922017233023,1.645987022893394,1.6461619943869341,1.7646961301507318,,1.5456341646306315
2018-10-15,1.7677971740830396,1.6461874760068256,1.6381208532466616,1.7501323854765003,,1.563339512882278
2018-10-16,1.7315217012307713,1.6648540310919915,1.64552870537399,1.7769425707942406,,1.5398052879409687
2018-10-17,1.6895861442750744,1.642931393883075,1.62844057846085,1.7591286644914972,,1.5076819232759993
2018-10-18,1.729596166933213,1.674215986767925,1.6730071103883255,1.7632228073400487,,1.5350980187842478
2018-10-19,1.8041460002140313,1.7013912054019937,1.684112884873942,1.8370847415391083,,1.6023413648634917
2018-10-22,1.9929266337016323,1.8616162348709506,1.811272654065579,2.0140692075045292,,1.7785002209286762
2018-10-23,2.030247151661259,1.84929042511151,1.801408648941154,1.9940239191140416,,1.8035302522472214
2018-10-24,1.9762408860096892,1.819134769402276,1.7768041611189553,1.9630336895218976,,1.7565926129821852
2018-10-25,1.9238737268874169,1.7896683161284308,1.755154119278938,1.9342634686519877,,1.711522199532357
2018-10-26,1.8790164121479587,1.7604357401931772,1.7324772386859189,1.9063005525336514,,1.667122677839369
2018-10-29,1.952760048048734,1.7519063010241094,1.7202542396180593,1.8813980729953945,,1.7088678974823817
2018-10-30,1.914696233523928,1.730609700015014,1.7035900246913716,1.8546682459444386,,1.675503594509591
2018-10-31,1.8875318693383476,1.7237867843951469,1.6954080972673224,1.8372933236493945,,1.649019115880379
2018-11-01,1.8436318045980793,1.6997262998927378,1.6759747129010427,1.8140522387713176,,1.6067405206442213
2018-11-02,1.9554414289684803,1.7528829705573676,1.7133341691932105,1.9577202741731607,,1.6582169361828036
2018-11-05,1.9134829380035123,1.7247636667031763,1.6943166831106813,1.925599190261513,,1.6170480944238803
2018-11-06,1.8681471184349936,1.6969273352933256,1.6720715189173516,1.8935274734540475,,1.5762904435606429
2018-11-07,1.8251661783827287,1.6715016143810788,1.6502099680638658,1.8623627403094127,,1.5395722446237623
2018-11-08,1.7783032675761004,1.6489319434131933,1.6294920803183366,1.8412545517614787,,1.500584315390269
2018-11-09,1.7609914872740566,1.6234737616029973,1.6085485074446018,1.8128550733899225,,1.480667731571254
2018-11-12,1.733003821038262,1.6513114683052925,1.647214115253518,1.8739645028997174,,1.4797523186543875
2018-11-13,1.7004124600162753,1.6546193602632957,1.651460610475263,1.869588333858425,,1.4525718516886246
2018-11-14,1.6718241767441488,1.6289968407681943,1.629940323816183,1.8394452098636949,,1.4264851353923576
2018-11-15,1.6465734919872161,1.6248316672403522,1.628082582311999,1.8248788660150217,,1.4019917957999244
2018-11-16,1.6059901462015054,1.6061879420298855,1.6153901478480643,1.7950460074753551,,1.3742985113673405
2018-11-19,1.5821136810214635,1.5817073664455756,1.5958604424481877,1.7683804301418051,,1.3567182770426618
2018-11-20,1.6267002172812508,1.6205347029241768,1.617422242463477,1.7976406028586684,,1.4049453749585992
2018-11-21,1.5846444842771374,1.5957322816803106,1.6010665034877662,1.7704073946465697,,1.3705001714366412
2018-11-22,1.5459451147990746,1.5707041081640316,1.580685677584809,1.7443784604453942,,1.3381668835101053
2018-11-23,1.5857827394038144,1.6640553043063577,1.6721684863351347,1.7993659068187,,1.3922092310939673
2018-11-26,1.544439903859756,1.638098943413101,1.6501988837233874,1.7713271383595088,,1.357072830333898
2018-11-27,1.504571402092887,1.6140231847027802,1.633749947342402,1.7487499418373866,,1.3241215334193028
2018-11-28,1.4924306551944944,1.6017671177034465,1.6230801651962483,1.7531800554895283,,1.3100195121837623
2018-11-29,1.4837961167346314,1.611547083142812,1.6349025343821144,1.7546459537908055,,1.2986578618081728
2018-11-30,1.464415913268322,1.5897536666780914,1.6174658037556275,1.7383827133136378,,1.2780329094840002
2018-12-03,1.5487550774046595,1.647330763420022,1.6683669547492892,1.7981479070181112,,1.3557785592026816
2018-12-04,1.5086474337810603,1.624081859616117,1.6521748033220292,1.7720719119726507,,1.3228253708584616
2018-12-05,1.4739484104277079,1.6022256152627987,1.6323499396803514,1.7441642641895403,,1.292206346917901
2018-12-06,1.5163361237098987,1.6100008479546517,1.6293311726800193,1.7654120563417106,,1.308899561233421
2018-12-07,1.476812563218747,1.5846672119910965,1.6083270849301436,1.738183558029788,,1.2806700575216874
2018-12-10,1.462801745099288,1.570453048356807,1.595224562594801,1.718249098879238,,1.2653932825403569
2018-12-11,1.427986912368937,1.5515519196446337,1.581714676190448,1.6968160747064545,,1.2363302617210308
2018-12-12,1.3924725815946433,1.5274936244453663,1.5616274381386017,1.6701344241613432,,1.2133733289465203
2018-12-13,1.3963397387582828,1.5154309378118729,1.5490033247751815,1.6490825263236983,,1.2113557738033216
2018-12-14,1.4123980422681048,1.537330102603126,1.5701857276268443,1.6833710714830663,,1.2233576187520412
2018-12-17,1.376497485217821,1.513925758736395,1.5506164139511949,1.6636252050891205,,1.1999924436328426
2018-12-18,1.3621996482575718,1.4929557420797739,1.533387737268561,1.6389831422391625,,1.1813097912094905
2018-12-19,1.3549905459977085,1.4862934831447314,1.525408973728702,1.641611476434659,,1.1621669338829774
2018-12-20,1.3322413035088614,1.4642932084779365,1.5080402464232494,1.6203272041764158,,1.1340034441252973
2018-12-21,1.3287286894135588,1.4456937611528973,1.4923397098482079,1.5974905170065703,,1.1176904021836054
2018-12-24,1.2957214365662924,1.4336363255820423,1.4808691837885744,1.5840718468246735,,1.0994945387194375
2018-12-25,1.2730015663774583,1.4227836614403613,1.4683844801392179,1.564469042783821,,1.081965931078762
2018-12-26,1.2464706681450193,1.4031717727761222,1.4515984134808495,1.5450804921709063,,1.056039038395699
2018-12-27,1.2184624696772077,1.3936233819995199,1.449510790722237,1.5350991699957148,,1.0361809343395176
2018-12-28,1.1955887103434033,1.373349132930874,1.4326015118500977,1.512461532917828,,1.013360876335674
2019-01-02,1.1527129248903478,1.3567710949978833,1.4148546837898468,1.5177998776799126,,1.0040555975257583
2019-01-03,1.119815564491068,1.3379169939790028,1.4007637279177072,1.5059729324150022,,0.9872604406678704
2019-01-04,1.222275640531795,1.3781966607294465,1.4473467159819668,1.5495935899082305,,1.0598901854522809
2019-01-07,1.1933152945788872,1.394917754450854,1.465157756396066,1.5639796387137908,,1.0767726940843443
2019-01-08,1.1596823249609898,1.3733726588638173,1.4470248203821678,1.5379754575739093,,1.046337313677953
2019-01-09,1.1489187906744287,1.3530583390924225,1.4299188338722897,1.512166414061061,,1.03377246857694
2019-01-10,1.1165972546208993,1.332420801992545,1.412756053512422,1.48748733349533,,1.0091165061261655
2019-01-11,1.0960016053987764,1.3191966264523574,1.4028345485691185,1.4638819587961758,,0.983923192029653
2019-01-14,1.0860699502048532,1.3031057866465718,1.3881987943693028,1.4543837451856907,,0.9572133842997773
2019-01-15,1.1492762890746901,1.3062833452957614,1.3830783930415318,1.461238593805833,,0.9545402453598675
2019-01-16,1.115605905040625,1.2870304456326394,1.3669223350631419,1.4380190558773744,,0.9282022435146856
2019-01-17,1.09210888951597,1.2737708341979175,1.3562917996230957,1.4301050858535158,,0.9044761676013973
2019-01-18,1.141916521036119,1.2673389265010908,1.3457527175015505,1.431828930936629,,0.9148342846138889
2019-01-21,1.114886934212199,1.2537135158524848,1.3345298216985446,1.4121918523170731,,0.8902626043375023
2019-01-22,1.130075875020867,1.2586885250302644,1.3283250906652204,1.4212587252733742,,0.8960352852913464
2019-01-23,1.097351925832117,1.2407822146746312,1.3140946096757073,1.3987123136540691,,0.8761484818408064
2019-01-24,1.0727646902566939,1.226678429276324,1.3032993683161092,1.3930984918029106,,0.8560871537653418
2019-01-25,1.057719248528318,1.2110835029625813,1.2914303070526887,1.371530684069331,,0.8399443224412582
2019-01-28,1.0274209986711074,1.1946740072000939,1.2818981104236356,1.351966915410953,,0.8177424161170288
2019-01-29,1.0003217607984605,1.1947956894855805,1.291374204995601,1.3486545215433965,,0.7981409177240749
2019-01-30,0.9921030026371718,1.1897058351801877,1.293240268123748,1.3395407440750933,,0.791631856335981
2019-01-31,0.9933776208965422,1.1811209397234461,1.2959272557373176,1.3196612150070266,,0.77336214109933
2019-02-01,1.0195795637761458,1.2583679301498099,1.3581759495219756,1.448132838479961,,0.8117998799787834
2019-02-11,1.0759740605735362,1.31613151547075,1.4094669688294825,1.5693698079250638,,0.8644462211574967
2019-02-12,1.057033944362584,1.3056880856803474,1.4083382042189996,1.5629428940648922,,0.8653922369601365
2019-02-13,1.1268006482070114,1.317402773917753,1.4183342518015805,1.5777764144004733,,0.8908549527601813
2019-02-14,1.0941770184073005,1.3004715703061578,1.4030449625410857,1.5529580155768878,,0.8666885487207627
2019-02-15,1.1543326219619616,1.2849318721386098,1.3863485924249377,1.5272002229135844,,0.9032137187073266
2019-02-18,1.3496849721216018,1.3977887393410873,1.4714574966008556,1.6744967069189878,,1.0368754508610174
2019-02-19,1.310128390310597,1.3765540428181449,1.45451222395546,1.6460902197051088,,1.0076539925406405
2019-02-20,1.2730438363207897,1.3552141078239432,1.4366648836170697,1.6178993102650523,,0.9791013234448865
2019-02-21,1.2371522592318474,1.3345890174328157,1.419766371058528,1.5913689298883604,,0.9650948199135992
2019-02-22,1.3096765165975697,1.38308478236625,1.4451288618231004,1.6630919725785904,,0.9861874075814105
2019-02-25,1.8886240900348743,1.6610878047951183,1.6256451412683515,1.9184831069964055,,1.3777532195829774
2019-02-26,1.8540871557086092,1.6326747437713458,1.6034314384782642,1.8899916640043994,,1.338431990589292
2019-02-27,1.7968477343142737,1.6060997788399702,1.5819213254162399,1.8769488409541148,,1.2992728745831694
2019-02-28,1.7421779703074347,1.5792897591213073,1.5623379318304054,1.8513337110428298,,1.2604165359490982
2019-03-01,1.7633578815641078,1.559831022085506,1.5453469471315366,1.8589203427042704,,1.261976969229997
2019-03-04,1.7295301859974084,1.5650509953256957,1.561615041267898,1.9244046509189927,,1.2543870823555383
2019-03-05,1.6805791700451413,1.605765646989853,1.6109527746564531,1.998531709119509,,1.2447332383029224
2019-03-06,1.639496271439023,1.6101024861748283,1.6218923644833265,1.9814686377612183,,1.2393674193324113
2019-03-07,1.6086908520810976,1.5990856048301396,1.6213274036936267,1.9451161547746627,,1.2028009314515007
2019-03-08,1.8253377199813474,1.6973388950785149,1.708878568717313,1.9472233876231353,,1.5083693694985651
2019-03-11,1.8282723772661549,1.7953892567644267,1.80969047957848,2.0669303124972345,,1.5337620963809913
2019-03-12,1.7775724779114366,1.791221420289369,1.8129277789052618,2.0895788114713336,,1.4977676751399762
2019-03-13,1.7346095784370499,1.7973019913003738,1.8173761958928203,2.1884571414336773,,1.4679568951680388
2019-03-14,1.6895154573450029,1.8082767075939934,1.840555929118794,2.1960461500273585,,1.4615606146041338
2019-03-15,1.6625735803820714,1.7864163803709194,1.830571027311741,2.1575550708151034,,1.4730099238922085
2019-03-18,1.74286667901352,1.8130807996409026,1.8400296821988416,2.1722934810709233,,1.5713629145953343
2019-03-19,1.693113606877554,1.7828731779810545,1.814196999921083,2.130718405964655,,1.5275859595630805
2019-03-20,1.6406488414355713,1.7515552683827398,1.787768283186958,2.099455287895619,,1.4805832708609166
2019-03-21,1.5899624093876703,1.7363023169847236,1.7704083015135683,2.066618596226327,,1.438117438328022
2019-03-22,1.5412610976760641,1.7096153406938732,1.7461809537016268,2.0289017652388965,,1.4007280641354265
2019-03-25,1.5995450967495146,1.6925668899833546,1.7251166639696152,2.006081501946695,,1.4052544886313962
2019-03-26,1.5744599659087377,1.726782427565316,1.7495504161440119,2.009155246253719,,1.4099501956922165
2019-03-27,1.5492027134972157,1.7044052446479987,1.7285321231405448,1.9729223490041177,,1.4061584665299796
2019-03-28,1.5053299741658799,1.6902912236381922,1.714095046501858,1.9384583644810387,,1.3840068921517605
2019-03-29,1.7176271542556758,1.751330944714827,1.7451838916548177,2.0403519694492354,,1.4892838766970375
2019-04-01,1.8260784269887183,1.876930321127375,1.8215032752820883,2.1491338627808148,,1.6510849430568266
2019-04-02,1.7761766926580558,1.8459324165534097,1.7957603719315596,2.105144659008311,,1.6013893174137896
2019-04-03,1.7512112081449904,1.8237129128761713,1.775907783031664,2.067341361265716,,1.5868745754890303
2019-04-04,1.716197946619421,1.7961803671725907,1.7506809589385395,2.0272556689250845,,1.5706738472168063
2019-04-08,1.6695987624561976,1.7674965153558369,1.7264074259931323,2.0230078563231557,,1.5399165472725571
2019-04-09,1.6264064131168898,1.7384505428627663,1.7021358461878124,1.9816309539184487,,1.494376812031863
2019-04-10,1.5823870232374857,1.7098430142930263,1.677870499735989,1.9468856962154555,,1.4507884978503387
2019-04-11,1.6249458601676519,1.7189861216559226,1.681294946478649,1.9442278604214154,,1.4407430098710519
2019-04-12,1.5811182750105182,1.691047196063977,1.6574754413090411,1.9057795280144094,,1.403750971440979
2019-04-15,1.5402860284764675,1.6721353351546828,1.6380851707136737,1.8929800369397933,,1.3878990232601445
2019-04-16,1.6298619957093483,1.684949067441497,1.6487857033302336,1.887879964468896,,1.3890462956167582
2019-04-17,1.5852683798737182,1.6598819371012985,1.63062555966195,1.863913430536343,,1.3503839034245355
2019-04-18,1.5450246879760778,1.6355609652580092,1.609712552509052,1.831585918086162,,1.3482037762583645
2019-04-19,1.526911128821104,1.6125407196155577,1.593674183604025,1.80013621020544,,1.3134299055885053
2019-04-22,1.5879262157683511,1.6065780782762842,1.579087473001274,1.7751355440020617,,1.3710994420763647
2019-04-23,1.544789465118123,1.6050612232475863,1.5795993590823578,1.7463931121364722,,1.3439303901466277
2019-04-24,1.5034950074001152,1.587244460174008,1.5718657401934484,1.7577938249734466,,1.3201400562062682
2019-04-25,1.5550422094680159,1.695153802058127,1.6697499160189084,1.801212795563002,,1.4330590363757825
2019-04-26,1.5439542217418873,1.6742748134797683,1.651421655334848,1.7705059835953039,,1.4278735988645976
2019-04-29,1.5030792184384398,1.7056664523876799,1.7124293535527848,1.7978442477857526,,1.396794046129728
2019-04-30,1.4634289274931906,1.683405837652007,1.6987065746275882,1.7655331986785106,,1.391928599638535
2019-05-06,1.9874106931958588,2.0878090742255946,2.031356967471486,2.2733603391000083,,1.9004209659159528
2019-05-07,1.9493839271898046,2.06449129740364,2.014417650241444,2.2284904702418245,,1.8709593441255439
2019-05-08,1.9282318220012953,2.030622104177801,1.9834294323207196,2.197905996639515,,1.8476895726895621
2019-05-09,1.9248650826943459,2.005710337550254,1.9577664802187449,2.1567565968893563,,1.8339554218497132
2019-05-10,2.0571632989864246,2.064233369456606,2.021721079155169,2.2671725475205244,,1.8951478577264558
2019-05-13,2.044791195561946,2.0379771460325053,1.9939179866100711,2.249196834460157,,1.852620962004311
2019-05-14,1.9937219638196717,2.007280373858036,1.9647150785727976,2.203709984720817,,1.8020445952165307
2019-05-15,2.0070303404255503,2.0092618843596006,1.9643158651356607,2.200361680192791,,1.7975850061027796
2019-05-16,1.9528710914535046,1.9775974137615298,1.9365591135971874,2.1551189792408585,,1.7455262290674256
2019-05-17,1.9950767847213198,2.0195908822966997,1.9789855063816446,2.210972037303836,,1.8021432852513384
2019-05-20,1.9493470440746388,1.9857688173482633,1.9481111381782812,2.167224338440582,,1.7585696304825498
2019-05-21,1.9207629004001732,1.9745454110002836,1.9422597093672294,2.145420872298254,,1.7638275964547974
2019-05-22,1.8722369226015236,1.943999482948157,1.9133586430520726,2.1013128060106183,,1.7198703745336124
2019-05-23,1.8704844968119168,1.9426107910755506,1.9151563082245893,2.108642663898889,,1.6970690091369744
2019-05-24,1.819879741729852,1.91236909455033,1.89309770717883,2.0666948561093568,,1.6462107794470615
2019-05-27,1.789896888657579,1.9276799900831743,1.9202909212215504,2.11996570267464,,1.6182748534209173
2019-05-28,1.752625047504461,1.8950450413538031,1.8907396618176342,2.0829980395286833,,1.582672576075124
2019-05-29,1.7058015895027767,1.862953062880934,1.863151851456363,2.041504847884191,,1.5374648646562614
2019-05-30,1.6661609259848038,1.8343841505398337,1.8371759729337118,2.0050896543676138,,1.4924780610336283
2019-05-31,1.6223784701124768,1.8042000949526154,1.80957892529283,1.9640983543752126,,1.4480016959387636
2019-06-03,1.577846363688468,1.7851257010331645,1.7954102035753297,1.93231151483801,,1.4266136336984647
2019-06-04,1.5516790770249993,1.766869812970469,1.786509918109612,1.8995292524956864,,1.4104619437561692
2019-06-05,1.5092875329945636,1.7379522424214595,1.760149969984503,1.8623085358267588,,1.3733090815820486
2019-06-06,1.485005418162045,1.7488118133612411,1.7720407120963741,1.8784439679294618,,1.3686635271665408
2019-06-10,1.4748784159251376,1.7284348986468272,1.760813805961672,1.8527481463893343,,1.3441392727473853
2019-06-11,1.5899276703515155,1.8140234962930524,1.8233894648294708,1.9601350747875443,,1.4544666304313976
2019-06-12,1.560640079338924,1.788534958958112,1.7982138362131357,1.9270786543824459,,1.4345526405903755
2019-06-13,1.5185274262252504,1.7594928500969413,1.7740476613613294,1.8900138667503168,,1.3947993636593947
2019-06-14,1.491272369048562,1.7533880312048755,1.7805337406169954,1.8793618422995324,,1.3775673475011703
2019-06-17,1.450605158432093,1.7245891896561774,1.7543178355041582,1.8472295590452807,,1.3370145068836767
2019-06-18,1.4128679861588096,1.6962739494246277,1.728721600471298,1.8196050785464821,,1.298194993394788
2019-06-19,1.405817061106135,1.6829587101176169,1.7180754162387442,1.793850727592355,,1.2655632605665252
2019-06-20,1.532165345477719,1.6890625156837067,1.709813222244835,1.795871135337366,,1.287307454950285
2019-06-21,1.4902775526951246,1.6770401152213967,1.7034363757160775,1.791146081023339,,1.249617835530225
2019-06-24,1.4499742743599038,1.649708866842581,1.6790791149134143,1.7593188043543166,,1.2154430753720105
2019-06-25,1.4338707013783574,1.6312140557930475,1.6609173225856064,1.7355279455028043,,1.2161063112338826
2019-06-26,1.3957104191645107,1.6053487362999868,1.6376417590238073,1.7040876184562204,,1.1808228218227195
2019-06-27,1.378882137999,1.587202241208962,1.6207499494914854,1.6922807309733139,,1.1520021780580176
2019-06-28,1.34367361441721,1.5735311539943895,1.6121066430066509,1.6677660598361181,,1.1343925336332397
2019-07-01,1.4560114730372269,1.7676256507447412,1.8295384064913227,1.829866020141896,,1.12827538552137
2019-07-02,1.414574936349009,1.7490246004607728,1.812643282112365,1.8002263333529263,,1.0970598204504605
2019-07-03,1.4020121195459332,1.7345282543191551,1.8001358896455517,1.7925160938610478,,1.061464084749453
2019-07-04,1.3685289183009193,1.7164427912054816,1.7841665010851275,1.767492916982642,,1.0273089073983157
2019-07-05,1.3346744160431776,1.6989055334486471,1.76880985379848,1.747946372276184,,0.9959949925991837
2019-07-08,1.4167530141957185,1.751459141391642,1.8040095970416357,1.7771438615545578,,1.1863862548974367
2019-07-09,1.3777890955001868,1.7329243046834417,1.7885475080244164,1.7535132807185483,,1.145904541958646
2019-07-10,1.3396519453305256,1.7177968717220145,1.775331263349895,1.7267657910544598,,1.1302466266424525
2019-07-11,1.3019059853572548,1.6993907551788459,1.7591165435826324,1.6998686235540506,,1.0916719251094638
2019-07-12,1.2725810764196068,1.682089324500028,1.743583847311952,1.6736563426885074,,1.0561269909087145
2019-07-15,1.2395135941574704,1.675447227358958,1.7338164956514148,1.6827522284055836,,1.029397736143785
2019-07-16,1.2109622666031212,1.6577497709101567,1.7184073910767292,1.656118099877644,,0.9942727211966136
2019-07-17,1.1773493322044564,1.6401089451514785,1.702974910805791,1.6313335863325151,,0.9612714990346247
2019-07-18,1.1693651689137134,1.64150412261828,1.702735245953449,1.6295304592897262,,1.0106436475354654
2019-07-19,1.162747645867585,1.6274831321820462,1.6893289966755392,1.617334978782159,,0.9869611365097497
2019-07-22,1.145016291771035,1.6380861972417147,1.7127094751563965,1.6167547721965674,,1.0099917773410745
2019-07-23,1.1141252067271783,1.6272051136368053,1.705757884884025,1.607337924752777,,0.982509508821851
2019-07-24,1.0975766868801695,1.6171316963700437,1.6985916070752403,1.5978976996132728,,0.9586926774061798
2019-07-25,1.0824183717586546,1.601114523479094,1.6838962061045926,1.5801252848915872,,0.9287851767705922
2019-07-26,1.0531299797432134,1.5843513088550627,1.6689303205935155,1.5562579015985438,,0.89959867041226
2019-07-29,1.0250981556753977,1.5676393501416177,1.6540760168903779,1.5337464180737996,,0.8710317685138683
2019-07-30,1.0011218898205123,1.5532106682430005,1.6404710199593298,1.518985610967694,,0.8548482967534466
2019-07-31,1.0008274701413729,1.5378696626945478,1.6285008158366405,1.499231731269937,,0.8705283167638159
2019-08-01,0.9953686923193689,1.524680286978019,1.61504302267236,1.4776259235758207,,0.8655340182525613
2019-08-02,1.0333219744239848,1.5192513410995252,1.6128684419855395,1.4666329112978156,,0.9383492366456156
2019-08-05,1.1066130681836006,1.5133373459803396,1.6043087214392673,1.4705503873355419,,1.0087627152287408
2019-08-06,1.1067578640233122,1.5290179702265048,1.6244745147825526,1.471349583489734,,1.0872422974182896
2019-08-07,1.081310393099905,1.5148547328896529,1.610215924194842,1.4518216299900146,,1.0525364962933925
2019-08-08,1.0953660185355834,1.502124714191928,1.5999455563305385,1.456010103299971,,1.0322794716948385
2019-08-09,1.0945333339231913,1.4962223417488891,1.5917865487145357,1.4438505222131908,,1.0284234468411155
2019-08-12,1.146086749663398,1.5050725179851632,1.5952958921689018,1.472125018716648,,1.0624204260582588
2019-08-13,1.1391375202942076,1.4914203079626955,1.5824846326206414,1.4595718528303494,,1.05124043057511
2019-08-14,1.112203319722915,1.4781928800051407,1.5718050465900313,1.4457859561717343,,1.02210802135574
2019-08-15,1.083244343712481,1.4647351383928613,1.5596163638012457,1.4423777350494353,,0.9879240082169755
2019-08-16,1.0576443080584266,1.4505540708440718,1.5481907197866127,1.4288879707741575,,0.9546342964060459
2019-08-19,1.1462300303611128,1.5115428226870664,1.5921745067106219,1.536389153752194,,1.0505116934497873
2019-08-20,1.1153042252930854,1.4957692597762875,1.5784330821775532,1.5169487211503976,,1.014646528530638
2019-08-21,1.0856232209701788,1.4805750817580472,1.5646942990892796,1.4941906762191124,,0.9818408065806159
2019-08-22,1.0576780375101504,1.465323858691644,1.5524179955310764,1.4727436014482576,,0.9489802082450849
2019-08-23,1.040989312239823,1.4501534363967985,1.5391057377003265,1.451377637189513,,0.9181398735972747
2019-08-26,1.0745602987372473,1.4382169621825542,1.5271229787947105,1.4378186908680748,,0.93979832222317
2019-08-27,1.0928555302243999,1.444225006042737,1.5361066160813466,1.4491314175214802,,0.9677454649221265
2019-08-28,1.0683140753148639,1.4294480051195924,1.523074825975053,1.428123044469239,,0.9352013716950497
2019-08-29,1.0427536839353215,1.4148939057809014,1.5101562622898241,1.407958298603415,,0.9151651386252111
2019-08-30,1.0154867444940299,1.4071049456395526,1.5087174282226663,1.391181911726457,,0.8984237301157915
2019-09-02,1.0307117091375175,1.4397590962638518,1.537491489118038,1.4442932295579816,,0.9454389578362795
2019-09-03,1.0027548167609566,1.4291428659981096,1.5272024293523834,1.4265334792108841,,0.9143864518362327
2019-09-04,0.9936730036801994,1.4219048979953044,1.5172322668046463,1.4097336832952065,,0.941626185028924
2019-09-05,0.9929239262672592,1.4135773690229836,1.5097943910164806,1.4058132724151684,,0.9204969925996499
2019-09-06,0.9740824796753205,1.3999721533705574,1.4980909544867076,1.386393028179686,,0.905908701421416
2019-09-09,0.9572052654872814,1.420079398623084,1.5210508414279444,1.4322518979844774,,0.889442455110897
2019-09-10,0.9366117488431353,1.406218825663574,1.5082494277085108,1.4131261689954828,,0.8705352235831563
2019-09-11,0.9304999975610129,1.393831718818286,1.4990053727530082,1.4083947104427745,,0.8490973079458763
2019-09-12,0.9393942365226465,1.3815402543387387,1.4881330525936,1.3905450616369925,,0.8364467169615935
2019-09-16,0.9203835533939019,1.3676938744152534,1.4780878554133032,1.3716825115234759,,0.8097961683672118
2019-09-17,0.9861926358523422,1.3869407791241888,1.4976148696274716,1.3986864390484752,,0.9046485109217113
2019-09-18,0.9661460540576978,1.3727962636900237,1.484873516196392,1.3789428252245395,,0.8867178115502587
2019-09-19,0.943040727332357,1.3667143457465152,1.4813476037779665,1.3880689896218268,,0.8587356362567625
2019-09-20,0.9194942407756322,1.3534256697382165,1.4689238153920843,1.3684287321300523,,0.8332334956829968
2019-09-23,0.9399212922676945,1.342667637087747,1.4616343295939835,1.3640533651081614,,0.8840141732767661
2019-09-24,0.9166540696559582,1.3294139642140017,1.4515116774570773,1.3498278516626323,,0.8551504436370113
2019-09-25,0.9139867420987758,1.34147391283407,1.460470586571091,1.3481622533927995,,0.9037557883966834
2019-09-26,0.9103517866824998,1.368965592755555,1.5056131217601108,1.4189291211477837,,0.8936574742575926
2019-09-27,0.8885223470593415,1.3590921207667361,1.4994370205024805,1.422472809609638,,0.8679823462328959
2019-09-30,0.900578699539812,1.3578917355154125,1.493350982384774,1.4159982397148483,,0.8544647804869948
2019-10-08,0.8630076374349348,1.4644044006538128,1.7335704148218338,1.4409114934189862,,0.8444631768071825
2019-10-09,0.8343215405452367,1.458652391203645,1.732620520341144,1.425880599762083,,0.8475996825438938
2019-10-10,0.8331243393254498,1.4573277700088327,1.7329941443151853,1.4745936199600405,,0.8317487900213274
2019-10-11,0.8416769222396765,1.4485142745000714,1.7312524751500677,1.4576166650609903,,0.817651929318043
2019-10-14,0.8579257126358901,1.4501140984473662,1.7317709136757746,1.4462042258602905,,0.8440268693923967
2019-10-15,0.8399102527504225,1.4491087688696285,1.7317446014994926,1.4388778675372227,,0.8395034906995517
2019-10-16,0.8187329502837172,1.4409934787276037,1.730083798786767,1.423026272609285,,0.8198741293189371
2019-10-17,0.7916956829731255,1.432191505575529,1.7283396612341175,1.4072137631710981,,0.7981546241413155
2019-10-18,0.8644335858636093,1.4314539947052731,1.7277656468557419,1.3939486342578364,,0.8581077241380796
2019-10-21,0.8384914810309684,1.422823312534492,1.7262679434757613,1.3788776509080516,,0.8335915794163574
2019-10-22,0.8156636374263495,1.419956210779802,1.725992459658002,1.3808619099141661,,0.8133234062775104
2019-10-23,0.810836944356154,1.4136973209260133,1.724745779521579,1.3732837871699932,,0.7953895951770398
2019-10-24,0.7842568565106754,1.4051466271676427,1.7230215029921452,1.3587914356334787,,0.7695105382274607
2019-10-25,0.7776900851015554,1.3992504860465989,1.721886150456583,1.3600626990834959,,0.7577700993725401
2019-10-28,0.7767054005891751,1.4064876404327318,1.725079990750806,1.3736186394731784,,0.7445091556633692
2019-10-29,0.7626242076774481,1.4079151054308106,1.7243070819015687,1.367024803710393,,0.7463286062061386
2019-10-30,0.7520321861482085,1.4058136429089272,1.723262709051326,1.3522138605471672,,0.7607439105503335
2019-10-31,0.7292579288867792,1.3988953404692206,1.7224303771262797,1.342129909086101,,0.7572174324394586
2019-11-01,0.8358393222633598,1.3944765955383325,1.7216133921221124,1.3362490736737767,,0.807285000695341
2019-11-04,0.8232865350732637,1.3873997071183857,1.7202618776886751,1.3280266148982867,,0.7817155341229244
2019-11-05,0.810662385101612,1.3818709633958328,1.7186289369108483,1.320287489295771,,0.7637341371096573
2019-11-06,0.79593694120834,1.3779700407702882,1.7174760588232463,1.3090110586457504,,0.7676247776783235
2019-11-07,0.7707555658585047,1.3717405012267314,1.7162289099797603,1.30079687962432,,0.7456847243784173
2019-11-08,0.7593732907805232,1.3639851239720573,1.7145823869146561,1.28756618169633,,0.724346768495266
2019-11-11,0.884192597767041,1.3794507331284207,1.718244279097291,1.3181793640933654,,0.8661897482601273
2019-11-12,0.8542288796981548,1.3711380529085555,1.7166385566918971,1.3042827215504118,,0.8385677689429415
2019-11-13,0.8265170884625038,1.3628721249964122,1.7149646356124648,1.294684800919665,,0.8223549163581185
2019-11-14,0.799605603079704,1.3575499525205872,1.713723230320928,1.285689318864056,,0.7943965988396059
2019-11-15,0.8025670744087564,1.3528984417072614,1.7131798720841362,1.281734834917917,,0.8228577172000405
2019-11-18,0.8031167683312239,1.346027033742523,1.7120144155640673,1.270820391301458,,0.8385126081778499
2019-11-19,0.8179622242258582,1.3523868878281262,1.7134081483750143,1.3312511086689802,,0.8574751053331854
2019-11-20,0.8414647349669291,1.3456383413277213,1.711887536077408,1.3190303343398724,,0.858642494488026
2019-11-21,0.824829197782468,1.3375460510131805,1.7101840153141143,1.306092975987613,,0.8295027504501381
2019-11-22,0.8481767713709384,1.3327883082444358,1.7098124067886775,1.3256319544383421,,0.8088600246052082
2019-11-25,0.8415368684090075,1.3248104214661065,1.7083020834962506,1.3215139095530735,,0.8569026714029183
2019-11-26,0.8172355359966632,1.3175671279101009,1.7065983094514772,1.3180309955125287,,0.829956247933291
2019-11-27,0.8003421313393364,1.3108521284040269,1.7048986435618079,1.304534472883763,,0.8153100392155052
2019-11-28,0.7812414902785535,1.3034343294042694,1.7032432697969007,1.2908554044945098,,0.7935628593781379
2019-11-29,0.7958651754036945,1.2958040786397211,1.7015493108007789,1.2796640049119505,,0.7695970854974407
2019-12-02,0.7710091477945128,1.2884392813817382,1.6999275693194116,1.267446004402926,,0.7491381315869499
2019-12-03,0.7518485265354456,1.281914112561152,1.698674709486091,1.2560363542302988,,0.7316291236805114
2019-12-04,0.728211372096724,1.274406486563608,1.6970280059391845,1.2433642868070613,,0.7236163684834255
2019-12-05,0.731961785398927,1.271894525820547,1.6965550256691087,1.277008698296611,,0.7100787136504098
2019-12-06,0.723638968299833,1.2686350532169963,1.695361469062202,1.2745052532003784,,0.6885463252111248
2019-12-09,0.7038236857964726,1.2617277864233551,1.6938235956257819,1.2621538158139545,,0.6759644185932844
2019-12-10,0.6823830715419198,1.2557545154748153,1.6925245478791695,1.255363464535903,,0.6558595895465169
2019-12-11,0.661607701739537,1.2492720789689995,1.6909558121737915,1.2497015770329976,,0.6565706993052342
2019-12-12,0.6488516373417228,1.2424246038919218,1.689288667616075,1.2375049501570166,,0.6375555236589693
2019-12-13,0.8217936150865209,1.2435684785385133,1.6893366157859684,1.2654564168247786,,0.6659096232267695
2019-12-16,0.8024618512817608,1.2545674414401666,1.6908171204048024,1.273497933754937,,0.6751479617460938
2019-12-17,0.853647196864184,1.2575274539182375,1.6905499171010034,1.2753342207140854,,0.6855840584921885
2019-12-18,0.8288058654312485,1.2501965143612777,1.6888799537167778,1.264180714678159,,0.6673573681705373
2019-12-19,0.8028855233258108,1.2430519827069515,1.6874318717120105,1.2513681471407245,,0.6477489142976722
2019-12-20,0.7806166556564161,1.2417896768336323,1.6868953624276626,1.2484182201424316,,0.6426847729441442
2019-12-23,0.8334117935838165,1.253972050497126,1.6892546476467045,1.271980881343462,,0.7165576438477549
2019-12-24,0.8231981233598192,1.2590620998642088,1.6905906431952624,1.2941620730979617,,0.7085326626540334
2019-12-25,0.796502642895187,1.2527728419755941,1.6892569958239891,1.288017009080864,,0.6878643618924322
2019-12-26,0.8030656153164109,1.2482610301994392,1.6880929725280263,1.2777410537566343,,0.7318179010800016
2019-12-27,0.7779176955934355,1.243830502855801,1.6869185076403668,1.283036428308568,,0.7109216238961977
2019-12-30,0.8480335729025666,1.244644620358681,1.6856150684894187,1.2858940114517794,,0.7749921682966119
2019-12-31,0.8236627326936391,1.2389104396407016,1.6844045263255683,1.2749349884119456,,0.7674187103868948
2020-01-02,0.8612032697947744,1.1071051811883514,1.252505182307294,1.2873738579848957,,0.8249047681645466
2020-01-03,0.8371158725967416,1.091999093887365,1.2341267741941038,1.2615601350617247,,0.7977630764843794
2020-01-06,0.8189610123774469,1.092889538303948,1.2328384822560654,1.2677655389365232,,0.7786372426951467
2020-01-07,0.8149548156088018,1.1002883565069566,1.253114412799281,1.3006395901865069,,0.7821374989974532
2020-01-08,0.8509475540528182,1.1136337478427096,1.2634615528317708,1.3190671587313305,,0.8229619626454187
2020-01-09,0.8850573292268756,1.1268810036169894,1.2907268227101931,1.4168312262385718,,0.8618563251593581
2020-01-10,0.8578832003542219,1.1113177036599673,1.2667136123626495,1.3888240613765772,,0.8401672011913655
2020-01-13,0.8658028861849684,1.1284331316134608,1.2748291494708424,1.4027724871867633,,0.8318161679938918
2020-01-14,0.8455216264107444,1.1127875459249297,1.2516445708083683,1.378587283262157,,0.804349942388634
2020-01-15,0.8340694934256,1.0968873977673272,1.229080193772041,1.3487386091185174,,0.7918791998015695
2020-01-16,0.8175241208059191,1.080842666105934,1.2080702913210142,1.3215306188393257,,0.7804955928017803
2020-01-17,0.7931063276251358,1.066749337721215,1.189811948682424,1.2940894008095272,,0.7552528792015014
2020-01-20,0.7900525464882964,1.084627041422834,1.204917436731664,1.3828114895680352,,0.731590567123457
2020-01-21,0.8939750940007406,1.0892496502459916,1.1994511447279776,1.3622562687770108,,0.8694864184639226
2020-01-22,0.8725290953967344,1.0880995351854112,1.182835755642321,1.3651863116871004,,0.8444649500778723
2020-01-23,1.1776071683928617,1.2577438290314482,1.3956759236456808,1.512051862795664,,1.0995300923593145
2020-02-03,2.340565362245932,2.03001863574445,2.246144241484184,2.079642398983244,,2.6273700132164484
2020-02-04,2.3669987595934834,2.016312868107632,2.179503800337777,2.2763336112050947,,2.5849162205789518
2020-02-05,2.2994976101008966,2.0319600418173467,2.183484560176857,2.3081181789259326,,2.501174124257949
2020-02-06,2.2668852901299017,2.0728982056156613,2.210435277207772,2.3852450878781486,,2.4249091824660547
2020-02-07,2.187387927488268,2.0363441808938076,2.1542551496682414,2.3204203852811762,,2.330958428303028
2020-02-10,2.112804120210681,2.0064759401824004,2.107536199938087,2.275040890193006,,2.2748687405576837
2020-02-11,2.0514152156438707,1.967655391802846,2.0473367306183716,2.2180526901714663,,2.1871795165123857
2020-02-12,1.989050348582679,1.9585834651903964,2.048487513697199,2.2410466482534357,,2.107793310375119
2020-02-13,1.9277393210585867,1.925389894691566,1.994078973568174,2.190779287648656,,2.03289231477059
2020-02-14,1.8685326257462298,1.8867844911977294,1.9364122654800986,2.132658447517906,,1.96331070933068
2020-02-17,1.8907905963197746,1.9436842758867516,2.0312604486294465,2.224478616977563,,1.9650625426478017
2020-02-18,1.8311812208246214,1.9172608027927842,2.021873827618457,2.17894585510894,,1.889142863281913
2020-02-19,1.7682935739124614,1.8878377689623906,1.9703237973743357,2.142975006251784,,1.8195529876044052
2020-02-20,1.8048041310087368,1.8823450453684107,1.958196615566761,2.139561583640802,,1.7883041525890526
2020-02-21,1.7421833700584821,1.862039980165339,1.9349127025897672,2.1193463441020195,,1.7216418785632277
2020-02-24,1.6859883903688861,1.8438808408040186,1.931964614129679,2.0944544113420105,,1.6669101671800723
2020-02-25,1.629158606575484,1.8101453432287717,1.876540635913922,2.0511428607788758,,1.6265909140235904
2020-02-26,1.6077249594701983,1.8390410135615434,1.9171072372016427,2.2318864542217667,,1.564359602292499
2020-02-27,1.553907772810657,1.8028065355470937,1.8621512957867958,2.17770737831241,,1.5048120714391449
2020-02-28,1.7681231017451884,2.0181786935779797,2.1708647394351006,2.4446702265615405,,1.6754892285082137
2020-03-02,1.9103792459024684,2.0997255133284907,2.299650032578055,2.468422521278946,,1.9251801677749631
2020-03-03,1.8471215164799972,2.0640724769847463,2.24070288009642,2.4308410743177866,,1.8504354317694927
2020-03-04,1.7880159911678375,2.021830214524866,2.1721099711670533,2.364454999102499,,1.810490135199882
2020-03-05,1.8154259091725864,2.0000516704418314,2.1265242459308142,2.3343265426695132,,1.7702964345640726
2020-03-06,1.8079456664070888,1.9627774210144817,2.0615393655161283,2.2764163148763754,,1.7334112031936877
2020-03-09,1.9601713874680804,2.069422264358665,2.1547370602385363,2.4192830812344712,,1.8671849596248982
2020-03-10,1.9727380744378995,2.0898815932025414,2.1696768564846862,2.4219317048889675,,1.855851888856749
2020-03-11,1.9392634284025296,2.065775832807957,2.122097857780238,2.401992457319191,,1.8006819692240161
2020-03-12,1.938988038517601,2.0475570232937303,2.094096033980686,2.403289811684551,,1.799136283460758
2020-03-13,1.9075163756961158,2.00915061147144,2.0356735721630383,2.3428601359489534,,1.7822214452829794
2020-03-16,2.1565059410066976,2.1530022110732987,2.208710467004799,2.6050671775145444,,1.909405696560086
2020-03-17,2.0843546866188096,2.1089669008057066,2.139068532662731,2.534013273989906,,1.8382417907155597
2020-03-18,2.0787570931230066,2.091221144333689,2.095105213110755,2.4873480403553825,,1.8113653531591296
2020-03-19,2.0347385565099856,2.053220081971862,2.0467397225806314,2.4205971565102473,,1.763601775456564
2020-03-20,2.016142749620365,2.023628843886139,1.994491648050992,2.365451134238914,,1.7344596738245346
2020-03-23,2.1418071027091736,2.1313539129915897,2.147712083477518,2.5018280140514397,,1.844131251756082
2020-03-24,2.1821955446646997,2.1194784576127983,2.1274900954991143,2.5028326670118317,,1.8906432630728869
2020-03-25,2.21032994669479,2.1229664793735528,2.1179388062757374,2.5318971616487724,,1.8979641427793812
2020-03-26,2.141826315206306,2.0869810147853998,2.061963876434606,2.464610298508059,,1.844741495822303
2020-03-27,2.0681403326249184,2.0464385357786274,2.0034646761174892,2.4106409769385393,,1.7832717069675836
2020-03-30,2.013491917820049,2.0428678259226607,2.0066019817816403,2.394442441672657,,1.750859091340767
2020-03-31,1.9446848266982977,2.001820553054566,1.947741516298784,2.332848980857865,,1.684180850974558
2020-04-01,1.8663652275610443,1.876711204050971,1.9140332703259784,2.33843351962884,,1.5738497738040509
2020-04-02,1.842457719925797,1.9301170617265275,1.954791806642096,2.365330815325257,,1.5529356727851231
2020-04-03,1.7627657726653065,1.8604766076684702,1.884908856636964,2.2882160114126506,,1.4675464972082548
2020-04-07,1.8245576395180432,1.9808292170655528,2.021563861878098,2.36171915701764,,1.5291166664094495
2020-04-08,1.7430305093976979,1.8948135758617612,1.9411030582661712,2.281692161642727,,1.429772117852598
2020-04-09,1.657103325783788,1.8338024174180432,1.893242695743517,2.242813069198075,,1.3394510088011078
2020-04-10,1.589206135174064,1.8513647202780457,1.939845354412911,2.246781523081087,,1.3158971902685779
2020-04-13,1.5162639950503405,1.7834054611088779,1.8752754117738508,2.197662979107506,,1.235148093267751
2020-04-14,1.564962383950583,1.8258551764310522,1.8850581336130348,2.2747967702895524,,1.245344286810093
2020-04-15,1.5135907203021035,1.753066049183822,1.8200678816012976,2.199862443745094,,1.188992066916427
2020-04-16,1.4383990547994832,1.7011933555998624,1.765387337820589,2.1618462579414617,,1.120765650838722
2020-04-17,1.398611786813812,1.6331169771489356,1.7013554073167692,2.095201729202715,,1.056251459631414
2020-04-20,1.3323336151746512,1.6039689689521563,1.6967237392881216,2.0452697546781367,,1.0116378201247258
2020-04-21,1.3300873871164935,1.554381069422787,1.6429842427733126,1.992360810793034,,0.9819817746025409
2020-04-22,1.292505549673484,1.5142179879320419,1.6081272049663393,1.942246609786916,,0.9356562767876313
2020-04-23,1.234702898236793,1.4664160484043232,1.5626933009246986,1.8869109200600611,,0.8914595389706782
2020-04-24,1.210791610077868,1.4752105807988776,1.5855142355016205,1.854012737850782,,0.8726836151462029
2020-04-27,1.1724571505124917,1.4226936291458039,1.5359916361804082,1.8050592267429886,,0.8504253468974275
2020-04-28,1.133617280885655,1.3866489757344744,1.5298646615907623,1.7549255827692887,,0.8397516463131803
2020-04-29,1.087085129673534,1.3402196811562477,1.4820388759934369,1.7006164080129884,,0.8559265702499569
2020-04-30,1.095816166418671,1.459460022984946,1.5656122280337406,1.7179169064689088,,0.8646143159253199
2020-05-06,1.05691925538916,1.4901142165287788,1.607897549707878,1.7373663759230928,,0.8165951356981515
2020-05-07,1.0153184723801354,1.4366904580867714,1.5549213954115413,1.6843536242526167,,0.7737984807168862
2020-05-08,1.015950264764978,1.4223757203810643,1.537148231121985,1.6480681672328532,,0.7840063750915035
2020-05-11,0.9716134895360838,1.3745744238852449,1.489413410792281,1.6203855101470757,,0.7429298760343424
2020-05-12,0.9282829242180001,1.3319162099838064,1.4475920176479147,1.5930040554000948,,0.7181231370490109
2020-05-13,0.8887857106784485,1.2952454797706974,1.422528390035628,1.5585636760011758,,0.6836758549721506
2020-05-14,0.9281480392574991,1.278025587128679,1.4012181769721705,1.5372252418700758,,0.767135361691319
2020-05-15,0.8935289281030835,1.2449004801828174,1.3707088643234158,1.4952665901331064,,0.7396934791639794
2020-05-18,0.8578344684761928,1.2171307776353606,1.3401479987752463,1.4573950360864576,,0.7035787243884545
2020-05-19,0.8595701593267124,1.2348285189340307,1.3545155689002804,1.4593329769626435,,0.7034193306771314
2020-05-20,0.8477046276843984,1.2336105495373735,1.3551966236788655,1.4512013433410187,,0.7396694690023972
2020-05-21,0.8332279906973022,1.2364289951167282,1.35155277595112,1.4282865059235534,,0.7321146880491946
2020-05-22,1.0962542561158701,1.2933842565838825,1.388206815831933,1.5257159031773693,,0.948657632506859
2020-05-25,1.0468219878437846,1.2545590745019484,1.350901431823229,1.483899761673433,,0.9145789634547783
2020-05-26,1.0570738201172263,1.3317100439771794,1.4610264654081455,1.622317902884259,,0.902926203246044
2020-05-27,1.0416188183383952,1.3153104600913814,1.4295704075745947,1.6496620346026694,,0.8626034576051241
2020-05-28,0.9974102483552097,1.2744808464782158,1.389429961503528,1.61243997824065,,0.8195286380429128
2020-05-29,0.9545260526640418,1.2587794540352213,1.3795280073842644,1.6122348397752404,,0.8086001359419466
2020-06-01,1.2464708991232443,1.4736743188206176,1.5524340350111678,1.785692213499385,,1.0598332837228102
2020-06-02,1.1871026503630377,1.421280078488424,1.5028010269025929,1.736567806799628,,0.9966180731360654
2020-06-03,1.1307244748235599,1.3728005152007243,1.4569355420360546,1.6832721345478578,,0.9375299810032232
2020-06-04,1.0779261367790556,1.3276439095591956,1.4160698510555483,1.635189311212602,,0.8891260612659739
2020-06-05,1.0370021636149076,1.2864155660834289,1.377472710545744,1.5961103273835884,,0.8535233221425221
2020-06-08,0.9996240112499829,1.2481601762578696,1.3417193132385243,1.5562202590773357,,0.8066066913178963
2020-06-09,0.9704514130891416,1.2251064021790472,1.3222697042595772,1.54632489686364,,0.7740131279384445
2020-06-10,0.9310026045321551,1.1910324468721585,1.2906075385044438,1.5200350456231397,,0.777872096733868
2020-06-11,0.9623953139937618,1.1656830880608433,1.2634216461465848,1.4784898936153554,,0.8153421493824144
2020-06-12,0.9211910235794307,1.136184450484528,1.236627952745827,1.442917097552207,,0.7746943909275291
2020-06-15,0.9711997585859367,1.1088845877013165,1.2115026212775541,1.410959693969982,,0.8009893406953139
2020-06-16,1.04739339477401,1.2005993807509663,1.3037650733461728,1.4490173929548302,,0.9837960443608261
2020-06-17,0.9993573214414812,1.183070740213194,1.2766433636660361,1.4097163683233742,,0.9260383701463233
2020-06-18,0.9741193833784422,1.1520105303699055,1.252979414360549,1.3720280655258992,,0.9134609175441977
2020-06-19,1.0152609658498324,1.1524227577996227,1.2396410972553895,1.4614828311083032,,0.8620772528310247
2020-06-22,0.9691430864772193,1.1238946910408685,1.2268683701170393,1.4434308465869712,,0.8657262004723256
2020-06-23,0.9357882471930227,1.1023317256851186,1.2036175887161087,1.4653342984625692,,0.8175572857029106
2020-06-24,0.9012532206095278,1.0799355692558448,1.1817232572382532,1.424702968372796,,0.773851244081072
2020-06-29,0.8985032184467029,1.0638562672748983,1.1622212334773439,1.3899426744309609,,0.7625067002330596
2020-06-30,0.956168123944762,1.1524731268889663,1.2341549436297867,1.5213783531136582,,0.7669306328923483
2020-07-01,1.1253605477579123,1.1363940986895034,1.2161266913224251,1.4807185614434297,,1.0086793508463012
2020-07-02,1.2617407740142184,1.2082373867803287,1.2400748533132069,1.4292648040820184,,1.294616025141058
2020-07-03,1.3451209875847179,1.2286132315313114,1.24163191926756,1.4459571205390052,,1.2510467901090896
2020-07-06,2.323339471690603,1.7484878063201554,1.6858629657305504,1.587196619089657,,2.4162332634424137
2020-07-07,2.177739379317918,1.687369143255209,1.6322858245773324,1.6700403776105541,,2.2207940296736592
2020-07-08,2.1076503370609054,1.7614379106306064,1.6925787801040404,1.729413699256348,,2.081886478480549
2020-07-09,2.02359162873945,1.8175333065265662,1.8300475896646056,1.9986255239032666,,1.929099355151296
2020-07-10,2.0146136928289056,1.711282945062098,1.7301344894688917,1.9185741856848502,,2.005021616547271
2020-07-13,2.0238927716130672,1.9249505189623466,1.9732857076584156,2.1470613793238034,,2.1324466657502077
2020-07-14,1.9350910462837587,1.8604269942113887,1.8716137211036696,2.0717398243080973,,1.9658244529275606
2020-07-15,1.8744138996389805,1.9191258302506544,1.9728908295426506,2.033284072464467,,1.959528616121587
2020-07-16,2.4520565854079748,2.3608101031365374,2.436582780914861,2.5878077900239775,,2.221393500807302
2020-07-17,2.3072782145668334,2.2024001494173047,2.262894335154958,2.462522379886342,,2.042192763250347
2020-07-20,2.3865512183094144,2.2428200633555098,2.355242259908766,2.3673700612477506,,2.554312628285999
2020-07-21,2.233290839011115,2.0968544534557525,2.1927495495923575,2.2862719078095117,,2.3368998411805775
2020-07-22,2.0955680255359987,1.976959286596032,2.0593329823300013,2.1995741198522594,,2.1374617325499594
2020-07-23,1.963089139823816,1.8514478570878288,1.922438278770249,2.1162031375450328,,2.0183494573296485
2020-07-24,2.422028649420764,2.3816334233102783,2.3274846525335904,2.683308802994648,,2.399345065550345
2020-07-27,2.2748371809399974,2.2188577144419512,2.162056653147268,2.5475257844008885,,2.196455740819385
2020-07-28,2.146984874968803,2.090466897538443,2.0392010404916063,2.4463107604416963,,2.042990633855874
2020-07-29,2.169662738643942,2.1248850193771873,2.1072364890236766,2.554731249568152,,1.9804115470806922
2020-07-30,2.0440870456469646,1.9883135766375348,1.9672394860880542,2.4414311665987665,,1.813869440448286
2020-07-31,1.9336639879991513,1.889168545509303,1.8855958701133932,2.3777341241312366,,1.69438849750191
2020-08-03,1.8891680429852347,1.9268003428242073,2.026164503197632,2.3762799072277794,,1.7338147500315826
2020-08-04,1.7706328225140953,1.819970796333878,1.91026678394171,2.291738652969299,,1.592460457720078
2020-08-05,1.6605832114581838,1.7449395876434723,1.843084363584015,2.1961443214502974,,1.462633956688232
2020-08-06,1.5641255667972367,1.6430735416001578,1.7307535662672138,2.14623282801389,,1.3451697622630618
2020-08-07,1.5308704958995274,1.601204219415055,1.6793544242618152,2.154398009113575,,1.2816049688048858
2020-08-10,1.4421869696650762,1.5233198817630904,1.5900488923857974,2.061038424060446,,1.2872405484832563
2020-08-11,1.4012784983242876,1.5661367606393575,1.6337219974551707,2.0308485679681723,,1.2622384316536979
2020-08-12,1.346456252097594,1.5243970592547,1.6240961859078724,2.025313365748933,,1.1955529537763798
2020-08-13,1.2719950641485749,1.4500246485630075,1.5433574445805722,1.9401205693781045,,1.112515197188327
2020-08-14,1.297578642346378,1.4185008154504302,1.4984536035013145,1.914713100522605,,1.0681453294633998
2020-08-17,1.4515861389938638,1.4642178688154732,1.57339412893795,1.8510282923976111,,1.2880829218676195
2020-08-18,1.3663860396188574,1.4051596214450504,1.5167895246616838,1.7715457561044288,,1.1880578723394677
2020-08-19,1.4007579940151382,1.4654092161593404,1.5933045808952269,1.9462178681592275,,1.169838142394661
2020-08-20,1.3987446565598514,1.436654281316242,1.568877470530596,1.8832898317052738,,1.128482667716829
2020-08-21,1.345865603616586,1.3878105830673853,1.5051663174261403,1.8610920875289447,,1.0452832716559173
2020-08-24,1.288781625759673,1.3394763337809261,1.455726369546482,1.8619708104654842,,0.9930206279781881
2020-08-25,1.2137671800331464,1.2959118205642015,1.4051520160462643,1.7886518084283205,,0.9240283274995462
2020-08-26,1.2273558302304566,1.3878149910875268,1.5460407505791565,1.8245349355085494,,1.1060899470009395
2020-08-27,1.1697842062577535,1.348844022782472,1.5179059735229394,1.806609592340751,,1.0487896224644857
2020-08-28,1.367118483972084,1.3935341441591338,1.4947372842576094,1.8689642869510537,,1.1948654812606943
2020-08-31,1.3120453659528601,1.3360241073494294,1.4272003773549495,1.8171544298344613,,1.1288550265466426
2020-09-01,1.246501301815821,1.292840573119619,1.3750206486680165,1.7522786947149156,,1.0460078025434731
2020-09-02,1.1748573359800452,1.241037944478278,1.323458856885576,1.691693867867297,,0.9714569618381276
2020-09-03,1.130940093852809,1.2267721792532862,1.3288412319614238,1.647067884539947,,0.9069102017905728
2020-09-04,1.1289097587043855,1.2027862873993669,1.2830786634933768,1.5921060267034348,,0.8563576817079919
2020-09-07,1.311360296847419,1.347090901737416,1.3583054107176629,1.8130563344539852,,0.9345100016634955
2020-09-08,1.2481170678200668,1.308129262857173,1.3283610791378608,1.7377839483747408,,0.8979840666523436
2020-09-09,1.4566141479805623,1.5287838440632533,1.6313349603223903,2.168956055496213,,1.051207547596195
2020-09-10,1.3693186083137034,1.5574004661666732,1.8720136512212324,2.122440183064236,,1.0501057216651781
2020-09-11,1.3274805836760533,1.5247388047433628,1.8459539880782545,2.1083699004757848,,0.9856540646039422
2020-09-14,1.257517092214609,1.4571215250736826,1.7937095775920042,2.0469911864386567,,0.92927303189439
2020-09-15,1.2107627528977778,1.3961029314210698,1.6916211329367137,1.9668693121180496,,0.8817531667249053
2020-09-16,1.1735157220556125,1.3448217836230307,1.6302194534568573,1.935340367192493,,0.824145523634207
2020-09-17,1.126646289641979,1.2878893134028353,1.545551436103544,1.849634839624358,,0.7846295519696219
2020-09-18,1.3140324663378173,1.3329945435947455,1.5444162278995253,1.816877666679017,,0.9529014290789071
2020-09-21,1.2980919749895155,1.2835442336471072,1.4697552134091463,1.7679324839332429,,0.926929609131813
2020-09-22,1.298026959747872,1.3096190361872408,1.4927725195408754,1.703181525820372,,1.0523395279077046
2020-09-23,1.2272316624337396,1.2659111274090915,1.4445962110523471,1.701020043816387,,0.9766502562763006
2020-09-24,1.3569193216266515,1.4292974704524095,1.6345349730177583,1.784585380332459,,1.2007072551290106
2020-09-25,1.277603090273193,1.3619833951906082,1.5546886608039523,1.7098945782423425,,1.1364491850815692
2020-09-28,1.204956663852763,1.3383157149869662,1.528459431169129,1.6574543416376686,,1.0523231952644432
2020-09-29,1.13713443708765,1.3052318521007624,1.4982505362315608,1.6552756356896559,,0.9866408232233491
2020-09-30,1.07563560187092,1.268046356794206,1.429638582794686,1.593476357146279,,0.9429977217727296
2020-10-09,1.2563367696879817,1.523674101336547,1.7206273206835745,1.8923546236762196,,1.2804848908716402
2020-10-12,1.5835161890588274,1.7134793087366784,1.8765166506188349,2.107057936150942,,1.5629911801537244
2020-10-13,1.48416864628671,1.6097988684723608,1.759486640569009,2.0198226740832714,,1.4264204691210371
2020-10-14,1.4169907078192807,1.534509252912945,1.6841448291569128,1.9490507584866164,,1.3036845378314095
2020-10-15,1.331689053626152,1.4721974942514333,1.6124555448586546,1.8909226380879938,,1.2085464747426664
2020-10-16,1.2531578416592246,1.4061567740745369,1.5310129813048279,1.822650274804389,,1.1146426211868385
2020-10-19,1.214914636782576,1.387656642194617,1.4745298542418754,1.7903282714698794,,1.075708940247081
2020-10-20,1.1780409685947013,1.3682118462240898,1.4479340138120333,1.7968834926062778,,0.9936573256120738
2020-10-21,1.1105923249359841,1.3642253550544823,1.4830073350553894,1.777978373698843,,0.9338024861072691
2020-10-22,1.0565682230285998,1.3133898236275945,1.4271044919057576,1.7350883521575438,,0.9374932838401919
2020-10-23,1.103613879174729,1.3715070698684948,1.4962799359203904,1.836571379417326,,0.9397518257144242
2020-10-26,1.0631147874087346,1.309705336719852,1.4317626698990367,1.7739530293703474,,0.8757640458302106
2020-10-27,1.0059626553287229,1.2563567382162524,1.3839478633368423,1.7403154098342537,,0.8354891781441968
2020-10-28,0.9903913966168845,1.2164412090653347,1.3330198926666903,1.687305106716786,,0.7834369887333749
2020-10-29,0.9687998228210649,1.1761504280034274,1.290582907478957,1.6528685660379698,,0.7676120432174122
2020-10-30,1.110701260628285,1.3750786357637494,1.4778644497112703,1.6602264269014277,,0.9791917677622483
2020-11-02,1.0675360688749687,1.3267510549037693,1.4154372122374688,1.6882911085571177,,0.9954160264849657
2020-11-03,1.0885283150626293,1.3745605707447281,1.5142659710783726,1.665745059005553,,1.0561476513034094
2020-11-04,1.054784884420891,1.3136221679725892,1.4494210237442746,1.6075625747688225,,1.000308241761253
2020-11-05,1.1194318185249272,1.4059949283224347,1.5148412380353056,1.594416508113752,,1.1728763981649994
2020-11-06,1.0569374144841037,1.3703204313068689,1.4885048604200875,1.6369287815052018,,1.0799296712212858
2020-11-09,1.215620194937782,1.4563860099318902,1.6398677303501865,1.7732699906543818,,1.2079258285756471
2020-11-10,1.171721331617727,1.4105924627015531,1.6028063966596684,1.7558280337231602,,1.120581565693082
2020-11-11,1.165290842824664,1.4030583950781141,1.6078324814443103,1.9260583794274986,,1.0482396191005023
2020-11-12,1.0984624904830507,1.3423851807068656,1.5291771895516826,1.8587105339622474,,0.994637837321202
2020-11-13,1.1132576354040749,1.2852863207994725,1.4582942310641118,1.7874127127637824,,0.968763312835548
2020-11-16,1.1075043455382398,1.3046474529285075,1.4278468158520583,1.7207005185119197,,1.256075080266863
2020-11-17,1.0505813533593102,1.2822565345494532,1.4105393031744682,1.751091811701803,,1.1825726457809351
2020-11-18,0.994062475855168,1.232438942304739,1.3560320222502458,1.7328490784924322,,1.0974202204576216
2020-11-19,0.9744744071736666,1.1932558526393136,1.3215101592418976,1.6873191874075657,,1.0304107117309285
2020-11-20,0.927303558412894,1.198721729881004,1.298674611923346,1.6412280596528461,,0.9755941676356213
2020-11-23,0.9800696651994353,1.1856534095412514,1.2742255804535183,1.5950045435877125,,1.0749750027302494
2020-11-24,0.9654680328472351,1.1490013906765002,1.2399539490841467,1.546480942104644,,1.0092721430427911
2020-11-25,1.0323626578597485,1.2897547846339696,1.32844563858807,1.620189755298684,,1.1103410895582175
2020-11-26,0.9787252600421835,1.2404442911774853,1.2996520195349224,1.5662267274127006,,1.0384715705708927
2020-11-27,1.022362623554762,1.1994609565860062,1.2614958811435417,1.5169333038917576,,1.0026430982302306
2020-11-30,0.985838390591653,1.1727341579630775,1.2324307104235972,1.4737723060311196,,1.0453382532218753
2020-12-01,1.211005694454834,1.2668136724450634,1.287498722086655,1.5845037828299178,,1.1209310153139984
2020-12-02,1.1414383334092166,1.2190175813805846,1.2536468043082376,1.540642976819882,,1.0343454524561604
2020-12-03,1.0804138420762857,1.1779208255029265,1.2282530313437034,1.5188869399745657,,1.006845594351121
2020-12-04,1.0215578295734198,1.1485140323592455,1.2146581908714398,1.4806564943469764,,0.9352563305226373
2020-12-07,1.0239116494380474,1.1373533168030607,1.192067046776502,1.4359913598074967,,0.9754916080821041
2020-12-08,0.9737057677117799,1.1077095969687962,1.171009754133628,1.4062968056140719,,0.9151354638809135
2020-12-09,1.0523907284673764,1.2400268686946032,1.3131115230431367,1.4540822740528279,,1.0076843817751646
2020-12-10,0.9950089459031972,1.1986413227635806,1.2744419066191883,1.4245013986267558,,0.9355834708616174
2020-12-11,1.0220172389663351,1.3001222282545868,1.3443202668689809,1.420311798013565,,0.9108173034573651
2020-12-14,1.0225357507423283,1.2787165890449141,1.3697084407093614,1.4323166013386222,,0.9020514904301992
2020-12-15,0.9684706354514779,1.2293123566876236,1.3228271578280566,1.4252716496882858,,0.846423632828175
2020-12-16,0.9191712682562373,1.197808232277498,1.3076952029694398,1.383679030350002,,0.8142680444901984
2020-12-17,0.9800648328755963,1.2241686322446939,1.301515996750146,1.3661114894012363,,0.8709976829084366
2020-12-18,0.9437791058553034,1.18674949813194,1.2702026378679137,1.3303823199957476,,0.8318962449208631
2020-12-21,0.9533736865561839,1.280064589413004,1.3715516136577097,1.6351160025315827,,0.7897615668602865
2020-12-22,1.100822064197692,1.4631717543027614,1.5065641335564537,1.721821055670186,,1.2346844770673626
2020-12-23,1.0858986496736884,1.4274470374567478,1.470642502427032,1.6849976723301507,,1.1336285273528053
2020-12-24,1.0290680587925174,1.4661724956126343,1.5026957654885773,1.6404748973066325,,1.1198276139127366
2020-12-25,1.0151840292062597,1.450085836053097,1.4804771376116177,1.5939704989816603,,1.0732279284613482
2020-12-28,0.9694435247454398,1.3919083664752987,1.4334178516238856,1.5400446428509282,,1.0348376731475981
2020-12-29,0.9369723102359905,1.3479333474090014,1.3882085971257112,1.5199872328233859,,1.0251849053214455
2020-12-30,1.019160105143137,1.342717017321269,1.3630772715991444,1.697530234254181,,0.962559419683226
2020-12-31,1.1650323148900907,1.3794779578290584,1.4362898141720521,1.7472230384575325,,0.9424541860486825
2021-01-04,1.1926993668527481,1.4552912745215172,1.5755824160225786,1.9726066533756745,,0.935961396684505
2021-01-05,1.2962279220471942,1.4090096365205562,1.4887045870126823,1.8988578471857187,,0.8937995429165572
2021-01-06,1.2532001919143425,1.345550211642992,1.4779694373897692,1.829665286469918,,0.8611606764881922
2021-01-07,1.3213053624633226,1.2906202103304665,1.5025374094074813,1.803904688453864,,0.8814089638306672
2021-01-08,1.2552140984652367,1.2469372374477157,1.433540410820498,1.7424508359164246,,0.8546337350019205
2021-01-11,1.2412065896180533,1.3189229066618064,1.48148199118443,1.7594982858395956,,0.951283149985113
2021-01-12,1.5323871927274209,1.3492492482256568,1.500640275086946,1.8531946645709634,,0.9608289121162104
2021-01-13,1.44278446946333,1.3181401225015965,1.4584698970624703,1.8389662757699783,,0.9128848621911514
2021-01-14,1.5194929813838658,1.3005013069284561,1.3921504612220723,1.8093572152406596,,0.8863599485235196
2021-01-15,1.4232597977989343,1.2571932852316987,1.3427881842362157,1.7432141791175322,,0.882490357528952
2021-01-18,1.3847484330822901,1.3152025125933289,1.4472688343072337,1.754140103187818,,0.9005537379770642
2021-01-19,1.4121325371330935,1.2826822880727717,1.4043559037668847,1.7884510891101648,,0.8869438585335152
2021-01-20,1.3478625414193053,1.273647057855921,1.3831658972261307,2.0102780370716693,,0.854674384662784
2021-01-21,1.3759401884610358,1.302647781558433,1.3773543978306133,2.03033425472023,,0.8440437887502815
2021-01-22,1.2934909597026618,1.255036344726704,1.3338669233940794,2.0330343609813273,,0.9393336304214832
2021-01-25,1.2637441638618603,1.2141191929898578,1.330236592560113,1.9492369449513247,,1.0789941564475125
2021-01-26,1.4027227876130868,1.3120020226538074,1.425796542098114,2.0353470761470676,,1.0408431821615896
2021-01-27,1.3206922768182565,1.268489955902694,1.3667837895830879,1.958123886437192,,0.9740917939557812
2021-01-28,1.5833875765600587,1.4310042780624674,1.5062720511924919,2.1299059364047364,,1.0976220303786637
2021-01-29,1.4860673714405415,1.4047725403563462,1.5028500518300318,2.0597331940941443,,1.0813104983762016
2021-02-01,1.4507278139000341,1.3632875886783806,1.45253558199725,1.988773923803667,,1.1080790971617425
2021-02-02,1.4488990607629937,1.340716579993595,1.4356558290045032,1.9894941282162961,,1.0619267374140033
2021-02-03,1.3656321128163933,1.3210836885267392,1.5061371757799056,1.909673393973251,,1.0502158132994603
2021-02-04,1.2875301613023578,1.3215595561679006,1.601498078625811,1.8477890350160753,,1.0674990028972717
2021-02-05,1.2158498345261877,1.3529111696657417,1.6353582223563496,1.7801123223008144,,1.0051841321291555
2021-02-08,1.252516271630638,1.3728533781565084,1.5664343330590573,1.850315488503153,,1.0292410032897283
2021-02-09,1.3874908050613626,1.485105560237777,1.7395414565609733,1.8337786134654417,,1.0892691988059782
2021-02-10,1.478212741620724,1.444628088785558,1.6377873295409124,1.8713551897538336,,1.0522106072574833
2021-02-18,1.41328864428126,1.4431249088258329,1.629229896777157,1.9553884982248406,,1.3976294708166837
2021-02-19,1.3274563334692675,1.4384435954139694,1.653195404780877,1.9009413992512139,,1.45023531283282
2021-02-22,1.6798283135177947,1.3913625929707154,1.553201123197686,2.200189867686948,,1.3793740604225981
2021-02-23,1.5672140616909798,1.3349399143342684,1.4892856732793223,2.1167585393741715,,1.2918328046467955
2021-02-24,1.7225654911088175,1.3690680334514786,1.4409974472675582,2.228826834862542,,1.2650644071002857
2021-02-25,1.6165917443158793,1.3224838815266304,1.3902721323435858,2.1488155449557844,,1.2945278957706807
2021-02-26,1.7445209341904855,1.448746904698636,1.3900873610927345,2.138801575416878,,1.4683277202743603
2021-03-01,1.7104908225373492,1.5293296016984137,1.6389487357288088,2.1715195264738596,,1.566548109367751
2021-03-02,1.6644932415910982,1.4787005449059414,1.556769206582821,2.0945005376876775,,1.4559603041041178
2021-03-03,1.6857959314235647,1.481510593087563,1.546685193018189,2.0220873513589193,,1.6254865827419742
2021-03-04,1.942217219816475,1.548257489331207,1.6052099462097422,2.3536578101068657,,1.4939268938181895
2021-03-05,1.8027570060960076,1.4622880635372124,1.5214606604626626,2.2514323483274943,,1.3728667161474786
2021-03-08,2.078470665133887,1.5910967784383323,1.6018401307393273,2.5474236806218453,,1.299470779767147
2021-03-09,2.0567163831331876,1.689873277440001,1.8362064448158353,2.6069085013618447,,1.234826221664955
2021-03-10,1.9168561860408182,1.6014181506402818,1.7172141178852514,2.5156454303226234,,1.1546730216850292
2021-03-11,1.964879343326102,1.7245683195511043,1.8025612486000786,2.4896650408119503,,1.419460244053009
2021-03-12,1.8215267171874467,1.6139513658392426,1.6791355320127717,2.3719059544450776,,1.325003101519353
2021-03-15,1.8620923670522642,1.5422421188972288,1.592593012008904,2.5260267213546963,,1.208662194090507
2021-03-16,1.75467671533232,1.461638362848672,1.537630960509792,2.419470621876568,,1.1402589957705536
2021-03-17,1.6353352803039354,1.3965699885721556,1.47363133925914,2.3251522398779225,,1.074619251267514
2021-03-18,1.5451585968661647,1.3560704340458996,1.4078767162998351,2.2581097120573155,,1.0109216072892513
2021-03-19,1.7267326622002492,1.3512390600723183,1.377697577483799,2.2932782635617603,,1.04022861602052
2021-03-22,1.6455047006004755,1.4017236494117145,1.4619026241854187,2.2032589730557257,,1.122737514036937
2021-03-23,1.5765362707848662,1.4212508565307194,1.4584229270043418,2.1304370779459303,,1.2047568764271996
2021-03-24,1.5796072737762221,1.4137461066395531,1.472368747700708,2.069696637420329,,1.284665758890829
2021-03-25,1.4748262258989673,1.350202251439573,1.4034578689810882,1.9923747799775167,,1.183257283004626
2021-03-26,1.5807820561958423,1.38846463058989,1.480635170938082,2.10638927233825,,1.20100942149754
2021-03-29,1.4757794182009596,1.3260862169040892,1.4132303380679576,2.020919530681858,,1.192005898007013
2021-03-30,1.4155795309708157,1.2798775769804966,1.3629589171391563,1.9684279614162346,,1.0984922319755754
2021-03-31,1.3744405508643756,1.2437723992105065,1.3145473161785073,1.8949484588798284,,1.0291461259227033
2021-04-01,1.386317524953731,1.254232117167689,1.3207651095439075,1.8973357998886813,,1.0205075881254004
2021-04-02,1.3461809757928633,1.2195238629743868,1.2929003806702277,1.85208660229043,,0.9910843352104844
2021-04-06,1.2865016459060108,1.1911926297891673,1.2987363767426212,1.7958376845074302,,0.9516487657416853
2021-04-07,1.248522512969645,1.165298678413092,1.2704417736816098,1.7495136845470054,,0.9659398266213379
2021-04-08,1.1895493556749053,1.1441170798222406,1.2509514383808265,1.6970988922562482,,0.9215164664522699
2021-04-09,1.2502956598941941,1.131913511333942,1.23160983868846,1.7017956418190956,,0.8812411885711963
2021-04-12,1.3268639098061974,1.2437093719927537,1.3949265148644145,1.7672739620071862,,0.8705614259159786
2021-04-13,1.2600866993271649,1.21149878137766,1.3537534869871408,1.7179245794033235,,0.913982724811243
2021-04-14,1.2267246112302979,1.2303764770555548,1.3966808680008984,1.7618651600928,,0.9212189578822509
2021-04-15,1.1933097981708793,1.1982887933337325,1.35978478445046,1.707581543683463,,0.8811131015471432
2021-04-16,1.1442733064241124,1.2121479020458947,1.3727626920882334,1.6529401583939742,,0.9763232977302101
2021-04-19,1.350608687106405,1.252206865347307,1.427323654101751,1.952868839404128,,0.9541040148728241
2021-04-20,1.2814951779843058,1.2164561148623643,1.383363970356623,1.8742019853582614,,0.9073538302932238
2021-04-21,1.220974075355398,1.1873755942125936,1.3395793810516796,1.8099620477399712,,0.8709033352281416
2021-04-22,1.1672825420188653,1.1680882162059616,1.3105764248680536,1.7529271344593074,,0.856140614415567
2021-04-23,1.1524448620704522,1.148267057514328,1.2913339926383998,1.7608308249108504,,0.839027330355994
2021-04-26,1.1752062454187355,1.134632215522944,1.268195197806759,1.7184123772979918,,0.8665549955174953
2021-04-27,1.1263171875406994,1.118132337974842,1.2537463274835523,1.665399149150548,,0.8371094695036587
2021-04-28,1.0931575215500078,1.1234858277494513,1.248686227813724,1.7098051338975264,,0.8478187948155679
2021-04-29,1.084886656808417,1.1087973567751646,1.242362657736966,1.6524448781459569,,0.8526741482762744
2021-04-30,1.082994736791904,1.0972795206043229,1.228973287252928,1.6354854443846567,,0.8526063481014142
2021-05-06,1.1228366800684073,1.0871590693535826,1.217009167314051,1.737071617423001,,1.0142621242574021
2021-05-07,1.1626462503301904,1.102519701897939,1.2692196663562267,1.9370121940418374,,0.9569340159986534
2021-05-10,1.1129786340339243,1.1025235070302957,1.2523228560757262,1.8611095244626203,,0.9696294310908826
2021-05-11,1.0846492985287821,1.097012812639797,1.2327138189668596,1.7898142555892345,,0.9968966201122968
2021-05-12,1.0502691419618193,1.1203798418192938,1.2756524851872908,1.7587619602585713,,1.0107940378026556
2021-05-13,1.0764491318282479,1.1674536035202558,1.2782721159717925,1.7065811122733345,,1.0839791117662247
2021-05-14,1.2937826930510998,1.224649654749428,1.334389311319352,1.8427746230862554,,1.0483939216051001
2021-05-17,1.3077329397666242,1.2157634215840312,1.3009365343200099,1.8997627528085306,,0.9859210448101795
2021-05-18,1.2416902043253433,1.1890295043349581,1.2805456004416043,1.8395340869116594,,0.9569355577745149
2021-05-19,1.1885766730456917,1.1664255752204782,1.2554861777450426,1.7809812700114802,,0.909380024441193
2021-05-20,1.13794761669642,1.1580946736785431,1.235600027567757,1.7319830247214478,,1.0572155531763543
2021-05-21,1.1475989300170546,1.142163760406172,1.219131511008355,1.6978204424666143,,0.9966870162495626
2021-05-24,1.106668172720834,1.1268320055151766,1.2387838806114229,1.6552091870022434,,0.975168240730536
2021-05-25,1.4804248839073364,1.1674800815349071,1.2729119265089885,1.766473628809967,,1.050288961405623
2021-05-26,1.3967474270305302,1.1455835008500703,1.2539479919902625,1.7287196725597114,,1.0108637739437114
2021-05-27,1.3244004058408343,1.1580288908216179,1.26487092684281,1.685357126154739,,0.9602665709275429
2021-05-28,1.2630810141843016,1.141777906194455,1.2451354039741287,1.6303635614558232,,0.9130322079301494
2021-05-31,1.2027817903071256,1.1596824435393074,1.356221087448152,1.7013076835406244,,0.938097527742852
2021-06-01,1.1489038319923404,1.13938365453408,1.3248763693350807,1.6479947531826877,,0.9240928869202439
2021-06-02,1.1525930514667941,1.1573863848560322,1.372457465903567,1.6728177592169986,,0.9089373890232939
2021-06-03,1.1271967426058531,1.138708945756309,1.330623855366185,1.6602015441489155,,0.8715353835448977
2021-06-04,1.092556212649167,1.1273934881656582,1.3050697428919709,1.6412567251232693,,0.8656462747188489
2021-06-07,1.0518545150748324,1.118890045375495,1.3215092114624951,1.5973862315999952,,0.8401845011415092
2021-06-08,1.0597273944476993,1.1206155096548398,1.3177875848158407,1.5623736433578224,,0.8482028279582947
2021-06-09,1.0217464797795097,1.1070806260392525,1.2883976201309617,1.5195228634271105,,0.8300965897060206
2021-06-10,1.0089371404189613,1.145829214402612,1.3081931636765767,1.6150898027221354,,0.8132107579556432
2021-06-11,1.0281706057669733,1.145980930627464,1.3005575893604304,1.5685926155394052,,0.8157316881871728
2021-06-15,1.0649468211948783,1.1654047852960217,1.282109509846652,1.5597787228749225,,0.866515081616816
2021-06-16,1.1714016080929583,1.2332395158121643,1.4179931209683951,1.917257056160854,,0.9940339923417676
2021-06-17,1.1284011521339938,1.2263064707135178,1.49510658862067,1.9194507915974197,,0.9420910709797976
2021-06-18,1.0823532611317197,1.2087686179912698,1.4659252617131966,1.8870671721753987,,0.9127569848450583
2021-06-21,1.046142463554923,1.2005857039228789,1.4805626183497786,1.8286810162834315,,0.8981589418086703
2021-06-22,1.0275852761902466,1.1812971356479154,1.423860616231557,1.761452548637249,,0.981901277650031
2021-06-23,1.0032064473916296,1.1784034941512802,1.3869931858705662,1.7228180550651822,,1.0880283513338844
2021-06-24,0.9725731959745746,1.168395812090239,1.386253992995771,1.7020890400506727,,1.0166841497376025
2021-06-25,1.0800548520553863,1.1784430131720949,1.3495526235508313,1.7366301549543324,,0.9718963766897855
2021-06-28,1.0403846688931777,1.1557912848280396,1.3408802785521297,1.7510601019730845,,0.9803069205149116
2021-06-29,1.0848009401949275,1.175451261038726,1.3375492828173499,1.6917239211277282,,0.9298012415593329
2021-06-30,1.063791749284237,1.1699439087308414,1.357406994435533,1.7260157327284433,,0.895564598674205
2021-07-01,1.0134354897626092,1.0541006652799982,1.3450425636885355,1.6713938342159358,,0.8359900591888584
2021-07-02,1.3802081358420035,1.055960775770868,1.310981543024738,1.880819997529177,,0.8508182699951358
2021-07-05,1.3056507963059891,1.047006714072894,1.349463240570637,1.8179557979931502,,0.8119196984466952
2021-07-06,1.2390379985916624,1.003421360668864,1.3014120194900831,1.827178675404686,,0.7843019158994743
2021-07-07,1.230867849051465,1.000680539945357,1.3590377104865528,1.988374076916946,,0.7565847175368431
2021-07-08,1.229904584174442,0.9681988631783718,1.2955796108418416,1.9165667728708147,,1.0938485156149882
2021-07-09,1.1785890987882197,0.9728987735005598,1.2554374328064575,1.8587844498414667,,1.0682526033788533
2021-07-12,1.1930674854234833,1.0566187590964102,1.3700296142151809,2.024426189187908,,1.0278620986461844
2021-07-13,1.1381458386528764,1.042619433023963,1.3139716816473954,1.955554793012858,,0.9907629791536542
2021-07-14,1.1631729675510958,1.0595808083987959,1.3336472752727524,1.8955056984328353,,0.9718590512612946
2021-07-15,1.1944022497657167,1.0271500419492077,1.2735309801633834,1.8580988543197805,,0.9324529338932736
2021-07-16,1.208851655231983,0.9871346368009312,1.2239319608569164,1.9703405369119447,,0.8777453215629362
2021-07-19,1.1572393235814378,0.9709385339301483,1.1848558281241268,1.8989804448271699,,0.8390974620543328
2021-07-20,1.107481928402979,0.9364496523293427,1.167117965602944,1.8314448521606066,,0.8155742720438517
2021-07-21,1.0818450884332973,0.9916580329834742,1.3078357782469392,1.9003429053457432,,0.7818695754892108
2021-07-22,1.039452633377508,0.9696433018001669,1.2600321083640385,1.8383483417018727,,0.8738426734565856
2021-07-23,1.0903225807074153,0.9632465303645026,1.2573532146519713,1.8675399309825578,,1.0639534876022736
2021-07-26,1.5085140303979208,1.1107109893039877,1.2805903675091619,1.958133125485418,,1.3074949510726819
2021-07-27,1.8398847436001418,1.3076851692927882,1.5151098784964592,2.1801698524569098,,1.7276447100407322
2021-07-28,1.7220164781392446,1.334718463796454,1.5761174351566252,2.1298247694797485,,1.6227164350413361
2021-07-29,1.7228970077654837,1.4578952812438128,2.005226270933564,2.4536994455560315,,1.521087289067706
2021-07-30,1.644108799991568,1.3713989633043469,1.8698263856242388,2.3518601746179755,,1.4626110324280426
2021-08-02,1.754653745136902,1.396306720898927,1.8540496647705456,2.279654528081821,,1.3279962075347187
2021-08-03,1.6435822604550343,1.356832257259686,1.8028367351375614,2.187216260020056,,1.314026941711745
2021-08-04,1.5670756186126824,1.4099762428470057,1.874381128685444,2.1856507790316226,,1.353709432369197
2021-08-05,1.491957071883634,1.3358894158392,1.7624197763295049,2.111754952611667,,1.2614781944218536
2021-08-06,1.4197430349245328,1.267151543053331,1.6566281593844419,2.0538326083592264,,1.1717951359880259
2021-08-09,1.4038393036364163,1.2131041615341325,1.5583436182551103,1.9927220126576302,,1.2165592411985064
2021-08-10,1.3714309081759424,1.1638240803602904,1.4794084393656075,1.9172783520138932,,1.1166557591901436
2021-08-11,1.3156908834695604,1.1337381239842552,1.4185769448502867,1.8668938446756878,,1.2110431729079838
2021-08-12,1.282222903487977,1.0826421889386653,1.3617289530878314,1.8475359440697556,,1.2245703159491985
2021-08-13,1.2334391932608435,1.035866218721427,1.302057681797418,1.8157175125928444,,1.1226457649582315
2021-08-16,1.1749324073536402,1.0130131075382658,1.2921454475461687,1.7919314466926608,,1.0360445221926389
2021-08-17,1.334473838238918,1.2648974471311443,1.5511007009448528,1.8462518786680455,,1.253130553599189
2021-08-18,1.3231407254364032,1.2232920019348839,1.4894032089346187,1.790399810146489,,1.1744385101141082
2021-08-19,1.2795582585126797,1.1600368981291957,1.4333122193951764,1.7425931978285556,,1.1088298075080758
2021-08-20,1.3799771498781106,1.1149208045163033,1.3609052901716343,1.8347317235770981,,1.0253990210583426
2021-08-23,1.3845699396402749,1.1837744580396967,1.546186235331496,1.948727831819815,,1.06246790957184
2021-08-24,1.3487060879459978,1.1620853768798287,1.4718304644228875,1.891658635894365,,1.0392789335260963
2021-08-25,1.2772818635574497,1.1395204675655422,1.4088334665346085,1.826227141479312,,1.0825095695849587
2021-08-26,1.3923206185583854,1.10376094057396,1.4220943853034074,1.8956419738484716,,1.0128906467836798
2021-08-27,1.3274526779467566,1.092683143028298,1.3521830480533783,1.8285236138580732,,0.9813687605967385
2021-08-30,1.263951614017151,1.0619660342947121,1.3043041455433273,1.7674340279562377,,0.9459856038963937
2021-08-31,1.2033064001763014,1.0218558471774872,1.2484449685545895,1.7803119614697909,,1.255655877976784
2021-09-01,1.2221241293434706,1.0345510805348013,1.323023562703699,1.7384436192998576,,1.167835304621121
2021-09-02,1.1643517733548978,1.1354208293782004,1.3297328830440756,1.7352456616831176,,1.26188605686289
2021-09-03,1.1309080077286895,1.0963205621482124,1.30878858757958,1.7120447310406324,,1.1623888405555018
2021-09-06,1.2413812495796421,1.106269529082166,1.3406296248404552,1.9589446569324476,,1.1333485806200179
2021-09-07,1.2337394691436079,1.2431282927570755,1.4067441348821015,1.8900772451641465,,1.3262594471680669
2021-09-08,1.1869578671461576,1.1894125878573067,1.3369831635566967,1.8448333522907632,,1.2530501541054606
2021-09-09,1.1329315875022536,1.173080775556895,1.2763964876464011,1.78022329905064,,1.3819147993542105
2021-09-10,1.117427070725984,1.1179043944179705,1.2303310335805788,1.7216596580651302,,1.3839137290226127
2021-09-13,1.0854425359653745,1.0796427062917877,1.1849264507920685,1.7017596769973942,,1.4642399137495261
2021-09-14,1.1636727379926175,1.1277835130838982,1.1555112500328149,1.6803686269133717,,1.5238929352367252
2021-09-15,1.164432483363053,1.0869603942084265,1.1451766759309467,1.6631939043209678,,1.382035269477708
2021-09-16,1.1897105875866463,1.2558473843563795,1.4785184104426718,1.7267478595305419,,1.4106788684332112
2021-09-17,1.1803478426036949,1.2129861668117352,1.4003273815806918,1.7514921391894556,,1.5064119034242909
2021-09-22,1.1581823999512815,1.1814698163050406,1.3419559931538028,1.7177929816681476,,1.4814848328398729
2021-09-23,1.1250795573121168,1.1406994999659044,1.2881512482884503,1.668377697431716,,1.34178887794648
2021-09-24,1.0789725269020438,1.2451931944307835,1.3392040077625027,1.628011567049948,,1.806639932842421
2021-09-27,1.0505497781586801,1.5507286611128333,1.6194590630370154,1.5897371240435672,,2.008135841998748
2021-09-28,1.0117698196911669,1.4640900703511848,1.525078876015536,1.5597477087944984,,1.9102802552137532
2021-09-29,1.043779050882485,1.6764017655819574,1.9136169373120417,1.5541775844566843,,2.1707250371244635
2021-09-30,1.0276814789586657,1.64374550714336,2.084186114329359,1.61134334172734,,2.037897636542549
2021-10-08,1.06724098050267,1.5450889393523815,1.934726294588846,1.5657774778984637,1.5621082714022163,1.8541718670344525
2021-10-11,1.0257089807720057,1.4495265682799434,1.815633941206674,1.5812624551393908,1.5617267408411926,1.665632206345358
2021-10-12,1.0589204388890014,1.5413941790930425,1.889305770288335,1.6211016226839414,1.56134953942515,1.6647576648005356
2021-10-13,1.0857511642861473,1.4543756491257391,1.8136915787369232,1.6792483295557192,1.5609766190385772,1.519161937145554
2021-10-14,1.0640504858740851,1.3708230549291291,1.706331424428034,1.6272134778637364,1.5606079320784911,1.3744775197792933
2021-10-15,1.0288673003284767,1.2920787860070815,1.5997443576261718,1.647207860567117,1.5602434314494624,1.2427079127343148
2021-10-18,1.0752931775279855,1.2352221202677571,1.5451170977894493,1.59853301594369,1.5598830705586815,1.294254244055498
2021-10-19,1.0816503536682547,1.190637182300534,1.4870643281420495,1.559315659607665,1.5595268033110599,1.204898291950632
2021-10-20,1.0452130273025872,1.1294719710354468,1.40727320073574,1.524040297919837,1.5591745841043714,1.1861291505503957
2021-10-21,1.0115725127928492,1.081240851824315,1.342386052089402,1.487914605338909,1.5588263678244278,1.123246790750616
2021-10-22,0.9948917250107918,1.099487929975101,1.3183713861519983,1.4530164551196953,1.5584821098402952,1.3052642189311483
2021-10-25,0.9678087632125028,1.115635252865387,1.3332600783540496,1.4766562352623052,1.558141765999545,1.181399566358425
2021-10-26,0.9485821828982497,1.0624494745345274,1.28312771714318,1.4488150908428257,1.5578052926235435,1.09783464563182
2021-10-27,1.027969088713779,1.055820272894347,1.2803633929034273,1.4293533476741729,1.5574726465027802,1.213209475951627
2021-10-28,1.0192610895143486,1.1297007328398763,1.4452037475066328,1.427697025278987,1.5571437848922287,1.4896752417773476
2021-10-29,1.0264403271996698,1.134878948927006,1.4941679547504882,1.5056009494989226,1.55681866550675,1.3541831342422483
2021-11-01,1.0021677676998144,1.0890242974054496,1.437110302538877,1.4819943912168039,1.5564972465165285,1.2390292922961037
2021-11-02,1.0349369421275523,1.1179012073034498,1.4355639665476216,1.4479000200621144,1.5561794865425471,1.449092160950625
2021-11-03,1.0068376308869522,1.0750099290597601,1.3644259891455228,1.4233270902652218,1.555865344652099,1.4217276234201193
2021-11-04,1.02186915707409,1.055089829321061,1.3695350750330795,1.416456231508329,1.555554780354334,1.2792833387507119
2021-11-05,1.0091289022911325,1.1036995097284894,1.393860180556196,1.3931449262693887,1.5552477535958433,1.3312177991722611
2021-11-08,0.9750426962463363,1.0644491801877662,1.3357931987729552,1.379714068663354,1.5549442247562815,1.230718941272919
2021-11-09,0.9455195563878056,1.0442478954029721,1.3595219719595115,1.3690540507250617,1.5546441546440213,1.1367260670799118
2021-11-10,0.940222736652578,1.0065989713575283,1.2961704321637741,1.3508977196821628,1.554347504491848,1.0413983354723644
2021-11-11,1.0529070511432777,1.0005882956234697,1.2642309000883551,1.3488533657546498,1.5540542359526868,1.1476363388733035
2021-11-12,1.0192907470274803,0.969295544528341,1.2866205646474052,1.3288998422684037,1.5537643110953685,1.098120297119241
2021-11-15,0.9854513722408045,0.9857433182315136,1.2417514690375746,1.334059740295297,1.5534776924004305,1.008772928702332
2021-11-16,0.9541187959392029,0.9844036250598291,1.2607976946868678,1.3175193400289809,1.5531943427559518,0.9685420538413945
2021-11-17,0.9267213958683368,0.9853965579308582,1.362508170878182,1.3119615202158141,1.552914225453424,0.9661824042095374
2021-11-18,0.968952034961592,0.9550593156686564,1.3031534552848836,1.3360030231857065,1.5526373041836588,0.8997860933263879
2021-11-19,1.0036565237370898,1.0042649491848321,1.3028811511542937,1.3386076527374755,1.5523635430327296,1.0344881293956354
2021-11-22,0.9769797103922709,1.0333422161067247,1.375232143458032,1.4640922211535305,1.5520929064779474,0.9552917683880616
2021-11-23,0.9468609997567273,0.9876972796158189,1.312603704445752,1.4388626652529142,1.5518253593838724,0.9171143718756921
2021-11-24,0.9203919506323655,0.9484252443250536,1.254976991187248,1.4156772982505723,1.5515608669983612,0.8786191551256046
2021-11-25,0.9115708311968493,0.9220780782558914,1.2071971979341474,1.3891688857317732,1.551299394948645,0.8530176390719236
2021-11-26,0.9282325260921344,0.8930941937728746,1.1645021792683132,1.3658939532649392,1.5510409092374469,0.8715091091777609
2021-11-29,0.9070975111352197,0.8632180552139748,1.1499876374280933,1.3624162789484175,1.5507853762391282,0.8700185679980956
2021-11-30,0.8990353110900978,0.8462391785597565,1.130983328384871,1.3432723558848758,1.5505327626958734,0.8277646162951916
2021-12-01,0.8813180168969288,0.8245238552051289,1.0987384676887042,1.3380273241121758,1.5502830357139057,0.9289140416691144
2021-12-02,0.8657018521088014,0.8380556211385861,1.1422508820487207,1.3201633571163727,1.5500361627597372,0.870198771392736
2021-12-03,0.8962106267894894,0.882181862986938,1.1354395377783548,1.3027327889708356,1.5497921116564526,0.8685283399600672
2021-12-06,0.8811580985210326,0.9195035496100041,1.2295059529932229,1.4171870619986209,1.5495508505800262,0.963343208952787
2021-12-07,0.8823809604472362,0.9040851376988703,1.2957951958541378,1.424705294901593,1.5493123480556714,0.9221081293307278
2021-12-08,0.9848604657096857,0.985390831706364,1.3985710079176557,1.4555320530072928,1.549076572954224,0.8622028037217256
2021-12-09,1.0826296375320121,0.9456091249828182,1.3296976323538416,1.4415397456506032,1.5488434944885567,0.8142061552034077
2021-12-10,1.057892488523803,0.9146486265821946,1.2703954839390161,1.4110843613934692,1.5486130822100281,0.7843221065097171
2021-12-13,1.0321848184036269,0.9053235569976155,1.2246511140909186,1.3972196587315249,1.548385306004962,0.7513540649396625
2021-12-14,1.0266051438541637,0.8915199086844138,1.1795011646289157,1.3720028103387827,1.5481601360911603,0.861991771148843
2021-12-15,1.0353954106883543,0.8643748450598651,1.1476411866327447,1.3743681244164838,1.5479375430144477,0.8342012990239748
2021-12-16,1.0141097694731467,0.8904529725513372,1.1312624156098439,1.360539163237965,1.547717497645246,1.0104258006525093
2021-12-17,1.1278041946658146,0.9336425027749935,1.2159767299331317,1.4175354921504513,1.547499971175183,0.98406635688762
2021-12-20,1.1906166126961697,1.074767506740607,1.3183935629794086,1.6128681882175175,1.5472849351137314,0.9977224827503912
2021-12-21,1.1564820236962805,1.0978661768496907,1.340634990077894,1.5712978970239135,1.5470723612848776,1.2689310260320978
2021-12-22,1.1047025805090267,1.0490028297097715,1.3144166842938556,1.5325198179799504,1.5468622218238253,1.166799270635567
2021-12-23,1.0795191322425295,1.0109829871419576,1.2568492658095278,1.4934808515558313,1.5466544891737233,1.0756104117399137
2021-12-24,1.0586817009551872,1.018409535168569,1.3955314919345447,1.5934505774109773,1.5464491360824308,1.027533147828503
2021-12-27,1.0185764675310218,0.9751964120680165,1.3270331183462294,1.549782429969682,1.5462461355993091,0.979804917093547
2021-12-28,1.008979847927375,0.9367053178889007,1.3184829979848705,1.5291833381490585,1.546045461072044,0.9405999792353157
2021-12-29,1.104567517100184,0.9271864261857534,1.2627373043223373,1.547176263266725,1.5458470861434985,0.889308794452573
2021-12-30,1.0892753904637618,0.940220845049397,1.2443141699600722,1.5371241648762048,1.5456509847485955,0.8409923382238156
2021-12-31,1.0495351536463866,0.9258049549754158,1.2395902863339539,1.4982691573251403,1.5454571311112302,0.8993794505052151
2022-01-04,0.9858204512962324,0.8318904745230042,1.1585405544043121,1.5111625707973124,1.3664699251547994,0.971549090190571
2022-01-05,1.0102613095896449,1.0355398517281786,1.4129501232152883,1.6598964051492286,1.4016818136207256,0.9111721984237888
2022-01-06,1.0298000773705103,0.9835443801925775,1.3724858625803207,1.634087832944954,1.3903581486447423,0.8693526277717295
2022-01-07,0.9872015640273711,0.9807366910222752,1.4973604649198844,1.6060087350737953,1.3856435962096345,0.8238912507081474
2022-01-10,0.9575374644482977,0.9354613768285882,1.434490068940363,1.5514919210041773,1.3772778008074995,0.8802620198320399
2022-01-11,0.9848497958228727,0.9432813283535991,1.421210871066982,1.5499052010775052,1.3957576567899115,0.8444111433739726
2022-01-12,1.0006128262817968,0.9442590667177062,1.4677109941478137,1.6508511623002082,1.4079365614386827,0.8272504721339042
2022-01-13,1.1227033897078131,1.0405604847770822,1.5306326175644447,1.673145828078333,1.4198693017334567,0.7988319176747742
2022-01-14,1.1037754451101531,0.9923243827424642,1.4501245792542123,1.6391655326552965,1.4201010926866935,1.1051576855411644
2022-01-17,1.088449086112375,1.0096220485855403,1.4768435239446152,1.63413266208209,1.437034689506719,1.0141316537508192
2022-01-18,1.078510283550395,0.9597976257242679,1.4221476343529456,1.5994252759493761,1.417231837055564,1.0204634773376506
2022-01-19,1.0631483754291593,0.9471954760449675,1.409299634162064,1.6699869213682017,1.4177807079547065,0.9758206478801386
2022-01-20,1.0567756256059837,0.9608705368147014,1.5344151914880608,1.6148301241265435,1.4165840889789596,0.9220007245862057
2022-01-21,1.0658942028660356,1.0068038849049061,1.5115395072139377,1.591098394673421,1.4111053256193213,0.9311523708345154
2022-01-24,1.020089662260548,0.9571867359664314,1.4360449655072662,1.5455777388203025,1.410667646704762,0.8938904598336498
2022-01-25,1.2475130612144358,1.5199260235671925,1.9245068578050972,1.6830667619867956,1.4513299407191842,1.7414450068276806
2022-01-26,1.2085130049893091,1.4401667336967774,1.8104511616469787,1.6402691458218759,1.430752448129049,1.5608446886598188
2022-01-27,1.3345746835358658,1.6526406377870781,1.9797579281500324,1.838274725493254,1.4905968352984322,1.5139528146152874
2022-01-28,1.321738050613378,1.5527058090331047,1.846484117219415,1.7668776123835364,1.4757505988172055,1.3648075415837135
2022-02-07,1.348363375447381,1.5359676293954134,1.7696373455718353,1.7009981952584476,1.4558001204796402,1.6590717934075372
2022-02-08,1.2927421862302082,1.4716731627506618,1.6557076133716342,1.787064175377866,1.4937867552376394,1.7420616817245707
2022-02-09,1.2589054790210992,1.465451260747578,1.6624459902323097,1.7500731454972602,1.4753410564184914,1.5479647681511697
2022-02-10,1.1985738614089942,1.376110138163945,1.5771241176341009,1.7835688775202159,1.488600999692567,1.4473030059919971
2022-02-11,1.1750929726619308,1.3932331697830695,1.6318865679555785,1.8993154281080271,1.4896863341265392,1.2955399168678758
2022-02-14,1.1760598068529553,1.336595431167423,1.5365860729376086,1.8321778149372403,1.4680555771196135,1.3554419055468518
2022-02-15,1.1705878867104367,1.2974259531730945,1.5505791828201743,1.9409971478750339,1.52579583988386,1.2296639530077842
2022-02-16,1.116877761805384,1.2216250675881806,1.475458696851965,1.8628429959673591,1.5067014932435119,1.1717730230692909
2022-02-17,1.0661475977676125,1.153111533311995,1.3998152885500217,1.7980345607763424,1.4915045782107923,1.0844351212533745
2022-02-18,1.0281697765273723,1.1355713201770354,1.3311450858778435,1.7372157878112329,1.4710232824269378,1.2854323451700977
2022-02-21,0.9965963413936132,1.0816707385834088,1.3137260265706565,1.6917218161458731,1.4581838446882844,1.1835619028733995
2022-02-22,1.0565241722554284,1.12104030669922,1.2876207914202256,1.682575086422906,1.443847872069699,1.140660822512275
2022-02-23,1.070361324322772,1.1808202471190263,1.457303238884871,1.7839185715653025,1.5756673977400186,1.045721007112135
2022-02-24,1.2446980074522855,1.300322601248726,1.6061176174891347,1.8262828882254447,1.5723125524676893,1.290348332774482
2022-02-25,1.22510798914006,1.254621328573751,1.5568001437059764,1.8825527211717978,1.5909561993770986,1.1603077472942334
2022-02-28,1.1622738220217084,1.1906389972495608,1.4814904626987395,1.819553895735507,1.5697638225382962,1.0529441221233407
2022-03-01,1.1339202316997608,1.1265184869410863,1.3988747502702659,1.7494092973150226,1.5535695018520321,1.0272786943548489
2022-03-02,1.1286598437607278,1.0659464900616333,1.3293722870902132,1.7643271818139732,1.5348575470176553,0.9816702588913486
2022-03-03,1.0945256425574768,1.0163883684921449,1.3111966844507863,1.7561743955273315,1.5382426311323683,1.0095120908370359
2022-03-04,1.124273403262156,1.0145910050820979,1.3330967721542726,1.7522372857752513,1.517880266057751,0.9588937251025841
2022-03-07,1.5104516903389624,1.2321053842316707,1.4575603179206635,2.0815849260148203,1.5672458566218233,1.015322593952422
2022-03-08,1.5589580586213294,1.6851355641924564,1.7002065169254694,2.0618511842359086,1.611905994383675,1.7820182046908202
2022-03-09,1.4940641600845446,1.714546033735432,1.6260940832689863,1.9863925995152938,1.5899767736885613,1.6705401838023937
2022-03-10,1.4964283675289207,1.7135579785060857,1.7130447265301496,2.0294829414174367,1.6055054041778385,1.5695195251874796
2022-03-11,1.4088681975655342,1.6272256762942998,1.6084013197720488,1.964503813660723,1.5836925446480108,1.4167027361430917
2022-03-14,1.6874668475115548,1.7472235162367822,1.7875301480877188,2.1439970240149293,1.6441149467414848,1.592874661049528
2022-03-15,2.1773821921280074,2.58469441931068,2.302801133667047,2.1796056939454407,1.6881701544778707,3.0532418641979704
2022-03-16,2.51065205306475,2.6708102603894233,2.4618117392259875,2.513385835343953,1.7383628112617986,2.851542037971603
2022-03-17,2.403780732045274,2.5515965183473814,2.338776964732946,2.5111384299094484,1.726246579467549,2.5907516302075453
2022-03-18,2.2435230744711947,2.3963679224293353,2.1792425850211816,2.39663467122426,1.6983709151293283,2.5227337662442415
2022-03-21,2.0915950548819673,2.234494159403898,2.0484545300560693,2.2908663654119428,1.6749832102888609,2.206341657761059
2022-03-22,1.951135395842933,2.082646205333897,1.9156864539755079,2.230237253645872,1.6712419288353142,2.0606514648867305
2022-03-23,1.827878458930256,1.9521602504336906,1.7968771424392047,2.1478017360970383,1.6517270636113537,1.8100139091915783
2022-03-24,1.7239443318502348,1.8518581191286596,1.7176202289919655,2.060640051054062,1.632879317136049,1.604185752876793
2022-03-25,1.7265972730388541,1.784900058202879,1.657555953528882,2.1056954663226675,1.6599688732276834,1.4230369669488852
2022-03-28,1.629697113138775,1.6697225730113043,1.576532515921311,2.075165547579362,1.6508066651457438,1.3712939905344954
2022-03-29,1.5338957335007628,1.57496205707846,1.4986054880606865,1.9886523173827424,1.6330914409564137,1.2316494497345152
2022-03-30,1.72489376200989,1.625408851087044,1.5715977700539063,2.1870570462257346,1.6877154433924941,1.2371942452800808
2022-03-31,1.6443234167653462,1.5589915271623642,1.569852991083712,2.1359442273255573,1.6978999387928049,1.2093829733256853
2022-04-01,1.5826981912506828,1.4096888422744016,1.4481224266351307,2.0491310316284936,1.7287368775132672,1.1459775568048423
2022-04-06,1.4887794333185032,1.3188435409183068,1.3678763767996456,2.000777383393113,1.7746656905844413,1.2643118614985083
2022-04-07,1.4657052874663499,1.4674231050180526,1.4882545356053323,2.0132782051287434,1.7815193989539355,1.4499156432039706
2022-04-08,1.388560066261457,1.3690336866305215,1.4207566295639866,1.9376575548093293,1.7549348495644113,1.372916264909474
2022-04-11,1.6765522077441224,1.7231842762029757,1.8657837147515637,2.1965666901239977,1.8537577138223358,1.5916850694244802
2022-04-12,1.705719203371257,1.705815563554238,1.8073410854603793,2.201113084191813,1.824087945335458,1.4037613297755431
2022-04-13,1.6342717448323951,1.6684470271578185,1.8320374041386465,2.203386878745274,1.872833733992015,1.2499248179035265
2022-04-14,1.5857206339407655,1.6245234648003795,1.753166597131622,2.1124431760297866,1.8517702752957335,1.536967582599862
2022-04-15,1.4872821600785064,1.553528873772443,1.7071053020814826,2.0289474141385653,1.817894751666153,1.3909284914436333
2022-04-18,1.4102460012721856,1.4465637708004355,1.6178581824599332,1.9671901954253976,1.882009808949566,1.3752494406926496
2022-04-19,1.352835836342058,1.353141912716223,1.5165392231323331,1.9324058026421236,1.8685229945801853,1.3314057147992782
2022-04-20,1.3786663941844322,1.514010258444241,1.5578671418580912,2.120091190070521,1.8569307262749322,1.7873087723746433
2022-04-21,1.435675986071359,1.8529252470298871,2.0101794753895526,2.1261755136033753,1.844587629081657,1.857942187590387
2022-04-22,1.3592026876118388,1.7206785296739893,1.9175361459203564,2.051215468276121,1.833141801875422,1.7243661965976276
2022-04-25,2.10174163717208,2.8535204881762573,3.2090191364220564,2.4944994475443343,2.1184259172449837,2.8180733659190658
2022-04-26,1.9697142088194077,2.7705598940827274,3.075215415916236,2.400674531123881,2.0972563169844323,2.545200298590674
2022-04-27,2.0797466552671584,2.9157443061232997,3.3482163713957713,2.7218365903445902,2.21698368257399,2.250643605195858
2022-04-28,1.9440212276659896,2.6900098421621705,3.083082090840742,2.6506484680180327,2.173538808010085,2.0199181111981286
2022-04-29,1.976751719185737,2.8384936224661153,3.191650618420616,2.752258333118689,2.3147043522499087,2.1287562954737758
2022-05-05,1.8442538241740383,2.6337492857386025,2.9622499451492383,2.6561363175753305,2.271441065630953,1.8579417898588717
2022-05-06,1.9218657138937196,2.5599970999445993,2.751852114566484,2.5955957152246585,2.2408427742437045,2.001369381991819
2022-05-09,1.8100406766880166,2.377792633872151,2.562890509402296,2.4920646925480576,2.197100530444442,1.742268025344515
2022-05-10,1.7282688135455289,2.25034638435965,2.4289709713086762,2.447102427596538,2.2088733630488875,1.5238268747179775
2022-05-11,1.6792267872489999,2.0956626318669547,2.2474376688237405,2.47452507287554,2.2359025031690303,1.3462265966388753
2022-05-12,1.5811965214174655,1.937465655079109,2.0767572429269983,2.3671884020754215,2.197415981145006,1.2053704918683144
2022-05-13,1.5022254279995515,1.8219175283452365,1.9285284363430826,2.2665416227610837,2.15306590048632,1.5092374019064498
2022-05-16,1.440143847336107,1.6903723346800748,1.7887935098061114,2.197513887847877,2.1250315010180683,1.3894662236893014
2022-05-17,1.4158687124152072,1.576257510397091,1.674533917081328,2.1456119569243475,2.0996993281722163,1.2872576753530163
2022-05-18,1.3404056060425174,1.4738706178509853,1.5646411277233514,2.0590436781512613,2.0587079257059266,1.193424780417622
2022-05-19,1.2659698752388386,1.3953856547712173,1.4929750829697475,1.9794069944957047,2.0589447166001205,1.0873498280027356
2022-05-20,1.355966535888615,1.411456665246626,1.4692515920179967,1.9495845754175551,2.0239227596594325,1.066044359553952
2022-05-23,1.2986909528801294,1.3319044561941746,1.4402929655916206,1.8772256185253255,1.98429727340191,0.97999207916255
2022-05-24,1.4578890834526668,1.8485858989576256,1.9921035322500387,2.095242918303536,2.131443241273214,1.4994238845549708
2022-05-25,1.3873684618283684,1.8275249084464755,1.956803100340704,2.0113001364666494,2.099652371174307,1.5168177969247045
2022-05-26,1.3086373244187306,1.7368435660422168,1.821074962498281,1.9336117895192722,2.0581959698410386,1.3991566886167854
2022-05-27,1.237333950558184,1.6153611656258333,1.6980132894392037,1.8592062981298054,2.0263213298739107,1.2460114304996182
2022-05-30,1.1918524645532746,1.5222965149181886,1.6310377201741735,1.8136713931347348,1.9926947502490684,1.1190624435838479
2022-05-31,1.2357958389843713,1.4982795674440106,1.5655045202351279,1.8472930358617978,2.0504981857369455,1.0176477524096488
2022-06-01,1.1747627435469543,1.3975865748547052,1.4705186044398477,1.7947176087274013,2.0117498897529065,0.9550594295400857
2022-06-02,1.1168378077420957,1.3425398641510764,1.4294559136871732,1.754659865944526,2.1557571671402713,0.9608276068669884
2022-06-06,1.226478389053272,1.4025047348898638,1.5819296233210307,1.9812905914797263,2.2215203014396194,0.907474837755359
2022-06-07,1.164610313179263,1.31123293448222,1.486588721342625,1.9039586377605267,2.183980405111911,0.8581726809020127
2022-06-08,1.1491706293329131,1.2394883211734118,1.4005608703162302,1.842268705924177,2.139627025936349,0.8713412643294706
2022-06-09,1.154728436339269,1.2807937480327265,1.470238318394864,1.9568863278250335,2.1559584281865334,0.8587188105184578
2022-06-10,1.2081874891086493,1.3614014148474438,1.5695747089422931,1.966647305646891,2.1481759572909396,0.8621247774167881
2022-06-13,1.220297981214988,1.2758076666139977,1.4843885698138497,1.8947002722220205,2.1196653287089253,0.9965195701352483
2022-06-14,1.1860792748248556,1.2179169430631118,1.4003801433705292,1.8227698808238606,2.0974082252182904,1.116616585769206
2022-06-15,1.2021226800500904,1.1504615471007222,1.3271969734126596,1.7737804309844474,2.0591221758032128,1.0191850773425346
2022-06-16,1.1668384250531838,1.0850372058982785,1.2782873316834427,1.7116162388349965,2.0391790091446063,1.1720781641211735
2022-06-17,1.1993865972397675,1.0637501141917642,1.2741007349074946,1.801921789225689,2.0110795686665286,1.0593799849421839
2022-06-20,1.1464592758122296,1.0094156051394525,1.2613370746297277,1.8099156873607443,1.9724708652578684,0.9923317174214189
2022-06-21,1.0921856831009153,1.0145126381774197,1.2653890952395974,1.7546795443925418,1.945217729151091,0.9176279805345149
2022-06-22,1.1296307892541888,1.1232909944770708,1.2872155376955934,1.7022954090289115,1.9343826379619236,1.054621086760549
2022-06-23,1.2185769850433272,1.2732275163798423,1.459472066922647,1.8296222284286847,1.925858245137389,1.1511285659652992
2022-06-24,1.21006505571233,1.2456507994373405,1.4260350806280222,1.8625256307010363,1.9175359289076894,1.0465929137417969
2022-06-27,1.1999801381871449,1.1861168460268592,1.3828841727296133,1.7929340698851444,1.8812596958752756,1.0358956459502717
2022-06-28,1.1834060746401585,1.225476122707555,1.3530289016555277,1.7288010092964063,1.8608470018244505,1.0211323415418017
2022-06-29,1.2457010974438032,1.3705733699686715,1.569962121447496,1.8133789377268723,1.8791446793829327,0.9948363929751827
2022-06-30,1.2748117107861774,1.359192454197273,1.5533285158368693,1.786842967715476,1.863809147974514,0.9281293496977117
2022-07-01,1.2073653451068418,1.2724783953966898,1.4600377623339176,1.7478277841391756,1.8591048670022534,0.8722638349650059
2022-07-04,1.1572955434657988,1.2778868205890945,1.4295353427631208,1.7515752040108337,1.8223683521789966,0.8345546959828691
2022-07-05,1.0956253534650993,1.2033933791084912,1.3732527653253928,1.6927689201709109,1.7841770106636476,0.7964899846085522
2022-07-06,1.1672310001694617,1.2530095540607986,1.3657412873633714,1.6524744030687084,1.7582082955750988,1.181722153365369
2022-07-07,1.1117203272948801,1.1913553728673307,1.3653871590972544,1.6500260424061597,1.7298816444461935,1.0974756547099422
2022-07-08,1.062314271413882,1.1609257102567068,1.319312147164152,1.6288480037234137,1.69980750742374,1.0030982718148327
2022-07-11,1.1777490027014508,1.2023875849198025,1.3638331618955521,1.6574999135028867,1.7168304950697744,1.1370610138576194
2022-07-12,1.1609740298771956,1.2201257619839199,1.4095491970200686,1.736359959033277,1.7818502261793505,1.027564051726402
2022-07-13,1.0976089103966538,1.1569116091326244,1.365220674608328,1.7225511317547106,1.7460604683413317,0.9429618478362114
2022-07-14,1.04110431581707,1.104889990901431,1.3542953609136013,1.796110954024041,1.7727446365050699,1.0721249666098134
2022-07-15,1.1683804868543854,1.22039669745977,1.3411293723147284,1.8296266438062043,1.7377633292379782,1.4971341965505098
2022-07-18,1.160044557272293,1.3255682350611493,1.368213167382413,1.7966190293490463,1.7016178069628156,1.7232630568513312
2022-07-19,1.1167833910852796,1.2461257967127297,1.318637699140837,1.8047521023740842,1.6720116424620484,1.5045700730012006
2022-07-20,1.0629298555305537,1.238298504480614,1.3349502299537561,1.7411079130926952,1.6752521980594062,1.327491063588671
2022-07-21,1.092047762880059,1.226258469812147,1.2882931450883388,1.6869694700313154,1.6547515613108628,1.357739093319168
2022-07-22,1.0361900818108736,1.203726968513769,1.2477893276531005,1.6372617362223345,1.6262333245791716,1.2200198162803393
2022-07-25,1.0143308716486275,1.1859108517001236,1.268091069869836,1.6212799588100744,1.607005157646243,1.0943662885952636
2022-07-26,1.0042537383000252,1.1968867721973016,1.2712227122508064,1.5673885474431846,1.5906085912069128,1.171991451976803
2022-07-27,0.9801744272098504,1.1324546433601979,1.2533864617157826,1.5166247759906217,1.5726202937301825,1.0550824284578837
2022-07-28,0.9392238730395847,1.0720119506392514,1.2172021796117967,1.4738943959610304,1.5607102779313775,0.9767495683524687
2022-07-29,1.024134560812783,1.0687023291177746,1.1841543632518123,1.4819876628139004,1.5772547072634389,0.9858013020787273
2022-08-01,0.9884112071355415,1.0536886127688283,1.1757610078636072,1.5600670113372934,1.5639055724080266,0.9204288828929922
2022-08-02,1.1818407412890175,1.4384320974771143,1.5674566805590058,1.616756179810607,1.5374233449554702,1.5503197033196254
2022-08-03,1.1672578204498527,1.370014791704244,1.483750809464185,1.654119779800188,1.512218285229694,1.4754463472067538
2022-08-04,1.1389435667868537,1.2955469052354458,1.41502157220294,1.5995720469499524,1.497045978907641,1.3203179501187545
2022-08-05,1.1674867781659455,1.3680551384884407,1.4673788419071987,1.5990196327962403,1.7024050633299217,1.2121352164151025
2022-08-08,1.106879771987073,1.3078914291761576,1.4314657646042857,1.5499366432515245,1.6712101875880971,1.286733168071707
2022-08-09,1.050422358540557,1.228860951962316,1.358954811416974,1.508561171602463,1.6467821179586637,1.1477121879348586
2022-08-10,1.0823320538884815,1.1635815539358394,1.2917273191595182,1.515068436877412,1.6174910711678632,1.057806529507338
2022-08-11,1.2480990370754812,1.2751237636392534,1.285719238932977,1.588044965610258,1.6154506026693944,1.112549358561402
2022-08-12,1.174008488208393,1.205157318773731,1.275677475691409,1.5722045552683077,1.6566477117963172,1.0456355640066597
2022-08-15,1.1095783611624794,1.139387121712045,1.2446554186107759,1.5403382438343693,1.6229769410471098,0.9602484475236565
2022-08-16,1.0547242954327962,1.0808504342244123,1.20289923864148,1.494236821640193,1.5944816623131388,0.9164984328503811
2022-08-17,1.0513174759355928,1.0328630119029212,1.1568345081661187,1.5105385584895004,1.5653448953099187,0.8653727445751908
2022-08-18,1.0547538803755139,0.9950297424513584,1.1202921802446202,1.4644259904342958,1.5583111689457474,0.9130494496957747
2022-08-19,1.0358677472768996,1.0490118883489503,1.2239273664813988,1.4878316495498036,1.680988567470235,0.9166920007858305
2022-08-22,1.0170921900832075,1.0902177990574629,1.2028887527437206,1.4990672605354551,1.6462647081278676,0.9333176196033937
2022-08-23,0.9904471229060638,1.034598898370602,1.157692833582856,1.4529525819229465,1.612851545306721,0.8909816288039095
2022-08-24,1.1667634627228316,1.4269247251597472,1.6827776888680601,1.7428456089059061,1.7351870455608591,1.1804753330404707
2022-08-25,1.1383987684184518,1.3507810105526863,1.5771840966031154,1.687672832652651,1.712706524796954,1.3332599086896921
2022-08-26,1.0811340268119831,1.2755474112480087,1.4946900672412813,1.6579146688243853,1.6865386409613032,1.2063467704788045
2022-08-29,1.04082581368859,1.198551105206635,1.422407937304312,1.6066413392808179,1.6607712534925185,1.1343723007915307
2022-08-30,1.0005291044056157,1.140473639957165,1.3692651396639837,1.5691788598492908,1.6289635173429933,1.06599154749284
2022-08-31,0.9568092056044227,1.3211314610498301,1.7063073089797407,1.5891269719909684,1.646049328484347,1.0786516798644914
2022-09-01,0.973773596673404,1.250774255497812,1.6020764943844434,1.5940016403205157,1.6137965266580996,1.024622177316266
2022-09-02,0.9521860485430983,1.1809820623681617,1.5316139900656696,1.5418713799304353,1.5845191143022355,0.9412293711760386
2022-09-05,0.9191192052937444,1.1260650195342206,1.4429654568717498,1.4927878166099195,1.5579395540646515,1.0961656268093916
2022-09-06,0.9381437535893812,1.2262204776409016,1.4966512559616605,1.447009056486249,1.5463072479373376,1.2303082904956821
2022-09-07,0.9030147399260022,1.1536794743793517,1.4209820131590643,1.4337374918490673,1.5403032051047698,1.1129983074265475
2022-09-08,0.8891270072092661,1.1050572407790724,1.3916170646826937,1.4925034350542907,1.522223352783536,1.0240694966715416
2022-09-09,0.9829858539349251,1.0720873777083701,1.3222762356558209,1.465529664098454,1.4993335640572047,1.0459426308805884
2022-09-13,0.9492266971938798,1.0236501760492545,1.261914071170821,1.4216762325182408,1.472405882160158,1.012538188100648
2022-09-14,1.0017951153661766,1.0212897366296103,1.2670995703253232,1.4803091171438099,1.4459151642666355,1.0068057086511097
2022-09-15,1.0167034798366497,1.2813074266420301,1.5992497313168887,1.6952455119885494,1.5523194569799807,0.9314407564329434
2022-09-16,1.2815314283501313,1.5077327331752621,1.6458809245211128,1.769992106958094,1.5225922342889409,1.6571855646523097
2022-09-19,1.2029312274569708,1.428549990762332,1.59673914827758,1.7214359393812328,1.5673574236301426,1.4449694660399994
2022-09-20,1.1333899682635462,1.3594245562561107,1.5613165054632216,1.6673641408510909,1.5536315867815795,1.2731054969586078
2022-09-21,1.1081076746413334,1.2761773653859356,1.4695328723736314,1.668634584163039,1.5565952782856538,1.1864463912864907
2022-09-22,1.0986335668234755,1.2023042162706716,1.388226990582068,1.6206036282894967,1.5324102730401192,1.0691705858751004
2022-09-23,1.0503161246570982,1.2300128621906696,1.4762367632101718,1.5809847864513524,1.5372408807301297,1.0912554367466882
2022-09-26,1.0181882477540452,1.269098264657693,1.454272192241072,1.5408496893574302,1.508510680094856,1.28757276989946
2022-09-27,1.0912220650639848,1.379223856476372,1.5327780414186511,1.5973965082213701,1.5138905089831338,1.2657172236409377
2022-09-28,1.1990040038077188,1.6036051663698723,1.816168002530787,1.7077300344040887,1.5500355291949457,1.271719637917472
2022-09-29,1.129827429187284,1.492286323404033,1.6983407804226864,1.6579043009376184,1.5263811665185971,1.154895868879379
2022-09-30,1.0920582822501579,1.44366473338507,1.6952101440747198,1.6914096217515748,1.5726300087265837,1.0614819403993605
2022-10-10,1.2806291243770498,1.4335129154845796,1.756007265186788,1.749802300720755,1.7484091921066256,0.992570056720288
2022-10-11,1.2044132006623796,1.3706594554755918,1.6535261708584912,1.7119214382135368,1.7147264560161237,0.9200481153560593
2022-10-12,1.2490379756892926,1.5397015779805718,1.8205533448123672,1.9061535902195823,1.829702555904622,1.055454365920917
2022-10-13,1.213120799374362,1.4292650939448333,1.7158156076967928,1.8356535519053352,1.7920511550412648,1.0681779509758678
2022-10-14,1.4115666304391539,1.599035479143641,1.7925213282213621,2.0007976514894197,1.859143043546012,1.1008668793984768
2022-10-17,1.3190712287999449,1.4990845792185064,1.6963058039747256,1.9230008829054424,1.8273439548509511,1.0041986149078599
2022-10-18,1.2393634311631643,1.396404166605001,1.5944359459900912,1.853411478424761,1.7908114943562539,0.929475832103141
2022-10-19,1.295783211269117,1.3618129465072204,1.5220839824816124,1.8026329071209526,1.766450449161659,0.9489795530073863
2022-10-20,1.2323538280449173,1.2796153142322606,1.4438901355401303,1.7618744481701607,1.7594318395086752,0.9852821881308205
2022-10-21,1.165754827685493,1.1978249481358123,1.3659534530767075,1.7022189824440241,1.7260380899373207,0.9364621908156842
2022-10-24,1.5027670786627194,1.1896259784563938,1.3324382848077734,1.7779189847849883,1.6923424375178464,1.3190757553644084
2022-10-25,1.401172593555461,1.1314776061005112,1.2749362699700528,1.7374870119414672,1.6600694424328566,1.1900649125722362
2022-10-26,1.338478491439849,1.2369743579141643,1.4126503824066345,1.8003574349188105,1.7552277537644327,1.0813814911272592
2022-10-27,1.2795127045597403,1.1623543006409476,1.3554426095528056,1.7859414623647596,1.7202114442566627,0.9943348954523469
2022-10-28,1.4799178209932995,1.5749340746124016,1.7387892981333357,2.002890811079922,1.6997154030516404,1.5101846654262208
2022-10-31,1.4159047610247648,1.4703401587316858,1.658107606412645,1.9305736740805777,1.7018973048407497,1.4742709789837214
2022-11-01,1.8130046467957162,1.599864949487391,1.7288479036323592,2.039296968630615,1.6910825191905028,1.4262332741922354
2022-11-02,1.7244949132468694,1.516454149592536,1.6610256091532585,2.0043443125647866,1.6759106906375665,1.3665579261135095
2022-11-03,1.6253636433255567,1.408513145063808,1.566268799999907,1.9263831488316205,1.6566370401680584,1.244336620047117
2022-11-04,1.887634367357881,1.549450168954004,1.6336091979799339,2.0308118416124312,1.6911209894449255,1.4393867933678648
2022-11-07,1.7460479921904406,1.437776627371896,1.5323458315174363,1.951236806924817,1.672733247201381,1.30484158857627
2022-11-08,1.6366142931884344,1.3392664476741336,1.4474311665848436,1.895273699596108,1.6487886866116432,1.165656076946605
2022-11-09,1.555055664170662,1.253834364443498,1.3731732636744969,1.8651490865311375,1.637055835584763,1.0553693911468132
2022-11-10,1.4719779111032147,1.1914655072292388,1.358401623170296,1.8635297536409492,1.6268504389035838,0.9692220229364193
2022-11-11,1.678168164759278,1.15477887294313,1.308537608310853,1.8701063890487992,1.5965106732955239,1.3261177948995895
2022-11-14,1.5574464109408854,1.0894899707979908,1.2733698826169504,1.8353557953588984,1.5671578546643605,1.1858630070028284
2022-11-15,1.5890059412623916,1.205708883618128,1.4457210546953518,1.8728586945578005,1.641109678618837,1.1470819194821644
2022-11-16,1.5069189991752743,1.1531412379825159,1.4025096129485308,1.834418058734992,1.6382344302692098,1.0574819753357174
2022-11-17,1.411482943410251,1.0874631533532537,1.331314050012948,1.7801898919830283,1.6115321059940102,0.9886607311531159
2022-11-18,1.3285945075210537,1.041281279884448,1.3036707002026808,1.7167237133025661,1.5916833770190577,0.9676448585948116
2022-11-21,1.2811859876946892,0.9873375310264819,1.2540991968949702,1.6580685617971647,1.5626813781805426,0.9009485248918044
2022-11-22,1.203169973547997,1.0206387778156547,1.325975962242039,1.6833377769356717,1.5585713053959482,0.8505267843933584
2022-11-23,1.1346139208360506,0.9712454805391417,1.2652975745902324,1.6273618284184423,1.5306382443328008,0.8167800588751633
2022-11-24,1.0858711223245845,0.9259836940649758,1.2142610533079132,1.5759416089023568,1.5039486419962709,0.8420048113923708
2022-11-25,1.0451277252810443,0.9110612970298357,1.2355767971933833,1.560086352644766,1.5061991741603866,0.9645527925944601
2022-11-28,1.0728634016486815,0.8981439488713384,1.1896292317464991,1.5185257010355544,1.4854245689574679,0.92464623923358
2022-11-29,1.4781232839045961,1.0793264324973226,1.2580078550650895,1.5424401816321531,1.4744716707874974,1.5341636365391997
2022-11-30,1.3784120317593787,1.0231941226094599,1.2067808852169797,1.4957451843912892,1.4503392733887246,1.3561761747617103
2022-12-01,1.3413161140991512,0.9851012390666267,1.2081802630640095,1.503393243181375,1.4389248575325095,1.2313381434384683
2022-12-02,1.2761490337327777,0.946521491174656,1.1647891825729426,1.4588209592520531,1.4157485302893562,1.117782296366742
2022-12-05,1.376925025532369,0.943316535961201,1.1349503840068118,1.4204175210704115,1.3956387679662976,1.1984233826173274
2022-12-06,1.2997965923043158,0.9027041933031907,1.1026422915525467,1.391292734855143,1.3740221767745926,1.109960759088185
2022-12-07,1.223276044612711,0.8683487417415128,1.0723337817032672,1.371628725127912,1.3539920529106184,1.0466212046086516
2022-12-08,1.1519652498046773,0.8452839787470086,1.0723267964609653,1.3375281278700542,1.3350952666507392,0.9652754619402137
2022-12-09,1.139866743274789,0.8172404173753769,1.0503024662293303,1.3075457964393649,1.3194645188266427,0.9726280859629698
2022-12-12,1.1501842182515987,0.828177153011776,1.0384545660768583,1.2987645536880803,1.3024687669024086,1.121494533010957
2022-12-13,1.089849101220486,0.8290285438711724,1.06852601632949,1.305998111555763,1.3180420510614896,1.0404655602319173
2022-12-14,1.0373313123765648,0.819406738224193,1.0503895474099127,1.2813795881308054,1.3022730125859892,0.9758748667012113
2022-12-15,0.9892370789837782,0.795019452638832,1.0366404453246836,1.2965121172170648,1.2892672405677172,1.0199407655495558
2022-12-16,0.946912258969959,0.7971950818258259,1.1014883510981985,1.303513612132565,1.2894765813005034,1.0469401255765474
2022-12-19,1.0598450445564087,1.1425288383501713,1.259000059538456,1.3158513223342818,1.3436131245411362,1.3463608494321508
2022-12-20,1.1603307305430228,1.13472149478543,1.2295045735569436,1.3569026297921585,1.3249674782247036,1.2791225735129388
2022-12-21,1.096561162236637,1.089438988402472,1.213612250643919,1.3274381110246296,1.3275223648062002,1.144972206740164
2022-12-22,1.0413717838961567,1.1162002260842292,1.2900605122553495,1.3015000519161202,1.323015082980445,1.0902808319289685
2022-12-23,0.9952667236114131,1.0581968660948509,1.2393700829949321,1.2785870430291622,1.3206348991888905,0.9980382567544334
2022-12-26,0.9612776705543437,1.118524824788088,1.3414416926539707,1.351151410896852,1.4664859972597144,0.9327642382208493
2022-12-27,1.0028490283332567,1.0820252716029037,1.29569678407747,1.3529248981573672,1.4612134864261004,0.9822063418496583
2022-12-28,0.9717780617501746,1.0365849337472866,1.2823168437631638,1.3452442561373645,1.4420389745059627,0.9132038676333796
2022-12-29,0.941504445042051,0.9838281001606894,1.2264394965113556,1.3166253501249228,1.423197291852858,0.9551035814659545
2022-12-30,0.9146466965347201,0.9373260173230977,1.181518451178837,1.2869959370522301,1.4011611904463774,0.9377953801855633
2023-01-03,0.9358285169084596,1.0603363684367857,1.3705708233698055,1.2677966860480707,1.4276360643300414,0.9452771134725892
2023-01-04,0.9101304102041675,1.0054066665577488,1.3001793947452809,1.271229157938006,1.4127877295323692,0.9528392269108462
2023-01-05,1.1133863137917546,1.0169986036403902,1.2817478003805043,1.4587847968645729,1.4098681528049815,0.9040336979521492
2023-01-06,1.064676170688344,0.9663849520357566,1.2225792571425333,1.4350825883135014,1.3938466819276292,0.8716303377158512
2023-01-09,1.0547129262163888,0.9349369169704129,1.183848924763199,1.405438550311028,1.3711597758353744,0.8422274414750619
2023-01-10,1.0101437362707018,0.8959378329782429,1.13917701774997,1.4144912244865004,1.3491133945555713,0.8658081087564357
2023-01-11,0.9746658964413936,0.8909568846766504,1.142801338337812,1.416403166903094,1.367871691788026,0.8663973312859197
2023-01-12,0.943842372859048,0.8576686745503559,1.1048243523333903,1.3808991561155277,1.3455591278677774,0.8603626567838046
2023-01-13,1.0361087810581011,0.8648185041561605,1.0811505308105402,1.3952575477534952,1.3239550458473792,0.9102191668537563
2023-01-16,1.1310764056463727,0.9242374034974055,1.1170397128199692,1.447604399555416,1.3593671813922132,0.8808518577003025
2023-01-17,1.0748973897662182,0.8862881546847013,1.08324843001633,1.4044728738389147,1.3542905250100274,0.8523395060649991
2023-01-18,1.0290593142989024,0.8591921769083559,1.0569168473660726,1.3649876031209263,1.333544157261391,0.8280273086948208
2023-01-19,1.009752550444112,0.8829048945131388,1.07906583709465,1.3588732081983972,1.3566349093653074,0.8261930837480593
2023-01-20,0.9934308718745982,0.8885754367274287,1.0881202286464333,1.329975587885459,1.3382209828644014,0.9113267860113429
2023-01-30,0.9707601493869313,0.8714530775660702,1.0816490912844476,1.3274557445152688,1.3178377889708552,0.8887541200200548
2023-01-31,1.0122039385242751,0.8410992613344994,1.0555896536202685,1.3496871279849765,1.340049045506972,0.8567356276873007
2023-02-01,1.0245232025912787,0.9241759322711617,1.169320500242051,1.358043891366268,1.344381796391871,0.8386406349623136
2023-02-02,0.9926998446967653,0.8861699779294322,1.1273272462958959,1.3301911559249544,1.3265279841624824,0.8194829614849473
2023-02-03,1.0158118493154307,0.870252032701536,1.0936201517118964,1.3234561160253377,1.3064467316088173,0.9083893726645493
2023-02-06,1.0852163806901076,0.8769031412071829,1.0795396568798665,1.3569041512911295,1.2991881160151977,0.9084194286337938
2023-02-07,1.0369667713111728,0.8493779322874883,1.0642035901566123,1.324040473968271,1.2814442940173858,0.8947110382981398
2023-02-08,1.0079060400863555,0.8767761773822149,1.0720934213361502,1.3006861066808484,1.2751178270234158,0.8862032398828598
2023-02-09,1.0738381493156324,0.9837565131456908,1.2138002392298903,1.3550355562996486,1.3673273457809143,0.9069926766718645
2023-02-10,1.0481781174463054,0.9492280715856933,1.1776585718915547,1.3520637325033196,1.3694652486287342,0.8659629474901375
2023-02-13,1.0503564223186868,0.9493467323057212,1.1946168460071462,1.3486434917613113,1.3468576360223952,0.8484239409055206
2023-02-14,1.0060063237548296,0.9094199586916853,1.148232553818023,1.318231466630715,1.3253378077643785,0.8508064087850513
2023-02-15,0.9870735820789974,0.8783101451985026,1.1093002290583658,1.3047153126620599,1.3051054675066371,0.8793429059356556
2023-02-16,0.9888476725326971,1.0168575631000283,1.286140092873951,1.3377709106643998,1.3380668645911284,0.9386556215561087
2023-02-17,1.0837304664355307,1.0132619833995253,1.2526675973189045,1.4974631290433447,1.364388633700121,0.8893956326751875
2023-02-20,1.3376723832677389,1.1556247332493426,1.2840948782580277,1.4900056403004445,1.370842647379016,1.3049370048894071
2023-02-21,1.2560926834292845,1.10257276163956,1.2287752299883032,1.4502752844884836,1.3499159390315731,1.254958307487293
2023-02-22,1.2260545240373113,1.0431460123204228,1.1771094062033245,1.4246311232411248,1.3330737953111196,1.1224358961861443
2023-02-23,1.1570845995320465,0.9939958845862298,1.1473734585331636,1.3834616738280325,1.313779622386076,1.0236266968195922
2023-02-24,1.158566318155311,0.9547299407867897,1.1147108077714742,1.3907854929468872,1.293942169513712,0.9719130776120417
2023-02-27,1.10977606188089,0.9358971592633554,1.1131168669639793,1.3740282926465364,1.2771060638034508,0.9161916397992008
2023-02-28,1.0777570354137018,0.9407720721821786,1.1236489967785084,1.3523621027063826,1.262036627662123,0.8906395030630813
2023-03-01,1.1386374737709177,0.9307877164796995,1.1069311382185973,1.3256392216875101,1.2470316854923307,0.8996948688537141
2023-03-02,1.0846072682001102,0.9024520515555967,1.0905091295782536,1.3310895731317547,1.2349953187622962,0.8786707897785686
2023-03-03,1.0399396974344643,0.8682262308754252,1.0614620201858287,1.297730880484878,1.237172762034956,0.8631425966417815
2023-03-06,1.0152308119154472,0.8383190227526607,1.0451239601083842,1.2700416337743337,1.2325301499986063,0.8672669135260658
2023-03-07,1.107059426079154,1.045664080399727,1.2601764890125884,1.3719080233829908,1.2638936065504736,0.8863418768601712
2023-03-08,1.0633344074599556,0.9967889778547321,1.2223777789962802,1.3379858714713684,1.2505554894881636,0.8530822691238004
2023-03-09,1.025670072901153,0.9551107762100627,1.1718443369551508,1.3062770235591823,1.2350668085561145,0.844346802599136
2023-03-10,1.0907356015889358,1.0358322358843781,1.233865267029779,1.2759284613733963,1.221795427728217,1.1641136230358398
2023-03-13,1.0995970073988939,1.0111317193061402,1.1966540029297636,1.260575497939491,1.211410474882569,1.1802688075428556
2023-03-14,1.0700730940797296,1.0235833964333196,1.2020507462167953,1.2480908264294666,1.2314246232944028,1.138401626097337
2023-03-15,1.0227929244633631,0.9934911708298161,1.16807303610066,1.2255132354473897,1.221559405200002,1.1610035183612124
2023-03-16,1.0717627540585095,1.0793143092011426,1.2820486833639393,1.2844519727130888,1.2392150251947807,1.141670521876102
2023-03-17,1.0372843300803942,1.0518565838125635,1.2504909128370514,1.2613122721492067,1.318902228384158,1.067058689915952
2023-03-20,1.0114924661592997,1.0092586884339223,1.200500877907122,1.2349283443015429,1.3101759812787472,1.0099955899455233
2023-03-21,1.0429696083766546,1.0537809257513646,1.2363395457437611,1.3258430792224496,1.2934213140201394,0.9404421252589165
2023-03-22,1.009888542477336,1.0143139508074963,1.1887336205025523,1.293167040210887,1.2763593395160036,0.9101338292194603
2023-03-23,1.0291468448937056,0.9827867943008727,1.1493875546675925,1.2811746047787798,1.3502859780490857,0.8682967994313154
2023-03-24,0.9942665314669186,0.9366990812932539,1.1106632007683086,1.2550815382669716,1.328643453463748,0.9246066788663909
2023-03-27,0.9680609241511297,0.8969596688003573,1.0807179715226762,1.2669445555710082,1.30923229579115,0.9587980339515898
2023-03-28,0.9443682279829059,0.8859473730000854,1.1048787502306319,1.2920554440325833,1.3365536946286662,0.9029983153818919
2023-03-29,0.9178164611935252,0.8623105796691083,1.07720542485133,1.26204530970317,1.400531200818148,0.8764182510119087
2023-03-30,0.9355098178031482,0.8448244545062049,1.0500116275589013,1.240653831622486,1.3776486800478025,0.8840841584851272
2023-03-31,0.9145837615318616,0.8702385886084869,1.0800285255594895,1.2278864966962713,1.388459345501406,0.8591025702848513
2023-04-03,0.9105272581436376,0.8741280268167614,1.025941971494585,1.1653832567950582,1.5842460228031434,0.7986100586030541
2023-04-04,0.8921409339204248,0.8473442971660722,1.0016973632665658,1.1570283292186936,1.5496091396325604,0.784737673474284
2023-04-06,0.8729612215541154,0.8225702303342534,0.9840358972594084,1.1304795617662502,1.5521240736782989,0.7981160360865145
2023-04-07,0.8740468024508256,0.8266148056072382,0.9882983408870122,1.1241827443836514,1.538281777583739,0.7855979374904267
2023-04-10,0.8658014549164852,0.8452846553751524,1.0183025511587196,1.1000886730354489,1.6160630171651678,0.7657428039114577
2023-04-11,0.8490713966480832,0.8211866443817754,0.9948121055912055,1.077942606328064,1.5843567922079393,0.7781895484166128
2023-04-12,0.8337452536776454,0.8038047232442278,0.9809916713325367,1.0626110824947128,1.556880910518437,0.828878813206462
2023-04-13,0.8453141450454955,0.8061067982086373,0.988353189898879,1.0745823070262308,1.6200121407477674,0.8020576458335078
2023-04-14,0.8448721944149192,0.7928033114524202,0.9892264278710643,1.0778371151316843,1.7371281209573768,0.7812739334264386
2023-04-17,0.9230262299803493,0.7817272283343021,0.9679037856367451,1.0572204758339607,1.6973665913235774,0.8924816111492331
2023-04-18,0.9032907070000018,0.7648954117539856,0.950331321834234,1.037629599636754,1.6696717033338184,0.8638023590704532
2023-04-19,0.9206843619819506,0.7654369386794485,0.9417572011051959,1.033452596437467,1.6344606607111094,0.8325394965543021
2023-04-20,0.9013235566723085,0.7489612284595633,0.9239523496077493,1.0653954306591844,1.6944885084332542,0.8063034903709364
2023-04-21,1.0507390767609674,1.0580016340570015,1.2044158148579462,1.1613672415821787,1.880990015684183,0.8923012265471346
2023-04-24,1.0790551828486303,1.0354465277533056,1.1765498401363792,1.2219970787637484,1.8685940203618876,0.856534153586252
2023-04-25,1.0503365863542862,1.0896491483453772,1.2505344153544542,1.286507633508978,1.8585219501096766,0.831497465753369
2023-04-26,1.0135586611583853,1.049225702875396,1.20821358244672,1.3112436656494497,1.8190616711629717,0.807685832973878
2023-04-27,1.002097091372509,1.0085580731808752,1.165661926522597,1.2817153654898352,1.7757892950699432,0.7873134735627852
2023-04-28,1.0132362980334373,1.0452020025479412,1.1863621033116274,1.2602698049050882,1.7779348725932622,0.8461638359980497
2023-05-04,0.9797409946713593,1.006553563784728,1.1456174391321288,1.266527868699908,1.7995489822064397,1.0659790028280784
2023-05-05,0.9550775010256046,1.0151222224315688,1.163582718202644,1.2816713259289036,1.7791726567537105,1.0076043745823167
2023-05-08,0.9831231828784667,0.9999616042663622,1.1441740653797063,1.2477805116888887,1.7461250630028495,1.1881789767700415
2023-05-09,0.9851517896901962,1.017073738599811,1.179545161260899,1.2584113780949442,1.7675724428648676,1.14732538349799
2023-05-10,0.9821459026135814,0.9783081708474306,1.1414343702993124,1.2378309149817568,1.73300964768507,1.2724574251782692
2023-05-11,0.9532760383045167,0.9474417237375348,1.105112389156896,1.215114933951886,1.6928468964820225,1.1848038025931842
2023-05-12,1.0051444437510815,0.966566899139416,1.1383318070858772,1.219019644557032,1.6719399017635483,1.1289488516685153
2023-05-15,1.0685145295255154,0.9848671018825119,1.1234760571636422,1.3048926217077903,1.6533933664972,1.0593480745814798
2023-05-16,1.040439045666113,0.9799219668480148,1.1349617927702207,1.2707767569822481,1.6161291856875233,1.030726482119141
2023-05-17,1.013640134899517,0.9440642947302663,1.1115024704713647,1.2364358411113971,1.5821541352107915,0.9912736499022765
2023-05-18,0.9807542471831132,0.9104168537942553,1.082480197603101,1.2190031763099198,1.5509580019290157,0.9571445507146207
2023-05-19,0.954844431078685,0.8820617173026836,1.052819667944629,1.187747319583378,1.5211308303005475,1.0081930327392727
2023-05-22,0.9441584790125487,0.8539816508764675,1.024949472668385,1.1584729502900168,1.4981824850852763,0.9560025742284325
2023-05-23,1.0071132236836968,0.8875784630459723,1.043844419710855,1.1751660461154325,1.5012312942542754,1.0147242007474173
2023-05-24,1.057373192202934,0.8917231652228731,1.018166659199437,1.1514211858658854,1.4716860265295237,1.085658398922498
2023-05-25,1.0220569625961173,0.8680992271944822,0.9947005011322329,1.1247161799184442,1.456657682321079,1.0357364580401527
2023-05-26,0.9876433867550765,0.8697587924711754,0.9896450371124482,1.1149988175470285,1.467095087494607,1.0198752389930081
2023-05-29,0.9660147775375647,0.8448537347308839,0.9697652209461035,1.133375462141347,1.453981153379933,0.9897167845674559
2023-05-30,0.9376789680592098,0.836814637337736,0.956832798202622,1.1196717536434548,1.4636883067855602,0.940291510817804
2023-05-31,0.9607166285685785,0.8165607415075629,0.9378720634312822,1.137502141856974,1.4446690094374863,0.9542694195310739
2023-06-01,0.93433923916694,0.7943162561814975,0.9214455570966875,1.1207516112331382,1.4154202093892603,0.9185497342411806
2023-06-02,0.999617703477749,0.8144269053565258,0.9293136652195702,1.1376023904633916,1.3872587588891443,0.897287930063865
2023-06-05,0.9766315960378255,0.7941728465353998,0.912700249538103,1.1736589646423128,1.3605583920757771,0.8765245216475724
2023-06-06,0.9872177683488936,0.9604392973874879,1.0960534132489423,1.231706605576055,1.4528875176108647,0.8928892024576256
2023-06-07,0.9682851679642036,0.9252607604510914,1.0632795326425486,1.274922114743909,1.424402318435145,0.8902138578804711
2023-06-08,0.9672791647618766,0.9006387597599967,1.0555903931750774,1.2429939357683437,1.4168814765373396,0.905370742147282
2023-06-09,0.9465786081955234,0.8946423559494996,1.0520687537833495,1.2305494809201847,1.4907097634988506,0.8707904965346989
2023-06-12,0.9216686787174813,0.8685536691049698,1.0315811677335143,1.2029213636555254,1.4664532817660136,0.8659608627166931
2023-06-13,0.9103460207117893,0.8442000587469952,1.0088105516616457,1.1841273488090571,1.4611101609548418,0.836356048162144
2023-06-14,0.8877827074351363,0.8194348741990402,0.9878059530916719,1.1564185866508323,1.4342498316766015,0.8327319430207956
2023-06-15,0.9810005232396893,0.8346630254045154,0.9751981540373861,1.4355299645511503,1.405578343713289,0.8052891106254585
2023-06-16,0.9912045372924252,0.8445657178679437,0.9786297887753416,1.437829413766196,1.4317309597350747,0.7940558265952962
2023-06-19,0.9895644692266761,0.8251121922477965,0.9605084112282355,1.3951609161930727,1.4033808652215225,0.8924764322085613
2023-06-20,0.960158084860451,0.8029038660857933,0.9408019847999194,1.3546037827734314,1.3756932923926717,0.9061405455748085
2023-06-21,1.0358025632115055,1.030515763505396,1.1187273528449715,1.4883472272464717,1.52081638793468,0.9351586673828952
2023-06-26,1.0839481935247175,1.1201245994379927,1.2121161507125617,1.474427678544373,1.4989035303049005,1.0077471654821375
2023-06-27,1.0762054445361602,1.1130084055732297,1.233127529367677,1.4290446055694768,1.4677753613860087,1.121887711595723
2023-06-28,1.0370377254424883,1.0660185721386692,1.1998646563235835,1.391067688804293,1.439052856590929,1.063977152578439
2023-06-29,1.0121024126414921,1.0221717075073768,1.173131016503741,1.3498797607200932,1.4167195922350495,1.011054689968987
2023-06-30,0.990206918949575,1.0208956480908977,1.1827736784846554,1.3723370058540696,1.3910147946643556,0.9575047452378842
2023-07-03,0.9973601331324855,0.993964734930803,1.1298673454100185,1.3054635856338597,1.364728342213535,0.9752730089264517
2023-07-04,0.9669807293029082,0.9595357762043886,1.0974771333579123,1.2710245405424858,1.3443080918966066,0.9464422348814816
2023-07-05,0.9618512333832524,0.9421027729311093,1.0907192357559419,1.2590508179565516,1.3351751607588627,0.9085289499353705
2023-07-06,0.9510659354091935,0.9238939392294999,1.0596099961860608,1.246632633827492,1.3081271276635158,0.9001950061486496
2023-07-07,0.9312129343856264,0.9035365117735229,1.0483156794919548,1.2415124670833324,1.3031822958889372,0.8715510864516837
2023-07-10,0.9148865696679854,0.8816461160397349,1.018807556008609,1.2572080940170482,1.2776255946538166,0.8484072505264809
2023-07-11,0.9074943327362457,0.8801808697840598,1.0157298612520473,1.2389489384011507,1.2666135472813718,0.821050036927662
2023-07-12,0.9026123765512979,0.9144354386991682,1.0794223305376744,1.229300089784468,1.3053481721771445,0.8415201526295404
2023-07-13,0.9619981469200712,0.9685419474043058,1.0879479073943905,1.2840411162204108,1.3109174344040833,0.8767770059949948
2023-07-14,0.9335133461905984,0.9380501123644844,1.0552489422120552,1.260839491654442,1.2885261017648237,0.8441231937770187
2023-07-17,0.9345081338826515,0.9112101777678574,1.0327375715451468,1.2418530756086898,1.272150876089786,0.888103068606508
2023-07-18,0.9121346154134956,0.8839994242570358,1.0048066756535372,1.2121447180825249,1.2518758997482153,0.8538285280812237
2023-07-19,0.8880174775491299,0.8585039018349887,0.9825031397923029,1.2110954160636012,1.2335148718087257,0.8335505909675557
2023-07-20,0.8866117297312898,0.8973800055611817,1.027395228297248,1.2053726158850075,1.2576809268879903,0.831395762549414
2023-07-21,0.864159780702529,0.8695656587623475,0.9997761129395845,1.1784594109978943,1.2398297493044599,0.8052861308276466
2023-07-24,0.8519070158294099,0.8455688598391601,0.9752169002825812,1.1655137896548307,1.222775213652269,0.783062618526656
2023-07-25,1.1464589022056413,0.952771458705438,1.0563095578868449,1.2562249273548107,1.254714541846686,0.9476086522469592
2023-07-26,1.1062659404245498,0.9244920802748807,1.046350334162123,1.224036985710897,1.2337012590292045,0.9045610539352549
2023-07-27,1.0675909384508333,0.9159884355838135,1.0398393508864465,1.195765346493257,1.2326351297769829,0.8673858898347426
2023-07-28,1.2093617262612437,0.9704144824679066,1.043182825388353,1.2332715855283725,1.2417944791126028,1.0372496569878245
2023-07-31,1.1718162076176342,0.9577323621452247,1.0339438106753012,1.2145947516714914,1.2285492343337112,1.0040850794072578
2023-08-01,1.1338503707977363,0.9257333451995877,1.0068698653780186,1.1936210323061862,1.2067793905232669,0.9524387744009073
2023-08-02,1.1093644146463009,0.9019831382021272,0.9824099739898422,1.165396990974692,1.1867826297727393,0.9641164107985648
2023-08-03,1.0970412435517631,0.8791310109138721,0.9587112563051136,1.1665103326989181,1.1691217892474763,0.9362414552118165
2023-08-04,1.0635891157921473,0.8632267002378974,0.9488167210761973,1.1604387012086146,1.159615704966143,0.9014241772316444
2023-08-07,1.0483350838787162,0.8588020042213363,0.9403280396459169,1.161588074039098,1.1556278860589586,0.9175494262236309
2023-08-08,1.0157810751390044,0.8426921144538645,0.9317685877944228,1.1408029156980537,1.141332517594594,0.8796964046528074
2023-08-09,0.9867481209881518,0.8470568717369615,0.9394787684529592,1.113776590837911,1.142908212691807,0.8612365932827304
2023-08-10,0.958017895107349,0.824911712009984,0.9202435792905092,1.0941072981952584,1.1287092826265537,0.8338889333228794
2023-08-11,1.1225280078502984,0.9859968271291939,1.0556611387980144,1.2203155592590087,1.2266110510444466,0.9716542447047962
2023-08-14,1.0995316678767464,0.9510888296656802,1.0284887330624322,1.213703583558365,1.219448438980478,0.9246148004403528
2023-08-15,1.0628417984946859,0.9374362631654235,1.0360455581895096,1.196783805097915,1.2419698267409105,0.9101538607573147
2023-08-16,1.0461201442804813,0.9349657228760778,1.0623717067486502,1.1808365494413267,1.2816853451049535,0.8724893090715756
2023-08-17,1.0155111497747056,0.9262784543450603,1.0707104276754753,1.163591226563354,1.2812000397309085,0.8398405108002309
2023-08-18,1.039074834244602,1.0179312285517907,1.2057082381078812,1.1836040303076152,1.2669910144159378,0.8278274119250012
2023-08-21,1.0779775732830952,1.0342165012770375,1.1910211470961813,1.219659842007841,1.2817383643003264,0.8810284298760848
2023-08-22,1.0623066019316767,1.0069955689817844,1.1663747445465669,1.1890642431185392,1.283435796741266,0.8890416449828347
2023-08-23,1.120461182694645,1.1242755904241943,1.2759486028077012,1.2948553195060826,1.3887732993505406,0.8612827529614363
2023-08-24,1.0988065317520175,1.0854070788085088,1.2298319976750935,1.301168523402423,1.3699645438625352,0.8477586797903822
2023-08-25,1.0655391264681886,1.1067807263716625,1.2961512129712545,1.3021180898072975,1.4015337901460956,0.8211958573447133
2023-08-28,1.0779251366308602,1.1111112386500162,1.2652183963429764,1.2903024942907322,1.3992705311349596,0.9194805784275808
2023-08-29,1.0750757217688773,1.238937454010871,1.500142107154715,1.4337153951660293,1.6874134826215286,0.8806246485710767
2023-08-30,1.0382450975958666,1.1844159429537586,1.4369885295347162,1.39299020686068,1.7347306870602384,0.8862195639263241
2023-08-31,1.017954152735287,1.1487929885716255,1.3866232158819953,1.364900219286962,1.6820006421883846,0.9238512106813176
2023-09-01,1.0035447716103516,1.1023155511649647,1.3288661482462767,1.32719183160538,1.6436813828202288,0.9547903258420208
2023-09-04,1.0553807075030905,1.1270546934098526,1.3420331387285493,1.307541173291524,1.6091753625451641,1.043158566673691
2023-09-05,1.0406947824095043,1.102325725258956,1.298619141033415,1.2753531245210346,1.5928711792193018,1.0278121584391544
2023-09-06,1.0079553284383214,1.0580162807354796,1.2540763758602769,1.2473096461908584,1.5522235763726313,0.9728664809311571
2023-09-07,1.048607849898184,1.1089030146597962,1.316060427471991,1.3241117001544946,1.7582083531303707,0.9450484912410568
2023-09-08,1.0221139866252829,1.0645844851114037,1.267967634589419,1.2903533164752143,1.705450770779528,0.930768851485332
2023-09-11,1.0093954991157617,1.0741669027495357,1.2718872465776736,1.2662431169385562,1.6615632281697614,0.9223612318032082
2023-09-12,0.9787160302410041,1.0324867396096833,1.2232029335872832,1.2426594750580193,1.6200848413397488,0.8843938125885208
2023-09-13,0.9647678019154085,1.0329123294778926,1.2385842125550257,1.2430857842436132,1.6063812095311547,0.8541085399306277
2023-09-14,0.9363299699834924,0.9962355180810587,1.2020755147454771,1.2258516697578608,1.5741954401258456,0.887432058200128
2023-09-15,0.9276999969181433,0.9602687163741634,1.1599965969459827,1.1997799938344669,1.5410743284686528,0.858201492897128
2023-09-18,0.9127255314154313,0.9298161163202482,1.1205367671399047,1.190187924850742,1.5131772664723113,0.8281752425922801
2023-09-19,0.8897699658815571,0.9146766928606618,1.1139841535272268,1.1830525844206752,1.4803695337339113,0.8310284266489942
2023-09-20,0.8737823418301807,0.9053683466372824,1.1015655835364844,1.1692315506864197,1.455708106172561,0.8052377369114752
2023-09-21,0.8866732462654707,0.8996096298598029,1.0858029885749514,1.166798085887782,1.426169188930292,0.8176656495867266
2023-09-22,0.9961299528060563,0.978235008941092,1.1884523571413075,1.2781030711004737,1.5328278405405995,0.805754154090328
2023-09-25,0.9821074247314505,0.9601862838835611,1.1576509740022805,1.249997977394995,1.5121013305296145,0.7878711712382334
2023-09-26,0.9652017591061661,0.932928797368103,1.1282039587707902,1.2326518069214023,1.4727263935684056,0.7858725543261017
2023-09-27,0.9381983438492383,0.9125385823599839,1.1058582784199418,1.2186033040980269,1.4394620230711466,0.7770365168096594
2023-09-28,0.9152430521534507,0.8865900471424686,1.0887080104322198,1.1882839497907753,1.4191054382724724,0.75940040051185
2023-10-09,0.8932839500431233,0.8697574276181389,1.0431074198479264,1.1286655195666033,1.3635714773380025,0.7216323263574239
2023-10-10,0.8925210876107724,0.8568886564572649,1.0180655141613772,1.1101325338709875,1.3394879186902597,0.764378986066966
2023-10-11,0.87704782287641,0.8358107421783241,0.994858989134695,1.1028697264889078,1.348223436463233,0.7516096066388122
2023-10-12,0.8906162960990076,0.8376992569200916,0.9888477918437538,1.0937992764414337,1.330679913962514,0.7876192277116181
2023-10-13,0.9062173258908673,0.8353250589122296,0.9698388459091848,1.0993154242160927,1.3192974187982314,0.7686258206069112
2023-10-16,0.9190390012847411,0.8495896728839152,0.9764540791495597,1.1644735955896413,1.3665804225524798,0.7515473482386428
2023-10-17,0.9030161099621997,0.8316145852957499,0.9549303567866093,1.1407454168196145,1.3576147689662956,0.7361539739893851
2023-10-18,0.9031362745955771,0.8728825939890746,1.0287231621269446,1.1470819061502595,1.3664477611839612,0.7701369607450292
2023-10-19,1.0204209855562845,0.8952892929318874,1.03843265017523,1.1565265601985824,1.3367050507284801,0.8905762339362828
2023-10-20,1.0065005479786482,0.891704350463365,1.0526103658634889,1.1467582276460981,1.3254933636440414,0.8725672654913391
2023-10-23,1.0112331518685271,1.0689195055915695,1.1825510593641424,1.1827674345758363,1.4164328374353279,0.9283713616234877
2023-10-24,0.9892480950366627,1.0750372184009136,1.2058325450844807,1.173930239282983,1.4181920329783857,0.9209205592981592
2023-10-25,0.9725780429363841,1.04652193813753,1.196948048561066,1.165185396469633,1.385644497235089,0.9208713834676997
2023-10-26,0.9517520169505771,1.0191973773214926,1.168708791930756,1.149757667265206,1.3546691146514618,0.8967990874587243
2023-10-27,0.9874488429612331,1.080366425291256,1.2216852982613362,1.3033717194798506,1.3714569025425307,0.8725134826925574
2023-10-30,0.9749073269351098,1.07540293839739,1.242486611852649,1.3904862334205876,1.4113638569146973,0.8965833919782301
2023-10-31,0.9537645771889005,1.043662871965551,1.2136921569125878,1.3601060132422016,1.3818619513557435,0.867400616337017
2023-11-01,0.9314932118219484,1.0141286514331622,1.1767161389890388,1.3301529517562773,1.3549525986571984,0.840386357592417
2023-11-02,0.9171827946671811,1.010012954541019,1.1820616690051724,1.315933728798876,1.3495222318143634,0.8158594724692595
2023-11-03,0.9201233489028272,1.0070036434957035,1.2084160733362441,1.3288890150746615,1.3898383497524565,0.8051505385238287
2023-11-06,0.9586856897362989,1.0695839932873856,1.2802686538268149,1.4941877413440061,1.4139750318716364,0.7845117438068089
2023-11-07,0.9391629205413525,1.0354470688294066,1.2410217003519721,1.459661346755981,1.3812049644199782,0.7645579159712208
2023-11-08,0.9194615937315305,1.0030376672077959,1.2051350949745645,1.422414731035396,1.3683422785192798,0.7475016824800937
2023-11-09,0.8995445438317524,0.9751758354251678,1.1784420295676414,1.3873161869648527,1.3459877052176121,0.7531026414399312
2023-11-10,0.897196890708357,0.950290737460154,1.1437604492358637,1.3601000268684909,1.3204539878693022,0.7447693395939642
2023-11-13,0.8798640610189046,0.9348166298246875,1.1347207526564995,1.3275872643470423,1.3074564721654613,0.7299793121480397
2023-11-14,0.8627625121151848,0.9157338378645293,1.1121074307149956,1.29602236634244,1.298138960748584,0.716793571259858
2023-11-15,0.8639287300611058,0.90400661314718,1.0853729209655383,1.2711899062271812,1.2737330743912598,0.7158864992614006
2023-11-16,0.8770738262811126,0.9135482765604734,1.0853426190260824,1.3086016139834737,1.3051068837182505,0.7040614067977057
2023-11-17,0.8603834193431069,0.8941949094124826,1.0795665407428252,1.2814804942120146,1.2859942692511739,0.6966438660820891
2023-11-20,0.846418154124224,0.880044994875989,1.0724780403473186,1.2534146091094112,1.262108795095793,0.6886275071069834
2023-11-21,0.832189369699712,0.8613876898362359,1.056830278412904,1.2275594188282561,1.2538858370111772,0.6852311782958381
2023-11-22,0.8528351325979332,0.89409435177164,1.0768205502392723,1.2594750130650694,1.2816417322175677,0.6819555157170303
2023-11-23,0.8453101954209904,0.8995546930691469,1.082069023710277,1.237986673577519,1.2742009239921175,0.7068996272539506
2023-11-24,0.8442607722147353,0.9067229005740385,1.1050244892843206,1.2381563941619078,1.295107538870995,0.6946013194641757
2023-11-27,0.8476114407686476,0.882527767744293,1.073946813640211,1.2161416850635323,1.2743752291310617,0.6885637934339873
2023-11-28,0.833778581657423,0.8672602634529165,1.0532526731242506,1.1977926928780327,1.2556533762207263,0.6782318165386698
2023-11-29,0.8439544169168431,0.8627959272322695,1.0328215915369816,1.1940758589303542,1.259182531080116,0.7003087096989091
2023-11-30,0.8309258421341598,0.8421838976300882,1.0149787815386508,1.1687265324818767,1.2418769269844268,0.694694937476397
2023-12-01,0.8215890533584979,0.8281464598593752,1.0113615473810087,1.1436911385189965,1.2218251837914744,0.6879759722390169
2023-12-04,0.8228425046597162,0.8097655266096244,0.9884337389263408,1.1362137135424495,1.2100488743552789,0.6776875708420789
2023-12-05,0.928115252347267,0.9105722806451055,1.087033253102881,1.196077701239625,1.2625032209758769,0.7667401249328011
2023-12-06,0.9081715332601521,0.89129155238275,1.0662213064650758,1.1775283948192878,1.243901038174806,0.7483820696301452
2023-12-07,0.8905479196176662,0.8679171390392154,1.0376171584036418,1.1522767052564225,1.2226438804836472,0.7326790802124448
2023-12-08,0.8745664101095073,0.8497063527139472,1.0133811145066591,1.1423857432658289,1.3347116936774723,0.7177843113777228
2023-12-11,0.8697944174154797,0.8847812356407233,1.0340536840153238,1.153637734694112,1.334647418968359,0.8253241107214428
2023-12-12,0.8550523559877687,0.8618700024087217,1.0075197447667712,1.1365127635016075,1.325417948134115,0.8263280697497696
2023-12-13,0.9276341494161674,0.8817301362825692,1.01292042070383,1.1712783494994365,1.3160164908483412,0.8392562993281971
2023-12-14,0.9159399150947054,0.8631366800149208,0.9939470954549564,1.1528518829669692,1.2957200057122873,0.8143033125398828
2023-12-15,0.899059702956389,0.8611967046981145,0.9841919673889719,1.135957375932466,1.2882480656922661,0.8103395364501081
2023-12-18,0.8844517264007377,0.891943733198052,1.0399014089465886,1.1628571232358462,1.2750062229221122,0.7905181267677974
2023-12-19,0.8675362580767298,0.8689255543520891,1.0135064841343318,1.1418853218026737,1.261160685059691,0.7717172558198504
2023-12-20,0.8892701294240214,0.90983706546481,1.0814910063997458,1.1572729190843798,1.2676362782195927,0.7645629469015202
2023-12-21,0.904260865379114,0.8961614267394129,1.0658291848879946,1.1949853286654513,1.2934746953574157,0.7470485214491016
2023-12-22,0.886825976576266,0.8817189152058794,1.075370423490556,1.170702172530496,1.274139012562609,0.7341079074392187
2023-12-25,0.8724616161804559,0.8591497141359999,1.0461860413426962,1.147198296688703,1.2598699300688545,0.7200084984138518
2023-12-26,0.8699332616097346,0.8808533393208322,1.0836324700444186,1.1565853552437415,1.2769911875115076,0.7279365503981459
2023-12-27,0.8574538590816708,0.8680124191267098,1.0736950732850752,1.1312777678913049,1.2624444930927847,0.7312075658548453
2023-12-28,1.0139861590917891,0.9666265386443875,1.150894062362629,1.4141234800646234,1.3663062420876182,0.7178580022028499
2023-12-29,0.9960716644686504,0.9641052312330245,1.1704309354280793,1.3856734708198046,1.3369125852985435,0.718806120602239
2024-01-02,1.0120965752146165,0.9423497068561154,1.1488073362502444,1.4308058177657033,1.3216536032797537,0.7147542688752444
2024-01-03,0.9857972657530505,0.9145492699964549,1.121171489058862,1.4161209901615859,1.318919148176799,0.7575068670304417
2024-01-04,0.9838978028577967,0.9150723965589681,1.102099558181669,1.437349040246016,1.2996593547284248,0.7436117872155069
2024-01-05,0.965908524651492,0.9571187817541923,1.1704744501951918,1.436601334900155,1.3441363905856356,0.7214163781088189
2024-01-08,0.9899608982085731,1.0845563683211388,1.279479522824597,1.4533009601374676,1.461768254617364,0.7646906805705983
2024-01-09,0.9652072916157177,1.0487214764595976,1.2371989907087364,1.4191343943133963,1.4258927041739657,0.7593899202006946
2024-01-10,0.9461953056653883,1.0191533141686224,1.2114297211277503,1.3861496329314664,1.4005237811493068,0.7538653612567751
2024-01-11,0.9342162797315122,1.04097438409117,1.2626098523944695,1.4268186024559513,1.4210272847225591,0.745542501558535
2024-01-12,0.9144883033588602,1.009543670146528,1.2325829818124836,1.405914163652815,1.4244729801962206,0.7264282315801962
2024-01-15,0.8931570135885628,0.9783874451463824,1.1936937785338249,1.3837362155013209,1.3965362818233378,0.7198165650451521
2024-01-16,0.8872031311792833,0.9474332689606928,1.1589213763562847,1.3525251143404002,1.3704420054386242,0.7062743054849095
2024-01-17,1.0110605000356323,1.1236761720839674,1.322765209515277,1.4860532956599248,1.4615966282402202,0.8005647807974103
2024-01-18,1.0435399685902236,1.0834849154161867,1.2780434697230736,1.5189050040252852,1.4690500496037022,0.7953116662788445
2024-01-19,1.0142506874827766,1.074587506413803,1.2746270026087776,1.4957638448290904,1.4345197742720412,0.7870803855874723
2024-01-22,1.0536252984581544,1.6123094595502103,1.9295765181357003,1.5909053448024832,1.5551199952276933,1.2258092126453564
2024-01-23,1.02876373371156,1.6122666320179033,1.8994982393033613,1.5774932923736715,1.5341036433827178,1.2234494335663555
2024-01-24,1.059988135057728,1.5849120796680194,1.8484658538950531,1.5397319746912796,1.494132963770491,1.3295528636911227
2024-01-25,1.1455027849078039,1.6872375517172091,1.9722246418506466,1.536556314627697,1.533528024488484,1.5102862028511301
2024-01-26,1.1111078500132983,1.6304482321093818,1.9046010664632813,1.5803128948656522,1.6012049602815663,1.4790513653696455
2024-01-29,1.097677831443341,1.6416369930919708,1.9462282019631854,1.7270475295180217,1.674270669143375,1.406034201477724
2024-01-30,1.147429844747264,1.6790560881901895,2.001262696151603,1.7657011843827148,1.8311520584437164,1.390577508876922
2024-01-31,1.132836151421818,1.726930153419979,2.1724601157272323,1.7214293964694773,1.8200154034679694,1.3255559186788028
2024-02-01,1.0982498177640994,1.6532568794730917,2.0859188546464904,1.6904469590452538,1.7744080167643828,1.2935803728058406
2024-02-02,1.1012857247244805,1.7067644110475972,2.212750733552931,1.7351911235313038,1.8029919997276784,1.2311417708163852
2024-02-05,1.0810996588667718,1.733339365539751,2.638789983531876,1.6983301038450895,1.7533372837984214,1.173007859826875
2024-02-06,1.3558488840171186,2.6202181323633087,3.117085441467147,2.2621845677597405,2.2592827670629183,1.3122038733527763
2024-02-07,1.332705279491376,2.9895600305988634,3.1821649946071267,2.257045834793567,2.293971246693084,1.3679250801423406
2024-02-08,1.2973984332151223,2.8523764565449445,3.2087969803807304,2.205607076248665,2.2291620913703163,1.3004533116387604
2024-02-19,1.2869498320474773,2.7154227915644835,3.0675808796140354,2.1561053985596907,2.1841666215864475,1.3662972603447483
2024-02-20,1.244926035879372,2.5853451309456426,2.9297343098999655,2.0922633147236613,2.1251260796140454,1.3381561900600254
2024-02-21,1.2504644049850442,2.4621602397931643,2.8011812337525406,2.0327191872161934,2.054544205986203,1.2726091151403809
2024-02-22,1.229271235991516,2.353330517254106,2.7048674520346414,1.9748148652045476,2.000343232386421,1.2832183249835332
2024-02-23,1.189337341369596,2.2451479085188915,2.61005855596096,1.9175670866077832,1.9370492908337367,1.226453131835159
2024-02-26,1.1768677878171685,2.140148507641118,2.498200830015781,1.8640156812371225,1.8800843033442707,1.275623951735331
2024-02-27,1.1781513434189623,2.1181746876000913,2.4833253817932137,1.8963704109421309,2.0100002041083034,1.2248290028325461
2024-02-28,1.178994258850545,2.1100760106530374,2.6469273421558954,1.9307121365733166,2.073558852874159,1.1991619218208884
2024-02-29,1.2350261359562675,2.174874802158504,2.7153068583331224,2.030646173398977,2.2786500262072944,1.1921390887945462
2024-03-01,1.2056149640403724,2.079553584790019,2.607290563472432,1.9825850763608794,2.2112813560593767,1.1364089171924152
2024-03-04,1.1670001552200926,1.9841016322875449,2.4945604750776154,1.9300844622913802,2.1383649762490085,1.0929620793319361
2024-03-05,1.1443016254450764,1.9016020334859651,2.398077296253036,1.874473766362299,2.066972177027395,1.0552939902499892
2024-03-06,1.1122228895960298,1.815322652548205,2.2933202774540318,1.8208962322835198,2.004777195303982,1.0091498638725012
2024-03-07,1.087328963394531,1.7695805725555083,2.2255151333426304,1.846265975325774,1.9985911032154613,0.9760727536860391
2024-03-08,1.0611639235601593,1.7288196704788104,2.1556368586253334,1.809534151583604,1.9532390815055503,0.9486775324613038
2024-03-11,1.077769198884832,1.7117135947770932,2.113785178612756,2.053399725996023,1.9413628000844927,0.937379439447534
2024-03-12,1.0483750910031941,1.6381319686789408,2.0279955245453345,2.001363278848804,1.8797391608287992,1.0524783856766444
2024-03-13,1.0310375597239527,1.5671086065783133,1.9459285391455843,1.947286160021024,1.8224122638257567,1.0128925707359087
2024-03-14,1.0041008980465618,1.5033400338610565,1.8719230327549539,1.8960362628443814,1.7870807635633594,0.972890303206598
2024-03-15,0.9789115302793557,1.4703152614488055,1.824603149418429,1.8417900238853258,1.7376101502822954,0.9326346578226193
2024-03-18,0.9828418391697685,1.4530170036987742,1.8009497984987177,1.864276835980581,1.7533709030885238,0.8981499026373568
2024-03-19,0.9708610246932796,1.4122268719889999,1.7380633379957047,1.8260531035937388,1.7408100478092405,0.8699466112466133
2024-03-20,0.9477226153558389,1.355904454919482,1.6856404794919084,1.774681022732519,1.6912793449401005,0.8452216036093736
2024-03-21,0.9243093071508671,1.307304384413565,1.6185200646826219,1.730447272225234,1.6558207726116743,0.815283966735808
2024-03-22,0.9326707224787505,1.3133236927760492,1.5808175703565126,1.7140600590736648,1.6409510519750923,0.793423162730618
2024-03-25,0.9185971405514977,1.3330919519934792,1.6315070499487987,1.7202469010288477,1.6315425721529169,0.7673993870471219
2024-03-26,0.9066105422179752,1.2802964451404697,1.56918726751523,1.6764134785110494,1.6075411716158032,0.7433911488172188
2024-03-27,0.9262032206326913,1.381802857312309,1.7360735737588344,1.7513798571316643,1.6579470584456522,0.7278909698446173
2024-03-28,0.9137484286281072,1.3692412368182343,1.7661978623235657,1.718782264619735,1.6450411345959806,0.7074161523582762
2024-03-29,0.901067025699771,1.3501082405837674,1.7168584741124473,1.6774886184642106,1.5987993792241855,0.7508029682076127
2024-04-01,0.9597859475734225,1.4251721846435057,1.734261395368776,1.7466444347483645,1.5861239006350933,0.7220817763626313
2024-04-02,0.9413446275563067,1.3470217061809708,1.644029079439018,1.7029710682796362,1.5500641429716981,0.7088298162964509
2024-04-03,0.9233933336987603,1.2703251148743233,1.5615307847264401,1.6710131798050387,1.546700512582401,0.7513894167682026
2024-04-08,0.9238454525611527,1.2812052096567348,1.5833170111613801,1.6725169947000509,1.5815625127267252,0.730223919118289
2024-04-09,0.9042279752818105,1.2403555773719808,1.5523953338735772,1.6494862495449716,1.5655097289941178,0.7181936296370613
2024-04-10,0.9032732452671557,1.2404794956085252,1.5817414367333453,1.6707463934122395,1.5817749921667292,0.7008832680949936
2024-04-11,0.8850145332770518,1.1843888969148346,1.497968551885978,1.6254745189064534,1.5368332084887861,0.7324177341467683
2024-04-12,0.8855556192104796,1.1316382778401701,1.4386203593328475,1.5976041741574427,1.4899861129188305,0.7207155952327656
2024-04-15,0.9957254759756778,1.139413872260666,1.3958891834499032,1.6151002718227445,1.509281078696052,0.9076609558379236
2024-04-16,0.9983102622640968,1.3990972775163013,1.8577165094284775,1.6343354734952111,1.5738624483503372,0.8772534779950705
2024-04-17,1.0377356268901508,1.608147298461372,2.2327053670246824,1.6673461472272038,1.6469879977192707,1.0175130787891284
2024-04-18,1.0113275527408876,1.5093720490289075,2.0954916780243846,1.6253512721659866,1.601829396107118,0.9724594478765922
2024-04-19,1.0003991970125434,1.433280109350243,1.9728879443578158,1.627950538249869,1.6244044646896911,0.9292506476337203
2024-04-22,0.9775421438054924,1.3772424114390729,1.858392895360196,1.583400910905645,1.5732947607036702,1.0988533731717152
2024-04-23,0.9660408575346104,1.3448090239014767,1.757309939181079,1.5405752358399367,1.528776793668632,1.1577121276216775
2024-04-24,0.9496510457734887,1.3128234993606476,1.7389196652956405,1.508409088401823,1.5310924417440472,1.095640916471435
2024-04-25,0.9305375902202716,1.2388893397392546,1.6404753131156364,1.4680509554216277,1.494223557398299,1.048156259979896
2024-04-26,0.9779826017493616,1.3568784853225586,1.6623905970862656,1.6279542764296213,1.591044861815425,1.0163258603156573
2024-04-29,0.9902454463069148,1.4226216850855353,1.7355688366162336,1.771071041437333,1.7302822049940298,0.9662983464151959
2024-04-30,0.9725604619103464,1.3574657691115455,1.6605026882912675,1.758286346198217,1.6938844189649225,0.9203434592961227
2024-05-06,1.0105555174856617,1.3795668638123288,1.68956008882661,1.772183212880556,1.6735678407411452,0.9298209323492702
2024-05-07,0.9852876704366149,1.2995656150058037,1.597387353762003,1.7211658215064143,1.6358985565871713,0.8871754068485957
2024-05-08,0.9763788639314328,1.287901031038062,1.5884011363394146,1.7027372816156037,1.6010374917232357,0.8491892417377259
2024-05-09,0.978885681909629,1.346538420653519,1.5890521701166551,1.713982943687264,1.6541499664852475,0.8423881792722296
2024-05-10,0.955745253021217,1.275884278061953,1.5315790468045265,1.6860328954388812,1.6413005954071191,0.8184439545167325
2024-05-13,0.9339046291213646,1.2170279623364033,1.4789347622941398,1.650532865205994,1.5903196291077975,0.7905365423680252
2024-05-14,0.9143443194194087,1.1516832322470836,1.4130142426284944,1.604767983664629,1.5427983538984698,0.7685205254375393
2024-05-15,0.9140304116580165,1.1358133100048027,1.3758197767323372,1.5725496933489809,1.5326771843223705,0.7433345018237835
2024-05-16,0.9002991835388472,1.0848212550468603,1.3075888899841237,1.5316408262154673,1.4881337662453742,0.7224356797079994
2024-05-17,0.9155281192131436,1.1056637979702688,1.3158628539353177,1.513950665693987,1.4712363156556663,0.7627154300189356
2024-05-20,0.9010219284156714,1.0656882979484334,1.2657773334200475,1.4798745505429598,1.4288448099447126,0.7871007935042031
2024-05-21,0.8866711657148327,1.0467649684637488,1.252774090255975,1.4508128542862628,1.3982410942714185,0.7613183468022228
2024-05-22,0.871603107031168,0.9987944706601107,1.1950478087051783,1.429583434109431,1.381705908135178,0.7361377993930839
2024-05-23,0.8924500068221868,1.1365015280585407,1.3479056244649215,1.4271461200028674,1.4037880520669515,0.8379678831649474
2024-05-24,0.9084879323866772,1.1144499792085432,1.328381179617094,1.4461756270891704,1.4487736732543661,0.8144861631629176
2024-05-27,0.9174807536172708,1.1155151205918301,1.3052638336798859,1.4196038575222214,1.4669955413826332,0.9042287762881901
2024-05-28,0.9115825154712495,1.1099420799058093,1.285881391094512,1.4161874204679372,1.4297963999982268,0.8813953088177964
2024-05-29,0.8934334702965321,1.057255182456168,1.225219807611519,1.3820876615205593,1.3900712978162275,0.8455473171848971
2024-05-30,0.882940423462909,1.013534960766895,1.1738142142180295,1.3476808292603135,1.3851486219580667,0.8623911063783436
2024-05-31,0.8700451504338838,0.9672956344795148,1.1301995263013427,1.317634722183419,1.3487494160583102,0.8268579780245155
2024-06-03,0.8565344369849968,0.9483059156772787,1.1595349006047448,1.3004046329110388,1.3388289191198457,0.819406501369594
2024-06-04,0.8606089943979311,0.9985354807086311,1.1247978641142655,1.3065976673629278,1.3105258099388701,0.803822825378371
2024-06-05,0.8539748025082079,1.0289718362409201,1.1543658512212431,1.281065160297514,1.2797270441316795,0.8775074103385633
2024-06-06,0.8392251264626859,1.023349850214402,1.2915950293852014,1.259878523227949,1.2802090007408815,0.8406280938376237
2024-06-07,0.8322702332141789,0.9829854974714971,1.2394061787584694,1.3220900107944873,1.2607117818635636,0.8262761409010747
2024-06-11,0.8409392179062328,0.9413880308203745,1.214335621785208,1.2940243260090554,1.37876839545468,0.9584959678859429
2024-06-12,0.8272433497587508,0.9074378733235696,1.1644876645435698,1.2665952975776475,1.342800057527181,0.9827347181013063
2024-06-13,0.8213230169258082,0.9028256273523244,1.1355904470048903,1.2369918429400777,1.3173814825199692,1.0195061647544994
2024-06-14,0.8160419527956007,0.8758571861268591,1.0885056409462406,1.2229505908634637,1.293249922016411,0.9712300762863635
2024-06-17,0.8044073888638217,0.8446266257368791,1.0461476772694183,1.2112772695849539,1.26790613106725,1.013586581811877
2024-06-18,0.7962823206937304,0.8291408459898227,1.0415711969368047,1.1863441548117994,1.2395920701060383,0.9695745735471972
2024-06-19,0.7919199612628398,0.8872300535857137,1.082243989387401,1.1942792141706755,1.2232794557299917,0.9339379048435289
2024-06-20,0.7971212649908156,0.9661432182744304,1.2121610257917312,1.2096087443383874,1.2054429823333153,0.8963661375335
2024-06-21,0.7876491384248228,0.9263373452749141,1.1579191279205328,1.1847487566480324,1.187617983471839,0.8573309969639794
2024-06-24,0.7860535315108105,1.121041440263178,1.517519674937697,1.198907346595613,1.3170460669785142,0.9202208966067604
2024-06-25,0.7848612942934365,1.09875285986352,1.456405759242512,1.2388700944496105,1.4580587794723585,0.8826386219366097
2024-06-26,0.7906034101376026,1.143980183044787,1.6496628633866144,1.2861860067980673,1.482336712778716,0.8453892597692262
2024-06-27,0.7969088594431184,1.2358337242479676,1.742234216120284,1.3077023267631813,1.515973179786308,0.8384270760475133
2024-06-28,0.7884359549566655,1.173169397920384,1.657530082442949,1.3000217712067605,1.4732228764698003,0.8139082622775933
2024-07-01,0.7449793917822689,1.1772575472669338,1.597923262941989,1.2567947635922012,1.4144984446770152,1.0387845362891914
2024-07-02,0.7338220494486395,1.1654876577785591,1.5243936764615826,1.247513287157833,1.417852746466192,0.9893037706697991
2024-07-03,0.7244340832590457,1.133444454065649,1.4622506803188118,1.2175694773180867,1.3822070866265062,0.977050194824127
2024-07-04,0.7230666585876686,1.180143387387286,1.5422032802257866,1.19993183878176,1.3976279266758747,0.9512368509280216
2024-07-05,0.7191925234436192,1.141958238131991,1.49656737512726,1.1794331836983691,1.3953343287890534,0.9136510584435641
2024-07-08,0.7364730659535729,1.205018105190324,1.6081596961561924,1.210435668373664,1.3719213564353085,0.9024040537789362
2024-07-09,0.7775398789146163,1.2989146931048365,1.6745614552600152,1.2354211483045443,1.4783592559229668,0.9269176838404417
2024-07-10,0.7656705983946734,1.2462669415400314,1.5839501219774024,1.2050244685373335,1.435184964397958,1.1004872557857628
2024-07-11,0.8058576578337688,1.3359085995966247,1.6871686907799062,1.2792702414468686,1.4229843204067851,1.0460229735413276
2024-07-12,0.7910543045533007,1.269648653935982,1.5936619898694462,1.2468218546027863,1.3831975358665738,1.0091554159807408
2024-07-15,0.7769011677296359,1.2229366881221737,1.5389379883288015,1.2232928804429573,1.3473520695828962,0.9994127563601893
2024-07-16,0.7807814411518775,1.1654410510429003,1.4573556471480966,1.2431804865238172,1.4327105645620624,0.9787277450230258
2024-07-17,0.7673000932138961,1.1380893446608333,1.4056547820006953,1.212428314412034,1.394027188984555,0.9547386328017035
2024-07-18,0.7680352169738549,1.093387360986003,1.3398243203295754,1.223512813103385,1.3757822916821072,0.9120243247249539
2024-07-19,0.7673463429261141,1.0437931681250836,1.2765328054514233,1.19934393088558,1.4264412622816793,0.9002232683712749
2024-07-22,0.7689461882987734,0.9990275587602855,1.2182144381595301,1.170748342640016,1.3902075506744758,0.9070596406379245
2024-07-23,0.9120792230268341,1.3192737708211018,1.4460749371423236,1.3444453645851215,1.6774001596417367,0.9473922803495651
2024-07-24,0.9015797148074532,1.2984230380643709,1.4349997860887245,1.335042803690688,1.6418411910536455,0.9057739897687183
2024-07-25,0.8878095542314255,1.2299961497726921,1.3612275427407503,1.3018698570106169,1.5880420272442208,0.8697528861262095
2024-07-26,0.8697901575212446,1.2629874058613726,1.3820672652696353,1.2895957144831791,1.553655983323538,0.8341128263775685
2024-07-29,0.8575074179027801,1.209726157733636,1.3168670151897723,1.2992980010271833,1.5569579856805624,0.8025719107945054
2024-07-30,0.850029853861801,1.1504267935934596,1.259924387093078,1.2666862890687791,1.5112293999943651,0.7999043793925927
2024-07-31,0.9877066682681641,1.659913270681073,1.7471894267797123,1.4975960500378986,1.8796013179894502,0.9204027271556923
2024-08-01,0.9695246277001051,1.5740109602349335,1.6470625318473326,1.4880478919762221,1.8148615590369004,0.8832345296822712
2024-08-02,0.9724179298691648,1.5365248213627953,1.6141927734891754,1.4932502515175972,1.8008356156414163,0.8500630550734087
2024-08-05,0.988181643802188,1.5705077096827542,1.7479578454430826,1.512310930381656,1.8774843888079353,0.8929045313141075
2024-08-06,0.9599372773833762,1.5281239277205405,1.7183108085464507,1.5031611185500218,1.8415703556610827,0.8592408694244668
2024-08-07,0.9334626930306628,1.4402968322655207,1.6199164538080035,1.4631719532860397,1.7859046960659126,0.8290978042323518
2024-08-08,0.9089506359196313,1.3601096864717312,1.5297088133453702,1.4264762155108046,1.72411699872366,0.8098844489243947
2024-08-09,0.888537176077149,1.3055793169659322,1.4664932797491605,1.4038122277961518,1.6678101629786632,0.7930688234668511
2024-08-12,0.8672695553460378,1.2369189118049748,1.401852121608928,1.3656999164110473,1.613989377364498,0.7857795245332776
2024-08-13,0.8500205369118363,1.1805278032272777,1.3415921152493542,1.3497861745788398,1.567656768744083,0.7598393877564844
2024-08-14,0.8480723579145014,1.1974069086961303,1.314927590161631,1.353939869887449,1.5515245224255485,0.7501340576266586
2024-08-15,0.865525107480471,1.1582088827071895,1.287427141378458,1.3259311422618878,1.5231470702673486,0.7807143196725767
2024-08-16,0.8463265050910131,1.116226480439474,1.249503603839939,1.2911694903352213,1.4776321942285695,0.7545242182077012
2024-08-19,0.8327397260611739,1.0681115287093392,1.1946258799982021,1.258173735535474,1.4346908524575415,0.776479019177367
2024-08-20,0.830696605918795,1.149452083677082,1.2748354364531158,1.2635268302570644,1.4312544857035827,0.8392920248283848
2024-08-21,0.8159752050933358,1.098309097625078,1.2331734696109578,1.2378316387418797,1.3915256607419277,0.8401970421034134
2024-08-22,0.8007470549890311,1.1067946801413489,1.2392361575591828,1.218337980666139,1.368108335625776,0.8086748423309034
2024-08-23,0.7931329598684935,1.0561144300785343,1.18415117204574,1.1889696437906367,1.3318184581235948,0.7800058954289302
2024-08-26,0.7778678058090521,1.0114093715213068,1.1417986454924562,1.1608990357454507,1.3015271065825693,0.7548341085169742
2024-08-27,0.7741243701097987,1.0230388773260426,1.1548655971169823,1.1532181490564104,1.299528798199589,0.7314161576002478
2024-08-28,0.7711489036453091,0.9806510355640963,1.1110046382556809,1.1272944152500723,1.271646977233864,0.7296585895105729
2024-08-29,0.7595029908226124,1.0266034873377112,1.1879063760649555,1.1150934700235895,1.283526594065088,0.840554354404496
2024-08-30,0.8185915795910215,1.1334953023962784,1.2935898687966823,1.251017820594307,1.3685518778622472,0.8176022105774321
2024-09-02,0.8936621283326871,1.2392507189003423,1.3950624988670064,1.382038050449931,1.5704870340257397,0.7946866951610511
2024-09-03,0.8740092712363992,1.2258513662342803,1.3556901813117237,1.3834783702651625,1.5325060970153974,0.8013982015830776
2024-09-04,0.8653598686797438,1.167087124997719,1.2966693833441156,1.346097632315512,1.4871698548781287,0.7736291612637098
2024-09-05,0.8465740673676375,1.1187966786444619,1.2626885179543343,1.321195508709035,1.4429132995628469,0.7481012101270319
2024-09-06,0.8478943068799992,1.1466425811460537,1.3176175143993198,1.3451284351561197,1.4352087649226952,0.7873801873312745
2024-09-09,0.8751928649908101,1.1099647624655447,1.2738829374436664,1.3099629857466966,1.4184084648940418,0.9214447667104307
2024-09-10,0.854675363074112,1.0585359092810196,1.2186469149484072,1.2762689746473768,1.3938205393778593,0.8817629345018803
2024-09-11,0.8373183824031774,1.0135849461449737,1.1650890583144897,1.278789194702962,1.3677672190899524,1.0442633879710213
2024-09-12,0.8242847653554934,0.9783640598400932,1.122499336136319,1.2495050907821716,1.3437442485977247,0.9983227374808529
2024-09-13,0.8119780201805294,0.9885733404362747,1.1451813936531807,1.2414408047063523,1.314997690520671,0.9615916234075244
2024-09-18,0.801674477534537,0.9530870828681277,1.1027770318261794,1.2107528524338766,1.3103723071236755,0.9861471885577326
2024-09-19,0.8122752962725555,1.0042858575062703,1.2230501018861561,1.2011503247653053,1.2889946221615467,0.9423953130293883
2024-09-20,0.7974401248249486,0.9732402803685358,1.1755952999959154,1.1808397771413417,1.2616841710869877,0.9005484250253291
2024-09-23,0.7884236853847957,0.9350962710706436,1.1274182428928805,1.1556824247055195,1.2463930305193407,0.923630970150841
2024-09-24,1.3187353232350252,1.6292591997612185,1.6462708568651254,1.745190832345313,1.5362759081840476,1.6463768112143988
2024-09-25,1.3305998024304615,1.5603943662167943,1.5841509628560082,1.7326362356923803,1.4892887360324334,1.5841825966359302
2024-09-26,1.6562663144306624,2.008423969129965,1.9701876907268012,1.9841092014182955,1.7410879727441544,1.8599369553527159
2024-09-27,1.9452910445621883,2.5182773110387813,2.5244202730474505,3.0470821426803227,2.3883234785781,1.7854374354498912
2024-09-30,2.8075270477309755,4.015012227210829,4.2586677425541355,4.658717019616266,5.002097123718958,2.598586850286162
2024-10-08,3.612824965071283,5.262066005339028,5.774549460740756,7.899167870052315,9.731445733533384,2.6117118848995124
2024-10-09,3.952454069907715,5.342316886524654,5.945221676908231,8.169747541166627,8.746736071308096,3.573942517025128
2024-10-10,3.7110237727383426,4.782564943043571,5.325295626736004,7.692302452154911,7.999854062185025,3.482942918067177
2024-10-11,3.5673472127038286,4.523831458800311,5.026654607822042,7.370442674760514,7.498146459957409,3.270877430144438
2024-10-14,3.387746922729402,4.150531145460342,4.717755639716085,6.95313174006365,6.814014077935499,3.151291804467774
2024-10-15,3.2652621616153144,3.8163595279126086,4.275612162150156,6.588149694157732,6.19686965701496,3.010814978811732
2024-10-16,3.06617670486851,3.4154690411410944,3.8237394461068104,6.2025076521188085,5.6341027594337785,2.8190746309712513
2024-10-17,2.893257860991335,3.072262565388012,3.4231023560624827,5.806534062931364,5.0507120616304135,2.666252771478394
2024-10-18,2.918719576971972,3.178418545539053,3.5400475664411095,6.011756021403704,6.364750688814484,2.4803640827300657
2024-10-21,2.7391778355096315,2.892836085083975,3.269301442062119,5.631253563970877,5.774148081754846,2.3021901163792564
2024-10-22,2.5761844930981366,2.622065497886411,2.9395180651552013,5.273809000348202,5.198801796286723,2.1396800532575067
2024-10-23,2.4214823590969,2.364141448930236,2.643465191032803,4.941272259832768,4.665983589841912,1.9797075938020998
2024-10-24,2.2962965642516013,2.153159322153567,2.394000180897555,4.647285890191619,4.186620338239621,1.84181861991131
2024-10-25,2.1679194447308046,2.025526704428995,2.298255720103877,4.460131576469162,3.805549719010181,1.7076007344341286
2024-10-28,2.039634252545778,1.9062930934248818,2.2035021988767944,4.181855764142217,3.4258879267291276,1.6209443291162127
2024-10-29,1.9401472164531128,1.7831884321130493,2.08546495907698,3.9861825706501244,3.113580759714976,1.5984930498889902
2024-10-30,1.8456869782874117,1.62979205913787,1.9078338440351672,3.7535404469659683,2.8804735795524374,1.5129354757506954
2024-10-31,1.7393291455616628,1.5509041746735548,1.8581618372556266,3.5273441799335665,2.646228972055134,1.4133864709336545
2024-11-01,1.6407105571693608,1.4819190923659202,2.061193667204972,3.3616158918190755,2.6640823051978186,1.3445275787719877
2024-11-04,1.6073303711650888,1.5047900727798889,2.045999182786099,3.300781628485201,2.500108860823311,1.2878565721025388
2024-11-05,1.7029054488069326,1.8464636345636773,2.336764145592794,3.4526337417513853,2.8621852645368637,1.2792134146574732
2024-11-06,1.6115733584807754,1.68164537475048,2.120438545402391,3.258641174802295,2.591707653728544,1.2043262058362103
2024-11-07,1.7696400439731421,1.700005242016773,2.0511961318795455,3.2958447754005475,2.6518897713004113,1.3224322836937352
2024-11-08,1.6900834900041914,1.549889386714993,1.8670057699779754,3.120143133936797,2.4043741572367052,1.3277148858742984
2024-11-11,1.6074851129223782,1.57450715930405,1.9631129069700928,3.0976818925415595,2.880761550553905,1.2624455408571824
2024-11-12,1.5503259722676936,1.4868187300573135,1.851291232152107,2.9097213293752215,2.7253095351670744,1.1939610157108633
2024-11-13,1.4775252316764342,1.3633869695814285,1.6896901501797132,2.7600894316260707,2.506127039425986,1.1282972688624764
2024-11-14,1.4854401671391724,1.6750234433899427,1.9646078123969162,2.810933417284241,2.580400269467608,1.1513419494233625
2024-11-15,1.4997021901456944,1.8227311429852036,2.0041821518277767,2.9084591956329033,2.7873011523835474,1.0849547983296148
2024-11-18,1.426002008303104,1.7641533012773873,2.056522464303582,2.8242472973579202,2.616616316902008,1.1689934180522834
2024-11-19,1.3667449185288174,1.744317376857757,2.137483544706047,2.8347690096603273,2.6660882596143103,1.096922280893091
2024-11-20,1.299046863404299,1.6361684226659043,2.0973118505715878,2.669814891832287,2.4262577558497767,1.0369316703648959
2024-11-21,1.234809792792509,1.492883708701784,1.9041650916306243,2.5117109669495226,2.2389798079654297,0.9787990578191786
2024-11-22,1.4856819429715884,2.034488337003434,2.2512040653266703,2.678511456923911,2.588272580921569,1.317940504204905
2024-11-25,1.413774183502999,1.8449853919773676,2.0417571630962685,2.520031091672008,2.3878287407330254,1.2337079010274312
2024-11-26,1.3409434977506838,1.7000818289142272,1.9038661851487404,2.398359636554272,2.1833392492006274,1.1552375785577276
2024-11-27,1.3769402757604867,1.7358092512140424,1.9632181489457339,2.4321650056717736,2.4642408993079425,1.1464355437869875
2024-11-28,1.3277987366507085,1.6037608624141997,1.7938421887334266,2.3592693608432285,2.2391591323177207,1.087207693693566
2024-11-29,1.3061023264562919,1.5983448678367334,1.7762179409770247,2.3729830351361763,2.264431184350979,1.0465901342176627
2024-12-02,1.2662718086722204,1.5938170086902086,1.8178124331775793,2.282236823988757,2.096436833589183,1.0020909951346895
2024-12-03,1.205044554628046,1.4565677451849375,1.65870555671227,2.155929908069568,1.9516888818745979,1.0078309901959595
2024-12-04,1.157597534663809,1.377572119165399,1.6324077529864858,2.081168123341648,1.801652129036316,0.9530287269801975
2024-12-05,1.1061365260020066,1.2783324131218916,1.5889014200554854,1.9708175487018675,1.6661506743089802,0.9052457307113222
2024-12-06,1.1300089814345797,1.2951374355239902,1.5217174518605354,1.9816026214813205,1.6323681427809578,0.9809522609357859
2024-12-09,1.0796024099451071,1.211224545557225,1.4270756136417249,1.8906890266052583,1.5636228978282853,0.9291525327286231
2024-12-10,1.0576372746672495,1.1660816864433472,1.3771916879532178,1.8058658484161363,1.492381949611317,0.8820057778458403
2024-12-11,1.0137030899475699,1.1519377814360066,1.3937937438201502,1.7112458732721365,1.3991115719610074,0.857367433267181
2024-12-12,1.0194602202098055,1.136520350891431,1.3247708860310372,1.6856125783449991,1.328035776945605,0.8283340551153885
2024-12-13,1.194527477619797,1.264908590654191,1.4695391942081182,1.7824308083312097,1.4784841841383067,0.9978988979278602
2024-12-16,1.1504781196908356,1.2721020484301697,1.4353271126233065,1.7483834313684268,1.4859933303312662,0.9906511388758387
2024-12-17,1.1010968514121013,1.2511138982635048,1.561734474892006,1.6582570973491966,1.4192349285385297,0.9462406997129473
2024-12-18,1.0651575845284518,1.1915558593646949,1.478801750212661,1.5754161946178273,1.4661581391072576,0.9226818370503532
2024-12-19,1.0207409798050036,1.115026576322213,1.3692580946093806,1.5101523384825648,1.4606143228209743,0.9390966187479908
2024-12-20,0.9871089336284113,1.0511821418607805,1.343848812826957,1.4395510295612362,1.5638604365410764,0.9334586756746889
2024-12-23,0.9502402191043681,1.1722671968696896,1.6509088252214321,1.4056468541578462,1.523109349842719,0.8861391251757832
2024-12-24,0.9947011653321616,1.2048846588486066,1.5803130045628775,1.401299167871294,1.557786303063532,0.9306669657997386
2024-12-25,0.9563485538730974,1.1687390717756916,1.5126366636902502,1.34949573364506,1.4608902336364575,0.891711761497466
2024-12-26,0.9212578280046925,1.1346534583088437,1.4638751609086886,1.300131471865429,1.4282623031582966,0.864321962118315
2024-12-27,0.8899403334313517,1.0662480263866496,1.3564914088893092,1.248089564762946,1.370051387087253,0.8279198010270115
2024-12-30,0.8726760030783621,1.0034814377120842,1.269283542095473,1.2001130409099907,1.296175678589675,0.8923086854056014
2024-12-31,0.9637091550698629,1.4693627815800623,1.6789393893000295,1.4781595605369764,1.7029589570341312,0.8727060665392793
2025-01-02,1.2859236373240157,1.8681167166039765,1.8689318709269231,1.8938152330129703,2.0593252635070334,1.0880594975744904
2025-01-03,1.2696487110098658,1.8784778132806281,2.0569878120120375,1.8935269240297845,1.944397699597298,1.0584723986016193
2025-01-06,1.1999390269205188,1.673332001540471,1.8533905454426818,1.761628030955614,1.7774060802391942,1.0002935157551491
2025-01-07,1.1598938235015208,1.5669154007060149,1.7929024223245291,1.6687151872659827,2.016989604075806,0.9467953397149219
2025-01-08,1.1015294639182438,1.4195009646911565,1.6357071551778621,1.5949995668920223,1.8373347716505293,0.8982809446749983
2025-01-09,1.050942175259757,1.2909814276749048,1.4956244946669133,1.5007280540925307,1.6876084016848458,0.9999362487629424
2025-01-10,1.0706368291379953,1.340311535275061,1.6329821380274094,1.5318681387449062,1.6098111051942297,1.079558100023251
2025-01-13,1.0246673831384199,1.2296008209139677,1.4954544840865618,1.4537917852785502,1.4956510581383973,1.0458413710951104
2025-01-14,1.274255878815687,1.8424009881303907,2.312383702493751,2.170032099718377,1.8962597053269141,1.1762126868045433
2025-01-15,1.2137088254986546,1.670596015012496,2.081580779553249,2.1069607611889913,1.7388417907542781,1.095020677882747
2025-01-16,1.1497409631496671,1.5099419206103333,1.8835746010958707,1.9704600480989936,1.8012593866873357,1.062494752992536
2025-01-17,1.0974033106338512,1.4043571694713652,1.730499902015041,1.8540431092446932,1.711078046350435,1.0007542321419416
2025-01-20,1.056663350241853,1.2977720407909665,1.5986065213986267,1.8490041767041547,1.5831187024106783,0.9446334377802231
2025-01-21,1.0100154251809503,1.2025663579670347,1.4781244465211314,1.7283833432458706,1.5157802342544426,0.9193200255198042
2025-01-22,1.004791409489686,1.1262099281969549,1.3981855424065575,1.6235014221615385,1.4127876128673647,0.9396572634172051
2025-01-23,0.9651587508345794,1.0625314176121299,1.3014584924755284,1.526375206686047,1.3689238750352504,0.9586930163085625
2025-01-24,0.9609595677462972,1.115057081084538,1.4441801465310824,1.5273767430246288,1.3523498746399336,0.9321354577520654
2025-01-27,0.9308091999146859,1.1170439872411604,1.4583583454783748,1.7166940530853267,1.490010127597746,0.987022483414536
2025-02-05,0.9135516533478804,1.061912315824112,1.3698063908839366,1.6059566266717786,1.8396765883415513,1.1637991151462297
2025-02-06,0.96605317194329,1.4036565488301795,1.7006564158132416,1.817981621836069,2.0658660133910316,1.084602310759689
2025-02-07,1.0195070121332943,1.4334278088777983,1.677226535070821,1.9173624692353615,1.909414166021641,1.0416474828588744
2025-02-10,0.9804535410810653,1.3663790273864838,1.6178124564698726,1.7904166467299496,1.8980571560018935,0.978092590277618
2025-02-11,0.9502024720042755,1.259600016701538,1.4802290046487172,1.7352967908658377,1.7893995926796602,0.931271452202021
2025-02-12,0.96237264663423,1.2974023647808692,1.5063098256050615,1.7582255466691095,1.784254205208391,0.8812210568456665
2025-02-13,0.9306949989430852,1.216938843349545,1.4492569399306743,1.6581481312361073,1.8611186373321922,0.838093061588166
2025-02-14,0.939077139090311,1.1789529536457344,1.3607840857848579,1.6916808698633385,1.7231773654413556,0.8037889505471243
2025-02-17,0.9095580076820681,1.0951295908744463,1.2837425654199741,1.5958169852948847,1.7045673670706352,0.7861937449587206
2025-02-18,0.9152145750309418,1.249447282466032,1.4790200787523011,1.6397380226519735,1.8444333743480374,0.765963107387301
2025-02-19,0.9112556242591551,1.3548504094709921,1.6830319122919544,1.7157772749539277,1.947818057768538,0.7461837989562677
2025-02-20,0.8838032507124872,1.2447005365874133,1.5661265074427169,1.604689007656534,1.77818019087766,0.7277383666938498
2025-02-21,0.9437823729009585,1.342623859025572,1.6234178461333857,1.7624182958795693,2.926022231286945,0.7429501314513053
2025-02-24,0.9106880088381952,1.2283875407061597,1.486483009548475,1.6605072670319128,2.632218615977708,0.7206705081134677
2025-02-25,0.9395401553876062,1.2080688139216171,1.3741874061418466,1.5968471541162574,2.371593909769993,0.7396579442185395
2025-02-26,0.9452181362620187,1.2220361709134397,1.4014010577520564,1.573213513686747,2.3264309333091338,0.8429068349458744
2025-02-27,0.9147432833754146,1.1355606242694323,1.3006958277782419,1.487912881317097,2.1030249944378534,0.8923877489660519
2025-02-28,1.0602143004639046,1.537672219681024,1.8493220904278422,1.9141190196471012,2.519563600800684,0.8871625978370141
2025-03-03,1.0124908656669707,1.398783795357122,1.673936561201662,1.8444059009055866,2.3386512014637164,0.8442300580930641
2025-03-04,0.9702393352452622,1.3294041507257879,1.6274186542172315,1.7199256273814987,2.236546724472482,0.8062456630590076
2025-03-05,0.9446387486320967,1.2226175891788404,1.5125030677157358,1.6088229854963414,2.031624732449982,0.7913077235648566
2025-03-06,1.0094348380733025,1.319055069918665,1.6509381800555076,1.68298122182462,2.3403499191129926,0.7611203006301803
2025-03-07,0.9699379069960056,1.223032557620579,1.5109884653113839,1.6369832189385007,2.1638827918753476,0.7368643402593029
2025-03-10,0.9388053735857445,1.130274556509031,1.3909949338019583,1.5360529185484841,1.963611237573284,0.7220769203350415
2025-03-11,0.9116621874954273,1.08033593520311,1.3047223220930961,1.4505930499277437,1.7954367842383716,0.7368074338049019
2025-03-12,0.8865228347013901,1.01545934070504,1.2205277565857007,1.3832359154595717,1.667157731808015,0.7294439254998674
2025-03-13,0.8667872685240228,1.006881370582307,1.2868334686308642,1.3642518748453445,1.7345770762080504,0.7502413802119973
2025-03-14,1.1276391047115295,1.2011955768629021,1.3791233505107854,1.6527873498561108,1.7562378939467636,0.7729956260859129
2025-03-17,1.0729768515292943,1.1163459067661667,1.284166303796076,1.5587235199217717,1.6211723133333438,0.7561445245597126
2025-03-18,1.0279971738117193,1.061176246187638,1.2087657954731563,1.4881562765118117,1.5282043289652907,0.7339063241236228
2025-03-19,0.9844344530376272,1.0170708209325312,1.164463324893019,1.4070648289535794,1.4869449172386215,0.7143154246954235
2025-03-20,0.9789181815900129,1.0002119387143502,1.109504410232396,1.3718057161668824,1.4472765155977205,0.7029290204156526
2025-03-21,1.045717111251093,1.1091711925934717,1.3069953005266763,1.4895736081967808,1.56340807059037,0.7027414406030191
2025-03-24,1.011739487177457,1.0385686885954055,1.2433099452636083,1.4075607132813142,1.4614738755595043,0.7139784213932276
2025-03-25,0.9694931248149449,0.9907460767544788,1.1983651912277336,1.3377350379697341,1.456785660107316,0.7297435457936049
2025-03-26,0.9363979095862769,0.944937510881517,1.1413278118774393,1.2759667112673787,1.3648699135216242,0.71083084008804
2025-03-27,0.9100660387043571,0.9124566273048614,1.079905310110954,1.2274030978570243,1.377188279308639,0.6938302015771558
2025-03-28,0.8879872628937693,0.9206931389146955,1.090276065683475,1.2049700974135056,1.3533644918922614,0.7258804177409657
2025-03-31,0.8855605888316587,0.9690945663192493,1.065899581135086,1.2165446526807921,1.2966001667237992,0.7292872442777768
2025-04-01,0.8611034000064856,0.9339519445171752,1.0383124708449156,1.1768958078086067,1.2348535157571294,0.7429399647135587
2025-04-02,0.8398914136842913,0.9005511346624768,1.0033182757603911,1.1399866081414476,1.1786906811885698,0.7247443576726134
2025-04-03,0.8352331177896491,0.9247355027200265,1.057152535716187,1.2653052596613084,1.142687877427932,0.7004666559281321
2025-04-07,2.10236454042932,3.512422585002072,4.411787259240372,4.395922404864914,3.8790806563817637,2.365959970954687
2025-04-08,2.0306204567439954,3.209426623422679,3.994335465628677,4.098135595346347,3.535300873430261,2.3547943927006503
2025-04-09,1.931732094552531,3.020300666845749,3.7043734657387426,3.7673974152524914,3.614044666896563,2.167560223057747
2025-04-10,1.8568522510924508,2.8363791113854733,3.4610858158184947,3.5413803900859397,3.246049559076049,2.020952741807913
2025-04-11,1.754391421290827,2.597190971360728,3.168882477334649,3.2809606126965196,3.0221520798245614,1.86872530726399
2025-04-14,1.6568849317514167,2.3900994059646004,2.9110297491424615,3.015251104471439,2.702396428671583,1.7510691341875237
2025-04-15,1.565528027586477,2.1896663719971006,2.6416957819945033,2.7728781185274602,2.4390502798567253,1.6250767174962317
2025-04-16,1.484129163488095,2.024288823431789,2.445496155671928,2.583426403010539,2.226134581214444,1.510890952722683
2025-04-17,1.4063189271647338,1.8576977594486328,2.2246835238348526,2.3847464870145894,2.0157587489461752,1.4017334335635252
2025-04-18,1.334896321636251,1.7095014538574094,2.0284245666026504,2.208405688385149,1.855592855484049,1.3014640492294776
2025-04-21,1.2732154143472332,1.6666953513798306,2.024209428796774,2.1231593473103114,1.7615938335914816,1.2119459200703244
2025-04-22,1.2129423012712968,1.5429989387993799,1.8512025884725916,1.9899080252517123,1.6191579225989337,1.1384705476710493
2025-04-23,1.1582736958734658,1.4322130572890779,1.7166580235605093,1.8948637925425496,1.4999522888599712,1.0756958668676686
2025-04-24,1.1081155790836863,1.3429809432515158,1.6283517460193646,1.781378056447525,1.4368384991228564,1.0255979570807527
2025-04-25,1.062812339971165,1.2626899378128238,1.5113224133155523,1.6827516081577925,1.347301926634935,0.9656187054849062
2025-04-28,1.0218151218588973,1.195523529957018,1.452251704087239,1.5928789648192354,1.270738886274896,0.910745663253308
2025-04-29,0.9850447845380496,1.1261269146101986,1.3651336911243075,1.500269397825072,1.2100800216899779,0.8666467501318129
2025-04-30,0.9513636281129062,1.0803235147293506,1.31370017519414,1.4521596198548201,1.2195474400672912,0.8526488695633073
2025-05-06,0.964071797682985,1.2414306235422137,1.578615316380905,1.5387240853895336,1.3103004184756497,0.8158041546634953
2025-05-07,0.9489620604969302,1.166722046460237,1.4608660856755038,1.4631624467117796,1.2518451191877413,0.8115893076737468
2025-05-08,0.9328645122978434,1.1110777435723977,1.3924443210717943,1.503333750375218,1.1976290020227285,0.7749261362001534
2025-05-09,0.904877090041358,1.0960475926570161,1.3755820292755707,1.4511455313094823,1.3772856319781364,0.7630544399078405
2025-05-12,0.9377382667617938,1.1382621264885844,1.4033041855481312,1.6617132291661443,1.318086389677077,0.7414562635200023
2025-05-13,0.9098679321188922,1.0768072807053046,1.31102097056979,1.5615890814523274,1.2466017066313702,0.7517312870204493
2025-05-14,0.9470093379638771,1.0289951959150638,1.230734876971914,1.5186228169163196,1.204824344882698,0.7468271681889935
2025-05-15,0.947884718009335,1.1023348322753013,1.3130356789509687,1.571720711492041,1.2502855197308187,0.7320252812194689
2025-05-16,0.9255971110802739,1.0439841279575315,1.234433852099892,1.481699622357212,1.205950001433128,0.7294996335751677
2025-05-19,0.9008597888842341,0.9943918041836465,1.1776660142549642,1.4051630057090405,1.1555472323419784,0.7093542777195212
2025-05-20,0.8893412377115076,0.9675996921840367,1.1623875284068002,1.3669191376611067,1.1223111354115498,0.692670535848284
2025-05-21,0.8760267482562322,0.931134187029675,1.103023857866365,1.3357791698490826,1.088946592733516,0.7194797318945778
2025-05-22,0.8531336818532341,0.954180988940491,1.1187320605092244,1.3130131410224215,1.0727033884515595,0.6972960292488352
2025-05-23,0.859840549743655,0.9635373703742174,1.153396563545016,1.3080733369308861,1.114171339861722,0.7527513175919983
2025-05-26,0.8521352535026255,0.9322510847939389,1.1288016616630998,1.273476773778175,1.086774057000109,0.7573211481458801
2025-05-27,0.8436261224246969,0.9028866897689561,1.0780266983807316,1.2372794056301988,1.1164058739909095,0.7322454151909491
2025-05-28,0.8243102658404093,0.8764029483730306,1.036869901210183,1.192273198953661,1.0841788025184755,0.7141015611955805
2025-05-29,0.8246152358638464,1.0067849746960742,1.2118552926579267,1.2527625644599312,1.264707766932336,0.6923561372240721
2025-05-30,0.8164538154384215,1.00606318214243,1.2072023440878932,1.2449649623471837,1.2544811220543424,0.671742992818416
2025-06-03,0.8052311469398706,0.9751358645186785,1.1792428744477297,1.2126087539460888,1.2174397755047515,0.6649388228535187
2025-06-04,0.8004514975806306,0.9781616496367606,1.167755473700617,1.2343616338057073,1.1839234230771314,0.6540496923080705
2025-06-05,0.7890737031022849,0.9588466773866974,1.1413628642739668,1.2564242573849134,1.225918682558125,0.6671912659045534
2025-06-06,0.7758525297797834,0.921135800758306,1.0852124113715105,1.2147035181672294,1.182673510483533,0.6493090409064384
2025-06-09,0.7690625082695088,0.9327741374232069,1.1216768064625688,1.2350955536214347,1.1709233392900176,0.6374412113513185
2025-06-10,0.7692891608426357,0.9414613460794193,1.1185852304445139,1.2490730769842453,1.2619051034903515,0.624365002145663
2025-06-11,0.7881505683428863,0.9352404704671401,1.0791673365072194,1.2811691858423033,1.200900597124664,0.6217700299228982
2025-06-12,0.7748905918749903,0.901949707073573,1.0313928586833265,1.2316745993814702,1.153999100392519,0.6103950128690111
2025-06-13,0.7865277130172079,0.941267755192396,1.1125825756126135,1.2397924923291885,1.1262017678985545,0.6915875339259462
2025-06-16,0.7770775573480334,0.9249461213532317,1.0981827507482211,1.220365598505863,1.091677233825919,0.6753871437287468
2025-06-17,0.7652114694612691,0.8963111398480387,1.046367116946277,1.1800246345475534,1.1021402990060183,0.6565595451529903
2025-06-18,0.7556734218653802,0.8673911749912275,1.0024937142588832,1.1456041492743758,1.1015606300138001,0.6412367236647004
2025-06-19,0.7774605243422784,0.9395474899637041,1.0952374728672882,1.196032009670282,1.087318424090549,0.6643416595308693
2025-06-20,0.7660602473963685,0.929603803857212,1.0779482896094834,1.1803603549769892,1.0740993637136782,0.6496517185273778
2025-06-23,0.7605783827462393,0.9260075152064472,1.1562426135242783,1.1526280156166144,1.066637767719179,0.6400819748009843
2025-06-24,0.8234883554243522,1.0693298573927963,1.319858954682222,1.3778190697710604,1.2925079605929473,0.6353280908040955
2025-06-25,0.9032145862724164,1.183227866852004,1.3338247344920562,1.687488980211342,1.4253488668609242,0.6324581215752875
2025-06-26,0.8816620352462736,1.1227188780156256,1.2582639827832034,1.600950645930465,1.3503379991490432,0.6195750680917014
2025-06-27,0.8733217957164414,1.0751289296404658,1.1999795249299805,1.5193817613695442,1.2731752438690316,0.6338410489033103
2025-06-30,0.857460953547387,1.071421050621749,1.2367534093037857,1.513512809344103,1.37944731626909,0.6216368743995193
2025-07-01,0.9208619483007916,1.0827130745570495,1.253294079121218,1.406909371715942,1.398514319779106,0.8070133400315215
2025-07-02,0.9036190219506873,1.0819599740733785,1.2829275188166724,1.4148602840010989,1.4050545867656672,0.8289178429047661
2025-07-03,0.9149767450318032,1.0630532390644731,1.245902498757759,1.6083424078848603,1.3440919173644745,0.7999982039951441
2025-07-04,0.9077827017024408,1.033194134728087,1.2173252142721545,1.4569815942953495,1.2917831546353542,0.8015751446736352
2025-07-07,0.9046120888580796,1.015048675140474,1.1874444238247117,1.4555167221972896,1.2725780515320704,0.7980202923951775
2025-07-08,0.9332943521601119,1.139997718474056,1.2955210793433867,1.7657805219440155,1.3615601077931179,0.7780410925285178
2025-07-09,0.9130048482475408,1.0907571440735295,1.2338275689115106,1.542870025609037,1.344663253111434,0.7736530423072675
2025-07-10,0.9113382400150135,1.067485618679745,1.1969702453735398,1.4070245203573846,1.295409214571268,0.7951023432688352
2025-07-11,0.8984049476628083,1.0767530627367188,1.2298785163575332,1.3725815984835392,1.3896809829811252,0.8149204256101176
2025-07-14,0.8893180951692033,1.0393940385524367,1.1884298883693323,1.318628021699532,1.3280171783234083,0.8094784477792099
2025-07-15,0.8831420776526965,1.0160303864215863,1.1723269219984656,1.5092882740963096,1.2915682942589741,0.8834357783051452
2025-07-16,0.8836539539367486,1.0020704246547976,1.165188453243995,1.38825694527995,1.2540314685244056,0.8531489312885221
2025-07-17,0.9067645758055599,1.0911372245357924,1.2587084595940028,1.5474355043405474,1.2685620416405712,0.8177097998095988
2025-07-18,0.9160372152962489,1.0534321673850773,1.2084878534011867,1.4116975190319345,1.2378024368366674,0.8023574807689776
2025-07-21,0.9269779619538657,1.1068319983805874,1.2455482224862138,1.3831656042960003,1.2116017875033067,0.9045195198789673
2025-07-22,0.9464991783221788,1.1126376725720426,1.2072138171819806,1.334509389688176,1.2408303890944261,1.0447987942022718
2025-07-23,0.9204989291457533,1.0663247168779193,1.193004800827022,1.2781160720031028,1.229170782364929,0.9646541814409543
2025-07-24,0.9326314824310212,1.2194290044013383,1.3349454341611109,1.4301433098012017,1.2958692824304459,0.9116682465045629
2025-07-25,0.925547247791032,1.127531009559822,1.2488484996972253,1.3406594208305787,1.4993822518778994,0.8877909885495866
2025-07-28,0.9092415848640347,1.0810702211418777,1.2096417503045631,1.3612519426829455,1.412731554126954,0.9259227899699654
2025-07-29,0.905416911206281,1.062892117731217,1.211955908566052,1.5474581712745161,1.4673309229050855,0.8702135160213317
2025-07-30,0.8934524576691573,1.0650213075611255,1.2355871265467635,1.6068116628148752,1.445810330191777,0.8331721047146811
2025-07-31,1.058970630056144,1.1813284590847253,1.2443387479585837,1.6148751200890774,1.4165971641114419,1.007432683446756
2025-08-01,1.0097670989119178,1.1059854032833465,1.1995711565409761,1.4489835196236736,1.3997111735587116,0.9303786177088211
2025-08-04,0.9709234310017603,1.1052749333839693,1.2601427440113457,1.3681877907737345,1.4255387179397598,0.8905736952838862
2025-08-05,0.9730318255588789,1.0906012326773113,1.2424764199635532,1.3098235021686107,1.3659130978769431,0.926692598108895
2025-08-06,0.9419260932073668,1.1053535132455905,1.2866553109284544,1.3006604754659368,1.3318226997848146,0.9031522864549952
2025-08-07,0.9174884167793428,1.06397715039885,1.220842096752949,1.2987918798648552,1.2826776963103605,0.8564760221425366
2025-08-08,0.9041507405238739,1.0346092693314193,1.192900836750295,1.2666626007026618,1.344913518774953,0.8201206227025509
2025-08-11,0.9035710933260135,1.108143299467559,1.3619734838222337,1.546106613492232,1.318433026883943,0.8066339668883157
2025-08-12,0.9086299870588812,1.0709699658688572,1.2686164533314785,1.5056222792842915,1.4833796897509925,0.8101272520085772
2025-08-13,0.9324702028852899,1.186502740520756,1.3709336457052137,2.153936626666093,1.4317980991102608,0.8057380785295643
2025-08-14,0.9113210645259112,1.2145799143035363,1.3948005485194277,1.8834167659861738,1.3944284453806657,0.8529535272360167
2025-08-15,0.9255628137956663,1.4391132033723764,1.5852654355354143,2.038596111893231,1.4500434122672328,0.8216490578579041
2025-08-18,0.9518371584732405,1.4137456103506576,1.5722272960214538,2.135971285594215,1.6130783411641372,0.7969825890539557
2025-08-19,0.9308745567270389,1.2555634608442852,1.391386740848875,1.7894030199526805,1.5573087440690003,0.7777857539161511
2025-08-20,0.981400705625608,1.2365688974950824,1.339597638345786,1.5619898275734316,1.9381738621057454,0.8118336586653635
2025-08-21,0.9530643338767223,1.1476410930612697,1.2941254461239804,1.4304484591708873,1.762146143198463,0.8135645846658007
2025-08-22,1.1469158363261254,1.3083439709868974,1.407072568567981,2.0604157137269605,3.7178850458709545,0.7906781523799328
2025-08-25,1.2572970887915984,1.4169978006537358,1.4545152422953158,2.18200365824966,3.465693346921706,0.8176516487703782
2025-08-26,1.1394854647573418,1.2567221714887857,1.3200651933151089,1.8598349355845254,3.0691596820312066,0.7924264649027788
2025-08-27,1.1543606003780467,1.2991399223291904,1.491054901355322,1.6298495836374856,2.697517615994287,1.0014323857368037
2025-08-28,1.2031959605381284,1.4841820972125341,1.5196390116710852,2.3064794981643044,3.6953979067510967,0.92856464172039
2025-08-29,1.1239852016305267,1.3130281166264517,1.3611803160570068,2.1269746152267293,3.290497838133779,0.8725901071545735
2025-09-01,1.0596977712976798,1.2492635218906933,1.3204238437153373,2.0509848407227964,2.9232234154427688,0.8350416733569982
2025-09-02,1.022514566796187,1.4372827558912873,1.6730549739992195,2.1966810904457574,2.6959359355486234,0.8128788153139349
2025-09-03,0.9953296008422506,1.381042775080742,1.571833763367673,1.893972787832282,2.4588491702699513,0.840352195828645
2025-09-04,1.1702600436841784,1.5985476547784607,1.707204500154661,2.557686209240155,3.1884163914575785,0.8082323016988961
2025-09-05,1.277953927423826,1.9225230460194498,1.9958833722925502,3.7514010873803736,3.1099290812109666,0.7938565958413866
2025-09-08,1.1510864945226835,1.665196335212645,1.6979870395528625,2.959646609037004,2.740490134426545,0.825477173662286
2025-09-09,1.0822208897987082,1.4711353755356378,1.56254457261822,2.5556847702707963,2.5820194454092493,0.8027924084138078
2025-09-10,1.0141383503903882,1.2910526985024375,1.38645705403647,2.1664538422051565,2.3352304906501566,0.798714834921399
2025-09-11,1.2200555976615894,1.6353787971100342,1.6543353261035352,2.9722925608781687,2.9435347307762956,0.7919454396772801
2025-09-12,1.1210086692626324,1.4084514770499073,1.4456809041349024,2.4358736367114253,2.6151184090183657,0.7946692834728755
2025-09-15,1.0417781341445123,1.250720231001768,1.3151034079181783,2.117845920322226,2.3192954282560723,0.7845041768739892
2025-09-16,0.9863376211644055,1.1887829308375346,1.30523779168763,1.7962630551669663,2.1406730732817825,0.768539904369422
2025-09-17,0.9676778707978735,1.1764316916482978,1.2981673377611223,1.8013733210416933,1.9621275793192468,0.7629783308017464
2025-09-18,1.0036561147063066,1.1527981935881406,1.3163564656720188,1.7530273051271048,1.8063959285949402,0.978092910592981
2025-09-19,0.9588641512403572,1.0977812051963785,1.2542922053265986,1.5346384086502207,1.7214281001967888,0.9529774166815419
2025-09-22,0.9409159092346032,1.0985984542125107,1.2447414761462678,1.4225345921084231,2.0749414973892293,0.9151076512656424
2025-09-23,0.9168177574454666,1.082458921722568,1.2941383071999288,1.333453483699333,1.872816389385552,0.8725255777620325
2025-09-24,0.9602473590065419,1.3308959045100957,1.4549892653795036,1.6588033558682715,2.194604233530991,0.8365868742129069
2025-09-25,0.9509840330340589,1.2021870714716412,1.333847363599141,1.6277026640229362,2.030427450951934,0.8219211264253095
2025-09-26,0.9698612341736839,1.2514414871729735,1.399696709768973,1.9045136137520704,1.931749099329646,0.8010542081744806
2025-09-29,1.0580922366755066,1.3103454447111034,1.4360259814419722,2.106600514921981,1.8418900743330662,0.7918092797639938
2025-09-30,1.0072213316714973,1.2341996448130619,1.3794342152468515,1.7656844738562376,1.8138696151995086,0.7774395040075942
2025-10-09,1.0650532333459943,1.3632339847933217,1.3137266295949481,1.5934024915788554,2.0855224333163918,0.7885319406931363
2025-10-10,1.1963596660549658,1.4998885288465547,1.4117623691572314,2.6688329609431225,2.9637978359739106,0.8476518745664618
2025-10-13,1.0979404074669228,1.3158715100529228,1.279443837559505,2.188252701596484,2.7000023681904564,0.8213658196900473
2025-10-14,1.0931784278903869,1.589718430517738,1.4999030371382847,2.651661823556004,2.95770053824815,0.8833764975116094
2025-10-15,1.1267551987734439,1.495811814283774,1.5167931787112403,2.467367891309226,2.692337561307301,0.8482290953278177
2025-10-16,1.0396107231055536,1.3636811161882343,1.447850964110298,2.0068141985773935,2.426114350884861,0.8178215984749153
2025-10-17,1.2361000765734975,1.7631118141273567,1.865740045807199,2.3730293359998225,2.6447016434238924,0.8284163225800485
2025-10-20,1.1283860256599072,1.5325519213400884,1.62136526582948,2.19949547049811,2.3633748493115663,0.8371860617595223
2025-10-21,1.1540805192163313,1.4969915948987018,1.5540828370489532,2.3056248941741484,2.4116672678329723,0.8000595284558778
2025-10-22,1.0627751968518502,1.3578220572607909,1.3876637218581154,1.950446913845647,2.1598889720065877,0.7737331280656735
2025-10-23,0.996929254036321,1.2156777475360774,1.2630721440683839,1.6542778639861893,1.9512934508282125,0.8080705642286605
2025-10-24,1.023375022611474,1.3067327226738248,1.3773791506629534,2.267973740887684,2.515152891856333,0.8092509687661906
2025-10-27,1.0398610388372658,1.363421994804597,1.331577074294868,2.059822918429041,2.323644370726731,0.7977628461467475
2025-10-28,0.9928403718009898,1.2414920007415764,1.234598713604926,1.7313343460139505,2.112853937242482,0.7913064570789952
2025-10-29,1.0232690109117069,1.3913654884035378,1.2945340453100374,2.077935253475707,1.9735398754298996,0.7665647228914334
2025-10-30,1.0037452199230616,1.3606429551993888,1.321898552132873,1.9979444801768338,1.9449201941761582,0.7609891776922468
2025-10-31,1.0717778184207014,1.255882334454579,1.2313811614407264,2.011158297236373,2.162834682305877,0.7445406867948494
2025-11-03,1.0026774314610007,1.1447517472173774,1.1820148940907658,1.7041643252726744,1.9882404841439532,0.8004460828644946
2025-11-04,0.9847028092049263,1.2947282732500716,1.30715357707951,1.785742822623468,1.8435934856426037,0.7846953094420577
2025-11-05,0.940918634412541,1.1757482066355298,1.229946285622029,1.6367747621684796,1.689639140842395,0.7767790532734847
2025-11-06,1.0243414910897701,1.2824016658423343,1.2800722512286118,1.6889937418251542,2.07494122582356,0.7693571489088462
2025-11-07,0.972614215085551,1.1693457355160979,1.200245020325959,1.5146371979826905,1.973699753898214,0.7520575095321865
2025-11-10,0.9376035442783921,1.0910181004552175,1.1564532733099626,1.4447684802363692,1.8054532123927676,0.7840797726624306
2025-11-11,0.9592505159296352,1.0848423985464155,1.133469463230362,1.4919962765941293,1.7463275609973699,0.7644488054790333
2025-11-12,0.9231383294731266,1.073410693837691,1.1595585475907164,1.3703756567343963,1.6197798821943388,0.7475235655137625
2025-11-13,0.9823388882967459,1.2162139232214695,1.3007190365714272,1.7919291630985246,1.6187156802715341,0.7416535695266324
2025-11-14,1.0785794223187595,1.3293605492277032,1.3358197473379834,2.124502206145831,1.8617071766389182,0.7579952986973817
2025-11-17,1.0262865552942069,1.193804350145718,1.238981572669938,1.770009328039774,1.7103057383151288,0.7603937098279582
2025-11-18,0.9918318295331665,1.2155364542058305,1.2637257825338681,1.6390417973230786,1.5820966691587426,0.8848702506523828
2025-11-19,0.9547590187430138,1.1312038465388219,1.2420679958014247,1.4582913800521637,1.5203633265044165,0.8373522714797969
2025-11-20,0.9356854813890071,1.1267769163663868,1.207895434202604,1.4540727400253635,1.500971504284876,0.8031330940563127
2025-11-21,1.2197846142444981,1.8221272154655368,2.065345385381096,2.3643283035210385,1.8958160866333518,0.9939336871054566
2025-11-24,1.1030181673070736,1.573828191450062,1.8252230097072804,1.9470230199781633,1.7696523566467244,0.931823683068683
2025-11-25,1.0670297791500811,1.455289950681599,1.649197849628757,1.8560991954867938,1.6351717842638787,0.8881723011613786
2025-11-26,1.0139117315862363,1.2801832485326767,1.4299388432749605,1.8750391677047737,1.570157988052044,0.8494203462117585
2025-11-27,0.9591276731777114,1.1649543871944534,1.2902593793962074,1.6279280443473407,1.467838648681216,0.8113883448719569
2025-11-28,0.9251799804619382,1.1871720238463488,1.2959008350524663,1.4848345919163963,1.4766858423928304,0.7820971219526168
2025-12-01,0.9690291535160682,1.1718145243875744,1.2446710548897493,1.4868779012024171,1.4187860003533,0.8155189114566138
2025-12-02,0.9439743666046999,1.1568999561276125,1.2697352877037826,1.4093629866673025,1.4291983335784468,0.7848404539231965
2025-12-03,0.9281850789673052,1.113473114780705,1.255405242068516,1.4173051380151838,1.3909725847477579,0.7641863176883409
2025-12-04,0.9080529571922117,1.055992986708464,1.1822205761805589,1.4101078347711902,1.437533628952538,0.7571781629927162
2025-12-05,0.9287467558150817,1.1332162979069684,1.2840507957414766,1.4539529288067996,1.3556300434247268,0.7427004736459092
2025-12-08,0.9391282114873719,1.1467463669650417,1.2910625619565381,1.8159433910498668,1.5026866240796288,0.7547402924115613
2025-12-09,0.9257198378398386,1.1209626359808424,1.2382773250448496,1.5807529253807133,1.412201706620322,0.803830785355218
2025-12-10,0.9010042392515162,1.0756173753406515,1.185420515566332,1.415448691082846,1.3354140741757299,0.7762976745942103
2025-12-11,0.9304859742643588,1.1225252217724708,1.2953192448073592,1.4891941145603371,1.414980734380189,0.8083286895428181
2025-12-12,0.9265563862351637,1.1780448271259234,1.2682306531852565,1.446564025263917,1.5243675187910122,0.7803158907993246
2025-12-15,0.9260845196356849,1.1492510863049985,1.2582135407657518,1.6085523772648382,1.6860047579039792,0.78481469163296
2025-12-16,0.9856269823784672,1.2725528184698334,1.4270414514659497,1.7456665351900764,1.7299896555898673,0.8075179526383995
2025-12-17,1.119864056120936,1.4236437517188425,1.4737080697641312,2.2796482194855106,1.8970731428275058,0.7853070623926803
2025-12-18,1.0527349095555925,1.2819801320557214,1.323866852885647,2.202044729313752,1.8301290580355463,0.815333964794597
2025-12-19,0.9914594055916645,1.2304253833193188,1.276528152423845,1.8433804110379548,1.6780957938934942,0.7866795663835259
2025-12-22,0.9934868718929117,1.2307499953770624,1.2859712825219136,1.9105275915532378,1.7627336879852393,0.7784245339434787
2025-12-23,0.9467352625020244,1.1281981402430534,1.2070565565085054,1.6325396845046503,1.6257205583676133,0.7570992115397455
2025-12-24,0.9180504767481604,1.1941727105787536,1.3553173930292362,1.4901319283093304,1.5541410108450429,0.7471457429999554
2025-12-25,0.8962458875392372,1.1490098688887989,1.3104871725278542,1.363869893841718,1.4518394681546825,0.7409311559843152
2025-12-26,0.885872546493165,1.1054376778301531,1.2229876903222388,1.283286205844555,1.3694956132642728,0.7520843107030175
2025-12-29,0.8836716094199242,1.0618473435622209,1.1656399455205002,1.279639380171452,1.3018116781855018,0.7414263250914124
2025-12-30,0.8758360861447809,1.0305934190565733,1.1291809279517104,1.2717791809144408,1.317550644221392,0.730534412822199
2025-12-31,0.8813547308558676,0.9998179687947352,1.1081070733759388,1.378672556692291,1.3420645920531447,0.7236579156357653
2026-01-05,1.0906694397082308,1.4161741163782655,1.4257239801926294,1.8891800822068938,2.211500829193618,0.6929513205791855
2026-01-06,1.120102269879502,1.5347079690392957,1.4281406279523512,1.6549794173935086,2.140632817024323,0.8214056599942178
2026-01-07,1.005558053220727,1.381918718684295,1.3055058267119455,1.4777197501119435,1.9820008247107002,0.7727178403303329
2026-01-08,0.9792551328972615,1.241001588707449,1.2603743734115826,1.421571498922174,1.8375080445722292,0.7472744948063608
2026-01-09,0.9311360452395046,1.417948334750967,1.4721473179152775,1.3728614076575254,1.7864890013384738,0.732108589238623
2026-01-12,0.9191696548998246,1.6000248393565575,1.812637160671165,1.5416903745030832,1.924865581491154,0.7220518505511787
2026-01-13,0.9129505488831761,1.4996486590996803,1.7774623268986327,1.7162308393941783,2.0834054688854917,0.7136363762095026
2026-01-14,0.8939459289626186,1.3867733296128455,1.5535731633287073,1.5682883102764151,2.0842754327896453,0.7439904096184227
2026-01-15,0.8737134405509572,1.2418687557280312,1.3748816138371525,1.4359037132236052,1.8977600927807114,0.7210372192181611
2026-01-16,0.8742510228699286,1.1407213237741662,1.253867509037152,1.3379057396549237,1.822844663592627,0.7721694353700521
2026-01-19,0.8608205084730821,1.1039267526775292,1.1877884916470107,1.317905601838967,1.6807659625871787,0.8043944659642318
2026-01-20,0.8626840454954436,1.069079296851764,1.227750431918139,1.526396167969629,1.676658220054746,0.9111175768641337
2026-01-21,0.8549634095196038,1.119711324940825,1.2133553044250627,1.415632377072762,2.12396564888076,0.8666702982563425
2026-01-22,0.8505110897337014,1.080432281594793,1.194087566216822,1.3950884156774115,1.9321671515451384,0.8529190757838621
2026-01-23,0.8645809063730997,1.4324764532273557,1.4299497517046522,1.3325948197403228,1.793882573470802,0.7959184530989737
2026-01-26,0.8560473026423522,1.341996247057003,1.419163618832542,1.3502037587794213,1.7311103940052832,0.7957955297063023
2026-01-27,0.8512495502030188,1.2252602329659104,1.2848899717525988,1.3220760111909442,1.7149421456716167,0.817446866461095
2026-01-28,0.8529369343260065,1.1541514645399011,1.1977951468150352,1.2974192344075626,1.5819996980389903,0.9735408961814561
2026-01-29,0.8894668931003559,1.1591103823577025,1.2014038821799824,1.2778145525017606,1.912269407160254,1.0001720401081535
2026-01-30,0.9430950830293503,1.3101863515676067,1.2190740954981654,1.3721605404984258,1.7468806149500078,0.9758051537004018
2026-02-02,1.1803820984157622,2.055367075089952,1.9257962138968585,1.778328638872603,2.242547834289669,1.46487199926742
2026-02-03,1.116288785828649,2.157048300145875,2.1160432821477233,1.8068626228667535,2.1040074613648003,1.2914322821520376
2026-02-04,1.036505352500198,1.8076657964582823,1.7612087229738134,1.5930058894839485,1.963740290923578,1.5093234493178473
2026-02-05,0.9765456759288439,1.73380983997696,1.7018418884966509,1.6189129515019862,1.8784512613949507,1.3017439704706046
2026-02-06,0.9403610276638624,1.4917155005578286,1.4737712395104117,1.4889527242283949,1.7393686138657765,1.1342598870518503
2026-02-09,1.0652310761139447,1.5565612229776458,1.6667253560181303,1.972584464501151,1.90881611516659,1.035697797961857
2026-02-10,0.9672257300097826,1.3631688025776132,1.4483941654614993,1.7045849825570565,1.786068480201745,0.9398499384528807
2026-02-11,0.9154214754083182,1.2274765205272935,1.3027960723435974,1.596150837659363,1.698103338694444,0.8995240892676055
2026-02-12,0.8836234552910327,1.2265116442842459,1.272938341757382,1.5685876501426674,1.7329937728349627,0.8364419852949406
2026-02-13,0.9782721641622705,1.2937588000677425,1.3399723700020496,1.624275184885347,1.6205729663486468,0.9503616062484542
2026-02-24,0.9849103830953223,1.2617727463841313,1.3387201408188365,1.5312406699777796,1.5092408327003644,1.0430584898203088
2026-02-25,0.9436766385939809,1.3268881610996102,1.4011826788714976,1.5321541830057082,1.432517815953206,0.9572317360701864
2026-02-26,0.9015771064897513,1.206180732577357,1.310093402348077,1.405396428565513,1.3988944939875725,0.8766214059730671
2026-02-27,0.8848372169236267,1.2145030574444904,1.2629326022494058,1.4086542394832813,1.3259212634049842,0.8985932364266178
2026-03-02,0.8761537268457898,1.121564705553526,1.2689282199137155,1.335341717700828,1.4094154449008767,0.974068708545839
2026-03-03,1.0267891397906608,2.116350122017494,2.1524023600145537,1.7772241097293136,2.4944804382693793,0.9338622718400479
2026-03-04,1.0304409189267194,1.7850419613404187,1.8026970366972919,1.6831361788858192,2.245032776546645,1.0438169411982523
2026-03-05,1.0082389667329652,1.5568429923890588,1.5981855385198371,1.694813896871837,2.1481715580924585,0.9353318616027768
2026-03-06,0.938408295041324,1.3841307515273513,1.4604156129463217,1.5053513490038397,1.9636213754556657,0.8581978685268908
2026-03-09,0.9624392767598369,1.308369635066181,1.3358248277879636,1.4158516339213048,1.9110365848356428,0.7994353196508401
2026-03-10,1.016211043823357,1.3511960734983828,1.4680749411604375,1.9626432227251172,1.960182637591698,0.8055215380414154
2026-03-11,0.9633800583164178,1.2172955575971185,1.3145866143164269,1.7690109861311976,1.8658448839804755,0.9428006938986886
2026-03-12,0.919545986295142,1.1471462576679967,1.2246772810164195,1.6277471367865228,1.7768880806838199,0.9753515291440453
2026-03-13,0.8971172733657707,1.2376719109317633,1.3376191641500534,1.4590008059917374,1.6572055502161345,0.8940432550491199
2026-03-16,0.8730364838593866,1.173766251329722,1.228719372918896,1.5009974511898385,1.5738797248604572,0.8641259463070414
2026-03-17,0.9009510045263668,1.402022894125692,1.5786780780745977,1.788156730334755,1.7151732356739813,0.8475588572136274
2026-03-18,0.8888314317604471,1.31648951738795,1.4575820133039288,1.8509409153539151,1.6805092231147782,0.8202818507459356
2026-03-19,1.0468936751450177,1.6545011500274027,1.690576858876047,1.7087982551463858,1.835943845742443,0.8004684606058315
2026-03-20,0.9649143248038917,1.5670590032248572,1.6278137632711231,1.6331244475412072,1.7920729674760012,0.7752757522617648
2026-03-23,1.4839518975662893,2.2087342104507113,2.605462528656133,2.252782820304318,2.3970378465274846,1.2023727756665545
2026-03-24,1.3065038793590478,2.0405498865487273,2.4359652229194952,1.90219575490319,2.3574828289223606,1.2086893055599395
2026-03-25,1.214281082346832,1.950285583807029,2.1700128608578004,1.8879410246914583,2.264353013479978,1.0635605399139665
2026-03-26,1.1603711955239093,1.7910166641608527,1.9251003006487277,1.7724617688191504,2.195250232663535,0.9497905842611503
2026-03-27,1.0413261223791312,1.6161444923293902,1.7470632576712561,1.5896807956798906,2.021475274683697,0.8702413043673951
2026-03-30,0.957644189159555,1.4075261415936395,1.5057060000864255,1.4749178747654268,1.866216782417623,0.881925756318335
2026-03-31,0.9676060193930889,1.462700027368006,1.6024082447025183,1.8809157783948076,2.0001677493297763,0.923967046811242
2026-04-01,1.1029313827040372,1.4831399169174244,1.6505135255922139,1.8727869067627505,2.2783249918895137,0.8647149480906109
2026-04-02,1.0599657332734358,1.5393422494341167,1.6694889623396578,1.9654593346611389,2.3280279613806325,0.8119270141371392
2026-04-03,1.0128147029572057,1.4058570361554943,1.5284367697091568,1.7366715408972664,2.1093621691372317,0.9950200868248364
2026-04-07,0.9372238622237803,1.2711064907193177,1.4186067426736704,1.5558006811977092,2.0067546860707317,0.925721212269378
2026-04-08,1.5494502332731617,2.4259718389566483,2.5182562969037168,3.066376548767235,3.102070423469191,0.90723665887701
2026-04-09,1.286513030634725,1.966778736659761,1.9748479834527108,2.5180705197453355,2.7658934093252685,0.8847596059995578
2026-04-10,1.2327485011684887,1.6719302373368088,1.6785689129853902,2.7168566726565064,2.5505421718152075,0.8258965240415547
2026-04-13,1.0689582757406824,1.4301511150927506,1.444758826588245,2.2620365817398467,2.314351912701294,0.7784625529086733
2026-04-14,1.0599979444190215,1.4253914830548577,1.4758850861022315,2.191562718910437,2.272277505402439,0.7501135026473424
2026-04-15,0.9724371382662034,1.2924448024397897,1.3419112606455819,1.9506834239599304,2.055978223280646,0.7391427427798976
2026-04-16,0.9967291278319017,1.3850425572162537,1.447292145174603,2.2316130460502195,1.9335263171790515,0.7241519792276432
2026-04-17,0.9302825461254799,1.2551106258740383,1.3673864611582687,1.9934938660743773,1.7740217088872303,0.7518869048050849
2026-04-20,0.9177806312913471,1.2249824917269385,1.2893616806323787,1.722876278689877,1.820371837309542,0.7284727417326117
2026-04-21,0.8878596603100746,1.1489701038070377,1.2186197771853784,1.5443644754875567,1.7959198373001855,0.7906560103379064
2026-04-22,0.9004959644033914,1.223396445197028,1.3882120116562506,1.6237206585719208,1.8026059093706224,0.7531379999359482
2026-04-23,0.8810305405780641,1.2194785915324022,1.440879292360286,1.531432238528733,1.7356124279680099,0.7545627552462235
2026-04-24,0.8743094812097654,1.16969748355619,1.341759529977273,1.5593054482584525,1.721097712837677,0.7283483261418163
2026-04-27,0.8610414101443177,1.1387891864120332,1.2609401478477478,1.452005743450136,2.215677470276271,0.7135742234060161
2026-04-28,0.8596177931768999,1.2029562848946977,1.364951901462185,1.5173574152449483,2.0676675514056884,0.8288805894815783
2026-04-29,0.9406806681460688,1.3367647289850855,1.426132237852263,1.8171693916561913,1.8899936987443968,0.8635167816124003
2026-04-30,0.8972801131538815,1.2130450792017329,1.3083840232015786,1.608932802643336,2.729040455061488,0.814290451393652
2026-05-06,1.0190752011925825,1.6706244542084676,1.6337389972780672,1.9287618251315617,3.3045551070100285,0.7791964515812623
2026-05-07,0.9563033901940579,1.5281236340451607,1.5983444603402759,1.7988510766760328,2.9841013748331666,0.9654569968163921
2026-05-08,0.9304582676195549,1.3354197481105863,1.396026805754372,1.6556373455141886,2.803338576718368,0.8868595610420489
2026-05-11,1.0711748812480035,1.40520297373396,1.4414445975469719,2.193730124375362,3.1290209724855775,0.8300569649851011
2026-05-12,0.9711378316791789,1.2847595111424155,1.3257150251088425,1.8626229101576017,2.787056938763068,0.7827759504363241
2026-05-13,0.984838006389459,1.3410407096131949,1.4277630498264793,2.026703910691365,2.721416100820063,0.7664553646331597
2026-05-14,1.1053667138181462,1.7151132108808,1.6050818744964372,2.0209376218617905,2.6287667689986227,0.815347751750033
2026-05-15,1.0709011412600262,1.612447699542353,1.4854521471698054,1.7611705059246257,2.4455242425705217,0.7749430436458757
2026-05-18,0.9900473773820654,1.392555766604075,1.341217128984607,1.5744032271466193,2.226445600193145,0.760932411615186
2026-05-19,0.9355183184667081,1.2990505613247083,1.3313777079500047,1.4434922215007726,2.544432893043665,0.7352669825765022
2026-05-20,0.8942727178616782,1.1964541657807473,1.2403010645054449,1.3645523392226622,2.636296904794754,0.7245150848566018
2026-05-21,1.0086928014525567,1.6396824508414827,2.0036864909058454,1.705703185964781,2.7750686333535604,0.9260747560860614
2026-05-22,1.0462169330503996,1.61338201647729,1.9297733394110883,2.0100669965077906,2.553807025966658,0.8520276553875515
2026-05-25,1.113574869302949,1.5282881954286085,1.684142090965763,1.975053738026942,3.3062620765589896,0.8209944288141642
2026-05-26,1.0135128960106965,1.355498964195132,1.5672022966545842,1.7255224838673837,2.984786164532117,0.7757199571404592
2026-05-27,0.9823788902046208,1.3866102556683493,1.571597072745257,1.5406968481498293,2.878833947389286,0.8162510268649034
2026-05-28,0.9210954960540122,1.2528306182455284,1.4656610858651458,1.6760818716631596,2.6475366639539986,0.7754227854260219
2026-05-29,0.9014252879538613,1.557626104432453,1.8268852313585853,1.8059235999539327,3.1006902738089637,0.8750684536861494
2026-06-01,0.9453661897258079,1.4304741625346147,1.5649544821009724,1.8812471241283282,3.407124577765062,1.3067850997430872
2026-06-02,1.0418431891111446,1.2930570571208198,1.3888399554047715,2.0494604704064128,3.0872412491979726,1.144295156844631
2026-06-03,0.9699531086169859,1.2022971164052823,1.2979973638639046,1.9109967121523692,2.878908267294666,1.0133748851925901
2026-06-04,0.9473723602385593,1.1303389021347952,1.2249711829582843,1.7133627981534587,2.58478194834283,0.928877990746679
2026-06-05,1.1114320677717864,1.2216474702233582,1.2666940979447432,2.135020658351722,2.8101489568475095,0.8529799571325604
2026-06-08,1.2629470845689512,1.9027973608669277,1.9051787100601922,2.493575874493538,3.041006739442734,0.8641916749814473
2026-06-09,1.2796461062812103,1.9488283927046608,2.1078957151765563,2.758179567117602,3.1840020729213308,0.8056823994034479
2026-06-10,1.1676568829166754,1.724570447751009,1.8402390700077054,2.5987788692635356,2.8362639678055133,0.8108640862182319
2026-06-11,1.0468775484252444,1.474626005362103,1.5500729152404267,2.2131924501985,2.5447919046929486,0.7804336002644199
2026-06-12,1.0450553865998897,1.3509478394023005,1.3846139813263851,1.8890568718523726,2.284541399976953,0.9473727748144128
2026-06-15,1.29011180144599,2.007112009523088,2.2248208229699946,2.9406188800838056,2.926402228910528,0.9541662875244865
2026-06-16,1.103083329339385,1.736705941837012,1.8925146897016085,2.5166472207229793,2.621018489374632,1.0909066070167357
2026-06-17,1.0489182197822422,1.5893868751831934,1.59421491922239,2.2061986870845307,3.022005749973395,1.0526658026191347
2026-06-18,0.9605885233573249,1.393200466844716,1.431415501910622,2.087866980722226,3.115837108551668,1.2513986092516696
2026-06-22,1.2542615623936544,1.577483008583396,1.3879966326899689,2.121121832260956,2.8865325662073866,1.1764639382344815
2026-06-23,1.4780865770800533,1.6283639279054059,1.6204850685957475,2.5474176422920407,2.654041901096277,1.0601958947272085
2026-06-24,1.231539096299027,1.5891818142690208,1.5357899150459704,2.2125621254054506,2.8361776989775462,1.1057342158051227
2026-06-25,1.2058218104903398,1.449301632314788,1.363512096919571,2.276698416417551,2.98465425466916,1.0848442795480213
2026-06-26,1.521537108374436,1.719034928452912,1.7477785330493163,2.7009381064806957,2.730790459319616,1.2710874814090127
2026-06-29,1.3214944430655284,1.5666088612584181,1.4781539112838575,2.2383936997737135,3.0726375187162223,1.1459808439000498
2026-06-30,1.1849444811709509,1.701398825234284,1.7581644797995464,2.3340425287034012,3.1549921248602515,1.2531233712945973
2026-07-01,1.1080270078985937,1.5022457603669837,1.543380569767963,2.1914375892777884,3.0944601143367865,1.3067688397627433
2026-07-02,1.4853039003863167,2.0431702628956985,1.9062597279607696,3.211138123652832,4.150113959934047,1.1967833486391473
2026-07-03,1.2742916044261963,1.7495286499335032,1.5992636948926349,2.649575535156361,3.712932268623,1.1311543303814358
2026-07-06,1.11814173416781,1.5949063904892222,1.629472016120473,2.378331489697393,3.3539303287046582,1.291013830065649
2026-07-07,1.086600815067907,1.580445725857986,1.7074268406561988,2.0858303865391092,3.014624350762069,1.258734716635982
2026-07-08,1.040137742771983,1.5301457136605683,1.7929965833715036,1.9914123853512091,2.7337305943940082,1.1248146296731665
2026-07-09,1.326540090706935,1.8555482870182893,1.8352606811767886,2.635515709804616,4.19823809488984,1.1052404197021133
2026-07-10,1.3487932102882596,1.753526685133409,1.6644672129125964,2.960397892792034,4.390825172682176,0.9922671804271339
2026-07-13,1.3491714664141699,2.3433104750797167,2.7015156295458103,2.8506621050610095,4.139397539189253,0.9094350170396043
2026-07-14,1.3924279154716803,2.0623203876337093,2.2436620995022607,2.8032144819288383,3.7156302438394864,1.1800901894998945
2026-07-15,1.1986819241744193,1.8669526969598098,1.9145507531094026,2.4098978464878233,3.742487110493274,1.1671680092388086
2026-07-16,1.267962231193534,1.8874624223625271,1.9370424452325063,2.462772550879448,3.706096298820151,1.1143200515824225
2026-07-17,1.739451109323775,2.8041874985217405,3.1903671484623124,3.8516557887564637,4.362880453655894,1.0294083029755896
2026-07-20,1.5256304273510153,2.3742481540223905,2.718529867400675,3.1354700751775915,3.8980287367690116,1.5651421725259826
2026-07-21,1.70500423432466,2.890538675186935,2.841032316407989,4.051733267991124,5.561697428688679,1.4132840389829975
2026-07-22,1.419997169832933,2.378204504623799,2.284550208441821,3.5868437146873373,5.046230090501687,1.3101363035411688
2026-07-23,1.2175117345222497,1.9855144357819718,1.8423202420353506,2.9329852469392907,4.739448943218044,1.207489249807568
2026-07-24,1.2429895309949204,2.011327045239689,2.0173299302340575,2.7255646432518925,4.22626177641566,1.2807534280096202
2026-07-27,1.1656147662725842,1.9761618405924501,2.2444731665742363,2.6629921179134017,3.8057643806068353,1.1470717405614568
2026-07-28,1.4671459102451483,2.240769239768668,2.227591916623869,3.981782513467285,4.256950855803247,1.0196109066578107
2026-07-29,1.2652267681361353,1.925184708598571,1.847370521736268,3.291748806105289,3.814105677396545,1.1002295747850284
2026-07-30,1.1830444478127224,2.0299238011536245,2.0115044164891307,3.2494729182253956,4.036939169574628,1.0694067316358964
2026-07-31,1.0970933048802343,1.9931635513881345,2.0174386939917675,2.982522564657124,3.8215460494212405,0.9620047688932624
2026-08-03,1.0657865772881145,1.7586515786309085,1.6655051177850375,2.5431254009402338,3.993585835462991,0.8882808370497841
2026-08-04,1.0793670412553649,1.8487247959516482,1.9237602999595584,3.2831234027524685,3.9526963126637087,1.0287062103771956
