,hs300,zz500,zz1000,cyb,kc50,hongli
2013-01-04,-0.013630044811411843,0.06781549907752397,0.09950656092771493,0.10417902904994852,,-0.006977592735461886
2013-01-07,-0.013630044811411843,0.06781549907752397,0.09950656092771493,0.10417902904994852,,-0.006977592735461886
2013-01-08,-0.013630044811411843,0.06781549907752397,0.09950656092771493,0.10417902904994852,,-0.006977592735461886
2013-01-09,-0.013630044811411843,0.06781549907752397,0.09950656092771493,0.10417902904994852,,-0.006977592735461886
2013-01-10,-0.013630044811411843,0.06781549907752397,0.09950656092771493,0.10417902904994852,,-0.006977592735461886
2013-01-11,-0.013630044811411843,0.06781549907752397,0.09950656092771493,0.10417902904994852,,-0.006977592735461886
2013-01-14,-0.013630044811411843,0.06781549907752397,0.09950656092771493,0.10417902904994852,,-0.006977592735461886
2013-01-15,-0.013630044811411843,0.06781549907752397,0.09950656092771493,0.10417902904994852,,-0.006977592735461886
2013-01-16,-0.013630044811411843,0.06781549907752397,0.09950656092771493,0.10417902904994852,,-0.006977592735461886
2013-01-17,-0.013630044811411843,0.06781549907752397,0.09950656092771493,0.10417902904994852,,-0.006977592735461886
2013-01-18,-0.013630044811411843,0.06781549907752397,0.09950656092771493,0.10417902904994852,,-0.006977592735461886
2013-01-21,-0.013630044811411843,0.06781549907752397,0.09950656092771493,0.10417902904994852,,-0.006977592735461886
2013-01-22,-0.013630044811411843,0.06781549907752397,0.09950656092771493,0.10417902904994852,,-0.006977592735461886
2013-01-23,-0.013630044811411843,0.06781549907752397,0.09950656092771493,0.10417902904994852,,-0.006977592735461886
2013-01-24,-0.013630044811411843,0.06781549907752397,0.09950656092771493,0.10417902904994852,,-0.006977592735461886
2013-01-25,-0.013630044811411843,0.06781549907752397,0.09950656092771493,0.10417902904994852,,-0.006977592735461886
2013-01-28,-0.013630044811411843,0.06781549907752397,0.09950656092771493,0.10417902904994852,,-0.006977592735461886
2013-01-29,-0.013630044811411843,0.06781549907752397,0.09950656092771493,0.10417902904994852,,-0.006977592735461886
2013-01-30,-0.013630044811411843,0.06781549907752397,0.09950656092771493,0.10417902904994852,,-0.006977592735461886
2013-01-31,-0.013630044811411843,0.06781549907752397,0.09950656092771493,0.10417902904994852,,-0.006977592735461886
2013-02-01,-0.013630044811411843,0.06781549907752397,0.09950656092771493,0.10417902904994852,,-0.006977592735461886
2013-02-04,-0.013630044811411843,0.06781549907752397,0.09950656092771493,0.10417902904994852,,-0.006977592735461886
2013-02-05,-0.013630044811411843,0.06781549907752397,0.09950656092771493,0.10417902904994852,,-0.006977592735461886
2013-02-06,-0.013630044811411843,0.06781549907752397,0.09950656092771493,0.10417902904994852,,-0.006977592735461886
2013-02-07,-0.013630044811411843,0.06781549907752397,0.09950656092771493,0.10417902904994852,,-0.006977592735461886
2013-02-08,-0.013630044811411843,0.06781549907752397,0.09950656092771493,0.10417902904994852,,-0.006977592735461886
2013-02-18,-0.013630044811411843,0.06781549907752397,0.09950656092771493,0.10417902904994852,,-0.006977592735461886
2013-02-19,-0.013630044811411843,0.06781549907752397,0.09950656092771493,0.10417902904994852,,-0.006977592735461886
2013-02-20,-0.013630044811411843,0.06781549907752397,0.09950656092771493,0.10417902904994852,,-0.006977592735461886
2013-02-21,-0.013630044811411843,0.06781549907752397,0.09950656092771493,0.10417902904994852,,-0.006977592735461886
2013-02-22,-0.013630044811411843,0.06781549907752397,0.09950656092771493,0.10417902904994852,,-0.006977592735461886
2013-02-25,-0.013630044811411843,0.06781549907752397,0.09950656092771493,0.10417902904994852,,-0.006977592735461886
2013-02-26,-0.013630044811411843,0.06781549907752397,0.09950656092771493,0.10417902904994852,,-0.006977592735461886
2013-02-27,-0.013630044811411843,0.06781549907752397,0.09950656092771493,0.10417902904994852,,-0.006977592735461886
2013-02-28,-0.013630044811411843,0.06781549907752397,0.09950656092771493,0.10417902904994852,,-0.006977592735461886
2013-03-01,-0.013630044811411843,0.06781549907752397,0.09950656092771493,0.10417902904994852,,-0.006977592735461886
2013-03-04,-0.013630044811411843,0.06781549907752397,0.09950656092771493,0.10417902904994852,,-0.006977592735461886
2013-03-05,-0.013630044811411843,0.06781549907752397,0.09950656092771493,0.10417902904994852,,-0.006977592735461886
2013-03-06,-0.013630044811411843,0.06781549907752397,0.09950656092771493,0.10417902904994852,,-0.006977592735461886
2013-03-07,-0.013630044811411843,0.06781549907752397,0.09950656092771493,0.10417902904994852,,-0.006977592735461886
2013-03-08,-0.013630044811411843,0.06781549907752397,0.09950656092771493,0.10417902904994852,,-0.006977592735461886
2013-03-11,-0.013630044811411843,0.06781549907752397,0.09950656092771493,0.10417902904994852,,-0.006977592735461886
2013-03-12,-0.013630044811411843,0.06781549907752397,0.09950656092771493,0.10417902904994852,,-0.006977592735461886
2013-03-13,-0.013630044811411843,0.06781549907752397,0.09950656092771493,0.10417902904994852,,-0.006977592735461886
2013-03-14,-0.013630044811411843,0.06781549907752397,0.09950656092771493,0.10417902904994852,,-0.006977592735461886
2013-03-15,-0.013630044811411843,0.06781549907752397,0.09950656092771493,0.10417902904994852,,-0.006977592735461886
2013-03-18,-0.013630044811411843,0.06781549907752397,0.09950656092771493,0.10417902904994852,,-0.006977592735461886
2013-03-19,-0.013630044811411843,0.06781549907752397,0.09950656092771493,0.10417902904994852,,-0.006977592735461886
2013-03-20,-0.013630044811411843,0.06781549907752397,0.09950656092771493,0.10417902904994852,,-0.006977592735461886
2013-03-21,-0.013630044811411843,0.06781549907752397,0.09950656092771493,0.10417902904994852,,-0.006977592735461886
2013-03-22,-0.013630044811411843,0.06781549907752397,0.09950656092771493,0.10417902904994852,,-0.006977592735461886
2013-03-25,-0.013630044811411843,0.06781549907752397,0.09950656092771493,0.10417902904994852,,-0.006977592735461886
2013-03-26,-0.013630044811411843,0.06781549907752397,0.09950656092771493,0.10417902904994852,,-0.006977592735461886
2013-03-27,-0.013630044811411843,0.06781549907752397,0.09950656092771493,0.10417902904994852,,-0.006977592735461886
2013-03-28,-0.013630044811411843,0.06781549907752397,0.09950656092771493,0.10417902904994852,,-0.006977592735461886
2013-03-29,-0.013630044811411843,0.06781549907752397,0.09950656092771493,0.10417902904994852,,-0.006977592735461886
2013-04-01,-0.022651986250827878,0.04992897861813562,0.08567354824591913,0.09031669704172049,,-0.016662070905736275
2013-04-02,-0.022651986250827878,0.04992897861813562,0.08567354824591913,0.09031669704172049,,-0.016662070905736275
2013-04-03,-0.022651986250827878,0.04992897861813562,0.08567354824591913,0.09031669704172049,,-0.016662070905736275
2013-04-08,-0.022651986250827878,0.04992897861813562,0.08567354824591913,0.09031669704172049,,-0.016662070905736275
2013-04-09,-0.022651986250827878,0.04992897861813562,0.08567354824591913,0.09031669704172049,,-0.016662070905736275
2013-04-10,-0.022651986250827878,0.04992897861813562,0.08567354824591913,0.09031669704172049,,-0.016662070905736275
2013-04-11,-0.022651986250827878,0.04992897861813562,0.08567354824591913,0.09031669704172049,,-0.016662070905736275
2013-04-12,-0.022651986250827878,0.04992897861813562,0.08567354824591913,0.09031669704172049,,-0.016662070905736275
2013-04-15,-0.022651986250827878,0.04992897861813562,0.08567354824591913,0.09031669704172049,,-0.016662070905736275
2013-04-16,-0.022651986250827878,0.04992897861813562,0.08567354824591913,0.09031669704172049,,-0.016662070905736275
2013-04-17,-0.022651986250827878,0.04992897861813562,0.08567354824591913,0.09031669704172049,,-0.016662070905736275
2013-04-18,-0.022651986250827878,0.04992897861813562,0.08567354824591913,0.09031669704172049,,-0.016662070905736275
2013-04-19,-0.022651986250827878,0.04992897861813562,0.08567354824591913,0.09031669704172049,,-0.016662070905736275
2013-04-22,-0.022651986250827878,0.04992897861813562,0.08567354824591913,0.09031669704172049,,-0.016662070905736275
2013-04-23,-0.022651986250827878,0.04992897861813562,0.08567354824591913,0.09031669704172049,,-0.016662070905736275
2013-04-24,-0.022651986250827878,0.04992897861813562,0.08567354824591913,0.09031669704172049,,-0.016662070905736275
2013-04-25,-0.022651986250827878,0.04992897861813562,0.08567354824591913,0.09031669704172049,,-0.016662070905736275
2013-04-26,-0.022651986250827878,0.04992897861813562,0.08567354824591913,0.09031669704172049,,-0.016662070905736275
2013-05-02,-0.022651986250827878,0.04992897861813562,0.08567354824591913,0.09031669704172049,,-0.016662070905736275
2013-05-03,-0.022651986250827878,0.04992897861813562,0.08567354824591913,0.09031669704172049,,-0.016662070905736275
2013-05-06,-0.022651986250827878,0.04992897861813562,0.08567354824591913,0.09031669704172049,,-0.016662070905736275
2013-05-07,-0.022651986250827878,0.04992897861813562,0.08567354824591913,0.09031669704172049,,-0.016662070905736275
2013-05-08,-0.022651986250827878,0.04992897861813562,0.08567354824591913,0.09031669704172049,,-0.016662070905736275
2013-05-09,-0.022651986250827878,0.04992897861813562,0.08567354824591913,0.09031669704172049,,-0.016662070905736275
2013-05-10,-0.022651986250827878,0.04992897861813562,0.08567354824591913,0.09031669704172049,,-0.016662070905736275
2013-05-13,-0.022651986250827878,0.04992897861813562,0.08567354824591913,0.09031669704172049,,-0.016662070905736275
2013-05-14,-0.022651986250827878,0.04992897861813562,0.08567354824591913,0.09031669704172049,,-0.016662070905736275
2013-05-15,-0.022651986250827878,0.04992897861813562,0.08567354824591913,0.09031669704172049,,-0.016662070905736275
2013-05-16,-0.022651986250827878,0.04992897861813562,0.08567354824591913,0.09031669704172049,,-0.016662070905736275
2013-05-17,-0.022651986250827878,0.04992897861813562,0.08567354824591913,0.09031669704172049,,-0.016662070905736275
2013-05-20,-0.022651986250827878,0.04992897861813562,0.08567354824591913,0.09031669704172049,,-0.016662070905736275
2013-05-21,-0.022651986250827878,0.04992897861813562,0.08567354824591913,0.09031669704172049,,-0.016662070905736275
2013-05-22,-0.022651986250827878,0.04992897861813562,0.08567354824591913,0.09031669704172049,,-0.016662070905736275
2013-05-23,-0.022651986250827878,0.04992897861813562,0.08567354824591913,0.09031669704172049,,-0.016662070905736275
2013-05-24,-0.022651986250827878,0.04992897861813562,0.08567354824591913,0.09031669704172049,,-0.016662070905736275
2013-05-27,-0.022651986250827878,0.04992897861813562,0.08567354824591913,0.09031669704172049,,-0.016662070905736275
2013-05-28,-0.022651986250827878,0.04992897861813562,0.08567354824591913,0.09031669704172049,,-0.016662070905736275
2013-05-29,-0.022651986250827878,0.04992897861813562,0.08567354824591913,0.09031669704172049,,-0.016662070905736275
2013-05-30,-0.022651986250827878,0.04992897861813562,0.08567354824591913,0.09031669704172049,,-0.016662070905736275
2013-05-31,-0.022651986250827878,0.04992897861813562,0.08567354824591913,0.09031669704172049,,-0.016662070905736275
2013-06-03,-0.022651986250827878,0.04992897861813562,0.08567354824591913,0.09031669704172049,,-0.016662070905736275
2013-06-04,-0.022651986250827878,0.04992897861813562,0.08567354824591913,0.09031669704172049,,-0.016662070905736275
2013-06-05,-0.022651986250827878,0.04992897861813562,0.08567354824591913,0.09031669704172049,,-0.016662070905736275
2013-06-06,-0.022651986250827878,0.04992897861813562,0.08567354824591913,0.09031669704172049,,-0.016662070905736275
2013-06-07,-0.022651986250827878,0.04992897861813562,0.08567354824591913,0.09031669704172049,,-0.016662070905736275
2013-06-13,-0.022651986250827878,0.04992897861813562,0.08567354824591913,0.09031669704172049,,-0.016662070905736275
2013-06-14,-0.022651986250827878,0.04992897861813562,0.08567354824591913,0.09031669704172049,,-0.016662070905736275
2013-06-17,-0.022651986250827878,0.04992897861813562,0.08567354824591913,0.09031669704172049,,-0.016662070905736275
2013-06-18,-0.022651986250827878,0.04992897861813562,0.08567354824591913,0.09031669704172049,,-0.016662070905736275
2013-06-19,-0.022651986250827878,0.04992897861813562,0.08567354824591913,0.09031669704172049,,-0.016662070905736275
2013-06-20,-0.022651986250827878,0.04992897861813562,0.08567354824591913,0.09031669704172049,,-0.016662070905736275
2013-06-21,-0.022651986250827878,0.04992897861813562,0.08567354824591913,0.09031669704172049,,-0.016662070905736275
2013-06-24,-0.022651986250827878,0.04992897861813562,0.08567354824591913,0.09031669704172049,,-0.016662070905736275
2013-06-25,-0.022651986250827878,0.04992897861813562,0.08567354824591913,0.09031669704172049,,-0.016662070905736275
2013-06-26,-0.022651986250827878,0.04992897861813562,0.08567354824591913,0.09031669704172049,,-0.016662070905736275
2013-06-27,-0.022651986250827878,0.04992897861813562,0.08567354824591913,0.09031669704172049,,-0.016662070905736275
2013-06-28,-0.022651986250827878,0.04992897861813562,0.08567354824591913,0.09031669704172049,,-0.016662070905736275
2013-07-01,-0.015134224431344831,0.06140906225715549,0.0884771826396713,0.08098235850197567,,-0.009790752161787073
2013-07-02,-0.015134224431344831,0.06140906225715549,0.0884771826396713,0.08098235850197567,,-0.009790752161787073
2013-07-03,-0.015134224431344831,0.06140906225715549,0.0884771826396713,0.08098235850197567,,-0.009790752161787073
2013-07-04,-0.015134224431344831,0.06140906225715549,0.0884771826396713,0.08098235850197567,,-0.009790752161787073
2013-07-05,-0.015134224431344831,0.06140906225715549,0.0884771826396713,0.08098235850197567,,-0.009790752161787073
2013-07-08,-0.015134224431344831,0.06140906225715549,0.0884771826396713,0.08098235850197567,,-0.009790752161787073
2013-07-09,-0.015134224431344831,0.06140906225715549,0.0884771826396713,0.08098235850197567,,-0.009790752161787073
2013-07-10,-0.015134224431344831,0.06140906225715549,0.0884771826396713,0.08098235850197567,,-0.009790752161787073
2013-07-11,-0.015134224431344831,0.06140906225715549,0.0884771826396713,0.08098235850197567,,-0.009790752161787073
2013-07-12,-0.015134224431344831,0.06140906225715549,0.0884771826396713,0.08098235850197567,,-0.009790752161787073
2013-07-15,-0.015134224431344831,0.06140906225715549,0.0884771826396713,0.08098235850197567,,-0.009790752161787073
2013-07-16,-0.015134224431344831,0.06140906225715549,0.0884771826396713,0.08098235850197567,,-0.009790752161787073
2013-07-17,-0.015134224431344831,0.06140906225715549,0.0884771826396713,0.08098235850197567,,-0.009790752161787073
2013-07-18,-0.015134224431344831,0.06140906225715549,0.0884771826396713,0.08098235850197567,,-0.009790752161787073
2013-07-19,-0.015134224431344831,0.06140906225715549,0.0884771826396713,0.08098235850197567,,-0.009790752161787073
2013-07-22,-0.015134224431344831,0.06140906225715549,0.0884771826396713,0.08098235850197567,,-0.009790752161787073
2013-07-23,-0.015134224431344831,0.06140906225715549,0.0884771826396713,0.08098235850197567,,-0.009790752161787073
2013-07-24,-0.015134224431344831,0.06140906225715549,0.0884771826396713,0.08098235850197567,,-0.009790752161787073
2013-07-25,-0.015134224431344831,0.06140906225715549,0.0884771826396713,0.08098235850197567,,-0.009790752161787073
2013-07-26,-0.015134224431344831,0.06140906225715549,0.0884771826396713,0.08098235850197567,,-0.009790752161787073
2013-07-29,-0.015134224431344831,0.06140906225715549,0.0884771826396713,0.08098235850197567,,-0.009790752161787073
2013-07-30,-0.015134224431344831,0.06140906225715549,0.0884771826396713,0.08098235850197567,,-0.009790752161787073
2013-07-31,-0.015134224431344831,0.06140906225715549,0.0884771826396713,0.08098235850197567,,-0.009790752161787073
2013-08-01,-0.015134224431344831,0.06140906225715549,0.0884771826396713,0.08098235850197567,,-0.009790752161787073
2013-08-02,-0.015134224431344831,0.06140906225715549,0.0884771826396713,0.08098235850197567,,-0.009790752161787073
2013-08-05,-0.015134224431344831,0.06140906225715549,0.0884771826396713,0.08098235850197567,,-0.009790752161787073
2013-08-06,-0.015134224431344831,0.06140906225715549,0.0884771826396713,0.08098235850197567,,-0.009790752161787073
2013-08-07,-0.015134224431344831,0.06140906225715549,0.0884771826396713,0.08098235850197567,,-0.009790752161787073
2013-08-08,-0.015134224431344831,0.06140906225715549,0.0884771826396713,0.08098235850197567,,-0.009790752161787073
2013-08-09,-0.015134224431344831,0.06140906225715549,0.0884771826396713,0.08098235850197567,,-0.009790752161787073
2013-08-12,-0.015134224431344831,0.06140906225715549,0.0884771826396713,0.08098235850197567,,-0.009790752161787073
2013-08-13,-0.015134224431344831,0.06140906225715549,0.0884771826396713,0.08098235850197567,,-0.009790752161787073
2013-08-14,-0.015134224431344831,0.06140906225715549,0.0884771826396713,0.08098235850197567,,-0.009790752161787073
2013-08-15,-0.015134224431344831,0.06140906225715549,0.0884771826396713,0.08098235850197567,,-0.009790752161787073
2013-08-16,-0.015134224431344831,0.06140906225715549,0.0884771826396713,0.08098235850197567,,-0.009790752161787073
2013-08-19,-0.015134224431344831,0.06140906225715549,0.0884771826396713,0.08098235850197567,,-0.009790752161787073
2013-08-20,-0.015134224431344831,0.06140906225715549,0.0884771826396713,0.08098235850197567,,-0.009790752161787073
2013-08-21,-0.015134224431344831,0.06140906225715549,0.0884771826396713,0.08098235850197567,,-0.009790752161787073
2013-08-22,-0.015134224431344831,0.06140906225715549,0.0884771826396713,0.08098235850197567,,-0.009790752161787073
2013-08-23,-0.015134224431344831,0.06140906225715549,0.0884771826396713,0.08098235850197567,,-0.009790752161787073
2013-08-26,-0.015134224431344831,0.06140906225715549,0.0884771826396713,0.08098235850197567,,-0.009790752161787073
2013-08-27,-0.015134224431344831,0.06140906225715549,0.0884771826396713,0.08098235850197567,,-0.009790752161787073
2013-08-28,-0.015134224431344831,0.06140906225715549,0.0884771826396713,0.08098235850197567,,-0.009790752161787073
2013-08-29,-0.015134224431344831,0.06140906225715549,0.0884771826396713,0.08098235850197567,,-0.009790752161787073
2013-08-30,-0.015134224431344831,0.06140906225715549,0.0884771826396713,0.08098235850197567,,-0.009790752161787073
2013-09-02,-0.015134224431344831,0.06140906225715549,0.0884771826396713,0.08098235850197567,,-0.009790752161787073
2013-09-03,-0.015134224431344831,0.06140906225715549,0.0884771826396713,0.08098235850197567,,-0.009790752161787073
2013-09-04,-0.015134224431344831,0.06140906225715549,0.0884771826396713,0.08098235850197567,,-0.009790752161787073
2013-09-05,-0.015134224431344831,0.06140906225715549,0.0884771826396713,0.08098235850197567,,-0.009790752161787073
2013-09-06,-0.015134224431344831,0.06140906225715549,0.0884771826396713,0.08098235850197567,,-0.009790752161787073
2013-09-09,-0.015134224431344831,0.06140906225715549,0.0884771826396713,0.08098235850197567,,-0.009790752161787073
2013-09-10,-0.015134224431344831,0.06140906225715549,0.0884771826396713,0.08098235850197567,,-0.009790752161787073
2013-09-11,-0.015134224431344831,0.06140906225715549,0.0884771826396713,0.08098235850197567,,-0.009790752161787073
2013-09-12,-0.015134224431344831,0.06140906225715549,0.0884771826396713,0.08098235850197567,,-0.009790752161787073
2013-09-13,-0.015134224431344831,0.06140906225715549,0.0884771826396713,0.08098235850197567,,-0.009790752161787073
2013-09-16,-0.015134224431344831,0.06140906225715549,0.0884771826396713,0.08098235850197567,,-0.009790752161787073
2013-09-17,-0.015134224431344831,0.06140906225715549,0.0884771826396713,0.08098235850197567,,-0.009790752161787073
2013-09-18,-0.015134224431344831,0.06140906225715549,0.0884771826396713,0.08098235850197567,,-0.009790752161787073
2013-09-23,-0.015134224431344831,0.06140906225715549,0.0884771826396713,0.08098235850197567,,-0.009790752161787073
2013-09-24,-0.015134224431344831,0.06140906225715549,0.0884771826396713,0.08098235850197567,,-0.009790752161787073
2013-09-25,-0.015134224431344831,0.06140906225715549,0.0884771826396713,0.08098235850197567,,-0.009790752161787073
2013-09-26,-0.015134224431344831,0.06140906225715549,0.0884771826396713,0.08098235850197567,,-0.009790752161787073
2013-09-27,-0.015134224431344831,0.06140906225715549,0.0884771826396713,0.08098235850197567,,-0.009790752161787073
2013-09-30,-0.015134224431344831,0.06140906225715549,0.0884771826396713,0.08098235850197567,,-0.009790752161787073
2013-10-08,-0.004349464685727502,0.06280306921564666,0.08040891915030711,0.08377013099135137,,-0.0013382902852083665
2013-10-09,-0.004349464685727502,0.06280306921564666,0.08040891915030711,0.08377013099135137,,-0.0013382902852083665
2013-10-10,-0.004349464685727502,0.06280306921564666,0.08040891915030711,0.08377013099135137,,-0.0013382902852083665
2013-10-11,-0.004349464685727502,0.06280306921564666,0.08040891915030711,0.08377013099135137,,-0.0013382902852083665
2013-10-14,-0.004349464685727502,0.06280306921564666,0.08040891915030711,0.08377013099135137,,-0.0013382902852083665
2013-10-15,-0.004349464685727502,0.06280306921564666,0.08040891915030711,0.08377013099135137,,-0.0013382902852083665
2013-10-16,-0.004349464685727502,0.06280306921564666,0.08040891915030711,0.08377013099135137,,-0.0013382902852083665
2013-10-17,-0.004349464685727502,0.06280306921564666,0.08040891915030711,0.08377013099135137,,-0.0013382902852083665
2013-10-18,-0.004349464685727502,0.06280306921564666,0.08040891915030711,0.08377013099135137,,-0.0013382902852083665
2013-10-21,-0.004349464685727502,0.06280306921564666,0.08040891915030711,0.08377013099135137,,-0.0013382902852083665
2013-10-22,-0.004349464685727502,0.06280306921564666,0.08040891915030711,0.08377013099135137,,-0.0013382902852083665
2013-10-23,-0.004349464685727502,0.06280306921564666,0.08040891915030711,0.08377013099135137,,-0.0013382902852083665
2013-10-24,-0.004349464685727502,0.06280306921564666,0.08040891915030711,0.08377013099135137,,-0.0013382902852083665
2013-10-25,-0.004349464685727502,0.06280306921564666,0.08040891915030711,0.08377013099135137,,-0.0013382902852083665
2013-10-28,-0.004349464685727502,0.06280306921564666,0.08040891915030711,0.08377013099135137,,-0.0013382902852083665
2013-10-29,-0.004349464685727502,0.06280306921564666,0.08040891915030711,0.08377013099135137,,-0.0013382902852083665
2013-10-30,-0.004349464685727502,0.06280306921564666,0.08040891915030711,0.08377013099135137,,-0.0013382902852083665
2013-10-31,-0.004349464685727502,0.06280306921564666,0.08040891915030711,0.08377013099135137,,-0.0013382902852083665
2013-11-01,-0.004349464685727502,0.06280306921564666,0.08040891915030711,0.08377013099135137,,-0.0013382902852083665
2013-11-04,-0.004349464685727502,0.06280306921564666,0.08040891915030711,0.08377013099135137,,-0.0013382902852083665
2013-11-05,-0.004349464685727502,0.06280306921564666,0.08040891915030711,0.08377013099135137,,-0.0013382902852083665
2013-11-06,-0.004349464685727502,0.06280306921564666,0.08040891915030711,0.08377013099135137,,-0.0013382902852083665
2013-11-07,-0.004349464685727502,0.06280306921564666,0.08040891915030711,0.08377013099135137,,-0.0013382902852083665
2013-11-08,-0.004349464685727502,0.06280306921564666,0.08040891915030711,0.08377013099135137,,-0.0013382902852083665
2013-11-11,-0.004349464685727502,0.06280306921564666,0.08040891915030711,0.08377013099135137,,-0.0013382902852083665
2013-11-12,-0.004349464685727502,0.06280306921564666,0.08040891915030711,0.08377013099135137,,-0.0013382902852083665
2013-11-13,-0.004349464685727502,0.06280306921564666,0.08040891915030711,0.08377013099135137,,-0.0013382902852083665
2013-11-14,-0.004349464685727502,0.06280306921564666,0.08040891915030711,0.08377013099135137,,-0.0013382902852083665
2013-11-15,-0.004349464685727502,0.06280306921564666,0.08040891915030711,0.08377013099135137,,-0.0013382902852083665
2013-11-18,-0.004349464685727502,0.06280306921564666,0.08040891915030711,0.08377013099135137,,-0.0013382902852083665
2013-11-19,-0.004349464685727502,0.06280306921564666,0.08040891915030711,0.08377013099135137,,-0.0013382902852083665
2013-11-20,-0.004349464685727502,0.06280306921564666,0.08040891915030711,0.08377013099135137,,-0.0013382902852083665
2013-11-21,-0.004349464685727502,0.06280306921564666,0.08040891915030711,0.08377013099135137,,-0.0013382902852083665
2013-11-22,-0.004349464685727502,0.06280306921564666,0.08040891915030711,0.08377013099135137,,-0.0013382902852083665
2013-11-25,-0.004349464685727502,0.06280306921564666,0.08040891915030711,0.08377013099135137,,-0.0013382902852083665
2013-11-26,-0.004349464685727502,0.06280306921564666,0.08040891915030711,0.08377013099135137,,-0.0013382902852083665
2013-11-27,-0.004349464685727502,0.06280306921564666,0.08040891915030711,0.08377013099135137,,-0.0013382902852083665
2013-11-28,-0.004349464685727502,0.06280306921564666,0.08040891915030711,0.08377013099135137,,-0.0013382902852083665
2013-11-29,-0.004349464685727502,0.06280306921564666,0.08040891915030711,0.08377013099135137,,-0.0013382902852083665
2013-12-02,-0.004349464685727502,0.06280306921564666,0.08040891915030711,0.08377013099135137,,-0.0013382902852083665
2013-12-03,-0.004349464685727502,0.06280306921564666,0.08040891915030711,0.08377013099135137,,-0.0013382902852083665
2013-12-04,-0.004349464685727502,0.06280306921564666,0.08040891915030711,0.08377013099135137,,-0.0013382902852083665
2013-12-05,-0.004349464685727502,0.06280306921564666,0.08040891915030711,0.08377013099135137,,-0.0013382902852083665
2013-12-06,-0.004349464685727502,0.06280306921564666,0.08040891915030711,0.08377013099135137,,-0.0013382902852083665
2013-12-09,-0.004349464685727502,0.06280306921564666,0.08040891915030711,0.08377013099135137,,-0.0013382902852083665
2013-12-10,-0.004349464685727502,0.06280306921564666,0.08040891915030711,0.08377013099135137,,-0.0013382902852083665
2013-12-11,-0.004349464685727502,0.06280306921564666,0.08040891915030711,0.08377013099135137,,-0.0013382902852083665
2013-12-12,-0.004349464685727502,0.06280306921564666,0.08040891915030711,0.08377013099135137,,-0.0013382902852083665
2013-12-13,-0.004349464685727502,0.06280306921564666,0.08040891915030711,0.08377013099135137,,-0.0013382902852083665
2013-12-16,-0.004349464685727502,0.06280306921564666,0.08040891915030711,0.08377013099135137,,-0.0013382902852083665
2013-12-17,-0.004349464685727502,0.06280306921564666,0.08040891915030711,0.08377013099135137,,-0.0013382902852083665
2013-12-18,-0.004349464685727502,0.06280306921564666,0.08040891915030711,0.08377013099135137,,-0.0013382902852083665
2013-12-19,-0.004349464685727502,0.06280306921564666,0.08040891915030711,0.08377013099135137,,-0.0013382902852083665
2013-12-20,-0.004349464685727502,0.06280306921564666,0.08040891915030711,0.08377013099135137,,-0.0013382902852083665
2013-12-23,-0.004349464685727502,0.06280306921564666,0.08040891915030711,0.08377013099135137,,-0.0013382902852083665
2013-12-24,-0.004349464685727502,0.06280306921564666,0.08040891915030711,0.08377013099135137,,-0.0013382902852083665
2013-12-25,-0.004349464685727502,0.06280306921564666,0.08040891915030711,0.08377013099135137,,-0.0013382902852083665
2013-12-26,-0.004349464685727502,0.06280306921564666,0.08040891915030711,0.08377013099135137,,-0.0013382902852083665
2013-12-27,-0.004349464685727502,0.06280306921564666,0.08040891915030711,0.08377013099135137,,-0.0013382902852083665
2013-12-30,-0.004349464685727502,0.06280306921564666,0.08040891915030711,0.08377013099135137,,-0.0013382902852083665
2013-12-31,-0.004349464685727502,0.06280306921564666,0.08040891915030711,0.08377013099135137,,-0.0013382902852083665
2014-01-02,-0.01131157601212469,0.062084838553512864,0.07638671399914503,0.0836573737613654,,-0.012545804508293868
2014-01-03,-0.01131157601212469,0.062084838553512864,0.07638671399914503,0.0836573737613654,,-0.012545804508293868
2014-01-06,-0.01131157601212469,0.062084838553512864,0.07638671399914503,0.0836573737613654,,-0.012545804508293868
2014-01-07,-0.01131157601212469,0.062084838553512864,0.07638671399914503,0.0836573737613654,,-0.012545804508293868
2014-01-08,-0.01131157601212469,0.062084838553512864,0.07638671399914503,0.0836573737613654,,-0.012545804508293868
2014-01-09,-0.01131157601212469,0.062084838553512864,0.07638671399914503,0.0836573737613654,,-0.012545804508293868
2014-01-10,-0.01131157601212469,0.062084838553512864,0.07638671399914503,0.0836573737613654,,-0.012545804508293868
2014-01-13,-0.01131157601212469,0.062084838553512864,0.07638671399914503,0.0836573737613654,,-0.012545804508293868
2014-01-14,-0.01131157601212469,0.062084838553512864,0.07638671399914503,0.0836573737613654,,-0.012545804508293868
2014-01-15,-0.01131157601212469,0.062084838553512864,0.07638671399914503,0.0836573737613654,,-0.012545804508293868
2014-01-16,-0.01131157601212469,0.062084838553512864,0.07638671399914503,0.0836573737613654,,-0.012545804508293868
2014-01-17,-0.01131157601212469,0.062084838553512864,0.07638671399914503,0.0836573737613654,,-0.012545804508293868
2014-01-20,-0.01131157601212469,0.062084838553512864,0.07638671399914503,0.0836573737613654,,-0.012545804508293868
2014-01-21,-0.01131157601212469,0.062084838553512864,0.07638671399914503,0.0836573737613654,,-0.012545804508293868
2014-01-22,-0.01131157601212469,0.062084838553512864,0.07638671399914503,0.0836573737613654,,-0.012545804508293868
2014-01-23,-0.01131157601212469,0.062084838553512864,0.07638671399914503,0.0836573737613654,,-0.012545804508293868
2014-01-24,-0.01131157601212469,0.062084838553512864,0.07638671399914503,0.0836573737613654,,-0.012545804508293868
2014-01-27,-0.01131157601212469,0.062084838553512864,0.07638671399914503,0.0836573737613654,,-0.012545804508293868
2014-01-28,-0.01131157601212469,0.062084838553512864,0.07638671399914503,0.0836573737613654,,-0.012545804508293868
2014-01-29,-0.01131157601212469,0.062084838553512864,0.07638671399914503,0.0836573737613654,,-0.012545804508293868
2014-01-30,-0.01131157601212469,0.062084838553512864,0.07638671399914503,0.0836573737613654,,-0.012545804508293868
2014-02-07,-0.01131157601212469,0.062084838553512864,0.07638671399914503,0.0836573737613654,,-0.012545804508293868
2014-02-10,-0.01131157601212469,0.062084838553512864,0.07638671399914503,0.0836573737613654,,-0.012545804508293868
2014-02-11,-0.01131157601212469,0.062084838553512864,0.07638671399914503,0.0836573737613654,,-0.012545804508293868
2014-02-12,-0.01131157601212469,0.062084838553512864,0.07638671399914503,0.0836573737613654,,-0.012545804508293868
2014-02-13,-0.01131157601212469,0.062084838553512864,0.07638671399914503,0.0836573737613654,,-0.012545804508293868
2014-02-14,-0.01131157601212469,0.062084838553512864,0.07638671399914503,0.0836573737613654,,-0.012545804508293868
2014-02-17,-0.01131157601212469,0.062084838553512864,0.07638671399914503,0.0836573737613654,,-0.012545804508293868
2014-02-18,-0.01131157601212469,0.062084838553512864,0.07638671399914503,0.0836573737613654,,-0.012545804508293868
2014-02-19,-0.01131157601212469,0.062084838553512864,0.07638671399914503,0.0836573737613654,,-0.012545804508293868
2014-02-20,-0.01131157601212469,0.062084838553512864,0.07638671399914503,0.0836573737613654,,-0.012545804508293868
2014-02-21,-0.01131157601212469,0.062084838553512864,0.07638671399914503,0.0836573737613654,,-0.012545804508293868
2014-02-24,-0.01131157601212469,0.062084838553512864,0.07638671399914503,0.0836573737613654,,-0.012545804508293868
2014-02-25,-0.01131157601212469,0.062084838553512864,0.07638671399914503,0.0836573737613654,,-0.012545804508293868
2014-02-26,-0.01131157601212469,0.062084838553512864,0.07638671399914503,0.0836573737613654,,-0.012545804508293868
2014-02-27,-0.01131157601212469,0.062084838553512864,0.07638671399914503,0.0836573737613654,,-0.012545804508293868
2014-02-28,-0.01131157601212469,0.062084838553512864,0.07638671399914503,0.0836573737613654,,-0.012545804508293868
2014-03-03,-0.01131157601212469,0.062084838553512864,0.07638671399914503,0.0836573737613654,,-0.012545804508293868
2014-03-04,-0.01131157601212469,0.062084838553512864,0.07638671399914503,0.0836573737613654,,-0.012545804508293868
2014-03-05,-0.01131157601212469,0.062084838553512864,0.07638671399914503,0.0836573737613654,,-0.012545804508293868
2014-03-06,-0.01131157601212469,0.062084838553512864,0.07638671399914503,0.0836573737613654,,-0.012545804508293868
2014-03-07,-0.01131157601212469,0.062084838553512864,0.07638671399914503,0.0836573737613654,,-0.012545804508293868
2014-03-10,-0.01131157601212469,0.062084838553512864,0.07638671399914503,0.0836573737613654,,-0.012545804508293868
2014-03-11,-0.01131157601212469,0.062084838553512864,0.07638671399914503,0.0836573737613654,,-0.012545804508293868
2014-03-12,-0.01131157601212469,0.062084838553512864,0.07638671399914503,0.0836573737613654,,-0.012545804508293868
2014-03-13,-0.01131157601212469,0.062084838553512864,0.07638671399914503,0.0836573737613654,,-0.012545804508293868
2014-03-14,-0.01131157601212469,0.062084838553512864,0.07638671399914503,0.0836573737613654,,-0.012545804508293868
2014-03-17,-0.01131157601212469,0.062084838553512864,0.07638671399914503,0.0836573737613654,,-0.012545804508293868
2014-03-18,-0.01131157601212469,0.062084838553512864,0.07638671399914503,0.0836573737613654,,-0.012545804508293868
2014-03-19,-0.01131157601212469,0.062084838553512864,0.07638671399914503,0.0836573737613654,,-0.012545804508293868
2014-03-20,-0.01131157601212469,0.062084838553512864,0.07638671399914503,0.0836573737613654,,-0.012545804508293868
2014-03-21,-0.01131157601212469,0.062084838553512864,0.07638671399914503,0.0836573737613654,,-0.012545804508293868
2014-03-24,-0.01131157601212469,0.062084838553512864,0.07638671399914503,0.0836573737613654,,-0.012545804508293868
2014-03-25,-0.01131157601212469,0.062084838553512864,0.07638671399914503,0.0836573737613654,,-0.012545804508293868
2014-03-26,-0.01131157601212469,0.062084838553512864,0.07638671399914503,0.0836573737613654,,-0.012545804508293868
2014-03-27,-0.01131157601212469,0.062084838553512864,0.07638671399914503,0.0836573737613654,,-0.012545804508293868
2014-03-28,-0.01131157601212469,0.062084838553512864,0.07638671399914503,0.0836573737613654,,-0.012545804508293868
2014-03-31,-0.01131157601212469,0.062084838553512864,0.07638671399914503,0.0836573737613654,,-0.012545804508293868
2014-04-01,-0.004476114801245922,0.06428018351354146,0.09564681026230652,0.07807534779086205,,0.002770371546667993
2014-04-02,-0.004476114801245922,0.06428018351354146,0.09564681026230652,0.07807534779086205,,0.002770371546667993
2014-04-03,-0.004476114801245922,0.06428018351354146,0.09564681026230652,0.07807534779086205,,0.002770371546667993
2014-04-04,-0.004476114801245922,0.06428018351354146,0.09564681026230652,0.07807534779086205,,0.002770371546667993
2014-04-08,-0.004476114801245922,0.06428018351354146,0.09564681026230652,0.07807534779086205,,0.002770371546667993
2014-04-09,-0.004476114801245922,0.06428018351354146,0.09564681026230652,0.07807534779086205,,0.002770371546667993
2014-04-10,-0.004476114801245922,0.06428018351354146,0.09564681026230652,0.07807534779086205,,0.002770371546667993
2014-04-11,-0.004476114801245922,0.06428018351354146,0.09564681026230652,0.07807534779086205,,0.002770371546667993
2014-04-14,-0.004476114801245922,0.06428018351354146,0.09564681026230652,0.07807534779086205,,0.002770371546667993
2014-04-15,-0.004476114801245922,0.06428018351354146,0.09564681026230652,0.07807534779086205,,0.002770371546667993
2014-04-16,-0.004476114801245922,0.06428018351354146,0.09564681026230652,0.07807534779086205,,0.002770371546667993
2014-04-17,-0.004476114801245922,0.06428018351354146,0.09564681026230652,0.07807534779086205,,0.002770371546667993
2014-04-18,-0.004476114801245922,0.06428018351354146,0.09564681026230652,0.07807534779086205,,0.002770371546667993
2014-04-21,-0.004476114801245922,0.06428018351354146,0.09564681026230652,0.07807534779086205,,0.002770371546667993
2014-04-22,-0.004476114801245922,0.06428018351354146,0.09564681026230652,0.07807534779086205,,0.002770371546667993
2014-04-23,-0.004476114801245922,0.06428018351354146,0.09564681026230652,0.07807534779086205,,0.002770371546667993
2014-04-24,-0.004476114801245922,0.06428018351354146,0.09564681026230652,0.07807534779086205,,0.002770371546667993
2014-04-25,-0.004476114801245922,0.06428018351354146,0.09564681026230652,0.07807534779086205,,0.002770371546667993
2014-04-28,-0.004476114801245922,0.06428018351354146,0.09564681026230652,0.07807534779086205,,0.002770371546667993
2014-04-29,-0.004476114801245922,0.06428018351354146,0.09564681026230652,0.07807534779086205,,0.002770371546667993
2014-04-30,-0.004476114801245922,0.06428018351354146,0.09564681026230652,0.07807534779086205,,0.002770371546667993
2014-05-05,-0.004476114801245922,0.06428018351354146,0.09564681026230652,0.07807534779086205,,0.002770371546667993
2014-05-06,-0.004476114801245922,0.06428018351354146,0.09564681026230652,0.07807534779086205,,0.002770371546667993
2014-05-07,-0.004476114801245922,0.06428018351354146,0.09564681026230652,0.07807534779086205,,0.002770371546667993
2014-05-08,-0.004476114801245922,0.06428018351354146,0.09564681026230652,0.07807534779086205,,0.002770371546667993
2014-05-09,-0.004476114801245922,0.06428018351354146,0.09564681026230652,0.07807534779086205,,0.002770371546667993
2014-05-12,-0.004476114801245922,0.06428018351354146,0.09564681026230652,0.07807534779086205,,0.002770371546667993
2014-05-13,-0.004476114801245922,0.06428018351354146,0.09564681026230652,0.07807534779086205,,0.002770371546667993
2014-05-14,-0.004476114801245922,0.06428018351354146,0.09564681026230652,0.07807534779086205,,0.002770371546667993
2014-05-15,-0.004476114801245922,0.06428018351354146,0.09564681026230652,0.07807534779086205,,0.002770371546667993
2014-05-16,-0.004476114801245922,0.06428018351354146,0.09564681026230652,0.07807534779086205,,0.002770371546667993
2014-05-19,-0.004476114801245922,0.06428018351354146,0.09564681026230652,0.07807534779086205,,0.002770371546667993
2014-05-20,-0.004476114801245922,0.06428018351354146,0.09564681026230652,0.07807534779086205,,0.002770371546667993
2014-05-21,-0.004476114801245922,0.06428018351354146,0.09564681026230652,0.07807534779086205,,0.002770371546667993
2014-05-22,-0.004476114801245922,0.06428018351354146,0.09564681026230652,0.07807534779086205,,0.002770371546667993
2014-05-23,-0.004476114801245922,0.06428018351354146,0.09564681026230652,0.07807534779086205,,0.002770371546667993
2014-05-26,-0.004476114801245922,0.06428018351354146,0.09564681026230652,0.07807534779086205,,0.002770371546667993
2014-05-27,-0.004476114801245922,0.06428018351354146,0.09564681026230652,0.07807534779086205,,0.002770371546667993
2014-05-28,-0.004476114801245922,0.06428018351354146,0.09564681026230652,0.07807534779086205,,0.002770371546667993
2014-05-29,-0.004476114801245922,0.06428018351354146,0.09564681026230652,0.07807534779086205,,0.002770371546667993
2014-05-30,-0.004476114801245922,0.06428018351354146,0.09564681026230652,0.07807534779086205,,0.002770371546667993
2014-06-03,-0.004476114801245922,0.06428018351354146,0.09564681026230652,0.07807534779086205,,0.002770371546667993
2014-06-04,-0.004476114801245922,0.06428018351354146,0.09564681026230652,0.07807534779086205,,0.002770371546667993
2014-06-05,-0.004476114801245922,0.06428018351354146,0.09564681026230652,0.07807534779086205,,0.002770371546667993
2014-06-06,-0.004476114801245922,0.06428018351354146,0.09564681026230652,0.07807534779086205,,0.002770371546667993
2014-06-09,-0.004476114801245922,0.06428018351354146,0.09564681026230652,0.07807534779086205,,0.002770371546667993
2014-06-10,-0.004476114801245922,0.06428018351354146,0.09564681026230652,0.07807534779086205,,0.002770371546667993
2014-06-11,-0.004476114801245922,0.06428018351354146,0.09564681026230652,0.07807534779086205,,0.002770371546667993
2014-06-12,-0.004476114801245922,0.06428018351354146,0.09564681026230652,0.07807534779086205,,0.002770371546667993
2014-06-13,-0.004476114801245922,0.06428018351354146,0.09564681026230652,0.07807534779086205,,0.002770371546667993
2014-06-16,-0.004476114801245922,0.06428018351354146,0.09564681026230652,0.07807534779086205,,0.002770371546667993
2014-06-17,-0.004476114801245922,0.06428018351354146,0.09564681026230652,0.07807534779086205,,0.002770371546667993
2014-06-18,-0.004476114801245922,0.06428018351354146,0.09564681026230652,0.07807534779086205,,0.002770371546667993
2014-06-19,-0.004476114801245922,0.06428018351354146,0.09564681026230652,0.07807534779086205,,0.002770371546667993
2014-06-20,-0.004476114801245922,0.06428018351354146,0.09564681026230652,0.07807534779086205,,0.002770371546667993
2014-06-23,-0.004476114801245922,0.06428018351354146,0.09564681026230652,0.07807534779086205,,0.002770371546667993
2014-06-24,-0.004476114801245922,0.06428018351354146,0.09564681026230652,0.07807534779086205,,0.002770371546667993
2014-06-25,-0.004476114801245922,0.06428018351354146,0.09564681026230652,0.07807534779086205,,0.002770371546667993
2014-06-26,-0.004476114801245922,0.06428018351354146,0.09564681026230652,0.07807534779086205,,0.002770371546667993
2014-06-27,-0.004476114801245922,0.06428018351354146,0.09564681026230652,0.07807534779086205,,0.002770371546667993
2014-06-30,-0.004476114801245922,0.06428018351354146,0.09564681026230652,0.07807534779086205,,0.002770371546667993
2014-07-01,-0.0026046180583081152,0.06735861961262475,0.09265752328978707,0.08285085347989925,,0.005994564919295203
2014-07-02,-0.0026046180583081152,0.06735861961262475,0.09265752328978707,0.08285085347989925,,0.005994564919295203
2014-07-03,-0.0026046180583081152,0.06735861961262475,0.09265752328978707,0.08285085347989925,,0.005994564919295203
2014-07-04,-0.0026046180583081152,0.06735861961262475,0.09265752328978707,0.08285085347989925,,0.005994564919295203
2014-07-07,-0.0026046180583081152,0.06735861961262475,0.09265752328978707,0.08285085347989925,,0.005994564919295203
2014-07-08,-0.0026046180583081152,0.06735861961262475,0.09265752328978707,0.08285085347989925,,0.005994564919295203
2014-07-09,-0.0026046180583081152,0.06735861961262475,0.09265752328978707,0.08285085347989925,,0.005994564919295203
2014-07-10,-0.0026046180583081152,0.06735861961262475,0.09265752328978707,0.08285085347989925,,0.005994564919295203
2014-07-11,-0.0026046180583081152,0.06735861961262475,0.09265752328978707,0.08285085347989925,,0.005994564919295203
2014-07-14,-0.0026046180583081152,0.06735861961262475,0.09265752328978707,0.08285085347989925,,0.005994564919295203
2014-07-15,-0.0026046180583081152,0.06735861961262475,0.09265752328978707,0.08285085347989925,,0.005994564919295203
2014-07-16,-0.0026046180583081152,0.06735861961262475,0.09265752328978707,0.08285085347989925,,0.005994564919295203
2014-07-17,-0.0026046180583081152,0.06735861961262475,0.09265752328978707,0.08285085347989925,,0.005994564919295203
2014-07-18,-0.0026046180583081152,0.06735861961262475,0.09265752328978707,0.08285085347989925,,0.005994564919295203
2014-07-21,-0.0026046180583081152,0.06735861961262475,0.09265752328978707,0.08285085347989925,,0.005994564919295203
2014-07-22,-0.0026046180583081152,0.06735861961262475,0.09265752328978707,0.08285085347989925,,0.005994564919295203
2014-07-23,-0.0026046180583081152,0.06735861961262475,0.09265752328978707,0.08285085347989925,,0.005994564919295203
2014-07-24,-0.0026046180583081152,0.06735861961262475,0.09265752328978707,0.08285085347989925,,0.005994564919295203
2014-07-25,-0.0026046180583081152,0.06735861961262475,0.09265752328978707,0.08285085347989925,,0.005994564919295203
2014-07-28,-0.0026046180583081152,0.06735861961262475,0.09265752328978707,0.08285085347989925,,0.005994564919295203
2014-07-29,-0.0026046180583081152,0.06735861961262475,0.09265752328978707,0.08285085347989925,,0.005994564919295203
2014-07-30,-0.0026046180583081152,0.06735861961262475,0.09265752328978707,0.08285085347989925,,0.005994564919295203
2014-07-31,-0.0026046180583081152,0.06735861961262475,0.09265752328978707,0.08285085347989925,,0.005994564919295203
2014-08-01,-0.0026046180583081152,0.06735861961262475,0.09265752328978707,0.08285085347989925,,0.005994564919295203
2014-08-04,-0.0026046180583081152,0.06735861961262475,0.09265752328978707,0.08285085347989925,,0.005994564919295203
2014-08-05,-0.0026046180583081152,0.06735861961262475,0.09265752328978707,0.08285085347989925,,0.005994564919295203
2014-08-06,-0.0026046180583081152,0.06735861961262475,0.09265752328978707,0.08285085347989925,,0.005994564919295203
2014-08-07,-0.0026046180583081152,0.06735861961262475,0.09265752328978707,0.08285085347989925,,0.005994564919295203
2014-08-08,-0.0026046180583081152,0.06735861961262475,0.09265752328978707,0.08285085347989925,,0.005994564919295203
2014-08-11,-0.0026046180583081152,0.06735861961262475,0.09265752328978707,0.08285085347989925,,0.005994564919295203
2014-08-12,-0.0026046180583081152,0.06735861961262475,0.09265752328978707,0.08285085347989925,,0.005994564919295203
2014-08-13,-0.0026046180583081152,0.06735861961262475,0.09265752328978707,0.08285085347989925,,0.005994564919295203
2014-08-14,-0.0026046180583081152,0.06735861961262475,0.09265752328978707,0.08285085347989925,,0.005994564919295203
2014-08-15,-0.0026046180583081152,0.06735861961262475,0.09265752328978707,0.08285085347989925,,0.005994564919295203
2014-08-18,-0.0026046180583081152,0.06735861961262475,0.09265752328978707,0.08285085347989925,,0.005994564919295203
2014-08-19,-0.0026046180583081152,0.06735861961262475,0.09265752328978707,0.08285085347989925,,0.005994564919295203
2014-08-20,-0.0026046180583081152,0.06735861961262475,0.09265752328978707,0.08285085347989925,,0.005994564919295203
2014-08-21,-0.0026046180583081152,0.06735861961262475,0.09265752328978707,0.08285085347989925,,0.005994564919295203
2014-08-22,-0.0026046180583081152,0.06735861961262475,0.09265752328978707,0.08285085347989925,,0.005994564919295203
2014-08-25,-0.0026046180583081152,0.06735861961262475,0.09265752328978707,0.08285085347989925,,0.005994564919295203
2014-08-26,-0.0026046180583081152,0.06735861961262475,0.09265752328978707,0.08285085347989925,,0.005994564919295203
2014-08-27,-0.0026046180583081152,0.06735861961262475,0.09265752328978707,0.08285085347989925,,0.005994564919295203
2014-08-28,-0.0026046180583081152,0.06735861961262475,0.09265752328978707,0.08285085347989925,,0.005994564919295203
2014-08-29,-0.0026046180583081152,0.06735861961262475,0.09265752328978707,0.08285085347989925,,0.005994564919295203
2014-09-01,-0.0026046180583081152,0.06735861961262475,0.09265752328978707,0.08285085347989925,,0.005994564919295203
2014-09-02,-0.0026046180583081152,0.06735861961262475,0.09265752328978707,0.08285085347989925,,0.005994564919295203
2014-09-03,-0.0026046180583081152,0.06735861961262475,0.09265752328978707,0.08285085347989925,,0.005994564919295203
2014-09-04,-0.0026046180583081152,0.06735861961262475,0.09265752328978707,0.08285085347989925,,0.005994564919295203
2014-09-05,-0.0026046180583081152,0.06735861961262475,0.09265752328978707,0.08285085347989925,,0.005994564919295203
2014-09-09,-0.0026046180583081152,0.06735861961262475,0.09265752328978707,0.08285085347989925,,0.005994564919295203
2014-09-10,-0.0026046180583081152,0.06735861961262475,0.09265752328978707,0.08285085347989925,,0.005994564919295203
2014-09-11,-0.0026046180583081152,0.06735861961262475,0.09265752328978707,0.08285085347989925,,0.005994564919295203
2014-09-12,-0.0026046180583081152,0.06735861961262475,0.09265752328978707,0.08285085347989925,,0.005994564919295203
2014-09-15,-0.0026046180583081152,0.06735861961262475,0.09265752328978707,0.08285085347989925,,0.005994564919295203
2014-09-16,-0.0026046180583081152,0.06735861961262475,0.09265752328978707,0.08285085347989925,,0.005994564919295203
2014-09-17,-0.0026046180583081152,0.06735861961262475,0.09265752328978707,0.08285085347989925,,0.005994564919295203
2014-09-18,-0.0026046180583081152,0.06735861961262475,0.09265752328978707,0.08285085347989925,,0.005994564919295203
2014-09-19,-0.0026046180583081152,0.06735861961262475,0.09265752328978707,0.08285085347989925,,0.005994564919295203
2014-09-22,-0.0026046180583081152,0.06735861961262475,0.09265752328978707,0.08285085347989925,,0.005994564919295203
2014-09-23,-0.0026046180583081152,0.06735861961262475,0.09265752328978707,0.08285085347989925,,0.005994564919295203
2014-09-24,-0.0026046180583081152,0.06735861961262475,0.09265752328978707,0.08285085347989925,,0.005994564919295203
2014-09-25,-0.0026046180583081152,0.06735861961262475,0.09265752328978707,0.08285085347989925,,0.005994564919295203
2014-09-26,-0.0026046180583081152,0.06735861961262475,0.09265752328978707,0.08285085347989925,,0.005994564919295203
2014-09-29,-0.0026046180583081152,0.06735861961262475,0.09265752328978707,0.08285085347989925,,0.005994564919295203
2014-09-30,-0.0026046180583081152,0.06735861961262475,0.09265752328978707,0.08285085347989925,,0.005994564919295203
2014-10-08,-0.0008716327577708232,0.05601816118361319,0.07749719357761123,0.07857318870049221,,0.005208699891257355
2014-10-09,-0.0008716327577708232,0.05601816118361319,0.07749719357761123,0.07857318870049221,,0.005208699891257355
2014-10-10,-0.0008716327577708232,0.05601816118361319,0.07749719357761123,0.07857318870049221,,0.005208699891257355
2014-10-13,-0.0008716327577708232,0.05601816118361319,0.07749719357761123,0.07857318870049221,,0.005208699891257355
2014-10-14,-0.0008716327577708232,0.05601816118361319,0.07749719357761123,0.07857318870049221,,0.005208699891257355
2014-10-15,-0.0008716327577708232,0.05601816118361319,0.07749719357761123,0.07857318870049221,,0.005208699891257355
2014-10-16,-0.0008716327577708232,0.05601816118361319,0.07749719357761123,0.07857318870049221,,0.005208699891257355
2014-10-17,-0.0008716327577708232,0.05601816118361319,0.07749719357761123,0.07857318870049221,,0.005208699891257355
2014-10-20,-0.0008716327577708232,0.05601816118361319,0.07749719357761123,0.07857318870049221,,0.005208699891257355
2014-10-21,-0.0008716327577708232,0.05601816118361319,0.07749719357761123,0.07857318870049221,,0.005208699891257355
2014-10-22,-0.0008716327577708232,0.05601816118361319,0.07749719357761123,0.07857318870049221,,0.005208699891257355
2014-10-23,-0.0008716327577708232,0.05601816118361319,0.07749719357761123,0.07857318870049221,,0.005208699891257355
2014-10-24,-0.0008716327577708232,0.05601816118361319,0.07749719357761123,0.07857318870049221,,0.005208699891257355
2014-10-27,-0.0008716327577708232,0.05601816118361319,0.07749719357761123,0.07857318870049221,,0.005208699891257355
2014-10-28,-0.0008716327577708232,0.05601816118361319,0.07749719357761123,0.07857318870049221,,0.005208699891257355
2014-10-29,-0.0008716327577708232,0.05601816118361319,0.07749719357761123,0.07857318870049221,,0.005208699891257355
2014-10-30,-0.0008716327577708232,0.05601816118361319,0.07749719357761123,0.07857318870049221,,0.005208699891257355
2014-10-31,-0.0008716327577708232,0.05601816118361319,0.07749719357761123,0.07857318870049221,,0.005208699891257355
2014-11-03,-0.0008716327577708232,0.05601816118361319,0.07749719357761123,0.07857318870049221,,0.005208699891257355
2014-11-04,-0.0008716327577708232,0.05601816118361319,0.07749719357761123,0.07857318870049221,,0.005208699891257355
2014-11-05,-0.0008716327577708232,0.05601816118361319,0.07749719357761123,0.07857318870049221,,0.005208699891257355
2014-11-06,-0.0008716327577708232,0.05601816118361319,0.07749719357761123,0.07857318870049221,,0.005208699891257355
2014-11-07,-0.0008716327577708232,0.05601816118361319,0.07749719357761123,0.07857318870049221,,0.005208699891257355
2014-11-10,-0.0008716327577708232,0.05601816118361319,0.07749719357761123,0.07857318870049221,,0.005208699891257355
2014-11-11,-0.0008716327577708232,0.05601816118361319,0.07749719357761123,0.07857318870049221,,0.005208699891257355
2014-11-12,-0.0008716327577708232,0.05601816118361319,0.07749719357761123,0.07857318870049221,,0.005208699891257355
2014-11-13,-0.0008716327577708232,0.05601816118361319,0.07749719357761123,0.07857318870049221,,0.005208699891257355
2014-11-14,-0.0008716327577708232,0.05601816118361319,0.07749719357761123,0.07857318870049221,,0.005208699891257355
2014-11-17,-0.0008716327577708232,0.05601816118361319,0.07749719357761123,0.07857318870049221,,0.005208699891257355
2014-11-18,-0.0008716327577708232,0.05601816118361319,0.07749719357761123,0.07857318870049221,,0.005208699891257355
2014-11-19,-0.0008716327577708232,0.05601816118361319,0.07749719357761123,0.07857318870049221,,0.005208699891257355
2014-11-20,-0.0008716327577708232,0.05601816118361319,0.07749719357761123,0.07857318870049221,,0.005208699891257355
2014-11-21,-0.0008716327577708232,0.05601816118361319,0.07749719357761123,0.07857318870049221,,0.005208699891257355
2014-11-24,-0.0008716327577708232,0.05601816118361319,0.07749719357761123,0.07857318870049221,,0.005208699891257355
2014-11-25,-0.0008716327577708232,0.05601816118361319,0.07749719357761123,0.07857318870049221,,0.005208699891257355
2014-11-26,-0.0008716327577708232,0.05601816118361319,0.07749719357761123,0.07857318870049221,,0.005208699891257355
2014-11-27,-0.0008716327577708232,0.05601816118361319,0.07749719357761123,0.07857318870049221,,0.005208699891257355
2014-11-28,-0.0008716327577708232,0.05601816118361319,0.07749719357761123,0.07857318870049221,,0.005208699891257355
2014-12-01,-0.0008716327577708232,0.05601816118361319,0.07749719357761123,0.07857318870049221,,0.005208699891257355
2014-12-02,-0.0008716327577708232,0.05601816118361319,0.07749719357761123,0.07857318870049221,,0.005208699891257355
2014-12-03,-0.0008716327577708232,0.05601816118361319,0.07749719357761123,0.07857318870049221,,0.005208699891257355
2014-12-04,-0.0008716327577708232,0.05601816118361319,0.07749719357761123,0.07857318870049221,,0.005208699891257355
2014-12-05,-0.0008716327577708232,0.05601816118361319,0.07749719357761123,0.07857318870049221,,0.005208699891257355
2014-12-08,-0.0008716327577708232,0.05601816118361319,0.07749719357761123,0.07857318870049221,,0.005208699891257355
2014-12-09,-0.0008716327577708232,0.05601816118361319,0.07749719357761123,0.07857318870049221,,0.005208699891257355
2014-12-10,-0.0008716327577708232,0.05601816118361319,0.07749719357761123,0.07857318870049221,,0.005208699891257355
2014-12-11,-0.0008716327577708232,0.05601816118361319,0.07749719357761123,0.07857318870049221,,0.005208699891257355
2014-12-12,-0.0008716327577708232,0.05601816118361319,0.07749719357761123,0.07857318870049221,,0.005208699891257355
2014-12-15,-0.0008716327577708232,0.05601816118361319,0.07749719357761123,0.07857318870049221,,0.005208699891257355
2014-12-16,-0.0008716327577708232,0.05601816118361319,0.07749719357761123,0.07857318870049221,,0.005208699891257355
2014-12-17,-0.0008716327577708232,0.05601816118361319,0.07749719357761123,0.07857318870049221,,0.005208699891257355
2014-12-18,-0.0008716327577708232,0.05601816118361319,0.07749719357761123,0.07857318870049221,,0.005208699891257355
2014-12-19,-0.0008716327577708232,0.05601816118361319,0.07749719357761123,0.07857318870049221,,0.005208699891257355
2014-12-22,-0.0008716327577708232,0.05601816118361319,0.07749719357761123,0.07857318870049221,,0.005208699891257355
2014-12-23,-0.0008716327577708232,0.05601816118361319,0.07749719357761123,0.07857318870049221,,0.005208699891257355
2014-12-24,-0.0008716327577708232,0.05601816118361319,0.07749719357761123,0.07857318870049221,,0.005208699891257355
2014-12-25,-0.0008716327577708232,0.05601816118361319,0.07749719357761123,0.07857318870049221,,0.005208699891257355
2014-12-26,-0.0008716327577708232,0.05601816118361319,0.07749719357761123,0.07857318870049221,,0.005208699891257355
2014-12-29,-0.0008716327577708232,0.05601816118361319,0.07749719357761123,0.07857318870049221,,0.005208699891257355
2014-12-30,-0.0008716327577708232,0.05601816118361319,0.07749719357761123,0.07857318870049221,,0.005208699891257355
2014-12-31,-0.0008716327577708232,0.05601816118361319,0.07749719357761123,0.07857318870049221,,0.005208699891257355
2015-01-05,0.008937263037994888,0.04241120634721725,0.07008206138355366,0.07962562529257584,,0.0018243805489682862
2015-01-06,0.008937263037994888,0.04241120634721725,0.07008206138355366,0.07962562529257584,,0.0018243805489682862
2015-01-07,0.008937263037994888,0.04241120634721725,0.07008206138355366,0.07962562529257584,,0.0018243805489682862
2015-01-08,0.008937263037994888,0.04241120634721725,0.07008206138355366,0.07962562529257584,,0.0018243805489682862
2015-01-09,0.008937263037994888,0.04241120634721725,0.07008206138355366,0.07962562529257584,,0.0018243805489682862
2015-01-12,0.008937263037994888,0.04241120634721725,0.07008206138355366,0.07962562529257584,,0.0018243805489682862
2015-01-13,0.008937263037994888,0.04241120634721725,0.07008206138355366,0.07962562529257584,,0.0018243805489682862
2015-01-14,0.008937263037994888,0.04241120634721725,0.07008206138355366,0.07962562529257584,,0.0018243805489682862
2015-01-15,0.008937263037994888,0.04241120634721725,0.07008206138355366,0.07962562529257584,,0.0018243805489682862
2015-01-16,0.008937263037994888,0.04241120634721725,0.07008206138355366,0.07962562529257584,,0.0018243805489682862
2015-01-19,0.008937263037994888,0.04241120634721725,0.07008206138355366,0.07962562529257584,,0.0018243805489682862
2015-01-20,0.008937263037994888,0.04241120634721725,0.07008206138355366,0.07962562529257584,,0.0018243805489682862
2015-01-21,0.008937263037994888,0.04241120634721725,0.07008206138355366,0.07962562529257584,,0.0018243805489682862
2015-01-22,0.008937263037994888,0.04241120634721725,0.07008206138355366,0.07962562529257584,,0.0018243805489682862
2015-01-23,0.008937263037994888,0.04241120634721725,0.07008206138355366,0.07962562529257584,,0.0018243805489682862
2015-01-26,0.008937263037994888,0.04241120634721725,0.07008206138355366,0.07962562529257584,,0.0018243805489682862
2015-01-27,0.008937263037994888,0.04241120634721725,0.07008206138355366,0.07962562529257584,,0.0018243805489682862
2015-01-28,0.008937263037994888,0.04241120634721725,0.07008206138355366,0.07962562529257584,,0.0018243805489682862
2015-01-29,0.008937263037994888,0.04241120634721725,0.07008206138355366,0.07962562529257584,,0.0018243805489682862
2015-01-30,0.008937263037994888,0.04241120634721725,0.07008206138355366,0.07962562529257584,,0.0018243805489682862
2015-02-02,0.008937263037994888,0.04241120634721725,0.07008206138355366,0.07962562529257584,,0.0018243805489682862
2015-02-03,0.008937263037994888,0.04241120634721725,0.07008206138355366,0.07962562529257584,,0.0018243805489682862
2015-02-04,0.008937263037994888,0.04241120634721725,0.07008206138355366,0.07962562529257584,,0.0018243805489682862
2015-02-05,0.008937263037994888,0.04241120634721725,0.07008206138355366,0.07962562529257584,,0.0018243805489682862
2015-02-06,0.008937263037994888,0.04241120634721725,0.07008206138355366,0.07962562529257584,,0.0018243805489682862
2015-02-09,0.008937263037994888,0.04241120634721725,0.07008206138355366,0.07962562529257584,,0.0018243805489682862
2015-02-10,0.008937263037994888,0.04241120634721725,0.07008206138355366,0.07962562529257584,,0.0018243805489682862
2015-02-11,0.008937263037994888,0.04241120634721725,0.07008206138355366,0.07962562529257584,,0.0018243805489682862
2015-02-12,0.008937263037994888,0.04241120634721725,0.07008206138355366,0.07962562529257584,,0.0018243805489682862
2015-02-13,0.008937263037994888,0.04241120634721725,0.07008206138355366,0.07962562529257584,,0.0018243805489682862
2015-02-16,0.008937263037994888,0.04241120634721725,0.07008206138355366,0.07962562529257584,,0.0018243805489682862
2015-02-17,0.008937263037994888,0.04241120634721725,0.07008206138355366,0.07962562529257584,,0.0018243805489682862
2015-02-25,0.008937263037994888,0.04241120634721725,0.07008206138355366,0.07962562529257584,,0.0018243805489682862
2015-02-26,0.008937263037994888,0.04241120634721725,0.07008206138355366,0.07962562529257584,,0.0018243805489682862
2015-02-27,0.008937263037994888,0.04241120634721725,0.07008206138355366,0.07962562529257584,,0.0018243805489682862
2015-03-02,0.008937263037994888,0.04241120634721725,0.07008206138355366,0.07962562529257584,,0.0018243805489682862
2015-03-03,0.008937263037994888,0.04241120634721725,0.07008206138355366,0.07962562529257584,,0.0018243805489682862
2015-03-04,0.008937263037994888,0.04241120634721725,0.07008206138355366,0.07962562529257584,,0.0018243805489682862
2015-03-05,0.008937263037994888,0.04241120634721725,0.07008206138355366,0.07962562529257584,,0.0018243805489682862
2015-03-06,0.008937263037994888,0.04241120634721725,0.07008206138355366,0.07962562529257584,,0.0018243805489682862
2015-03-09,0.008937263037994888,0.04241120634721725,0.07008206138355366,0.07962562529257584,,0.0018243805489682862
2015-03-10,0.008937263037994888,0.04241120634721725,0.07008206138355366,0.07962562529257584,,0.0018243805489682862
2015-03-11,0.008937263037994888,0.04241120634721725,0.07008206138355366,0.07962562529257584,,0.0018243805489682862
2015-03-12,0.008937263037994888,0.04241120634721725,0.07008206138355366,0.07962562529257584,,0.0018243805489682862
2015-03-13,0.008937263037994888,0.04241120634721725,0.07008206138355366,0.07962562529257584,,0.0018243805489682862
2015-03-16,0.008937263037994888,0.04241120634721725,0.07008206138355366,0.07962562529257584,,0.0018243805489682862
2015-03-17,0.008937263037994888,0.04241120634721725,0.07008206138355366,0.07962562529257584,,0.0018243805489682862
2015-03-18,0.008937263037994888,0.04241120634721725,0.07008206138355366,0.07962562529257584,,0.0018243805489682862
2015-03-19,0.008937263037994888,0.04241120634721725,0.07008206138355366,0.07962562529257584,,0.0018243805489682862
2015-03-20,0.008937263037994888,0.04241120634721725,0.07008206138355366,0.07962562529257584,,0.0018243805489682862
2015-03-23,0.008937263037994888,0.04241120634721725,0.07008206138355366,0.07962562529257584,,0.0018243805489682862
2015-03-24,0.008937263037994888,0.04241120634721725,0.07008206138355366,0.07962562529257584,,0.0018243805489682862
2015-03-25,0.008937263037994888,0.04241120634721725,0.07008206138355366,0.07962562529257584,,0.0018243805489682862
2015-03-26,0.008937263037994888,0.04241120634721725,0.07008206138355366,0.07962562529257584,,0.0018243805489682862
2015-03-27,0.008937263037994888,0.04241120634721725,0.07008206138355366,0.07962562529257584,,0.0018243805489682862
2015-03-30,0.008937263037994888,0.04241120634721725,0.07008206138355366,0.07962562529257584,,0.0018243805489682862
2015-03-31,0.008937263037994888,0.04241120634721725,0.07008206138355366,0.07962562529257584,,0.0018243805489682862
2015-04-01,0.02320592397787231,0.05107758164563778,0.06685611390023119,0.07348841272115028,,0.025979719444817393
2015-04-02,0.02320592397787231,0.05107758164563778,0.06685611390023119,0.07348841272115028,,0.025979719444817393
2015-04-03,0.02320592397787231,0.05107758164563778,0.06685611390023119,0.07348841272115028,,0.025979719444817393
2015-04-07,0.02320592397787231,0.05107758164563778,0.06685611390023119,0.07348841272115028,,0.025979719444817393
2015-04-08,0.02320592397787231,0.05107758164563778,0.06685611390023119,0.07348841272115028,,0.025979719444817393
2015-04-09,0.02320592397787231,0.05107758164563778,0.06685611390023119,0.07348841272115028,,0.025979719444817393
2015-04-10,0.02320592397787231,0.05107758164563778,0.06685611390023119,0.07348841272115028,,0.025979719444817393
2015-04-13,0.02320592397787231,0.05107758164563778,0.06685611390023119,0.07348841272115028,,0.025979719444817393
2015-04-14,0.02320592397787231,0.05107758164563778,0.06685611390023119,0.07348841272115028,,0.025979719444817393
2015-04-15,0.02320592397787231,0.05107758164563778,0.06685611390023119,0.07348841272115028,,0.025979719444817393
2015-04-16,0.02320592397787231,0.05107758164563778,0.06685611390023119,0.07348841272115028,,0.025979719444817393
2015-04-17,0.02320592397787231,0.05107758164563778,0.06685611390023119,0.07348841272115028,,0.025979719444817393
2015-04-20,0.02320592397787231,0.05107758164563778,0.06685611390023119,0.07348841272115028,,0.025979719444817393
2015-04-21,0.02320592397787231,0.05107758164563778,0.06685611390023119,0.07348841272115028,,0.025979719444817393
2015-04-22,0.02320592397787231,0.05107758164563778,0.06685611390023119,0.07348841272115028,,0.025979719444817393
2015-04-23,0.02320592397787231,0.05107758164563778,0.06685611390023119,0.07348841272115028,,0.025979719444817393
2015-04-24,0.02320592397787231,0.05107758164563778,0.06685611390023119,0.07348841272115028,,0.025979719444817393
2015-04-27,0.02320592397787231,0.05107758164563778,0.06685611390023119,0.07348841272115028,,0.025979719444817393
2015-04-28,0.02320592397787231,0.05107758164563778,0.06685611390023119,0.07348841272115028,,0.025979719444817393
2015-04-29,0.02320592397787231,0.05107758164563778,0.06685611390023119,0.07348841272115028,,0.025979719444817393
2015-04-30,0.02320592397787231,0.05107758164563778,0.06685611390023119,0.07348841272115028,,0.025979719444817393
2015-05-04,0.02320592397787231,0.05107758164563778,0.06685611390023119,0.07348841272115028,,0.025979719444817393
2015-05-05,0.02320592397787231,0.05107758164563778,0.06685611390023119,0.07348841272115028,,0.025979719444817393
2015-05-06,0.02320592397787231,0.05107758164563778,0.06685611390023119,0.07348841272115028,,0.025979719444817393
2015-05-07,0.02320592397787231,0.05107758164563778,0.06685611390023119,0.07348841272115028,,0.025979719444817393
2015-05-08,0.02320592397787231,0.05107758164563778,0.06685611390023119,0.07348841272115028,,0.025979719444817393
2015-05-11,0.02320592397787231,0.05107758164563778,0.06685611390023119,0.07348841272115028,,0.025979719444817393
2015-05-12,0.02320592397787231,0.05107758164563778,0.06685611390023119,0.07348841272115028,,0.025979719444817393
2015-05-13,0.02320592397787231,0.05107758164563778,0.06685611390023119,0.07348841272115028,,0.025979719444817393
2015-05-14,0.02320592397787231,0.05107758164563778,0.06685611390023119,0.07348841272115028,,0.025979719444817393
2015-05-15,0.02320592397787231,0.05107758164563778,0.06685611390023119,0.07348841272115028,,0.025979719444817393
2015-05-18,0.02320592397787231,0.05107758164563778,0.06685611390023119,0.07348841272115028,,0.025979719444817393
2015-05-19,0.02320592397787231,0.05107758164563778,0.06685611390023119,0.07348841272115028,,0.025979719444817393
2015-05-20,0.02320592397787231,0.05107758164563778,0.06685611390023119,0.07348841272115028,,0.025979719444817393
2015-05-21,0.02320592397787231,0.05107758164563778,0.06685611390023119,0.07348841272115028,,0.025979719444817393
2015-05-22,0.02320592397787231,0.05107758164563778,0.06685611390023119,0.07348841272115028,,0.025979719444817393
2015-05-25,0.02320592397787231,0.05107758164563778,0.06685611390023119,0.07348841272115028,,0.025979719444817393
2015-05-26,0.02320592397787231,0.05107758164563778,0.06685611390023119,0.07348841272115028,,0.025979719444817393
2015-05-27,0.02320592397787231,0.05107758164563778,0.06685611390023119,0.07348841272115028,,0.025979719444817393
2015-05-28,0.02320592397787231,0.05107758164563778,0.06685611390023119,0.07348841272115028,,0.025979719444817393
2015-05-29,0.02320592397787231,0.05107758164563778,0.06685611390023119,0.07348841272115028,,0.025979719444817393
2015-06-01,0.02320592397787231,0.05107758164563778,0.06685611390023119,0.07348841272115028,,0.025979719444817393
2015-06-02,0.02320592397787231,0.05107758164563778,0.06685611390023119,0.07348841272115028,,0.025979719444817393
2015-06-03,0.02320592397787231,0.05107758164563778,0.06685611390023119,0.07348841272115028,,0.025979719444817393
2015-06-04,0.02320592397787231,0.05107758164563778,0.06685611390023119,0.07348841272115028,,0.025979719444817393
2015-06-05,0.02320592397787231,0.05107758164563778,0.06685611390023119,0.07348841272115028,,0.025979719444817393
2015-06-08,0.02320592397787231,0.05107758164563778,0.06685611390023119,0.07348841272115028,,0.025979719444817393
2015-06-09,0.02320592397787231,0.05107758164563778,0.06685611390023119,0.07348841272115028,,0.025979719444817393
2015-06-10,0.02320592397787231,0.05107758164563778,0.06685611390023119,0.07348841272115028,,0.025979719444817393
2015-06-11,0.02320592397787231,0.05107758164563778,0.06685611390023119,0.07348841272115028,,0.025979719444817393
2015-06-12,0.02320592397787231,0.05107758164563778,0.06685611390023119,0.07348841272115028,,0.025979719444817393
2015-06-15,0.02320592397787231,0.05107758164563778,0.06685611390023119,0.07348841272115028,,0.025979719444817393
2015-06-16,0.02320592397787231,0.05107758164563778,0.06685611390023119,0.07348841272115028,,0.025979719444817393
2015-06-17,0.02320592397787231,0.05107758164563778,0.06685611390023119,0.07348841272115028,,0.025979719444817393
2015-06-18,0.02320592397787231,0.05107758164563778,0.06685611390023119,0.07348841272115028,,0.025979719444817393
2015-06-19,0.02320592397787231,0.05107758164563778,0.06685611390023119,0.07348841272115028,,0.025979719444817393
2015-06-23,0.02320592397787231,0.05107758164563778,0.06685611390023119,0.07348841272115028,,0.025979719444817393
2015-06-24,0.02320592397787231,0.05107758164563778,0.06685611390023119,0.07348841272115028,,0.025979719444817393
2015-06-25,0.02320592397787231,0.05107758164563778,0.06685611390023119,0.07348841272115028,,0.025979719444817393
2015-06-26,0.02320592397787231,0.05107758164563778,0.06685611390023119,0.07348841272115028,,0.025979719444817393
2015-06-29,0.02320592397787231,0.05107758164563778,0.06685611390023119,0.07348841272115028,,0.025979719444817393
2015-06-30,0.02320592397787231,0.05107758164563778,0.06685611390023119,0.07348841272115028,,0.025979719444817393
2015-07-01,0.03941547316714405,0.07216919124477579,0.08622094411331246,0.08257154867215401,,0.053716246236371785
2015-07-02,0.03941547316714405,0.07216919124477579,0.08622094411331246,0.08257154867215401,,0.053716246236371785
2015-07-03,0.03941547316714405,0.07216919124477579,0.08622094411331246,0.08257154867215401,,0.053716246236371785
2015-07-06,0.03941547316714405,0.07216919124477579,0.08622094411331246,0.08257154867215401,,0.053716246236371785
2015-07-07,0.03941547316714405,0.07216919124477579,0.08622094411331246,0.08257154867215401,,0.053716246236371785
2015-07-08,0.03941547316714405,0.07216919124477579,0.08622094411331246,0.08257154867215401,,0.053716246236371785
2015-07-09,0.03941547316714405,0.07216919124477579,0.08622094411331246,0.08257154867215401,,0.053716246236371785
2015-07-10,0.03941547316714405,0.07216919124477579,0.08622094411331246,0.08257154867215401,,0.053716246236371785
2015-07-13,0.03941547316714405,0.07216919124477579,0.08622094411331246,0.08257154867215401,,0.053716246236371785
2015-07-14,0.03941547316714405,0.07216919124477579,0.08622094411331246,0.08257154867215401,,0.053716246236371785
2015-07-15,0.03941547316714405,0.07216919124477579,0.08622094411331246,0.08257154867215401,,0.053716246236371785
2015-07-16,0.03941547316714405,0.07216919124477579,0.08622094411331246,0.08257154867215401,,0.053716246236371785
2015-07-17,0.03941547316714405,0.07216919124477579,0.08622094411331246,0.08257154867215401,,0.053716246236371785
2015-07-20,0.03941547316714405,0.07216919124477579,0.08622094411331246,0.08257154867215401,,0.053716246236371785
2015-07-21,0.03941547316714405,0.07216919124477579,0.08622094411331246,0.08257154867215401,,0.053716246236371785
2015-07-22,0.03941547316714405,0.07216919124477579,0.08622094411331246,0.08257154867215401,,0.053716246236371785
2015-07-23,0.03941547316714405,0.07216919124477579,0.08622094411331246,0.08257154867215401,,0.053716246236371785
2015-07-24,0.03941547316714405,0.07216919124477579,0.08622094411331246,0.08257154867215401,,0.053716246236371785
2015-07-27,0.03941547316714405,0.07216919124477579,0.08622094411331246,0.08257154867215401,,0.053716246236371785
2015-07-28,0.03941547316714405,0.07216919124477579,0.08622094411331246,0.08257154867215401,,0.053716246236371785
2015-07-29,0.03941547316714405,0.07216919124477579,0.08622094411331246,0.08257154867215401,,0.053716246236371785
2015-07-30,0.03941547316714405,0.07216919124477579,0.08622094411331246,0.08257154867215401,,0.053716246236371785
2015-07-31,0.03941547316714405,0.07216919124477579,0.08622094411331246,0.08257154867215401,,0.053716246236371785
2015-08-03,0.03941547316714405,0.07216919124477579,0.08622094411331246,0.08257154867215401,,0.053716246236371785
2015-08-04,0.03941547316714405,0.07216919124477579,0.08622094411331246,0.08257154867215401,,0.053716246236371785
2015-08-05,0.03941547316714405,0.07216919124477579,0.08622094411331246,0.08257154867215401,,0.053716246236371785
2015-08-06,0.03941547316714405,0.07216919124477579,0.08622094411331246,0.08257154867215401,,0.053716246236371785
2015-08-07,0.03941547316714405,0.07216919124477579,0.08622094411331246,0.08257154867215401,,0.053716246236371785
2015-08-10,0.03941547316714405,0.07216919124477579,0.08622094411331246,0.08257154867215401,,0.053716246236371785
2015-08-11,0.03941547316714405,0.07216919124477579,0.08622094411331246,0.08257154867215401,,0.053716246236371785
2015-08-12,0.03941547316714405,0.07216919124477579,0.08622094411331246,0.08257154867215401,,0.053716246236371785
2015-08-13,0.03941547316714405,0.07216919124477579,0.08622094411331246,0.08257154867215401,,0.053716246236371785
2015-08-14,0.03941547316714405,0.07216919124477579,0.08622094411331246,0.08257154867215401,,0.053716246236371785
2015-08-17,0.03941547316714405,0.07216919124477579,0.08622094411331246,0.08257154867215401,,0.053716246236371785
2015-08-18,0.03941547316714405,0.07216919124477579,0.08622094411331246,0.08257154867215401,,0.053716246236371785
2015-08-19,0.03941547316714405,0.07216919124477579,0.08622094411331246,0.08257154867215401,,0.053716246236371785
2015-08-20,0.03941547316714405,0.07216919124477579,0.08622094411331246,0.08257154867215401,,0.053716246236371785
2015-08-21,0.03941547316714405,0.07216919124477579,0.08622094411331246,0.08257154867215401,,0.053716246236371785
2015-08-24,0.03941547316714405,0.07216919124477579,0.08622094411331246,0.08257154867215401,,0.053716246236371785
2015-08-25,0.03941547316714405,0.07216919124477579,0.08622094411331246,0.08257154867215401,,0.053716246236371785
2015-08-26,0.03941547316714405,0.07216919124477579,0.08622094411331246,0.08257154867215401,,0.053716246236371785
2015-08-27,0.03941547316714405,0.07216919124477579,0.08622094411331246,0.08257154867215401,,0.053716246236371785
2015-08-28,0.03941547316714405,0.07216919124477579,0.08622094411331246,0.08257154867215401,,0.053716246236371785
2015-08-31,0.03941547316714405,0.07216919124477579,0.08622094411331246,0.08257154867215401,,0.053716246236371785
2015-09-01,0.03941547316714405,0.07216919124477579,0.08622094411331246,0.08257154867215401,,0.053716246236371785
2015-09-02,0.03941547316714405,0.07216919124477579,0.08622094411331246,0.08257154867215401,,0.053716246236371785
2015-09-07,0.03941547316714405,0.07216919124477579,0.08622094411331246,0.08257154867215401,,0.053716246236371785
2015-09-08,0.03941547316714405,0.07216919124477579,0.08622094411331246,0.08257154867215401,,0.053716246236371785
2015-09-09,0.03941547316714405,0.07216919124477579,0.08622094411331246,0.08257154867215401,,0.053716246236371785
2015-09-10,0.03941547316714405,0.07216919124477579,0.08622094411331246,0.08257154867215401,,0.053716246236371785
2015-09-11,0.03941547316714405,0.07216919124477579,0.08622094411331246,0.08257154867215401,,0.053716246236371785
2015-09-14,0.03941547316714405,0.07216919124477579,0.08622094411331246,0.08257154867215401,,0.053716246236371785
2015-09-15,0.03941547316714405,0.07216919124477579,0.08622094411331246,0.08257154867215401,,0.053716246236371785
2015-09-16,0.03941547316714405,0.07216919124477579,0.08622094411331246,0.08257154867215401,,0.053716246236371785
2015-09-17,0.03941547316714405,0.07216919124477579,0.08622094411331246,0.08257154867215401,,0.053716246236371785
2015-09-18,0.03941547316714405,0.07216919124477579,0.08622094411331246,0.08257154867215401,,0.053716246236371785
2015-09-21,0.03941547316714405,0.07216919124477579,0.08622094411331246,0.08257154867215401,,0.053716246236371785
2015-09-22,0.03941547316714405,0.07216919124477579,0.08622094411331246,0.08257154867215401,,0.053716246236371785
2015-09-23,0.03941547316714405,0.07216919124477579,0.08622094411331246,0.08257154867215401,,0.053716246236371785
2015-09-24,0.03941547316714405,0.07216919124477579,0.08622094411331246,0.08257154867215401,,0.053716246236371785
2015-09-25,0.03941547316714405,0.07216919124477579,0.08622094411331246,0.08257154867215401,,0.053716246236371785
2015-09-28,0.03941547316714405,0.07216919124477579,0.08622094411331246,0.08257154867215401,,0.053716246236371785
2015-09-29,0.03941547316714405,0.07216919124477579,0.08622094411331246,0.08257154867215401,,0.053716246236371785
2015-09-30,0.03941547316714405,0.07216919124477579,0.08622094411331246,0.08257154867215401,,0.053716246236371785
2015-10-08,0.05695805839305197,0.0862768836677163,0.10395096703789417,0.08905874815272813,,0.07566267593303543
2015-10-09,0.05695805839305197,0.0862768836677163,0.10395096703789417,0.08905874815272813,,0.07566267593303543
2015-10-12,0.05695805839305197,0.0862768836677163,0.10395096703789417,0.08905874815272813,,0.07566267593303543
2015-10-13,0.05695805839305197,0.0862768836677163,0.10395096703789417,0.08905874815272813,,0.07566267593303543
2015-10-14,0.05695805839305197,0.0862768836677163,0.10395096703789417,0.08905874815272813,,0.07566267593303543
2015-10-15,0.05695805839305197,0.0862768836677163,0.10395096703789417,0.08905874815272813,,0.07566267593303543
2015-10-16,0.05695805839305197,0.0862768836677163,0.10395096703789417,0.08905874815272813,,0.07566267593303543
2015-10-19,0.05695805839305197,0.0862768836677163,0.10395096703789417,0.08905874815272813,,0.07566267593303543
2015-10-20,0.05695805839305197,0.0862768836677163,0.10395096703789417,0.08905874815272813,,0.07566267593303543
2015-10-21,0.05695805839305197,0.0862768836677163,0.10395096703789417,0.08905874815272813,,0.07566267593303543
2015-10-22,0.05695805839305197,0.0862768836677163,0.10395096703789417,0.08905874815272813,,0.07566267593303543
2015-10-23,0.05695805839305197,0.0862768836677163,0.10395096703789417,0.08905874815272813,,0.07566267593303543
2015-10-26,0.05695805839305197,0.0862768836677163,0.10395096703789417,0.08905874815272813,,0.07566267593303543
2015-10-27,0.05695805839305197,0.0862768836677163,0.10395096703789417,0.08905874815272813,,0.07566267593303543
2015-10-28,0.05695805839305197,0.0862768836677163,0.10395096703789417,0.08905874815272813,,0.07566267593303543
2015-10-29,0.05695805839305197,0.0862768836677163,0.10395096703789417,0.08905874815272813,,0.07566267593303543
2015-10-30,0.05695805839305197,0.0862768836677163,0.10395096703789417,0.08905874815272813,,0.07566267593303543
2015-11-02,0.05695805839305197,0.0862768836677163,0.10395096703789417,0.08905874815272813,,0.07566267593303543
2015-11-03,0.05695805839305197,0.0862768836677163,0.10395096703789417,0.08905874815272813,,0.07566267593303543
2015-11-04,0.05695805839305197,0.0862768836677163,0.10395096703789417,0.08905874815272813,,0.07566267593303543
2015-11-05,0.05695805839305197,0.0862768836677163,0.10395096703789417,0.08905874815272813,,0.07566267593303543
2015-11-06,0.05695805839305197,0.0862768836677163,0.10395096703789417,0.08905874815272813,,0.07566267593303543
2015-11-09,0.05695805839305197,0.0862768836677163,0.10395096703789417,0.08905874815272813,,0.07566267593303543
2015-11-10,0.05695805839305197,0.0862768836677163,0.10395096703789417,0.08905874815272813,,0.07566267593303543
2015-11-11,0.05695805839305197,0.0862768836677163,0.10395096703789417,0.08905874815272813,,0.07566267593303543
2015-11-12,0.05695805839305197,0.0862768836677163,0.10395096703789417,0.08905874815272813,,0.07566267593303543
2015-11-13,0.05695805839305197,0.0862768836677163,0.10395096703789417,0.08905874815272813,,0.07566267593303543
2015-11-16,0.05695805839305197,0.0862768836677163,0.10395096703789417,0.08905874815272813,,0.07566267593303543
2015-11-17,0.05695805839305197,0.0862768836677163,0.10395096703789417,0.08905874815272813,,0.07566267593303543
2015-11-18,0.05695805839305197,0.0862768836677163,0.10395096703789417,0.08905874815272813,,0.07566267593303543
2015-11-19,0.05695805839305197,0.0862768836677163,0.10395096703789417,0.08905874815272813,,0.07566267593303543
2015-11-20,0.05695805839305197,0.0862768836677163,0.10395096703789417,0.08905874815272813,,0.07566267593303543
2015-11-23,0.05695805839305197,0.0862768836677163,0.10395096703789417,0.08905874815272813,,0.07566267593303543
2015-11-24,0.05695805839305197,0.0862768836677163,0.10395096703789417,0.08905874815272813,,0.07566267593303543
2015-11-25,0.05695805839305197,0.0862768836677163,0.10395096703789417,0.08905874815272813,,0.07566267593303543
2015-11-26,0.05695805839305197,0.0862768836677163,0.10395096703789417,0.08905874815272813,,0.07566267593303543
2015-11-27,0.05695805839305197,0.0862768836677163,0.10395096703789417,0.08905874815272813,,0.07566267593303543
2015-11-30,0.05695805839305197,0.0862768836677163,0.10395096703789417,0.08905874815272813,,0.07566267593303543
2015-12-01,0.05695805839305197,0.0862768836677163,0.10395096703789417,0.08905874815272813,,0.07566267593303543
2015-12-02,0.05695805839305197,0.0862768836677163,0.10395096703789417,0.08905874815272813,,0.07566267593303543
2015-12-03,0.05695805839305197,0.0862768836677163,0.10395096703789417,0.08905874815272813,,0.07566267593303543
2015-12-04,0.05695805839305197,0.0862768836677163,0.10395096703789417,0.08905874815272813,,0.07566267593303543
2015-12-07,0.05695805839305197,0.0862768836677163,0.10395096703789417,0.08905874815272813,,0.07566267593303543
2015-12-08,0.05695805839305197,0.0862768836677163,0.10395096703789417,0.08905874815272813,,0.07566267593303543
2015-12-09,0.05695805839305197,0.0862768836677163,0.10395096703789417,0.08905874815272813,,0.07566267593303543
2015-12-10,0.05695805839305197,0.0862768836677163,0.10395096703789417,0.08905874815272813,,0.07566267593303543
2015-12-11,0.05695805839305197,0.0862768836677163,0.10395096703789417,0.08905874815272813,,0.07566267593303543
2015-12-14,0.05695805839305197,0.0862768836677163,0.10395096703789417,0.08905874815272813,,0.07566267593303543
2015-12-15,0.05695805839305197,0.0862768836677163,0.10395096703789417,0.08905874815272813,,0.07566267593303543
2015-12-16,0.05695805839305197,0.0862768836677163,0.10395096703789417,0.08905874815272813,,0.07566267593303543
2015-12-17,0.05695805839305197,0.0862768836677163,0.10395096703789417,0.08905874815272813,,0.07566267593303543
2015-12-18,0.05695805839305197,0.0862768836677163,0.10395096703789417,0.08905874815272813,,0.07566267593303543
2015-12-21,0.05695805839305197,0.0862768836677163,0.10395096703789417,0.08905874815272813,,0.07566267593303543
2015-12-22,0.05695805839305197,0.0862768836677163,0.10395096703789417,0.08905874815272813,,0.07566267593303543
2015-12-23,0.05695805839305197,0.0862768836677163,0.10395096703789417,0.08905874815272813,,0.07566267593303543
2015-12-24,0.05695805839305197,0.0862768836677163,0.10395096703789417,0.08905874815272813,,0.07566267593303543
2015-12-25,0.05695805839305197,0.0862768836677163,0.10395096703789417,0.08905874815272813,,0.07566267593303543
2015-12-28,0.05695805839305197,0.0862768836677163,0.10395096703789417,0.08905874815272813,,0.07566267593303543
2015-12-29,0.05695805839305197,0.0862768836677163,0.10395096703789417,0.08905874815272813,,0.07566267593303543
2015-12-30,0.05695805839305197,0.0862768836677163,0.10395096703789417,0.08905874815272813,,0.07566267593303543
2015-12-31,0.05695805839305197,0.0862768836677163,0.10395096703789417,0.08905874815272813,,0.07566267593303543
2016-01-04,0.05985206850104861,0.06586529200601053,0.07615187894361974,0.05266164503530992,,0.07140310811180549
2016-01-05,0.05985206850104861,0.06586529200601053,0.07615187894361974,0.05266164503530992,,0.07140310811180549
2016-01-06,0.05985206850104861,0.06586529200601053,0.07615187894361974,0.05266164503530992,,0.07140310811180549
2016-01-07,0.05985206850104861,0.06586529200601053,0.07615187894361974,0.05266164503530992,,0.07140310811180549
2016-01-08,0.05985206850104861,0.06586529200601053,0.07615187894361974,0.05266164503530992,,0.07140310811180549
2016-01-11,0.05985206850104861,0.06586529200601053,0.07615187894361974,0.05266164503530992,,0.07140310811180549
2016-01-12,0.05985206850104861,0.06586529200601053,0.07615187894361974,0.05266164503530992,,0.07140310811180549
2016-01-13,0.05985206850104861,0.06586529200601053,0.07615187894361974,0.05266164503530992,,0.07140310811180549
2016-01-14,0.05985206850104861,0.06586529200601053,0.07615187894361974,0.05266164503530992,,0.07140310811180549
2016-01-15,0.05985206850104861,0.06586529200601053,0.07615187894361974,0.05266164503530992,,0.07140310811180549
2016-01-18,0.05985206850104861,0.06586529200601053,0.07615187894361974,0.05266164503530992,,0.07140310811180549
2016-01-19,0.05985206850104861,0.06586529200601053,0.07615187894361974,0.05266164503530992,,0.07140310811180549
2016-01-20,0.05985206850104861,0.06586529200601053,0.07615187894361974,0.05266164503530992,,0.07140310811180549
2016-01-21,0.05985206850104861,0.06586529200601053,0.07615187894361974,0.05266164503530992,,0.07140310811180549
2016-01-22,0.05985206850104861,0.06586529200601053,0.07615187894361974,0.05266164503530992,,0.07140310811180549
2016-01-25,0.05985206850104861,0.06586529200601053,0.07615187894361974,0.05266164503530992,,0.07140310811180549
2016-01-26,0.05985206850104861,0.06586529200601053,0.07615187894361974,0.05266164503530992,,0.07140310811180549
2016-01-27,0.05985206850104861,0.06586529200601053,0.07615187894361974,0.05266164503530992,,0.07140310811180549
2016-01-28,0.05985206850104861,0.06586529200601053,0.07615187894361974,0.05266164503530992,,0.07140310811180549
2016-01-29,0.05985206850104861,0.06586529200601053,0.07615187894361974,0.05266164503530992,,0.07140310811180549
2016-02-01,0.05985206850104861,0.06586529200601053,0.07615187894361974,0.05266164503530992,,0.07140310811180549
2016-02-02,0.05985206850104861,0.06586529200601053,0.07615187894361974,0.05266164503530992,,0.07140310811180549
2016-02-03,0.05985206850104861,0.06586529200601053,0.07615187894361974,0.05266164503530992,,0.07140310811180549
2016-02-04,0.05985206850104861,0.06586529200601053,0.07615187894361974,0.05266164503530992,,0.07140310811180549
2016-02-05,0.05985206850104861,0.06586529200601053,0.07615187894361974,0.05266164503530992,,0.07140310811180549
2016-02-15,0.05985206850104861,0.06586529200601053,0.07615187894361974,0.05266164503530992,,0.07140310811180549
2016-02-16,0.05985206850104861,0.06586529200601053,0.07615187894361974,0.05266164503530992,,0.07140310811180549
2016-02-17,0.05985206850104861,0.06586529200601053,0.07615187894361974,0.05266164503530992,,0.07140310811180549
2016-02-18,0.05985206850104861,0.06586529200601053,0.07615187894361974,0.05266164503530992,,0.07140310811180549
2016-02-19,0.05985206850104861,0.06586529200601053,0.07615187894361974,0.05266164503530992,,0.07140310811180549
2016-02-22,0.05985206850104861,0.06586529200601053,0.07615187894361974,0.05266164503530992,,0.07140310811180549
2016-02-23,0.05985206850104861,0.06586529200601053,0.07615187894361974,0.05266164503530992,,0.07140310811180549
2016-02-24,0.05985206850104861,0.06586529200601053,0.07615187894361974,0.05266164503530992,,0.07140310811180549
2016-02-25,0.05985206850104861,0.06586529200601053,0.07615187894361974,0.05266164503530992,,0.07140310811180549
2016-02-26,0.05985206850104861,0.06586529200601053,0.07615187894361974,0.05266164503530992,,0.07140310811180549
2016-02-29,0.05985206850104861,0.06586529200601053,0.07615187894361974,0.05266164503530992,,0.07140310811180549
2016-03-01,0.05985206850104861,0.06586529200601053,0.07615187894361974,0.05266164503530992,,0.07140310811180549
2016-03-02,0.05985206850104861,0.06586529200601053,0.07615187894361974,0.05266164503530992,,0.07140310811180549
2016-03-03,0.05985206850104861,0.06586529200601053,0.07615187894361974,0.05266164503530992,,0.07140310811180549
2016-03-04,0.05985206850104861,0.06586529200601053,0.07615187894361974,0.05266164503530992,,0.07140310811180549
2016-03-07,0.05985206850104861,0.06586529200601053,0.07615187894361974,0.05266164503530992,,0.07140310811180549
2016-03-08,0.05985206850104861,0.06586529200601053,0.07615187894361974,0.05266164503530992,,0.07140310811180549
2016-03-09,0.05985206850104861,0.06586529200601053,0.07615187894361974,0.05266164503530992,,0.07140310811180549
2016-03-10,0.05985206850104861,0.06586529200601053,0.07615187894361974,0.05266164503530992,,0.07140310811180549
2016-03-11,0.05985206850104861,0.06586529200601053,0.07615187894361974,0.05266164503530992,,0.07140310811180549
2016-03-14,0.05985206850104861,0.06586529200601053,0.07615187894361974,0.05266164503530992,,0.07140310811180549
2016-03-15,0.05985206850104861,0.06586529200601053,0.07615187894361974,0.05266164503530992,,0.07140310811180549
2016-03-16,0.05985206850104861,0.06586529200601053,0.07615187894361974,0.05266164503530992,,0.07140310811180549
2016-03-17,0.05985206850104861,0.06586529200601053,0.07615187894361974,0.05266164503530992,,0.07140310811180549
2016-03-18,0.05985206850104861,0.06586529200601053,0.07615187894361974,0.05266164503530992,,0.07140310811180549
2016-03-21,0.05985206850104861,0.06586529200601053,0.07615187894361974,0.05266164503530992,,0.07140310811180549
2016-03-22,0.05985206850104861,0.06586529200601053,0.07615187894361974,0.05266164503530992,,0.07140310811180549
2016-03-23,0.05985206850104861,0.06586529200601053,0.07615187894361974,0.05266164503530992,,0.07140310811180549
2016-03-24,0.05985206850104861,0.06586529200601053,0.07615187894361974,0.05266164503530992,,0.07140310811180549
2016-03-25,0.05985206850104861,0.06586529200601053,0.07615187894361974,0.05266164503530992,,0.07140310811180549
2016-03-28,0.05985206850104861,0.06586529200601053,0.07615187894361974,0.05266164503530992,,0.07140310811180549
2016-03-29,0.05985206850104861,0.06586529200601053,0.07615187894361974,0.05266164503530992,,0.07140310811180549
2016-03-30,0.05985206850104861,0.06586529200601053,0.07615187894361974,0.05266164503530992,,0.07140310811180549
2016-03-31,0.05985206850104861,0.06586529200601053,0.07615187894361974,0.05266164503530992,,0.07140310811180549
2016-04-01,0.048175819567833615,0.07785885137792174,0.0927436768457447,0.062493764857749996,,0.05938648770756513
2016-04-05,0.048175819567833615,0.07785885137792174,0.0927436768457447,0.062493764857749996,,0.05938648770756513
2016-04-06,0.048175819567833615,0.07785885137792174,0.0927436768457447,0.062493764857749996,,0.05938648770756513
2016-04-07,0.048175819567833615,0.07785885137792174,0.0927436768457447,0.062493764857749996,,0.05938648770756513
2016-04-08,0.048175819567833615,0.07785885137792174,0.0927436768457447,0.062493764857749996,,0.05938648770756513
2016-04-11,0.048175819567833615,0.07785885137792174,0.0927436768457447,0.062493764857749996,,0.05938648770756513
2016-04-12,0.048175819567833615,0.07785885137792174,0.0927436768457447,0.062493764857749996,,0.05938648770756513
2016-04-13,0.048175819567833615,0.07785885137792174,0.0927436768457447,0.062493764857749996,,0.05938648770756513
2016-04-14,0.048175819567833615,0.07785885137792174,0.0927436768457447,0.062493764857749996,,0.05938648770756513
2016-04-15,0.048175819567833615,0.07785885137792174,0.0927436768457447,0.062493764857749996,,0.05938648770756513
2016-04-18,0.048175819567833615,0.07785885137792174,0.0927436768457447,0.062493764857749996,,0.05938648770756513
2016-04-19,0.048175819567833615,0.07785885137792174,0.0927436768457447,0.062493764857749996,,0.05938648770756513
2016-04-20,0.048175819567833615,0.07785885137792174,0.0927436768457447,0.062493764857749996,,0.05938648770756513
2016-04-21,0.048175819567833615,0.07785885137792174,0.0927436768457447,0.062493764857749996,,0.05938648770756513
2016-04-22,0.048175819567833615,0.07785885137792174,0.0927436768457447,0.062493764857749996,,0.05938648770756513
2016-04-25,0.048175819567833615,0.07785885137792174,0.0927436768457447,0.062493764857749996,,0.05938648770756513
2016-04-26,0.048175819567833615,0.07785885137792174,0.0927436768457447,0.062493764857749996,,0.05938648770756513
2016-04-27,0.048175819567833615,0.07785885137792174,0.0927436768457447,0.062493764857749996,,0.05938648770756513
2016-04-28,0.048175819567833615,0.07785885137792174,0.0927436768457447,0.062493764857749996,,0.05938648770756513
2016-04-29,0.048175819567833615,0.07785885137792174,0.0927436768457447,0.062493764857749996,,0.05938648770756513
2016-05-03,0.048175819567833615,0.07785885137792174,0.0927436768457447,0.062493764857749996,,0.05938648770756513
2016-05-04,0.048175819567833615,0.07785885137792174,0.0927436768457447,0.062493764857749996,,0.05938648770756513
2016-05-05,0.048175819567833615,0.07785885137792174,0.0927436768457447,0.062493764857749996,,0.05938648770756513
2016-05-06,0.048175819567833615,0.07785885137792174,0.0927436768457447,0.062493764857749996,,0.05938648770756513
2016-05-09,0.048175819567833615,0.07785885137792174,0.0927436768457447,0.062493764857749996,,0.05938648770756513
2016-05-10,0.048175819567833615,0.07785885137792174,0.0927436768457447,0.062493764857749996,,0.05938648770756513
2016-05-11,0.048175819567833615,0.07785885137792174,0.0927436768457447,0.062493764857749996,,0.05938648770756513
2016-05-12,0.048175819567833615,0.07785885137792174,0.0927436768457447,0.062493764857749996,,0.05938648770756513
2016-05-13,0.048175819567833615,0.07785885137792174,0.0927436768457447,0.062493764857749996,,0.05938648770756513
2016-05-16,0.048175819567833615,0.07785885137792174,0.0927436768457447,0.062493764857749996,,0.05938648770756513
2016-05-17,0.048175819567833615,0.07785885137792174,0.0927436768457447,0.062493764857749996,,0.05938648770756513
2016-05-18,0.048175819567833615,0.07785885137792174,0.0927436768457447,0.062493764857749996,,0.05938648770756513
2016-05-19,0.048175819567833615,0.07785885137792174,0.0927436768457447,0.062493764857749996,,0.05938648770756513
2016-05-20,0.048175819567833615,0.07785885137792174,0.0927436768457447,0.062493764857749996,,0.05938648770756513
2016-05-23,0.048175819567833615,0.07785885137792174,0.0927436768457447,0.062493764857749996,,0.05938648770756513
2016-05-24,0.048175819567833615,0.07785885137792174,0.0927436768457447,0.062493764857749996,,0.05938648770756513
2016-05-25,0.048175819567833615,0.07785885137792174,0.0927436768457447,0.062493764857749996,,0.05938648770756513
2016-05-26,0.048175819567833615,0.07785885137792174,0.0927436768457447,0.062493764857749996,,0.05938648770756513
2016-05-27,0.048175819567833615,0.07785885137792174,0.0927436768457447,0.062493764857749996,,0.05938648770756513
2016-05-30,0.048175819567833615,0.07785885137792174,0.0927436768457447,0.062493764857749996,,0.05938648770756513
2016-05-31,0.048175819567833615,0.07785885137792174,0.0927436768457447,0.062493764857749996,,0.05938648770756513
2016-06-01,0.048175819567833615,0.07785885137792174,0.0927436768457447,0.062493764857749996,,0.05938648770756513
2016-06-02,0.048175819567833615,0.07785885137792174,0.0927436768457447,0.062493764857749996,,0.05938648770756513
2016-06-03,0.048175819567833615,0.07785885137792174,0.0927436768457447,0.062493764857749996,,0.05938648770756513
2016-06-06,0.048175819567833615,0.07785885137792174,0.0927436768457447,0.062493764857749996,,0.05938648770756513
2016-06-07,0.048175819567833615,0.07785885137792174,0.0927436768457447,0.062493764857749996,,0.05938648770756513
2016-06-08,0.048175819567833615,0.07785885137792174,0.0927436768457447,0.062493764857749996,,0.05938648770756513
2016-06-13,0.048175819567833615,0.07785885137792174,0.0927436768457447,0.062493764857749996,,0.05938648770756513
2016-06-14,0.048175819567833615,0.07785885137792174,0.0927436768457447,0.062493764857749996,,0.05938648770756513
2016-06-15,0.048175819567833615,0.07785885137792174,0.0927436768457447,0.062493764857749996,,0.05938648770756513
2016-06-16,0.048175819567833615,0.07785885137792174,0.0927436768457447,0.062493764857749996,,0.05938648770756513
2016-06-17,0.048175819567833615,0.07785885137792174,0.0927436768457447,0.062493764857749996,,0.05938648770756513
2016-06-20,0.048175819567833615,0.07785885137792174,0.0927436768457447,0.062493764857749996,,0.05938648770756513
2016-06-21,0.048175819567833615,0.07785885137792174,0.0927436768457447,0.062493764857749996,,0.05938648770756513
2016-06-22,0.048175819567833615,0.07785885137792174,0.0927436768457447,0.062493764857749996,,0.05938648770756513
2016-06-23,0.048175819567833615,0.07785885137792174,0.0927436768457447,0.062493764857749996,,0.05938648770756513
2016-06-24,0.048175819567833615,0.07785885137792174,0.0927436768457447,0.062493764857749996,,0.05938648770756513
2016-06-27,0.048175819567833615,0.07785885137792174,0.0927436768457447,0.062493764857749996,,0.05938648770756513
2016-06-28,0.048175819567833615,0.07785885137792174,0.0927436768457447,0.062493764857749996,,0.05938648770756513
2016-06-29,0.048175819567833615,0.07785885137792174,0.0927436768457447,0.062493764857749996,,0.05938648770756513
2016-06-30,0.048175819567833615,0.07785885137792174,0.0927436768457447,0.062493764857749996,,0.05938648770756513
2016-07-01,0.05556465304488097,0.07568214093689922,0.09577217033267672,0.06559960084526746,,0.07380271937459126
2016-07-04,0.05556465304488097,0.07568214093689922,0.09577217033267672,0.06559960084526746,,0.07380271937459126
2016-07-05,0.05556465304488097,0.07568214093689922,0.09577217033267672,0.06559960084526746,,0.07380271937459126
2016-07-06,0.05556465304488097,0.07568214093689922,0.09577217033267672,0.06559960084526746,,0.07380271937459126
2016-07-07,0.05556465304488097,0.07568214093689922,0.09577217033267672,0.06559960084526746,,0.07380271937459126
2016-07-08,0.05556465304488097,0.07568214093689922,0.09577217033267672,0.06559960084526746,,0.07380271937459126
2016-07-11,0.05556465304488097,0.07568214093689922,0.09577217033267672,0.06559960084526746,,0.07380271937459126
2016-07-12,0.05556465304488097,0.07568214093689922,0.09577217033267672,0.06559960084526746,,0.07380271937459126
2016-07-13,0.05556465304488097,0.07568214093689922,0.09577217033267672,0.06559960084526746,,0.07380271937459126
2016-07-14,0.05556465304488097,0.07568214093689922,0.09577217033267672,0.06559960084526746,,0.07380271937459126
2016-07-15,0.05556465304488097,0.07568214093689922,0.09577217033267672,0.06559960084526746,,0.07380271937459126
2016-07-18,0.05556465304488097,0.07568214093689922,0.09577217033267672,0.06559960084526746,,0.07380271937459126
2016-07-19,0.05556465304488097,0.07568214093689922,0.09577217033267672,0.06559960084526746,,0.07380271937459126
2016-07-20,0.05556465304488097,0.07568214093689922,0.09577217033267672,0.06559960084526746,,0.07380271937459126
2016-07-21,0.05556465304488097,0.07568214093689922,0.09577217033267672,0.06559960084526746,,0.07380271937459126
2016-07-22,0.05556465304488097,0.07568214093689922,0.09577217033267672,0.06559960084526746,,0.07380271937459126
2016-07-25,0.05556465304488097,0.07568214093689922,0.09577217033267672,0.06559960084526746,,0.07380271937459126
2016-07-26,0.05556465304488097,0.07568214093689922,0.09577217033267672,0.06559960084526746,,0.07380271937459126
2016-07-27,0.05556465304488097,0.07568214093689922,0.09577217033267672,0.06559960084526746,,0.07380271937459126
2016-07-28,0.05556465304488097,0.07568214093689922,0.09577217033267672,0.06559960084526746,,0.07380271937459126
2016-07-29,0.05556465304488097,0.07568214093689922,0.09577217033267672,0.06559960084526746,,0.07380271937459126
2016-08-01,0.05556465304488097,0.07568214093689922,0.09577217033267672,0.06559960084526746,,0.07380271937459126
2016-08-02,0.05556465304488097,0.07568214093689922,0.09577217033267672,0.06559960084526746,,0.07380271937459126
2016-08-03,0.05556465304488097,0.07568214093689922,0.09577217033267672,0.06559960084526746,,0.07380271937459126
2016-08-04,0.05556465304488097,0.07568214093689922,0.09577217033267672,0.06559960084526746,,0.07380271937459126
2016-08-05,0.05556465304488097,0.07568214093689922,0.09577217033267672,0.06559960084526746,,0.07380271937459126
2016-08-08,0.05556465304488097,0.07568214093689922,0.09577217033267672,0.06559960084526746,,0.07380271937459126
2016-08-09,0.05556465304488097,0.07568214093689922,0.09577217033267672,0.06559960084526746,,0.07380271937459126
2016-08-10,0.05556465304488097,0.07568214093689922,0.09577217033267672,0.06559960084526746,,0.07380271937459126
2016-08-11,0.05556465304488097,0.07568214093689922,0.09577217033267672,0.06559960084526746,,0.07380271937459126
2016-08-12,0.05556465304488097,0.07568214093689922,0.09577217033267672,0.06559960084526746,,0.07380271937459126
2016-08-15,0.05556465304488097,0.07568214093689922,0.09577217033267672,0.06559960084526746,,0.07380271937459126
2016-08-16,0.05556465304488097,0.07568214093689922,0.09577217033267672,0.06559960084526746,,0.07380271937459126
2016-08-17,0.05556465304488097,0.07568214093689922,0.09577217033267672,0.06559960084526746,,0.07380271937459126
2016-08-18,0.05556465304488097,0.07568214093689922,0.09577217033267672,0.06559960084526746,,0.07380271937459126
2016-08-19,0.05556465304488097,0.07568214093689922,0.09577217033267672,0.06559960084526746,,0.07380271937459126
2016-08-22,0.05556465304488097,0.07568214093689922,0.09577217033267672,0.06559960084526746,,0.07380271937459126
2016-08-23,0.05556465304488097,0.07568214093689922,0.09577217033267672,0.06559960084526746,,0.07380271937459126
2016-08-24,0.05556465304488097,0.07568214093689922,0.09577217033267672,0.06559960084526746,,0.07380271937459126
2016-08-25,0.05556465304488097,0.07568214093689922,0.09577217033267672,0.06559960084526746,,0.07380271937459126
2016-08-26,0.05556465304488097,0.07568214093689922,0.09577217033267672,0.06559960084526746,,0.07380271937459126
2016-08-29,0.05556465304488097,0.07568214093689922,0.09577217033267672,0.06559960084526746,,0.07380271937459126
2016-08-30,0.05556465304488097,0.07568214093689922,0.09577217033267672,0.06559960084526746,,0.07380271937459126
2016-08-31,0.05556465304488097,0.07568214093689922,0.09577217033267672,0.06559960084526746,,0.07380271937459126
2016-09-01,0.05556465304488097,0.07568214093689922,0.09577217033267672,0.06559960084526746,,0.07380271937459126
2016-09-02,0.05556465304488097,0.07568214093689922,0.09577217033267672,0.06559960084526746,,0.07380271937459126
2016-09-05,0.05556465304488097,0.07568214093689922,0.09577217033267672,0.06559960084526746,,0.07380271937459126
2016-09-06,0.05556465304488097,0.07568214093689922,0.09577217033267672,0.06559960084526746,,0.07380271937459126
2016-09-07,0.05556465304488097,0.07568214093689922,0.09577217033267672,0.06559960084526746,,0.07380271937459126
2016-09-08,0.05556465304488097,0.07568214093689922,0.09577217033267672,0.06559960084526746,,0.07380271937459126
2016-09-09,0.05556465304488097,0.07568214093689922,0.09577217033267672,0.06559960084526746,,0.07380271937459126
2016-09-12,0.05556465304488097,0.07568214093689922,0.09577217033267672,0.06559960084526746,,0.07380271937459126
2016-09-13,0.05556465304488097,0.07568214093689922,0.09577217033267672,0.06559960084526746,,0.07380271937459126
2016-09-14,0.05556465304488097,0.07568214093689922,0.09577217033267672,0.06559960084526746,,0.07380271937459126
2016-09-19,0.05556465304488097,0.07568214093689922,0.09577217033267672,0.06559960084526746,,0.07380271937459126
2016-09-20,0.05556465304488097,0.07568214093689922,0.09577217033267672,0.06559960084526746,,0.07380271937459126
2016-09-21,0.05556465304488097,0.07568214093689922,0.09577217033267672,0.06559960084526746,,0.07380271937459126
2016-09-22,0.05556465304488097,0.07568214093689922,0.09577217033267672,0.06559960084526746,,0.07380271937459126
2016-09-23,0.05556465304488097,0.07568214093689922,0.09577217033267672,0.06559960084526746,,0.07380271937459126
2016-09-26,0.05556465304488097,0.07568214093689922,0.09577217033267672,0.06559960084526746,,0.07380271937459126
2016-09-27,0.05556465304488097,0.07568214093689922,0.09577217033267672,0.06559960084526746,,0.07380271937459126
2016-09-28,0.05556465304488097,0.07568214093689922,0.09577217033267672,0.06559960084526746,,0.07380271937459126
2016-09-29,0.05556465304488097,0.07568214093689922,0.09577217033267672,0.06559960084526746,,0.07380271937459126
2016-09-30,0.05556465304488097,0.07568214093689922,0.09577217033267672,0.06559960084526746,,0.07380271937459126
2016-10-10,0.05435358405336519,0.0590699126172025,0.08834186308811909,0.061201690929746456,,0.06692582843732027
2016-10-11,0.05435358405336519,0.0590699126172025,0.08834186308811909,0.061201690929746456,,0.06692582843732027
2016-10-12,0.05435358405336519,0.0590699126172025,0.08834186308811909,0.061201690929746456,,0.06692582843732027
2016-10-13,0.05435358405336519,0.0590699126172025,0.08834186308811909,0.061201690929746456,,0.06692582843732027
2016-10-14,0.05435358405336519,0.0590699126172025,0.08834186308811909,0.061201690929746456,,0.06692582843732027
2016-10-17,0.05435358405336519,0.0590699126172025,0.08834186308811909,0.061201690929746456,,0.06692582843732027
2016-10-18,0.05435358405336519,0.0590699126172025,0.08834186308811909,0.061201690929746456,,0.06692582843732027
2016-10-19,0.05435358405336519,0.0590699126172025,0.08834186308811909,0.061201690929746456,,0.06692582843732027
2016-10-20,0.05435358405336519,0.0590699126172025,0.08834186308811909,0.061201690929746456,,0.06692582843732027
2016-10-21,0.05435358405336519,0.0590699126172025,0.08834186308811909,0.061201690929746456,,0.06692582843732027
2016-10-24,0.05435358405336519,0.0590699126172025,0.08834186308811909,0.061201690929746456,,0.06692582843732027
2016-10-25,0.05435358405336519,0.0590699126172025,0.08834186308811909,0.061201690929746456,,0.06692582843732027
2016-10-26,0.05435358405336519,0.0590699126172025,0.08834186308811909,0.061201690929746456,,0.06692582843732027
2016-10-27,0.05435358405336519,0.0590699126172025,0.08834186308811909,0.061201690929746456,,0.06692582843732027
2016-10-28,0.05435358405336519,0.0590699126172025,0.08834186308811909,0.061201690929746456,,0.06692582843732027
2016-10-31,0.05435358405336519,0.0590699126172025,0.08834186308811909,0.061201690929746456,,0.06692582843732027
2016-11-01,0.05435358405336519,0.0590699126172025,0.08834186308811909,0.061201690929746456,,0.06692582843732027
2016-11-02,0.05435358405336519,0.0590699126172025,0.08834186308811909,0.061201690929746456,,0.06692582843732027
2016-11-03,0.05435358405336519,0.0590699126172025,0.08834186308811909,0.061201690929746456,,0.06692582843732027
2016-11-04,0.05435358405336519,0.0590699126172025,0.08834186308811909,0.061201690929746456,,0.06692582843732027
2016-11-07,0.05435358405336519,0.0590699126172025,0.08834186308811909,0.061201690929746456,,0.06692582843732027
2016-11-08,0.05435358405336519,0.0590699126172025,0.08834186308811909,0.061201690929746456,,0.06692582843732027
2016-11-09,0.05435358405336519,0.0590699126172025,0.08834186308811909,0.061201690929746456,,0.06692582843732027
2016-11-10,0.05435358405336519,0.0590699126172025,0.08834186308811909,0.061201690929746456,,0.06692582843732027
2016-11-11,0.05435358405336519,0.0590699126172025,0.08834186308811909,0.061201690929746456,,0.06692582843732027
2016-11-14,0.05435358405336519,0.0590699126172025,0.08834186308811909,0.061201690929746456,,0.06692582843732027
2016-11-15,0.05435358405336519,0.0590699126172025,0.08834186308811909,0.061201690929746456,,0.06692582843732027
2016-11-16,0.05435358405336519,0.0590699126172025,0.08834186308811909,0.061201690929746456,,0.06692582843732027
2016-11-17,0.05435358405336519,0.0590699126172025,0.08834186308811909,0.061201690929746456,,0.06692582843732027
2016-11-18,0.05435358405336519,0.0590699126172025,0.08834186308811909,0.061201690929746456,,0.06692582843732027
2016-11-21,0.05435358405336519,0.0590699126172025,0.08834186308811909,0.061201690929746456,,0.06692582843732027
2016-11-22,0.05435358405336519,0.0590699126172025,0.08834186308811909,0.061201690929746456,,0.06692582843732027
2016-11-23,0.05435358405336519,0.0590699126172025,0.08834186308811909,0.061201690929746456,,0.06692582843732027
2016-11-24,0.05435358405336519,0.0590699126172025,0.08834186308811909,0.061201690929746456,,0.06692582843732027
2016-11-25,0.05435358405336519,0.0590699126172025,0.08834186308811909,0.061201690929746456,,0.06692582843732027
2016-11-28,0.05435358405336519,0.0590699126172025,0.08834186308811909,0.061201690929746456,,0.06692582843732027
2016-11-29,0.05435358405336519,0.0590699126172025,0.08834186308811909,0.061201690929746456,,0.06692582843732027
2016-11-30,0.05435358405336519,0.0590699126172025,0.08834186308811909,0.061201690929746456,,0.06692582843732027
2016-12-01,0.05435358405336519,0.0590699126172025,0.08834186308811909,0.061201690929746456,,0.06692582843732027
2016-12-02,0.05435358405336519,0.0590699126172025,0.08834186308811909,0.061201690929746456,,0.06692582843732027
2016-12-05,0.05435358405336519,0.0590699126172025,0.08834186308811909,0.061201690929746456,,0.06692582843732027
2016-12-06,0.05435358405336519,0.0590699126172025,0.08834186308811909,0.061201690929746456,,0.06692582843732027
2016-12-07,0.05435358405336519,0.0590699126172025,0.08834186308811909,0.061201690929746456,,0.06692582843732027
2016-12-08,0.05435358405336519,0.0590699126172025,0.08834186308811909,0.061201690929746456,,0.06692582843732027
2016-12-09,0.05435358405336519,0.0590699126172025,0.08834186308811909,0.061201690929746456,,0.06692582843732027
2016-12-12,0.05435358405336519,0.0590699126172025,0.08834186308811909,0.061201690929746456,,0.06692582843732027
2016-12-13,0.05435358405336519,0.0590699126172025,0.08834186308811909,0.061201690929746456,,0.06692582843732027
2016-12-14,0.05435358405336519,0.0590699126172025,0.08834186308811909,0.061201690929746456,,0.06692582843732027
2016-12-15,0.05435358405336519,0.0590699126172025,0.08834186308811909,0.061201690929746456,,0.06692582843732027
2016-12-16,0.05435358405336519,0.0590699126172025,0.08834186308811909,0.061201690929746456,,0.06692582843732027
2016-12-19,0.05435358405336519,0.0590699126172025,0.08834186308811909,0.061201690929746456,,0.06692582843732027
2016-12-20,0.05435358405336519,0.0590699126172025,0.08834186308811909,0.061201690929746456,,0.06692582843732027
2016-12-21,0.05435358405336519,0.0590699126172025,0.08834186308811909,0.061201690929746456,,0.06692582843732027
2016-12-22,0.05435358405336519,0.0590699126172025,0.08834186308811909,0.061201690929746456,,0.06692582843732027
2016-12-23,0.05435358405336519,0.0590699126172025,0.08834186308811909,0.061201690929746456,,0.06692582843732027
2016-12-26,0.05435358405336519,0.0590699126172025,0.08834186308811909,0.061201690929746456,,0.06692582843732027
2016-12-27,0.05435358405336519,0.0590699126172025,0.08834186308811909,0.061201690929746456,,0.06692582843732027
2016-12-28,0.05435358405336519,0.0590699126172025,0.08834186308811909,0.061201690929746456,,0.06692582843732027
2016-12-29,0.05435358405336519,0.0590699126172025,0.08834186308811909,0.061201690929746456,,0.06692582843732027
2016-12-30,0.05435358405336519,0.0590699126172025,0.08834186308811909,0.061201690929746456,,0.06692582843732027
2017-01-03,0.03526770367926295,0.056106567856404,0.0938852114927741,0.05962520542834451,,0.0485873617732147
2017-01-04,0.03526770367926295,0.056106567856404,0.0938852114927741,0.05962520542834451,,0.0485873617732147
2017-01-05,0.03526770367926295,0.056106567856404,0.0938852114927741,0.05962520542834451,,0.0485873617732147
2017-01-06,0.03526770367926295,0.056106567856404,0.0938852114927741,0.05962520542834451,,0.0485873617732147
2017-01-09,0.03526770367926295,0.056106567856404,0.0938852114927741,0.05962520542834451,,0.0485873617732147
2017-01-10,0.03526770367926295,0.056106567856404,0.0938852114927741,0.05962520542834451,,0.0485873617732147
2017-01-11,0.03526770367926295,0.056106567856404,0.0938852114927741,0.05962520542834451,,0.0485873617732147
2017-01-12,0.03526770367926295,0.056106567856404,0.0938852114927741,0.05962520542834451,,0.0485873617732147
2017-01-13,0.03526770367926295,0.056106567856404,0.0938852114927741,0.05962520542834451,,0.0485873617732147
2017-01-16,0.03526770367926295,0.056106567856404,0.0938852114927741,0.05962520542834451,,0.0485873617732147
2017-01-17,0.03526770367926295,0.056106567856404,0.0938852114927741,0.05962520542834451,,0.0485873617732147
2017-01-18,0.03526770367926295,0.056106567856404,0.0938852114927741,0.05962520542834451,,0.0485873617732147
2017-01-19,0.03526770367926295,0.056106567856404,0.0938852114927741,0.05962520542834451,,0.0485873617732147
2017-01-20,0.03526770367926295,0.056106567856404,0.0938852114927741,0.05962520542834451,,0.0485873617732147
2017-01-23,0.03526770367926295,0.056106567856404,0.0938852114927741,0.05962520542834451,,0.0485873617732147
2017-01-24,0.03526770367926295,0.056106567856404,0.0938852114927741,0.05962520542834451,,0.0485873617732147
2017-01-25,0.03526770367926295,0.056106567856404,0.0938852114927741,0.05962520542834451,,0.0485873617732147
2017-01-26,0.03526770367926295,0.056106567856404,0.0938852114927741,0.05962520542834451,,0.0485873617732147
2017-02-03,0.03526770367926295,0.056106567856404,0.0938852114927741,0.05962520542834451,,0.0485873617732147
2017-02-06,0.03526770367926295,0.056106567856404,0.0938852114927741,0.05962520542834451,,0.0485873617732147
2017-02-07,0.03526770367926295,0.056106567856404,0.0938852114927741,0.05962520542834451,,0.0485873617732147
2017-02-08,0.03526770367926295,0.056106567856404,0.0938852114927741,0.05962520542834451,,0.0485873617732147
2017-02-09,0.03526770367926295,0.056106567856404,0.0938852114927741,0.05962520542834451,,0.0485873617732147
2017-02-10,0.03526770367926295,0.056106567856404,0.0938852114927741,0.05962520542834451,,0.0485873617732147
2017-02-13,0.03526770367926295,0.056106567856404,0.0938852114927741,0.05962520542834451,,0.0485873617732147
2017-02-14,0.03526770367926295,0.056106567856404,0.0938852114927741,0.05962520542834451,,0.0485873617732147
2017-02-15,0.03526770367926295,0.056106567856404,0.0938852114927741,0.05962520542834451,,0.0485873617732147
2017-02-16,0.03526770367926295,0.056106567856404,0.0938852114927741,0.05962520542834451,,0.0485873617732147
2017-02-17,0.03526770367926295,0.056106567856404,0.0938852114927741,0.05962520542834451,,0.0485873617732147
2017-02-20,0.03526770367926295,0.056106567856404,0.0938852114927741,0.05962520542834451,,0.0485873617732147
2017-02-21,0.03526770367926295,0.056106567856404,0.0938852114927741,0.05962520542834451,,0.0485873617732147
2017-02-22,0.03526770367926295,0.056106567856404,0.0938852114927741,0.05962520542834451,,0.0485873617732147
2017-02-23,0.03526770367926295,0.056106567856404,0.0938852114927741,0.05962520542834451,,0.0485873617732147
2017-02-24,0.03526770367926295,0.056106567856404,0.0938852114927741,0.05962520542834451,,0.0485873617732147
2017-02-27,0.03526770367926295,0.056106567856404,0.0938852114927741,0.05962520542834451,,0.0485873617732147
2017-02-28,0.03526770367926295,0.056106567856404,0.0938852114927741,0.05962520542834451,,0.0485873617732147
2017-03-01,0.03526770367926295,0.056106567856404,0.0938852114927741,0.05962520542834451,,0.0485873617732147
2017-03-02,0.03526770367926295,0.056106567856404,0.0938852114927741,0.05962520542834451,,0.0485873617732147
2017-03-03,0.03526770367926295,0.056106567856404,0.0938852114927741,0.05962520542834451,,0.0485873617732147
2017-03-06,0.03526770367926295,0.056106567856404,0.0938852114927741,0.05962520542834451,,0.0485873617732147
2017-03-07,0.03526770367926295,0.056106567856404,0.0938852114927741,0.05962520542834451,,0.0485873617732147
2017-03-08,0.03526770367926295,0.056106567856404,0.0938852114927741,0.05962520542834451,,0.0485873617732147
2017-03-09,0.03526770367926295,0.056106567856404,0.0938852114927741,0.05962520542834451,,0.0485873617732147
2017-03-10,0.03526770367926295,0.056106567856404,0.0938852114927741,0.05962520542834451,,0.0485873617732147
2017-03-13,0.03526770367926295,0.056106567856404,0.0938852114927741,0.05962520542834451,,0.0485873617732147
2017-03-14,0.03526770367926295,0.056106567856404,0.0938852114927741,0.05962520542834451,,0.0485873617732147
2017-03-15,0.03526770367926295,0.056106567856404,0.0938852114927741,0.05962520542834451,,0.0485873617732147
2017-03-16,0.03526770367926295,0.056106567856404,0.0938852114927741,0.05962520542834451,,0.0485873617732147
2017-03-17,0.03526770367926295,0.056106567856404,0.0938852114927741,0.05962520542834451,,0.0485873617732147
2017-03-20,0.03526770367926295,0.056106567856404,0.0938852114927741,0.05962520542834451,,0.0485873617732147
2017-03-21,0.03526770367926295,0.056106567856404,0.0938852114927741,0.05962520542834451,,0.0485873617732147
2017-03-22,0.03526770367926295,0.056106567856404,0.0938852114927741,0.05962520542834451,,0.0485873617732147
2017-03-23,0.03526770367926295,0.056106567856404,0.0938852114927741,0.05962520542834451,,0.0485873617732147
2017-03-24,0.03526770367926295,0.056106567856404,0.0938852114927741,0.05962520542834451,,0.0485873617732147
2017-03-27,0.03526770367926295,0.056106567856404,0.0938852114927741,0.05962520542834451,,0.0485873617732147
2017-03-28,0.03526770367926295,0.056106567856404,0.0938852114927741,0.05962520542834451,,0.0485873617732147
2017-03-29,0.03526770367926295,0.056106567856404,0.0938852114927741,0.05962520542834451,,0.0485873617732147
2017-03-30,0.03526770367926295,0.056106567856404,0.0938852114927741,0.05962520542834451,,0.0485873617732147
2017-03-31,0.03526770367926295,0.056106567856404,0.0938852114927741,0.05962520542834451,,0.0485873617732147
2017-04-05,0.011886231659932169,0.045207098188579736,0.10356210873050187,0.05933873639689488,,0.022384187402059753
2017-04-06,0.011886231659932169,0.045207098188579736,0.10356210873050187,0.05933873639689488,,0.022384187402059753
2017-04-07,0.011886231659932169,0.045207098188579736,0.10356210873050187,0.05933873639689488,,0.022384187402059753
2017-04-10,0.011886231659932169,0.045207098188579736,0.10356210873050187,0.05933873639689488,,0.022384187402059753
2017-04-11,0.011886231659932169,0.045207098188579736,0.10356210873050187,0.05933873639689488,,0.022384187402059753
2017-04-12,0.011886231659932169,0.045207098188579736,0.10356210873050187,0.05933873639689488,,0.022384187402059753
2017-04-13,0.011886231659932169,0.045207098188579736,0.10356210873050187,0.05933873639689488,,0.022384187402059753
2017-04-14,0.011886231659932169,0.045207098188579736,0.10356210873050187,0.05933873639689488,,0.022384187402059753
2017-04-17,0.011886231659932169,0.045207098188579736,0.10356210873050187,0.05933873639689488,,0.022384187402059753
2017-04-18,0.011886231659932169,0.045207098188579736,0.10356210873050187,0.05933873639689488,,0.022384187402059753
2017-04-19,0.011886231659932169,0.045207098188579736,0.10356210873050187,0.05933873639689488,,0.022384187402059753
2017-04-20,0.011886231659932169,0.045207098188579736,0.10356210873050187,0.05933873639689488,,0.022384187402059753
2017-04-21,0.011886231659932169,0.045207098188579736,0.10356210873050187,0.05933873639689488,,0.022384187402059753
2017-04-24,0.011886231659932169,0.045207098188579736,0.10356210873050187,0.05933873639689488,,0.022384187402059753
2017-04-25,0.011886231659932169,0.045207098188579736,0.10356210873050187,0.05933873639689488,,0.022384187402059753
2017-04-26,0.011886231659932169,0.045207098188579736,0.10356210873050187,0.05933873639689488,,0.022384187402059753
2017-04-27,0.011886231659932169,0.045207098188579736,0.10356210873050187,0.05933873639689488,,0.022384187402059753
2017-04-28,0.011886231659932169,0.045207098188579736,0.10356210873050187,0.05933873639689488,,0.022384187402059753
2017-05-02,0.011886231659932169,0.045207098188579736,0.10356210873050187,0.05933873639689488,,0.022384187402059753
2017-05-03,0.011886231659932169,0.045207098188579736,0.10356210873050187,0.05933873639689488,,0.022384187402059753
2017-05-04,0.011886231659932169,0.045207098188579736,0.10356210873050187,0.05933873639689488,,0.022384187402059753
2017-05-05,0.011886231659932169,0.045207098188579736,0.10356210873050187,0.05933873639689488,,0.022384187402059753
2017-05-08,0.011886231659932169,0.045207098188579736,0.10356210873050187,0.05933873639689488,,0.022384187402059753
2017-05-09,0.011886231659932169,0.045207098188579736,0.10356210873050187,0.05933873639689488,,0.022384187402059753
2017-05-10,0.011886231659932169,0.045207098188579736,0.10356210873050187,0.05933873639689488,,0.022384187402059753
2017-05-11,0.011886231659932169,0.045207098188579736,0.10356210873050187,0.05933873639689488,,0.022384187402059753
2017-05-12,0.011886231659932169,0.045207098188579736,0.10356210873050187,0.05933873639689488,,0.022384187402059753
2017-05-15,0.011886231659932169,0.045207098188579736,0.10356210873050187,0.05933873639689488,,0.022384187402059753
2017-05-16,0.011886231659932169,0.045207098188579736,0.10356210873050187,0.05933873639689488,,0.022384187402059753
2017-05-17,0.011886231659932169,0.045207098188579736,0.10356210873050187,0.05933873639689488,,0.022384187402059753
2017-05-18,0.011886231659932169,0.045207098188579736,0.10356210873050187,0.05933873639689488,,0.022384187402059753
2017-05-19,0.011886231659932169,0.045207098188579736,0.10356210873050187,0.05933873639689488,,0.022384187402059753
2017-05-22,0.011886231659932169,0.045207098188579736,0.10356210873050187,0.05933873639689488,,0.022384187402059753
2017-05-23,0.011886231659932169,0.045207098188579736,0.10356210873050187,0.05933873639689488,,0.022384187402059753
2017-05-24,0.011886231659932169,0.045207098188579736,0.10356210873050187,0.05933873639689488,,0.022384187402059753
2017-05-25,0.011886231659932169,0.045207098188579736,0.10356210873050187,0.05933873639689488,,0.022384187402059753
2017-05-26,0.011886231659932169,0.045207098188579736,0.10356210873050187,0.05933873639689488,,0.022384187402059753
2017-05-31,0.011886231659932169,0.045207098188579736,0.10356210873050187,0.05933873639689488,,0.022384187402059753
2017-06-01,0.011886231659932169,0.045207098188579736,0.10356210873050187,0.05933873639689488,,0.022384187402059753
2017-06-02,0.011886231659932169,0.045207098188579736,0.10356210873050187,0.05933873639689488,,0.022384187402059753
2017-06-05,0.011886231659932169,0.045207098188579736,0.10356210873050187,0.05933873639689488,,0.022384187402059753
2017-06-06,0.011886231659932169,0.045207098188579736,0.10356210873050187,0.05933873639689488,,0.022384187402059753
2017-06-07,0.011886231659932169,0.045207098188579736,0.10356210873050187,0.05933873639689488,,0.022384187402059753
2017-06-08,0.011886231659932169,0.045207098188579736,0.10356210873050187,0.05933873639689488,,0.022384187402059753
2017-06-09,0.011886231659932169,0.045207098188579736,0.10356210873050187,0.05933873639689488,,0.022384187402059753
2017-06-12,0.011886231659932169,0.045207098188579736,0.10356210873050187,0.05933873639689488,,0.022384187402059753
2017-06-13,0.011886231659932169,0.045207098188579736,0.10356210873050187,0.05933873639689488,,0.022384187402059753
2017-06-14,0.011886231659932169,0.045207098188579736,0.10356210873050187,0.05933873639689488,,0.022384187402059753
2017-06-15,0.011886231659932169,0.045207098188579736,0.10356210873050187,0.05933873639689488,,0.022384187402059753
2017-06-16,0.011886231659932169,0.045207098188579736,0.10356210873050187,0.05933873639689488,,0.022384187402059753
2017-06-19,0.011886231659932169,0.045207098188579736,0.10356210873050187,0.05933873639689488,,0.022384187402059753
2017-06-20,0.011886231659932169,0.045207098188579736,0.10356210873050187,0.05933873639689488,,0.022384187402059753
2017-06-21,0.011886231659932169,0.045207098188579736,0.10356210873050187,0.05933873639689488,,0.022384187402059753
2017-06-22,0.011886231659932169,0.045207098188579736,0.10356210873050187,0.05933873639689488,,0.022384187402059753
2017-06-23,0.011886231659932169,0.045207098188579736,0.10356210873050187,0.05933873639689488,,0.022384187402059753
2017-06-26,0.011886231659932169,0.045207098188579736,0.10356210873050187,0.05933873639689488,,0.022384187402059753
2017-06-27,0.011886231659932169,0.045207098188579736,0.10356210873050187,0.05933873639689488,,0.022384187402059753
2017-06-28,0.011886231659932169,0.045207098188579736,0.10356210873050187,0.05933873639689488,,0.022384187402059753
2017-06-29,0.011886231659932169,0.045207098188579736,0.10356210873050187,0.05933873639689488,,0.022384187402059753
2017-06-30,0.011886231659932169,0.045207098188579736,0.10356210873050187,0.05933873639689488,,0.022384187402059753
2017-07-03,0.03975010104342483,0.054627473684650804,0.11268828184830997,0.04698322463727665,,0.04316638620176301
2017-07-04,0.03975010104342483,0.054627473684650804,0.11268828184830997,0.04698322463727665,,0.04316638620176301
2017-07-05,0.03975010104342483,0.054627473684650804,0.11268828184830997,0.04698322463727665,,0.04316638620176301
2017-07-06,0.03975010104342483,0.054627473684650804,0.11268828184830997,0.04698322463727665,,0.04316638620176301
2017-07-07,0.03975010104342483,0.054627473684650804,0.11268828184830997,0.04698322463727665,,0.04316638620176301
2017-07-10,0.03975010104342483,0.054627473684650804,0.11268828184830997,0.04698322463727665,,0.04316638620176301
2017-07-11,0.03975010104342483,0.054627473684650804,0.11268828184830997,0.04698322463727665,,0.04316638620176301
2017-07-12,0.03975010104342483,0.054627473684650804,0.11268828184830997,0.04698322463727665,,0.04316638620176301
2017-07-13,0.03975010104342483,0.054627473684650804,0.11268828184830997,0.04698322463727665,,0.04316638620176301
2017-07-14,0.03975010104342483,0.054627473684650804,0.11268828184830997,0.04698322463727665,,0.04316638620176301
2017-07-17,0.03975010104342483,0.054627473684650804,0.11268828184830997,0.04698322463727665,,0.04316638620176301
2017-07-18,0.03975010104342483,0.054627473684650804,0.11268828184830997,0.04698322463727665,,0.04316638620176301
2017-07-19,0.03975010104342483,0.054627473684650804,0.11268828184830997,0.04698322463727665,,0.04316638620176301
2017-07-20,0.03975010104342483,0.054627473684650804,0.11268828184830997,0.04698322463727665,,0.04316638620176301
2017-07-21,0.03975010104342483,0.054627473684650804,0.11268828184830997,0.04698322463727665,,0.04316638620176301
2017-07-24,0.03975010104342483,0.054627473684650804,0.11268828184830997,0.04698322463727665,,0.04316638620176301
2017-07-25,0.03975010104342483,0.054627473684650804,0.11268828184830997,0.04698322463727665,,0.04316638620176301
2017-07-26,0.03975010104342483,0.054627473684650804,0.11268828184830997,0.04698322463727665,,0.04316638620176301
2017-07-27,0.03975010104342483,0.054627473684650804,0.11268828184830997,0.04698322463727665,,0.04316638620176301
2017-07-28,0.03975010104342483,0.054627473684650804,0.11268828184830997,0.04698322463727665,,0.04316638620176301
2017-07-31,0.03975010104342483,0.054627473684650804,0.11268828184830997,0.04698322463727665,,0.04316638620176301
2017-08-01,0.03975010104342483,0.054627473684650804,0.11268828184830997,0.04698322463727665,,0.04316638620176301
2017-08-02,0.03975010104342483,0.054627473684650804,0.11268828184830997,0.04698322463727665,,0.04316638620176301
2017-08-03,0.03975010104342483,0.054627473684650804,0.11268828184830997,0.04698322463727665,,0.04316638620176301
2017-08-04,0.03975010104342483,0.054627473684650804,0.11268828184830997,0.04698322463727665,,0.04316638620176301
2017-08-07,0.03975010104342483,0.054627473684650804,0.11268828184830997,0.04698322463727665,,0.04316638620176301
2017-08-08,0.03975010104342483,0.054627473684650804,0.11268828184830997,0.04698322463727665,,0.04316638620176301
2017-08-09,0.03975010104342483,0.054627473684650804,0.11268828184830997,0.04698322463727665,,0.04316638620176301
2017-08-10,0.03975010104342483,0.054627473684650804,0.11268828184830997,0.04698322463727665,,0.04316638620176301
2017-08-11,0.03975010104342483,0.054627473684650804,0.11268828184830997,0.04698322463727665,,0.04316638620176301
2017-08-14,0.03975010104342483,0.054627473684650804,0.11268828184830997,0.04698322463727665,,0.04316638620176301
2017-08-15,0.03975010104342483,0.054627473684650804,0.11268828184830997,0.04698322463727665,,0.04316638620176301
2017-08-16,0.03975010104342483,0.054627473684650804,0.11268828184830997,0.04698322463727665,,0.04316638620176301
2017-08-17,0.03975010104342483,0.054627473684650804,0.11268828184830997,0.04698322463727665,,0.04316638620176301
2017-08-18,0.03975010104342483,0.054627473684650804,0.11268828184830997,0.04698322463727665,,0.04316638620176301
2017-08-21,0.03975010104342483,0.054627473684650804,0.11268828184830997,0.04698322463727665,,0.04316638620176301
2017-08-22,0.03975010104342483,0.054627473684650804,0.11268828184830997,0.04698322463727665,,0.04316638620176301
2017-08-23,0.03975010104342483,0.054627473684650804,0.11268828184830997,0.04698322463727665,,0.04316638620176301
2017-08-24,0.03975010104342483,0.054627473684650804,0.11268828184830997,0.04698322463727665,,0.04316638620176301
2017-08-25,0.03975010104342483,0.054627473684650804,0.11268828184830997,0.04698322463727665,,0.04316638620176301
2017-08-28,0.03975010104342483,0.054627473684650804,0.11268828184830997,0.04698322463727665,,0.04316638620176301
2017-08-29,0.03975010104342483,0.054627473684650804,0.11268828184830997,0.04698322463727665,,0.04316638620176301
2017-08-30,0.03975010104342483,0.054627473684650804,0.11268828184830997,0.04698322463727665,,0.04316638620176301
2017-08-31,0.03975010104342483,0.054627473684650804,0.11268828184830997,0.04698322463727665,,0.04316638620176301
2017-09-01,0.03975010104342483,0.054627473684650804,0.11268828184830997,0.04698322463727665,,0.04316638620176301
2017-09-04,0.03975010104342483,0.054627473684650804,0.11268828184830997,0.04698322463727665,,0.04316638620176301
2017-09-05,0.03975010104342483,0.054627473684650804,0.11268828184830997,0.04698322463727665,,0.04316638620176301
2017-09-06,0.03975010104342483,0.054627473684650804,0.11268828184830997,0.04698322463727665,,0.04316638620176301
2017-09-07,0.03975010104342483,0.054627473684650804,0.11268828184830997,0.04698322463727665,,0.04316638620176301
2017-09-08,0.03975010104342483,0.054627473684650804,0.11268828184830997,0.04698322463727665,,0.04316638620176301
2017-09-11,0.03975010104342483,0.054627473684650804,0.11268828184830997,0.04698322463727665,,0.04316638620176301
2017-09-12,0.03975010104342483,0.054627473684650804,0.11268828184830997,0.04698322463727665,,0.04316638620176301
2017-09-13,0.03975010104342483,0.054627473684650804,0.11268828184830997,0.04698322463727665,,0.04316638620176301
2017-09-14,0.03975010104342483,0.054627473684650804,0.11268828184830997,0.04698322463727665,,0.04316638620176301
2017-09-15,0.03975010104342483,0.054627473684650804,0.11268828184830997,0.04698322463727665,,0.04316638620176301
2017-09-18,0.03975010104342483,0.054627473684650804,0.11268828184830997,0.04698322463727665,,0.04316638620176301
2017-09-19,0.03975010104342483,0.054627473684650804,0.11268828184830997,0.04698322463727665,,0.04316638620176301
2017-09-20,0.03975010104342483,0.054627473684650804,0.11268828184830997,0.04698322463727665,,0.04316638620176301
2017-09-21,0.03975010104342483,0.054627473684650804,0.11268828184830997,0.04698322463727665,,0.04316638620176301
2017-09-22,0.03975010104342483,0.054627473684650804,0.11268828184830997,0.04698322463727665,,0.04316638620176301
2017-09-25,0.03975010104342483,0.054627473684650804,0.11268828184830997,0.04698322463727665,,0.04316638620176301
2017-09-26,0.03975010104342483,0.054627473684650804,0.11268828184830997,0.04698322463727665,,0.04316638620176301
2017-09-27,0.03975010104342483,0.054627473684650804,0.11268828184830997,0.04698322463727665,,0.04316638620176301
2017-09-28,0.03975010104342483,0.054627473684650804,0.11268828184830997,0.04698322463727665,,0.04316638620176301
2017-09-29,0.03975010104342483,0.054627473684650804,0.11268828184830997,0.04698322463727665,,0.04316638620176301
2017-10-09,0.03165770062111065,0.0407827409679973,0.09455617577888376,0.04020146741724361,,0.03173514952698075
2017-10-10,0.03165770062111065,0.0407827409679973,0.09455617577888376,0.04020146741724361,,0.03173514952698075
2017-10-11,0.03165770062111065,0.0407827409679973,0.09455617577888376,0.04020146741724361,,0.03173514952698075
2017-10-12,0.03165770062111065,0.0407827409679973,0.09455617577888376,0.04020146741724361,,0.03173514952698075
2017-10-13,0.03165770062111065,0.0407827409679973,0.09455617577888376,0.04020146741724361,,0.03173514952698075
2017-10-16,0.03165770062111065,0.0407827409679973,0.09455617577888376,0.04020146741724361,,0.03173514952698075
2017-10-17,0.03165770062111065,0.0407827409679973,0.09455617577888376,0.04020146741724361,,0.03173514952698075
2017-10-18,0.03165770062111065,0.0407827409679973,0.09455617577888376,0.04020146741724361,,0.03173514952698075
2017-10-19,0.03165770062111065,0.0407827409679973,0.09455617577888376,0.04020146741724361,,0.03173514952698075
2017-10-20,0.03165770062111065,0.0407827409679973,0.09455617577888376,0.04020146741724361,,0.03173514952698075
2017-10-23,0.03165770062111065,0.0407827409679973,0.09455617577888376,0.04020146741724361,,0.03173514952698075
2017-10-24,0.03165770062111065,0.0407827409679973,0.09455617577888376,0.04020146741724361,,0.03173514952698075
2017-10-25,0.03165770062111065,0.0407827409679973,0.09455617577888376,0.04020146741724361,,0.03173514952698075
2017-10-26,0.03165770062111065,0.0407827409679973,0.09455617577888376,0.04020146741724361,,0.03173514952698075
2017-10-27,0.03165770062111065,0.0407827409679973,0.09455617577888376,0.04020146741724361,,0.03173514952698075
2017-10-30,0.03165770062111065,0.0407827409679973,0.09455617577888376,0.04020146741724361,,0.03173514952698075
2017-10-31,0.03165770062111065,0.0407827409679973,0.09455617577888376,0.04020146741724361,,0.03173514952698075
2017-11-01,0.03165770062111065,0.0407827409679973,0.09455617577888376,0.04020146741724361,,0.03173514952698075
2017-11-02,0.03165770062111065,0.0407827409679973,0.09455617577888376,0.04020146741724361,,0.03173514952698075
2017-11-03,0.03165770062111065,0.0407827409679973,0.09455617577888376,0.04020146741724361,,0.03173514952698075
2017-11-06,0.03165770062111065,0.0407827409679973,0.09455617577888376,0.04020146741724361,,0.03173514952698075
2017-11-07,0.03165770062111065,0.0407827409679973,0.09455617577888376,0.04020146741724361,,0.03173514952698075
2017-11-08,0.03165770062111065,0.0407827409679973,0.09455617577888376,0.04020146741724361,,0.03173514952698075
2017-11-09,0.03165770062111065,0.0407827409679973,0.09455617577888376,0.04020146741724361,,0.03173514952698075
2017-11-10,0.03165770062111065,0.0407827409679973,0.09455617577888376,0.04020146741724361,,0.03173514952698075
2017-11-13,0.03165770062111065,0.0407827409679973,0.09455617577888376,0.04020146741724361,,0.03173514952698075
2017-11-14,0.03165770062111065,0.0407827409679973,0.09455617577888376,0.04020146741724361,,0.03173514952698075
2017-11-15,0.03165770062111065,0.0407827409679973,0.09455617577888376,0.04020146741724361,,0.03173514952698075
2017-11-16,0.03165770062111065,0.0407827409679973,0.09455617577888376,0.04020146741724361,,0.03173514952698075
2017-11-17,0.03165770062111065,0.0407827409679973,0.09455617577888376,0.04020146741724361,,0.03173514952698075
2017-11-20,0.03165770062111065,0.0407827409679973,0.09455617577888376,0.04020146741724361,,0.03173514952698075
2017-11-21,0.03165770062111065,0.0407827409679973,0.09455617577888376,0.04020146741724361,,0.03173514952698075
2017-11-22,0.03165770062111065,0.0407827409679973,0.09455617577888376,0.04020146741724361,,0.03173514952698075
2017-11-23,0.03165770062111065,0.0407827409679973,0.09455617577888376,0.04020146741724361,,0.03173514952698075
2017-11-24,0.03165770062111065,0.0407827409679973,0.09455617577888376,0.04020146741724361,,0.03173514952698075
2017-11-27,0.03165770062111065,0.0407827409679973,0.09455617577888376,0.04020146741724361,,0.03173514952698075
2017-11-28,0.03165770062111065,0.0407827409679973,0.09455617577888376,0.04020146741724361,,0.03173514952698075
2017-11-29,0.03165770062111065,0.0407827409679973,0.09455617577888376,0.04020146741724361,,0.03173514952698075
2017-11-30,0.03165770062111065,0.0407827409679973,0.09455617577888376,0.04020146741724361,,0.03173514952698075
2017-12-01,0.03165770062111065,0.0407827409679973,0.09455617577888376,0.04020146741724361,,0.03173514952698075
2017-12-04,0.03165770062111065,0.0407827409679973,0.09455617577888376,0.04020146741724361,,0.03173514952698075
2017-12-05,0.03165770062111065,0.0407827409679973,0.09455617577888376,0.04020146741724361,,0.03173514952698075
2017-12-06,0.03165770062111065,0.0407827409679973,0.09455617577888376,0.04020146741724361,,0.03173514952698075
2017-12-07,0.03165770062111065,0.0407827409679973,0.09455617577888376,0.04020146741724361,,0.03173514952698075
2017-12-08,0.03165770062111065,0.0407827409679973,0.09455617577888376,0.04020146741724361,,0.03173514952698075
2017-12-11,0.03165770062111065,0.0407827409679973,0.09455617577888376,0.04020146741724361,,0.03173514952698075
2017-12-12,0.03165770062111065,0.0407827409679973,0.09455617577888376,0.04020146741724361,,0.03173514952698075
2017-12-13,0.03165770062111065,0.0407827409679973,0.09455617577888376,0.04020146741724361,,0.03173514952698075
2017-12-14,0.03165770062111065,0.0407827409679973,0.09455617577888376,0.04020146741724361,,0.03173514952698075
2017-12-15,0.03165770062111065,0.0407827409679973,0.09455617577888376,0.04020146741724361,,0.03173514952698075
2017-12-18,0.03165770062111065,0.0407827409679973,0.09455617577888376,0.04020146741724361,,0.03173514952698075
2017-12-19,0.03165770062111065,0.0407827409679973,0.09455617577888376,0.04020146741724361,,0.03173514952698075
2017-12-20,0.03165770062111065,0.0407827409679973,0.09455617577888376,0.04020146741724361,,0.03173514952698075
2017-12-21,0.03165770062111065,0.0407827409679973,0.09455617577888376,0.04020146741724361,,0.03173514952698075
2017-12-22,0.03165770062111065,0.0407827409679973,0.09455617577888376,0.04020146741724361,,0.03173514952698075
2017-12-25,0.03165770062111065,0.0407827409679973,0.09455617577888376,0.04020146741724361,,0.03173514952698075
2017-12-26,0.03165770062111065,0.0407827409679973,0.09455617577888376,0.04020146741724361,,0.03173514952698075
2017-12-27,0.03165770062111065,0.0407827409679973,0.09455617577888376,0.04020146741724361,,0.03173514952698075
2017-12-28,0.03165770062111065,0.0407827409679973,0.09455617577888376,0.04020146741724361,,0.03173514952698075
2017-12-29,0.03165770062111065,0.0407827409679973,0.09455617577888376,0.04020146741724361,,0.03173514952698075
2018-01-02,0.02449802242554773,0.041489308599332655,0.0963269180741442,0.027277773235248794,,0.035604721238558054
2018-01-03,0.02449802242554773,0.041489308599332655,0.0963269180741442,0.027277773235248794,,0.035604721238558054
2018-01-04,0.02449802242554773,0.041489308599332655,0.0963269180741442,0.027277773235248794,,0.035604721238558054
2018-01-05,0.02449802242554773,0.041489308599332655,0.0963269180741442,0.027277773235248794,,0.035604721238558054
2018-01-08,0.02449802242554773,0.041489308599332655,0.0963269180741442,0.027277773235248794,,0.035604721238558054
2018-01-09,0.02449802242554773,0.041489308599332655,0.0963269180741442,0.027277773235248794,,0.035604721238558054
2018-01-10,0.02449802242554773,0.041489308599332655,0.0963269180741442,0.027277773235248794,,0.035604721238558054
2018-01-11,0.02449802242554773,0.041489308599332655,0.0963269180741442,0.027277773235248794,,0.035604721238558054
2018-01-12,0.02449802242554773,0.041489308599332655,0.0963269180741442,0.027277773235248794,,0.035604721238558054
2018-01-15,0.02449802242554773,0.041489308599332655,0.0963269180741442,0.027277773235248794,,0.035604721238558054
2018-01-16,0.02449802242554773,0.041489308599332655,0.0963269180741442,0.027277773235248794,,0.035604721238558054
2018-01-17,0.02449802242554773,0.041489308599332655,0.0963269180741442,0.027277773235248794,,0.035604721238558054
2018-01-18,0.02449802242554773,0.041489308599332655,0.0963269180741442,0.027277773235248794,,0.035604721238558054
2018-01-19,0.02449802242554773,0.041489308599332655,0.0963269180741442,0.027277773235248794,,0.035604721238558054
2018-01-22,0.02449802242554773,0.041489308599332655,0.0963269180741442,0.027277773235248794,,0.035604721238558054
2018-01-23,0.02449802242554773,0.041489308599332655,0.0963269180741442,0.027277773235248794,,0.035604721238558054
2018-01-24,0.02449802242554773,0.041489308599332655,0.0963269180741442,0.027277773235248794,,0.035604721238558054
2018-01-25,0.02449802242554773,0.041489308599332655,0.0963269180741442,0.027277773235248794,,0.035604721238558054
2018-01-26,0.02449802242554773,0.041489308599332655,0.0963269180741442,0.027277773235248794,,0.035604721238558054
2018-01-29,0.02449802242554773,0.041489308599332655,0.0963269180741442,0.027277773235248794,,0.035604721238558054
2018-01-30,0.02449802242554773,0.041489308599332655,0.0963269180741442,0.027277773235248794,,0.035604721238558054
2018-01-31,0.02449802242554773,0.041489308599332655,0.0963269180741442,0.027277773235248794,,0.035604721238558054
2018-02-01,0.02449802242554773,0.041489308599332655,0.0963269180741442,0.027277773235248794,,0.035604721238558054
2018-02-02,0.02449802242554773,0.041489308599332655,0.0963269180741442,0.027277773235248794,,0.035604721238558054
2018-02-05,0.02449802242554773,0.041489308599332655,0.0963269180741442,0.027277773235248794,,0.035604721238558054
2018-02-06,0.02449802242554773,0.041489308599332655,0.0963269180741442,0.027277773235248794,,0.035604721238558054
2018-02-07,0.02449802242554773,0.041489308599332655,0.0963269180741442,0.027277773235248794,,0.035604721238558054
2018-02-08,0.02449802242554773,0.041489308599332655,0.0963269180741442,0.027277773235248794,,0.035604721238558054
2018-02-09,0.02449802242554773,0.041489308599332655,0.0963269180741442,0.027277773235248794,,0.035604721238558054
2018-02-12,0.02449802242554773,0.041489308599332655,0.0963269180741442,0.027277773235248794,,0.035604721238558054
2018-02-13,0.02449802242554773,0.041489308599332655,0.0963269180741442,0.027277773235248794,,0.035604721238558054
2018-02-14,0.02449802242554773,0.041489308599332655,0.0963269180741442,0.027277773235248794,,0.035604721238558054
2018-02-22,0.02449802242554773,0.041489308599332655,0.0963269180741442,0.027277773235248794,,0.035604721238558054
2018-02-23,0.02449802242554773,0.041489308599332655,0.0963269180741442,0.027277773235248794,,0.035604721238558054
2018-02-26,0.02449802242554773,0.041489308599332655,0.0963269180741442,0.027277773235248794,,0.035604721238558054
2018-02-27,0.02449802242554773,0.041489308599332655,0.0963269180741442,0.027277773235248794,,0.035604721238558054
2018-02-28,0.02449802242554773,0.041489308599332655,0.0963269180741442,0.027277773235248794,,0.035604721238558054
2018-03-01,0.02449802242554773,0.041489308599332655,0.0963269180741442,0.027277773235248794,,0.035604721238558054
2018-03-02,0.02449802242554773,0.041489308599332655,0.0963269180741442,0.027277773235248794,,0.035604721238558054
2018-03-05,0.02449802242554773,0.041489308599332655,0.0963269180741442,0.027277773235248794,,0.035604721238558054
2018-03-06,0.02449802242554773,0.041489308599332655,0.0963269180741442,0.027277773235248794,,0.035604721238558054
2018-03-07,0.02449802242554773,0.041489308599332655,0.0963269180741442,0.027277773235248794,,0.035604721238558054
2018-03-08,0.02449802242554773,0.041489308599332655,0.0963269180741442,0.027277773235248794,,0.035604721238558054
2018-03-09,0.02449802242554773,0.041489308599332655,0.0963269180741442,0.027277773235248794,,0.035604721238558054
2018-03-12,0.02449802242554773,0.041489308599332655,0.0963269180741442,0.027277773235248794,,0.035604721238558054
2018-03-13,0.02449802242554773,0.041489308599332655,0.0963269180741442,0.027277773235248794,,0.035604721238558054
2018-03-14,0.02449802242554773,0.041489308599332655,0.0963269180741442,0.027277773235248794,,0.035604721238558054
2018-03-15,0.02449802242554773,0.041489308599332655,0.0963269180741442,0.027277773235248794,,0.035604721238558054
2018-03-16,0.02449802242554773,0.041489308599332655,0.0963269180741442,0.027277773235248794,,0.035604721238558054
2018-03-19,0.02449802242554773,0.041489308599332655,0.0963269180741442,0.027277773235248794,,0.035604721238558054
2018-03-20,0.02449802242554773,0.041489308599332655,0.0963269180741442,0.027277773235248794,,0.035604721238558054
2018-03-21,0.02449802242554773,0.041489308599332655,0.0963269180741442,0.027277773235248794,,0.035604721238558054
2018-03-22,0.02449802242554773,0.041489308599332655,0.0963269180741442,0.027277773235248794,,0.035604721238558054
2018-03-23,0.02449802242554773,0.041489308599332655,0.0963269180741442,0.027277773235248794,,0.035604721238558054
2018-03-26,0.02449802242554773,0.041489308599332655,0.0963269180741442,0.027277773235248794,,0.035604721238558054
2018-03-27,0.02449802242554773,0.041489308599332655,0.0963269180741442,0.027277773235248794,,0.035604721238558054
2018-03-28,0.02449802242554773,0.041489308599332655,0.0963269180741442,0.027277773235248794,,0.035604721238558054
2018-03-29,0.02449802242554773,0.041489308599332655,0.0963269180741442,0.027277773235248794,,0.035604721238558054
2018-03-30,0.02449802242554773,0.041489308599332655,0.0963269180741442,0.027277773235248794,,0.035604721238558054
2018-04-02,0.05448716425693525,0.03968510426568453,0.09133608887305031,0.022478340600276515,,0.05990853880674334
2018-04-03,0.05448716425693525,0.03968510426568453,0.09133608887305031,0.022478340600276515,,0.05990853880674334
2018-04-04,0.05448716425693525,0.03968510426568453,0.09133608887305031,0.022478340600276515,,0.05990853880674334
2018-04-09,0.05448716425693525,0.03968510426568453,0.09133608887305031,0.022478340600276515,,0.05990853880674334
2018-04-10,0.05448716425693525,0.03968510426568453,0.09133608887305031,0.022478340600276515,,0.05990853880674334
2018-04-11,0.05448716425693525,0.03968510426568453,0.09133608887305031,0.022478340600276515,,0.05990853880674334
2018-04-12,0.05448716425693525,0.03968510426568453,0.09133608887305031,0.022478340600276515,,0.05990853880674334
2018-04-13,0.05448716425693525,0.03968510426568453,0.09133608887305031,0.022478340600276515,,0.05990853880674334
2018-04-16,0.05448716425693525,0.03968510426568453,0.09133608887305031,0.022478340600276515,,0.05990853880674334
2018-04-17,0.05448716425693525,0.03968510426568453,0.09133608887305031,0.022478340600276515,,0.05990853880674334
2018-04-18,0.05448716425693525,0.03968510426568453,0.09133608887305031,0.022478340600276515,,0.05990853880674334
2018-04-19,0.05448716425693525,0.03968510426568453,0.09133608887305031,0.022478340600276515,,0.05990853880674334
2018-04-20,0.05448716425693525,0.03968510426568453,0.09133608887305031,0.022478340600276515,,0.05990853880674334
2018-04-23,0.05448716425693525,0.03968510426568453,0.09133608887305031,0.022478340600276515,,0.05990853880674334
2018-04-24,0.05448716425693525,0.03968510426568453,0.09133608887305031,0.022478340600276515,,0.05990853880674334
2018-04-25,0.05448716425693525,0.03968510426568453,0.09133608887305031,0.022478340600276515,,0.05990853880674334
2018-04-26,0.05448716425693525,0.03968510426568453,0.09133608887305031,0.022478340600276515,,0.05990853880674334
2018-04-27,0.05448716425693525,0.03968510426568453,0.09133608887305031,0.022478340600276515,,0.05990853880674334
2018-05-02,0.05448716425693525,0.03968510426568453,0.09133608887305031,0.022478340600276515,,0.05990853880674334
2018-05-03,0.05448716425693525,0.03968510426568453,0.09133608887305031,0.022478340600276515,,0.05990853880674334
2018-05-04,0.05448716425693525,0.03968510426568453,0.09133608887305031,0.022478340600276515,,0.05990853880674334
2018-05-07,0.05448716425693525,0.03968510426568453,0.09133608887305031,0.022478340600276515,,0.05990853880674334
2018-05-08,0.05448716425693525,0.03968510426568453,0.09133608887305031,0.022478340600276515,,0.05990853880674334
2018-05-09,0.05448716425693525,0.03968510426568453,0.09133608887305031,0.022478340600276515,,0.05990853880674334
2018-05-10,0.05448716425693525,0.03968510426568453,0.09133608887305031,0.022478340600276515,,0.05990853880674334
2018-05-11,0.05448716425693525,0.03968510426568453,0.09133608887305031,0.022478340600276515,,0.05990853880674334
2018-05-14,0.05448716425693525,0.03968510426568453,0.09133608887305031,0.022478340600276515,,0.05990853880674334
2018-05-15,0.05448716425693525,0.03968510426568453,0.09133608887305031,0.022478340600276515,,0.05990853880674334
2018-05-16,0.05448716425693525,0.03968510426568453,0.09133608887305031,0.022478340600276515,,0.05990853880674334
2018-05-17,0.05448716425693525,0.03968510426568453,0.09133608887305031,0.022478340600276515,,0.05990853880674334
2018-05-18,0.05448716425693525,0.03968510426568453,0.09133608887305031,0.022478340600276515,,0.05990853880674334
2018-05-21,0.05448716425693525,0.03968510426568453,0.09133608887305031,0.022478340600276515,,0.05990853880674334
2018-05-22,0.05448716425693525,0.03968510426568453,0.09133608887305031,0.022478340600276515,,0.05990853880674334
2018-05-23,0.05448716425693525,0.03968510426568453,0.09133608887305031,0.022478340600276515,,0.05990853880674334
2018-05-24,0.05448716425693525,0.03968510426568453,0.09133608887305031,0.022478340600276515,,0.05990853880674334
2018-05-25,0.05448716425693525,0.03968510426568453,0.09133608887305031,0.022478340600276515,,0.05990853880674334
2018-05-28,0.05448716425693525,0.03968510426568453,0.09133608887305031,0.022478340600276515,,0.05990853880674334
2018-05-29,0.05448716425693525,0.03968510426568453,0.09133608887305031,0.022478340600276515,,0.05990853880674334
2018-05-30,0.05448716425693525,0.03968510426568453,0.09133608887305031,0.022478340600276515,,0.05990853880674334
2018-05-31,0.05448716425693525,0.03968510426568453,0.09133608887305031,0.022478340600276515,,0.05990853880674334
2018-06-01,0.05448716425693525,0.03968510426568453,0.09133608887305031,0.022478340600276515,,0.05990853880674334
2018-06-04,0.05448716425693525,0.03968510426568453,0.09133608887305031,0.022478340600276515,,0.05990853880674334
2018-06-05,0.05448716425693525,0.03968510426568453,0.09133608887305031,0.022478340600276515,,0.05990853880674334
2018-06-06,0.05448716425693525,0.03968510426568453,0.09133608887305031,0.022478340600276515,,0.05990853880674334
2018-06-07,0.05448716425693525,0.03968510426568453,0.09133608887305031,0.022478340600276515,,0.05990853880674334
2018-06-08,0.05448716425693525,0.03968510426568453,0.09133608887305031,0.022478340600276515,,0.05990853880674334
2018-06-11,0.05448716425693525,0.03968510426568453,0.09133608887305031,0.022478340600276515,,0.05990853880674334
2018-06-12,0.05448716425693525,0.03968510426568453,0.09133608887305031,0.022478340600276515,,0.05990853880674334
2018-06-13,0.05448716425693525,0.03968510426568453,0.09133608887305031,0.022478340600276515,,0.05990853880674334
2018-06-14,0.05448716425693525,0.03968510426568453,0.09133608887305031,0.022478340600276515,,0.05990853880674334
2018-06-15,0.05448716425693525,0.03968510426568453,0.09133608887305031,0.022478340600276515,,0.05990853880674334
2018-06-19,0.05448716425693525,0.03968510426568453,0.09133608887305031,0.022478340600276515,,0.05990853880674334
2018-06-20,0.05448716425693525,0.03968510426568453,0.09133608887305031,0.022478340600276515,,0.05990853880674334
2018-06-21,0.05448716425693525,0.03968510426568453,0.09133608887305031,0.022478340600276515,,0.05990853880674334
2018-06-22,0.05448716425693525,0.03968510426568453,0.09133608887305031,0.022478340600276515,,0.05990853880674334
2018-06-25,0.05448716425693525,0.03968510426568453,0.09133608887305031,0.022478340600276515,,0.05990853880674334
2018-06-26,0.05448716425693525,0.03968510426568453,0.09133608887305031,0.022478340600276515,,0.05990853880674334
2018-06-27,0.05448716425693525,0.03968510426568453,0.09133608887305031,0.022478340600276515,,0.05990853880674334
2018-06-28,0.05448716425693525,0.03968510426568453,0.09133608887305031,0.022478340600276515,,0.05990853880674334
2018-06-29,0.05448716425693525,0.03968510426568453,0.09133608887305031,0.022478340600276515,,0.05990853880674334
2018-07-02,0.04360623598755703,0.006377169921965665,0.05640840088638793,-0.009978649049961076,,0.03631666129792055
2018-07-03,0.04360623598755703,0.006377169921965665,0.05640840088638793,-0.009978649049961076,,0.03631666129792055
2018-07-04,0.04360623598755703,0.006377169921965665,0.05640840088638793,-0.009978649049961076,,0.03631666129792055
2018-07-05,0.04360623598755703,0.006377169921965665,0.05640840088638793,-0.009978649049961076,,0.03631666129792055
2018-07-06,0.04360623598755703,0.006377169921965665,0.05640840088638793,-0.009978649049961076,,0.03631666129792055
2018-07-09,0.04360623598755703,0.006377169921965665,0.05640840088638793,-0.009978649049961076,,0.03631666129792055
2018-07-10,0.04360623598755703,0.006377169921965665,0.05640840088638793,-0.009978649049961076,,0.03631666129792055
2018-07-11,0.04360623598755703,0.006377169921965665,0.05640840088638793,-0.009978649049961076,,0.03631666129792055
2018-07-12,0.04360623598755703,0.006377169921965665,0.05640840088638793,-0.009978649049961076,,0.03631666129792055
2018-07-13,0.04360623598755703,0.006377169921965665,0.05640840088638793,-0.009978649049961076,,0.03631666129792055
2018-07-16,0.04360623598755703,0.006377169921965665,0.05640840088638793,-0.009978649049961076,,0.03631666129792055
2018-07-17,0.04360623598755703,0.006377169921965665,0.05640840088638793,-0.009978649049961076,,0.03631666129792055
2018-07-18,0.04360623598755703,0.006377169921965665,0.05640840088638793,-0.009978649049961076,,0.03631666129792055
2018-07-19,0.04360623598755703,0.006377169921965665,0.05640840088638793,-0.009978649049961076,,0.03631666129792055
2018-07-20,0.04360623598755703,0.006377169921965665,0.05640840088638793,-0.009978649049961076,,0.03631666129792055
2018-07-23,0.04360623598755703,0.006377169921965665,0.05640840088638793,-0.009978649049961076,,0.03631666129792055
2018-07-24,0.04360623598755703,0.006377169921965665,0.05640840088638793,-0.009978649049961076,,0.03631666129792055
2018-07-25,0.04360623598755703,0.006377169921965665,0.05640840088638793,-0.009978649049961076,,0.03631666129792055
2018-07-26,0.04360623598755703,0.006377169921965665,0.05640840088638793,-0.009978649049961076,,0.03631666129792055
2018-07-27,0.04360623598755703,0.006377169921965665,0.05640840088638793,-0.009978649049961076,,0.03631666129792055
2018-07-30,0.04360623598755703,0.006377169921965665,0.05640840088638793,-0.009978649049961076,,0.03631666129792055
2018-07-31,0.04360623598755703,0.006377169921965665,0.05640840088638793,-0.009978649049961076,,0.03631666129792055
2018-08-01,0.04360623598755703,0.006377169921965665,0.05640840088638793,-0.009978649049961076,,0.03631666129792055
2018-08-02,0.04360623598755703,0.006377169921965665,0.05640840088638793,-0.009978649049961076,,0.03631666129792055
2018-08-03,0.04360623598755703,0.006377169921965665,0.05640840088638793,-0.009978649049961076,,0.03631666129792055
2018-08-06,0.04360623598755703,0.006377169921965665,0.05640840088638793,-0.009978649049961076,,0.03631666129792055
2018-08-07,0.04360623598755703,0.006377169921965665,0.05640840088638793,-0.009978649049961076,,0.03631666129792055
2018-08-08,0.04360623598755703,0.006377169921965665,0.05640840088638793,-0.009978649049961076,,0.03631666129792055
2018-08-09,0.04360623598755703,0.006377169921965665,0.05640840088638793,-0.009978649049961076,,0.03631666129792055
2018-08-10,0.04360623598755703,0.006377169921965665,0.05640840088638793,-0.009978649049961076,,0.03631666129792055
2018-08-13,0.04360623598755703,0.006377169921965665,0.05640840088638793,-0.009978649049961076,,0.03631666129792055
2018-08-14,0.04360623598755703,0.006377169921965665,0.05640840088638793,-0.009978649049961076,,0.03631666129792055
2018-08-15,0.04360623598755703,0.006377169921965665,0.05640840088638793,-0.009978649049961076,,0.03631666129792055
2018-08-16,0.04360623598755703,0.006377169921965665,0.05640840088638793,-0.009978649049961076,,0.03631666129792055
2018-08-17,0.04360623598755703,0.006377169921965665,0.05640840088638793,-0.009978649049961076,,0.03631666129792055
2018-08-20,0.04360623598755703,0.006377169921965665,0.05640840088638793,-0.009978649049961076,,0.03631666129792055
2018-08-21,0.04360623598755703,0.006377169921965665,0.05640840088638793,-0.009978649049961076,,0.03631666129792055
2018-08-22,0.04360623598755703,0.006377169921965665,0.05640840088638793,-0.009978649049961076,,0.03631666129792055
2018-08-23,0.04360623598755703,0.006377169921965665,0.05640840088638793,-0.009978649049961076,,0.03631666129792055
2018-08-24,0.04360623598755703,0.006377169921965665,0.05640840088638793,-0.009978649049961076,,0.03631666129792055
2018-08-27,0.04360623598755703,0.006377169921965665,0.05640840088638793,-0.009978649049961076,,0.03631666129792055
2018-08-28,0.04360623598755703,0.006377169921965665,0.05640840088638793,-0.009978649049961076,,0.03631666129792055
2018-08-29,0.04360623598755703,0.006377169921965665,0.05640840088638793,-0.009978649049961076,,0.03631666129792055
2018-08-30,0.04360623598755703,0.006377169921965665,0.05640840088638793,-0.009978649049961076,,0.03631666129792055
2018-08-31,0.04360623598755703,0.006377169921965665,0.05640840088638793,-0.009978649049961076,,0.03631666129792055
2018-09-03,0.04360623598755703,0.006377169921965665,0.05640840088638793,-0.009978649049961076,,0.03631666129792055
2018-09-04,0.04360623598755703,0.006377169921965665,0.05640840088638793,-0.009978649049961076,,0.03631666129792055
2018-09-05,0.04360623598755703,0.006377169921965665,0.05640840088638793,-0.009978649049961076,,0.03631666129792055
2018-09-06,0.04360623598755703,0.006377169921965665,0.05640840088638793,-0.009978649049961076,,0.03631666129792055
2018-09-07,0.04360623598755703,0.006377169921965665,0.05640840088638793,-0.009978649049961076,,0.03631666129792055
2018-09-10,0.04360623598755703,0.006377169921965665,0.05640840088638793,-0.009978649049961076,,0.03631666129792055
2018-09-11,0.04360623598755703,0.006377169921965665,0.05640840088638793,-0.009978649049961076,,0.03631666129792055
2018-09-12,0.04360623598755703,0.006377169921965665,0.05640840088638793,-0.009978649049961076,,0.03631666129792055
2018-09-13,0.04360623598755703,0.006377169921965665,0.05640840088638793,-0.009978649049961076,,0.03631666129792055
2018-09-14,0.04360623598755703,0.006377169921965665,0.05640840088638793,-0.009978649049961076,,0.03631666129792055
2018-09-17,0.04360623598755703,0.006377169921965665,0.05640840088638793,-0.009978649049961076,,0.03631666129792055
2018-09-18,0.04360623598755703,0.006377169921965665,0.05640840088638793,-0.009978649049961076,,0.03631666129792055
2018-09-19,0.04360623598755703,0.006377169921965665,0.05640840088638793,-0.009978649049961076,,0.03631666129792055
2018-09-20,0.04360623598755703,0.006377169921965665,0.05640840088638793,-0.009978649049961076,,0.03631666129792055
2018-09-21,0.04360623598755703,0.006377169921965665,0.05640840088638793,-0.009978649049961076,,0.03631666129792055
2018-09-25,0.04360623598755703,0.006377169921965665,0.05640840088638793,-0.009978649049961076,,0.03631666129792055
2018-09-26,0.04360623598755703,0.006377169921965665,0.05640840088638793,-0.009978649049961076,,0.03631666129792055
2018-09-27,0.04360623598755703,0.006377169921965665,0.05640840088638793,-0.009978649049961076,,0.03631666129792055
2018-09-28,0.04360623598755703,0.006377169921965665,0.05640840088638793,-0.009978649049961076,,0.03631666129792055
2018-10-08,0.0019468747862365012,-0.035056893055252544,0.010175704441607345,-0.044076681760537785,,-0.007501526767724584
2018-10-09,0.0019468747862365012,-0.035056893055252544,0.010175704441607345,-0.044076681760537785,,-0.007501526767724584
2018-10-10,0.0019468747862365012,-0.035056893055252544,0.010175704441607345,-0.044076681760537785,,-0.007501526767724584
2018-10-11,0.0019468747862365012,-0.035056893055252544,0.010175704441607345,-0.044076681760537785,,-0.007501526767724584
2018-10-12,0.0019468747862365012,-0.035056893055252544,0.010175704441607345,-0.044076681760537785,,-0.007501526767724584
2018-10-15,0.0019468747862365012,-0.035056893055252544,0.010175704441607345,-0.044076681760537785,,-0.007501526767724584
2018-10-16,0.0019468747862365012,-0.035056893055252544,0.010175704441607345,-0.044076681760537785,,-0.007501526767724584
2018-10-17,0.0019468747862365012,-0.035056893055252544,0.010175704441607345,-0.044076681760537785,,-0.007501526767724584
2018-10-18,0.0019468747862365012,-0.035056893055252544,0.010175704441607345,-0.044076681760537785,,-0.007501526767724584
2018-10-19,0.0019468747862365012,-0.035056893055252544,0.010175704441607345,-0.044076681760537785,,-0.007501526767724584
2018-10-22,0.0019468747862365012,-0.035056893055252544,0.010175704441607345,-0.044076681760537785,,-0.007501526767724584
2018-10-23,0.0019468747862365012,-0.035056893055252544,0.010175704441607345,-0.044076681760537785,,-0.007501526767724584
2018-10-24,0.0019468747862365012,-0.035056893055252544,0.010175704441607345,-0.044076681760537785,,-0.007501526767724584
2018-10-25,0.0019468747862365012,-0.035056893055252544,0.010175704441607345,-0.044076681760537785,,-0.007501526767724584
2018-10-26,0.0019468747862365012,-0.035056893055252544,0.010175704441607345,-0.044076681760537785,,-0.007501526767724584
2018-10-29,0.0019468747862365012,-0.035056893055252544,0.010175704441607345,-0.044076681760537785,,-0.007501526767724584
2018-10-30,0.0019468747862365012,-0.035056893055252544,0.010175704441607345,-0.044076681760537785,,-0.007501526767724584
2018-10-31,0.0019468747862365012,-0.035056893055252544,0.010175704441607345,-0.044076681760537785,,-0.007501526767724584
2018-11-01,0.0019468747862365012,-0.035056893055252544,0.010175704441607345,-0.044076681760537785,,-0.007501526767724584
2018-11-02,0.0019468747862365012,-0.035056893055252544,0.010175704441607345,-0.044076681760537785,,-0.007501526767724584
2018-11-05,0.0019468747862365012,-0.035056893055252544,0.010175704441607345,-0.044076681760537785,,-0.007501526767724584
2018-11-06,0.0019468747862365012,-0.035056893055252544,0.010175704441607345,-0.044076681760537785,,-0.007501526767724584
2018-11-07,0.0019468747862365012,-0.035056893055252544,0.010175704441607345,-0.044076681760537785,,-0.007501526767724584
2018-11-08,0.0019468747862365012,-0.035056893055252544,0.010175704441607345,-0.044076681760537785,,-0.007501526767724584
2018-11-09,0.0019468747862365012,-0.035056893055252544,0.010175704441607345,-0.044076681760537785,,-0.007501526767724584
2018-11-12,0.0019468747862365012,-0.035056893055252544,0.010175704441607345,-0.044076681760537785,,-0.007501526767724584
2018-11-13,0.0019468747862365012,-0.035056893055252544,0.010175704441607345,-0.044076681760537785,,-0.007501526767724584
2018-11-14,0.0019468747862365012,-0.035056893055252544,0.010175704441607345,-0.044076681760537785,,-0.007501526767724584
2018-11-15,0.0019468747862365012,-0.035056893055252544,0.010175704441607345,-0.044076681760537785,,-0.007501526767724584
2018-11-16,0.0019468747862365012,-0.035056893055252544,0.010175704441607345,-0.044076681760537785,,-0.007501526767724584
2018-11-19,0.0019468747862365012,-0.035056893055252544,0.010175704441607345,-0.044076681760537785,,-0.007501526767724584
2018-11-20,0.0019468747862365012,-0.035056893055252544,0.010175704441607345,-0.044076681760537785,,-0.007501526767724584
2018-11-21,0.0019468747862365012,-0.035056893055252544,0.010175704441607345,-0.044076681760537785,,-0.007501526767724584
2018-11-22,0.0019468747862365012,-0.035056893055252544,0.010175704441607345,-0.044076681760537785,,-0.007501526767724584
2018-11-23,0.0019468747862365012,-0.035056893055252544,0.010175704441607345,-0.044076681760537785,,-0.007501526767724584
2018-11-26,0.0019468747862365012,-0.035056893055252544,0.010175704441607345,-0.044076681760537785,,-0.007501526767724584
2018-11-27,0.0019468747862365012,-0.035056893055252544,0.010175704441607345,-0.044076681760537785,,-0.007501526767724584
2018-11-28,0.0019468747862365012,-0.035056893055252544,0.010175704441607345,-0.044076681760537785,,-0.007501526767724584
2018-11-29,0.0019468747862365012,-0.035056893055252544,0.010175704441607345,-0.044076681760537785,,-0.007501526767724584
2018-11-30,0.0019468747862365012,-0.035056893055252544,0.010175704441607345,-0.044076681760537785,,-0.007501526767724584
2018-12-03,0.0019468747862365012,-0.035056893055252544,0.010175704441607345,-0.044076681760537785,,-0.007501526767724584
2018-12-04,0.0019468747862365012,-0.035056893055252544,0.010175704441607345,-0.044076681760537785,,-0.007501526767724584
2018-12-05,0.0019468747862365012,-0.035056893055252544,0.010175704441607345,-0.044076681760537785,,-0.007501526767724584
2018-12-06,0.0019468747862365012,-0.035056893055252544,0.010175704441607345,-0.044076681760537785,,-0.007501526767724584
2018-12-07,0.0019468747862365012,-0.035056893055252544,0.010175704441607345,-0.044076681760537785,,-0.007501526767724584
2018-12-10,0.0019468747862365012,-0.035056893055252544,0.010175704441607345,-0.044076681760537785,,-0.007501526767724584
2018-12-11,0.0019468747862365012,-0.035056893055252544,0.010175704441607345,-0.044076681760537785,,-0.007501526767724584
2018-12-12,0.0019468747862365012,-0.035056893055252544,0.010175704441607345,-0.044076681760537785,,-0.007501526767724584
2018-12-13,0.0019468747862365012,-0.035056893055252544,0.010175704441607345,-0.044076681760537785,,-0.007501526767724584
2018-12-14,0.0019468747862365012,-0.035056893055252544,0.010175704441607345,-0.044076681760537785,,-0.007501526767724584
2018-12-17,0.0019468747862365012,-0.035056893055252544,0.010175704441607345,-0.044076681760537785,,-0.007501526767724584
2018-12-18,0.0019468747862365012,-0.035056893055252544,0.010175704441607345,-0.044076681760537785,,-0.007501526767724584
2018-12-19,0.0019468747862365012,-0.035056893055252544,0.010175704441607345,-0.044076681760537785,,-0.007501526767724584
2018-12-20,0.0019468747862365012,-0.035056893055252544,0.010175704441607345,-0.044076681760537785,,-0.007501526767724584
2018-12-21,0.0019468747862365012,-0.035056893055252544,0.010175704441607345,-0.044076681760537785,,-0.007501526767724584
2018-12-24,0.0019468747862365012,-0.035056893055252544,0.010175704441607345,-0.044076681760537785,,-0.007501526767724584
2018-12-25,0.0019468747862365012,-0.035056893055252544,0.010175704441607345,-0.044076681760537785,,-0.007501526767724584
2018-12-26,0.0019468747862365012,-0.035056893055252544,0.010175704441607345,-0.044076681760537785,,-0.007501526767724584
2018-12-27,0.0019468747862365012,-0.035056893055252544,0.010175704441607345,-0.044076681760537785,,-0.007501526767724584
2018-12-28,0.0019468747862365012,-0.035056893055252544,0.010175704441607345,-0.044076681760537785,,-0.007501526767724584
2019-01-02,0.004705974335381584,-0.0225808413462411,0.01912994871806672,-0.029577434386620426,,-0.011397320574323706
2019-01-03,0.004705974335381584,-0.0225808413462411,0.01912994871806672,-0.029577434386620426,,-0.011397320574323706
2019-01-04,0.004705974335381584,-0.0225808413462411,0.01912994871806672,-0.029577434386620426,,-0.011397320574323706
2019-01-07,0.004705974335381584,-0.0225808413462411,0.01912994871806672,-0.029577434386620426,,-0.011397320574323706
2019-01-08,0.004705974335381584,-0.0225808413462411,0.01912994871806672,-0.029577434386620426,,-0.011397320574323706
2019-01-09,0.004705974335381584,-0.0225808413462411,0.01912994871806672,-0.029577434386620426,,-0.011397320574323706
2019-01-10,0.004705974335381584,-0.0225808413462411,0.01912994871806672,-0.029577434386620426,,-0.011397320574323706
2019-01-11,0.004705974335381584,-0.0225808413462411,0.01912994871806672,-0.029577434386620426,,-0.011397320574323706
2019-01-14,0.004705974335381584,-0.0225808413462411,0.01912994871806672,-0.029577434386620426,,-0.011397320574323706
2019-01-15,0.004705974335381584,-0.0225808413462411,0.01912994871806672,-0.029577434386620426,,-0.011397320574323706
2019-01-16,0.004705974335381584,-0.0225808413462411,0.01912994871806672,-0.029577434386620426,,-0.011397320574323706
2019-01-17,0.004705974335381584,-0.0225808413462411,0.01912994871806672,-0.029577434386620426,,-0.011397320574323706
2019-01-18,0.004705974335381584,-0.0225808413462411,0.01912994871806672,-0.029577434386620426,,-0.011397320574323706
2019-01-21,0.004705974335381584,-0.0225808413462411,0.01912994871806672,-0.029577434386620426,,-0.011397320574323706
2019-01-22,0.004705974335381584,-0.0225808413462411,0.01912994871806672,-0.029577434386620426,,-0.011397320574323706
2019-01-23,0.004705974335381584,-0.0225808413462411,0.01912994871806672,-0.029577434386620426,,-0.011397320574323706
2019-01-24,0.004705974335381584,-0.0225808413462411,0.01912994871806672,-0.029577434386620426,,-0.011397320574323706
2019-01-25,0.004705974335381584,-0.0225808413462411,0.01912994871806672,-0.029577434386620426,,-0.011397320574323706
2019-01-28,0.004705974335381584,-0.0225808413462411,0.01912994871806672,-0.029577434386620426,,-0.011397320574323706
2019-01-29,0.004705974335381584,-0.0225808413462411,0.01912994871806672,-0.029577434386620426,,-0.011397320574323706
2019-01-30,0.004705974335381584,-0.0225808413462411,0.01912994871806672,-0.029577434386620426,,-0.011397320574323706
2019-01-31,0.004705974335381584,-0.0225808413462411,0.01912994871806672,-0.029577434386620426,,-0.011397320574323706
2019-02-01,0.004705974335381584,-0.0225808413462411,0.01912994871806672,-0.029577434386620426,,-0.011397320574323706
2019-02-11,0.004705974335381584,-0.0225808413462411,0.01912994871806672,-0.029577434386620426,,-0.011397320574323706
2019-02-12,0.004705974335381584,-0.0225808413462411,0.01912994871806672,-0.029577434386620426,,-0.011397320574323706
2019-02-13,0.004705974335381584,-0.0225808413462411,0.01912994871806672,-0.029577434386620426,,-0.011397320574323706
2019-02-14,0.004705974335381584,-0.0225808413462411,0.01912994871806672,-0.029577434386620426,,-0.011397320574323706
2019-02-15,0.004705974335381584,-0.0225808413462411,0.01912994871806672,-0.029577434386620426,,-0.011397320574323706
2019-02-18,0.004705974335381584,-0.0225808413462411,0.01912994871806672,-0.029577434386620426,,-0.011397320574323706
2019-02-19,0.004705974335381584,-0.0225808413462411,0.01912994871806672,-0.029577434386620426,,-0.011397320574323706
2019-02-20,0.004705974335381584,-0.0225808413462411,0.01912994871806672,-0.029577434386620426,,-0.011397320574323706
2019-02-21,0.004705974335381584,-0.0225808413462411,0.01912994871806672,-0.029577434386620426,,-0.011397320574323706
2019-02-22,0.004705974335381584,-0.0225808413462411,0.01912994871806672,-0.029577434386620426,,-0.011397320574323706
2019-02-25,0.004705974335381584,-0.0225808413462411,0.01912994871806672,-0.029577434386620426,,-0.011397320574323706
2019-02-26,0.004705974335381584,-0.0225808413462411,0.01912994871806672,-0.029577434386620426,,-0.011397320574323706
2019-02-27,0.004705974335381584,-0.0225808413462411,0.01912994871806672,-0.029577434386620426,,-0.011397320574323706
2019-02-28,0.004705974335381584,-0.0225808413462411,0.01912994871806672,-0.029577434386620426,,-0.011397320574323706
2019-03-01,0.004705974335381584,-0.0225808413462411,0.01912994871806672,-0.029577434386620426,,-0.011397320574323706
2019-03-04,0.004705974335381584,-0.0225808413462411,0.01912994871806672,-0.029577434386620426,,-0.011397320574323706
2019-03-05,0.004705974335381584,-0.0225808413462411,0.01912994871806672,-0.029577434386620426,,-0.011397320574323706
2019-03-06,0.004705974335381584,-0.0225808413462411,0.01912994871806672,-0.029577434386620426,,-0.011397320574323706
2019-03-07,0.004705974335381584,-0.0225808413462411,0.01912994871806672,-0.029577434386620426,,-0.011397320574323706
2019-03-08,0.004705974335381584,-0.0225808413462411,0.01912994871806672,-0.029577434386620426,,-0.011397320574323706
2019-03-11,0.004705974335381584,-0.0225808413462411,0.01912994871806672,-0.029577434386620426,,-0.011397320574323706
2019-03-12,0.004705974335381584,-0.0225808413462411,0.01912994871806672,-0.029577434386620426,,-0.011397320574323706
2019-03-13,0.004705974335381584,-0.0225808413462411,0.01912994871806672,-0.029577434386620426,,-0.011397320574323706
2019-03-14,0.004705974335381584,-0.0225808413462411,0.01912994871806672,-0.029577434386620426,,-0.011397320574323706
2019-03-15,0.004705974335381584,-0.0225808413462411,0.01912994871806672,-0.029577434386620426,,-0.011397320574323706
2019-03-18,0.004705974335381584,-0.0225808413462411,0.01912994871806672,-0.029577434386620426,,-0.011397320574323706
2019-03-19,0.004705974335381584,-0.0225808413462411,0.01912994871806672,-0.029577434386620426,,-0.011397320574323706
2019-03-20,0.004705974335381584,-0.0225808413462411,0.01912994871806672,-0.029577434386620426,,-0.011397320574323706
2019-03-21,0.004705974335381584,-0.0225808413462411,0.01912994871806672,-0.029577434386620426,,-0.011397320574323706
2019-03-22,0.004705974335381584,-0.0225808413462411,0.01912994871806672,-0.029577434386620426,,-0.011397320574323706
2019-03-25,0.004705974335381584,-0.0225808413462411,0.01912994871806672,-0.029577434386620426,,-0.011397320574323706
2019-03-26,0.004705974335381584,-0.0225808413462411,0.01912994871806672,-0.029577434386620426,,-0.011397320574323706
2019-03-27,0.004705974335381584,-0.0225808413462411,0.01912994871806672,-0.029577434386620426,,-0.011397320574323706
2019-03-28,0.004705974335381584,-0.0225808413462411,0.01912994871806672,-0.029577434386620426,,-0.011397320574323706
2019-03-29,0.004705974335381584,-0.0225808413462411,0.01912994871806672,-0.029577434386620426,,-0.011397320574323706
2019-04-01,0.029305850384705512,0.004121985120699143,0.04452235841485751,-9.344454132085627e-05,,0.014740822765810574
2019-04-02,0.029305850384705512,0.004121985120699143,0.04452235841485751,-9.344454132085627e-05,,0.014740822765810574
2019-04-03,0.029305850384705512,0.004121985120699143,0.04452235841485751,-9.344454132085627e-05,,0.014740822765810574
2019-04-04,0.029305850384705512,0.004121985120699143,0.04452235841485751,-9.344454132085627e-05,,0.014740822765810574
2019-04-08,0.029305850384705512,0.004121985120699143,0.04452235841485751,-9.344454132085627e-05,,0.014740822765810574
2019-04-09,0.029305850384705512,0.004121985120699143,0.04452235841485751,-9.344454132085627e-05,,0.014740822765810574
2019-04-10,0.029305850384705512,0.004121985120699143,0.04452235841485751,-9.344454132085627e-05,,0.014740822765810574
2019-04-11,0.029305850384705512,0.004121985120699143,0.04452235841485751,-9.344454132085627e-05,,0.014740822765810574
2019-04-12,0.029305850384705512,0.004121985120699143,0.04452235841485751,-9.344454132085627e-05,,0.014740822765810574
2019-04-15,0.029305850384705512,0.004121985120699143,0.04452235841485751,-9.344454132085627e-05,,0.014740822765810574
2019-04-16,0.029305850384705512,0.004121985120699143,0.04452235841485751,-9.344454132085627e-05,,0.014740822765810574
2019-04-17,0.029305850384705512,0.004121985120699143,0.04452235841485751,-9.344454132085627e-05,,0.014740822765810574
2019-04-18,0.029305850384705512,0.004121985120699143,0.04452235841485751,-9.344454132085627e-05,,0.014740822765810574
2019-04-19,0.029305850384705512,0.004121985120699143,0.04452235841485751,-9.344454132085627e-05,,0.014740822765810574
2019-04-22,0.029305850384705512,0.004121985120699143,0.04452235841485751,-9.344454132085627e-05,,0.014740822765810574
2019-04-23,0.029305850384705512,0.004121985120699143,0.04452235841485751,-9.344454132085627e-05,,0.014740822765810574
2019-04-24,0.029305850384705512,0.004121985120699143,0.04452235841485751,-9.344454132085627e-05,,0.014740822765810574
2019-04-25,0.029305850384705512,0.004121985120699143,0.04452235841485751,-9.344454132085627e-05,,0.014740822765810574
2019-04-26,0.029305850384705512,0.004121985120699143,0.04452235841485751,-9.344454132085627e-05,,0.014740822765810574
2019-04-29,0.029305850384705512,0.004121985120699143,0.04452235841485751,-9.344454132085627e-05,,0.014740822765810574
2019-04-30,0.029305850384705512,0.004121985120699143,0.04452235841485751,-9.344454132085627e-05,,0.014740822765810574
2019-05-06,0.029305850384705512,0.004121985120699143,0.04452235841485751,-9.344454132085627e-05,,0.014740822765810574
2019-05-07,0.029305850384705512,0.004121985120699143,0.04452235841485751,-9.344454132085627e-05,,0.014740822765810574
2019-05-08,0.029305850384705512,0.004121985120699143,0.04452235841485751,-9.344454132085627e-05,,0.014740822765810574
2019-05-09,0.029305850384705512,0.004121985120699143,0.04452235841485751,-9.344454132085627e-05,,0.014740822765810574
2019-05-10,0.029305850384705512,0.004121985120699143,0.04452235841485751,-9.344454132085627e-05,,0.014740822765810574
2019-05-13,0.029305850384705512,0.004121985120699143,0.04452235841485751,-9.344454132085627e-05,,0.014740822765810574
2019-05-14,0.029305850384705512,0.004121985120699143,0.04452235841485751,-9.344454132085627e-05,,0.014740822765810574
2019-05-15,0.029305850384705512,0.004121985120699143,0.04452235841485751,-9.344454132085627e-05,,0.014740822765810574
2019-05-16,0.029305850384705512,0.004121985120699143,0.04452235841485751,-9.344454132085627e-05,,0.014740822765810574
2019-05-17,0.029305850384705512,0.004121985120699143,0.04452235841485751,-9.344454132085627e-05,,0.014740822765810574
2019-05-20,0.029305850384705512,0.004121985120699143,0.04452235841485751,-9.344454132085627e-05,,0.014740822765810574
2019-05-21,0.029305850384705512,0.004121985120699143,0.04452235841485751,-9.344454132085627e-05,,0.014740822765810574
2019-05-22,0.029305850384705512,0.004121985120699143,0.04452235841485751,-9.344454132085627e-05,,0.014740822765810574
2019-05-23,0.029305850384705512,0.004121985120699143,0.04452235841485751,-9.344454132085627e-05,,0.014740822765810574
2019-05-24,0.029305850384705512,0.004121985120699143,0.04452235841485751,-9.344454132085627e-05,,0.014740822765810574
2019-05-27,0.029305850384705512,0.004121985120699143,0.04452235841485751,-9.344454132085627e-05,,0.014740822765810574
2019-05-28,0.029305850384705512,0.004121985120699143,0.04452235841485751,-9.344454132085627e-05,,0.014740822765810574
2019-05-29,0.029305850384705512,0.004121985120699143,0.04452235841485751,-9.344454132085627e-05,,0.014740822765810574
2019-05-30,0.029305850384705512,0.004121985120699143,0.04452235841485751,-9.344454132085627e-05,,0.014740822765810574
2019-05-31,0.029305850384705512,0.004121985120699143,0.04452235841485751,-9.344454132085627e-05,,0.014740822765810574
2019-06-03,0.029305850384705512,0.004121985120699143,0.04452235841485751,-9.344454132085627e-05,,0.014740822765810574
2019-06-04,0.029305850384705512,0.004121985120699143,0.04452235841485751,-9.344454132085627e-05,,0.014740822765810574
2019-06-05,0.029305850384705512,0.004121985120699143,0.04452235841485751,-9.344454132085627e-05,,0.014740822765810574
2019-06-06,0.029305850384705512,0.004121985120699143,0.04452235841485751,-9.344454132085627e-05,,0.014740822765810574
2019-06-10,0.029305850384705512,0.004121985120699143,0.04452235841485751,-9.344454132085627e-05,,0.014740822765810574
2019-06-11,0.029305850384705512,0.004121985120699143,0.04452235841485751,-9.344454132085627e-05,,0.014740822765810574
2019-06-12,0.029305850384705512,0.004121985120699143,0.04452235841485751,-9.344454132085627e-05,,0.014740822765810574
2019-06-13,0.029305850384705512,0.004121985120699143,0.04452235841485751,-9.344454132085627e-05,,0.014740822765810574
2019-06-14,0.029305850384705512,0.004121985120699143,0.04452235841485751,-9.344454132085627e-05,,0.014740822765810574
2019-06-17,0.029305850384705512,0.004121985120699143,0.04452235841485751,-9.344454132085627e-05,,0.014740822765810574
2019-06-18,0.029305850384705512,0.004121985120699143,0.04452235841485751,-9.344454132085627e-05,,0.014740822765810574
2019-06-19,0.029305850384705512,0.004121985120699143,0.04452235841485751,-9.344454132085627e-05,,0.014740822765810574
2019-06-20,0.029305850384705512,0.004121985120699143,0.04452235841485751,-9.344454132085627e-05,,0.014740822765810574
2019-06-21,0.029305850384705512,0.004121985120699143,0.04452235841485751,-9.344454132085627e-05,,0.014740822765810574
2019-06-24,0.029305850384705512,0.004121985120699143,0.04452235841485751,-9.344454132085627e-05,,0.014740822765810574
2019-06-25,0.029305850384705512,0.004121985120699143,0.04452235841485751,-9.344454132085627e-05,,0.014740822765810574
2019-06-26,0.029305850384705512,0.004121985120699143,0.04452235841485751,-9.344454132085627e-05,,0.014740822765810574
2019-06-27,0.029305850384705512,0.004121985120699143,0.04452235841485751,-9.344454132085627e-05,,0.014740822765810574
2019-06-28,0.029305850384705512,0.004121985120699143,0.04452235841485751,-9.344454132085627e-05,,0.014740822765810574
2019-07-01,0.020598286125471713,-0.0064181830435221235,0.03274088612296492,-0.004304887467876348,,0.000391744462540767
2019-07-02,0.020598286125471713,-0.0064181830435221235,0.03274088612296492,-0.004304887467876348,,0.000391744462540767
2019-07-03,0.020598286125471713,-0.0064181830435221235,0.03274088612296492,-0.004304887467876348,,0.000391744462540767
2019-07-04,0.020598286125471713,-0.0064181830435221235,0.03274088612296492,-0.004304887467876348,,0.000391744462540767
2019-07-05,0.020598286125471713,-0.0064181830435221235,0.03274088612296492,-0.004304887467876348,,0.000391744462540767
2019-07-08,0.020598286125471713,-0.0064181830435221235,0.03274088612296492,-0.004304887467876348,,0.000391744462540767
2019-07-09,0.020598286125471713,-0.0064181830435221235,0.03274088612296492,-0.004304887467876348,,0.000391744462540767
2019-07-10,0.020598286125471713,-0.0064181830435221235,0.03274088612296492,-0.004304887467876348,,0.000391744462540767
2019-07-11,0.020598286125471713,-0.0064181830435221235,0.03274088612296492,-0.004304887467876348,,0.000391744462540767
2019-07-12,0.020598286125471713,-0.0064181830435221235,0.03274088612296492,-0.004304887467876348,,0.000391744462540767
2019-07-15,0.020598286125471713,-0.0064181830435221235,0.03274088612296492,-0.004304887467876348,,0.000391744462540767
2019-07-16,0.020598286125471713,-0.0064181830435221235,0.03274088612296492,-0.004304887467876348,,0.000391744462540767
2019-07-17,0.020598286125471713,-0.0064181830435221235,0.03274088612296492,-0.004304887467876348,,0.000391744462540767
2019-07-18,0.020598286125471713,-0.0064181830435221235,0.03274088612296492,-0.004304887467876348,,0.000391744462540767
2019-07-19,0.020598286125471713,-0.0064181830435221235,0.03274088612296492,-0.004304887467876348,,0.000391744462540767
2019-07-22,0.020598286125471713,-0.0064181830435221235,0.03274088612296492,-0.004304887467876348,,0.000391744462540767
2019-07-23,0.020598286125471713,-0.0064181830435221235,0.03274088612296492,-0.004304887467876348,,0.000391744462540767
2019-07-24,0.020598286125471713,-0.0064181830435221235,0.03274088612296492,-0.004304887467876348,,0.000391744462540767
2019-07-25,0.020598286125471713,-0.0064181830435221235,0.03274088612296492,-0.004304887467876348,,0.000391744462540767
2019-07-26,0.020598286125471713,-0.0064181830435221235,0.03274088612296492,-0.004304887467876348,,0.000391744462540767
2019-07-29,0.020598286125471713,-0.0064181830435221235,0.03274088612296492,-0.004304887467876348,,0.000391744462540767
2019-07-30,0.020598286125471713,-0.0064181830435221235,0.03274088612296492,-0.004304887467876348,,0.000391744462540767
2019-07-31,0.020598286125471713,-0.0064181830435221235,0.03274088612296492,-0.004304887467876348,,0.000391744462540767
2019-08-01,0.020598286125471713,-0.0064181830435221235,0.03274088612296492,-0.004304887467876348,,0.000391744462540767
2019-08-02,0.020598286125471713,-0.0064181830435221235,0.03274088612296492,-0.004304887467876348,,0.000391744462540767
2019-08-05,0.020598286125471713,-0.0064181830435221235,0.03274088612296492,-0.004304887467876348,,0.000391744462540767
2019-08-06,0.020598286125471713,-0.0064181830435221235,0.03274088612296492,-0.004304887467876348,,0.000391744462540767
2019-08-07,0.020598286125471713,-0.0064181830435221235,0.03274088612296492,-0.004304887467876348,,0.000391744462540767
2019-08-08,0.020598286125471713,-0.0064181830435221235,0.03274088612296492,-0.004304887467876348,,0.000391744462540767
2019-08-09,0.020598286125471713,-0.0064181830435221235,0.03274088612296492,-0.004304887467876348,,0.000391744462540767
2019-08-12,0.020598286125471713,-0.0064181830435221235,0.03274088612296492,-0.004304887467876348,,0.000391744462540767
2019-08-13,0.020598286125471713,-0.0064181830435221235,0.03274088612296492,-0.004304887467876348,,0.000391744462540767
2019-08-14,0.020598286125471713,-0.0064181830435221235,0.03274088612296492,-0.004304887467876348,,0.000391744462540767
2019-08-15,0.020598286125471713,-0.0064181830435221235,0.03274088612296492,-0.004304887467876348,,0.000391744462540767
2019-08-16,0.020598286125471713,-0.0064181830435221235,0.03274088612296492,-0.004304887467876348,,0.000391744462540767
2019-08-19,0.020598286125471713,-0.0064181830435221235,0.03274088612296492,-0.004304887467876348,,0.000391744462540767
2019-08-20,0.020598286125471713,-0.0064181830435221235,0.03274088612296492,-0.004304887467876348,,0.000391744462540767
2019-08-21,0.020598286125471713,-0.0064181830435221235,0.03274088612296492,-0.004304887467876348,,0.000391744462540767
2019-08-22,0.020598286125471713,-0.0064181830435221235,0.03274088612296492,-0.004304887467876348,,0.000391744462540767
2019-08-23,0.020598286125471713,-0.0064181830435221235,0.03274088612296492,-0.004304887467876348,,0.000391744462540767
2019-08-26,0.020598286125471713,-0.0064181830435221235,0.03274088612296492,-0.004304887467876348,,0.000391744462540767
2019-08-27,0.020598286125471713,-0.0064181830435221235,0.03274088612296492,-0.004304887467876348,,0.000391744462540767
2019-08-28,0.020598286125471713,-0.0064181830435221235,0.03274088612296492,-0.004304887467876348,,0.000391744462540767
2019-08-29,0.020598286125471713,-0.0064181830435221235,0.03274088612296492,-0.004304887467876348,,0.000391744462540767
2019-08-30,0.020598286125471713,-0.0064181830435221235,0.03274088612296492,-0.004304887467876348,,0.000391744462540767
2019-09-02,0.020598286125471713,-0.0064181830435221235,0.03274088612296492,-0.004304887467876348,,0.000391744462540767
2019-09-03,0.020598286125471713,-0.0064181830435221235,0.03274088612296492,-0.004304887467876348,,0.000391744462540767
2019-09-04,0.020598286125471713,-0.0064181830435221235,0.03274088612296492,-0.004304887467876348,,0.000391744462540767
2019-09-05,0.020598286125471713,-0.0064181830435221235,0.03274088612296492,-0.004304887467876348,,0.000391744462540767
2019-09-06,0.020598286125471713,-0.0064181830435221235,0.03274088612296492,-0.004304887467876348,,0.000391744462540767
2019-09-09,0.020598286125471713,-0.0064181830435221235,0.03274088612296492,-0.004304887467876348,,0.000391744462540767
2019-09-10,0.020598286125471713,-0.0064181830435221235,0.03274088612296492,-0.004304887467876348,,0.000391744462540767
2019-09-11,0.020598286125471713,-0.0064181830435221235,0.03274088612296492,-0.004304887467876348,,0.000391744462540767
2019-09-12,0.020598286125471713,-0.0064181830435221235,0.03274088612296492,-0.004304887467876348,,0.000391744462540767
2019-09-16,0.020598286125471713,-0.0064181830435221235,0.03274088612296492,-0.004304887467876348,,0.000391744462540767
2019-09-17,0.020598286125471713,-0.0064181830435221235,0.03274088612296492,-0.004304887467876348,,0.000391744462540767
2019-09-18,0.020598286125471713,-0.0064181830435221235,0.03274088612296492,-0.004304887467876348,,0.000391744462540767
2019-09-19,0.020598286125471713,-0.0064181830435221235,0.03274088612296492,-0.004304887467876348,,0.000391744462540767
2019-09-20,0.020598286125471713,-0.0064181830435221235,0.03274088612296492,-0.004304887467876348,,0.000391744462540767
2019-09-23,0.020598286125471713,-0.0064181830435221235,0.03274088612296492,-0.004304887467876348,,0.000391744462540767
2019-09-24,0.020598286125471713,-0.0064181830435221235,0.03274088612296492,-0.004304887467876348,,0.000391744462540767
2019-09-25,0.020598286125471713,-0.0064181830435221235,0.03274088612296492,-0.004304887467876348,,0.000391744462540767
2019-09-26,0.020598286125471713,-0.0064181830435221235,0.03274088612296492,-0.004304887467876348,,0.000391744462540767
2019-09-27,0.020598286125471713,-0.0064181830435221235,0.03274088612296492,-0.004304887467876348,,0.000391744462540767
2019-09-30,0.020598286125471713,-0.0064181830435221235,0.03274088612296492,-0.004304887467876348,,0.000391744462540767
2019-10-08,0.013490701182114855,-0.009268433947642596,0.020553983377449597,-0.010776219840171844,,-0.002554373726946727
2019-10-09,0.013490701182114855,-0.009268433947642596,0.020553983377449597,-0.010776219840171844,,-0.002554373726946727
2019-10-10,0.013490701182114855,-0.009268433947642596,0.020553983377449597,-0.010776219840171844,,-0.002554373726946727
2019-10-11,0.013490701182114855,-0.009268433947642596,0.020553983377449597,-0.010776219840171844,,-0.002554373726946727
2019-10-14,0.013490701182114855,-0.009268433947642596,0.020553983377449597,-0.010776219840171844,,-0.002554373726946727
2019-10-15,0.013490701182114855,-0.009268433947642596,0.020553983377449597,-0.010776219840171844,,-0.002554373726946727
2019-10-16,0.013490701182114855,-0.009268433947642596,0.020553983377449597,-0.010776219840171844,,-0.002554373726946727
2019-10-17,0.013490701182114855,-0.009268433947642596,0.020553983377449597,-0.010776219840171844,,-0.002554373726946727
2019-10-18,0.013490701182114855,-0.009268433947642596,0.020553983377449597,-0.010776219840171844,,-0.002554373726946727
2019-10-21,0.013490701182114855,-0.009268433947642596,0.020553983377449597,-0.010776219840171844,,-0.002554373726946727
2019-10-22,0.013490701182114855,-0.009268433947642596,0.020553983377449597,-0.010776219840171844,,-0.002554373726946727
2019-10-23,0.013490701182114855,-0.009268433947642596,0.020553983377449597,-0.010776219840171844,,-0.002554373726946727
2019-10-24,0.013490701182114855,-0.009268433947642596,0.020553983377449597,-0.010776219840171844,,-0.002554373726946727
2019-10-25,0.013490701182114855,-0.009268433947642596,0.020553983377449597,-0.010776219840171844,,-0.002554373726946727
2019-10-28,0.013490701182114855,-0.009268433947642596,0.020553983377449597,-0.010776219840171844,,-0.002554373726946727
2019-10-29,0.013490701182114855,-0.009268433947642596,0.020553983377449597,-0.010776219840171844,,-0.002554373726946727
2019-10-30,0.013490701182114855,-0.009268433947642596,0.020553983377449597,-0.010776219840171844,,-0.002554373726946727
2019-10-31,0.013490701182114855,-0.009268433947642596,0.020553983377449597,-0.010776219840171844,,-0.002554373726946727
2019-11-01,0.013490701182114855,-0.009268433947642596,0.020553983377449597,-0.010776219840171844,,-0.002554373726946727
2019-11-04,0.013490701182114855,-0.009268433947642596,0.020553983377449597,-0.010776219840171844,,-0.002554373726946727
2019-11-05,0.013490701182114855,-0.009268433947642596,0.020553983377449597,-0.010776219840171844,,-0.002554373726946727
2019-11-06,0.013490701182114855,-0.009268433947642596,0.020553983377449597,-0.010776219840171844,,-0.002554373726946727
2019-11-07,0.013490701182114855,-0.009268433947642596,0.020553983377449597,-0.010776219840171844,,-0.002554373726946727
2019-11-08,0.013490701182114855,-0.009268433947642596,0.020553983377449597,-0.010776219840171844,,-0.002554373726946727
2019-11-11,0.013490701182114855,-0.009268433947642596,0.020553983377449597,-0.010776219840171844,,-0.002554373726946727
2019-11-12,0.013490701182114855,-0.009268433947642596,0.020553983377449597,-0.010776219840171844,,-0.002554373726946727
2019-11-13,0.013490701182114855,-0.009268433947642596,0.020553983377449597,-0.010776219840171844,,-0.002554373726946727
2019-11-14,0.013490701182114855,-0.009268433947642596,0.020553983377449597,-0.010776219840171844,,-0.002554373726946727
2019-11-15,0.013490701182114855,-0.009268433947642596,0.020553983377449597,-0.010776219840171844,,-0.002554373726946727
2019-11-18,0.013490701182114855,-0.009268433947642596,0.020553983377449597,-0.010776219840171844,,-0.002554373726946727
2019-11-19,0.013490701182114855,-0.009268433947642596,0.020553983377449597,-0.010776219840171844,,-0.002554373726946727
2019-11-20,0.013490701182114855,-0.009268433947642596,0.020553983377449597,-0.010776219840171844,,-0.002554373726946727
2019-11-21,0.013490701182114855,-0.009268433947642596,0.020553983377449597,-0.010776219840171844,,-0.002554373726946727
2019-11-22,0.013490701182114855,-0.009268433947642596,0.020553983377449597,-0.010776219840171844,,-0.002554373726946727
2019-11-25,0.013490701182114855,-0.009268433947642596,0.020553983377449597,-0.010776219840171844,,-0.002554373726946727
2019-11-26,0.013490701182114855,-0.009268433947642596,0.020553983377449597,-0.010776219840171844,,-0.002554373726946727
2019-11-27,0.013490701182114855,-0.009268433947642596,0.020553983377449597,-0.010776219840171844,,-0.002554373726946727
2019-11-28,0.013490701182114855,-0.009268433947642596,0.020553983377449597,-0.010776219840171844,,-0.002554373726946727
2019-11-29,0.013490701182114855,-0.009268433947642596,0.020553983377449597,-0.010776219840171844,,-0.002554373726946727
2019-12-02,0.013490701182114855,-0.009268433947642596,0.020553983377449597,-0.010776219840171844,,-0.002554373726946727
2019-12-03,0.013490701182114855,-0.009268433947642596,0.020553983377449597,-0.010776219840171844,,-0.002554373726946727
2019-12-04,0.013490701182114855,-0.009268433947642596,0.020553983377449597,-0.010776219840171844,,-0.002554373726946727
2019-12-05,0.013490701182114855,-0.009268433947642596,0.020553983377449597,-0.010776219840171844,,-0.002554373726946727
2019-12-06,0.013490701182114855,-0.009268433947642596,0.020553983377449597,-0.010776219840171844,,-0.002554373726946727
2019-12-09,0.013490701182114855,-0.009268433947642596,0.020553983377449597,-0.010776219840171844,,-0.002554373726946727
2019-12-10,0.013490701182114855,-0.009268433947642596,0.020553983377449597,-0.010776219840171844,,-0.002554373726946727
2019-12-11,0.013490701182114855,-0.009268433947642596,0.020553983377449597,-0.010776219840171844,,-0.002554373726946727
2019-12-12,0.013490701182114855,-0.009268433947642596,0.020553983377449597,-0.010776219840171844,,-0.002554373726946727
2019-12-13,0.013490701182114855,-0.009268433947642596,0.020553983377449597,-0.010776219840171844,,-0.002554373726946727
2019-12-16,0.013490701182114855,-0.009268433947642596,0.020553983377449597,-0.010776219840171844,,-0.002554373726946727
2019-12-17,0.013490701182114855,-0.009268433947642596,0.020553983377449597,-0.010776219840171844,,-0.002554373726946727
2019-12-18,0.013490701182114855,-0.009268433947642596,0.020553983377449597,-0.010776219840171844,,-0.002554373726946727
2019-12-19,0.013490701182114855,-0.009268433947642596,0.020553983377449597,-0.010776219840171844,,-0.002554373726946727
2019-12-20,0.013490701182114855,-0.009268433947642596,0.020553983377449597,-0.010776219840171844,,-0.002554373726946727
2019-12-23,0.013490701182114855,-0.009268433947642596,0.020553983377449597,-0.010776219840171844,,-0.002554373726946727
2019-12-24,0.013490701182114855,-0.009268433947642596,0.020553983377449597,-0.010776219840171844,,-0.002554373726946727
2019-12-25,0.013490701182114855,-0.009268433947642596,0.020553983377449597,-0.010776219840171844,,-0.002554373726946727
2019-12-26,0.013490701182114855,-0.009268433947642596,0.020553983377449597,-0.010776219840171844,,-0.002554373726946727
2019-12-27,0.013490701182114855,-0.009268433947642596,0.020553983377449597,-0.010776219840171844,,-0.002554373726946727
2019-12-30,0.013490701182114855,-0.009268433947642596,0.020553983377449597,-0.010776219840171844,,-0.002554373726946727
2019-12-31,0.013490701182114855,-0.009268433947642596,0.020553983377449597,-0.010776219840171844,,-0.002554373726946727
2020-01-02,0.018202178169636103,0.0036958542242552534,0.044659046419968706,0.0005702235991439708,,0.002127325149003006
2020-01-03,0.018202178169636103,0.0036958542242552534,0.044659046419968706,0.0005702235991439708,,0.002127325149003006
2020-01-06,0.018202178169636103,0.0036958542242552534,0.044659046419968706,0.0005702235991439708,,0.002127325149003006
2020-01-07,0.018202178169636103,0.0036958542242552534,0.044659046419968706,0.0005702235991439708,,0.002127325149003006
2020-01-08,0.018202178169636103,0.0036958542242552534,0.044659046419968706,0.0005702235991439708,,0.002127325149003006
2020-01-09,0.018202178169636103,0.0036958542242552534,0.044659046419968706,0.0005702235991439708,,0.002127325149003006
2020-01-10,0.018202178169636103,0.0036958542242552534,0.044659046419968706,0.0005702235991439708,,0.002127325149003006
2020-01-13,0.018202178169636103,0.0036958542242552534,0.044659046419968706,0.0005702235991439708,,0.002127325149003006
2020-01-14,0.018202178169636103,0.0036958542242552534,0.044659046419968706,0.0005702235991439708,,0.002127325149003006
2020-01-15,0.018202178169636103,0.0036958542242552534,0.044659046419968706,0.0005702235991439708,,0.002127325149003006
2020-01-16,0.018202178169636103,0.0036958542242552534,0.044659046419968706,0.0005702235991439708,,0.002127325149003006
2020-01-17,0.018202178169636103,0.0036958542242552534,0.044659046419968706,0.0005702235991439708,,0.002127325149003006
2020-01-20,0.018202178169636103,0.0036958542242552534,0.044659046419968706,0.0005702235991439708,,0.002127325149003006
2020-01-21,0.018202178169636103,0.0036958542242552534,0.044659046419968706,0.0005702235991439708,,0.002127325149003006
2020-01-22,0.018202178169636103,0.0036958542242552534,0.044659046419968706,0.0005702235991439708,,0.002127325149003006
2020-01-23,0.018202178169636103,0.0036958542242552534,0.044659046419968706,0.0005702235991439708,,0.002127325149003006
2020-02-03,0.018202178169636103,0.0036958542242552534,0.044659046419968706,0.0005702235991439708,,0.002127325149003006
2020-02-04,0.018202178169636103,0.0036958542242552534,0.044659046419968706,0.0005702235991439708,,0.002127325149003006
2020-02-05,0.018202178169636103,0.0036958542242552534,0.044659046419968706,0.0005702235991439708,,0.002127325149003006
2020-02-06,0.018202178169636103,0.0036958542242552534,0.044659046419968706,0.0005702235991439708,,0.002127325149003006
2020-02-07,0.018202178169636103,0.0036958542242552534,0.044659046419968706,0.0005702235991439708,,0.002127325149003006
2020-02-10,0.018202178169636103,0.0036958542242552534,0.044659046419968706,0.0005702235991439708,,0.002127325149003006
2020-02-11,0.018202178169636103,0.0036958542242552534,0.044659046419968706,0.0005702235991439708,,0.002127325149003006
2020-02-12,0.018202178169636103,0.0036958542242552534,0.044659046419968706,0.0005702235991439708,,0.002127325149003006
2020-02-13,0.018202178169636103,0.0036958542242552534,0.044659046419968706,0.0005702235991439708,,0.002127325149003006
2020-02-14,0.018202178169636103,0.0036958542242552534,0.044659046419968706,0.0005702235991439708,,0.002127325149003006
2020-02-17,0.018202178169636103,0.0036958542242552534,0.044659046419968706,0.0005702235991439708,,0.002127325149003006
2020-02-18,0.018202178169636103,0.0036958542242552534,0.044659046419968706,0.0005702235991439708,,0.002127325149003006
2020-02-19,0.018202178169636103,0.0036958542242552534,0.044659046419968706,0.0005702235991439708,,0.002127325149003006
2020-02-20,0.018202178169636103,0.0036958542242552534,0.044659046419968706,0.0005702235991439708,,0.002127325149003006
2020-02-21,0.018202178169636103,0.0036958542242552534,0.044659046419968706,0.0005702235991439708,,0.002127325149003006
2020-02-24,0.018202178169636103,0.0036958542242552534,0.044659046419968706,0.0005702235991439708,,0.002127325149003006
2020-02-25,0.018202178169636103,0.0036958542242552534,0.044659046419968706,0.0005702235991439708,,0.002127325149003006
2020-02-26,0.018202178169636103,0.0036958542242552534,0.044659046419968706,0.0005702235991439708,,0.002127325149003006
2020-02-27,0.018202178169636103,0.0036958542242552534,0.044659046419968706,0.0005702235991439708,,0.002127325149003006
2020-02-28,0.018202178169636103,0.0036958542242552534,0.044659046419968706,0.0005702235991439708,,0.002127325149003006
2020-03-02,0.018202178169636103,0.0036958542242552534,0.044659046419968706,0.0005702235991439708,,0.002127325149003006
2020-03-03,0.018202178169636103,0.0036958542242552534,0.044659046419968706,0.0005702235991439708,,0.002127325149003006
2020-03-04,0.018202178169636103,0.0036958542242552534,0.044659046419968706,0.0005702235991439708,,0.002127325149003006
2020-03-05,0.018202178169636103,0.0036958542242552534,0.044659046419968706,0.0005702235991439708,,0.002127325149003006
2020-03-06,0.018202178169636103,0.0036958542242552534,0.044659046419968706,0.0005702235991439708,,0.002127325149003006
2020-03-09,0.018202178169636103,0.0036958542242552534,0.044659046419968706,0.0005702235991439708,,0.002127325149003006
2020-03-10,0.018202178169636103,0.0036958542242552534,0.044659046419968706,0.0005702235991439708,,0.002127325149003006
2020-03-11,0.018202178169636103,0.0036958542242552534,0.044659046419968706,0.0005702235991439708,,0.002127325149003006
2020-03-12,0.018202178169636103,0.0036958542242552534,0.044659046419968706,0.0005702235991439708,,0.002127325149003006
2020-03-13,0.018202178169636103,0.0036958542242552534,0.044659046419968706,0.0005702235991439708,,0.002127325149003006
2020-03-16,0.018202178169636103,0.0036958542242552534,0.044659046419968706,0.0005702235991439708,,0.002127325149003006
2020-03-17,0.018202178169636103,0.0036958542242552534,0.044659046419968706,0.0005702235991439708,,0.002127325149003006
2020-03-18,0.018202178169636103,0.0036958542242552534,0.044659046419968706,0.0005702235991439708,,0.002127325149003006
2020-03-19,0.018202178169636103,0.0036958542242552534,0.044659046419968706,0.0005702235991439708,,0.002127325149003006
2020-03-20,0.018202178169636103,0.0036958542242552534,0.044659046419968706,0.0005702235991439708,,0.002127325149003006
2020-03-23,0.018202178169636103,0.0036958542242552534,0.044659046419968706,0.0005702235991439708,,0.002127325149003006
2020-03-24,0.018202178169636103,0.0036958542242552534,0.044659046419968706,0.0005702235991439708,,0.002127325149003006
2020-03-25,0.018202178169636103,0.0036958542242552534,0.044659046419968706,0.0005702235991439708,,0.002127325149003006
2020-03-26,0.018202178169636103,0.0036958542242552534,0.044659046419968706,0.0005702235991439708,,0.002127325149003006
2020-03-27,0.018202178169636103,0.0036958542242552534,0.044659046419968706,0.0005702235991439708,,0.002127325149003006
2020-03-30,0.018202178169636103,0.0036958542242552534,0.044659046419968706,0.0005702235991439708,,0.002127325149003006
2020-03-31,0.018202178169636103,0.0036958542242552534,0.044659046419968706,0.0005702235991439708,,0.002127325149003006
2020-04-01,0.04510337131894615,0.021086317416783216,0.0595787168248917,0.0019048632025370144,,0.032289576796921265
2020-04-02,0.04510337131894615,0.021086317416783216,0.0595787168248917,0.0019048632025370144,,0.032289576796921265
2020-04-03,0.04510337131894615,0.021086317416783216,0.0595787168248917,0.0019048632025370144,,0.032289576796921265
2020-04-07,0.04510337131894615,0.021086317416783216,0.0595787168248917,0.0019048632025370144,,0.032289576796921265
2020-04-08,0.04510337131894615,0.021086317416783216,0.0595787168248917,0.0019048632025370144,,0.032289576796921265
2020-04-09,0.04510337131894615,0.021086317416783216,0.0595787168248917,0.0019048632025370144,,0.032289576796921265
2020-04-10,0.04510337131894615,0.021086317416783216,0.0595787168248917,0.0019048632025370144,,0.032289576796921265
2020-04-13,0.04510337131894615,0.021086317416783216,0.0595787168248917,0.0019048632025370144,,0.032289576796921265
2020-04-14,0.04510337131894615,0.021086317416783216,0.0595787168248917,0.0019048632025370144,,0.032289576796921265
2020-04-15,0.04510337131894615,0.021086317416783216,0.0595787168248917,0.0019048632025370144,,0.032289576796921265
2020-04-16,0.04510337131894615,0.021086317416783216,0.0595787168248917,0.0019048632025370144,,0.032289576796921265
2020-04-17,0.04510337131894615,0.021086317416783216,0.0595787168248917,0.0019048632025370144,,0.032289576796921265
2020-04-20,0.04510337131894615,0.021086317416783216,0.0595787168248917,0.0019048632025370144,,0.032289576796921265
2020-04-21,0.04510337131894615,0.021086317416783216,0.0595787168248917,0.0019048632025370144,,0.032289576796921265
2020-04-22,0.04510337131894615,0.021086317416783216,0.0595787168248917,0.0019048632025370144,,0.032289576796921265
2020-04-23,0.04510337131894615,0.021086317416783216,0.0595787168248917,0.0019048632025370144,,0.032289576796921265
2020-04-24,0.04510337131894615,0.021086317416783216,0.0595787168248917,0.0019048632025370144,,0.032289576796921265
2020-04-27,0.04510337131894615,0.021086317416783216,0.0595787168248917,0.0019048632025370144,,0.032289576796921265
2020-04-28,0.04510337131894615,0.021086317416783216,0.0595787168248917,0.0019048632025370144,,0.032289576796921265
2020-04-29,0.04510337131894615,0.021086317416783216,0.0595787168248917,0.0019048632025370144,,0.032289576796921265
2020-04-30,0.04510337131894615,0.021086317416783216,0.0595787168248917,0.0019048632025370144,,0.032289576796921265
2020-05-06,0.04510337131894615,0.021086317416783216,0.0595787168248917,0.0019048632025370144,,0.032289576796921265
2020-05-07,0.04510337131894615,0.021086317416783216,0.0595787168248917,0.0019048632025370144,,0.032289576796921265
2020-05-08,0.04510337131894615,0.021086317416783216,0.0595787168248917,0.0019048632025370144,,0.032289576796921265
2020-05-11,0.04510337131894615,0.021086317416783216,0.0595787168248917,0.0019048632025370144,,0.032289576796921265
2020-05-12,0.04510337131894615,0.021086317416783216,0.0595787168248917,0.0019048632025370144,,0.032289576796921265
2020-05-13,0.04510337131894615,0.021086317416783216,0.0595787168248917,0.0019048632025370144,,0.032289576796921265
2020-05-14,0.04510337131894615,0.021086317416783216,0.0595787168248917,0.0019048632025370144,,0.032289576796921265
2020-05-15,0.04510337131894615,0.021086317416783216,0.0595787168248917,0.0019048632025370144,,0.032289576796921265
2020-05-18,0.04510337131894615,0.021086317416783216,0.0595787168248917,0.0019048632025370144,,0.032289576796921265
2020-05-19,0.04510337131894615,0.021086317416783216,0.0595787168248917,0.0019048632025370144,,0.032289576796921265
2020-05-20,0.04510337131894615,0.021086317416783216,0.0595787168248917,0.0019048632025370144,,0.032289576796921265
2020-05-21,0.04510337131894615,0.021086317416783216,0.0595787168248917,0.0019048632025370144,,0.032289576796921265
2020-05-22,0.04510337131894615,0.021086317416783216,0.0595787168248917,0.0019048632025370144,,0.032289576796921265
2020-05-25,0.04510337131894615,0.021086317416783216,0.0595787168248917,0.0019048632025370144,,0.032289576796921265
2020-05-26,0.04510337131894615,0.021086317416783216,0.0595787168248917,0.0019048632025370144,,0.032289576796921265
2020-05-27,0.04510337131894615,0.021086317416783216,0.0595787168248917,0.0019048632025370144,,0.032289576796921265
2020-05-28,0.04510337131894615,0.021086317416783216,0.0595787168248917,0.0019048632025370144,,0.032289576796921265
2020-05-29,0.04510337131894615,0.021086317416783216,0.0595787168248917,0.0019048632025370144,,0.032289576796921265
2020-06-01,0.04510337131894615,0.021086317416783216,0.0595787168248917,0.0019048632025370144,,0.032289576796921265
2020-06-02,0.04510337131894615,0.021086317416783216,0.0595787168248917,0.0019048632025370144,,0.032289576796921265
2020-06-03,0.04510337131894615,0.021086317416783216,0.0595787168248917,0.0019048632025370144,,0.032289576796921265
2020-06-04,0.04510337131894615,0.021086317416783216,0.0595787168248917,0.0019048632025370144,,0.032289576796921265
2020-06-05,0.04510337131894615,0.021086317416783216,0.0595787168248917,0.0019048632025370144,,0.032289576796921265
2020-06-08,0.04510337131894615,0.021086317416783216,0.0595787168248917,0.0019048632025370144,,0.032289576796921265
2020-06-09,0.04510337131894615,0.021086317416783216,0.0595787168248917,0.0019048632025370144,,0.032289576796921265
2020-06-10,0.04510337131894615,0.021086317416783216,0.0595787168248917,0.0019048632025370144,,0.032289576796921265
2020-06-11,0.04510337131894615,0.021086317416783216,0.0595787168248917,0.0019048632025370144,,0.032289576796921265
2020-06-12,0.04510337131894615,0.021086317416783216,0.0595787168248917,0.0019048632025370144,,0.032289576796921265
2020-06-15,0.04510337131894615,0.021086317416783216,0.0595787168248917,0.0019048632025370144,,0.032289576796921265
2020-06-16,0.04510337131894615,0.021086317416783216,0.0595787168248917,0.0019048632025370144,,0.032289576796921265
2020-06-17,0.04510337131894615,0.021086317416783216,0.0595787168248917,0.0019048632025370144,,0.032289576796921265
2020-06-18,0.04510337131894615,0.021086317416783216,0.0595787168248917,0.0019048632025370144,,0.032289576796921265
2020-06-19,0.04510337131894615,0.021086317416783216,0.0595787168248917,0.0019048632025370144,,0.032289576796921265
2020-06-22,0.04510337131894615,0.021086317416783216,0.0595787168248917,0.0019048632025370144,,0.032289576796921265
2020-06-23,0.04510337131894615,0.021086317416783216,0.0595787168248917,0.0019048632025370144,,0.032289576796921265
2020-06-24,0.04510337131894615,0.021086317416783216,0.0595787168248917,0.0019048632025370144,,0.032289576796921265
2020-06-29,0.04510337131894615,0.021086317416783216,0.0595787168248917,0.0019048632025370144,,0.032289576796921265
2020-06-30,0.04510337131894615,0.021086317416783216,0.0595787168248917,0.0019048632025370144,,0.032289576796921265
2020-07-01,0.030870704485184246,0.01556098306545212,0.05552613812832231,-0.0031463043591432203,,0.006617522310958068
2020-07-02,0.030870704485184246,0.01556098306545212,0.05552613812832231,-0.0031463043591432203,,0.006617522310958068
2020-07-03,0.030870704485184246,0.01556098306545212,0.05552613812832231,-0.0031463043591432203,,0.006617522310958068
2020-07-06,0.030870704485184246,0.01556098306545212,0.05552613812832231,-0.0031463043591432203,,0.006617522310958068
2020-07-07,0.030870704485184246,0.01556098306545212,0.05552613812832231,-0.0031463043591432203,,0.006617522310958068
2020-07-08,0.030870704485184246,0.01556098306545212,0.05552613812832231,-0.0031463043591432203,,0.006617522310958068
2020-07-09,0.030870704485184246,0.01556098306545212,0.05552613812832231,-0.0031463043591432203,,0.006617522310958068
2020-07-10,0.030870704485184246,0.01556098306545212,0.05552613812832231,-0.0031463043591432203,,0.006617522310958068
2020-07-13,0.030870704485184246,0.01556098306545212,0.05552613812832231,-0.0031463043591432203,,0.006617522310958068
2020-07-14,0.030870704485184246,0.01556098306545212,0.05552613812832231,-0.0031463043591432203,,0.006617522310958068
2020-07-15,0.030870704485184246,0.01556098306545212,0.05552613812832231,-0.0031463043591432203,,0.006617522310958068
2020-07-16,0.030870704485184246,0.01556098306545212,0.05552613812832231,-0.0031463043591432203,,0.006617522310958068
2020-07-17,0.030870704485184246,0.01556098306545212,0.05552613812832231,-0.0031463043591432203,,0.006617522310958068
2020-07-20,0.030870704485184246,0.01556098306545212,0.05552613812832231,-0.0031463043591432203,,0.006617522310958068
2020-07-21,0.030870704485184246,0.01556098306545212,0.05552613812832231,-0.0031463043591432203,,0.006617522310958068
2020-07-22,0.030870704485184246,0.01556098306545212,0.05552613812832231,-0.0031463043591432203,,0.006617522310958068
2020-07-23,0.030870704485184246,0.01556098306545212,0.05552613812832231,-0.0031463043591432203,,0.006617522310958068
2020-07-24,0.030870704485184246,0.01556098306545212,0.05552613812832231,-0.0031463043591432203,,0.006617522310958068
2020-07-27,0.030870704485184246,0.01556098306545212,0.05552613812832231,-0.0031463043591432203,,0.006617522310958068
2020-07-28,0.030870704485184246,0.01556098306545212,0.05552613812832231,-0.0031463043591432203,,0.006617522310958068
2020-07-29,0.030870704485184246,0.01556098306545212,0.05552613812832231,-0.0031463043591432203,,0.006617522310958068
2020-07-30,0.030870704485184246,0.01556098306545212,0.05552613812832231,-0.0031463043591432203,,0.006617522310958068
2020-07-31,0.030870704485184246,0.01556098306545212,0.05552613812832231,-0.0031463043591432203,,0.006617522310958068
2020-08-03,0.030870704485184246,0.01556098306545212,0.05552613812832231,-0.0031463043591432203,,0.006617522310958068
2020-08-04,0.030870704485184246,0.01556098306545212,0.05552613812832231,-0.0031463043591432203,,0.006617522310958068
2020-08-05,0.030870704485184246,0.01556098306545212,0.05552613812832231,-0.0031463043591432203,,0.006617522310958068
2020-08-06,0.030870704485184246,0.01556098306545212,0.05552613812832231,-0.0031463043591432203,,0.006617522310958068
2020-08-07,0.030870704485184246,0.01556098306545212,0.05552613812832231,-0.0031463043591432203,,0.006617522310958068
2020-08-10,0.030870704485184246,0.01556098306545212,0.05552613812832231,-0.0031463043591432203,,0.006617522310958068
2020-08-11,0.030870704485184246,0.01556098306545212,0.05552613812832231,-0.0031463043591432203,,0.006617522310958068
2020-08-12,0.030870704485184246,0.01556098306545212,0.05552613812832231,-0.0031463043591432203,,0.006617522310958068
2020-08-13,0.030870704485184246,0.01556098306545212,0.05552613812832231,-0.0031463043591432203,,0.006617522310958068
2020-08-14,0.030870704485184246,0.01556098306545212,0.05552613812832231,-0.0031463043591432203,,0.006617522310958068
2020-08-17,0.030870704485184246,0.01556098306545212,0.05552613812832231,-0.0031463043591432203,,0.006617522310958068
2020-08-18,0.030870704485184246,0.01556098306545212,0.05552613812832231,-0.0031463043591432203,,0.006617522310958068
2020-08-19,0.030870704485184246,0.01556098306545212,0.05552613812832231,-0.0031463043591432203,,0.006617522310958068
2020-08-20,0.030870704485184246,0.01556098306545212,0.05552613812832231,-0.0031463043591432203,,0.006617522310958068
2020-08-21,0.030870704485184246,0.01556098306545212,0.05552613812832231,-0.0031463043591432203,,0.006617522310958068
2020-08-24,0.030870704485184246,0.01556098306545212,0.05552613812832231,-0.0031463043591432203,,0.006617522310958068
2020-08-25,0.030870704485184246,0.01556098306545212,0.05552613812832231,-0.0031463043591432203,,0.006617522310958068
2020-08-26,0.030870704485184246,0.01556098306545212,0.05552613812832231,-0.0031463043591432203,,0.006617522310958068
2020-08-27,0.030870704485184246,0.01556098306545212,0.05552613812832231,-0.0031463043591432203,,0.006617522310958068
2020-08-28,0.030870704485184246,0.01556098306545212,0.05552613812832231,-0.0031463043591432203,,0.006617522310958068
2020-08-31,0.030870704485184246,0.01556098306545212,0.05552613812832231,-0.0031463043591432203,,0.006617522310958068
2020-09-01,0.030870704485184246,0.01556098306545212,0.05552613812832231,-0.0031463043591432203,,0.006617522310958068
2020-09-02,0.030870704485184246,0.01556098306545212,0.05552613812832231,-0.0031463043591432203,,0.006617522310958068
2020-09-03,0.030870704485184246,0.01556098306545212,0.05552613812832231,-0.0031463043591432203,,0.006617522310958068
2020-09-04,0.030870704485184246,0.01556098306545212,0.05552613812832231,-0.0031463043591432203,,0.006617522310958068
2020-09-07,0.030870704485184246,0.01556098306545212,0.05552613812832231,-0.0031463043591432203,,0.006617522310958068
2020-09-08,0.030870704485184246,0.01556098306545212,0.05552613812832231,-0.0031463043591432203,,0.006617522310958068
2020-09-09,0.030870704485184246,0.01556098306545212,0.05552613812832231,-0.0031463043591432203,,0.006617522310958068
2020-09-10,0.030870704485184246,0.01556098306545212,0.05552613812832231,-0.0031463043591432203,,0.006617522310958068
2020-09-11,0.030870704485184246,0.01556098306545212,0.05552613812832231,-0.0031463043591432203,,0.006617522310958068
2020-09-14,0.030870704485184246,0.01556098306545212,0.05552613812832231,-0.0031463043591432203,,0.006617522310958068
2020-09-15,0.030870704485184246,0.01556098306545212,0.05552613812832231,-0.0031463043591432203,,0.006617522310958068
2020-09-16,0.030870704485184246,0.01556098306545212,0.05552613812832231,-0.0031463043591432203,,0.006617522310958068
2020-09-17,0.030870704485184246,0.01556098306545212,0.05552613812832231,-0.0031463043591432203,,0.006617522310958068
2020-09-18,0.030870704485184246,0.01556098306545212,0.05552613812832231,-0.0031463043591432203,,0.006617522310958068
2020-09-21,0.030870704485184246,0.01556098306545212,0.05552613812832231,-0.0031463043591432203,,0.006617522310958068
2020-09-22,0.030870704485184246,0.01556098306545212,0.05552613812832231,-0.0031463043591432203,,0.006617522310958068
2020-09-23,0.030870704485184246,0.01556098306545212,0.05552613812832231,-0.0031463043591432203,,0.006617522310958068
2020-09-24,0.030870704485184246,0.01556098306545212,0.05552613812832231,-0.0031463043591432203,,0.006617522310958068
2020-09-25,0.030870704485184246,0.01556098306545212,0.05552613812832231,-0.0031463043591432203,,0.006617522310958068
2020-09-28,0.030870704485184246,0.01556098306545212,0.05552613812832231,-0.0031463043591432203,,0.006617522310958068
2020-09-29,0.030870704485184246,0.01556098306545212,0.05552613812832231,-0.0031463043591432203,,0.006617522310958068
2020-09-30,0.030870704485184246,0.01556098306545212,0.05552613812832231,-0.0031463043591432203,,0.006617522310958068
2020-10-09,0.04177515562538895,0.032012437979537,0.07466733204423245,0.0006806887328346981,,0.008708364703439438
2020-10-12,0.04177515562538895,0.032012437979537,0.07466733204423245,0.0006806887328346981,,0.008708364703439438
2020-10-13,0.04177515562538895,0.032012437979537,0.07466733204423245,0.0006806887328346981,,0.008708364703439438
2020-10-14,0.04177515562538895,0.032012437979537,0.07466733204423245,0.0006806887328346981,,0.008708364703439438
2020-10-15,0.04177515562538895,0.032012437979537,0.07466733204423245,0.0006806887328346981,,0.008708364703439438
2020-10-16,0.04177515562538895,0.032012437979537,0.07466733204423245,0.0006806887328346981,,0.008708364703439438
2020-10-19,0.04177515562538895,0.032012437979537,0.07466733204423245,0.0006806887328346981,,0.008708364703439438
2020-10-20,0.04177515562538895,0.032012437979537,0.07466733204423245,0.0006806887328346981,,0.008708364703439438
2020-10-21,0.04177515562538895,0.032012437979537,0.07466733204423245,0.0006806887328346981,,0.008708364703439438
2020-10-22,0.04177515562538895,0.032012437979537,0.07466733204423245,0.0006806887328346981,,0.008708364703439438
2020-10-23,0.04177515562538895,0.032012437979537,0.07466733204423245,0.0006806887328346981,,0.008708364703439438
2020-10-26,0.04177515562538895,0.032012437979537,0.07466733204423245,0.0006806887328346981,,0.008708364703439438
2020-10-27,0.04177515562538895,0.032012437979537,0.07466733204423245,0.0006806887328346981,,0.008708364703439438
2020-10-28,0.04177515562538895,0.032012437979537,0.07466733204423245,0.0006806887328346981,,0.008708364703439438
2020-10-29,0.04177515562538895,0.032012437979537,0.07466733204423245,0.0006806887328346981,,0.008708364703439438
2020-10-30,0.04177515562538895,0.032012437979537,0.07466733204423245,0.0006806887328346981,,0.008708364703439438
2020-11-02,0.04177515562538895,0.032012437979537,0.07466733204423245,0.0006806887328346981,,0.008708364703439438
2020-11-03,0.04177515562538895,0.032012437979537,0.07466733204423245,0.0006806887328346981,,0.008708364703439438
2020-11-04,0.04177515562538895,0.032012437979537,0.07466733204423245,0.0006806887328346981,,0.008708364703439438
2020-11-05,0.04177515562538895,0.032012437979537,0.07466733204423245,0.0006806887328346981,,0.008708364703439438
2020-11-06,0.04177515562538895,0.032012437979537,0.07466733204423245,0.0006806887328346981,,0.008708364703439438
2020-11-09,0.04177515562538895,0.032012437979537,0.07466733204423245,0.0006806887328346981,,0.008708364703439438
2020-11-10,0.04177515562538895,0.032012437979537,0.07466733204423245,0.0006806887328346981,,0.008708364703439438
2020-11-11,0.04177515562538895,0.032012437979537,0.07466733204423245,0.0006806887328346981,,0.008708364703439438
2020-11-12,0.04177515562538895,0.032012437979537,0.07466733204423245,0.0006806887328346981,,0.008708364703439438
2020-11-13,0.04177515562538895,0.032012437979537,0.07466733204423245,0.0006806887328346981,,0.008708364703439438
2020-11-16,0.04177515562538895,0.032012437979537,0.07466733204423245,0.0006806887328346981,,0.008708364703439438
2020-11-17,0.04177515562538895,0.032012437979537,0.07466733204423245,0.0006806887328346981,,0.008708364703439438
2020-11-18,0.04177515562538895,0.032012437979537,0.07466733204423245,0.0006806887328346981,,0.008708364703439438
2020-11-19,0.04177515562538895,0.032012437979537,0.07466733204423245,0.0006806887328346981,,0.008708364703439438
2020-11-20,0.04177515562538895,0.032012437979537,0.07466733204423245,0.0006806887328346981,,0.008708364703439438
2020-11-23,0.04177515562538895,0.032012437979537,0.07466733204423245,0.0006806887328346981,,0.008708364703439438
2020-11-24,0.04177515562538895,0.032012437979537,0.07466733204423245,0.0006806887328346981,,0.008708364703439438
2020-11-25,0.04177515562538895,0.032012437979537,0.07466733204423245,0.0006806887328346981,,0.008708364703439438
2020-11-26,0.04177515562538895,0.032012437979537,0.07466733204423245,0.0006806887328346981,,0.008708364703439438
2020-11-27,0.04177515562538895,0.032012437979537,0.07466733204423245,0.0006806887328346981,,0.008708364703439438
2020-11-30,0.04177515562538895,0.032012437979537,0.07466733204423245,0.0006806887328346981,,0.008708364703439438
2020-12-01,0.04177515562538895,0.032012437979537,0.07466733204423245,0.0006806887328346981,,0.008708364703439438
2020-12-02,0.04177515562538895,0.032012437979537,0.07466733204423245,0.0006806887328346981,,0.008708364703439438
2020-12-03,0.04177515562538895,0.032012437979537,0.07466733204423245,0.0006806887328346981,,0.008708364703439438
2020-12-04,0.04177515562538895,0.032012437979537,0.07466733204423245,0.0006806887328346981,,0.008708364703439438
2020-12-07,0.04177515562538895,0.032012437979537,0.07466733204423245,0.0006806887328346981,,0.008708364703439438
2020-12-08,0.04177515562538895,0.032012437979537,0.07466733204423245,0.0006806887328346981,,0.008708364703439438
2020-12-09,0.04177515562538895,0.032012437979537,0.07466733204423245,0.0006806887328346981,,0.008708364703439438
2020-12-10,0.04177515562538895,0.032012437979537,0.07466733204423245,0.0006806887328346981,,0.008708364703439438
2020-12-11,0.04177515562538895,0.032012437979537,0.07466733204423245,0.0006806887328346981,,0.008708364703439438
2020-12-14,0.04177515562538895,0.032012437979537,0.07466733204423245,0.0006806887328346981,,0.008708364703439438
2020-12-15,0.04177515562538895,0.032012437979537,0.07466733204423245,0.0006806887328346981,,0.008708364703439438
2020-12-16,0.04177515562538895,0.032012437979537,0.07466733204423245,0.0006806887328346981,,0.008708364703439438
2020-12-17,0.04177515562538895,0.032012437979537,0.07466733204423245,0.0006806887328346981,,0.008708364703439438
2020-12-18,0.04177515562538895,0.032012437979537,0.07466733204423245,0.0006806887328346981,,0.008708364703439438
2020-12-21,0.04177515562538895,0.032012437979537,0.07466733204423245,0.0006806887328346981,,0.008708364703439438
2020-12-22,0.04177515562538895,0.032012437979537,0.07466733204423245,0.0006806887328346981,,0.008708364703439438
2020-12-23,0.04177515562538895,0.032012437979537,0.07466733204423245,0.0006806887328346981,,0.008708364703439438
2020-12-24,0.04177515562538895,0.032012437979537,0.07466733204423245,0.0006806887328346981,,0.008708364703439438
2020-12-25,0.04177515562538895,0.032012437979537,0.07466733204423245,0.0006806887328346981,,0.008708364703439438
2020-12-28,0.04177515562538895,0.032012437979537,0.07466733204423245,0.0006806887328346981,,0.008708364703439438
2020-12-29,0.04177515562538895,0.032012437979537,0.07466733204423245,0.0006806887328346981,,0.008708364703439438
2020-12-30,0.04177515562538895,0.032012437979537,0.07466733204423245,0.0006806887328346981,,0.008708364703439438
2020-12-31,0.04177515562538895,0.032012437979537,0.07466733204423245,0.0006806887328346981,,0.008708364703439438
2021-01-04,0.03399650047246125,0.027367986684984344,0.07276536588115404,0.004026072760013096,,0.00594455051860869
2021-01-05,0.03399650047246125,0.027367986684984344,0.07276536588115404,0.004026072760013096,,0.00594455051860869
2021-01-06,0.03399650047246125,0.027367986684984344,0.07276536588115404,0.004026072760013096,,0.00594455051860869
2021-01-07,0.03399650047246125,0.027367986684984344,0.07276536588115404,0.004026072760013096,,0.00594455051860869
2021-01-08,0.03399650047246125,0.027367986684984344,0.07276536588115404,0.004026072760013096,,0.00594455051860869
2021-01-11,0.03399650047246125,0.027367986684984344,0.07276536588115404,0.004026072760013096,,0.00594455051860869
2021-01-12,0.03399650047246125,0.027367986684984344,0.07276536588115404,0.004026072760013096,,0.00594455051860869
2021-01-13,0.03399650047246125,0.027367986684984344,0.07276536588115404,0.004026072760013096,,0.00594455051860869
2021-01-14,0.03399650047246125,0.027367986684984344,0.07276536588115404,0.004026072760013096,,0.00594455051860869
2021-01-15,0.03399650047246125,0.027367986684984344,0.07276536588115404,0.004026072760013096,,0.00594455051860869
2021-01-18,0.03399650047246125,0.027367986684984344,0.07276536588115404,0.004026072760013096,,0.00594455051860869
2021-01-19,0.03399650047246125,0.027367986684984344,0.07276536588115404,0.004026072760013096,,0.00594455051860869
2021-01-20,0.03399650047246125,0.027367986684984344,0.07276536588115404,0.004026072760013096,,0.00594455051860869
2021-01-21,0.03399650047246125,0.027367986684984344,0.07276536588115404,0.004026072760013096,,0.00594455051860869
2021-01-22,0.03399650047246125,0.027367986684984344,0.07276536588115404,0.004026072760013096,,0.00594455051860869
2021-01-25,0.03399650047246125,0.027367986684984344,0.07276536588115404,0.004026072760013096,,0.00594455051860869
2021-01-26,0.03399650047246125,0.027367986684984344,0.07276536588115404,0.004026072760013096,,0.00594455051860869
2021-01-27,0.03399650047246125,0.027367986684984344,0.07276536588115404,0.004026072760013096,,0.00594455051860869
2021-01-28,0.03399650047246125,0.027367986684984344,0.07276536588115404,0.004026072760013096,,0.00594455051860869
2021-01-29,0.03399650047246125,0.027367986684984344,0.07276536588115404,0.004026072760013096,,0.00594455051860869
2021-02-01,0.03399650047246125,0.027367986684984344,0.07276536588115404,0.004026072760013096,,0.00594455051860869
2021-02-02,0.03399650047246125,0.027367986684984344,0.07276536588115404,0.004026072760013096,,0.00594455051860869
2021-02-03,0.03399650047246125,0.027367986684984344,0.07276536588115404,0.004026072760013096,,0.00594455051860869
2021-02-04,0.03399650047246125,0.027367986684984344,0.07276536588115404,0.004026072760013096,,0.00594455051860869
2021-02-05,0.03399650047246125,0.027367986684984344,0.07276536588115404,0.004026072760013096,,0.00594455051860869
2021-02-08,0.03399650047246125,0.027367986684984344,0.07276536588115404,0.004026072760013096,,0.00594455051860869
2021-02-09,0.03399650047246125,0.027367986684984344,0.07276536588115404,0.004026072760013096,,0.00594455051860869
2021-02-10,0.03399650047246125,0.027367986684984344,0.07276536588115404,0.004026072760013096,,0.00594455051860869
2021-02-18,0.03399650047246125,0.027367986684984344,0.07276536588115404,0.004026072760013096,,0.00594455051860869
2021-02-19,0.03399650047246125,0.027367986684984344,0.07276536588115404,0.004026072760013096,,0.00594455051860869
2021-02-22,0.03399650047246125,0.027367986684984344,0.07276536588115404,0.004026072760013096,,0.00594455051860869
2021-02-23,0.03399650047246125,0.027367986684984344,0.07276536588115404,0.004026072760013096,,0.00594455051860869
2021-02-24,0.03399650047246125,0.027367986684984344,0.07276536588115404,0.004026072760013096,,0.00594455051860869
2021-02-25,0.03399650047246125,0.027367986684984344,0.07276536588115404,0.004026072760013096,,0.00594455051860869
2021-02-26,0.03399650047246125,0.027367986684984344,0.07276536588115404,0.004026072760013096,,0.00594455051860869
2021-03-01,0.03399650047246125,0.027367986684984344,0.07276536588115404,0.004026072760013096,,0.00594455051860869
2021-03-02,0.03399650047246125,0.027367986684984344,0.07276536588115404,0.004026072760013096,,0.00594455051860869
2021-03-03,0.03399650047246125,0.027367986684984344,0.07276536588115404,0.004026072760013096,,0.00594455051860869
2021-03-04,0.03399650047246125,0.027367986684984344,0.07276536588115404,0.004026072760013096,,0.00594455051860869
2021-03-05,0.03399650047246125,0.027367986684984344,0.07276536588115404,0.004026072760013096,,0.00594455051860869
2021-03-08,0.03399650047246125,0.027367986684984344,0.07276536588115404,0.004026072760013096,,0.00594455051860869
2021-03-09,0.03399650047246125,0.027367986684984344,0.07276536588115404,0.004026072760013096,,0.00594455051860869
2021-03-10,0.03399650047246125,0.027367986684984344,0.07276536588115404,0.004026072760013096,,0.00594455051860869
2021-03-11,0.03399650047246125,0.027367986684984344,0.07276536588115404,0.004026072760013096,,0.00594455051860869
2021-03-12,0.03399650047246125,0.027367986684984344,0.07276536588115404,0.004026072760013096,,0.00594455051860869
2021-03-15,0.03399650047246125,0.027367986684984344,0.07276536588115404,0.004026072760013096,,0.00594455051860869
2021-03-16,0.03399650047246125,0.027367986684984344,0.07276536588115404,0.004026072760013096,,0.00594455051860869
2021-03-17,0.03399650047246125,0.027367986684984344,0.07276536588115404,0.004026072760013096,,0.00594455051860869
2021-03-18,0.03399650047246125,0.027367986684984344,0.07276536588115404,0.004026072760013096,,0.00594455051860869
2021-03-19,0.03399650047246125,0.027367986684984344,0.07276536588115404,0.004026072760013096,,0.00594455051860869
2021-03-22,0.03399650047246125,0.027367986684984344,0.07276536588115404,0.004026072760013096,,0.00594455051860869
2021-03-23,0.03399650047246125,0.027367986684984344,0.07276536588115404,0.004026072760013096,,0.00594455051860869
2021-03-24,0.03399650047246125,0.027367986684984344,0.07276536588115404,0.004026072760013096,,0.00594455051860869
2021-03-25,0.03399650047246125,0.027367986684984344,0.07276536588115404,0.004026072760013096,,0.00594455051860869
2021-03-26,0.03399650047246125,0.027367986684984344,0.07276536588115404,0.004026072760013096,,0.00594455051860869
2021-03-29,0.03399650047246125,0.027367986684984344,0.07276536588115404,0.004026072760013096,,0.00594455051860869
2021-03-30,0.03399650047246125,0.027367986684984344,0.07276536588115404,0.004026072760013096,,0.00594455051860869
2021-03-31,0.03399650047246125,0.027367986684984344,0.07276536588115404,0.004026072760013096,,0.00594455051860869
2021-04-01,0.02499414332091489,0.03465751959557833,0.0807852612493262,0.012049356403669486,,0.00443245481781224
2021-04-02,0.02499414332091489,0.03465751959557833,0.0807852612493262,0.012049356403669486,,0.00443245481781224
2021-04-06,0.02499414332091489,0.03465751959557833,0.0807852612493262,0.012049356403669486,,0.00443245481781224
2021-04-07,0.02499414332091489,0.03465751959557833,0.0807852612493262,0.012049356403669486,,0.00443245481781224
2021-04-08,0.02499414332091489,0.03465751959557833,0.0807852612493262,0.012049356403669486,,0.00443245481781224
2021-04-09,0.02499414332091489,0.03465751959557833,0.0807852612493262,0.012049356403669486,,0.00443245481781224
2021-04-12,0.02499414332091489,0.03465751959557833,0.0807852612493262,0.012049356403669486,,0.00443245481781224
2021-04-13,0.02499414332091489,0.03465751959557833,0.0807852612493262,0.012049356403669486,,0.00443245481781224
2021-04-14,0.02499414332091489,0.03465751959557833,0.0807852612493262,0.012049356403669486,,0.00443245481781224
2021-04-15,0.02499414332091489,0.03465751959557833,0.0807852612493262,0.012049356403669486,,0.00443245481781224
2021-04-16,0.02499414332091489,0.03465751959557833,0.0807852612493262,0.012049356403669486,,0.00443245481781224
2021-04-19,0.02499414332091489,0.03465751959557833,0.0807852612493262,0.012049356403669486,,0.00443245481781224
2021-04-20,0.02499414332091489,0.03465751959557833,0.0807852612493262,0.012049356403669486,,0.00443245481781224
2021-04-21,0.02499414332091489,0.03465751959557833,0.0807852612493262,0.012049356403669486,,0.00443245481781224
2021-04-22,0.02499414332091489,0.03465751959557833,0.0807852612493262,0.012049356403669486,,0.00443245481781224
2021-04-23,0.02499414332091489,0.03465751959557833,0.0807852612493262,0.012049356403669486,,0.00443245481781224
2021-04-26,0.02499414332091489,0.03465751959557833,0.0807852612493262,0.012049356403669486,,0.00443245481781224
2021-04-27,0.02499414332091489,0.03465751959557833,0.0807852612493262,0.012049356403669486,,0.00443245481781224
2021-04-28,0.02499414332091489,0.03465751959557833,0.0807852612493262,0.012049356403669486,,0.00443245481781224
2021-04-29,0.02499414332091489,0.03465751959557833,0.0807852612493262,0.012049356403669486,,0.00443245481781224
2021-04-30,0.02499414332091489,0.03465751959557833,0.0807852612493262,0.012049356403669486,,0.00443245481781224
2021-05-06,0.02499414332091489,0.03465751959557833,0.0807852612493262,0.012049356403669486,,0.00443245481781224
2021-05-07,0.02499414332091489,0.03465751959557833,0.0807852612493262,0.012049356403669486,,0.00443245481781224
2021-05-10,0.02499414332091489,0.03465751959557833,0.0807852612493262,0.012049356403669486,,0.00443245481781224
2021-05-11,0.02499414332091489,0.03465751959557833,0.0807852612493262,0.012049356403669486,,0.00443245481781224
2021-05-12,0.02499414332091489,0.03465751959557833,0.0807852612493262,0.012049356403669486,,0.00443245481781224
2021-05-13,0.02499414332091489,0.03465751959557833,0.0807852612493262,0.012049356403669486,,0.00443245481781224
2021-05-14,0.02499414332091489,0.03465751959557833,0.0807852612493262,0.012049356403669486,,0.00443245481781224
2021-05-17,0.02499414332091489,0.03465751959557833,0.0807852612493262,0.012049356403669486,,0.00443245481781224
2021-05-18,0.02499414332091489,0.03465751959557833,0.0807852612493262,0.012049356403669486,,0.00443245481781224
2021-05-19,0.02499414332091489,0.03465751959557833,0.0807852612493262,0.012049356403669486,,0.00443245481781224
2021-05-20,0.02499414332091489,0.03465751959557833,0.0807852612493262,0.012049356403669486,,0.00443245481781224
2021-05-21,0.02499414332091489,0.03465751959557833,0.0807852612493262,0.012049356403669486,,0.00443245481781224
2021-05-24,0.02499414332091489,0.03465751959557833,0.0807852612493262,0.012049356403669486,,0.00443245481781224
2021-05-25,0.02499414332091489,0.03465751959557833,0.0807852612493262,0.012049356403669486,,0.00443245481781224
2021-05-26,0.02499414332091489,0.03465751959557833,0.0807852612493262,0.012049356403669486,,0.00443245481781224
2021-05-27,0.02499414332091489,0.03465751959557833,0.0807852612493262,0.012049356403669486,,0.00443245481781224
2021-05-28,0.02499414332091489,0.03465751959557833,0.0807852612493262,0.012049356403669486,,0.00443245481781224
2021-05-31,0.02499414332091489,0.03465751959557833,0.0807852612493262,0.012049356403669486,,0.00443245481781224
2021-06-01,0.02499414332091489,0.03465751959557833,0.0807852612493262,0.012049356403669486,,0.00443245481781224
2021-06-02,0.02499414332091489,0.03465751959557833,0.0807852612493262,0.012049356403669486,,0.00443245481781224
2021-06-03,0.02499414332091489,0.03465751959557833,0.0807852612493262,0.012049356403669486,,0.00443245481781224
2021-06-04,0.02499414332091489,0.03465751959557833,0.0807852612493262,0.012049356403669486,,0.00443245481781224
2021-06-07,0.02499414332091489,0.03465751959557833,0.0807852612493262,0.012049356403669486,,0.00443245481781224
2021-06-08,0.02499414332091489,0.03465751959557833,0.0807852612493262,0.012049356403669486,,0.00443245481781224
2021-06-09,0.02499414332091489,0.03465751959557833,0.0807852612493262,0.012049356403669486,,0.00443245481781224
2021-06-10,0.02499414332091489,0.03465751959557833,0.0807852612493262,0.012049356403669486,,0.00443245481781224
2021-06-11,0.02499414332091489,0.03465751959557833,0.0807852612493262,0.012049356403669486,,0.00443245481781224
2021-06-15,0.02499414332091489,0.03465751959557833,0.0807852612493262,0.012049356403669486,,0.00443245481781224
2021-06-16,0.02499414332091489,0.03465751959557833,0.0807852612493262,0.012049356403669486,,0.00443245481781224
2021-06-17,0.02499414332091489,0.03465751959557833,0.0807852612493262,0.012049356403669486,,0.00443245481781224
2021-06-18,0.02499414332091489,0.03465751959557833,0.0807852612493262,0.012049356403669486,,0.00443245481781224
2021-06-21,0.02499414332091489,0.03465751959557833,0.0807852612493262,0.012049356403669486,,0.00443245481781224
2021-06-22,0.02499414332091489,0.03465751959557833,0.0807852612493262,0.012049356403669486,,0.00443245481781224
2021-06-23,0.02499414332091489,0.03465751959557833,0.0807852612493262,0.012049356403669486,,0.00443245481781224
2021-06-24,0.02499414332091489,0.03465751959557833,0.0807852612493262,0.012049356403669486,,0.00443245481781224
2021-06-25,0.02499414332091489,0.03465751959557833,0.0807852612493262,0.012049356403669486,,0.00443245481781224
2021-06-28,0.02499414332091489,0.03465751959557833,0.0807852612493262,0.012049356403669486,,0.00443245481781224
2021-06-29,0.02499414332091489,0.03465751959557833,0.0807852612493262,0.012049356403669486,,0.00443245481781224
2021-06-30,0.02499414332091489,0.03465751959557833,0.0807852612493262,0.012049356403669486,,0.00443245481781224
2021-07-01,0.031149295982222082,0.03931962531759818,0.0842878253945464,0.020383592122307528,,0.005508598463766857
2021-07-02,0.031149295982222082,0.03931962531759818,0.0842878253945464,0.020383592122307528,,0.005508598463766857
2021-07-05,0.031149295982222082,0.03931962531759818,0.0842878253945464,0.020383592122307528,,0.005508598463766857
2021-07-06,0.031149295982222082,0.03931962531759818,0.0842878253945464,0.020383592122307528,,0.005508598463766857
2021-07-07,0.031149295982222082,0.03931962531759818,0.0842878253945464,0.020383592122307528,,0.005508598463766857
2021-07-08,0.031149295982222082,0.03931962531759818,0.0842878253945464,0.020383592122307528,,0.005508598463766857
2021-07-09,0.031149295982222082,0.03931962531759818,0.0842878253945464,0.020383592122307528,,0.005508598463766857
2021-07-12,0.031149295982222082,0.03931962531759818,0.0842878253945464,0.020383592122307528,,0.005508598463766857
2021-07-13,0.031149295982222082,0.03931962531759818,0.0842878253945464,0.020383592122307528,,0.005508598463766857
2021-07-14,0.031149295982222082,0.03931962531759818,0.0842878253945464,0.020383592122307528,,0.005508598463766857
2021-07-15,0.031149295982222082,0.03931962531759818,0.0842878253945464,0.020383592122307528,,0.005508598463766857
2021-07-16,0.031149295982222082,0.03931962531759818,0.0842878253945464,0.020383592122307528,,0.005508598463766857
2021-07-19,0.031149295982222082,0.03931962531759818,0.0842878253945464,0.020383592122307528,,0.005508598463766857
2021-07-20,0.031149295982222082,0.03931962531759818,0.0842878253945464,0.020383592122307528,,0.005508598463766857
2021-07-21,0.031149295982222082,0.03931962531759818,0.0842878253945464,0.020383592122307528,,0.005508598463766857
2021-07-22,0.031149295982222082,0.03931962531759818,0.0842878253945464,0.020383592122307528,,0.005508598463766857
2021-07-23,0.031149295982222082,0.03931962531759818,0.0842878253945464,0.020383592122307528,,0.005508598463766857
2021-07-26,0.031149295982222082,0.03931962531759818,0.0842878253945464,0.020383592122307528,,0.005508598463766857
2021-07-27,0.031149295982222082,0.03931962531759818,0.0842878253945464,0.020383592122307528,,0.005508598463766857
2021-07-28,0.031149295982222082,0.03931962531759818,0.0842878253945464,0.020383592122307528,,0.005508598463766857
2021-07-29,0.031149295982222082,0.03931962531759818,0.0842878253945464,0.020383592122307528,,0.005508598463766857
2021-07-30,0.031149295982222082,0.03931962531759818,0.0842878253945464,0.020383592122307528,,0.005508598463766857
2021-08-02,0.031149295982222082,0.03931962531759818,0.0842878253945464,0.020383592122307528,,0.005508598463766857
2021-08-03,0.031149295982222082,0.03931962531759818,0.0842878253945464,0.020383592122307528,,0.005508598463766857
2021-08-04,0.031149295982222082,0.03931962531759818,0.0842878253945464,0.020383592122307528,,0.005508598463766857
2021-08-05,0.031149295982222082,0.03931962531759818,0.0842878253945464,0.020383592122307528,,0.005508598463766857
2021-08-06,0.031149295982222082,0.03931962531759818,0.0842878253945464,0.020383592122307528,,0.005508598463766857
2021-08-09,0.031149295982222082,0.03931962531759818,0.0842878253945464,0.020383592122307528,,0.005508598463766857
2021-08-10,0.031149295982222082,0.03931962531759818,0.0842878253945464,0.020383592122307528,,0.005508598463766857
2021-08-11,0.031149295982222082,0.03931962531759818,0.0842878253945464,0.020383592122307528,,0.005508598463766857
2021-08-12,0.031149295982222082,0.03931962531759818,0.0842878253945464,0.020383592122307528,,0.005508598463766857
2021-08-13,0.031149295982222082,0.03931962531759818,0.0842878253945464,0.020383592122307528,,0.005508598463766857
2021-08-16,0.031149295982222082,0.03931962531759818,0.0842878253945464,0.020383592122307528,,0.005508598463766857
2021-08-17,0.031149295982222082,0.03931962531759818,0.0842878253945464,0.020383592122307528,,0.005508598463766857
2021-08-18,0.031149295982222082,0.03931962531759818,0.0842878253945464,0.020383592122307528,,0.005508598463766857
2021-08-19,0.031149295982222082,0.03931962531759818,0.0842878253945464,0.020383592122307528,,0.005508598463766857
2021-08-20,0.031149295982222082,0.03931962531759818,0.0842878253945464,0.020383592122307528,,0.005508598463766857
2021-08-23,0.031149295982222082,0.03931962531759818,0.0842878253945464,0.020383592122307528,,0.005508598463766857
2021-08-24,0.031149295982222082,0.03931962531759818,0.0842878253945464,0.020383592122307528,,0.005508598463766857
2021-08-25,0.031149295982222082,0.03931962531759818,0.0842878253945464,0.020383592122307528,,0.005508598463766857
2021-08-26,0.031149295982222082,0.03931962531759818,0.0842878253945464,0.020383592122307528,,0.005508598463766857
2021-08-27,0.031149295982222082,0.03931962531759818,0.0842878253945464,0.020383592122307528,,0.005508598463766857
2021-08-30,0.031149295982222082,0.03931962531759818,0.0842878253945464,0.020383592122307528,,0.005508598463766857
2021-08-31,0.031149295982222082,0.03931962531759818,0.0842878253945464,0.020383592122307528,,0.005508598463766857
2021-09-01,0.031149295982222082,0.03931962531759818,0.0842878253945464,0.020383592122307528,,0.005508598463766857
2021-09-02,0.031149295982222082,0.03931962531759818,0.0842878253945464,0.020383592122307528,,0.005508598463766857
2021-09-03,0.031149295982222082,0.03931962531759818,0.0842878253945464,0.020383592122307528,,0.005508598463766857
2021-09-06,0.031149295982222082,0.03931962531759818,0.0842878253945464,0.020383592122307528,,0.005508598463766857
2021-09-07,0.031149295982222082,0.03931962531759818,0.0842878253945464,0.020383592122307528,,0.005508598463766857
2021-09-08,0.031149295982222082,0.03931962531759818,0.0842878253945464,0.020383592122307528,,0.005508598463766857
2021-09-09,0.031149295982222082,0.03931962531759818,0.0842878253945464,0.020383592122307528,,0.005508598463766857
2021-09-10,0.031149295982222082,0.03931962531759818,0.0842878253945464,0.020383592122307528,,0.005508598463766857
2021-09-13,0.031149295982222082,0.03931962531759818,0.0842878253945464,0.020383592122307528,,0.005508598463766857
2021-09-14,0.031149295982222082,0.03931962531759818,0.0842878253945464,0.020383592122307528,,0.005508598463766857
2021-09-15,0.031149295982222082,0.03931962531759818,0.0842878253945464,0.020383592122307528,,0.005508598463766857
2021-09-16,0.031149295982222082,0.03931962531759818,0.0842878253945464,0.020383592122307528,,0.005508598463766857
2021-09-17,0.031149295982222082,0.03931962531759818,0.0842878253945464,0.020383592122307528,,0.005508598463766857
2021-09-22,0.031149295982222082,0.03931962531759818,0.0842878253945464,0.020383592122307528,,0.005508598463766857
2021-09-23,0.031149295982222082,0.03931962531759818,0.0842878253945464,0.020383592122307528,,0.005508598463766857
2021-09-24,0.031149295982222082,0.03931962531759818,0.0842878253945464,0.020383592122307528,,0.005508598463766857
2021-09-27,0.031149295982222082,0.03931962531759818,0.0842878253945464,0.020383592122307528,,0.005508598463766857
2021-09-28,0.031149295982222082,0.03931962531759818,0.0842878253945464,0.020383592122307528,,0.005508598463766857
2021-09-29,0.031149295982222082,0.03931962531759818,0.0842878253945464,0.020383592122307528,,0.005508598463766857
2021-09-30,0.031149295982222082,0.03931962531759818,0.0842878253945464,0.020383592122307528,,0.005508598463766857
2021-10-08,0.03768786716460569,0.04572312465900542,0.07870728739550835,0.01769831962970287,0.0385776541084915,0.014919644301396653
2021-10-11,0.03768786716460569,0.04572312465900542,0.07870728739550835,0.01769831962970287,0.0385776541084915,0.014919644301396653
2021-10-12,0.03768786716460569,0.04572312465900542,0.07870728739550835,0.01769831962970287,0.0385776541084915,0.014919644301396653
2021-10-13,0.03768786716460569,0.04572312465900542,0.07870728739550835,0.01769831962970287,0.0385776541084915,0.014919644301396653
2021-10-14,0.03768786716460569,0.04572312465900542,0.07870728739550835,0.01769831962970287,0.0385776541084915,0.014919644301396653
2021-10-15,0.03768786716460569,0.04572312465900542,0.07870728739550835,0.01769831962970287,0.0385776541084915,0.014919644301396653
2021-10-18,0.03768786716460569,0.04572312465900542,0.07870728739550835,0.01769831962970287,0.0385776541084915,0.014919644301396653
2021-10-19,0.03768786716460569,0.04572312465900542,0.07870728739550835,0.01769831962970287,0.0385776541084915,0.014919644301396653
2021-10-20,0.03768786716460569,0.04572312465900542,0.07870728739550835,0.01769831962970287,0.0385776541084915,0.014919644301396653
2021-10-21,0.03768786716460569,0.04572312465900542,0.07870728739550835,0.01769831962970287,0.0385776541084915,0.014919644301396653
2021-10-22,0.03768786716460569,0.04572312465900542,0.07870728739550835,0.01769831962970287,0.0385776541084915,0.014919644301396653
2021-10-25,0.03768786716460569,0.04572312465900542,0.07870728739550835,0.01769831962970287,0.0385776541084915,0.014919644301396653
2021-10-26,0.03768786716460569,0.04572312465900542,0.07870728739550835,0.01769831962970287,0.0385776541084915,0.014919644301396653
2021-10-27,0.03768786716460569,0.04572312465900542,0.07870728739550835,0.01769831962970287,0.0385776541084915,0.014919644301396653
2021-10-28,0.03768786716460569,0.04572312465900542,0.07870728739550835,0.01769831962970287,0.0385776541084915,0.014919644301396653
2021-10-29,0.03768786716460569,0.04572312465900542,0.07870728739550835,0.01769831962970287,0.0385776541084915,0.014919644301396653
2021-11-01,0.03768786716460569,0.04572312465900542,0.07870728739550835,0.01769831962970287,0.0385776541084915,0.014919644301396653
2021-11-02,0.03768786716460569,0.04572312465900542,0.07870728739550835,0.01769831962970287,0.0385776541084915,0.014919644301396653
2021-11-03,0.03768786716460569,0.04572312465900542,0.07870728739550835,0.01769831962970287,0.0385776541084915,0.014919644301396653
2021-11-04,0.03768786716460569,0.04572312465900542,0.07870728739550835,0.01769831962970287,0.0385776541084915,0.014919644301396653
2021-11-05,0.03768786716460569,0.04572312465900542,0.07870728739550835,0.01769831962970287,0.0385776541084915,0.014919644301396653
2021-11-08,0.03768786716460569,0.04572312465900542,0.07870728739550835,0.01769831962970287,0.0385776541084915,0.014919644301396653
2021-11-09,0.03768786716460569,0.04572312465900542,0.07870728739550835,0.01769831962970287,0.0385776541084915,0.014919644301396653
2021-11-10,0.03768786716460569,0.04572312465900542,0.07870728739550835,0.01769831962970287,0.0385776541084915,0.014919644301396653
2021-11-11,0.03768786716460569,0.04572312465900542,0.07870728739550835,0.01769831962970287,0.0385776541084915,0.014919644301396653
2021-11-12,0.03768786716460569,0.04572312465900542,0.07870728739550835,0.01769831962970287,0.0385776541084915,0.014919644301396653
2021-11-15,0.03768786716460569,0.04572312465900542,0.07870728739550835,0.01769831962970287,0.0385776541084915,0.014919644301396653
2021-11-16,0.03768786716460569,0.04572312465900542,0.07870728739550835,0.01769831962970287,0.0385776541084915,0.014919644301396653
2021-11-17,0.03768786716460569,0.04572312465900542,0.07870728739550835,0.01769831962970287,0.0385776541084915,0.014919644301396653
2021-11-18,0.03768786716460569,0.04572312465900542,0.07870728739550835,0.01769831962970287,0.0385776541084915,0.014919644301396653
2021-11-19,0.03768786716460569,0.04572312465900542,0.07870728739550835,0.01769831962970287,0.0385776541084915,0.014919644301396653
2021-11-22,0.03768786716460569,0.04572312465900542,0.07870728739550835,0.01769831962970287,0.0385776541084915,0.014919644301396653
2021-11-23,0.03768786716460569,0.04572312465900542,0.07870728739550835,0.01769831962970287,0.0385776541084915,0.014919644301396653
2021-11-24,0.03768786716460569,0.04572312465900542,0.07870728739550835,0.01769831962970287,0.0385776541084915,0.014919644301396653
2021-11-25,0.03768786716460569,0.04572312465900542,0.07870728739550835,0.01769831962970287,0.0385776541084915,0.014919644301396653
2021-11-26,0.03768786716460569,0.04572312465900542,0.07870728739550835,0.01769831962970287,0.0385776541084915,0.014919644301396653
2021-11-29,0.03768786716460569,0.04572312465900542,0.07870728739550835,0.01769831962970287,0.0385776541084915,0.014919644301396653
2021-11-30,0.03768786716460569,0.04572312465900542,0.07870728739550835,0.01769831962970287,0.0385776541084915,0.014919644301396653
2021-12-01,0.03768786716460569,0.04572312465900542,0.07870728739550835,0.01769831962970287,0.0385776541084915,0.014919644301396653
2021-12-02,0.03768786716460569,0.04572312465900542,0.07870728739550835,0.01769831962970287,0.0385776541084915,0.014919644301396653
2021-12-03,0.03768786716460569,0.04572312465900542,0.07870728739550835,0.01769831962970287,0.0385776541084915,0.014919644301396653
2021-12-06,0.03768786716460569,0.04572312465900542,0.07870728739550835,0.01769831962970287,0.0385776541084915,0.014919644301396653
2021-12-07,0.03768786716460569,0.04572312465900542,0.07870728739550835,0.01769831962970287,0.0385776541084915,0.014919644301396653
2021-12-08,0.03768786716460569,0.04572312465900542,0.07870728739550835,0.01769831962970287,0.0385776541084915,0.014919644301396653
2021-12-09,0.03768786716460569,0.04572312465900542,0.07870728739550835,0.01769831962970287,0.0385776541084915,0.014919644301396653
2021-12-10,0.03768786716460569,0.04572312465900542,0.07870728739550835,0.01769831962970287,0.0385776541084915,0.014919644301396653
2021-12-13,0.03768786716460569,0.04572312465900542,0.07870728739550835,0.01769831962970287,0.0385776541084915,0.014919644301396653
2021-12-14,0.03768786716460569,0.04572312465900542,0.07870728739550835,0.01769831962970287,0.0385776541084915,0.014919644301396653
2021-12-15,0.03768786716460569,0.04572312465900542,0.07870728739550835,0.01769831962970287,0.0385776541084915,0.014919644301396653
2021-12-16,0.03768786716460569,0.04572312465900542,0.07870728739550835,0.01769831962970287,0.0385776541084915,0.014919644301396653
2021-12-17,0.03768786716460569,0.04572312465900542,0.07870728739550835,0.01769831962970287,0.0385776541084915,0.014919644301396653
2021-12-20,0.03768786716460569,0.04572312465900542,0.07870728739550835,0.01769831962970287,0.0385776541084915,0.014919644301396653
2021-12-21,0.03768786716460569,0.04572312465900542,0.07870728739550835,0.01769831962970287,0.0385776541084915,0.014919644301396653
2021-12-22,0.03768786716460569,0.04572312465900542,0.07870728739550835,0.01769831962970287,0.0385776541084915,0.014919644301396653
2021-12-23,0.03768786716460569,0.04572312465900542,0.07870728739550835,0.01769831962970287,0.0385776541084915,0.014919644301396653
2021-12-24,0.03768786716460569,0.04572312465900542,0.07870728739550835,0.01769831962970287,0.0385776541084915,0.014919644301396653
2021-12-27,0.03768786716460569,0.04572312465900542,0.07870728739550835,0.01769831962970287,0.0385776541084915,0.014919644301396653
2021-12-28,0.03768786716460569,0.04572312465900542,0.07870728739550835,0.01769831962970287,0.0385776541084915,0.014919644301396653
2021-12-29,0.03768786716460569,0.04572312465900542,0.07870728739550835,0.01769831962970287,0.0385776541084915,0.014919644301396653
2021-12-30,0.03768786716460569,0.04572312465900542,0.07870728739550835,0.01769831962970287,0.0385776541084915,0.014919644301396653
2021-12-31,0.03768786716460569,0.04572312465900542,0.07870728739550835,0.01769831962970287,0.0385776541084915,0.014919644301396653
2022-01-04,0.041877110398293796,0.028128444954670106,0.06737084890466713,0.007835012366462103,0.03925827708675382,0.008790483758188401
2022-01-05,0.041877110398293796,0.028128444954670106,0.06737084890466713,0.007835012366462103,0.03925827708675382,0.008790483758188401
2022-01-06,0.041877110398293796,0.028128444954670106,0.06737084890466713,0.007835012366462103,0.03925827708675382,0.008790483758188401
2022-01-07,0.041877110398293796,0.028128444954670106,0.06737084890466713,0.007835012366462103,0.03925827708675382,0.008790483758188401
2022-01-10,0.041877110398293796,0.028128444954670106,0.06737084890466713,0.007835012366462103,0.03925827708675382,0.008790483758188401
2022-01-11,0.041877110398293796,0.028128444954670106,0.06737084890466713,0.007835012366462103,0.03925827708675382,0.008790483758188401
2022-01-12,0.041877110398293796,0.028128444954670106,0.06737084890466713,0.007835012366462103,0.03925827708675382,0.008790483758188401
2022-01-13,0.041877110398293796,0.028128444954670106,0.06737084890466713,0.007835012366462103,0.03925827708675382,0.008790483758188401
2022-01-14,0.041877110398293796,0.028128444954670106,0.06737084890466713,0.007835012366462103,0.03925827708675382,0.008790483758188401
2022-01-17,0.041877110398293796,0.028128444954670106,0.06737084890466713,0.007835012366462103,0.03925827708675382,0.008790483758188401
2022-01-18,0.041877110398293796,0.028128444954670106,0.06737084890466713,0.007835012366462103,0.03925827708675382,0.008790483758188401
2022-01-19,0.041877110398293796,0.028128444954670106,0.06737084890466713,0.007835012366462103,0.03925827708675382,0.008790483758188401
2022-01-20,0.041877110398293796,0.028128444954670106,0.06737084890466713,0.007835012366462103,0.03925827708675382,0.008790483758188401
2022-01-21,0.041877110398293796,0.028128444954670106,0.06737084890466713,0.007835012366462103,0.03925827708675382,0.008790483758188401
2022-01-24,0.041877110398293796,0.028128444954670106,0.06737084890466713,0.007835012366462103,0.03925827708675382,0.008790483758188401
2022-01-25,0.041877110398293796,0.028128444954670106,0.06737084890466713,0.007835012366462103,0.03925827708675382,0.008790483758188401
2022-01-26,0.041877110398293796,0.028128444954670106,0.06737084890466713,0.007835012366462103,0.03925827708675382,0.008790483758188401
2022-01-27,0.041877110398293796,0.028128444954670106,0.06737084890466713,0.007835012366462103,0.03925827708675382,0.008790483758188401
2022-01-28,0.041877110398293796,0.028128444954670106,0.06737084890466713,0.007835012366462103,0.03925827708675382,0.008790483758188401
2022-02-07,0.041877110398293796,0.028128444954670106,0.06737084890466713,0.007835012366462103,0.03925827708675382,0.008790483758188401
2022-02-08,0.041877110398293796,0.028128444954670106,0.06737084890466713,0.007835012366462103,0.03925827708675382,0.008790483758188401
2022-02-09,0.041877110398293796,0.028128444954670106,0.06737084890466713,0.007835012366462103,0.03925827708675382,0.008790483758188401
2022-02-10,0.041877110398293796,0.028128444954670106,0.06737084890466713,0.007835012366462103,0.03925827708675382,0.008790483758188401
2022-02-11,0.041877110398293796,0.028128444954670106,0.06737084890466713,0.007835012366462103,0.03925827708675382,0.008790483758188401
2022-02-14,0.041877110398293796,0.028128444954670106,0.06737084890466713,0.007835012366462103,0.03925827708675382,0.008790483758188401
2022-02-15,0.041877110398293796,0.028128444954670106,0.06737084890466713,0.007835012366462103,0.03925827708675382,0.008790483758188401
2022-02-16,0.041877110398293796,0.028128444954670106,0.06737084890466713,0.007835012366462103,0.03925827708675382,0.008790483758188401
2022-02-17,0.041877110398293796,0.028128444954670106,0.06737084890466713,0.007835012366462103,0.03925827708675382,0.008790483758188401
2022-02-18,0.041877110398293796,0.028128444954670106,0.06737084890466713,0.007835012366462103,0.03925827708675382,0.008790483758188401
2022-02-21,0.041877110398293796,0.028128444954670106,0.06737084890466713,0.007835012366462103,0.03925827708675382,0.008790483758188401
2022-02-22,0.041877110398293796,0.028128444954670106,0.06737084890466713,0.007835012366462103,0.03925827708675382,0.008790483758188401
2022-02-23,0.041877110398293796,0.028128444954670106,0.06737084890466713,0.007835012366462103,0.03925827708675382,0.008790483758188401
2022-02-24,0.041877110398293796,0.028128444954670106,0.06737084890466713,0.007835012366462103,0.03925827708675382,0.008790483758188401
2022-02-25,0.041877110398293796,0.028128444954670106,0.06737084890466713,0.007835012366462103,0.03925827708675382,0.008790483758188401
2022-02-28,0.041877110398293796,0.028128444954670106,0.06737084890466713,0.007835012366462103,0.03925827708675382,0.008790483758188401
2022-03-01,0.041877110398293796,0.028128444954670106,0.06737084890466713,0.007835012366462103,0.03925827708675382,0.008790483758188401
2022-03-02,0.041877110398293796,0.028128444954670106,0.06737084890466713,0.007835012366462103,0.03925827708675382,0.008790483758188401
2022-03-03,0.041877110398293796,0.028128444954670106,0.06737084890466713,0.007835012366462103,0.03925827708675382,0.008790483758188401
2022-03-04,0.041877110398293796,0.028128444954670106,0.06737084890466713,0.007835012366462103,0.03925827708675382,0.008790483758188401
2022-03-07,0.041877110398293796,0.028128444954670106,0.06737084890466713,0.007835012366462103,0.03925827708675382,0.008790483758188401
2022-03-08,0.041877110398293796,0.028128444954670106,0.06737084890466713,0.007835012366462103,0.03925827708675382,0.008790483758188401
2022-03-09,0.041877110398293796,0.028128444954670106,0.06737084890466713,0.007835012366462103,0.03925827708675382,0.008790483758188401
2022-03-10,0.041877110398293796,0.028128444954670106,0.06737084890466713,0.007835012366462103,0.03925827708675382,0.008790483758188401
2022-03-11,0.041877110398293796,0.028128444954670106,0.06737084890466713,0.007835012366462103,0.03925827708675382,0.008790483758188401
2022-03-14,0.041877110398293796,0.028128444954670106,0.06737084890466713,0.007835012366462103,0.03925827708675382,0.008790483758188401
2022-03-15,0.041877110398293796,0.028128444954670106,0.06737084890466713,0.007835012366462103,0.03925827708675382,0.008790483758188401
2022-03-16,0.041877110398293796,0.028128444954670106,0.06737084890466713,0.007835012366462103,0.03925827708675382,0.008790483758188401
2022-03-17,0.041877110398293796,0.028128444954670106,0.06737084890466713,0.007835012366462103,0.03925827708675382,0.008790483758188401
2022-03-18,0.041877110398293796,0.028128444954670106,0.06737084890466713,0.007835012366462103,0.03925827708675382,0.008790483758188401
2022-03-21,0.041877110398293796,0.028128444954670106,0.06737084890466713,0.007835012366462103,0.03925827708675382,0.008790483758188401
2022-03-22,0.041877110398293796,0.028128444954670106,0.06737084890466713,0.007835012366462103,0.03925827708675382,0.008790483758188401
2022-03-23,0.041877110398293796,0.028128444954670106,0.06737084890466713,0.007835012366462103,0.03925827708675382,0.008790483758188401
2022-03-24,0.041877110398293796,0.028128444954670106,0.06737084890466713,0.007835012366462103,0.03925827708675382,0.008790483758188401
2022-03-25,0.041877110398293796,0.028128444954670106,0.06737084890466713,0.007835012366462103,0.03925827708675382,0.008790483758188401
2022-03-28,0.041877110398293796,0.028128444954670106,0.06737084890466713,0.007835012366462103,0.03925827708675382,0.008790483758188401
2022-03-29,0.041877110398293796,0.028128444954670106,0.06737084890466713,0.007835012366462103,0.03925827708675382,0.008790483758188401
2022-03-30,0.041877110398293796,0.028128444954670106,0.06737084890466713,0.007835012366462103,0.03925827708675382,0.008790483758188401
2022-03-31,0.041877110398293796,0.028128444954670106,0.06737084890466713,0.007835012366462103,0.03925827708675382,0.008790483758188401
2022-04-01,0.03134596859774449,0.024890824841115627,0.0500313574365027,-0.004885041792019583,0.03258073680688618,0.03275290836838444
2022-04-06,0.03134596859774449,0.024890824841115627,0.0500313574365027,-0.004885041792019583,0.03258073680688618,0.03275290836838444
2022-04-07,0.03134596859774449,0.024890824841115627,0.0500313574365027,-0.004885041792019583,0.03258073680688618,0.03275290836838444
2022-04-08,0.03134596859774449,0.024890824841115627,0.0500313574365027,-0.004885041792019583,0.03258073680688618,0.03275290836838444
2022-04-11,0.03134596859774449,0.024890824841115627,0.0500313574365027,-0.004885041792019583,0.03258073680688618,0.03275290836838444
2022-04-12,0.03134596859774449,0.024890824841115627,0.0500313574365027,-0.004885041792019583,0.03258073680688618,0.03275290836838444
2022-04-13,0.03134596859774449,0.024890824841115627,0.0500313574365027,-0.004885041792019583,0.03258073680688618,0.03275290836838444
2022-04-14,0.03134596859774449,0.024890824841115627,0.0500313574365027,-0.004885041792019583,0.03258073680688618,0.03275290836838444
2022-04-15,0.03134596859774449,0.024890824841115627,0.0500313574365027,-0.004885041792019583,0.03258073680688618,0.03275290836838444
2022-04-18,0.03134596859774449,0.024890824841115627,0.0500313574365027,-0.004885041792019583,0.03258073680688618,0.03275290836838444
2022-04-19,0.03134596859774449,0.024890824841115627,0.0500313574365027,-0.004885041792019583,0.03258073680688618,0.03275290836838444
2022-04-20,0.03134596859774449,0.024890824841115627,0.0500313574365027,-0.004885041792019583,0.03258073680688618,0.03275290836838444
2022-04-21,0.03134596859774449,0.024890824841115627,0.0500313574365027,-0.004885041792019583,0.03258073680688618,0.03275290836838444
2022-04-22,0.03134596859774449,0.024890824841115627,0.0500313574365027,-0.004885041792019583,0.03258073680688618,0.03275290836838444
2022-04-25,0.03134596859774449,0.024890824841115627,0.0500313574365027,-0.004885041792019583,0.03258073680688618,0.03275290836838444
2022-04-26,0.03134596859774449,0.024890824841115627,0.0500313574365027,-0.004885041792019583,0.03258073680688618,0.03275290836838444
2022-04-27,0.03134596859774449,0.024890824841115627,0.0500313574365027,-0.004885041792019583,0.03258073680688618,0.03275290836838444
2022-04-28,0.03134596859774449,0.024890824841115627,0.0500313574365027,-0.004885041792019583,0.03258073680688618,0.03275290836838444
2022-04-29,0.03134596859774449,0.024890824841115627,0.0500313574365027,-0.004885041792019583,0.03258073680688618,0.03275290836838444
2022-05-05,0.03134596859774449,0.024890824841115627,0.0500313574365027,-0.004885041792019583,0.03258073680688618,0.03275290836838444
2022-05-06,0.03134596859774449,0.024890824841115627,0.0500313574365027,-0.004885041792019583,0.03258073680688618,0.03275290836838444
2022-05-09,0.03134596859774449,0.024890824841115627,0.0500313574365027,-0.004885041792019583,0.03258073680688618,0.03275290836838444
2022-05-10,0.03134596859774449,0.024890824841115627,0.0500313574365027,-0.004885041792019583,0.03258073680688618,0.03275290836838444
2022-05-11,0.03134596859774449,0.024890824841115627,0.0500313574365027,-0.004885041792019583,0.03258073680688618,0.03275290836838444
2022-05-12,0.03134596859774449,0.024890824841115627,0.0500313574365027,-0.004885041792019583,0.03258073680688618,0.03275290836838444
2022-05-13,0.03134596859774449,0.024890824841115627,0.0500313574365027,-0.004885041792019583,0.03258073680688618,0.03275290836838444
2022-05-16,0.03134596859774449,0.024890824841115627,0.0500313574365027,-0.004885041792019583,0.03258073680688618,0.03275290836838444
2022-05-17,0.03134596859774449,0.024890824841115627,0.0500313574365027,-0.004885041792019583,0.03258073680688618,0.03275290836838444
2022-05-18,0.03134596859774449,0.024890824841115627,0.0500313574365027,-0.004885041792019583,0.03258073680688618,0.03275290836838444
2022-05-19,0.03134596859774449,0.024890824841115627,0.0500313574365027,-0.004885041792019583,0.03258073680688618,0.03275290836838444
2022-05-20,0.03134596859774449,0.024890824841115627,0.0500313574365027,-0.004885041792019583,0.03258073680688618,0.03275290836838444
2022-05-23,0.03134596859774449,0.024890824841115627,0.0500313574365027,-0.004885041792019583,0.03258073680688618,0.03275290836838444
2022-05-24,0.03134596859774449,0.024890824841115627,0.0500313574365027,-0.004885041792019583,0.03258073680688618,0.03275290836838444
2022-05-25,0.03134596859774449,0.024890824841115627,0.0500313574365027,-0.004885041792019583,0.03258073680688618,0.03275290836838444
2022-05-26,0.03134596859774449,0.024890824841115627,0.0500313574365027,-0.004885041792019583,0.03258073680688618,0.03275290836838444
2022-05-27,0.03134596859774449,0.024890824841115627,0.0500313574365027,-0.004885041792019583,0.03258073680688618,0.03275290836838444
2022-05-30,0.03134596859774449,0.024890824841115627,0.0500313574365027,-0.004885041792019583,0.03258073680688618,0.03275290836838444
2022-05-31,0.03134596859774449,0.024890824841115627,0.0500313574365027,-0.004885041792019583,0.03258073680688618,0.03275290836838444
2022-06-01,0.03134596859774449,0.024890824841115627,0.0500313574365027,-0.004885041792019583,0.03258073680688618,0.03275290836838444
2022-06-02,0.03134596859774449,0.024890824841115627,0.0500313574365027,-0.004885041792019583,0.03258073680688618,0.03275290836838444
2022-06-06,0.03134596859774449,0.024890824841115627,0.0500313574365027,-0.004885041792019583,0.03258073680688618,0.03275290836838444
2022-06-07,0.03134596859774449,0.024890824841115627,0.0500313574365027,-0.004885041792019583,0.03258073680688618,0.03275290836838444
2022-06-08,0.03134596859774449,0.024890824841115627,0.0500313574365027,-0.004885041792019583,0.03258073680688618,0.03275290836838444
2022-06-09,0.03134596859774449,0.024890824841115627,0.0500313574365027,-0.004885041792019583,0.03258073680688618,0.03275290836838444
2022-06-10,0.03134596859774449,0.024890824841115627,0.0500313574365027,-0.004885041792019583,0.03258073680688618,0.03275290836838444
2022-06-13,0.03134596859774449,0.024890824841115627,0.0500313574365027,-0.004885041792019583,0.03258073680688618,0.03275290836838444
2022-06-14,0.03134596859774449,0.024890824841115627,0.0500313574365027,-0.004885041792019583,0.03258073680688618,0.03275290836838444
2022-06-15,0.03134596859774449,0.024890824841115627,0.0500313574365027,-0.004885041792019583,0.03258073680688618,0.03275290836838444
2022-06-16,0.03134596859774449,0.024890824841115627,0.0500313574365027,-0.004885041792019583,0.03258073680688618,0.03275290836838444
2022-06-17,0.03134596859774449,0.024890824841115627,0.0500313574365027,-0.004885041792019583,0.03258073680688618,0.03275290836838444
2022-06-20,0.03134596859774449,0.024890824841115627,0.0500313574365027,-0.004885041792019583,0.03258073680688618,0.03275290836838444
2022-06-21,0.03134596859774449,0.024890824841115627,0.0500313574365027,-0.004885041792019583,0.03258073680688618,0.03275290836838444
2022-06-22,0.03134596859774449,0.024890824841115627,0.0500313574365027,-0.004885041792019583,0.03258073680688618,0.03275290836838444
2022-06-23,0.03134596859774449,0.024890824841115627,0.0500313574365027,-0.004885041792019583,0.03258073680688618,0.03275290836838444
2022-06-24,0.03134596859774449,0.024890824841115627,0.0500313574365027,-0.004885041792019583,0.03258073680688618,0.03275290836838444
2022-06-27,0.03134596859774449,0.024890824841115627,0.0500313574365027,-0.004885041792019583,0.03258073680688618,0.03275290836838444
2022-06-28,0.03134596859774449,0.024890824841115627,0.0500313574365027,-0.004885041792019583,0.03258073680688618,0.03275290836838444
2022-06-29,0.03134596859774449,0.024890824841115627,0.0500313574365027,-0.004885041792019583,0.03258073680688618,0.03275290836838444
2022-06-30,0.03134596859774449,0.024890824841115627,0.0500313574365027,-0.004885041792019583,0.03258073680688618,0.03275290836838444
2022-07-01,0.021801099092939542,0.020263436445235344,0.050186862715685274,-0.0058094419039909076,0.0432517669727301,0.02299712226498536
2022-07-04,0.021801099092939542,0.020263436445235344,0.050186862715685274,-0.0058094419039909076,0.0432517669727301,0.02299712226498536
2022-07-05,0.021801099092939542,0.020263436445235344,0.050186862715685274,-0.0058094419039909076,0.0432517669727301,0.02299712226498536
2022-07-06,0.021801099092939542,0.020263436445235344,0.050186862715685274,-0.0058094419039909076,0.0432517669727301,0.02299712226498536
2022-07-07,0.021801099092939542,0.020263436445235344,0.050186862715685274,-0.0058094419039909076,0.0432517669727301,0.02299712226498536
2022-07-08,0.021801099092939542,0.020263436445235344,0.050186862715685274,-0.0058094419039909076,0.0432517669727301,0.02299712226498536
2022-07-11,0.021801099092939542,0.020263436445235344,0.050186862715685274,-0.0058094419039909076,0.0432517669727301,0.02299712226498536
2022-07-12,0.021801099092939542,0.020263436445235344,0.050186862715685274,-0.0058094419039909076,0.0432517669727301,0.02299712226498536
2022-07-13,0.021801099092939542,0.020263436445235344,0.050186862715685274,-0.0058094419039909076,0.0432517669727301,0.02299712226498536
2022-07-14,0.021801099092939542,0.020263436445235344,0.050186862715685274,-0.0058094419039909076,0.0432517669727301,0.02299712226498536
2022-07-15,0.021801099092939542,0.020263436445235344,0.050186862715685274,-0.0058094419039909076,0.0432517669727301,0.02299712226498536
2022-07-18,0.021801099092939542,0.020263436445235344,0.050186862715685274,-0.0058094419039909076,0.0432517669727301,0.02299712226498536
2022-07-19,0.021801099092939542,0.020263436445235344,0.050186862715685274,-0.0058094419039909076,0.0432517669727301,0.02299712226498536
2022-07-20,0.021801099092939542,0.020263436445235344,0.050186862715685274,-0.0058094419039909076,0.0432517669727301,0.02299712226498536
2022-07-21,0.021801099092939542,0.020263436445235344,0.050186862715685274,-0.0058094419039909076,0.0432517669727301,0.02299712226498536
2022-07-22,0.021801099092939542,0.020263436445235344,0.050186862715685274,-0.0058094419039909076,0.0432517669727301,0.02299712226498536
2022-07-25,0.021801099092939542,0.020263436445235344,0.050186862715685274,-0.0058094419039909076,0.0432517669727301,0.02299712226498536
2022-07-26,0.021801099092939542,0.020263436445235344,0.050186862715685274,-0.0058094419039909076,0.0432517669727301,0.02299712226498536
2022-07-27,0.021801099092939542,0.020263436445235344,0.050186862715685274,-0.0058094419039909076,0.0432517669727301,0.02299712226498536
2022-07-28,0.021801099092939542,0.020263436445235344,0.050186862715685274,-0.0058094419039909076,0.0432517669727301,0.02299712226498536
2022-07-29,0.021801099092939542,0.020263436445235344,0.050186862715685274,-0.0058094419039909076,0.0432517669727301,0.02299712226498536
2022-08-01,0.021801099092939542,0.020263436445235344,0.050186862715685274,-0.0058094419039909076,0.0432517669727301,0.02299712226498536
2022-08-02,0.021801099092939542,0.020263436445235344,0.050186862715685274,-0.0058094419039909076,0.0432517669727301,0.02299712226498536
2022-08-03,0.021801099092939542,0.020263436445235344,0.050186862715685274,-0.0058094419039909076,0.0432517669727301,0.02299712226498536
2022-08-04,0.021801099092939542,0.020263436445235344,0.050186862715685274,-0.0058094419039909076,0.0432517669727301,0.02299712226498536
2022-08-05,0.021801099092939542,0.020263436445235344,0.050186862715685274,-0.0058094419039909076,0.0432517669727301,0.02299712226498536
2022-08-08,0.021801099092939542,0.020263436445235344,0.050186862715685274,-0.0058094419039909076,0.0432517669727301,0.02299712226498536
2022-08-09,0.021801099092939542,0.020263436445235344,0.050186862715685274,-0.0058094419039909076,0.0432517669727301,0.02299712226498536
2022-08-10,0.021801099092939542,0.020263436445235344,0.050186862715685274,-0.0058094419039909076,0.0432517669727301,0.02299712226498536
2022-08-11,0.021801099092939542,0.020263436445235344,0.050186862715685274,-0.0058094419039909076,0.0432517669727301,0.02299712226498536
2022-08-12,0.021801099092939542,0.020263436445235344,0.050186862715685274,-0.0058094419039909076,0.0432517669727301,0.02299712226498536
2022-08-15,0.021801099092939542,0.020263436445235344,0.050186862715685274,-0.0058094419039909076,0.0432517669727301,0.02299712226498536
2022-08-16,0.021801099092939542,0.020263436445235344,0.050186862715685274,-0.0058094419039909076,0.0432517669727301,0.02299712226498536
2022-08-17,0.021801099092939542,0.020263436445235344,0.050186862715685274,-0.0058094419039909076,0.0432517669727301,0.02299712226498536
2022-08-18,0.021801099092939542,0.020263436445235344,0.050186862715685274,-0.0058094419039909076,0.0432517669727301,0.02299712226498536
2022-08-19,0.021801099092939542,0.020263436445235344,0.050186862715685274,-0.0058094419039909076,0.0432517669727301,0.02299712226498536
2022-08-22,0.021801099092939542,0.020263436445235344,0.050186862715685274,-0.0058094419039909076,0.0432517669727301,0.02299712226498536
2022-08-23,0.021801099092939542,0.020263436445235344,0.050186862715685274,-0.0058094419039909076,0.0432517669727301,0.02299712226498536
2022-08-24,0.021801099092939542,0.020263436445235344,0.050186862715685274,-0.0058094419039909076,0.0432517669727301,0.02299712226498536
2022-08-25,0.021801099092939542,0.020263436445235344,0.050186862715685274,-0.0058094419039909076,0.0432517669727301,0.02299712226498536
2022-08-26,0.021801099092939542,0.020263436445235344,0.050186862715685274,-0.0058094419039909076,0.0432517669727301,0.02299712226498536
2022-08-29,0.021801099092939542,0.020263436445235344,0.050186862715685274,-0.0058094419039909076,0.0432517669727301,0.02299712226498536
2022-08-30,0.021801099092939542,0.020263436445235344,0.050186862715685274,-0.0058094419039909076,0.0432517669727301,0.02299712226498536
2022-08-31,0.021801099092939542,0.020263436445235344,0.050186862715685274,-0.0058094419039909076,0.0432517669727301,0.02299712226498536
2022-09-01,0.021801099092939542,0.020263436445235344,0.050186862715685274,-0.0058094419039909076,0.0432517669727301,0.02299712226498536
2022-09-02,0.021801099092939542,0.020263436445235344,0.050186862715685274,-0.0058094419039909076,0.0432517669727301,0.02299712226498536
2022-09-05,0.021801099092939542,0.020263436445235344,0.050186862715685274,-0.0058094419039909076,0.0432517669727301,0.02299712226498536
2022-09-06,0.021801099092939542,0.020263436445235344,0.050186862715685274,-0.0058094419039909076,0.0432517669727301,0.02299712226498536
2022-09-07,0.021801099092939542,0.020263436445235344,0.050186862715685274,-0.0058094419039909076,0.0432517669727301,0.02299712226498536
2022-09-08,0.021801099092939542,0.020263436445235344,0.050186862715685274,-0.0058094419039909076,0.0432517669727301,0.02299712226498536
2022-09-09,0.021801099092939542,0.020263436445235344,0.050186862715685274,-0.0058094419039909076,0.0432517669727301,0.02299712226498536
2022-09-13,0.021801099092939542,0.020263436445235344,0.050186862715685274,-0.0058094419039909076,0.0432517669727301,0.02299712226498536
2022-09-14,0.021801099092939542,0.020263436445235344,0.050186862715685274,-0.0058094419039909076,0.0432517669727301,0.02299712226498536
2022-09-15,0.021801099092939542,0.020263436445235344,0.050186862715685274,-0.0058094419039909076,0.0432517669727301,0.02299712226498536
2022-09-16,0.021801099092939542,0.020263436445235344,0.050186862715685274,-0.0058094419039909076,0.0432517669727301,0.02299712226498536
2022-09-19,0.021801099092939542,0.020263436445235344,0.050186862715685274,-0.0058094419039909076,0.0432517669727301,0.02299712226498536
2022-09-20,0.021801099092939542,0.020263436445235344,0.050186862715685274,-0.0058094419039909076,0.0432517669727301,0.02299712226498536
2022-09-21,0.021801099092939542,0.020263436445235344,0.050186862715685274,-0.0058094419039909076,0.0432517669727301,0.02299712226498536
2022-09-22,0.021801099092939542,0.020263436445235344,0.050186862715685274,-0.0058094419039909076,0.0432517669727301,0.02299712226498536
2022-09-23,0.021801099092939542,0.020263436445235344,0.050186862715685274,-0.0058094419039909076,0.0432517669727301,0.02299712226498536
2022-09-26,0.021801099092939542,0.020263436445235344,0.050186862715685274,-0.0058094419039909076,0.0432517669727301,0.02299712226498536
2022-09-27,0.021801099092939542,0.020263436445235344,0.050186862715685274,-0.0058094419039909076,0.0432517669727301,0.02299712226498536
2022-09-28,0.021801099092939542,0.020263436445235344,0.050186862715685274,-0.0058094419039909076,0.0432517669727301,0.02299712226498536
2022-09-29,0.021801099092939542,0.020263436445235344,0.050186862715685274,-0.0058094419039909076,0.0432517669727301,0.02299712226498536
2022-09-30,0.021801099092939542,0.020263436445235344,0.050186862715685274,-0.0058094419039909076,0.0432517669727301,0.02299712226498536
2022-10-10,0.010663987690020103,0.021422580404367873,0.05435612711398061,-0.005658930009313071,0.03290977653243631,0.02169598078422358
2022-10-11,0.010663987690020103,0.021422580404367873,0.05435612711398061,-0.005658930009313071,0.03290977653243631,0.02169598078422358
2022-10-12,0.010663987690020103,0.021422580404367873,0.05435612711398061,-0.005658930009313071,0.03290977653243631,0.02169598078422358
2022-10-13,0.010663987690020103,0.021422580404367873,0.05435612711398061,-0.005658930009313071,0.03290977653243631,0.02169598078422358
2022-10-14,0.010663987690020103,0.021422580404367873,0.05435612711398061,-0.005658930009313071,0.03290977653243631,0.02169598078422358
2022-10-17,0.010663987690020103,0.021422580404367873,0.05435612711398061,-0.005658930009313071,0.03290977653243631,0.02169598078422358
2022-10-18,0.010663987690020103,0.021422580404367873,0.05435612711398061,-0.005658930009313071,0.03290977653243631,0.02169598078422358
2022-10-19,0.010663987690020103,0.021422580404367873,0.05435612711398061,-0.005658930009313071,0.03290977653243631,0.02169598078422358
2022-10-20,0.010663987690020103,0.021422580404367873,0.05435612711398061,-0.005658930009313071,0.03290977653243631,0.02169598078422358
2022-10-21,0.010663987690020103,0.021422580404367873,0.05435612711398061,-0.005658930009313071,0.03290977653243631,0.02169598078422358
2022-10-24,0.010663987690020103,0.021422580404367873,0.05435612711398061,-0.005658930009313071,0.03290977653243631,0.02169598078422358
2022-10-25,0.010663987690020103,0.021422580404367873,0.05435612711398061,-0.005658930009313071,0.03290977653243631,0.02169598078422358
2022-10-26,0.010663987690020103,0.021422580404367873,0.05435612711398061,-0.005658930009313071,0.03290977653243631,0.02169598078422358
2022-10-27,0.010663987690020103,0.021422580404367873,0.05435612711398061,-0.005658930009313071,0.03290977653243631,0.02169598078422358
2022-10-28,0.010663987690020103,0.021422580404367873,0.05435612711398061,-0.005658930009313071,0.03290977653243631,0.02169598078422358
2022-10-31,0.010663987690020103,0.021422580404367873,0.05435612711398061,-0.005658930009313071,0.03290977653243631,0.02169598078422358
2022-11-01,0.010663987690020103,0.021422580404367873,0.05435612711398061,-0.005658930009313071,0.03290977653243631,0.02169598078422358
2022-11-02,0.010663987690020103,0.021422580404367873,0.05435612711398061,-0.005658930009313071,0.03290977653243631,0.02169598078422358
2022-11-03,0.010663987690020103,0.021422580404367873,0.05435612711398061,-0.005658930009313071,0.03290977653243631,0.02169598078422358
2022-11-04,0.010663987690020103,0.021422580404367873,0.05435612711398061,-0.005658930009313071,0.03290977653243631,0.02169598078422358
2022-11-07,0.010663987690020103,0.021422580404367873,0.05435612711398061,-0.005658930009313071,0.03290977653243631,0.02169598078422358
2022-11-08,0.010663987690020103,0.021422580404367873,0.05435612711398061,-0.005658930009313071,0.03290977653243631,0.02169598078422358
2022-11-09,0.010663987690020103,0.021422580404367873,0.05435612711398061,-0.005658930009313071,0.03290977653243631,0.02169598078422358
2022-11-10,0.010663987690020103,0.021422580404367873,0.05435612711398061,-0.005658930009313071,0.03290977653243631,0.02169598078422358
2022-11-11,0.010663987690020103,0.021422580404367873,0.05435612711398061,-0.005658930009313071,0.03290977653243631,0.02169598078422358
2022-11-14,0.010663987690020103,0.021422580404367873,0.05435612711398061,-0.005658930009313071,0.03290977653243631,0.02169598078422358
2022-11-15,0.010663987690020103,0.021422580404367873,0.05435612711398061,-0.005658930009313071,0.03290977653243631,0.02169598078422358
2022-11-16,0.010663987690020103,0.021422580404367873,0.05435612711398061,-0.005658930009313071,0.03290977653243631,0.02169598078422358
2022-11-17,0.010663987690020103,0.021422580404367873,0.05435612711398061,-0.005658930009313071,0.03290977653243631,0.02169598078422358
2022-11-18,0.010663987690020103,0.021422580404367873,0.05435612711398061,-0.005658930009313071,0.03290977653243631,0.02169598078422358
2022-11-21,0.010663987690020103,0.021422580404367873,0.05435612711398061,-0.005658930009313071,0.03290977653243631,0.02169598078422358
2022-11-22,0.010663987690020103,0.021422580404367873,0.05435612711398061,-0.005658930009313071,0.03290977653243631,0.02169598078422358
2022-11-23,0.010663987690020103,0.021422580404367873,0.05435612711398061,-0.005658930009313071,0.03290977653243631,0.02169598078422358
2022-11-24,0.010663987690020103,0.021422580404367873,0.05435612711398061,-0.005658930009313071,0.03290977653243631,0.02169598078422358
2022-11-25,0.010663987690020103,0.021422580404367873,0.05435612711398061,-0.005658930009313071,0.03290977653243631,0.02169598078422358
2022-11-28,0.010663987690020103,0.021422580404367873,0.05435612711398061,-0.005658930009313071,0.03290977653243631,0.02169598078422358
2022-11-29,0.010663987690020103,0.021422580404367873,0.05435612711398061,-0.005658930009313071,0.03290977653243631,0.02169598078422358
2022-11-30,0.010663987690020103,0.021422580404367873,0.05435612711398061,-0.005658930009313071,0.03290977653243631,0.02169598078422358
2022-12-01,0.010663987690020103,0.021422580404367873,0.05435612711398061,-0.005658930009313071,0.03290977653243631,0.02169598078422358
2022-12-02,0.010663987690020103,0.021422580404367873,0.05435612711398061,-0.005658930009313071,0.03290977653243631,0.02169598078422358
2022-12-05,0.010663987690020103,0.021422580404367873,0.05435612711398061,-0.005658930009313071,0.03290977653243631,0.02169598078422358
2022-12-06,0.010663987690020103,0.021422580404367873,0.05435612711398061,-0.005658930009313071,0.03290977653243631,0.02169598078422358
2022-12-07,0.010663987690020103,0.021422580404367873,0.05435612711398061,-0.005658930009313071,0.03290977653243631,0.02169598078422358
2022-12-08,0.010663987690020103,0.021422580404367873,0.05435612711398061,-0.005658930009313071,0.03290977653243631,0.02169598078422358
2022-12-09,0.010663987690020103,0.021422580404367873,0.05435612711398061,-0.005658930009313071,0.03290977653243631,0.02169598078422358
2022-12-12,0.010663987690020103,0.021422580404367873,0.05435612711398061,-0.005658930009313071,0.03290977653243631,0.02169598078422358
2022-12-13,0.010663987690020103,0.021422580404367873,0.05435612711398061,-0.005658930009313071,0.03290977653243631,0.02169598078422358
2022-12-14,0.010663987690020103,0.021422580404367873,0.05435612711398061,-0.005658930009313071,0.03290977653243631,0.02169598078422358
2022-12-15,0.010663987690020103,0.021422580404367873,0.05435612711398061,-0.005658930009313071,0.03290977653243631,0.02169598078422358
2022-12-16,0.010663987690020103,0.021422580404367873,0.05435612711398061,-0.005658930009313071,0.03290977653243631,0.02169598078422358
2022-12-19,0.010663987690020103,0.021422580404367873,0.05435612711398061,-0.005658930009313071,0.03290977653243631,0.02169598078422358
2022-12-20,0.010663987690020103,0.021422580404367873,0.05435612711398061,-0.005658930009313071,0.03290977653243631,0.02169598078422358
2022-12-21,0.010663987690020103,0.021422580404367873,0.05435612711398061,-0.005658930009313071,0.03290977653243631,0.02169598078422358
2022-12-22,0.010663987690020103,0.021422580404367873,0.05435612711398061,-0.005658930009313071,0.03290977653243631,0.02169598078422358
2022-12-23,0.010663987690020103,0.021422580404367873,0.05435612711398061,-0.005658930009313071,0.03290977653243631,0.02169598078422358
2022-12-26,0.010663987690020103,0.021422580404367873,0.05435612711398061,-0.005658930009313071,0.03290977653243631,0.02169598078422358
2022-12-27,0.010663987690020103,0.021422580404367873,0.05435612711398061,-0.005658930009313071,0.03290977653243631,0.02169598078422358
2022-12-28,0.010663987690020103,0.021422580404367873,0.05435612711398061,-0.005658930009313071,0.03290977653243631,0.02169598078422358
2022-12-29,0.010663987690020103,0.021422580404367873,0.05435612711398061,-0.005658930009313071,0.03290977653243631,0.02169598078422358
2022-12-30,0.010663987690020103,0.021422580404367873,0.05435612711398061,-0.005658930009313071,0.03290977653243631,0.02169598078422358
2023-01-03,-0.004346283354584015,0.029707304121271417,0.0650551821962846,0.0026599478448213116,0.04498633933819845,0.008761293166990446
2023-01-04,-0.004346283354584015,0.029707304121271417,0.0650551821962846,0.0026599478448213116,0.04498633933819845,0.008761293166990446
2023-01-05,-0.004346283354584015,0.029707304121271417,0.0650551821962846,0.0026599478448213116,0.04498633933819845,0.008761293166990446
2023-01-06,-0.004346283354584015,0.029707304121271417,0.0650551821962846,0.0026599478448213116,0.04498633933819845,0.008761293166990446
2023-01-09,-0.004346283354584015,0.029707304121271417,0.0650551821962846,0.0026599478448213116,0.04498633933819845,0.008761293166990446
2023-01-10,-0.004346283354584015,0.029707304121271417,0.0650551821962846,0.0026599478448213116,0.04498633933819845,0.008761293166990446
2023-01-11,-0.004346283354584015,0.029707304121271417,0.0650551821962846,0.0026599478448213116,0.04498633933819845,0.008761293166990446
2023-01-12,-0.004346283354584015,0.029707304121271417,0.0650551821962846,0.0026599478448213116,0.04498633933819845,0.008761293166990446
2023-01-13,-0.004346283354584015,0.029707304121271417,0.0650551821962846,0.0026599478448213116,0.04498633933819845,0.008761293166990446
2023-01-16,-0.004346283354584015,0.029707304121271417,0.0650551821962846,0.0026599478448213116,0.04498633933819845,0.008761293166990446
2023-01-17,-0.004346283354584015,0.029707304121271417,0.0650551821962846,0.0026599478448213116,0.04498633933819845,0.008761293166990446
2023-01-18,-0.004346283354584015,0.029707304121271417,0.0650551821962846,0.0026599478448213116,0.04498633933819845,0.008761293166990446
2023-01-19,-0.004346283354584015,0.029707304121271417,0.0650551821962846,0.0026599478448213116,0.04498633933819845,0.008761293166990446
2023-01-20,-0.004346283354584015,0.029707304121271417,0.0650551821962846,0.0026599478448213116,0.04498633933819845,0.008761293166990446
2023-01-30,-0.004346283354584015,0.029707304121271417,0.0650551821962846,0.0026599478448213116,0.04498633933819845,0.008761293166990446
2023-01-31,-0.004346283354584015,0.029707304121271417,0.0650551821962846,0.0026599478448213116,0.04498633933819845,0.008761293166990446
2023-02-01,-0.004346283354584015,0.029707304121271417,0.0650551821962846,0.0026599478448213116,0.04498633933819845,0.008761293166990446
2023-02-02,-0.004346283354584015,0.029707304121271417,0.0650551821962846,0.0026599478448213116,0.04498633933819845,0.008761293166990446
2023-02-03,-0.004346283354584015,0.029707304121271417,0.0650551821962846,0.0026599478448213116,0.04498633933819845,0.008761293166990446
2023-02-06,-0.004346283354584015,0.029707304121271417,0.0650551821962846,0.0026599478448213116,0.04498633933819845,0.008761293166990446
2023-02-07,-0.004346283354584015,0.029707304121271417,0.0650551821962846,0.0026599478448213116,0.04498633933819845,0.008761293166990446
2023-02-08,-0.004346283354584015,0.029707304121271417,0.0650551821962846,0.0026599478448213116,0.04498633933819845,0.008761293166990446
2023-02-09,-0.004346283354584015,0.029707304121271417,0.0650551821962846,0.0026599478448213116,0.04498633933819845,0.008761293166990446
2023-02-10,-0.004346283354584015,0.029707304121271417,0.0650551821962846,0.0026599478448213116,0.04498633933819845,0.008761293166990446
2023-02-13,-0.004346283354584015,0.029707304121271417,0.0650551821962846,0.0026599478448213116,0.04498633933819845,0.008761293166990446
2023-02-14,-0.004346283354584015,0.029707304121271417,0.0650551821962846,0.0026599478448213116,0.04498633933819845,0.008761293166990446
2023-02-15,-0.004346283354584015,0.029707304121271417,0.0650551821962846,0.0026599478448213116,0.04498633933819845,0.008761293166990446
2023-02-16,-0.004346283354584015,0.029707304121271417,0.0650551821962846,0.0026599478448213116,0.04498633933819845,0.008761293166990446
2023-02-17,-0.004346283354584015,0.029707304121271417,0.0650551821962846,0.0026599478448213116,0.04498633933819845,0.008761293166990446
2023-02-20,-0.004346283354584015,0.029707304121271417,0.0650551821962846,0.0026599478448213116,0.04498633933819845,0.008761293166990446
2023-02-21,-0.004346283354584015,0.029707304121271417,0.0650551821962846,0.0026599478448213116,0.04498633933819845,0.008761293166990446
2023-02-22,-0.004346283354584015,0.029707304121271417,0.0650551821962846,0.0026599478448213116,0.04498633933819845,0.008761293166990446
2023-02-23,-0.004346283354584015,0.029707304121271417,0.0650551821962846,0.0026599478448213116,0.04498633933819845,0.008761293166990446
2023-02-24,-0.004346283354584015,0.029707304121271417,0.0650551821962846,0.0026599478448213116,0.04498633933819845,0.008761293166990446
2023-02-27,-0.004346283354584015,0.029707304121271417,0.0650551821962846,0.0026599478448213116,0.04498633933819845,0.008761293166990446
2023-02-28,-0.004346283354584015,0.029707304121271417,0.0650551821962846,0.0026599478448213116,0.04498633933819845,0.008761293166990446
2023-03-01,-0.004346283354584015,0.029707304121271417,0.0650551821962846,0.0026599478448213116,0.04498633933819845,0.008761293166990446
2023-03-02,-0.004346283354584015,0.029707304121271417,0.0650551821962846,0.0026599478448213116,0.04498633933819845,0.008761293166990446
2023-03-03,-0.004346283354584015,0.029707304121271417,0.0650551821962846,0.0026599478448213116,0.04498633933819845,0.008761293166990446
2023-03-06,-0.004346283354584015,0.029707304121271417,0.0650551821962846,0.0026599478448213116,0.04498633933819845,0.008761293166990446
2023-03-07,-0.004346283354584015,0.029707304121271417,0.0650551821962846,0.0026599478448213116,0.04498633933819845,0.008761293166990446
2023-03-08,-0.004346283354584015,0.029707304121271417,0.0650551821962846,0.0026599478448213116,0.04498633933819845,0.008761293166990446
2023-03-09,-0.004346283354584015,0.029707304121271417,0.0650551821962846,0.0026599478448213116,0.04498633933819845,0.008761293166990446
2023-03-10,-0.004346283354584015,0.029707304121271417,0.0650551821962846,0.0026599478448213116,0.04498633933819845,0.008761293166990446
2023-03-13,-0.004346283354584015,0.029707304121271417,0.0650551821962846,0.0026599478448213116,0.04498633933819845,0.008761293166990446
2023-03-14,-0.004346283354584015,0.029707304121271417,0.0650551821962846,0.0026599478448213116,0.04498633933819845,0.008761293166990446
2023-03-15,-0.004346283354584015,0.029707304121271417,0.0650551821962846,0.0026599478448213116,0.04498633933819845,0.008761293166990446
2023-03-16,-0.004346283354584015,0.029707304121271417,0.0650551821962846,0.0026599478448213116,0.04498633933819845,0.008761293166990446
2023-03-17,-0.004346283354584015,0.029707304121271417,0.0650551821962846,0.0026599478448213116,0.04498633933819845,0.008761293166990446
2023-03-20,-0.004346283354584015,0.029707304121271417,0.0650551821962846,0.0026599478448213116,0.04498633933819845,0.008761293166990446
2023-03-21,-0.004346283354584015,0.029707304121271417,0.0650551821962846,0.0026599478448213116,0.04498633933819845,0.008761293166990446
2023-03-22,-0.004346283354584015,0.029707304121271417,0.0650551821962846,0.0026599478448213116,0.04498633933819845,0.008761293166990446
2023-03-23,-0.004346283354584015,0.029707304121271417,0.0650551821962846,0.0026599478448213116,0.04498633933819845,0.008761293166990446
2023-03-24,-0.004346283354584015,0.029707304121271417,0.0650551821962846,0.0026599478448213116,0.04498633933819845,0.008761293166990446
2023-03-27,-0.004346283354584015,0.029707304121271417,0.0650551821962846,0.0026599478448213116,0.04498633933819845,0.008761293166990446
2023-03-28,-0.004346283354584015,0.029707304121271417,0.0650551821962846,0.0026599478448213116,0.04498633933819845,0.008761293166990446
2023-03-29,-0.004346283354584015,0.029707304121271417,0.0650551821962846,0.0026599478448213116,0.04498633933819845,0.008761293166990446
2023-03-30,-0.004346283354584015,0.029707304121271417,0.0650551821962846,0.0026599478448213116,0.04498633933819845,0.008761293166990446
2023-03-31,-0.004346283354584015,0.029707304121271417,0.0650551821962846,0.0026599478448213116,0.04498633933819845,0.008761293166990446
2023-04-03,-0.009802136289142194,0.006601660712645232,0.03961457008254496,0.0029121660695422906,0.04025181899105583,-0.0019131508335383635
2023-04-04,-0.009802136289142194,0.006601660712645232,0.03961457008254496,0.0029121660695422906,0.04025181899105583,-0.0019131508335383635
2023-04-06,-0.009802136289142194,0.006601660712645232,0.03961457008254496,0.0029121660695422906,0.04025181899105583,-0.0019131508335383635
2023-04-07,-0.009802136289142194,0.006601660712645232,0.03961457008254496,0.0029121660695422906,0.04025181899105583,-0.0019131508335383635
2023-04-10,-0.009802136289142194,0.006601660712645232,0.03961457008254496,0.0029121660695422906,0.04025181899105583,-0.0019131508335383635
2023-04-11,-0.009802136289142194,0.006601660712645232,0.03961457008254496,0.0029121660695422906,0.04025181899105583,-0.0019131508335383635
2023-04-12,-0.009802136289142194,0.006601660712645232,0.03961457008254496,0.0029121660695422906,0.04025181899105583,-0.0019131508335383635
2023-04-13,-0.009802136289142194,0.006601660712645232,0.03961457008254496,0.0029121660695422906,0.04025181899105583,-0.0019131508335383635
2023-04-14,-0.009802136289142194,0.006601660712645232,0.03961457008254496,0.0029121660695422906,0.04025181899105583,-0.0019131508335383635
2023-04-17,-0.009802136289142194,0.006601660712645232,0.03961457008254496,0.0029121660695422906,0.04025181899105583,-0.0019131508335383635
2023-04-18,-0.009802136289142194,0.006601660712645232,0.03961457008254496,0.0029121660695422906,0.04025181899105583,-0.0019131508335383635
2023-04-19,-0.009802136289142194,0.006601660712645232,0.03961457008254496,0.0029121660695422906,0.04025181899105583,-0.0019131508335383635
2023-04-20,-0.009802136289142194,0.006601660712645232,0.03961457008254496,0.0029121660695422906,0.04025181899105583,-0.0019131508335383635
2023-04-21,-0.009802136289142194,0.006601660712645232,0.03961457008254496,0.0029121660695422906,0.04025181899105583,-0.0019131508335383635
2023-04-24,-0.009802136289142194,0.006601660712645232,0.03961457008254496,0.0029121660695422906,0.04025181899105583,-0.0019131508335383635
2023-04-25,-0.009802136289142194,0.006601660712645232,0.03961457008254496,0.0029121660695422906,0.04025181899105583,-0.0019131508335383635
2023-04-26,-0.009802136289142194,0.006601660712645232,0.03961457008254496,0.0029121660695422906,0.04025181899105583,-0.0019131508335383635
2023-04-27,-0.009802136289142194,0.006601660712645232,0.03961457008254496,0.0029121660695422906,0.04025181899105583,-0.0019131508335383635
2023-04-28,-0.009802136289142194,0.006601660712645232,0.03961457008254496,0.0029121660695422906,0.04025181899105583,-0.0019131508335383635
2023-05-04,-0.009802136289142194,0.006601660712645232,0.03961457008254496,0.0029121660695422906,0.04025181899105583,-0.0019131508335383635
2023-05-05,-0.009802136289142194,0.006601660712645232,0.03961457008254496,0.0029121660695422906,0.04025181899105583,-0.0019131508335383635
2023-05-08,-0.009802136289142194,0.006601660712645232,0.03961457008254496,0.0029121660695422906,0.04025181899105583,-0.0019131508335383635
2023-05-09,-0.009802136289142194,0.006601660712645232,0.03961457008254496,0.0029121660695422906,0.04025181899105583,-0.0019131508335383635
2023-05-10,-0.009802136289142194,0.006601660712645232,0.03961457008254496,0.0029121660695422906,0.04025181899105583,-0.0019131508335383635
2023-05-11,-0.009802136289142194,0.006601660712645232,0.03961457008254496,0.0029121660695422906,0.04025181899105583,-0.0019131508335383635
2023-05-12,-0.009802136289142194,0.006601660712645232,0.03961457008254496,0.0029121660695422906,0.04025181899105583,-0.0019131508335383635
2023-05-15,-0.009802136289142194,0.006601660712645232,0.03961457008254496,0.0029121660695422906,0.04025181899105583,-0.0019131508335383635
2023-05-16,-0.009802136289142194,0.006601660712645232,0.03961457008254496,0.0029121660695422906,0.04025181899105583,-0.0019131508335383635
2023-05-17,-0.009802136289142194,0.006601660712645232,0.03961457008254496,0.0029121660695422906,0.04025181899105583,-0.0019131508335383635
2023-05-18,-0.009802136289142194,0.006601660712645232,0.03961457008254496,0.0029121660695422906,0.04025181899105583,-0.0019131508335383635
2023-05-19,-0.009802136289142194,0.006601660712645232,0.03961457008254496,0.0029121660695422906,0.04025181899105583,-0.0019131508335383635
2023-05-22,-0.009802136289142194,0.006601660712645232,0.03961457008254496,0.0029121660695422906,0.04025181899105583,-0.0019131508335383635
2023-05-23,-0.009802136289142194,0.006601660712645232,0.03961457008254496,0.0029121660695422906,0.04025181899105583,-0.0019131508335383635
2023-05-24,-0.009802136289142194,0.006601660712645232,0.03961457008254496,0.0029121660695422906,0.04025181899105583,-0.0019131508335383635
2023-05-25,-0.009802136289142194,0.006601660712645232,0.03961457008254496,0.0029121660695422906,0.04025181899105583,-0.0019131508335383635
2023-05-26,-0.009802136289142194,0.006601660712645232,0.03961457008254496,0.0029121660695422906,0.04025181899105583,-0.0019131508335383635
2023-05-29,-0.009802136289142194,0.006601660712645232,0.03961457008254496,0.0029121660695422906,0.04025181899105583,-0.0019131508335383635
2023-05-30,-0.009802136289142194,0.006601660712645232,0.03961457008254496,0.0029121660695422906,0.04025181899105583,-0.0019131508335383635
2023-05-31,-0.009802136289142194,0.006601660712645232,0.03961457008254496,0.0029121660695422906,0.04025181899105583,-0.0019131508335383635
2023-06-01,-0.009802136289142194,0.006601660712645232,0.03961457008254496,0.0029121660695422906,0.04025181899105583,-0.0019131508335383635
2023-06-02,-0.009802136289142194,0.006601660712645232,0.03961457008254496,0.0029121660695422906,0.04025181899105583,-0.0019131508335383635
2023-06-05,-0.009802136289142194,0.006601660712645232,0.03961457008254496,0.0029121660695422906,0.04025181899105583,-0.0019131508335383635
2023-06-06,-0.009802136289142194,0.006601660712645232,0.03961457008254496,0.0029121660695422906,0.04025181899105583,-0.0019131508335383635
2023-06-07,-0.009802136289142194,0.006601660712645232,0.03961457008254496,0.0029121660695422906,0.04025181899105583,-0.0019131508335383635
2023-06-08,-0.009802136289142194,0.006601660712645232,0.03961457008254496,0.0029121660695422906,0.04025181899105583,-0.0019131508335383635
2023-06-09,-0.009802136289142194,0.006601660712645232,0.03961457008254496,0.0029121660695422906,0.04025181899105583,-0.0019131508335383635
2023-06-12,-0.009802136289142194,0.006601660712645232,0.03961457008254496,0.0029121660695422906,0.04025181899105583,-0.0019131508335383635
2023-06-13,-0.009802136289142194,0.006601660712645232,0.03961457008254496,0.0029121660695422906,0.04025181899105583,-0.0019131508335383635
2023-06-14,-0.009802136289142194,0.006601660712645232,0.03961457008254496,0.0029121660695422906,0.04025181899105583,-0.0019131508335383635
2023-06-15,-0.009802136289142194,0.006601660712645232,0.03961457008254496,0.0029121660695422906,0.04025181899105583,-0.0019131508335383635
2023-06-16,-0.009802136289142194,0.006601660712645232,0.03961457008254496,0.0029121660695422906,0.04025181899105583,-0.0019131508335383635
2023-06-19,-0.009802136289142194,0.006601660712645232,0.03961457008254496,0.0029121660695422906,0.04025181899105583,-0.0019131508335383635
2023-06-20,-0.009802136289142194,0.006601660712645232,0.03961457008254496,0.0029121660695422906,0.04025181899105583,-0.0019131508335383635
2023-06-21,-0.009802136289142194,0.006601660712645232,0.03961457008254496,0.0029121660695422906,0.04025181899105583,-0.0019131508335383635
2023-06-26,-0.009802136289142194,0.006601660712645232,0.03961457008254496,0.0029121660695422906,0.04025181899105583,-0.0019131508335383635
2023-06-27,-0.009802136289142194,0.006601660712645232,0.03961457008254496,0.0029121660695422906,0.04025181899105583,-0.0019131508335383635
2023-06-28,-0.009802136289142194,0.006601660712645232,0.03961457008254496,0.0029121660695422906,0.04025181899105583,-0.0019131508335383635
2023-06-29,-0.009802136289142194,0.006601660712645232,0.03961457008254496,0.0029121660695422906,0.04025181899105583,-0.0019131508335383635
2023-06-30,-0.009802136289142194,0.006601660712645232,0.03961457008254496,0.0029121660695422906,0.04025181899105583,-0.0019131508335383635
2023-07-03,0.00836948603446379,0.020493723338613535,0.04310688868525895,0.027269372693745637,0.04177719085408144,0.023479507168131398
2023-07-04,0.00836948603446379,0.020493723338613535,0.04310688868525895,0.027269372693745637,0.04177719085408144,0.023479507168131398
2023-07-05,0.00836948603446379,0.020493723338613535,0.04310688868525895,0.027269372693745637,0.04177719085408144,0.023479507168131398
2023-07-06,0.00836948603446379,0.020493723338613535,0.04310688868525895,0.027269372693745637,0.04177719085408144,0.023479507168131398
2023-07-07,0.00836948603446379,0.020493723338613535,0.04310688868525895,0.027269372693745637,0.04177719085408144,0.023479507168131398
2023-07-10,0.00836948603446379,0.020493723338613535,0.04310688868525895,0.027269372693745637,0.04177719085408144,0.023479507168131398
2023-07-11,0.00836948603446379,0.020493723338613535,0.04310688868525895,0.027269372693745637,0.04177719085408144,0.023479507168131398
2023-07-12,0.00836948603446379,0.020493723338613535,0.04310688868525895,0.027269372693745637,0.04177719085408144,0.023479507168131398
2023-07-13,0.00836948603446379,0.020493723338613535,0.04310688868525895,0.027269372693745637,0.04177719085408144,0.023479507168131398
2023-07-14,0.00836948603446379,0.020493723338613535,0.04310688868525895,0.027269372693745637,0.04177719085408144,0.023479507168131398
2023-07-17,0.00836948603446379,0.020493723338613535,0.04310688868525895,0.027269372693745637,0.04177719085408144,0.023479507168131398
2023-07-18,0.00836948603446379,0.020493723338613535,0.04310688868525895,0.027269372693745637,0.04177719085408144,0.023479507168131398
2023-07-19,0.00836948603446379,0.020493723338613535,0.04310688868525895,0.027269372693745637,0.04177719085408144,0.023479507168131398
2023-07-20,0.00836948603446379,0.020493723338613535,0.04310688868525895,0.027269372693745637,0.04177719085408144,0.023479507168131398
2023-07-21,0.00836948603446379,0.020493723338613535,0.04310688868525895,0.027269372693745637,0.04177719085408144,0.023479507168131398
2023-07-24,0.00836948603446379,0.020493723338613535,0.04310688868525895,0.027269372693745637,0.04177719085408144,0.023479507168131398
2023-07-25,0.00836948603446379,0.020493723338613535,0.04310688868525895,0.027269372693745637,0.04177719085408144,0.023479507168131398
2023-07-26,0.00836948603446379,0.020493723338613535,0.04310688868525895,0.027269372693745637,0.04177719085408144,0.023479507168131398
2023-07-27,0.00836948603446379,0.020493723338613535,0.04310688868525895,0.027269372693745637,0.04177719085408144,0.023479507168131398
2023-07-28,0.00836948603446379,0.020493723338613535,0.04310688868525895,0.027269372693745637,0.04177719085408144,0.023479507168131398
2023-07-31,0.00836948603446379,0.020493723338613535,0.04310688868525895,0.027269372693745637,0.04177719085408144,0.023479507168131398
2023-08-01,0.00836948603446379,0.020493723338613535,0.04310688868525895,0.027269372693745637,0.04177719085408144,0.023479507168131398
2023-08-02,0.00836948603446379,0.020493723338613535,0.04310688868525895,0.027269372693745637,0.04177719085408144,0.023479507168131398
2023-08-03,0.00836948603446379,0.020493723338613535,0.04310688868525895,0.027269372693745637,0.04177719085408144,0.023479507168131398
2023-08-04,0.00836948603446379,0.020493723338613535,0.04310688868525895,0.027269372693745637,0.04177719085408144,0.023479507168131398
2023-08-07,0.00836948603446379,0.020493723338613535,0.04310688868525895,0.027269372693745637,0.04177719085408144,0.023479507168131398
2023-08-08,0.00836948603446379,0.020493723338613535,0.04310688868525895,0.027269372693745637,0.04177719085408144,0.023479507168131398
2023-08-09,0.00836948603446379,0.020493723338613535,0.04310688868525895,0.027269372693745637,0.04177719085408144,0.023479507168131398
2023-08-10,0.00836948603446379,0.020493723338613535,0.04310688868525895,0.027269372693745637,0.04177719085408144,0.023479507168131398
2023-08-11,0.00836948603446379,0.020493723338613535,0.04310688868525895,0.027269372693745637,0.04177719085408144,0.023479507168131398
2023-08-14,0.00836948603446379,0.020493723338613535,0.04310688868525895,0.027269372693745637,0.04177719085408144,0.023479507168131398
2023-08-15,0.00836948603446379,0.020493723338613535,0.04310688868525895,0.027269372693745637,0.04177719085408144,0.023479507168131398
2023-08-16,0.00836948603446379,0.020493723338613535,0.04310688868525895,0.027269372693745637,0.04177719085408144,0.023479507168131398
2023-08-17,0.00836948603446379,0.020493723338613535,0.04310688868525895,0.027269372693745637,0.04177719085408144,0.023479507168131398
2023-08-18,0.00836948603446379,0.020493723338613535,0.04310688868525895,0.027269372693745637,0.04177719085408144,0.023479507168131398
2023-08-21,0.00836948603446379,0.020493723338613535,0.04310688868525895,0.027269372693745637,0.04177719085408144,0.023479507168131398
2023-08-22,0.00836948603446379,0.020493723338613535,0.04310688868525895,0.027269372693745637,0.04177719085408144,0.023479507168131398
2023-08-23,0.00836948603446379,0.020493723338613535,0.04310688868525895,0.027269372693745637,0.04177719085408144,0.023479507168131398
2023-08-24,0.00836948603446379,0.020493723338613535,0.04310688868525895,0.027269372693745637,0.04177719085408144,0.023479507168131398
2023-08-25,0.00836948603446379,0.020493723338613535,0.04310688868525895,0.027269372693745637,0.04177719085408144,0.023479507168131398
2023-08-28,0.00836948603446379,0.020493723338613535,0.04310688868525895,0.027269372693745637,0.04177719085408144,0.023479507168131398
2023-08-29,0.00836948603446379,0.020493723338613535,0.04310688868525895,0.027269372693745637,0.04177719085408144,0.023479507168131398
2023-08-30,0.00836948603446379,0.020493723338613535,0.04310688868525895,0.027269372693745637,0.04177719085408144,0.023479507168131398
2023-08-31,0.00836948603446379,0.020493723338613535,0.04310688868525895,0.027269372693745637,0.04177719085408144,0.023479507168131398
2023-09-01,0.00836948603446379,0.020493723338613535,0.04310688868525895,0.027269372693745637,0.04177719085408144,0.023479507168131398
2023-09-04,0.00836948603446379,0.020493723338613535,0.04310688868525895,0.027269372693745637,0.04177719085408144,0.023479507168131398
2023-09-05,0.00836948603446379,0.020493723338613535,0.04310688868525895,0.027269372693745637,0.04177719085408144,0.023479507168131398
2023-09-06,0.00836948603446379,0.020493723338613535,0.04310688868525895,0.027269372693745637,0.04177719085408144,0.023479507168131398
2023-09-07,0.00836948603446379,0.020493723338613535,0.04310688868525895,0.027269372693745637,0.04177719085408144,0.023479507168131398
2023-09-08,0.00836948603446379,0.020493723338613535,0.04310688868525895,0.027269372693745637,0.04177719085408144,0.023479507168131398
2023-09-11,0.00836948603446379,0.020493723338613535,0.04310688868525895,0.027269372693745637,0.04177719085408144,0.023479507168131398
2023-09-12,0.00836948603446379,0.020493723338613535,0.04310688868525895,0.027269372693745637,0.04177719085408144,0.023479507168131398
2023-09-13,0.00836948603446379,0.020493723338613535,0.04310688868525895,0.027269372693745637,0.04177719085408144,0.023479507168131398
2023-09-14,0.00836948603446379,0.020493723338613535,0.04310688868525895,0.027269372693745637,0.04177719085408144,0.023479507168131398
2023-09-15,0.00836948603446379,0.020493723338613535,0.04310688868525895,0.027269372693745637,0.04177719085408144,0.023479507168131398
2023-09-18,0.00836948603446379,0.020493723338613535,0.04310688868525895,0.027269372693745637,0.04177719085408144,0.023479507168131398
2023-09-19,0.00836948603446379,0.020493723338613535,0.04310688868525895,0.027269372693745637,0.04177719085408144,0.023479507168131398
2023-09-20,0.00836948603446379,0.020493723338613535,0.04310688868525895,0.027269372693745637,0.04177719085408144,0.023479507168131398
2023-09-21,0.00836948603446379,0.020493723338613535,0.04310688868525895,0.027269372693745637,0.04177719085408144,0.023479507168131398
2023-09-22,0.00836948603446379,0.020493723338613535,0.04310688868525895,0.027269372693745637,0.04177719085408144,0.023479507168131398
2023-09-25,0.00836948603446379,0.020493723338613535,0.04310688868525895,0.027269372693745637,0.04177719085408144,0.023479507168131398
2023-09-26,0.00836948603446379,0.020493723338613535,0.04310688868525895,0.027269372693745637,0.04177719085408144,0.023479507168131398
2023-09-27,0.00836948603446379,0.020493723338613535,0.04310688868525895,0.027269372693745637,0.04177719085408144,0.023479507168131398
2023-09-28,0.00836948603446379,0.020493723338613535,0.04310688868525895,0.027269372693745637,0.04177719085408144,0.023479507168131398
2023-10-09,-0.014425513318970323,-0.004780129836793199,0.01392918367141907,0.010287215800368156,0.02444037788873223,0.018936872627967075
2023-10-10,-0.014425513318970323,-0.004780129836793199,0.01392918367141907,0.010287215800368156,0.02444037788873223,0.018936872627967075
2023-10-11,-0.014425513318970323,-0.004780129836793199,0.01392918367141907,0.010287215800368156,0.02444037788873223,0.018936872627967075
2023-10-12,-0.014425513318970323,-0.004780129836793199,0.01392918367141907,0.010287215800368156,0.02444037788873223,0.018936872627967075
2023-10-13,-0.014425513318970323,-0.004780129836793199,0.01392918367141907,0.010287215800368156,0.02444037788873223,0.018936872627967075
2023-10-16,-0.014425513318970323,-0.004780129836793199,0.01392918367141907,0.010287215800368156,0.02444037788873223,0.018936872627967075
2023-10-17,-0.014425513318970323,-0.004780129836793199,0.01392918367141907,0.010287215800368156,0.02444037788873223,0.018936872627967075
2023-10-18,-0.014425513318970323,-0.004780129836793199,0.01392918367141907,0.010287215800368156,0.02444037788873223,0.018936872627967075
2023-10-19,-0.014425513318970323,-0.004780129836793199,0.01392918367141907,0.010287215800368156,0.02444037788873223,0.018936872627967075
2023-10-20,-0.014425513318970323,-0.004780129836793199,0.01392918367141907,0.010287215800368156,0.02444037788873223,0.018936872627967075
2023-10-23,-0.014425513318970323,-0.004780129836793199,0.01392918367141907,0.010287215800368156,0.02444037788873223,0.018936872627967075
2023-10-24,-0.014425513318970323,-0.004780129836793199,0.01392918367141907,0.010287215800368156,0.02444037788873223,0.018936872627967075
2023-10-25,-0.014425513318970323,-0.004780129836793199,0.01392918367141907,0.010287215800368156,0.02444037788873223,0.018936872627967075
2023-10-26,-0.014425513318970323,-0.004780129836793199,0.01392918367141907,0.010287215800368156,0.02444037788873223,0.018936872627967075
2023-10-27,-0.014425513318970323,-0.004780129836793199,0.01392918367141907,0.010287215800368156,0.02444037788873223,0.018936872627967075
2023-10-30,-0.014425513318970323,-0.004780129836793199,0.01392918367141907,0.010287215800368156,0.02444037788873223,0.018936872627967075
2023-10-31,-0.014425513318970323,-0.004780129836793199,0.01392918367141907,0.010287215800368156,0.02444037788873223,0.018936872627967075
2023-11-01,-0.014425513318970323,-0.004780129836793199,0.01392918367141907,0.010287215800368156,0.02444037788873223,0.018936872627967075
2023-11-02,-0.014425513318970323,-0.004780129836793199,0.01392918367141907,0.010287215800368156,0.02444037788873223,0.018936872627967075
2023-11-03,-0.014425513318970323,-0.004780129836793199,0.01392918367141907,0.010287215800368156,0.02444037788873223,0.018936872627967075
2023-11-06,-0.014425513318970323,-0.004780129836793199,0.01392918367141907,0.010287215800368156,0.02444037788873223,0.018936872627967075
2023-11-07,-0.014425513318970323,-0.004780129836793199,0.01392918367141907,0.010287215800368156,0.02444037788873223,0.018936872627967075
2023-11-08,-0.014425513318970323,-0.004780129836793199,0.01392918367141907,0.010287215800368156,0.02444037788873223,0.018936872627967075
2023-11-09,-0.014425513318970323,-0.004780129836793199,0.01392918367141907,0.010287215800368156,0.02444037788873223,0.018936872627967075
2023-11-10,-0.014425513318970323,-0.004780129836793199,0.01392918367141907,0.010287215800368156,0.02444037788873223,0.018936872627967075
2023-11-13,-0.014425513318970323,-0.004780129836793199,0.01392918367141907,0.010287215800368156,0.02444037788873223,0.018936872627967075
2023-11-14,-0.014425513318970323,-0.004780129836793199,0.01392918367141907,0.010287215800368156,0.02444037788873223,0.018936872627967075
2023-11-15,-0.014425513318970323,-0.004780129836793199,0.01392918367141907,0.010287215800368156,0.02444037788873223,0.018936872627967075
2023-11-16,-0.014425513318970323,-0.004780129836793199,0.01392918367141907,0.010287215800368156,0.02444037788873223,0.018936872627967075
2023-11-17,-0.014425513318970323,-0.004780129836793199,0.01392918367141907,0.010287215800368156,0.02444037788873223,0.018936872627967075
2023-11-20,-0.014425513318970323,-0.004780129836793199,0.01392918367141907,0.010287215800368156,0.02444037788873223,0.018936872627967075
2023-11-21,-0.014425513318970323,-0.004780129836793199,0.01392918367141907,0.010287215800368156,0.02444037788873223,0.018936872627967075
2023-11-22,-0.014425513318970323,-0.004780129836793199,0.01392918367141907,0.010287215800368156,0.02444037788873223,0.018936872627967075
2023-11-23,-0.014425513318970323,-0.004780129836793199,0.01392918367141907,0.010287215800368156,0.02444037788873223,0.018936872627967075
2023-11-24,-0.014425513318970323,-0.004780129836793199,0.01392918367141907,0.010287215800368156,0.02444037788873223,0.018936872627967075
2023-11-27,-0.014425513318970323,-0.004780129836793199,0.01392918367141907,0.010287215800368156,0.02444037788873223,0.018936872627967075
2023-11-28,-0.014425513318970323,-0.004780129836793199,0.01392918367141907,0.010287215800368156,0.02444037788873223,0.018936872627967075
2023-11-29,-0.014425513318970323,-0.004780129836793199,0.01392918367141907,0.010287215800368156,0.02444037788873223,0.018936872627967075
2023-11-30,-0.014425513318970323,-0.004780129836793199,0.01392918367141907,0.010287215800368156,0.02444037788873223,0.018936872627967075
2023-12-01,-0.014425513318970323,-0.004780129836793199,0.01392918367141907,0.010287215800368156,0.02444037788873223,0.018936872627967075
2023-12-04,-0.014425513318970323,-0.004780129836793199,0.01392918367141907,0.010287215800368156,0.02444037788873223,0.018936872627967075
2023-12-05,-0.014425513318970323,-0.004780129836793199,0.01392918367141907,0.010287215800368156,0.02444037788873223,0.018936872627967075
2023-12-06,-0.014425513318970323,-0.004780129836793199,0.01392918367141907,0.010287215800368156,0.02444037788873223,0.018936872627967075
2023-12-07,-0.014425513318970323,-0.004780129836793199,0.01392918367141907,0.010287215800368156,0.02444037788873223,0.018936872627967075
2023-12-08,-0.014425513318970323,-0.004780129836793199,0.01392918367141907,0.010287215800368156,0.02444037788873223,0.018936872627967075
2023-12-11,-0.014425513318970323,-0.004780129836793199,0.01392918367141907,0.010287215800368156,0.02444037788873223,0.018936872627967075
2023-12-12,-0.014425513318970323,-0.004780129836793199,0.01392918367141907,0.010287215800368156,0.02444037788873223,0.018936872627967075
2023-12-13,-0.014425513318970323,-0.004780129836793199,0.01392918367141907,0.010287215800368156,0.02444037788873223,0.018936872627967075
2023-12-14,-0.014425513318970323,-0.004780129836793199,0.01392918367141907,0.010287215800368156,0.02444037788873223,0.018936872627967075
2023-12-15,-0.014425513318970323,-0.004780129836793199,0.01392918367141907,0.010287215800368156,0.02444037788873223,0.018936872627967075
2023-12-18,-0.014425513318970323,-0.004780129836793199,0.01392918367141907,0.010287215800368156,0.02444037788873223,0.018936872627967075
2023-12-19,-0.014425513318970323,-0.004780129836793199,0.01392918367141907,0.010287215800368156,0.02444037788873223,0.018936872627967075
2023-12-20,-0.014425513318970323,-0.004780129836793199,0.01392918367141907,0.010287215800368156,0.02444037788873223,0.018936872627967075
2023-12-21,-0.014425513318970323,-0.004780129836793199,0.01392918367141907,0.010287215800368156,0.02444037788873223,0.018936872627967075
2023-12-22,-0.014425513318970323,-0.004780129836793199,0.01392918367141907,0.010287215800368156,0.02444037788873223,0.018936872627967075
2023-12-25,-0.014425513318970323,-0.004780129836793199,0.01392918367141907,0.010287215800368156,0.02444037788873223,0.018936872627967075
2023-12-26,-0.014425513318970323,-0.004780129836793199,0.01392918367141907,0.010287215800368156,0.02444037788873223,0.018936872627967075
2023-12-27,-0.014425513318970323,-0.004780129836793199,0.01392918367141907,0.010287215800368156,0.02444037788873223,0.018936872627967075
2023-12-28,-0.014425513318970323,-0.004780129836793199,0.01392918367141907,0.010287215800368156,0.02444037788873223,0.018936872627967075
2023-12-29,-0.014425513318970323,-0.004780129836793199,0.01392918367141907,0.010287215800368156,0.02444037788873223,0.018936872627967075
2024-01-02,-0.009848087299239033,0.003612499111912197,0.017023905460391408,0.016293455789501848,0.010974827897312875,0.018163069943657618
2024-01-03,-0.009848087299239033,0.003612499111912197,0.017023905460391408,0.016293455789501848,0.010974827897312875,0.018163069943657618
2024-01-04,-0.009848087299239033,0.003612499111912197,0.017023905460391408,0.016293455789501848,0.010974827897312875,0.018163069943657618
2024-01-05,-0.009848087299239033,0.003612499111912197,0.017023905460391408,0.016293455789501848,0.010974827897312875,0.018163069943657618
2024-01-08,-0.009848087299239033,0.003612499111912197,0.017023905460391408,0.016293455789501848,0.010974827897312875,0.018163069943657618
2024-01-09,-0.009848087299239033,0.003612499111912197,0.017023905460391408,0.016293455789501848,0.010974827897312875,0.018163069943657618
2024-01-10,-0.009848087299239033,0.003612499111912197,0.017023905460391408,0.016293455789501848,0.010974827897312875,0.018163069943657618
2024-01-11,-0.009848087299239033,0.003612499111912197,0.017023905460391408,0.016293455789501848,0.010974827897312875,0.018163069943657618
2024-01-12,-0.009848087299239033,0.003612499111912197,0.017023905460391408,0.016293455789501848,0.010974827897312875,0.018163069943657618
2024-01-15,-0.009848087299239033,0.003612499111912197,0.017023905460391408,0.016293455789501848,0.010974827897312875,0.018163069943657618
2024-01-16,-0.009848087299239033,0.003612499111912197,0.017023905460391408,0.016293455789501848,0.010974827897312875,0.018163069943657618
2024-01-17,-0.009848087299239033,0.003612499111912197,0.017023905460391408,0.016293455789501848,0.010974827897312875,0.018163069943657618
2024-01-18,-0.009848087299239033,0.003612499111912197,0.017023905460391408,0.016293455789501848,0.010974827897312875,0.018163069943657618
2024-01-19,-0.009848087299239033,0.003612499111912197,0.017023905460391408,0.016293455789501848,0.010974827897312875,0.018163069943657618
2024-01-22,-0.009848087299239033,0.003612499111912197,0.017023905460391408,0.016293455789501848,0.010974827897312875,0.018163069943657618
2024-01-23,-0.009848087299239033,0.003612499111912197,0.017023905460391408,0.016293455789501848,0.010974827897312875,0.018163069943657618
2024-01-24,-0.009848087299239033,0.003612499111912197,0.017023905460391408,0.016293455789501848,0.010974827897312875,0.018163069943657618
2024-01-25,-0.009848087299239033,0.003612499111912197,0.017023905460391408,0.016293455789501848,0.010974827897312875,0.018163069943657618
2024-01-26,-0.009848087299239033,0.003612499111912197,0.017023905460391408,0.016293455789501848,0.010974827897312875,0.018163069943657618
2024-01-29,-0.009848087299239033,0.003612499111912197,0.017023905460391408,0.016293455789501848,0.010974827897312875,0.018163069943657618
2024-01-30,-0.009848087299239033,0.003612499111912197,0.017023905460391408,0.016293455789501848,0.010974827897312875,0.018163069943657618
2024-01-31,-0.009848087299239033,0.003612499111912197,0.017023905460391408,0.016293455789501848,0.010974827897312875,0.018163069943657618
2024-02-01,-0.009848087299239033,0.003612499111912197,0.017023905460391408,0.016293455789501848,0.010974827897312875,0.018163069943657618
2024-02-02,-0.009848087299239033,0.003612499111912197,0.017023905460391408,0.016293455789501848,0.010974827897312875,0.018163069943657618
2024-02-05,-0.009848087299239033,0.003612499111912197,0.017023905460391408,0.016293455789501848,0.010974827897312875,0.018163069943657618
2024-02-06,-0.009848087299239033,0.003612499111912197,0.017023905460391408,0.016293455789501848,0.010974827897312875,0.018163069943657618
2024-02-07,-0.009848087299239033,0.003612499111912197,0.017023905460391408,0.016293455789501848,0.010974827897312875,0.018163069943657618
2024-02-08,-0.009848087299239033,0.003612499111912197,0.017023905460391408,0.016293455789501848,0.010974827897312875,0.018163069943657618
2024-02-19,-0.009848087299239033,0.003612499111912197,0.017023905460391408,0.016293455789501848,0.010974827897312875,0.018163069943657618
2024-02-20,-0.009848087299239033,0.003612499111912197,0.017023905460391408,0.016293455789501848,0.010974827897312875,0.018163069943657618
2024-02-21,-0.009848087299239033,0.003612499111912197,0.017023905460391408,0.016293455789501848,0.010974827897312875,0.018163069943657618
2024-02-22,-0.009848087299239033,0.003612499111912197,0.017023905460391408,0.016293455789501848,0.010974827897312875,0.018163069943657618
2024-02-23,-0.009848087299239033,0.003612499111912197,0.017023905460391408,0.016293455789501848,0.010974827897312875,0.018163069943657618
2024-02-26,-0.009848087299239033,0.003612499111912197,0.017023905460391408,0.016293455789501848,0.010974827897312875,0.018163069943657618
2024-02-27,-0.009848087299239033,0.003612499111912197,0.017023905460391408,0.016293455789501848,0.010974827897312875,0.018163069943657618
2024-02-28,-0.009848087299239033,0.003612499111912197,0.017023905460391408,0.016293455789501848,0.010974827897312875,0.018163069943657618
2024-02-29,-0.009848087299239033,0.003612499111912197,0.017023905460391408,0.016293455789501848,0.010974827897312875,0.018163069943657618
2024-03-01,-0.009848087299239033,0.003612499111912197,0.017023905460391408,0.016293455789501848,0.010974827897312875,0.018163069943657618
2024-03-04,-0.009848087299239033,0.003612499111912197,0.017023905460391408,0.016293455789501848,0.010974827897312875,0.018163069943657618
2024-03-05,-0.009848087299239033,0.003612499111912197,0.017023905460391408,0.016293455789501848,0.010974827897312875,0.018163069943657618
2024-03-06,-0.009848087299239033,0.003612499111912197,0.017023905460391408,0.016293455789501848,0.010974827897312875,0.018163069943657618
2024-03-07,-0.009848087299239033,0.003612499111912197,0.017023905460391408,0.016293455789501848,0.010974827897312875,0.018163069943657618
2024-03-08,-0.009848087299239033,0.003612499111912197,0.017023905460391408,0.016293455789501848,0.010974827897312875,0.018163069943657618
2024-03-11,-0.009848087299239033,0.003612499111912197,0.017023905460391408,0.016293455789501848,0.010974827897312875,0.018163069943657618
2024-03-12,-0.009848087299239033,0.003612499111912197,0.017023905460391408,0.016293455789501848,0.010974827897312875,0.018163069943657618
2024-03-13,-0.009848087299239033,0.003612499111912197,0.017023905460391408,0.016293455789501848,0.010974827897312875,0.018163069943657618
2024-03-14,-0.009848087299239033,0.003612499111912197,0.017023905460391408,0.016293455789501848,0.010974827897312875,0.018163069943657618
2024-03-15,-0.009848087299239033,0.003612499111912197,0.017023905460391408,0.016293455789501848,0.010974827897312875,0.018163069943657618
2024-03-18,-0.009848087299239033,0.003612499111912197,0.017023905460391408,0.016293455789501848,0.010974827897312875,0.018163069943657618
2024-03-19,-0.009848087299239033,0.003612499111912197,0.017023905460391408,0.016293455789501848,0.010974827897312875,0.018163069943657618
2024-03-20,-0.009848087299239033,0.003612499111912197,0.017023905460391408,0.016293455789501848,0.010974827897312875,0.018163069943657618
2024-03-21,-0.009848087299239033,0.003612499111912197,0.017023905460391408,0.016293455789501848,0.010974827897312875,0.018163069943657618
2024-03-22,-0.009848087299239033,0.003612499111912197,0.017023905460391408,0.016293455789501848,0.010974827897312875,0.018163069943657618
2024-03-25,-0.009848087299239033,0.003612499111912197,0.017023905460391408,0.016293455789501848,0.010974827897312875,0.018163069943657618
2024-03-26,-0.009848087299239033,0.003612499111912197,0.017023905460391408,0.016293455789501848,0.010974827897312875,0.018163069943657618
2024-03-27,-0.009848087299239033,0.003612499111912197,0.017023905460391408,0.016293455789501848,0.010974827897312875,0.018163069943657618
2024-03-28,-0.009848087299239033,0.003612499111912197,0.017023905460391408,0.016293455789501848,0.010974827897312875,0.018163069943657618
2024-03-29,-0.009848087299239033,0.003612499111912197,0.017023905460391408,0.016293455789501848,0.010974827897312875,0.018163069943657618
2024-04-01,-0.007060353525422768,0.012975972854383346,0.015379591180655147,0.025414319187503975,0.018573124833862253,0.036320025696744966
2024-04-02,-0.007060353525422768,0.012975972854383346,0.015379591180655147,0.025414319187503975,0.018573124833862253,0.036320025696744966
2024-04-03,-0.007060353525422768,0.012975972854383346,0.015379591180655147,0.025414319187503975,0.018573124833862253,0.036320025696744966
2024-04-08,-0.007060353525422768,0.012975972854383346,0.015379591180655147,0.025414319187503975,0.018573124833862253,0.036320025696744966
2024-04-09,-0.007060353525422768,0.012975972854383346,0.015379591180655147,0.025414319187503975,0.018573124833862253,0.036320025696744966
2024-04-10,-0.007060353525422768,0.012975972854383346,0.015379591180655147,0.025414319187503975,0.018573124833862253,0.036320025696744966
2024-04-11,-0.007060353525422768,0.012975972854383346,0.015379591180655147,0.025414319187503975,0.018573124833862253,0.036320025696744966
2024-04-12,-0.007060353525422768,0.012975972854383346,0.015379591180655147,0.025414319187503975,0.018573124833862253,0.036320025696744966
2024-04-15,-0.007060353525422768,0.012975972854383346,0.015379591180655147,0.025414319187503975,0.018573124833862253,0.036320025696744966
2024-04-16,-0.007060353525422768,0.012975972854383346,0.015379591180655147,0.025414319187503975,0.018573124833862253,0.036320025696744966
2024-04-17,-0.007060353525422768,0.012975972854383346,0.015379591180655147,0.025414319187503975,0.018573124833862253,0.036320025696744966
2024-04-18,-0.007060353525422768,0.012975972854383346,0.015379591180655147,0.025414319187503975,0.018573124833862253,0.036320025696744966
2024-04-19,-0.007060353525422768,0.012975972854383346,0.015379591180655147,0.025414319187503975,0.018573124833862253,0.036320025696744966
2024-04-22,-0.007060353525422768,0.012975972854383346,0.015379591180655147,0.025414319187503975,0.018573124833862253,0.036320025696744966
2024-04-23,-0.007060353525422768,0.012975972854383346,0.015379591180655147,0.025414319187503975,0.018573124833862253,0.036320025696744966
2024-04-24,-0.007060353525422768,0.012975972854383346,0.015379591180655147,0.025414319187503975,0.018573124833862253,0.036320025696744966
2024-04-25,-0.007060353525422768,0.012975972854383346,0.015379591180655147,0.025414319187503975,0.018573124833862253,0.036320025696744966
2024-04-26,-0.007060353525422768,0.012975972854383346,0.015379591180655147,0.025414319187503975,0.018573124833862253,0.036320025696744966
2024-04-29,-0.007060353525422768,0.012975972854383346,0.015379591180655147,0.025414319187503975,0.018573124833862253,0.036320025696744966
2024-04-30,-0.007060353525422768,0.012975972854383346,0.015379591180655147,0.025414319187503975,0.018573124833862253,0.036320025696744966
2024-05-06,-0.007060353525422768,0.012975972854383346,0.015379591180655147,0.025414319187503975,0.018573124833862253,0.036320025696744966
2024-05-07,-0.007060353525422768,0.012975972854383346,0.015379591180655147,0.025414319187503975,0.018573124833862253,0.036320025696744966
2024-05-08,-0.007060353525422768,0.012975972854383346,0.015379591180655147,0.025414319187503975,0.018573124833862253,0.036320025696744966
2024-05-09,-0.007060353525422768,0.012975972854383346,0.015379591180655147,0.025414319187503975,0.018573124833862253,0.036320025696744966
2024-05-10,-0.007060353525422768,0.012975972854383346,0.015379591180655147,0.025414319187503975,0.018573124833862253,0.036320025696744966
2024-05-13,-0.007060353525422768,0.012975972854383346,0.015379591180655147,0.025414319187503975,0.018573124833862253,0.036320025696744966
2024-05-14,-0.007060353525422768,0.012975972854383346,0.015379591180655147,0.025414319187503975,0.018573124833862253,0.036320025696744966
2024-05-15,-0.007060353525422768,0.012975972854383346,0.015379591180655147,0.025414319187503975,0.018573124833862253,0.036320025696744966
2024-05-16,-0.007060353525422768,0.012975972854383346,0.015379591180655147,0.025414319187503975,0.018573124833862253,0.036320025696744966
2024-05-17,-0.007060353525422768,0.012975972854383346,0.015379591180655147,0.025414319187503975,0.018573124833862253,0.036320025696744966
2024-05-20,-0.007060353525422768,0.012975972854383346,0.015379591180655147,0.025414319187503975,0.018573124833862253,0.036320025696744966
2024-05-21,-0.007060353525422768,0.012975972854383346,0.015379591180655147,0.025414319187503975,0.018573124833862253,0.036320025696744966
2024-05-22,-0.007060353525422768,0.012975972854383346,0.015379591180655147,0.025414319187503975,0.018573124833862253,0.036320025696744966
2024-05-23,-0.007060353525422768,0.012975972854383346,0.015379591180655147,0.025414319187503975,0.018573124833862253,0.036320025696744966
2024-05-24,-0.007060353525422768,0.012975972854383346,0.015379591180655147,0.025414319187503975,0.018573124833862253,0.036320025696744966
2024-05-27,-0.007060353525422768,0.012975972854383346,0.015379591180655147,0.025414319187503975,0.018573124833862253,0.036320025696744966
2024-05-28,-0.007060353525422768,0.012975972854383346,0.015379591180655147,0.025414319187503975,0.018573124833862253,0.036320025696744966
2024-05-29,-0.007060353525422768,0.012975972854383346,0.015379591180655147,0.025414319187503975,0.018573124833862253,0.036320025696744966
2024-05-30,-0.007060353525422768,0.012975972854383346,0.015379591180655147,0.025414319187503975,0.018573124833862253,0.036320025696744966
2024-05-31,-0.007060353525422768,0.012975972854383346,0.015379591180655147,0.025414319187503975,0.018573124833862253,0.036320025696744966
2024-06-03,-0.007060353525422768,0.012975972854383346,0.015379591180655147,0.025414319187503975,0.018573124833862253,0.036320025696744966
2024-06-04,-0.007060353525422768,0.012975972854383346,0.015379591180655147,0.025414319187503975,0.018573124833862253,0.036320025696744966
2024-06-05,-0.007060353525422768,0.012975972854383346,0.015379591180655147,0.025414319187503975,0.018573124833862253,0.036320025696744966
2024-06-06,-0.007060353525422768,0.012975972854383346,0.015379591180655147,0.025414319187503975,0.018573124833862253,0.036320025696744966
2024-06-07,-0.007060353525422768,0.012975972854383346,0.015379591180655147,0.025414319187503975,0.018573124833862253,0.036320025696744966
2024-06-11,-0.007060353525422768,0.012975972854383346,0.015379591180655147,0.025414319187503975,0.018573124833862253,0.036320025696744966
2024-06-12,-0.007060353525422768,0.012975972854383346,0.015379591180655147,0.025414319187503975,0.018573124833862253,0.036320025696744966
2024-06-13,-0.007060353525422768,0.012975972854383346,0.015379591180655147,0.025414319187503975,0.018573124833862253,0.036320025696744966
2024-06-14,-0.007060353525422768,0.012975972854383346,0.015379591180655147,0.025414319187503975,0.018573124833862253,0.036320025696744966
2024-06-17,-0.007060353525422768,0.012975972854383346,0.015379591180655147,0.025414319187503975,0.018573124833862253,0.036320025696744966
2024-06-18,-0.007060353525422768,0.012975972854383346,0.015379591180655147,0.025414319187503975,0.018573124833862253,0.036320025696744966
2024-06-19,-0.007060353525422768,0.012975972854383346,0.015379591180655147,0.025414319187503975,0.018573124833862253,0.036320025696744966
2024-06-20,-0.007060353525422768,0.012975972854383346,0.015379591180655147,0.025414319187503975,0.018573124833862253,0.036320025696744966
2024-06-21,-0.007060353525422768,0.012975972854383346,0.015379591180655147,0.025414319187503975,0.018573124833862253,0.036320025696744966
2024-06-24,-0.007060353525422768,0.012975972854383346,0.015379591180655147,0.025414319187503975,0.018573124833862253,0.036320025696744966
2024-06-25,-0.007060353525422768,0.012975972854383346,0.015379591180655147,0.025414319187503975,0.018573124833862253,0.036320025696744966
2024-06-26,-0.007060353525422768,0.012975972854383346,0.015379591180655147,0.025414319187503975,0.018573124833862253,0.036320025696744966
2024-06-27,-0.007060353525422768,0.012975972854383346,0.015379591180655147,0.025414319187503975,0.018573124833862253,0.036320025696744966
2024-06-28,-0.007060353525422768,0.012975972854383346,0.015379591180655147,0.025414319187503975,0.018573124833862253,0.036320025696744966
2024-07-01,-0.01964100905495521,-0.003223118529952321,-0.0010084703679706557,0.018623328143686415,-0.012843059822939746,0.042374009026315086
2024-07-02,-0.01964100905495521,-0.003223118529952321,-0.0010084703679706557,0.018623328143686415,-0.012843059822939746,0.042374009026315086
2024-07-03,-0.01964100905495521,-0.003223118529952321,-0.0010084703679706557,0.018623328143686415,-0.012843059822939746,0.042374009026315086
2024-07-04,-0.01964100905495521,-0.003223118529952321,-0.0010084703679706557,0.018623328143686415,-0.012843059822939746,0.042374009026315086
2024-07-05,-0.01964100905495521,-0.003223118529952321,-0.0010084703679706557,0.018623328143686415,-0.012843059822939746,0.042374009026315086
2024-07-08,-0.01964100905495521,-0.003223118529952321,-0.0010084703679706557,0.018623328143686415,-0.012843059822939746,0.042374009026315086
2024-07-09,-0.01964100905495521,-0.003223118529952321,-0.0010084703679706557,0.018623328143686415,-0.012843059822939746,0.042374009026315086
2024-07-10,-0.01964100905495521,-0.003223118529952321,-0.0010084703679706557,0.018623328143686415,-0.012843059822939746,0.042374009026315086
2024-07-11,-0.01964100905495521,-0.003223118529952321,-0.0010084703679706557,0.018623328143686415,-0.012843059822939746,0.042374009026315086
2024-07-12,-0.01964100905495521,-0.003223118529952321,-0.0010084703679706557,0.018623328143686415,-0.012843059822939746,0.042374009026315086
2024-07-15,-0.01964100905495521,-0.003223118529952321,-0.0010084703679706557,0.018623328143686415,-0.012843059822939746,0.042374009026315086
2024-07-16,-0.01964100905495521,-0.003223118529952321,-0.0010084703679706557,0.018623328143686415,-0.012843059822939746,0.042374009026315086
2024-07-17,-0.01964100905495521,-0.003223118529952321,-0.0010084703679706557,0.018623328143686415,-0.012843059822939746,0.042374009026315086
2024-07-18,-0.01964100905495521,-0.003223118529952321,-0.0010084703679706557,0.018623328143686415,-0.012843059822939746,0.042374009026315086
2024-07-19,-0.01964100905495521,-0.003223118529952321,-0.0010084703679706557,0.018623328143686415,-0.012843059822939746,0.042374009026315086
2024-07-22,-0.01964100905495521,-0.003223118529952321,-0.0010084703679706557,0.018623328143686415,-0.012843059822939746,0.042374009026315086
2024-07-23,-0.01964100905495521,-0.003223118529952321,-0.0010084703679706557,0.018623328143686415,-0.012843059822939746,0.042374009026315086
2024-07-24,-0.01964100905495521,-0.003223118529952321,-0.0010084703679706557,0.018623328143686415,-0.012843059822939746,0.042374009026315086
2024-07-25,-0.01964100905495521,-0.003223118529952321,-0.0010084703679706557,0.018623328143686415,-0.012843059822939746,0.042374009026315086
2024-07-26,-0.01964100905495521,-0.003223118529952321,-0.0010084703679706557,0.018623328143686415,-0.012843059822939746,0.042374009026315086
2024-07-29,-0.01964100905495521,-0.003223118529952321,-0.0010084703679706557,0.018623328143686415,-0.012843059822939746,0.042374009026315086
2024-07-30,-0.01964100905495521,-0.003223118529952321,-0.0010084703679706557,0.018623328143686415,-0.012843059822939746,0.042374009026315086
2024-07-31,-0.01964100905495521,-0.003223118529952321,-0.0010084703679706557,0.018623328143686415,-0.012843059822939746,0.042374009026315086
2024-08-01,-0.01964100905495521,-0.003223118529952321,-0.0010084703679706557,0.018623328143686415,-0.012843059822939746,0.042374009026315086
2024-08-02,-0.01964100905495521,-0.003223118529952321,-0.0010084703679706557,0.018623328143686415,-0.012843059822939746,0.042374009026315086
2024-08-05,-0.01964100905495521,-0.003223118529952321,-0.0010084703679706557,0.018623328143686415,-0.012843059822939746,0.042374009026315086
2024-08-06,-0.01964100905495521,-0.003223118529952321,-0.0010084703679706557,0.018623328143686415,-0.012843059822939746,0.042374009026315086
2024-08-07,-0.01964100905495521,-0.003223118529952321,-0.0010084703679706557,0.018623328143686415,-0.012843059822939746,0.042374009026315086
2024-08-08,-0.01964100905495521,-0.003223118529952321,-0.0010084703679706557,0.018623328143686415,-0.012843059822939746,0.042374009026315086
2024-08-09,-0.01964100905495521,-0.003223118529952321,-0.0010084703679706557,0.018623328143686415,-0.012843059822939746,0.042374009026315086
2024-08-12,-0.01964100905495521,-0.003223118529952321,-0.0010084703679706557,0.018623328143686415,-0.012843059822939746,0.042374009026315086
2024-08-13,-0.01964100905495521,-0.003223118529952321,-0.0010084703679706557,0.018623328143686415,-0.012843059822939746,0.042374009026315086
2024-08-14,-0.01964100905495521,-0.003223118529952321,-0.0010084703679706557,0.018623328143686415,-0.012843059822939746,0.042374009026315086
2024-08-15,-0.01964100905495521,-0.003223118529952321,-0.0010084703679706557,0.018623328143686415,-0.012843059822939746,0.042374009026315086
2024-08-16,-0.01964100905495521,-0.003223118529952321,-0.0010084703679706557,0.018623328143686415,-0.012843059822939746,0.042374009026315086
2024-08-19,-0.01964100905495521,-0.003223118529952321,-0.0010084703679706557,0.018623328143686415,-0.012843059822939746,0.042374009026315086
2024-08-20,-0.01964100905495521,-0.003223118529952321,-0.0010084703679706557,0.018623328143686415,-0.012843059822939746,0.042374009026315086
2024-08-21,-0.01964100905495521,-0.003223118529952321,-0.0010084703679706557,0.018623328143686415,-0.012843059822939746,0.042374009026315086
2024-08-22,-0.01964100905495521,-0.003223118529952321,-0.0010084703679706557,0.018623328143686415,-0.012843059822939746,0.042374009026315086
2024-08-23,-0.01964100905495521,-0.003223118529952321,-0.0010084703679706557,0.018623328143686415,-0.012843059822939746,0.042374009026315086
2024-08-26,-0.01964100905495521,-0.003223118529952321,-0.0010084703679706557,0.018623328143686415,-0.012843059822939746,0.042374009026315086
2024-08-27,-0.01964100905495521,-0.003223118529952321,-0.0010084703679706557,0.018623328143686415,-0.012843059822939746,0.042374009026315086
2024-08-28,-0.01964100905495521,-0.003223118529952321,-0.0010084703679706557,0.018623328143686415,-0.012843059822939746,0.042374009026315086
2024-08-29,-0.01964100905495521,-0.003223118529952321,-0.0010084703679706557,0.018623328143686415,-0.012843059822939746,0.042374009026315086
2024-08-30,-0.01964100905495521,-0.003223118529952321,-0.0010084703679706557,0.018623328143686415,-0.012843059822939746,0.042374009026315086
2024-09-02,-0.01964100905495521,-0.003223118529952321,-0.0010084703679706557,0.018623328143686415,-0.012843059822939746,0.042374009026315086
2024-09-03,-0.01964100905495521,-0.003223118529952321,-0.0010084703679706557,0.018623328143686415,-0.012843059822939746,0.042374009026315086
2024-09-04,-0.01964100905495521,-0.003223118529952321,-0.0010084703679706557,0.018623328143686415,-0.012843059822939746,0.042374009026315086
2024-09-05,-0.01964100905495521,-0.003223118529952321,-0.0010084703679706557,0.018623328143686415,-0.012843059822939746,0.042374009026315086
2024-09-06,-0.01964100905495521,-0.003223118529952321,-0.0010084703679706557,0.018623328143686415,-0.012843059822939746,0.042374009026315086
2024-09-09,-0.01964100905495521,-0.003223118529952321,-0.0010084703679706557,0.018623328143686415,-0.012843059822939746,0.042374009026315086
2024-09-10,-0.01964100905495521,-0.003223118529952321,-0.0010084703679706557,0.018623328143686415,-0.012843059822939746,0.042374009026315086
2024-09-11,-0.01964100905495521,-0.003223118529952321,-0.0010084703679706557,0.018623328143686415,-0.012843059822939746,0.042374009026315086
2024-09-12,-0.01964100905495521,-0.003223118529952321,-0.0010084703679706557,0.018623328143686415,-0.012843059822939746,0.042374009026315086
2024-09-13,-0.01964100905495521,-0.003223118529952321,-0.0010084703679706557,0.018623328143686415,-0.012843059822939746,0.042374009026315086
2024-09-18,-0.01964100905495521,-0.003223118529952321,-0.0010084703679706557,0.018623328143686415,-0.012843059822939746,0.042374009026315086
2024-09-19,-0.01964100905495521,-0.003223118529952321,-0.0010084703679706557,0.018623328143686415,-0.012843059822939746,0.042374009026315086
2024-09-20,-0.01964100905495521,-0.003223118529952321,-0.0010084703679706557,0.018623328143686415,-0.012843059822939746,0.042374009026315086
2024-09-23,-0.01964100905495521,-0.003223118529952321,-0.0010084703679706557,0.018623328143686415,-0.012843059822939746,0.042374009026315086
2024-09-24,-0.01964100905495521,-0.003223118529952321,-0.0010084703679706557,0.018623328143686415,-0.012843059822939746,0.042374009026315086
2024-09-25,-0.01964100905495521,-0.003223118529952321,-0.0010084703679706557,0.018623328143686415,-0.012843059822939746,0.042374009026315086
2024-09-26,-0.01964100905495521,-0.003223118529952321,-0.0010084703679706557,0.018623328143686415,-0.012843059822939746,0.042374009026315086
2024-09-27,-0.01964100905495521,-0.003223118529952321,-0.0010084703679706557,0.018623328143686415,-0.012843059822939746,0.042374009026315086
2024-09-30,-0.01964100905495521,-0.003223118529952321,-0.0010084703679706557,0.018623328143686415,-0.012843059822939746,0.042374009026315086
2024-10-08,-0.02305636049348498,-0.028683521972868914,-0.007559639754831662,0.019000734542712797,-0.006795471517162109,0.026652373223685293
2024-10-09,-0.02305636049348498,-0.028683521972868914,-0.007559639754831662,0.019000734542712797,-0.006795471517162109,0.026652373223685293
2024-10-10,-0.02305636049348498,-0.028683521972868914,-0.007559639754831662,0.019000734542712797,-0.006795471517162109,0.026652373223685293
2024-10-11,-0.02305636049348498,-0.028683521972868914,-0.007559639754831662,0.019000734542712797,-0.006795471517162109,0.026652373223685293
2024-10-14,-0.02305636049348498,-0.028683521972868914,-0.007559639754831662,0.019000734542712797,-0.006795471517162109,0.026652373223685293
2024-10-15,-0.02305636049348498,-0.028683521972868914,-0.007559639754831662,0.019000734542712797,-0.006795471517162109,0.026652373223685293
2024-10-16,-0.02305636049348498,-0.028683521972868914,-0.007559639754831662,0.019000734542712797,-0.006795471517162109,0.026652373223685293
2024-10-17,-0.02305636049348498,-0.028683521972868914,-0.007559639754831662,0.019000734542712797,-0.006795471517162109,0.026652373223685293
2024-10-18,-0.02305636049348498,-0.028683521972868914,-0.007559639754831662,0.019000734542712797,-0.006795471517162109,0.026652373223685293
2024-10-21,-0.02305636049348498,-0.028683521972868914,-0.007559639754831662,0.019000734542712797,-0.006795471517162109,0.026652373223685293
2024-10-22,-0.02305636049348498,-0.028683521972868914,-0.007559639754831662,0.019000734542712797,-0.006795471517162109,0.026652373223685293
2024-10-23,-0.02305636049348498,-0.028683521972868914,-0.007559639754831662,0.019000734542712797,-0.006795471517162109,0.026652373223685293
2024-10-24,-0.02305636049348498,-0.028683521972868914,-0.007559639754831662,0.019000734542712797,-0.006795471517162109,0.026652373223685293
2024-10-25,-0.02305636049348498,-0.028683521972868914,-0.007559639754831662,0.019000734542712797,-0.006795471517162109,0.026652373223685293
2024-10-28,-0.02305636049348498,-0.028683521972868914,-0.007559639754831662,0.019000734542712797,-0.006795471517162109,0.026652373223685293
2024-10-29,-0.02305636049348498,-0.028683521972868914,-0.007559639754831662,0.019000734542712797,-0.006795471517162109,0.026652373223685293
2024-10-30,-0.02305636049348498,-0.028683521972868914,-0.007559639754831662,0.019000734542712797,-0.006795471517162109,0.026652373223685293
2024-10-31,-0.02305636049348498,-0.028683521972868914,-0.007559639754831662,0.019000734542712797,-0.006795471517162109,0.026652373223685293
2024-11-01,-0.02305636049348498,-0.028683521972868914,-0.007559639754831662,0.019000734542712797,-0.006795471517162109,0.026652373223685293
2024-11-04,-0.02305636049348498,-0.028683521972868914,-0.007559639754831662,0.019000734542712797,-0.006795471517162109,0.026652373223685293
2024-11-05,-0.02305636049348498,-0.028683521972868914,-0.007559639754831662,0.019000734542712797,-0.006795471517162109,0.026652373223685293
2024-11-06,-0.02305636049348498,-0.028683521972868914,-0.007559639754831662,0.019000734542712797,-0.006795471517162109,0.026652373223685293
2024-11-07,-0.02305636049348498,-0.028683521972868914,-0.007559639754831662,0.019000734542712797,-0.006795471517162109,0.026652373223685293
2024-11-08,-0.02305636049348498,-0.028683521972868914,-0.007559639754831662,0.019000734542712797,-0.006795471517162109,0.026652373223685293
2024-11-11,-0.02305636049348498,-0.028683521972868914,-0.007559639754831662,0.019000734542712797,-0.006795471517162109,0.026652373223685293
2024-11-12,-0.02305636049348498,-0.028683521972868914,-0.007559639754831662,0.019000734542712797,-0.006795471517162109,0.026652373223685293
2024-11-13,-0.02305636049348498,-0.028683521972868914,-0.007559639754831662,0.019000734542712797,-0.006795471517162109,0.026652373223685293
2024-11-14,-0.02305636049348498,-0.028683521972868914,-0.007559639754831662,0.019000734542712797,-0.006795471517162109,0.026652373223685293
2024-11-15,-0.02305636049348498,-0.028683521972868914,-0.007559639754831662,0.019000734542712797,-0.006795471517162109,0.026652373223685293
2024-11-18,-0.02305636049348498,-0.028683521972868914,-0.007559639754831662,0.019000734542712797,-0.006795471517162109,0.026652373223685293
2024-11-19,-0.02305636049348498,-0.028683521972868914,-0.007559639754831662,0.019000734542712797,-0.006795471517162109,0.026652373223685293
2024-11-20,-0.02305636049348498,-0.028683521972868914,-0.007559639754831662,0.019000734542712797,-0.006795471517162109,0.026652373223685293
2024-11-21,-0.02305636049348498,-0.028683521972868914,-0.007559639754831662,0.019000734542712797,-0.006795471517162109,0.026652373223685293
2024-11-22,-0.02305636049348498,-0.028683521972868914,-0.007559639754831662,0.019000734542712797,-0.006795471517162109,0.026652373223685293
2024-11-25,-0.02305636049348498,-0.028683521972868914,-0.007559639754831662,0.019000734542712797,-0.006795471517162109,0.026652373223685293
2024-11-26,-0.02305636049348498,-0.028683521972868914,-0.007559639754831662,0.019000734542712797,-0.006795471517162109,0.026652373223685293
2024-11-27,-0.02305636049348498,-0.028683521972868914,-0.007559639754831662,0.019000734542712797,-0.006795471517162109,0.026652373223685293
2024-11-28,-0.02305636049348498,-0.028683521972868914,-0.007559639754831662,0.019000734542712797,-0.006795471517162109,0.026652373223685293
2024-11-29,-0.02305636049348498,-0.028683521972868914,-0.007559639754831662,0.019000734542712797,-0.006795471517162109,0.026652373223685293
2024-12-02,-0.02305636049348498,-0.028683521972868914,-0.007559639754831662,0.019000734542712797,-0.006795471517162109,0.026652373223685293
2024-12-03,-0.02305636049348498,-0.028683521972868914,-0.007559639754831662,0.019000734542712797,-0.006795471517162109,0.026652373223685293
2024-12-04,-0.02305636049348498,-0.028683521972868914,-0.007559639754831662,0.019000734542712797,-0.006795471517162109,0.026652373223685293
2024-12-05,-0.02305636049348498,-0.028683521972868914,-0.007559639754831662,0.019000734542712797,-0.006795471517162109,0.026652373223685293
2024-12-06,-0.02305636049348498,-0.028683521972868914,-0.007559639754831662,0.019000734542712797,-0.006795471517162109,0.026652373223685293
2024-12-09,-0.02305636049348498,-0.028683521972868914,-0.007559639754831662,0.019000734542712797,-0.006795471517162109,0.026652373223685293
2024-12-10,-0.02305636049348498,-0.028683521972868914,-0.007559639754831662,0.019000734542712797,-0.006795471517162109,0.026652373223685293
2024-12-11,-0.02305636049348498,-0.028683521972868914,-0.007559639754831662,0.019000734542712797,-0.006795471517162109,0.026652373223685293
2024-12-12,-0.02305636049348498,-0.028683521972868914,-0.007559639754831662,0.019000734542712797,-0.006795471517162109,0.026652373223685293
2024-12-13,-0.02305636049348498,-0.028683521972868914,-0.007559639754831662,0.019000734542712797,-0.006795471517162109,0.026652373223685293
2024-12-16,-0.02305636049348498,-0.028683521972868914,-0.007559639754831662,0.019000734542712797,-0.006795471517162109,0.026652373223685293
2024-12-17,-0.02305636049348498,-0.028683521972868914,-0.007559639754831662,0.019000734542712797,-0.006795471517162109,0.026652373223685293
2024-12-18,-0.02305636049348498,-0.028683521972868914,-0.007559639754831662,0.019000734542712797,-0.006795471517162109,0.026652373223685293
2024-12-19,-0.02305636049348498,-0.028683521972868914,-0.007559639754831662,0.019000734542712797,-0.006795471517162109,0.026652373223685293
2024-12-20,-0.02305636049348498,-0.028683521972868914,-0.007559639754831662,0.019000734542712797,-0.006795471517162109,0.026652373223685293
2024-12-23,-0.02305636049348498,-0.028683521972868914,-0.007559639754831662,0.019000734542712797,-0.006795471517162109,0.026652373223685293
2024-12-24,-0.02305636049348498,-0.028683521972868914,-0.007559639754831662,0.019000734542712797,-0.006795471517162109,0.026652373223685293
2024-12-25,-0.02305636049348498,-0.028683521972868914,-0.007559639754831662,0.019000734542712797,-0.006795471517162109,0.026652373223685293
2024-12-26,-0.02305636049348498,-0.028683521972868914,-0.007559639754831662,0.019000734542712797,-0.006795471517162109,0.026652373223685293
2024-12-27,-0.02305636049348498,-0.028683521972868914,-0.007559639754831662,0.019000734542712797,-0.006795471517162109,0.026652373223685293
2024-12-30,-0.02305636049348498,-0.028683521972868914,-0.007559639754831662,0.019000734542712797,-0.006795471517162109,0.026652373223685293
2024-12-31,-0.02305636049348498,-0.028683521972868914,-0.007559639754831662,0.019000734542712797,-0.006795471517162109,0.026652373223685293
2025-01-02,-0.02836155520990183,-0.02617864307271711,-0.0016969488935343385,0.021998672300788086,0.001819335775778982,0.008103503403714657
2025-01-03,-0.02836155520990183,-0.02617864307271711,-0.0016969488935343385,0.021998672300788086,0.001819335775778982,0.008103503403714657
2025-01-06,-0.02836155520990183,-0.02617864307271711,-0.0016969488935343385,0.021998672300788086,0.001819335775778982,0.008103503403714657
2025-01-07,-0.02836155520990183,-0.02617864307271711,-0.0016969488935343385,0.021998672300788086,0.001819335775778982,0.008103503403714657
2025-01-08,-0.02836155520990183,-0.02617864307271711,-0.0016969488935343385,0.021998672300788086,0.001819335775778982,0.008103503403714657
2025-01-09,-0.02836155520990183,-0.02617864307271711,-0.0016969488935343385,0.021998672300788086,0.001819335775778982,0.008103503403714657
2025-01-10,-0.02836155520990183,-0.02617864307271711,-0.0016969488935343385,0.021998672300788086,0.001819335775778982,0.008103503403714657
2025-01-13,-0.02836155520990183,-0.02617864307271711,-0.0016969488935343385,0.021998672300788086,0.001819335775778982,0.008103503403714657
2025-01-14,-0.02836155520990183,-0.02617864307271711,-0.0016969488935343385,0.021998672300788086,0.001819335775778982,0.008103503403714657
2025-01-15,-0.02836155520990183,-0.02617864307271711,-0.0016969488935343385,0.021998672300788086,0.001819335775778982,0.008103503403714657
2025-01-16,-0.02836155520990183,-0.02617864307271711,-0.0016969488935343385,0.021998672300788086,0.001819335775778982,0.008103503403714657
2025-01-17,-0.02836155520990183,-0.02617864307271711,-0.0016969488935343385,0.021998672300788086,0.001819335775778982,0.008103503403714657
2025-01-20,-0.02836155520990183,-0.02617864307271711,-0.0016969488935343385,0.021998672300788086,0.001819335775778982,0.008103503403714657
2025-01-21,-0.02836155520990183,-0.02617864307271711,-0.0016969488935343385,0.021998672300788086,0.001819335775778982,0.008103503403714657
2025-01-22,-0.02836155520990183,-0.02617864307271711,-0.0016969488935343385,0.021998672300788086,0.001819335775778982,0.008103503403714657
2025-01-23,-0.02836155520990183,-0.02617864307271711,-0.0016969488935343385,0.021998672300788086,0.001819335775778982,0.008103503403714657
2025-01-24,-0.02836155520990183,-0.02617864307271711,-0.0016969488935343385,0.021998672300788086,0.001819335775778982,0.008103503403714657
2025-01-27,-0.02836155520990183,-0.02617864307271711,-0.0016969488935343385,0.021998672300788086,0.001819335775778982,0.008103503403714657
2025-02-05,-0.02836155520990183,-0.02617864307271711,-0.0016969488935343385,0.021998672300788086,0.001819335775778982,0.008103503403714657
2025-02-06,-0.02836155520990183,-0.02617864307271711,-0.0016969488935343385,0.021998672300788086,0.001819335775778982,0.008103503403714657
2025-02-07,-0.02836155520990183,-0.02617864307271711,-0.0016969488935343385,0.021998672300788086,0.001819335775778982,0.008103503403714657
2025-02-10,-0.02836155520990183,-0.02617864307271711,-0.0016969488935343385,0.021998672300788086,0.001819335775778982,0.008103503403714657
2025-02-11,-0.02836155520990183,-0.02617864307271711,-0.0016969488935343385,0.021998672300788086,0.001819335775778982,0.008103503403714657
2025-02-12,-0.02836155520990183,-0.02617864307271711,-0.0016969488935343385,0.021998672300788086,0.001819335775778982,0.008103503403714657
2025-02-13,-0.02836155520990183,-0.02617864307271711,-0.0016969488935343385,0.021998672300788086,0.001819335775778982,0.008103503403714657
2025-02-14,-0.02836155520990183,-0.02617864307271711,-0.0016969488935343385,0.021998672300788086,0.001819335775778982,0.008103503403714657
2025-02-17,-0.02836155520990183,-0.02617864307271711,-0.0016969488935343385,0.021998672300788086,0.001819335775778982,0.008103503403714657
2025-02-18,-0.02836155520990183,-0.02617864307271711,-0.0016969488935343385,0.021998672300788086,0.001819335775778982,0.008103503403714657
2025-02-19,-0.02836155520990183,-0.02617864307271711,-0.0016969488935343385,0.021998672300788086,0.001819335775778982,0.008103503403714657
2025-02-20,-0.02836155520990183,-0.02617864307271711,-0.0016969488935343385,0.021998672300788086,0.001819335775778982,0.008103503403714657
2025-02-21,-0.02836155520990183,-0.02617864307271711,-0.0016969488935343385,0.021998672300788086,0.001819335775778982,0.008103503403714657
2025-02-24,-0.02836155520990183,-0.02617864307271711,-0.0016969488935343385,0.021998672300788086,0.001819335775778982,0.008103503403714657
2025-02-25,-0.02836155520990183,-0.02617864307271711,-0.0016969488935343385,0.021998672300788086,0.001819335775778982,0.008103503403714657
2025-02-26,-0.02836155520990183,-0.02617864307271711,-0.0016969488935343385,0.021998672300788086,0.001819335775778982,0.008103503403714657
2025-02-27,-0.02836155520990183,-0.02617864307271711,-0.0016969488935343385,0.021998672300788086,0.001819335775778982,0.008103503403714657
2025-02-28,-0.02836155520990183,-0.02617864307271711,-0.0016969488935343385,0.021998672300788086,0.001819335775778982,0.008103503403714657
2025-03-03,-0.02836155520990183,-0.02617864307271711,-0.0016969488935343385,0.021998672300788086,0.001819335775778982,0.008103503403714657
2025-03-04,-0.02836155520990183,-0.02617864307271711,-0.0016969488935343385,0.021998672300788086,0.001819335775778982,0.008103503403714657
2025-03-05,-0.02836155520990183,-0.02617864307271711,-0.0016969488935343385,0.021998672300788086,0.001819335775778982,0.008103503403714657
2025-03-06,-0.02836155520990183,-0.02617864307271711,-0.0016969488935343385,0.021998672300788086,0.001819335775778982,0.008103503403714657
2025-03-07,-0.02836155520990183,-0.02617864307271711,-0.0016969488935343385,0.021998672300788086,0.001819335775778982,0.008103503403714657
2025-03-10,-0.02836155520990183,-0.02617864307271711,-0.0016969488935343385,0.021998672300788086,0.001819335775778982,0.008103503403714657
2025-03-11,-0.02836155520990183,-0.02617864307271711,-0.0016969488935343385,0.021998672300788086,0.001819335775778982,0.008103503403714657
2025-03-12,-0.02836155520990183,-0.02617864307271711,-0.0016969488935343385,0.021998672300788086,0.001819335775778982,0.008103503403714657
2025-03-13,-0.02836155520990183,-0.02617864307271711,-0.0016969488935343385,0.021998672300788086,0.001819335775778982,0.008103503403714657
2025-03-14,-0.02836155520990183,-0.02617864307271711,-0.0016969488935343385,0.021998672300788086,0.001819335775778982,0.008103503403714657
2025-03-17,-0.02836155520990183,-0.02617864307271711,-0.0016969488935343385,0.021998672300788086,0.001819335775778982,0.008103503403714657
2025-03-18,-0.02836155520990183,-0.02617864307271711,-0.0016969488935343385,0.021998672300788086,0.001819335775778982,0.008103503403714657
2025-03-19,-0.02836155520990183,-0.02617864307271711,-0.0016969488935343385,0.021998672300788086,0.001819335775778982,0.008103503403714657
2025-03-20,-0.02836155520990183,-0.02617864307271711,-0.0016969488935343385,0.021998672300788086,0.001819335775778982,0.008103503403714657
2025-03-21,-0.02836155520990183,-0.02617864307271711,-0.0016969488935343385,0.021998672300788086,0.001819335775778982,0.008103503403714657
2025-03-24,-0.02836155520990183,-0.02617864307271711,-0.0016969488935343385,0.021998672300788086,0.001819335775778982,0.008103503403714657
2025-03-25,-0.02836155520990183,-0.02617864307271711,-0.0016969488935343385,0.021998672300788086,0.001819335775778982,0.008103503403714657
2025-03-26,-0.02836155520990183,-0.02617864307271711,-0.0016969488935343385,0.021998672300788086,0.001819335775778982,0.008103503403714657
2025-03-27,-0.02836155520990183,-0.02617864307271711,-0.0016969488935343385,0.021998672300788086,0.001819335775778982,0.008103503403714657
2025-03-28,-0.02836155520990183,-0.02617864307271711,-0.0016969488935343385,0.021998672300788086,0.001819335775778982,0.008103503403714657
2025-03-31,-0.02836155520990183,-0.02617864307271711,-0.0016969488935343385,0.021998672300788086,0.001819335775778982,0.008103503403714657
2025-04-01,-0.00845617114928649,0.009734137711881969,0.02597198525804406,0.03199605530111912,0.014528132621211052,0.013922351727439029
2025-04-02,-0.00845617114928649,0.009734137711881969,0.02597198525804406,0.03199605530111912,0.014528132621211052,0.013922351727439029
2025-04-03,-0.00845617114928649,0.009734137711881969,0.02597198525804406,0.03199605530111912,0.014528132621211052,0.013922351727439029
2025-04-07,-0.00845617114928649,0.009734137711881969,0.02597198525804406,0.03199605530111912,0.014528132621211052,0.013922351727439029
2025-04-08,-0.00845617114928649,0.009734137711881969,0.02597198525804406,0.03199605530111912,0.014528132621211052,0.013922351727439029
2025-04-09,-0.00845617114928649,0.009734137711881969,0.02597198525804406,0.03199605530111912,0.014528132621211052,0.013922351727439029
2025-04-10,-0.00845617114928649,0.009734137711881969,0.02597198525804406,0.03199605530111912,0.014528132621211052,0.013922351727439029
2025-04-11,-0.00845617114928649,0.009734137711881969,0.02597198525804406,0.03199605530111912,0.014528132621211052,0.013922351727439029
2025-04-14,-0.00845617114928649,0.009734137711881969,0.02597198525804406,0.03199605530111912,0.014528132621211052,0.013922351727439029
2025-04-15,-0.00845617114928649,0.009734137711881969,0.02597198525804406,0.03199605530111912,0.014528132621211052,0.013922351727439029
2025-04-16,-0.00845617114928649,0.009734137711881969,0.02597198525804406,0.03199605530111912,0.014528132621211052,0.013922351727439029
2025-04-17,-0.00845617114928649,0.009734137711881969,0.02597198525804406,0.03199605530111912,0.014528132621211052,0.013922351727439029
2025-04-18,-0.00845617114928649,0.009734137711881969,0.02597198525804406,0.03199605530111912,0.014528132621211052,0.013922351727439029
2025-04-21,-0.00845617114928649,0.009734137711881969,0.02597198525804406,0.03199605530111912,0.014528132621211052,0.013922351727439029
2025-04-22,-0.00845617114928649,0.009734137711881969,0.02597198525804406,0.03199605530111912,0.014528132621211052,0.013922351727439029
2025-04-23,-0.00845617114928649,0.009734137711881969,0.02597198525804406,0.03199605530111912,0.014528132621211052,0.013922351727439029
2025-04-24,-0.00845617114928649,0.009734137711881969,0.02597198525804406,0.03199605530111912,0.014528132621211052,0.013922351727439029
2025-04-25,-0.00845617114928649,0.009734137711881969,0.02597198525804406,0.03199605530111912,0.014528132621211052,0.013922351727439029
2025-04-28,-0.00845617114928649,0.009734137711881969,0.02597198525804406,0.03199605530111912,0.014528132621211052,0.013922351727439029
2025-04-29,-0.00845617114928649,0.009734137711881969,0.02597198525804406,0.03199605530111912,0.014528132621211052,0.013922351727439029
2025-04-30,-0.00845617114928649,0.009734137711881969,0.02597198525804406,0.03199605530111912,0.014528132621211052,0.013922351727439029
2025-05-06,-0.00845617114928649,0.009734137711881969,0.02597198525804406,0.03199605530111912,0.014528132621211052,0.013922351727439029
2025-05-07,-0.00845617114928649,0.009734137711881969,0.02597198525804406,0.03199605530111912,0.014528132621211052,0.013922351727439029
2025-05-08,-0.00845617114928649,0.009734137711881969,0.02597198525804406,0.03199605530111912,0.014528132621211052,0.013922351727439029
2025-05-09,-0.00845617114928649,0.009734137711881969,0.02597198525804406,0.03199605530111912,0.014528132621211052,0.013922351727439029
2025-05-12,-0.00845617114928649,0.009734137711881969,0.02597198525804406,0.03199605530111912,0.014528132621211052,0.013922351727439029
2025-05-13,-0.00845617114928649,0.009734137711881969,0.02597198525804406,0.03199605530111912,0.014528132621211052,0.013922351727439029
2025-05-14,-0.00845617114928649,0.009734137711881969,0.02597198525804406,0.03199605530111912,0.014528132621211052,0.013922351727439029
2025-05-15,-0.00845617114928649,0.009734137711881969,0.02597198525804406,0.03199605530111912,0.014528132621211052,0.013922351727439029
2025-05-16,-0.00845617114928649,0.009734137711881969,0.02597198525804406,0.03199605530111912,0.014528132621211052,0.013922351727439029
2025-05-19,-0.00845617114928649,0.009734137711881969,0.02597198525804406,0.03199605530111912,0.014528132621211052,0.013922351727439029
2025-05-20,-0.00845617114928649,0.009734137711881969,0.02597198525804406,0.03199605530111912,0.014528132621211052,0.013922351727439029
2025-05-21,-0.00845617114928649,0.009734137711881969,0.02597198525804406,0.03199605530111912,0.014528132621211052,0.013922351727439029
2025-05-22,-0.00845617114928649,0.009734137711881969,0.02597198525804406,0.03199605530111912,0.014528132621211052,0.013922351727439029
2025-05-23,-0.00845617114928649,0.009734137711881969,0.02597198525804406,0.03199605530111912,0.014528132621211052,0.013922351727439029
2025-05-26,-0.00845617114928649,0.009734137711881969,0.02597198525804406,0.03199605530111912,0.014528132621211052,0.013922351727439029
2025-05-27,-0.00845617114928649,0.009734137711881969,0.02597198525804406,0.03199605530111912,0.014528132621211052,0.013922351727439029
2025-05-28,-0.00845617114928649,0.009734137711881969,0.02597198525804406,0.03199605530111912,0.014528132621211052,0.013922351727439029
2025-05-29,-0.00845617114928649,0.009734137711881969,0.02597198525804406,0.03199605530111912,0.014528132621211052,0.013922351727439029
2025-05-30,-0.00845617114928649,0.009734137711881969,0.02597198525804406,0.03199605530111912,0.014528132621211052,0.013922351727439029
2025-06-03,-0.00845617114928649,0.009734137711881969,0.02597198525804406,0.03199605530111912,0.014528132621211052,0.013922351727439029
2025-06-04,-0.00845617114928649,0.009734137711881969,0.02597198525804406,0.03199605530111912,0.014528132621211052,0.013922351727439029
2025-06-05,-0.00845617114928649,0.009734137711881969,0.02597198525804406,0.03199605530111912,0.014528132621211052,0.013922351727439029
2025-06-06,-0.00845617114928649,0.009734137711881969,0.02597198525804406,0.03199605530111912,0.014528132621211052,0.013922351727439029
2025-06-09,-0.00845617114928649,0.009734137711881969,0.02597198525804406,0.03199605530111912,0.014528132621211052,0.013922351727439029
2025-06-10,-0.00845617114928649,0.009734137711881969,0.02597198525804406,0.03199605530111912,0.014528132621211052,0.013922351727439029
2025-06-11,-0.00845617114928649,0.009734137711881969,0.02597198525804406,0.03199605530111912,0.014528132621211052,0.013922351727439029
2025-06-12,-0.00845617114928649,0.009734137711881969,0.02597198525804406,0.03199605530111912,0.014528132621211052,0.013922351727439029
2025-06-13,-0.00845617114928649,0.009734137711881969,0.02597198525804406,0.03199605530111912,0.014528132621211052,0.013922351727439029
2025-06-16,-0.00845617114928649,0.009734137711881969,0.02597198525804406,0.03199605530111912,0.014528132621211052,0.013922351727439029
2025-06-17,-0.00845617114928649,0.009734137711881969,0.02597198525804406,0.03199605530111912,0.014528132621211052,0.013922351727439029
2025-06-18,-0.00845617114928649,0.009734137711881969,0.02597198525804406,0.03199605530111912,0.014528132621211052,0.013922351727439029
2025-06-19,-0.00845617114928649,0.009734137711881969,0.02597198525804406,0.03199605530111912,0.014528132621211052,0.013922351727439029
2025-06-20,-0.00845617114928649,0.009734137711881969,0.02597198525804406,0.03199605530111912,0.014528132621211052,0.013922351727439029
2025-06-23,-0.00845617114928649,0.009734137711881969,0.02597198525804406,0.03199605530111912,0.014528132621211052,0.013922351727439029
2025-06-24,-0.00845617114928649,0.009734137711881969,0.02597198525804406,0.03199605530111912,0.014528132621211052,0.013922351727439029
2025-06-25,-0.00845617114928649,0.009734137711881969,0.02597198525804406,0.03199605530111912,0.014528132621211052,0.013922351727439029
2025-06-26,-0.00845617114928649,0.009734137711881969,0.02597198525804406,0.03199605530111912,0.014528132621211052,0.013922351727439029
2025-06-27,-0.00845617114928649,0.009734137711881969,0.02597198525804406,0.03199605530111912,0.014528132621211052,0.013922351727439029
2025-06-30,-0.00845617114928649,0.009734137711881969,0.02597198525804406,0.03199605530111912,0.014528132621211052,0.013922351727439029
2025-07-01,-0.013114131763263332,0.008085008593369223,0.044397983169551174,0.0456225668262885,0.010803639064378232,-0.019282525075846817
2025-07-02,-0.013114131763263332,0.008085008593369223,0.044397983169551174,0.0456225668262885,0.010803639064378232,-0.019282525075846817
2025-07-03,-0.013114131763263332,0.008085008593369223,0.044397983169551174,0.0456225668262885,0.010803639064378232,-0.019282525075846817
2025-07-04,-0.013114131763263332,0.008085008593369223,0.044397983169551174,0.0456225668262885,0.010803639064378232,-0.019282525075846817
2025-07-07,-0.013114131763263332,0.008085008593369223,0.044397983169551174,0.0456225668262885,0.010803639064378232,-0.019282525075846817
2025-07-08,-0.013114131763263332,0.008085008593369223,0.044397983169551174,0.0456225668262885,0.010803639064378232,-0.019282525075846817
2025-07-09,-0.013114131763263332,0.008085008593369223,0.044397983169551174,0.0456225668262885,0.010803639064378232,-0.019282525075846817
2025-07-10,-0.013114131763263332,0.008085008593369223,0.044397983169551174,0.0456225668262885,0.010803639064378232,-0.019282525075846817
2025-07-11,-0.013114131763263332,0.008085008593369223,0.044397983169551174,0.0456225668262885,0.010803639064378232,-0.019282525075846817
2025-07-14,-0.013114131763263332,0.008085008593369223,0.044397983169551174,0.0456225668262885,0.010803639064378232,-0.019282525075846817
2025-07-15,-0.013114131763263332,0.008085008593369223,0.044397983169551174,0.0456225668262885,0.010803639064378232,-0.019282525075846817
2025-07-16,-0.013114131763263332,0.008085008593369223,0.044397983169551174,0.0456225668262885,0.010803639064378232,-0.019282525075846817
2025-07-17,-0.013114131763263332,0.008085008593369223,0.044397983169551174,0.0456225668262885,0.010803639064378232,-0.019282525075846817
2025-07-18,-0.013114131763263332,0.008085008593369223,0.044397983169551174,0.0456225668262885,0.010803639064378232,-0.019282525075846817
2025-07-21,-0.013114131763263332,0.008085008593369223,0.044397983169551174,0.0456225668262885,0.010803639064378232,-0.019282525075846817
2025-07-22,-0.013114131763263332,0.008085008593369223,0.044397983169551174,0.0456225668262885,0.010803639064378232,-0.019282525075846817
2025-07-23,-0.013114131763263332,0.008085008593369223,0.044397983169551174,0.0456225668262885,0.010803639064378232,-0.019282525075846817
2025-07-24,-0.013114131763263332,0.008085008593369223,0.044397983169551174,0.0456225668262885,0.010803639064378232,-0.019282525075846817
2025-07-25,-0.013114131763263332,0.008085008593369223,0.044397983169551174,0.0456225668262885,0.010803639064378232,-0.019282525075846817
2025-07-28,-0.013114131763263332,0.008085008593369223,0.044397983169551174,0.0456225668262885,0.010803639064378232,-0.019282525075846817
2025-07-29,-0.013114131763263332,0.008085008593369223,0.044397983169551174,0.0456225668262885,0.010803639064378232,-0.019282525075846817
2025-07-30,-0.013114131763263332,0.008085008593369223,0.044397983169551174,0.0456225668262885,0.010803639064378232,-0.019282525075846817
2025-07-31,-0.013114131763263332,0.008085008593369223,0.044397983169551174,0.0456225668262885,0.010803639064378232,-0.019282525075846817
2025-08-01,-0.013114131763263332,0.008085008593369223,0.044397983169551174,0.0456225668262885,0.010803639064378232,-0.019282525075846817
2025-08-04,-0.013114131763263332,0.008085008593369223,0.044397983169551174,0.0456225668262885,0.010803639064378232,-0.019282525075846817
2025-08-05,-0.013114131763263332,0.008085008593369223,0.044397983169551174,0.0456225668262885,0.010803639064378232,-0.019282525075846817
2025-08-06,-0.013114131763263332,0.008085008593369223,0.044397983169551174,0.0456225668262885,0.010803639064378232,-0.019282525075846817
2025-08-07,-0.013114131763263332,0.008085008593369223,0.044397983169551174,0.0456225668262885,0.010803639064378232,-0.019282525075846817
2025-08-08,-0.013114131763263332,0.008085008593369223,0.044397983169551174,0.0456225668262885,0.010803639064378232,-0.019282525075846817
2025-08-11,-0.013114131763263332,0.008085008593369223,0.044397983169551174,0.0456225668262885,0.010803639064378232,-0.019282525075846817
2025-08-12,-0.013114131763263332,0.008085008593369223,0.044397983169551174,0.0456225668262885,0.010803639064378232,-0.019282525075846817
2025-08-13,-0.013114131763263332,0.008085008593369223,0.044397983169551174,0.0456225668262885,0.010803639064378232,-0.019282525075846817
2025-08-14,-0.013114131763263332,0.008085008593369223,0.044397983169551174,0.0456225668262885,0.010803639064378232,-0.019282525075846817
2025-08-15,-0.013114131763263332,0.008085008593369223,0.044397983169551174,0.0456225668262885,0.010803639064378232,-0.019282525075846817
2025-08-18,-0.013114131763263332,0.008085008593369223,0.044397983169551174,0.0456225668262885,0.010803639064378232,-0.019282525075846817
2025-08-19,-0.013114131763263332,0.008085008593369223,0.044397983169551174,0.0456225668262885,0.010803639064378232,-0.019282525075846817
2025-08-20,-0.013114131763263332,0.008085008593369223,0.044397983169551174,0.0456225668262885,0.010803639064378232,-0.019282525075846817
2025-08-21,-0.013114131763263332,0.008085008593369223,0.044397983169551174,0.0456225668262885,0.010803639064378232,-0.019282525075846817
2025-08-22,-0.013114131763263332,0.008085008593369223,0.044397983169551174,0.0456225668262885,0.010803639064378232,-0.019282525075846817
2025-08-25,-0.013114131763263332,0.008085008593369223,0.044397983169551174,0.0456225668262885,0.010803639064378232,-0.019282525075846817
2025-08-26,-0.013114131763263332,0.008085008593369223,0.044397983169551174,0.0456225668262885,0.010803639064378232,-0.019282525075846817
2025-08-27,-0.013114131763263332,0.008085008593369223,0.044397983169551174,0.0456225668262885,0.010803639064378232,-0.019282525075846817
2025-08-28,-0.013114131763263332,0.008085008593369223,0.044397983169551174,0.0456225668262885,0.010803639064378232,-0.019282525075846817
2025-08-29,-0.013114131763263332,0.008085008593369223,0.044397983169551174,0.0456225668262885,0.010803639064378232,-0.019282525075846817
2025-09-01,-0.013114131763263332,0.008085008593369223,0.044397983169551174,0.0456225668262885,0.010803639064378232,-0.019282525075846817
2025-09-02,-0.013114131763263332,0.008085008593369223,0.044397983169551174,0.0456225668262885,0.010803639064378232,-0.019282525075846817
2025-09-03,-0.013114131763263332,0.008085008593369223,0.044397983169551174,0.0456225668262885,0.010803639064378232,-0.019282525075846817
2025-09-04,-0.013114131763263332,0.008085008593369223,0.044397983169551174,0.0456225668262885,0.010803639064378232,-0.019282525075846817
2025-09-05,-0.013114131763263332,0.008085008593369223,0.044397983169551174,0.0456225668262885,0.010803639064378232,-0.019282525075846817
2025-09-08,-0.013114131763263332,0.008085008593369223,0.044397983169551174,0.0456225668262885,0.010803639064378232,-0.019282525075846817
2025-09-09,-0.013114131763263332,0.008085008593369223,0.044397983169551174,0.0456225668262885,0.010803639064378232,-0.019282525075846817
2025-09-10,-0.013114131763263332,0.008085008593369223,0.044397983169551174,0.0456225668262885,0.010803639064378232,-0.019282525075846817
2025-09-11,-0.013114131763263332,0.008085008593369223,0.044397983169551174,0.0456225668262885,0.010803639064378232,-0.019282525075846817
2025-09-12,-0.013114131763263332,0.008085008593369223,0.044397983169551174,0.0456225668262885,0.010803639064378232,-0.019282525075846817
2025-09-15,-0.013114131763263332,0.008085008593369223,0.044397983169551174,0.0456225668262885,0.010803639064378232,-0.019282525075846817
2025-09-16,-0.013114131763263332,0.008085008593369223,0.044397983169551174,0.0456225668262885,0.010803639064378232,-0.019282525075846817
2025-09-17,-0.013114131763263332,0.008085008593369223,0.044397983169551174,0.0456225668262885,0.010803639064378232,-0.019282525075846817
2025-09-18,-0.013114131763263332,0.008085008593369223,0.044397983169551174,0.0456225668262885,0.010803639064378232,-0.019282525075846817
2025-09-19,-0.013114131763263332,0.008085008593369223,0.044397983169551174,0.0456225668262885,0.010803639064378232,-0.019282525075846817
2025-09-22,-0.013114131763263332,0.008085008593369223,0.044397983169551174,0.0456225668262885,0.010803639064378232,-0.019282525075846817
2025-09-23,-0.013114131763263332,0.008085008593369223,0.044397983169551174,0.0456225668262885,0.010803639064378232,-0.019282525075846817
2025-09-24,-0.013114131763263332,0.008085008593369223,0.044397983169551174,0.0456225668262885,0.010803639064378232,-0.019282525075846817
2025-09-25,-0.013114131763263332,0.008085008593369223,0.044397983169551174,0.0456225668262885,0.010803639064378232,-0.019282525075846817
2025-09-26,-0.013114131763263332,0.008085008593369223,0.044397983169551174,0.0456225668262885,0.010803639064378232,-0.019282525075846817
2025-09-29,-0.013114131763263332,0.008085008593369223,0.044397983169551174,0.0456225668262885,0.010803639064378232,-0.019282525075846817
2025-09-30,-0.013114131763263332,0.008085008593369223,0.044397983169551174,0.0456225668262885,0.010803639064378232,-0.019282525075846817
2025-10-09,0.010222790864837785,0.017872274877714502,0.0404601507623266,0.05021927516733856,0.018052598516995987,0.0020268679500208644
2025-10-10,0.010222790864837785,0.017872274877714502,0.0404601507623266,0.05021927516733856,0.018052598516995987,0.0020268679500208644
2025-10-13,0.010222790864837785,0.017872274877714502,0.0404601507623266,0.05021927516733856,0.018052598516995987,0.0020268679500208644
2025-10-14,0.010222790864837785,0.017872274877714502,0.0404601507623266,0.05021927516733856,0.018052598516995987,0.0020268679500208644
2025-10-15,0.010222790864837785,0.017872274877714502,0.0404601507623266,0.05021927516733856,0.018052598516995987,0.0020268679500208644
2025-10-16,0.010222790864837785,0.017872274877714502,0.0404601507623266,0.05021927516733856,0.018052598516995987,0.0020268679500208644
2025-10-17,0.010222790864837785,0.017872274877714502,0.0404601507623266,0.05021927516733856,0.018052598516995987,0.0020268679500208644
2025-10-20,0.010222790864837785,0.017872274877714502,0.0404601507623266,0.05021927516733856,0.018052598516995987,0.0020268679500208644
2025-10-21,0.010222790864837785,0.017872274877714502,0.0404601507623266,0.05021927516733856,0.018052598516995987,0.0020268679500208644
2025-10-22,0.010222790864837785,0.017872274877714502,0.0404601507623266,0.05021927516733856,0.018052598516995987,0.0020268679500208644
2025-10-23,0.010222790864837785,0.017872274877714502,0.0404601507623266,0.05021927516733856,0.018052598516995987,0.0020268679500208644
2025-10-24,0.010222790864837785,0.017872274877714502,0.0404601507623266,0.05021927516733856,0.018052598516995987,0.0020268679500208644
2025-10-27,0.010222790864837785,0.017872274877714502,0.0404601507623266,0.05021927516733856,0.018052598516995987,0.0020268679500208644
2025-10-28,0.010222790864837785,0.017872274877714502,0.0404601507623266,0.05021927516733856,0.018052598516995987,0.0020268679500208644
2025-10-29,0.010222790864837785,0.017872274877714502,0.0404601507623266,0.05021927516733856,0.018052598516995987,0.0020268679500208644
2025-10-30,0.010222790864837785,0.017872274877714502,0.0404601507623266,0.05021927516733856,0.018052598516995987,0.0020268679500208644
2025-10-31,0.010222790864837785,0.017872274877714502,0.0404601507623266,0.05021927516733856,0.018052598516995987,0.0020268679500208644
2025-11-03,0.010222790864837785,0.017872274877714502,0.0404601507623266,0.05021927516733856,0.018052598516995987,0.0020268679500208644
2025-11-04,0.010222790864837785,0.017872274877714502,0.0404601507623266,0.05021927516733856,0.018052598516995987,0.0020268679500208644
2025-11-05,0.010222790864837785,0.017872274877714502,0.0404601507623266,0.05021927516733856,0.018052598516995987,0.0020268679500208644
2025-11-06,0.010222790864837785,0.017872274877714502,0.0404601507623266,0.05021927516733856,0.018052598516995987,0.0020268679500208644
2025-11-07,0.010222790864837785,0.017872274877714502,0.0404601507623266,0.05021927516733856,0.018052598516995987,0.0020268679500208644
2025-11-10,0.010222790864837785,0.017872274877714502,0.0404601507623266,0.05021927516733856,0.018052598516995987,0.0020268679500208644
2025-11-11,0.010222790864837785,0.017872274877714502,0.0404601507623266,0.05021927516733856,0.018052598516995987,0.0020268679500208644
2025-11-12,0.010222790864837785,0.017872274877714502,0.0404601507623266,0.05021927516733856,0.018052598516995987,0.0020268679500208644
2025-11-13,0.010222790864837785,0.017872274877714502,0.0404601507623266,0.05021927516733856,0.018052598516995987,0.0020268679500208644
2025-11-14,0.010222790864837785,0.017872274877714502,0.0404601507623266,0.05021927516733856,0.018052598516995987,0.0020268679500208644
2025-11-17,0.010222790864837785,0.017872274877714502,0.0404601507623266,0.05021927516733856,0.018052598516995987,0.0020268679500208644
2025-11-18,0.010222790864837785,0.017872274877714502,0.0404601507623266,0.05021927516733856,0.018052598516995987,0.0020268679500208644
2025-11-19,0.010222790864837785,0.017872274877714502,0.0404601507623266,0.05021927516733856,0.018052598516995987,0.0020268679500208644
2025-11-20,0.010222790864837785,0.017872274877714502,0.0404601507623266,0.05021927516733856,0.018052598516995987,0.0020268679500208644
2025-11-21,0.010222790864837785,0.017872274877714502,0.0404601507623266,0.05021927516733856,0.018052598516995987,0.0020268679500208644
2025-11-24,0.010222790864837785,0.017872274877714502,0.0404601507623266,0.05021927516733856,0.018052598516995987,0.0020268679500208644
2025-11-25,0.010222790864837785,0.017872274877714502,0.0404601507623266,0.05021927516733856,0.018052598516995987,0.0020268679500208644
2025-11-26,0.010222790864837785,0.017872274877714502,0.0404601507623266,0.05021927516733856,0.018052598516995987,0.0020268679500208644
2025-11-27,0.010222790864837785,0.017872274877714502,0.0404601507623266,0.05021927516733856,0.018052598516995987,0.0020268679500208644
2025-11-28,0.010222790864837785,0.017872274877714502,0.0404601507623266,0.05021927516733856,0.018052598516995987,0.0020268679500208644
2025-12-01,0.010222790864837785,0.017872274877714502,0.0404601507623266,0.05021927516733856,0.018052598516995987,0.0020268679500208644
2025-12-02,0.010222790864837785,0.017872274877714502,0.0404601507623266,0.05021927516733856,0.018052598516995987,0.0020268679500208644
2025-12-03,0.010222790864837785,0.017872274877714502,0.0404601507623266,0.05021927516733856,0.018052598516995987,0.0020268679500208644
2025-12-04,0.010222790864837785,0.017872274877714502,0.0404601507623266,0.05021927516733856,0.018052598516995987,0.0020268679500208644
2025-12-05,0.010222790864837785,0.017872274877714502,0.0404601507623266,0.05021927516733856,0.018052598516995987,0.0020268679500208644
2025-12-08,0.010222790864837785,0.017872274877714502,0.0404601507623266,0.05021927516733856,0.018052598516995987,0.0020268679500208644
2025-12-09,0.010222790864837785,0.017872274877714502,0.0404601507623266,0.05021927516733856,0.018052598516995987,0.0020268679500208644
2025-12-10,0.010222790864837785,0.017872274877714502,0.0404601507623266,0.05021927516733856,0.018052598516995987,0.0020268679500208644
2025-12-11,0.010222790864837785,0.017872274877714502,0.0404601507623266,0.05021927516733856,0.018052598516995987,0.0020268679500208644
2025-12-12,0.010222790864837785,0.017872274877714502,0.0404601507623266,0.05021927516733856,0.018052598516995987,0.0020268679500208644
2025-12-15,0.010222790864837785,0.017872274877714502,0.0404601507623266,0.05021927516733856,0.018052598516995987,0.0020268679500208644
2025-12-16,0.010222790864837785,0.017872274877714502,0.0404601507623266,0.05021927516733856,0.018052598516995987,0.0020268679500208644
2025-12-17,0.010222790864837785,0.017872274877714502,0.0404601507623266,0.05021927516733856,0.018052598516995987,0.0020268679500208644
2025-12-18,0.010222790864837785,0.017872274877714502,0.0404601507623266,0.05021927516733856,0.018052598516995987,0.0020268679500208644
2025-12-19,0.010222790864837785,0.017872274877714502,0.0404601507623266,0.05021927516733856,0.018052598516995987,0.0020268679500208644
2025-12-22,0.010222790864837785,0.017872274877714502,0.0404601507623266,0.05021927516733856,0.018052598516995987,0.0020268679500208644
2025-12-23,0.010222790864837785,0.017872274877714502,0.0404601507623266,0.05021927516733856,0.018052598516995987,0.0020268679500208644
2025-12-24,0.010222790864837785,0.017872274877714502,0.0404601507623266,0.05021927516733856,0.018052598516995987,0.0020268679500208644
2025-12-25,0.010222790864837785,0.017872274877714502,0.0404601507623266,0.05021927516733856,0.018052598516995987,0.0020268679500208644
2025-12-26,0.010222790864837785,0.017872274877714502,0.0404601507623266,0.05021927516733856,0.018052598516995987,0.0020268679500208644
2025-12-29,0.010222790864837785,0.017872274877714502,0.0404601507623266,0.05021927516733856,0.018052598516995987,0.0020268679500208644
2025-12-30,0.010222790864837785,0.017872274877714502,0.0404601507623266,0.05021927516733856,0.018052598516995987,0.0020268679500208644
2025-12-31,0.010222790864837785,0.017872274877714502,0.0404601507623266,0.05021927516733856,0.018052598516995987,0.0020268679500208644
2026-01-05,0.008674762187307082,0.0023015379172315596,0.02046122007294421,0.03817030623168266,-0.0025516564689809797,0.004046541242875393
2026-01-06,0.008674762187307082,0.0023015379172315596,0.02046122007294421,0.03817030623168266,-0.0025516564689809797,0.004046541242875393
2026-01-07,0.008674762187307082,0.0023015379172315596,0.02046122007294421,0.03817030623168266,-0.0025516564689809797,0.004046541242875393
2026-01-08,0.008674762187307082,0.0023015379172315596,0.02046122007294421,0.03817030623168266,-0.0025516564689809797,0.004046541242875393
2026-01-09,0.008674762187307082,0.0023015379172315596,0.02046122007294421,0.03817030623168266,-0.0025516564689809797,0.004046541242875393
2026-01-12,0.008674762187307082,0.0023015379172315596,0.02046122007294421,0.03817030623168266,-0.0025516564689809797,0.004046541242875393
2026-01-13,0.008674762187307082,0.0023015379172315596,0.02046122007294421,0.03817030623168266,-0.0025516564689809797,0.004046541242875393
2026-01-14,0.008674762187307082,0.0023015379172315596,0.02046122007294421,0.03817030623168266,-0.0025516564689809797,0.004046541242875393
2026-01-15,0.008674762187307082,0.0023015379172315596,0.02046122007294421,0.03817030623168266,-0.0025516564689809797,0.004046541242875393
2026-01-16,0.008674762187307082,0.0023015379172315596,0.02046122007294421,0.03817030623168266,-0.0025516564689809797,0.004046541242875393
2026-01-19,0.008674762187307082,0.0023015379172315596,0.02046122007294421,0.03817030623168266,-0.0025516564689809797,0.004046541242875393
2026-01-20,0.008674762187307082,0.0023015379172315596,0.02046122007294421,0.03817030623168266,-0.0025516564689809797,0.004046541242875393
2026-01-21,0.008674762187307082,0.0023015379172315596,0.02046122007294421,0.03817030623168266,-0.0025516564689809797,0.004046541242875393
2026-01-22,0.008674762187307082,0.0023015379172315596,0.02046122007294421,0.03817030623168266,-0.0025516564689809797,0.004046541242875393
2026-01-23,0.008674762187307082,0.0023015379172315596,0.02046122007294421,0.03817030623168266,-0.0025516564689809797,0.004046541242875393
2026-01-26,0.008674762187307082,0.0023015379172315596,0.02046122007294421,0.03817030623168266,-0.0025516564689809797,0.004046541242875393
2026-01-27,0.008674762187307082,0.0023015379172315596,0.02046122007294421,0.03817030623168266,-0.0025516564689809797,0.004046541242875393
2026-01-28,0.008674762187307082,0.0023015379172315596,0.02046122007294421,0.03817030623168266,-0.0025516564689809797,0.004046541242875393
2026-01-29,0.008674762187307082,0.0023015379172315596,0.02046122007294421,0.03817030623168266,-0.0025516564689809797,0.004046541242875393
2026-01-30,0.008674762187307082,0.0023015379172315596,0.02046122007294421,0.03817030623168266,-0.0025516564689809797,0.004046541242875393
2026-02-02,0.008674762187307082,0.0023015379172315596,0.02046122007294421,0.03817030623168266,-0.0025516564689809797,0.004046541242875393
2026-02-03,0.008674762187307082,0.0023015379172315596,0.02046122007294421,0.03817030623168266,-0.0025516564689809797,0.004046541242875393
2026-02-04,0.008674762187307082,0.0023015379172315596,0.02046122007294421,0.03817030623168266,-0.0025516564689809797,0.004046541242875393
2026-02-05,0.008674762187307082,0.0023015379172315596,0.02046122007294421,0.03817030623168266,-0.0025516564689809797,0.004046541242875393
2026-02-06,0.008674762187307082,0.0023015379172315596,0.02046122007294421,0.03817030623168266,-0.0025516564689809797,0.004046541242875393
2026-02-09,0.008674762187307082,0.0023015379172315596,0.02046122007294421,0.03817030623168266,-0.0025516564689809797,0.004046541242875393
2026-02-10,0.008674762187307082,0.0023015379172315596,0.02046122007294421,0.03817030623168266,-0.0025516564689809797,0.004046541242875393
2026-02-11,0.008674762187307082,0.0023015379172315596,0.02046122007294421,0.03817030623168266,-0.0025516564689809797,0.004046541242875393
2026-02-12,0.008674762187307082,0.0023015379172315596,0.02046122007294421,0.03817030623168266,-0.0025516564689809797,0.004046541242875393
2026-02-13,0.008674762187307082,0.0023015379172315596,0.02046122007294421,0.03817030623168266,-0.0025516564689809797,0.004046541242875393
2026-02-24,0.008674762187307082,0.0023015379172315596,0.02046122007294421,0.03817030623168266,-0.0025516564689809797,0.004046541242875393
2026-02-25,0.008674762187307082,0.0023015379172315596,0.02046122007294421,0.03817030623168266,-0.0025516564689809797,0.004046541242875393
2026-02-26,0.008674762187307082,0.0023015379172315596,0.02046122007294421,0.03817030623168266,-0.0025516564689809797,0.004046541242875393
2026-02-27,0.008674762187307082,0.0023015379172315596,0.02046122007294421,0.03817030623168266,-0.0025516564689809797,0.004046541242875393
2026-03-02,0.008674762187307082,0.0023015379172315596,0.02046122007294421,0.03817030623168266,-0.0025516564689809797,0.004046541242875393
2026-03-03,0.008674762187307082,0.0023015379172315596,0.02046122007294421,0.03817030623168266,-0.0025516564689809797,0.004046541242875393
2026-03-04,0.008674762187307082,0.0023015379172315596,0.02046122007294421,0.03817030623168266,-0.0025516564689809797,0.004046541242875393
2026-03-05,0.008674762187307082,0.0023015379172315596,0.02046122007294421,0.03817030623168266,-0.0025516564689809797,0.004046541242875393
2026-03-06,0.008674762187307082,0.0023015379172315596,0.02046122007294421,0.03817030623168266,-0.0025516564689809797,0.004046541242875393
2026-03-09,0.008674762187307082,0.0023015379172315596,0.02046122007294421,0.03817030623168266,-0.0025516564689809797,0.004046541242875393
2026-03-10,0.008674762187307082,0.0023015379172315596,0.02046122007294421,0.03817030623168266,-0.0025516564689809797,0.004046541242875393
2026-03-11,0.008674762187307082,0.0023015379172315596,0.02046122007294421,0.03817030623168266,-0.0025516564689809797,0.004046541242875393
2026-03-12,0.008674762187307082,0.0023015379172315596,0.02046122007294421,0.03817030623168266,-0.0025516564689809797,0.004046541242875393
2026-03-13,0.008674762187307082,0.0023015379172315596,0.02046122007294421,0.03817030623168266,-0.0025516564689809797,0.004046541242875393
2026-03-16,0.008674762187307082,0.0023015379172315596,0.02046122007294421,0.03817030623168266,-0.0025516564689809797,0.004046541242875393
2026-03-17,0.008674762187307082,0.0023015379172315596,0.02046122007294421,0.03817030623168266,-0.0025516564689809797,0.004046541242875393
2026-03-18,0.008674762187307082,0.0023015379172315596,0.02046122007294421,0.03817030623168266,-0.0025516564689809797,0.004046541242875393
2026-03-19,0.008674762187307082,0.0023015379172315596,0.02046122007294421,0.03817030623168266,-0.0025516564689809797,0.004046541242875393
2026-03-20,0.008674762187307082,0.0023015379172315596,0.02046122007294421,0.03817030623168266,-0.0025516564689809797,0.004046541242875393
2026-03-23,0.008674762187307082,0.0023015379172315596,0.02046122007294421,0.03817030623168266,-0.0025516564689809797,0.004046541242875393
2026-03-24,0.008674762187307082,0.0023015379172315596,0.02046122007294421,0.03817030623168266,-0.0025516564689809797,0.004046541242875393
2026-03-25,0.008674762187307082,0.0023015379172315596,0.02046122007294421,0.03817030623168266,-0.0025516564689809797,0.004046541242875393
2026-03-26,0.008674762187307082,0.0023015379172315596,0.02046122007294421,0.03817030623168266,-0.0025516564689809797,0.004046541242875393
2026-03-27,0.008674762187307082,0.0023015379172315596,0.02046122007294421,0.03817030623168266,-0.0025516564689809797,0.004046541242875393
2026-03-30,0.008674762187307082,0.0023015379172315596,0.02046122007294421,0.03817030623168266,-0.0025516564689809797,0.004046541242875393
2026-03-31,0.008674762187307082,0.0023015379172315596,0.02046122007294421,0.03817030623168266,-0.0025516564689809797,0.004046541242875393
2026-04-01,0.0017121058423321298,-0.006379930753530261,0.013108773923817308,0.008293746546229119,-0.007303381814212123,0.012052448764998395
2026-04-02,0.0017121058423321298,-0.006379930753530261,0.013108773923817308,0.008293746546229119,-0.007303381814212123,0.012052448764998395
2026-04-03,0.0017121058423321298,-0.006379930753530261,0.013108773923817308,0.008293746546229119,-0.007303381814212123,0.012052448764998395
2026-04-07,0.0017121058423321298,-0.006379930753530261,0.013108773923817308,0.008293746546229119,-0.007303381814212123,0.012052448764998395
2026-04-08,0.0017121058423321298,-0.006379930753530261,0.013108773923817308,0.008293746546229119,-0.007303381814212123,0.012052448764998395
2026-04-09,0.0017121058423321298,-0.006379930753530261,0.013108773923817308,0.008293746546229119,-0.007303381814212123,0.012052448764998395
2026-04-10,0.0017121058423321298,-0.006379930753530261,0.013108773923817308,0.008293746546229119,-0.007303381814212123,0.012052448764998395
2026-04-13,0.0017121058423321298,-0.006379930753530261,0.013108773923817308,0.008293746546229119,-0.007303381814212123,0.012052448764998395
2026-04-14,0.0017121058423321298,-0.006379930753530261,0.013108773923817308,0.008293746546229119,-0.007303381814212123,0.012052448764998395
2026-04-15,0.0017121058423321298,-0.006379930753530261,0.013108773923817308,0.008293746546229119,-0.007303381814212123,0.012052448764998395
2026-04-16,0.0017121058423321298,-0.006379930753530261,0.013108773923817308,0.008293746546229119,-0.007303381814212123,0.012052448764998395
2026-04-17,0.0017121058423321298,-0.006379930753530261,0.013108773923817308,0.008293746546229119,-0.007303381814212123,0.012052448764998395
2026-04-20,0.0017121058423321298,-0.006379930753530261,0.013108773923817308,0.008293746546229119,-0.007303381814212123,0.012052448764998395
2026-04-21,0.0017121058423321298,-0.006379930753530261,0.013108773923817308,0.008293746546229119,-0.007303381814212123,0.012052448764998395
2026-04-22,0.0017121058423321298,-0.006379930753530261,0.013108773923817308,0.008293746546229119,-0.007303381814212123,0.012052448764998395
2026-04-23,0.0017121058423321298,-0.006379930753530261,0.013108773923817308,0.008293746546229119,-0.007303381814212123,0.012052448764998395
2026-04-24,0.0017121058423321298,-0.006379930753530261,0.013108773923817308,0.008293746546229119,-0.007303381814212123,0.012052448764998395
2026-04-27,0.0017121058423321298,-0.006379930753530261,0.013108773923817308,0.008293746546229119,-0.007303381814212123,0.012052448764998395
2026-04-28,0.0017121058423321298,-0.006379930753530261,0.013108773923817308,0.008293746546229119,-0.007303381814212123,0.012052448764998395
2026-04-29,0.0017121058423321298,-0.006379930753530261,0.013108773923817308,0.008293746546229119,-0.007303381814212123,0.012052448764998395
2026-04-30,0.0017121058423321298,-0.006379930753530261,0.013108773923817308,0.008293746546229119,-0.007303381814212123,0.012052448764998395
2026-05-06,0.0017121058423321298,-0.006379930753530261,0.013108773923817308,0.008293746546229119,-0.007303381814212123,0.012052448764998395
2026-05-07,0.0017121058423321298,-0.006379930753530261,0.013108773923817308,0.008293746546229119,-0.007303381814212123,0.012052448764998395
2026-05-08,0.0017121058423321298,-0.006379930753530261,0.013108773923817308,0.008293746546229119,-0.007303381814212123,0.012052448764998395
2026-05-11,0.0017121058423321298,-0.006379930753530261,0.013108773923817308,0.008293746546229119,-0.007303381814212123,0.012052448764998395
2026-05-12,0.0017121058423321298,-0.006379930753530261,0.013108773923817308,0.008293746546229119,-0.007303381814212123,0.012052448764998395
2026-05-13,0.0017121058423321298,-0.006379930753530261,0.013108773923817308,0.008293746546229119,-0.007303381814212123,0.012052448764998395
2026-05-14,0.0017121058423321298,-0.006379930753530261,0.013108773923817308,0.008293746546229119,-0.007303381814212123,0.012052448764998395
2026-05-15,0.0017121058423321298,-0.006379930753530261,0.013108773923817308,0.008293746546229119,-0.007303381814212123,0.012052448764998395
2026-05-18,0.0017121058423321298,-0.006379930753530261,0.013108773923817308,0.008293746546229119,-0.007303381814212123,0.012052448764998395
2026-05-19,0.0017121058423321298,-0.006379930753530261,0.013108773923817308,0.008293746546229119,-0.007303381814212123,0.012052448764998395
2026-05-20,0.0017121058423321298,-0.006379930753530261,0.013108773923817308,0.008293746546229119,-0.007303381814212123,0.012052448764998395
2026-05-21,0.0017121058423321298,-0.006379930753530261,0.013108773923817308,0.008293746546229119,-0.007303381814212123,0.012052448764998395
2026-05-22,0.0017121058423321298,-0.006379930753530261,0.013108773923817308,0.008293746546229119,-0.007303381814212123,0.012052448764998395
2026-05-25,0.0017121058423321298,-0.006379930753530261,0.013108773923817308,0.008293746546229119,-0.007303381814212123,0.012052448764998395
2026-05-26,0.0017121058423321298,-0.006379930753530261,0.013108773923817308,0.008293746546229119,-0.007303381814212123,0.012052448764998395
2026-05-27,0.0017121058423321298,-0.006379930753530261,0.013108773923817308,0.008293746546229119,-0.007303381814212123,0.012052448764998395
2026-05-28,0.0017121058423321298,-0.006379930753530261,0.013108773923817308,0.008293746546229119,-0.007303381814212123,0.012052448764998395
2026-05-29,0.0017121058423321298,-0.006379930753530261,0.013108773923817308,0.008293746546229119,-0.007303381814212123,0.012052448764998395
2026-06-01,0.0017121058423321298,-0.006379930753530261,0.013108773923817308,0.008293746546229119,-0.007303381814212123,0.012052448764998395
2026-06-02,0.0017121058423321298,-0.006379930753530261,0.013108773923817308,0.008293746546229119,-0.007303381814212123,0.012052448764998395
2026-06-03,0.0017121058423321298,-0.006379930753530261,0.013108773923817308,0.008293746546229119,-0.007303381814212123,0.012052448764998395
2026-06-04,0.0017121058423321298,-0.006379930753530261,0.013108773923817308,0.008293746546229119,-0.007303381814212123,0.012052448764998395
2026-06-05,0.0017121058423321298,-0.006379930753530261,0.013108773923817308,0.008293746546229119,-0.007303381814212123,0.012052448764998395
2026-06-08,0.0017121058423321298,-0.006379930753530261,0.013108773923817308,0.008293746546229119,-0.007303381814212123,0.012052448764998395
2026-06-09,0.0017121058423321298,-0.006379930753530261,0.013108773923817308,0.008293746546229119,-0.007303381814212123,0.012052448764998395
2026-06-10,0.0017121058423321298,-0.006379930753530261,0.013108773923817308,0.008293746546229119,-0.007303381814212123,0.012052448764998395
2026-06-11,0.0017121058423321298,-0.006379930753530261,0.013108773923817308,0.008293746546229119,-0.007303381814212123,0.012052448764998395
2026-06-12,0.0017121058423321298,-0.006379930753530261,0.013108773923817308,0.008293746546229119,-0.007303381814212123,0.012052448764998395
2026-06-15,0.0017121058423321298,-0.006379930753530261,0.013108773923817308,0.008293746546229119,-0.007303381814212123,0.012052448764998395
2026-06-16,0.0017121058423321298,-0.006379930753530261,0.013108773923817308,0.008293746546229119,-0.007303381814212123,0.012052448764998395
2026-06-17,0.0017121058423321298,-0.006379930753530261,0.013108773923817308,0.008293746546229119,-0.007303381814212123,0.012052448764998395
2026-06-18,0.0017121058423321298,-0.006379930753530261,0.013108773923817308,0.008293746546229119,-0.007303381814212123,0.012052448764998395
2026-06-22,0.0017121058423321298,-0.006379930753530261,0.013108773923817308,0.008293746546229119,-0.007303381814212123,0.012052448764998395
2026-06-23,0.0017121058423321298,-0.006379930753530261,0.013108773923817308,0.008293746546229119,-0.007303381814212123,0.012052448764998395
2026-06-24,0.0017121058423321298,-0.006379930753530261,0.013108773923817308,0.008293746546229119,-0.007303381814212123,0.012052448764998395
2026-06-25,0.0017121058423321298,-0.006379930753530261,0.013108773923817308,0.008293746546229119,-0.007303381814212123,0.012052448764998395
2026-06-26,0.0017121058423321298,-0.006379930753530261,0.013108773923817308,0.008293746546229119,-0.007303381814212123,0.012052448764998395
2026-06-29,0.0017121058423321298,-0.006379930753530261,0.013108773923817308,0.008293746546229119,-0.007303381814212123,0.012052448764998395
2026-06-30,0.0017121058423321298,-0.006379930753530261,0.013108773923817308,0.008293746546229119,-0.007303381814212123,0.012052448764998395
2026-07-01,-0.023503048261149084,-0.007521980086683478,0.01430199964024716,-0.01113188055260588,0.01844282090329681,0.016701227933774855
2026-07-02,-0.023503048261149084,-0.007521980086683478,0.01430199964024716,-0.01113188055260588,0.01844282090329681,0.016701227933774855
2026-07-03,-0.023503048261149084,-0.007521980086683478,0.01430199964024716,-0.01113188055260588,0.01844282090329681,0.016701227933774855
2026-07-06,-0.023503048261149084,-0.007521980086683478,0.01430199964024716,-0.01113188055260588,0.01844282090329681,0.016701227933774855
2026-07-07,-0.023503048261149084,-0.007521980086683478,0.01430199964024716,-0.01113188055260588,0.01844282090329681,0.016701227933774855
2026-07-08,-0.023503048261149084,-0.007521980086683478,0.01430199964024716,-0.01113188055260588,0.01844282090329681,0.016701227933774855
2026-07-09,-0.023503048261149084,-0.007521980086683478,0.01430199964024716,-0.01113188055260588,0.01844282090329681,0.016701227933774855
2026-07-10,-0.023503048261149084,-0.007521980086683478,0.01430199964024716,-0.01113188055260588,0.01844282090329681,0.016701227933774855
2026-07-13,-0.023503048261149084,-0.007521980086683478,0.01430199964024716,-0.01113188055260588,0.01844282090329681,0.016701227933774855
2026-07-14,-0.023503048261149084,-0.007521980086683478,0.01430199964024716,-0.01113188055260588,0.01844282090329681,0.016701227933774855
2026-07-15,-0.023503048261149084,-0.007521980086683478,0.01430199964024716,-0.01113188055260588,0.01844282090329681,0.016701227933774855
2026-07-16,-0.023503048261149084,-0.007521980086683478,0.01430199964024716,-0.01113188055260588,0.01844282090329681,0.016701227933774855
2026-07-17,-0.023503048261149084,-0.007521980086683478,0.01430199964024716,-0.01113188055260588,0.01844282090329681,0.016701227933774855
2026-07-20,-0.023503048261149084,-0.007521980086683478,0.01430199964024716,-0.01113188055260588,0.01844282090329681,0.016701227933774855
2026-07-21,-0.023503048261149084,-0.007521980086683478,0.01430199964024716,-0.01113188055260588,0.01844282090329681,0.016701227933774855
2026-07-22,-0.023503048261149084,-0.007521980086683478,0.01430199964024716,-0.01113188055260588,0.01844282090329681,0.016701227933774855
2026-07-23,-0.023503048261149084,-0.007521980086683478,0.01430199964024716,-0.01113188055260588,0.01844282090329681,0.016701227933774855
2026-07-24,-0.023503048261149084,-0.007521980086683478,0.01430199964024716,-0.01113188055260588,0.01844282090329681,0.016701227933774855
2026-07-27,-0.023503048261149084,-0.007521980086683478,0.01430199964024716,-0.01113188055260588,0.01844282090329681,0.016701227933774855
2026-07-28,-0.023503048261149084,-0.007521980086683478,0.01430199964024716,-0.01113188055260588,0.01844282090329681,0.016701227933774855
2026-07-29,-0.023503048261149084,-0.007521980086683478,0.01430199964024716,-0.01113188055260588,0.01844282090329681,0.016701227933774855
2026-07-30,-0.023503048261149084,-0.007521980086683478,0.01430199964024716,-0.01113188055260588,0.01844282090329681,0.016701227933774855
2026-07-31,-0.023503048261149084,-0.007521980086683478,0.01430199964024716,-0.01113188055260588,0.01844282090329681,0.016701227933774855
2026-08-03,-0.023503048261149084,-0.007521980086683478,0.01430199964024716,-0.01113188055260588,0.01844282090329681,0.016701227933774855
2026-08-04,-0.023503048261149084,-0.007521980086683478,0.01430199964024716,-0.01113188055260588,0.01844282090329681,0.016701227933774855
